Time	IMU_Yaw_Data
0	0
1	0.000237368238401921
2	0.000242809962469107
3	0.000355815953722676
4	0.00114863464139303
5	0.00192732755040296
6	0.001061911461224
7	-5.65116024499846e-05
8	0.000576492630553968
9	-0.00213052283017145
10	-0.00616657175355676
11	-0.017408801597502
12	-0.0527500486156138
13	-0.106956553585335
14	-0.168000566261653
15	-0.232581963902309
16	-0.296675956386914
17	-0.357793586753491
18	-0.413861912939775
19	-0.464141800531583
20	-0.514807619008696
21	-0.561831080613587
22	-0.589896520968963
23	-0.594214386436324
24	-0.567260685183777
25	-0.500304726780598
26	-0.392322850451114
27	-0.23930940092304
28	-0.0378574144548162
29	0.209870908549924
30	0.499868241557288
31	0.829211427494117
32	1.18838804162524
33	1.56799218514568
34	1.96059933300126
35	2.35943726629686
36	2.76300186368996
37	3.16444968580736
38	3.55903676536434
39	3.94738532689712
40	4.32589451568702
41	4.68687594055978
42	5.02551508966666
43	5.3484933180793
44	5.66168164445383
45	5.96276306516641
46	6.24841503145711
47	6.51030495622438
48	6.73539210558316
49	6.90772665899938
50	7.01123676887786
51	7.03491979821736
52	6.96080570977436
53	6.78506851758189
54	6.514790295241
55	6.15528867685879
56	5.71587057605081
57	5.20546561715491
58	4.62512114326628
59	3.97576023868054
60	3.26044846558101
61	2.48729544648082
62	1.67555325604982
63	0.834417742743924
64	-0.0286157808951282
65	-0.894606145008602
66	-1.74441260665502
67	-2.56853421628678
68	-3.36004412909109
69	-4.10326410594099
70	-4.79332375294728
71	-5.42992139358339
72	-6.0107335920565
73	-6.53538172862064
74	-7.00867198222141
75	-7.43813461303011
76	-7.82682949695296
77	-8.18158303270395
78	-8.50573699952082
79	-8.79960324982006
80	-9.06710701153314
81	-9.316221989565
82	-9.55158204608433
83	-9.77237727976016
84	-9.97881725084453
85	-10.1714172279571
86	-10.351166060598
87	-10.5237190808304
88	-10.6952866166557
89	-10.8665739055898
90	-11.0334638423737
91	-11.1931682195889
92	-11.3424228869485
93	-11.4759777424066
94	-11.5942445486582
95	-11.6963056814685
96	-11.778726048961
97	-11.8411244945532
98	-11.881952337772
99	-11.898781029142
100	-11.890056706198
101	-11.8533175761648
102	-11.7845440326092
103	-11.6767619737472
104	-11.5240650598617
105	-11.3250436621993
106	-11.0729450583413
107	-10.7594130947373
108	-10.3774673450462
109	-9.91542614864523
110	-9.36093722188071
111	-8.71106569686964
112	-7.98071429336637
113	-7.195790376365
114	-6.3759363700676
115	-5.52705522260241
116	-4.66683330529872
117	-3.81967489177996
118	-2.99406777353253
119	-2.20215811432945
120	-1.44016727480658
121	-0.720059777530348
122	-0.0853122951368796
123	0.478934146543394
124	0.995424950528488
125	1.45478334920866
126	1.85227679783443
127	2.17621684470891
128	2.42381828184059
129	2.61706219898129
130	2.77555383997878
131	2.90044079539984
132	2.988819445603
133	3.0479728774504
134	3.09091967071812
135	3.12809627033009
136	3.16646142572039
137	3.20480273006518
138	3.24227770460969
139	3.27571957357042
140	3.30988266214152
141	3.35618584505251
142	3.42775744224837
143	3.51672171266364
144	3.60743651578294
145	3.70944492257741
146	3.85432906354755
147	4.06910272696406
148	4.36472410762582
149	4.74513478110941
150	5.19525121334171
151	5.70331320198129
152	6.25825081868507
153	6.82977745002838
154	7.39720618935661
155	7.96688641191374
156	8.5476420278125
157	9.132242003108
158	9.70251674957448
159	10.2456337029557
160	10.7662722654092
161	11.2725047425903
162	11.7596353370287
163	12.2216904806203
164	12.6606082705064
165	13.0753101532683
166	13.4638149599385
167	13.8261623163239
168	14.1633055310173
169	14.4797511341695
170	14.7771919909683
171	15.0558745744671
172	15.3216993090723
173	15.5777956096886
174	15.8216656097256
175	16.0572263444713
176	16.2858347338151
177	16.49831481826
178	16.6964587138075
179	16.8915352138179
180	17.0784851753583
181	17.2437748461079
182	17.37507115631
183	17.4582509628062
184	17.4780206389036
185	17.4243854311603
186	17.2967749148148
187	17.1033461645949
188	16.8551128004456
189	16.5639413488517
190	16.243763364965
191	15.9039189308242
192	15.5534900990604
193	15.1985648976443
194	14.8386740470413
195	14.4758795650982
196	14.1129858152037
197	13.7501463529299
198	13.3857993467425
199	13.0204250686313
200	12.6556233576757
201	12.2906180801766
202	11.92362128111
203	11.5562335431704
204	11.1921557503472
205	10.8342618906557
206	10.4850013726151
207	10.1452758676279
208	9.81433590678912
209	9.49210529961785
210	9.17865089190426
211	8.87374715984418
212	8.57696175164948
213	8.28929407416025
214	8.01228510750442
215	7.74561438370811
216	7.48691634503155
217	7.23460539567132
218	6.9875915692559
219	6.74150564816873
220	6.49707348806762
221	6.25713784950404
222	6.02356729485574
223	5.79574174903836
224	5.57454603415885
225	5.36411676901431
226	5.16539108058815
227	4.97695069008023
228	4.79516731680059
229	4.61876059144912
230	4.45205617486353
231	4.30248633677384
232	4.17063293213968
233	4.04549909024696
234	3.91953288648811
235	3.81295073727548
236	3.76354169356741
237	3.80261221003655
238	3.94601634629551
239	4.19542021549887
240	4.54810945765857
241	5.00330167313553
242	5.5589018632755
243	6.2021178996667
244	6.9236336588235
245	7.72066198681693
246	8.58542871490348
247	9.50419156404119
248	10.4571561217404
249	11.4252555398976
250	12.3926465504399
251	13.3444482153247
252	14.2680353563466
253	15.1528882480934
254	15.9915062725043
255	16.7787301928529
256	17.513142730709
257	18.1929068631341
258	18.8092573400222
259	19.3660033775178
260	19.8675209574298
261	20.3133313790145
262	20.715354818825
263	21.0772560156934
264	21.3966755088405
265	21.6812114901063
266	21.9351411503339
267	22.1540627727649
268	22.3228902477556
269	22.4274916301482
270	22.4567754957519
271	22.4011007903639
272	22.2663192741342
273	22.0715157909795
274	21.8317221652111
275	21.558072263519
276	21.2631315806615
277	20.9572576778151
278	20.6497950367443
279	20.3511581011233
280	20.0686064751492
281	19.7982796472432
282	19.5355010353237
283	19.2824749146781
284	19.0381563542746
285	18.7961062041606
286	18.5521124453858
287	18.3019774925931
288	18.0466000558996
289	17.7908161293507
290	17.5338225813325
291	17.2728444153982
292	17.0019441226354
293	16.7152933083782
294	16.4076591317144
295	16.072087410361
296	15.7018929066578
297	15.29436108939
298	14.8478614722025
299	14.3593760687292
300	13.8297296466445
301	13.2592119951926
302	12.6467209000275
303	11.996512088348
304	11.3175554966817
305	10.6207943882478
306	9.92137421963495
307	9.23748702440117
308	8.57089654958729
309	7.91617880057633
310	7.27844388364685
311	6.66404672978036
312	6.07329129208392
313	5.50352836861328
314	4.95627808760761
315	4.43081224116749
316	3.92441412577964
317	3.43336470813605
318	2.95594742479757
319	2.48977685274006
320	2.03075868171961
321	1.57812741201893
322	1.13216490838322
323	0.689901617435603
324	0.250106226751838
325	-0.182441620223358
326	-0.605446265760338
327	-1.01817523857537
328	-1.41934229477109
329	-1.80669502663417
330	-2.18171792896359
331	-2.55065288780875
332	-2.91670767341503
333	-3.28451708380682
334	-3.65752108943859
335	-4.02921502695337
336	-4.38719277343834
337	-4.72334662736952
338	-5.04767031401398
339	-5.33926855391798
340	-5.61700429317507
341	-5.91251011775013
342	-6.23855710481295
343	-6.62337795241095
344	-7.07536639978333
345	-7.5858524652361
346	-8.13059505147854
347	-8.6787941785077
348	-9.19722755114648
349	-9.66015432123536
350	-10.0661513141408
351	-10.4374187748906
352	-10.7881805371002
353	-11.1232210907771
354	-11.4233906377724
355	-11.6580805514071
356	-11.8162917042686
357	-11.894353934269
358	-11.910741890234
359	-11.8981619498283
360	-11.8809051155759
361	-11.8578566662083
362	-11.8335507597755
363	-11.831773367206
364	-11.8377071854428
365	-11.8189036764524
366	-11.7696553967498
367	-11.7000521071688
368	-11.612153057816
369	-11.4965463856953
370	-11.3386346436025
371	-11.1315354604637
372	-10.8826286417067
373	-10.5931602440533
374	-10.2751482998164
375	-9.94706348085523
376	-9.60693067191945
377	-9.25938976647547
378	-8.92913678406693
379	-8.61242827961817
380	-8.29278945809176
381	-7.98619545256541
382	-7.71070559700612
383	-7.47341179328582
384	-7.27393324973798
385	-7.11027662266151
386	-6.97766919248967
387	-6.87182517699949
388	-6.79337887622916
389	-6.7440400908183
390	-6.72440120661199
391	-6.72901159524137
392	-6.75240923305858
393	-6.79295492150529
394	-6.85961485083015
395	-6.95984534661511
396	-7.08554491713296
397	-7.23440914332526
398	-7.39710889039398
399	-7.57030728090405
400	-7.76386537539383
401	-7.97638238859854
402	-8.19552365883825
403	-8.4176307325176
404	-8.64587149474036
405	-8.88562831156888
406	-9.15728438390946
407	-9.47914281723149
408	-9.84259784509855
409	-10.2169653396707
410	-10.5878191063223
411	-10.9386904029089
412	-11.2656553590615
413	-11.5737165334165
414	-11.8684096061773
415	-12.1602824645739
416	-12.4424127547512
417	-12.7062410693029
418	-12.9483109005188
419	-13.1630919015395
420	-13.3449859401047
421	-13.4954869162629
422	-13.6207880743397
423	-13.7273044042838
424	-13.816628348176
425	-13.8858946971434
426	-13.9295295608402
427	-13.9449991597748
428	-13.9349620433475
429	-13.9038830497621
430	-13.858181824597
431	-13.8027596038419
432	-13.7410106847931
433	-13.6720349767262
434	-13.5959372147435
435	-13.5116145091756
436	-13.4042960150822
437	-13.2729622678268
438	-13.1233978174562
439	-12.974124619088
440	-12.8527125906802
441	-12.7730196809994
442	-12.7507190842593
443	-12.7912945706665
444	-12.8962502323568
445	-13.060437865375
446	-13.2779082958513
447	-13.5516399663652
448	-13.8741258329398
449	-14.219523603151
450	-14.5712079947519
451	-14.9243394974719
452	-15.2770382217921
453	-15.6321575764713
454	-15.9898438832675
455	-16.3456824665838
456	-16.6944137808219
457	-17.0239281843506
458	-17.3237072798135
459	-17.5934361098867
460	-17.833503849553
461	-18.0452558284043
462	-18.23747177237
463	-18.4123396594151
464	-18.5611386668673
465	-18.677588270965
466	-18.7694937435424
467	-18.8537474180019
468	-18.9402979847043
469	-19.0324433129003
470	-19.1296015037841
471	-19.2352542485282
472	-19.3592079145254
473	-19.500590979249
474	-19.6464712707213
475	-19.7858265332244
476	-19.9066471527678
477	-19.9913323916669
478	-20.0245634332815
479	-19.9935642126343
480	-19.9007944889464
481	-19.7571895183941
482	-19.5456164255831
483	-19.2452866876526
484	-18.8519383070113
485	-18.3521030200656
486	-17.7296241352024
487	-16.9829146072732
488	-16.1229203797386
489	-15.1671426519874
490	-14.1343106979486
491	-13.0436958057463
492	-11.9143781809372
493	-10.764533607706
494	-9.61076944338097
495	-8.46751040194734
496	-7.34642676553625
497	-6.2559179471504
498	-5.20091248097263
499	-4.18351933097879
500	-3.20611448298492
501	-2.27386368901463
502	-1.38431973020411
503	-0.536038568333657
504	0.271486176536111
505	1.04164489616375
506	1.76978461283033
507	2.44243788971479
508	3.04201030475734
509	3.56316681539146
510	4.00528969529002
511	4.36199152599774
512	4.65113140053549
513	4.91032425265388
514	5.16340033362434
515	5.42573394694979
516	5.71183742357623
517	6.03295679251444
518	6.39222863767924
519	6.78695843586228
520	7.21092470784913
521	7.654703458073
522	8.11321782825497
523	8.5821556568134
524	9.05500227194064
525	9.52783926347361
526	9.99535202742513
527	10.4547397578695
528	10.9044469601843
529	11.3434505892072
530	11.7700027116672
531	12.1840727222724
532	12.5857609528875
533	12.9728412922413
534	13.3496088816871
535	13.7201832090751
536	14.0853137165282
537	14.4464415624811
538	14.8029302171927
539	15.1542418300583
540	15.5018434265842
541	15.8435013393834
542	16.1788605000468
543	16.5103816451192
544	16.8372136881582
545	17.1573720536786
546	17.469815250906
547	17.7765166887665
548	18.082456860611
549	18.3941014816633
550	18.7063901554006
551	19.0138405462674
552	19.3195117971814
553	19.6248174015743
554	19.9259315790744
555	20.2043163773613
556	20.4609235691381
557	20.7039554051727
558	20.937304014152
559	21.1874645409981
560	21.4738941917342
561	21.8003517486416
562	22.1623453475046
563	22.5478034753976
564	22.9397849366341
565	23.3224703826341
566	23.6894657564244
567	24.036167080897
568	24.375049146056
569	24.717928668027
570	25.0589063091456
571	25.3931901698651
572	25.7114186007833
573	26.009419918372
574	26.2908108883271
575	26.5575492252998
576	26.8013391470954
577	27.0128970592632
578	27.1921750828605
579	27.3391212215611
580	27.460959719263
581	27.5646472809254
582	27.6590931696952
583	27.7490687648361
584	27.8297417939458
585	27.891333769904
586	27.9304465834548
587	27.9477700584573
588	27.9464403372247
589	27.9378690033722
590	27.9283849236008
591	27.9177911291836
592	27.8981585144824
593	27.8641249836794
594	27.814734680627
595	27.7518218595453
596	27.6874249314528
597	27.6248743276622
598	27.5533994692692
599	27.4609999173568
600	27.352213340158
601	27.2445957661703
602	27.1570174329609
603	27.1061517793849
604	27.0978556992736
605	27.1282376327093
606	27.193462437818
607	27.2924513676348
608	27.420123236314
609	27.5699830471529
610	27.7318116964148
611	27.8999203020362
612	28.0735636976744
613	28.2499018564236
614	28.4289934846337
615	28.6129925225289
616	28.8047251358241
617	29.0033826529259
618	29.2061683453753
619	29.4077976325272
620	29.602452776786
621	29.7892549077647
622	29.9661346422725
623	30.1297991938006
624	30.2746523558167
625	30.385216498084
626	30.4470249718085
627	30.4484963975696
628	30.373621077611
629	30.207390218857
630	29.9387394505076
631	29.5656189990136
632	29.0909859799043
633	28.5237964174946
634	27.8922900206306
635	27.2216626478399
636	26.5108140514715
637	25.756186009223
638	24.9700463967642
639	24.1674095549079
640	23.3575339802242
641	22.5486971471287
642	21.7510138519668
643	20.9786376938786
644	20.2413316856564
645	19.5367935629473
646	18.8620068578529
647	18.2242365626328
648	17.6313553138782
649	17.078756144422
650	16.5577357288148
651	16.0678743371107
652	15.6147650881516
653	15.1988872285779
654	14.8153883314259
655	14.4581736545372
656	14.1233752949103
657	13.8083088050102
658	13.5113045809369
659	13.2314273304953
660	12.9678256952638
661	12.7233512187094
662	12.5088685804876
663	12.3343718649047
664	12.2086844379051
665	12.1133247470736
666	12.0190874181136
667	11.9127026652033
668	11.7829068738283
669	11.6246483787073
670	11.4325862783535
671	11.2106861768856
672	10.9755580050523
673	10.7381014697468
674	10.4883471999601
675	10.2065464175324
676	9.88248777476441
677	9.5146418384615
678	9.10847675883953
679	8.66840824133444
680	8.20438742582645
681	7.7403660167242
682	7.28981679117947
683	6.85749476482695
684	6.44899731612446
685	6.05792297070088
686	5.6725841598678
687	5.28986450765025
688	4.92259922047338
689	4.58369339846931
690	4.26630626410272
691	3.95344728046492
692	3.63226611005032
693	3.2937419180385
694	2.9350296278753
695	2.56052198083443
696	2.17832023886624
697	1.79998420110582
698	1.4446358005133
699	1.13522067572873
700	0.881958769441852
701	0.693294431370863
702	0.579177584015816
703	0.536063464766888
704	0.540548294051846
705	0.574494854529088
706	0.631126278214896
707	0.697661796255604
708	0.763187629117698
709	0.823296893652631
710	0.874085150655765
711	0.914896380698401
712	0.949928651352513
713	0.98708626311259
714	1.0410996233601
715	1.12330815158095
716	1.23224947171126
717	1.35576616437192
718	1.48638801209816
719	1.63370646375014
720	1.81394815847794
721	2.0215294925257
722	2.24801525322138
723	2.4935725402603
724	2.7556519991669
725	3.03545365469727
726	3.33299828279963
727	3.64759729166433
728	3.9785348051646
729	4.32455549536592
730	4.6839893465071
731	5.05494893439372
732	5.43502969396585
733	5.82187127273098
734	6.21250110334326
735	6.60037796362119
736	6.98183449755023
737	7.3558616395244
738	7.71663689132584
739	8.0586490992382
740	8.38212289868233
741	8.68805905375402
742	8.97570165036812
743	9.24355590754154
744	9.48948893897663
745	9.71262282266724
746	9.91710058492571
747	10.1070206682901
748	10.2840342458487
749	10.4533683011536
750	10.6191685102809
751	10.7826496162324
752	10.9469776410555
753	11.112523999891
754	11.2721085227519
755	11.4195638787889
756	11.5451771708523
757	11.6386593882127
758	11.7001320682859
759	11.7276133178261
760	11.7228865206936
761	11.6876980668833
762	11.6240742691467
763	11.5396071064079
764	11.4397709475247
765	11.3279286607136
766	11.2075813101995
767	11.0789998530843
768	10.9408659638217
769	10.7938292653313
770	10.6427317551273
771	10.4906253067629
772	10.3373425014684
773	10.1807564957741
774	10.0197799771712
775	9.85596982091943
776	9.68829428637133
777	9.51545145418743
778	9.34061194135322
779	9.16891177580844
780	8.99933879432087
781	8.82886389455913
782	8.65900960044451
783	8.49128021276725
784	8.32502328058075
785	8.16090358662041
786	7.99990455093641
787	7.84456210403854
788	7.69502662584454
789	7.54814251705788
790	7.40593515649831
791	7.27151947142467
792	7.14530419067945
793	7.02658206073421
794	6.91246194744635
795	6.80103368507898
796	6.69194135729709
797	6.58722302800532
798	6.48829037659569
799	6.39615908011924
800	6.31098977630395
801	6.23388895792063
802	6.16697220066571
803	6.10804926807953
804	6.05349629198498
805	5.99922776582038
806	5.94515464914318
807	5.89331545709093
808	5.84665532366289
809	5.80634493797225
810	5.76959725062083
811	5.73512660480487
812	5.7012664759417
813	5.66743700841546
814	5.6365414193886
815	5.60898968278654
816	5.58154924142149
817	5.55496855587671
818	5.53508100385285
819	5.521422587029
820	5.51392464130683
821	5.51913631730143
822	5.5411527285874
823	5.58096698738132
824	5.63887635526768
825	5.71946364646426
826	5.82736510515451
827	5.96479862758157
828	6.13246154491311
829	6.33094703063859
830	6.55982827749676
831	6.8132743249676
832	7.08681314748512
833	7.37982374617755
834	7.69024793324432
835	8.01639444608879
836	8.35424811217768
837	8.69638085315761
838	9.0388179038811
839	9.37806082311542
840	9.71127056675364
841	10.0381328303375
842	10.3546816504784
843	10.6577258845552
844	10.9485956159089
845	11.2260721160472
846	11.4895491213886
847	11.7391124619009
848	11.9728442504067
849	12.1896618581693
850	12.392435944007
851	12.5818301416936
852	12.7556977132793
853	12.9140336844388
854	13.060086269921
855	13.1954156804332
856	13.3180840393448
857	13.4259456402916
858	13.5184354143472
859	13.5964049443171
860	13.6615332596886
861	13.7179701106422
862	13.770910462313
863	13.8223750000687
864	13.8736449953868
865	13.9281483539575
866	13.9839826213493
867	14.0389471884893
868	14.092908907002
869	14.1462032644926
870	14.1975396324964
871	14.2442738318532
872	14.2859221034793
873	14.3231255216966
874	14.3585127134246
875	14.391416742584
876	14.4178731905884
877	14.436655140123
878	14.4477563095376
879	14.4521775453027
880	14.4464454166429
881	14.4259604817999
882	14.3859166152985
883	14.3225863058524
884	14.2294740113467
885	14.0899186140582
886	13.8854387372309
887	13.6042721518184
888	13.2418163174696
889	12.7951368494998
890	12.2629158875469
891	11.6446638998448
892	10.9504912489844
893	10.1966793958908
894	9.39406534637041
895	8.56033361882932
896	7.71928305232445
897	6.8854209302751
898	6.06771707094271
899	5.27881071298746
900	4.52901923072796
901	3.82337456080448
902	3.16484049920427
903	2.55516952759071
904	1.99557133128647
905	1.48226016975904
906	1.01267162150833
907	0.585662756075269
908	0.195453821814747
909	-0.162710141915609
910	-0.494186760112647
911	-0.802794242929161
912	-1.08935403449407
913	-1.35674465142089
914	-1.61174613144906
915	-1.85752953310177
916	-2.09227522126253
917	-2.31441357553763
918	-2.52227075937192
919	-2.71506441196847
920	-2.88461323868385
921	-3.00917722268772
922	-3.07353540959274
923	-3.06349097560546
924	-2.96513120366558
925	-2.77914540213988
926	-2.50778257357554
927	-2.15715778796363
928	-1.75362748243308
929	-1.32463890261843
930	-0.884251765178614
931	-0.444776970998799
932	0.00535661649469694
933	0.481652665161906
934	0.970776972202821
935	1.451540948555
936	1.90618123223607
937	2.32606234794931
938	2.7156853756762
939	3.08119382186252
940	3.41914199951669
941	3.72749776956125
942	4.0136188554054
943	4.28010166330555
944	4.52078349998483
945	4.73587715866314
946	4.93242026664489
947	5.11470408362735
948	5.28621526416694
949	5.4468256515598
950	5.59371061114419
951	5.7262325842789
952	5.852255344301
953	5.97861623301402
954	6.11590306040394
955	6.27843765318519
956	6.45414284060596
957	6.62894091490737
958	6.79894861015248
959	6.95502069668662
960	7.09274897735577
961	7.21570236172546
962	7.32623040816685
963	7.42319739290045
964	7.50401518969469
965	7.57161077843872
966	7.62674237701258
967	7.66777693588155
968	7.6963137575154
969	7.71455127841395
970	7.72572977071439
971	7.73217136948373
972	7.73408332220513
973	7.73005374556725
974	7.72086365974764
975	7.70583102808124
976	7.68458095677272
977	7.65747858636978
978	7.62494798565953
979	7.58967114201713
980	7.55322292577098
981	7.51691644558946
982	7.48226759899977
983	7.44851373401506
984	7.41316581088334
985	7.37528698409104
986	7.33566796730699
987	7.29540019063859
988	7.25667295340342
989	7.22030134704415
990	7.18628350707102
991	7.15639110693343
992	7.12746537637722
993	7.09576757147816
994	7.06232222486629
995	7.02535726375718
996	6.98611188414155
997	6.94633677346377
998	6.90563650923899
999	6.86511341786589
1000	6.82674787133776
1001	6.79121211007997
1002	6.75929472957203
1003	6.73304284557258
1004	6.71242208008964
1005	6.69582498860336
1006	6.68452294850898
1007	6.67915211363069
1008	6.67785155131222
1009	6.68012552343895
1010	6.6843534853436
1011	6.68900980045616
1012	6.69103233633925
1013	6.68898822384343
1014	6.68687909834926
1015	6.68829596143629
1016	6.69286220161962
1017	6.69299304762083
1018	6.68122799991959
1019	6.65452146938566
1020	6.61003423191024
1021	6.54757456460064
1022	6.46512649575597
1023	6.3619808265048
1024	6.23889855348618
1025	6.09813159649514
1026	5.94103191056652
1027	5.76939297313596
1028	5.58633319348346
1029	5.39296559373019
1030	5.19382867874616
1031	4.98978492524146
1032	4.77953830647385
1033	4.56695124194871
1034	4.35752804671521
1035	4.15282938293679
1036	3.9556620083371
1037	3.77450717475314
1038	3.61733860029225
1039	3.49253142444113
1040	3.40308787797893
1041	3.33247458286449
1042	3.25311977920795
1043	3.1425672817492
1044	2.98468360922294
1045	2.76661485122329
1046	2.47864696527962
1047	2.11546488463146
1048	1.67687360946747
1049	1.17468470170227
1050	0.631417271139138
1051	0.0590391491586527
1052	-0.528540067375417
1053	-1.0950863523344
1054	-1.59842741421209
1055	-2.02246058219865
1056	-2.38509598714682
1057	-2.70415570121128
1058	-2.98436539742384
1059	-3.23056916042398
1060	-3.44771897359518
1061	-3.64466264461081
1062	-3.83076312127808
1063	-4.01381931207742
1064	-4.19791386977639
1065	-4.38525619687988
1066	-4.5763918728482
1067	-4.76801953008879
1068	-4.95973052139069
1069	-5.14921382030495
1070	-5.33001449741182
1071	-5.49995790858517
1072	-5.66080284424145
1073	-5.80891916177604
1074	-5.9393265521571
1075	-6.05281542810351
1076	-6.15319402970083
1077	-6.24255309311408
1078	-6.31541724485255
1079	-6.35965397857486
1080	-6.36115278046926
1081	-6.30785643616447
1082	-6.18578815863472
1083	-5.98135219158822
1084	-5.68535698614409
1085	-5.28885947404603
1086	-4.78790655262527
1087	-4.17932551440003
1088	-3.45935408536585
1089	-2.63398290566198
1090	-1.71655134032702
1091	-0.722695619342547
1092	0.32656529733108
1093	1.4110653383473
1094	2.51440106048583
1095	3.61972913371278
1096	4.70880149754127
1097	5.76770642109189
1098	6.78987863839318
1099	7.77072932677492
1100	8.69657516880812
1101	9.5646914213259
1102	10.3769762488992
1103	11.1364998051437
1104	11.846370714993
1105	12.5097487755216
1106	13.1334639382861
1107	13.7152513009531
1108	14.258924818564
1109	14.772780724104
1110	15.2589112666608
1111	15.7169943866314
1112	16.1485000796645
1113	16.5611551096884
1114	16.9623846732941
1115	17.3566444522891
1116	17.7476840132218
1117	18.1354764800566
1118	18.5176031039215
1119	18.8928036213865
1120	19.2599959293485
1121	19.6134723623605
1122	19.948696581345
1123	20.2562801413454
1124	20.5240020404403
1125	20.7411824868379
1126	20.8986217952664
1127	20.9867287755119
1128	21.0189778904483
1129	21.0200584103806
1130	21.0034006275917
1131	20.9830880401778
1132	20.9679730740105
1133	20.9580918618926
1134	20.9498761709779
1135	20.9406152264995
1136	20.9271005400612
1137	20.904656250436
1138	20.8690012634356
1139	20.8185367066287
1140	20.7520264188507
1141	20.6748720503427
1142	20.5969066365481
1143	20.5188750874598
1144	20.4360469591034
1145	20.3446825702854
1146	20.2427827952295
1147	20.1301960318461
1148	20.0071867474455
1149	19.877051987114
1150	19.7413506465949
1151	19.5952442529124
1152	19.4344378047015
1153	19.2538360881714
1154	19.0513265814195
1155	18.8316237982581
1156	18.5957738903695
1157	18.3449075580972
1158	18.0819360351552
1159	17.8066721552569
1160	17.5200307574504
1161	17.2255129832802
1162	16.9262740613048
1163	16.6238584426514
1164	16.3240227778819
1165	16.0274272344343
1166	15.7246047307379
1167	15.4064987015095
1168	15.0744917791961
1169	14.7298743700168
1170	14.3612808783256
1171	13.9571217857857
1172	13.5144824609457
1173	13.0337576220222
1174	12.5157534410634
1175	11.966526669738
1176	11.3937085552253
1177	10.8000939280551
1178	10.1939127116861
1179	9.58519006325968
1180	8.98027364334036
1181	8.38552449753038
1182	7.80312917832129
1183	7.23842540244132
1184	6.69845552780099
1185	6.18581131360441
1186	5.69885836635285
1187	5.23603332603988
1188	4.80055867124668
1189	4.40069092975449
1190	4.04726471445575
1191	3.75483277492835
1192	3.53141507996032
1193	3.3594583912072
1194	3.21214276256654
1195	3.06559740476823
1196	2.89738203319931
1197	2.69160569258832
1198	2.45493512386376
1199	2.22135491983138
1200	2.01838372541811
1201	1.85259235284437
1202	1.72420776649895
1203	1.63382548836502
1204	1.59030141922509
1205	1.59545356135084
1206	1.62747124751468
1207	1.66704452091784
1208	1.71558499699448
1209	1.79113115277935
1210	1.90148674066559
1211	2.04652653693579
1212	2.22606818976015
1213	2.43366066752222
1214	2.66068640403068
1215	2.8991968873478
1216	3.12658680848676
1217	3.32773132827107
1218	3.50193374306163
1219	3.65193417361774
1220	3.79199802700383
1221	3.93134191364042
1222	4.07580394035192
1223	4.22622139923728
1224	4.38140075258659
1225	4.53876056816841
1226	4.70011940770645
1227	4.8683826320908
1228	5.03632160171876
1229	5.19811771528706
1230	5.35210717144069
1231	5.5073463436474
1232	5.67043499906006
1233	5.84583230932161
1234	6.03928082679575
1235	6.24734331806811
1236	6.45578662701951
1237	6.66209762656772
1238	6.86327687667297
1239	7.04972419309487
1240	7.21529326669958
1241	7.34648775038917
1242	7.43962955286598
1243	7.4955186790975
1244	7.51499429534567
1245	7.49585025471053
1246	7.43600730039211
1247	7.34018869164719
1248	7.21079394253877
1249	7.04726302538815
1250	6.85226166380385
1251	6.63256624141718
1252	6.39483453443552
1253	6.14007050445345
1254	5.87105716892139
1255	5.59377086205934
1256	5.31449932942909
1257	5.03680858023974
1258	4.76446963036806
1259	4.50318076763448
1260	4.26068145083371
1261	4.04502630658007
1262	3.86566703360866
1263	3.72997912805662
1264	3.64603989443529
1265	3.6223172836423
1266	3.65619465006883
1267	3.74206520525929
1268	3.87192072036002
1269	4.05061885353589
1270	4.30105747279427
1271	4.64481130873872
1272	5.09822817543714
1273	5.65083456368326
1274	6.26906896221719
1275	6.92605343424262
1276	7.61694453136437
1277	8.34882407269536
1278	9.1224663131461
1279	9.93351582597874
1280	10.7753745404464
1281	11.6276410395287
1282	12.4712785141942
1283	13.3002569721949
1284	14.1144627510817
1285	14.9159404277259
1286	15.7002658573299
1287	16.4647488271781
1288	17.2047123553679
1289	17.9297680393691
1290	18.6421981234682
1291	19.3300560941703
1292	19.998797101883
1293	20.6483158865049
1294	21.2708182180805
1295	21.8655657344841
1296	22.4289939910979
1297	22.9550886888295
1298	23.4280973640101
1299	23.8323463694932
1300	24.1525922234961
1301	24.3897082935158
1302	24.5504530068475
1303	24.6375293458594
1304	24.6666630239291
1305	24.6589890372587
1306	24.6337672427466
1307	24.6026580299925
1308	24.5743645832535
1309	24.5560207504743
1310	24.555669987858
1311	24.5751248975944
1312	24.6119635820566
1313	24.6664252481903
1314	24.7381602816181
1315	24.8164086952514
1316	24.8839944200259
1317	24.9292098397023
1318	24.9470677616953
1319	24.9399109198075
1320	24.899064434805
1321	24.8194916135556
1322	24.7200602478624
1323	24.6135570360492
1324	24.508094138718
1325	24.4058265204801
1326	24.2950669622645
1327	24.1762054337765
1328	24.055324727048
1329	23.9327651617348
1330	23.80287635033
1331	23.6508451019086
1332	23.4668038067129
1333	23.2455681056942
1334	22.98577393634
1335	22.6940198778112
1336	22.3756618208122
1337	22.0281275739696
1338	21.6554338136104
1339	21.2682430190987
1340	20.8672104629351
1341	20.4541394862701
1342	20.04122957428
1343	19.6374006984658
1344	19.2450723062988
1345	18.8661884414065
1346	18.5046951234505
1347	18.1643812745065
1348	17.8477096919624
1349	17.5554476729088
1350	17.2837572434515
1351	17.02982541606
1352	16.7920929458622
1353	16.5705733291532
1354	16.3659321456076
1355	16.178381852561
1356	16.0085484386753
1357	15.8569596032943
1358	15.7259388546852
1359	15.6107015408634
1360	15.5003355797058
1361	15.390354052256
1362	15.2712343268193
1363	15.126111458281
1364	14.9484030990418
1365	14.7368667587984
1366	14.4906978890619
1367	14.2135362424434
1368	13.9112540214874
1369	13.587074537846
1370	13.2435166489795
1371	12.884386632435
1372	12.5130002750866
1373	12.1335499160804
1374	11.750290098708
1375	11.3675556254611
1376	10.9884935189783
1377	10.6137607659898
1378	10.2433244686228
1379	9.87815417781944
1380	9.51943705564991
1381	9.17239689794329
1382	8.83895686052201
1383	8.51623287773495
1384	8.20623361455741
1385	7.90937629400133
1386	7.62442884971803
1387	7.34844521739839
1388	7.07992167479179
1389	6.82069262712682
1390	6.56931035065368
1391	6.32554218794827
1392	6.08946292033515
1393	5.86065371154855
1394	5.63789991876949
1395	5.41984875835703
1396	5.20750946523404
1397	5.00131539722725
1398	4.80048135996928
1399	4.60470395918601
1400	4.41362439646465
1401	4.22750188891507
1402	4.04699577845567
1403	3.87255142578731
1404	3.70831013724701
1405	3.56021727795341
1406	3.42828628718267
1407	3.31650966606178
1408	3.2232680376108
1409	3.13795249326877
1410	3.04553814860525
1411	2.93390227605969
1412	2.79835613224837
1413	2.6299960968797
1414	2.42359592818046
1415	2.17914291947637
1416	1.8986948739587
1417	1.58854986798203
1418	1.25694222752762
1419	0.909394422679518
1420	0.551435578671617
1421	0.189118977359159
1422	-0.173030634753897
1423	-0.52992825153828
1424	-0.878176675748752
1425	-1.21779871594124
1426	-1.54854364056035
1427	-1.86739479235061
1428	-2.17038067714555
1429	-2.45818072033677
1430	-2.73283561068293
1431	-2.99434584676941
1432	-3.24096185407719
1433	-3.47159493663394
1434	-3.68799733214869
1435	-3.89321858928341
1436	-4.08868242469847
1437	-4.27595678004945
1438	-4.45682992895632
1439	-4.62915336831058
1440	-4.7928294222828
1441	-4.94669808278841
1442	-5.08771720336873
1443	-5.20643836963978
1444	-5.28202583117442
1445	-5.30396190059023
1446	-5.27631029810934
1447	-5.21396870467347
1448	-5.13564612550269
1449	-5.05510148398333
1450	-4.98295931062829
1451	-4.92439016157473
1452	-4.87809740593079
1453	-4.84307876941919
1454	-4.82062520475601
1455	-4.80832905670346
1456	-4.80370205079814
1457	-4.80656803819975
1458	-4.81419069145278
1459	-4.82334211581528
1460	-4.83320696756156
1461	-4.84243762261289
1462	-4.85358002153864
1463	-4.86580697646472
1464	-4.87520600764647
1465	-4.881385734316
1466	-4.88523222281548
1467	-4.88873351224281
1468	-4.89404865319416
1469	-4.90061518176703
1470	-4.90481986566534
1471	-4.90487647972153
1472	-4.89880292375118
1473	-4.88503776554281
1474	-4.86336152726703
1475	-4.83383403959431
1476	-4.79719891789716
1477	-4.75599818988151
1478	-4.71176644298845
1479	-4.66487896226275
1480	-4.61653281794498
1481	-4.5647763902614
1482	-4.50634506785739
1483	-4.44257511668012
1484	-4.37378475964213
1485	-4.29634301844755
1486	-4.21109398744941
1487	-4.11994194390218
1488	-4.02088295323667
1489	-3.91204390534466
1490	-3.79142362643285
1491	-3.65962816651498
1492	-3.51913470886306
1493	-3.36735081744306
1494	-3.2015039639318
1495	-3.020534580019
1496	-2.82263431708849
1497	-2.60659619542027
1498	-2.36848894175684
1499	-2.10511723169651
1500	-1.82175397478262
1501	-1.52732986240622
1502	-1.23302987607723
1503	-0.946778219456237
1504	-0.652986573534554
1505	-0.323481781514443
1506	0.0531052115891493
1507	0.484750033931761
1508	0.988157510073332
1509	1.56105283138782
1510	2.15841835131058
1511	2.70915085524542
1512	3.17638177390572
1513	3.54895893931896
1514	3.82417663109483
1515	4.00847309521289
1516	4.10112578318359
1517	4.12491808665164
1518	4.09569388063062
1519	4.02340863459175
1520	3.93090381197391
1521	3.82556722863674
1522	3.7074197503077
1523	3.57769756990587
1524	3.4427327546355
1525	3.30692779517816
1526	3.17204321026275
1527	3.03661372971509
1528	2.89262061242397
1529	2.73191123131305
1530	2.56002005782359
1531	2.39526894498818
1532	2.2456500076489
1533	2.1095086230563
1534	1.98319634928767
1535	1.8648829761163
1536	1.75900198750647
1537	1.67032199387331
1538	1.5842459942201
1539	1.47373712928821
1540	1.32343477387543
1541	1.1297653082813
1542	0.895011417570504
1543	0.637316503199804
1544	0.385126413285685
1545	0.148165947340236
1546	-0.0670273510303487
1547	-0.264221234038081
1548	-0.460732223975821
1549	-0.662391578718847
1550	-0.855778179672131
1551	-1.0219077786431
1552	-1.14803255264138
1553	-1.2292727098424
1554	-1.27495433542997
1555	-1.29449650901968
1556	-1.29168636549353
1557	-1.27028268541139
1558	-1.23033041590915
1559	-1.17123689901218
1560	-1.0973349267803
1561	-1.00541433043492
1562	-0.894051231548175
1563	-0.753469493070408
1564	-0.572184684098722
1565	-0.347016099621611
1566	-0.0723812338681853
1567	0.25031557426285
1568	0.616409475414605
1569	1.02274872859315
1570	1.46772505712658
1571	1.94675582207174
1572	2.4498404643743
1573	2.97036392559007
1574	3.49913694678153
1575	4.02829683416305
1576	4.55305075554512
1577	5.0648650937978
1578	5.55951964370384
1579	6.03183195240186
1580	6.47841875868361
1581	6.90331106698276
1582	7.31586769549462
1583	7.72098804861824
1584	8.10528130158578
1585	8.46869931740087
1586	8.80344128124732
1587	9.114765653983
1588	9.41469022268878
1589	9.69384276371479
1590	9.94878768630806
1591	10.1752844476496
1592	10.3693859302607
1593	10.5348010401733
1594	10.6721661486642
1595	10.7830600538342
1596	10.8776494321617
1597	10.9635607515511
1598	11.0443271285724
1599	11.1198709870144
1600	11.1865892275819
1601	11.2427839369124
1602	11.2903463672672
1603	11.3272245213579
1604	11.3512994279446
1605	11.364473857908
1606	11.3679188771083
1607	11.3657771432089
1608	11.3604958166864
1609	11.3497675546721
1610	11.3342605787508
1611	11.3179372299546
1612	11.3034852620169
1613	11.2907669053216
1614	11.2762106869319
1615	11.2570130164124
1616	11.2344601429165
1617	11.208849010823
1618	11.1793486705232
1619	11.1459922064821
1620	11.1090465039785
1621	11.069902430754
1622	11.0316169076946
1623	10.9957536161546
1624	10.9604317398908
1625	10.9240221180857
1626	10.8883499893022
1627	10.8550265024542
1628	10.8253592782768
1629	10.8018223045535
1630	10.7879188925229
1631	10.7859941477897
1632	10.7916839749283
1633	10.7979067183617
1634	10.801628167657
1635	10.8049210242628
1636	10.8104080991425
1637	10.8158847062457
1638	10.8188149512632
1639	10.8225015498035
1640	10.8282415490054
1641	10.8305860347936
1642	10.8278964868778
1643	10.8206313684555
1644	10.8077100776079
1645	10.7895874290485
1646	10.7663689537471
1647	10.7360377420737
1648	10.700541401275
1649	10.6653046174814
1650	10.6342492896213
1651	10.611055861115
1652	10.5956279261272
1653	10.5861873927836
1654	10.5809010230275
1655	10.5743746889029
1656	10.5614248104681
1657	10.5454165125514
1658	10.5415376496326
1659	10.5524935910761
1660	10.5667656150547
1661	10.5701964409672
1662	10.5581520887834
1663	10.5356658815926
1664	10.5077762109038
1665	10.4811679739725
1666	10.4617870424895
1667	10.4518414255365
1668	10.4424089156396
1669	10.4250581129038
1670	10.3988939527832
1671	10.3683031434678
1672	10.3370759630543
1673	10.3049392798973
1674	10.2725075246459
1675	10.2493393144211
1676	10.2305081162805
1677	10.2028844296018
1678	10.1573391966828
1679	10.0959426198714
1680	10.0356151622147
1681	9.99030815855783
1682	9.95534003739449
1683	9.90808563512902
1684	9.82702089915014
1685	9.71035513817031
1686	9.57969655314279
1687	9.45381620242603
1688	9.33350898535756
1689	9.21417619803723
1690	9.11244524399633
1691	9.0541601548663
1692	9.05843877587509
1693	9.13906407875362
1694	9.3053897894319
1695	9.56076364004901
1696	9.90365499444435
1697	10.3308029429119
1698	10.8338454743852
1699	11.4036666770946
1700	12.0312742430656
1701	12.7047442206965
1702	13.4085601175882
1703	14.1299837490922
1704	14.8571857277003
1705	15.5764428516724
1706	16.2749172347756
1707	16.9433879114368
1708	17.578159848185
1709	18.1781435843461
1710	18.7469592826413
1711	19.2851856017905
1712	19.7818127840561
1713	20.2166723949302
1714	20.5760138428959
1715	20.87646070712
1716	21.1414601938585
1717	21.3898899539649
1718	21.6414157034598
1719	21.9091737722867
1720	22.2002809822967
1721	22.5158779012938
1722	22.8463660640673
1723	23.1825790836579
1724	23.5134263260966
1725	23.8236408423397
1726	24.1073607092228
1727	24.3565991037271
1728	24.5576457102318
1729	24.7000426912456
1730	24.7873680891421
1731	24.8289973902308
1732	24.8399652092944
1733	24.843227768369
1734	24.8578252488058
1735	24.894861378649
1736	24.96141946488
1737	25.0606213889261
1738	25.1910884919079
1739	25.3489349866879
1740	25.5244528064645
1741	25.7112754063356
1742	25.9023892556415
1743	26.0884746805434
1744	26.2671970471877
1745	26.4402452044075
1746	26.6077604366162
1747	26.7701504891294
1748	26.9271897304876
1749	27.0776911677107
1750	27.221925037755
1751	27.3586529368682
1752	27.4858770401678
1753	27.6015419932492
1754	27.7045025309939
1755	27.7949409256305
1756	27.8726034624799
1757	27.9346039762919
1758	27.9759912955389
1759	27.9878765659097
1760	27.9574572663865
1761	27.8739406398865
1762	27.7206509669042
1763	27.474826871375
1764	27.124142978831
1765	26.6598950332001
1766	26.0817136805502
1767	25.4019147774617
1768	24.6339929261048
1769	23.7926779541434
1770	22.8935778152722
1771	21.9526367369658
1772	20.9855192305188
1773	20.006998810701
1774	19.0304125387792
1775	18.0672217687701
1776	17.126698566144
1777	16.2157397921189
1778	15.3388034974385
1779	14.4979590948421
1780	13.6930861126861
1781	12.9223574746261
1782	12.1828263447941
1783	11.4702101996174
1784	10.7804262128769
1785	10.1096015000832
1786	9.4569219979921
1787	8.82372573532214
1788	8.2128813535637
1789	7.63027692739723
1790	7.08719698820524
1791	6.59179398785439
1792	6.13678996545269
1793	5.71437115910877
1794	5.31155941866757
1795	4.91040181790874
1796	4.50232797694581
1797	4.08365965701422
1798	3.65175178919052
1799	3.20230585696344
1800	2.73320158723287
1801	2.25004747226876
1802	1.76206657784056
1803	1.27678984126701
1804	0.804312322162137
1805	0.357145001679057
1806	-0.0517745469377148
1807	-0.402410942324668
1808	-0.695056551418542
1809	-0.939677434794439
1810	-1.15368046942737
1811	-1.35978698862542
1812	-1.56514831346921
1813	-1.77301105081796
1814	-1.98872557907098
1815	-2.21705509178896
1816	-2.4573495896538
1817	-2.70588351044641
1818	-2.95805444927738
1819	-3.2075866796014
1820	-3.44171720064485
1821	-3.64753715573331
1822	-3.81722442000017
1823	-3.95624543713521
1824	-4.06874072131119
1825	-4.15185259127123
1826	-4.21822627493378
1827	-4.28008503669261
1828	-4.33012832122115
1829	-4.34556484720498
1830	-4.31026896910837
1831	-4.21393070016611
1832	-4.04120143474357
1833	-3.77699798591192
1834	-3.40824395587214
1835	-2.92755274759573
1836	-2.32853425503316
1837	-1.61277630301193
1838	-0.789727567115718
1839	0.130287846779832
1840	1.13259088753082
1841	2.20094251903376
1842	3.31819106793164
1843	4.46699995913573
1844	5.63058118392231
1845	6.79013010084524
1846	7.92470640741664
1847	9.01711471959466
1848	10.0514038392962
1849	11.0166372583144
1850	11.893318743438
1851	12.6742244465119
1852	13.3535837576971
1853	13.9050612500175
1854	14.3240488808038
1855	14.6088617719417
1856	14.779018119193
1857	14.8764267658488
1858	14.9325879478067
1859	14.9762524061385
1860	15.0203494270508
1861	15.0497741774725
1862	15.0453775037114
1863	15.0132492901903
1864	14.9626252685397
1865	14.9056009129009
1866	14.8655471547855
1867	14.8603420760682
1868	14.8901534214537
1869	14.9311464118776
1870	14.9498348110838
1871	14.9281150879104
1872	14.8772974738614
1873	14.8211360087948
1874	14.7773644335199
1875	14.7442254401235
1876	14.6970671399806
1877	14.6184771797292
1878	14.5178230185287
1879	14.4205622108629
1880	14.3416328527431
1881	14.2680424006123
1882	14.1736395907176
1883	14.0449107424601
1884	13.8968610482504
1885	13.7551647482566
1886	13.6206311290319
1887	13.4673064641365
1888	13.2758732954598
1889	13.0484080682846
1890	12.7896290305574
1891	12.4934415659331
1892	12.1695946863001
1893	11.8390204676171
1894	11.5127433700896
1895	11.1971956983586
1896	10.9032060509131
1897	10.6461022173319
1898	10.4383203311479
1899	10.2871107664779
1900	10.1901749632065
1901	10.142084077716
1902	10.1446382087121
1903	10.1975421718123
1904	10.2893542409737
1905	10.4193735225064
1906	10.5928408950363
1907	10.80491819458
1908	11.0493453644588
1909	11.3242932193431
1910	11.6253582277311
1911	11.9404675888723
1912	12.2565165023107
1913	12.5610600750261
1914	12.8364767742192
1915	13.0499253588453
1916	13.184859207436
1917	13.2659251990399
1918	13.3193346809454
1919	13.3607538336785
1920	13.4073230962946
1921	13.4752605765174
1922	13.5798504225347
1923	13.7214562531794
1924	13.8717467621206
1925	14.001808137158
1926	14.1125104044214
1927	14.2165027337874
1928	14.3229550873905
1929	14.4404869248554
1930	14.5758470056362
1931	14.7342165249601
1932	14.905466847123
1933	15.0679171629398
1934	15.2145911978751
1935	15.3512002096066
1936	15.4833167750078
1937	15.6177840912589
1938	15.7533963613763
1939	15.8787974564672
1940	15.9877443123418
1941	16.0780735419351
1942	16.1504649199146
1943	16.212460453047
1944	16.2606002975823
1945	16.2789017702101
1946	16.2616479590683
1947	16.2175874306405
1948	16.1563487048328
1949	16.0802150686388
1950	15.981919550122
1951	15.853115929355
1952	15.701090089271
1953	15.5439379763817
1954	15.3938806646115
1955	15.2364390506781
1956	15.0432709688571
1957	14.8064771914558
1958	14.5256382593673
1959	14.2085149426945
1960	13.8712426009711
1961	13.5254492437584
1962	13.1808781134631
1963	12.8415368511656
1964	12.5102702600058
1965	12.1905846854379
1966	11.8827511739873
1967	11.5873982300094
1968	11.3050908261843
1969	11.0407398368675
1970	10.7995583928991
1971	10.5812752327531
1972	10.3815636808155
1973	10.1956796073248
1974	10.0203947578053
1975	9.85206131764454
1976	9.68734936645183
1977	9.52409427069478
1978	9.35999915633046
1979	9.19537001336067
1980	9.0314400740468
1981	8.86798576763078
1982	8.70719182047136
1983	8.5490865329403
1984	8.39252404500014
1985	8.24003699057373
1986	8.09389574853308
1987	7.95332298977686
1988	7.81701537601466
1989	7.68417003567837
1990	7.55217439852455
1991	7.4208292607498
1992	7.2947813024649
1993	7.17714279609422
1994	7.06813367656078
1995	6.95702402285379
1996	6.82616262452346
1997	6.68067927290134
1998	6.55058464439775
1999	6.45903125316141
2000	6.41524982936579
2001	6.42184894633625
2002	6.48089759660214
2003	6.58993225366581
2004	6.74568711801842
2005	6.94571779668461
2006	7.18641190479799
2007	7.46018320209927
2008	7.75634014035725
2009	8.07502009465773
2010	8.41403601738193
2011	8.76929224391622
2012	9.13783558070561
2013	9.51432828249143
2014	9.89722052861602
2015	10.2816271180283
2016	10.6619116109644
2017	11.0346600973216
2018	11.3970613060895
2019	11.7448952805504
2020	12.0758009384357
2021	12.3908921917642
2022	12.6865683684329
2023	12.9587480088705
2024	13.2070880040809
2025	13.4290213663204
2026	13.6264389114555
2027	13.8031065081488
2028	13.9599112523355
2029	14.0969059676696
2030	14.212021015551
2031	14.3048619330711
2032	14.3759580071883
2033	14.4267374440771
2034	14.457509169965
2035	14.4705670389663
2036	14.4693822851228
2037	14.4521494720053
2038	14.4184368408537
2039	14.3713717870584
2040	14.3128761491912
2041	14.2438600570304
2042	14.1656037991169
2043	14.0772938999724
2044	13.978071288264
2045	13.8688556494424
2046	13.7496447001149
2047	13.6211763837771
2048	13.4852400077486
2049	13.3438372650614
2050	13.1995814904769
2051	13.053009594216
2052	12.9021789660952
2053	12.7457072245389
2054	12.5833852972638
2055	12.4178634752357
2056	12.2519312523887
2057	12.0834266017961
2058	11.9132541104035
2059	11.7413414330507
2060	11.5622625840256
2061	11.3702804258745
2062	11.155845198066
2063	10.895930115825
2064	10.5676417908621
2065	10.1736525314375
2066	9.72037181591005
2067	9.20960593591459
2068	8.65496016616865
2069	8.06843910350685
2070	7.45166282200706
2071	6.80397263737429
2072	6.1352685572513
2073	5.44881540490243
2074	4.73753768756774
2075	4.00274204049182
2076	3.25177399876592
2077	2.49119054559451
2078	1.7313065613552
2079	0.988049210432997
2080	0.266895575565746
2081	-0.433058509669115
2082	-1.10139689632586
2083	-1.72701172977424
2084	-2.30239480778376
2085	-2.81552173812434
2086	-3.26166530704288
2087	-3.6547133084001
2088	-4.00816529428896
2089	-4.3244011769589
2090	-4.61571617742329
2091	-4.89830761804205
2092	-5.19013964210559
2093	-5.50751269352093
2094	-5.85303964149647
2095	-6.22159043802571
2096	-6.60022750266318
2097	-6.96731074780472
2098	-7.3074721221708
2099	-7.61830175157723
2100	-7.90153582817987
2101	-8.16931173369068
2102	-8.43877559661283
2103	-8.69424030294547
2104	-8.91319542327603
2105	-9.09640177136564
2106	-9.25397134055353
2107	-9.4096848798651
2108	-9.58669541490447
2109	-9.79766455506498
2110	-10.0521518022342
2111	-10.354004320554
2112	-10.7015751577083
2113	-11.0911690152047
2114	-11.515338432499
2115	-11.9691962376354
2116	-12.446826890126
2117	-12.9378988606737
2118	-13.4370945017224
2119	-13.9383432677017
2120	-14.4328372091126
2121	-14.9193179945808
2122	-15.3967455483607
2123	-15.8610325527096
2124	-16.3097535995745
2125	-16.7411063293432
2126	-17.1562901067423
2127	-17.5564853400324
2128	-17.938707275471
2129	-18.3010958011234
2130	-18.6475943219892
2131	-18.9841978205885
2132	-19.3041148492612
2133	-19.583747864657
2134	-19.8031686700479
2135	-19.9477290327948
2136	-20.0230666705187
2137	-20.0645526217268
2138	-20.1073734465215
2139	-20.1781785135295
2140	-20.2948112358186
2141	-20.4651168330044
2142	-20.6912487197861
2143	-20.9692909304033
2144	-21.2906435472257
2145	-21.6465202143055
2146	-22.0262256344496
2147	-22.4231369132157
2148	-22.8303268586264
2149	-23.2416446364585
2150	-23.6537542241031
2151	-24.0607379044036
2152	-24.4608185309587
2153	-24.8496940814391
2154	-25.2226726285491
2155	-25.5772911843241
2156	-25.9119334256288
2157	-26.226772142566
2158	-26.5182636494289
2159	-26.786204521182
2160	-27.0351390859911
2161	-27.2670259758702
2162	-27.4821829611151
2163	-27.680789781997
2164	-27.8628358151173
2165	-28.0268460917763
2166	-28.1659472253237
2167	-28.2677017270099
2168	-28.3159071569202
2169	-28.285262900843
2170	-28.1511701881862
2171	-27.9095319126168
2172	-27.561081336165
2173	-27.1035985897439
2174	-26.5607787130208
2175	-25.9535119845111
2176	-25.269475079238
2177	-24.490583461019
2178	-23.6210991528352
2179	-22.678400007686
2180	-21.6781384687461
2181	-20.6348863825971
2182	-19.5726131656939
2183	-18.518588472845
2184	-17.4893171948961
2185	-16.4734047181686
2186	-15.47676059513
2187	-14.5312296636224
2188	-13.6453863492136
2189	-12.8165244431493
2190	-12.0391115563589
2191	-11.306098067307
2192	-10.609958230999
2193	-9.94341972582616
2194	-9.29991149094969
2195	-8.67379222978732
2196	-8.06041859878002
2197	-7.45611109450236
2198	-6.85694265518891
2199	-6.2602858994196
2200	-5.6624019509495
2201	-5.05857678666594
2202	-4.45920161493009
2203	-3.86443803818134
2204	-3.26872422820193
2205	-2.68349787972004
2206	-2.11816644142997
2207	-1.57872245769225
2208	-1.06644093269046
2209	-0.570929498040731
2210	-0.0732180172473873
2211	0.438486415866591
2212	0.967499976955144
2213	1.51924541689395
2214	2.0938401988303
2215	2.68858581600683
2216	3.30214636117441
2217	3.93013390757497
2218	4.567900223709
2219	5.21013506694228
2220	5.8507414766427
2221	6.48502380644646
2222	7.1101526859863
2223	7.72083930554825
2224	8.30504123152936
2225	8.85921780262099
2226	9.36773945911092
2227	9.80826303287221
2228	10.1695530595005
2229	10.4413378369029
2230	10.6290657418391
2231	10.7547177642267
2232	10.8481932646525
2233	10.9400959943916
2234	11.0522940046739
2235	11.2002322793058
2236	11.3948088488298
2237	11.6386026561151
2238	11.9294827234014
2239	12.2626236958226
2240	12.6188897500848
2241	12.9891694256313
2242	13.3683025546627
2243	13.7265218427444
2244	14.0427470291883
2245	14.3266863424082
2246	14.5932969075303
2247	14.8520361832341
2248	15.1089520677294
2249	15.364602805922
2250	15.6166884451562
2251	15.8659707573556
2252	16.1152063484883
2253	16.3693335980472
2254	16.6310722742069
2255	16.8935365126413
2256	17.1462239264551
2257	17.3762688346987
2258	17.5688913190358
2259	17.7082807287211
2260	17.7844494039637
2261	17.8056472998259
2262	17.7968953957718
2263	17.7806343778311
2264	17.7656337481625
2265	17.7512808675468
2266	17.7338890389504
2267	17.7133447216476
2268	17.6809432387444
2269	17.6253706464268
2270	17.5401788719543
2271	17.4198004552945
2272	17.2611936746483
2273	17.0649902138437
2274	16.8337461334222
2275	16.5740944435685
2276	16.2941905048361
2277	15.9917083406061
2278	15.6628689532868
2279	15.3072615442499
2280	14.9314636373148
2281	14.5331691485593
2282	14.0897590841591
2283	13.5824148876257
2284	13.0147039158232
2285	12.397899268418
2286	11.7342068884359
2287	11.0266377924552
2288	10.2798703445982
2289	9.50329409792158
2290	8.71095092651139
2291	7.91155055779911
2292	7.11626499474
2293	6.33791860821623
2294	5.58263512256496
2295	4.85583595728221
2296	4.1622071002454
2297	3.50440430791289
2298	2.88374051340678
2299	2.29935161505125
2300	1.75004992235296
2301	1.23218987499793
2302	0.742936880972657
2303	0.282529322503907
2304	-0.15041967822368
2305	-0.562806201545698
2306	-0.961997781103806
2307	-1.33917664586559
2308	-1.67759024198072
2309	-1.98446159619895
2310	-2.26743285216142
2311	-2.53132158812549
2312	-2.78440354911814
2313	-3.03287941935825
2314	-3.28853876205108
2315	-3.55218600888584
2316	-3.81479988418874
2317	-4.07952398601355
2318	-4.3602669886668
2319	-4.66962887822061
2320	-5.01480748691441
2321	-5.38722232431915
2322	-5.76943500651138
2323	-6.1440077702043
2324	-6.51247778295347
2325	-6.89038242696304
2326	-7.28465123719387
2327	-7.68879383683113
2328	-8.08362232297295
2329	-8.46185597044296
2330	-8.8301524440362
2331	-9.19258268435368
2332	-9.5488461839177
2333	-9.88957445738922
2334	-10.2048739845077
2335	-10.5069243646876
2336	-10.8161732592236
2337	-11.1410575506798
2338	-11.4883876455754
2339	-11.8601529391982
2340	-12.2489830769455
2341	-12.6519548087921
2342	-13.0650063725484
2343	-13.4745597253805
2344	-13.8657112099582
2345	-14.2183115191846
2346	-14.5137444521502
2347	-14.7510498761527
2348	-14.9399918222128
2349	-15.0929522538359
2350	-15.2238753739075
2351	-15.3375104453457
2352	-15.4238464398572
2353	-15.4844427042155
2354	-15.532060863417
2355	-15.5728188572555
2356	-15.5911332296627
2357	-15.5746809013889
2358	-15.5311398317937
2359	-15.4766504137329
2360	-15.4352188180646
2361	-15.4265181581126
2362	-15.4615420898682
2363	-15.5443401986997
2364	-15.6654486875048
2365	-15.792335572147
2366	-15.8863688349061
2367	-15.9286851306027
2368	-15.9254493305655
2369	-15.8986152379095
2370	-15.8695076276053
2371	-15.8526603502854
2372	-15.8611848663764
2373	-15.9050638296467
2374	-15.9877516869968
2375	-16.1099476523902
2376	-16.2693313393593
2377	-16.4649881091219
2378	-16.6966210193146
2379	-16.959316156982
2380	-17.2453478516666
2381	-17.54447700976
2382	-17.8487847107381
2383	-18.155149726283
2384	-18.4631798752018
2385	-18.7650675067235
2386	-19.0358879243267
2387	-19.2547530170885
2388	-19.4066229789056
2389	-19.4724927665659
2390	-19.4394517389079
2391	-19.320200056027
2392	-19.1347940804364
2393	-18.8789955530538
2394	-18.5566945083969
2395	-18.1802551582151
2396	-17.7504010780546
2397	-17.272462278034
2398	-16.744062392026
2399	-16.1630291207784
2400	-15.5440555234203
2401	-14.8941780362683
2402	-14.2054287970535
2403	-13.4707174232531
2404	-12.6894657590238
2405	-11.8673579964252
2406	-11.0223194105199
2407	-10.1741661147965
2408	-9.33585313673663
2409	-8.5188721127101
2410	-7.73011248964759
2411	-6.97452286669236
2412	-6.26208546976727
2413	-5.59957944881443
2414	-4.99112312471403
2415	-4.45373026137297
2416	-4.00248766564695
2417	-3.63546475581585
2418	-3.37092069068202
2419	-3.18804692946815
2420	-3.05487691220974
2421	-2.95948353070989
2422	-2.87723581556548
2423	-2.80140601216588
2424	-2.74846312219631
2425	-2.72225191942462
2426	-2.6991561409566
2427	-2.64944640334341
2428	-2.53910243832808
2429	-2.35573660684319
2430	-2.13187714164601
2431	-1.90869856692782
2432	-1.70353618297477
2433	-1.51855137858453
2434	-1.34075377072031
2435	-1.16741299246312
2436	-1.01389263549426
2437	-0.887916267382914
2438	-0.780635256067663
2439	-0.666091282848721
2440	-0.526544573536515
2441	-0.38403841473436
2442	-0.257318719397693
2443	-0.132251323769102
2444	0.0113183498716467
2445	0.195194386252781
2446	0.425969683108548
2447	0.674562175563743
2448	0.901479828703053
2449	1.09161681617768
2450	1.26741500919066
2451	1.44782661489416
2452	1.60912769296549
2453	1.72805899236874
2454	1.79623189134692
2455	1.82722861690845
2456	1.84230066870757
2457	1.83997533271458
2458	1.81029165997389
2459	1.74685512893431
2460	1.64442495357751
2461	1.50753822054912
2462	1.3439230822647
2463	1.15401209933634
2464	0.950954618375979
2465	0.750493659093801
2466	0.56556106874337
2467	0.406841696113195
2468	0.272552255005519
2469	0.151640792379849
2470	0.0394022380323551
2471	-0.0514550323947572
2472	-0.106189903147099
2473	-0.111842229754363
2474	-0.0551199566550128
2475	0.0724460356419793
2476	0.272172847759928
2477	0.537085766001067
2478	0.864727635338547
2479	1.24803229471719
2480	1.65279515097048
2481	2.02421865947498
2482	2.33245435348602
2483	2.58591048821776
2484	2.80269818393987
2485	2.97888490804571
2486	3.11220655255361
2487	3.21252860987538
2488	3.27184589890135
2489	3.27902258324142
2490	3.22011551591189
2491	3.08072765485254
2492	2.8534360342092
2493	2.52886950510313
2494	2.09948309090025
2495	1.56190517317133
2496	0.916502000316762
2497	0.167433303247405
2498	-0.677609836282402
2499	-1.60503169050414
2500	-2.5981138647892
2501	-3.6401248878336
2502	-4.71141020163199
2503	-5.79172447300141
2504	-6.86152025081596
2505	-7.90303347383067
2506	-8.90234957795456
2507	-9.84643159053986
2508	-10.7263102249821
2509	-11.5400540935322
2510	-12.2867098679933
2511	-12.9659941018464
2512	-13.5788889687392
2513	-14.137627465298
2514	-14.6542736796072
2515	-15.1175374942044
2516	-15.5060426657107
2517	-15.7987674793975
2518	-16.0039966791607
2519	-16.1563432594765
2520	-16.289019611697
2521	-16.4272886499169
2522	-16.582427773131
2523	-16.7602420949435
2524	-16.9594178828401
2525	-17.1645039129701
2526	-17.3565182633128
2527	-17.5206644849981
2528	-17.646195336674
2529	-17.7313864145805
2530	-17.7778630502914
2531	-17.7800505710266
2532	-17.7461067680694
2533	-17.6964990608231
2534	-17.6452137239356
2535	-17.5860022066714
2536	-17.4930598630009
2537	-17.355477916398
2538	-17.195074501801
2539	-17.0444190877332
2540	-16.927360791761
2541	-16.8500998586459
2542	-16.7842343288223
2543	-16.6997408456096
2544	-16.6021382569996
2545	-16.5098183168018
2546	-16.4155193556249
2547	-16.2818974444984
2548	-16.0889456064915
2549	-15.8536607447367
2550	-15.6033037790639
2551	-15.3441004752974
2552	-15.0516354927366
2553	-14.7087265229701
2554	-14.3191804087941
2555	-13.8827209535931
2556	-13.4208413793672
2557	-12.9478495817506
2558	-12.4659394876758
2559	-11.9972560788346
2560	-11.560748767138
2561	-11.1696686869331
2562	-10.8262710007534
2563	-10.5287359497939
2564	-10.2774234293737
2565	-10.0675672453504
2566	-9.89827399258775
2567	-9.76597999047207
2568	-9.66223281655257
2569	-9.58382260318543
2570	-9.52527345511555
2571	-9.47979628900933
2572	-9.4449834653091
2573	-9.42044837940998
2574	-9.40410885244939
2575	-9.38974140266234
2576	-9.36635151190856
2577	-9.32105567513733
2578	-9.23699525286317
2579	-9.10707507228683
2580	-8.94322074233088
2581	-8.76269816922585
2582	-8.58395684781021
2583	-8.42227537492442
2584	-8.29037564104487
2585	-8.19922239444855
2586	-8.14587086672055
2587	-8.1292226958012
2588	-8.14799443642073
2589	-8.19813524845863
2590	-8.27703633346424
2591	-8.37783028133032
2592	-8.49802814570855
2593	-8.63420244222405
2594	-8.78356625273139
2595	-8.94566082593409
2596	-9.11925876692944
2597	-9.30043077094516
2598	-9.48529530110238
2599	-9.67138096154438
2600	-9.85618651572993
2601	-10.0414306986056
2602	-10.2268395981273
2603	-10.4082694512449
2604	-10.58388078281
2605	-10.7516764149745
2606	-10.9097238102313
2607	-11.0584335500705
2608	-11.1972698090794
2609	-11.325063530096
2610	-11.4428955538659
2611	-11.5524818002064
2612	-11.652936929038
2613	-11.7414441341985
2614	-11.819403548355
2615	-11.88773347456
2616	-11.9434813231495
2617	-11.9859738767284
2618	-12.0153185978909
2619	-12.0310110820926
2620	-12.0304126569844
2621	-12.0112267136775
2622	-11.9728565017518
2623	-11.9156045026057
2624	-11.8431241161577
2625	-11.757077668322
2626	-11.6568637608876
2627	-11.5413818577176
2628	-11.4094612595493
2629	-11.2645086165735
2630	-11.1126386197541
2631	-10.9586226799072
2632	-10.8021440194511
2633	-10.6428216965547
2634	-10.483918435936
2635	-10.3279092403576
2636	-10.1762262606319
2637	-10.030841647704
2638	-9.89420692115391
2639	-9.76978628438442
2640	-9.66279756825746
2641	-9.57654735799405
2642	-9.51289290477425
2643	-9.46861493856918
2644	-9.41573231441696
2645	-9.32258440265648
2646	-9.18254879752958
2647	-9.00382447960004
2648	-8.79837413235323
2649	-8.57604342140541
2650	-8.34492598593364
2651	-8.10899535276211
2652	-7.87286001554027
2653	-7.63929488116835
2654	-7.4084453134472
2655	-7.18457184580151
2656	-6.96553357931804
2657	-6.75022401524452
2658	-6.54384262764547
2659	-6.34470987084991
2660	-6.1539420072134
2661	-5.97357996916456
2662	-5.80201557790079
2663	-5.63780824281054
2664	-5.47917304291147
2665	-5.32407922002144
2666	-5.17186340562394
2667	-5.02457911589537
2668	-4.87985331937688
2669	-4.73564113767561
2670	-4.59234619191224
2671	-4.44865117907614
2672	-4.30484832339845
2673	-4.16291726180543
2674	-4.02388572841504
2675	-3.88616705110508
2676	-3.74822090831435
2677	-3.61171722948685
2678	-3.47582204931575
2679	-3.33960799811816
2680	-3.20565754970949
2681	-3.07655134686833
2682	-2.95188557421384
2683	-2.82810373728981
2684	-2.70491479921707
2685	-2.58392273639485
2686	-2.46653677633977
2687	-2.35552342391406
2688	-2.25043208296873
2689	-2.14903560097417
2690	-2.05158418962281
2691	-1.95845147188516
2692	-1.86748227432118
2693	-1.77819916604244
2694	-1.69165330608958
2695	-1.60874185039271
2696	-1.52982858096908
2697	-1.45342027617998
2698	-1.37760498239303
2699	-1.29962495286336
2700	-1.21631111792816
2701	-1.12172895147502
2702	-1.01003831005344
2703	-0.887979684878152
2704	-0.757796797366785
2705	-0.609535389989561
2706	-0.437218655479534
2707	-0.239839274553841
2708	-0.0182857037607874
2709	0.227047071799659
2710	0.492492263346279
2711	0.77382472766541
2712	1.06697574014404
2713	1.36837943859199
2714	1.67221758033695
2715	1.9760245833667
2716	2.28134847786955
2717	2.58643862973731
2718	2.88774824915138
2719	3.18231562726252
2720	3.46854593168859
2721	3.74461525127485
2722	4.01145460698145
2723	4.26988612290756
2724	4.51724764537466
2725	4.75057600701629
2726	4.97086216239311
2727	5.17930747138375
2728	5.37657350621291
2729	5.56544715653775
2730	5.74673263096249
2731	5.9204435235364
2732	6.08721412011978
2733	6.24756436760994
2734	6.40199618394256
2735	6.5512632760757
2736	6.69533569651304
2737	6.83362179307041
2738	6.96443837385667
2739	7.08668406491281
2740	7.20165364620991
2741	7.30979815919536
2742	7.41189847363116
2743	7.508546017195
2744	7.60044488108126
2745	7.68724164691282
2746	7.76822962775748
2747	7.84235901603573
2748	7.90741212708679
2749	7.96400988189885
2750	8.01703488315272
2751	8.06971040596544
2752	8.12255035042099
2753	8.17734841736394
2754	8.23641656298891
2755	8.29923142876027
2756	8.36359878434124
2757	8.42934412387959
2758	8.49564235356057
2759	8.55737399793992
2760	8.60568788315897
2761	8.63191163638346
2762	8.62545980328857
2763	8.57936069664912
2764	8.48915001632932
2765	8.35163724447027
2766	8.16400140909836
2767	7.9215897821689
2768	7.62393796892823
2769	7.2767362405394
2770	6.88313771234788
2771	6.446538603108
2772	5.97692980203651
2773	5.47874452991021
2774	4.95464554393196
2775	4.41262556445794
2776	3.85925500246162
2777	3.30186026414423
2778	2.74943169950089
2779	2.20918094416248
2780	1.68599851990631
2781	1.18194083295559
2782	0.698665724915172
2783	0.240498935380982
2784	-0.187604638301793
2785	-0.583765486895106
2786	-0.948204762819445
2787	-1.28527445945485
2788	-1.59793397820959
2789	-1.88382459971732
2790	-2.1433524107264
2791	-2.38124731057123
2792	-2.60118217000502
2793	-2.80392095310633
2794	-2.98920079434909
2795	-3.15999301378583
2796	-3.32054302527882
2797	-3.47385267324942
2798	-3.62183098961078
2799	-3.76442400632759
2800	-3.89865421095205
2801	-4.02145563503372
2802	-4.13573095631776
2803	-4.24364375116163
2804	-4.34541839057949
2805	-4.44153805925761
2806	-4.53182140273765
2807	-4.61387995037231
2808	-4.68884730521223
2809	-4.75739600273915
2810	-4.81933007029907
2811	-4.87834619777152
2812	-4.93359653235689
2813	-4.98484140299904
2814	-5.03178889654084
2815	-5.07413382636669
2816	-5.11437061568464
2817	-5.15369014807435
2818	-5.19347182877176
2819	-5.23612349524543
2820	-5.28309313172632
2821	-5.33291617962603
2822	-5.38308290498795
2823	-5.42985806783067
2824	-5.46607225120241
2825	-5.48100531328488
2826	-5.46025759127559
2827	-5.38680872688275
2828	-5.2453643443404
2829	-5.02551161760624
2830	-4.71661902467768
2831	-4.31037778020943
2832	-3.80270549495866
2833	-3.19476755313662
2834	-2.4940659496845
2835	-1.71553438030718
2836	-0.869837726683501
2837	0.0399739925598931
2838	1.00287652327837
2839	2.00355497384391
2840	3.02725653928882
2841	4.05871379607158
2842	5.08262060439648
2843	6.0852569769494
2844	7.05235390689476
2845	7.97282537864175
2846	8.84360195871746
2847	9.66317072754947
2848	10.426157368405
2849	11.1343060038328
2850	11.7864994331677
2851	12.3849562010363
2852	12.9375909475845
2853	13.4469984102467
2854	13.9187999824785
2855	14.3588602101064
2856	14.7698132796909
2857	15.154267750471
2858	15.515326532498
2859	15.8564701979734
2860	16.1788050558571
2861	16.4828433163474
2862	16.7710960933319
2863	17.0445487246801
2864	17.3054006819838
2865	17.5558852195735
2866	17.7980264122497
2867	18.033557076663
2868	18.2627317044121
2869	18.4860964764682
2870	18.7051262587929
2871	18.9174038103521
2872	19.1196153128982
2873	19.3136194857674
2874	19.4998606823707
2875	19.6771948699591
2876	19.8483271354196
2877	20.0133152879754
2878	20.1713238066441
2879	20.3224908118715
2880	20.4665212165237
2881	20.6031009309151
2882	20.7297420750218
2883	20.8409596502432
2884	20.9237725196738
2885	20.961324961058
2886	20.9328613702234
2887	20.823594835654
2888	20.642126644947
2889	20.4045031572748
2890	20.1219693591598
2891	19.8058508638122
2892	19.465442667086
2893	19.1075252107623
2894	18.7353977289114
2895	18.3514684105987
2896	17.9588133026889
2897	17.5599244812805
2898	17.1553933229348
2899	16.7458627710311
2900	16.3325482218309
2901	15.9149343791052
2902	15.4950236517116
2903	15.0763778396184
2904	14.6615309874554
2905	14.2539936670601
2906	13.8581929163536
2907	13.4745866741035
2908	13.10134916508
2909	12.7400942013093
2910	12.3928866669672
2911	12.0610393377192
2912	11.7453590641506
2913	11.4459073926942
2914	11.1628856710451
2915	10.8951428368947
2916	10.6397118135918
2917	10.3950042541701
2918	10.1609646783616
2919	9.93693720856797
2920	9.72360562673689
2921	9.52036037296892
2922	9.32667358452566
2923	9.14465059463564
2924	8.9723562196269
2925	8.80471363588193
2926	8.64111980132705
2927	8.48385157442007
2928	8.33064311929742
2929	8.17966120466251
2930	8.03453087089649
2931	7.89930075560137
2932	7.77440308687498
2933	7.65635364608022
2934	7.54172031173289
2935	7.42952545299645
2936	7.32299717356075
2937	7.22380288409673
2938	7.13273499616129
2939	7.05172540873819
2940	6.98040138202749
2941	6.91375568735911
2942	6.85151401549147
2943	6.80181765713658
2944	6.7720941547139
2945	6.76915084333104
2946	6.79751571413126
2947	6.8557392448944
2948	6.94214594420534
2949	7.05661308060526
2950	7.19815084254148
2951	7.36558183589618
2952	7.55429168532708
2953	7.7637252108212
2954	7.99164598329755
2955	8.23528300872903
2956	8.49218610721912
2957	8.75840805793611
2958	9.03366088649487
2959	9.31748077351057
2960	9.60732656462483
2961	9.89982232048109
2962	10.1939950655198
2963	10.4872228252883
2964	10.7797164095124
2965	11.073000793988
2966	11.362389281573
2967	11.6413927252879
2968	11.9066655189166
2969	12.1562979272545
2970	12.388401324463
2971	12.6018150571197
2972	12.7941861721792
2973	12.9666521963548
2974	13.1228301292905
2975	13.264075302319
2976	13.3900380395292
2977	13.5011113518822
2978	13.599108723592
2979	13.6847292829371
2980	13.755224490948
2981	13.8066842654019
2982	13.8409818938447
2983	13.8627768977149
2984	13.8715925065578
2985	13.8675282376211
2986	13.849255142822
2987	13.8140144684902
2988	13.7624656913817
2989	13.694098074892
2990	13.608800181922
2991	13.5057123342658
2992	13.3850810979006
2993	13.2470081431042
2994	13.0905342531334
2995	12.9149459229636
2996	12.7174317649395
2997	12.494909044806
2998	12.2469255607824
2999	11.973312449871
3000	11.6738754968618
3001	11.3490195692492
3002	11.0004769846605
3003	10.6351133756327
3004	10.2608475173123
3005	9.88164629312502
3006	9.50462024575633
3007	9.13595472215293
3008	8.77510226432134
3009	8.41459481781702
3010	8.05525374059952
3011	7.71353707517379
3012	7.40172070499009
3013	7.11883913264748
3014	6.85262491096391
3015	6.59077610931688
3016	6.31962147095653
3017	6.03149756427215
3018	5.72985311712391
3019	5.42111383993992
3020	5.11818135721205
3021	4.83444856878793
3022	4.58288569463197
3023	4.3776859444022
3024	4.22612338811216
3025	4.12189686277299
3026	4.04545577863595
3027	3.983765634999
3028	3.93879854353144
3029	3.91893601171364
3030	3.92821045695101
3031	3.95333882581791
3032	3.9769974592295
3033	3.99846999462522
3034	4.02651809687142
3035	4.07458636351794
3036	4.15492983474592
3037	4.25804834697706
3038	4.36235887368537
3039	4.46323580968275
3040	4.57117201718382
3041	4.69815898709776
3042	4.85843887213521
3043	5.05702246843962
3044	5.2762922226203
3045	5.4942735060856
3046	5.7116054724819
3047	5.94654931764768
3048	6.20872397377169
3049	6.47615852344531
3050	6.71507204506936
3051	6.92301289941865
3052	7.11158891496278
3053	7.28533376408312
3054	7.45302354641052
3055	7.6207144001428
3056	7.78489288113291
3057	7.94023097447787
3058	8.08899809105148
3059	8.23821313506405
3060	8.3874753025016
3061	8.52852592398997
3062	8.65538421880274
3063	8.77214973978895
3064	8.89149043984616
3065	9.01875957679724
3066	9.14158092493791
3067	9.23497654206285
3068	9.29278375483413
3069	9.33368229881375
3070	9.36187043233431
3071	9.36106332733362
3072	9.3200659192451
3073	9.25001062269062
3074	9.16749198220667
3075	9.06916189233384
3076	8.94386839079339
3077	8.79169326302781
3078	8.61701310927817
3079	8.43145717103232
3080	8.25067831097955
3081	8.08956784428043
3082	7.96195930793424
3083	7.86836393071008
3084	7.80628877624919
3085	7.78203649788768
3086	7.80411676029867
3087	7.87746290739958
3088	8.00201237653639
3089	8.17016206026754
3090	8.37044665199738
3091	8.59717595920507
3092	8.84946492481018
3093	9.12797188523695
3094	9.43061777567584
3095	9.75107865872113
3096	10.0829706627877
3097	10.4219226281325
3098	10.7619379402736
3099	11.0978200420683
3100	11.4280498672699
3101	11.7496104932132
3102	12.0602335877801
3103	12.3566249266969
3104	12.6291476104894
3105	12.8478002593883
3106	13.0116247648215
3107	13.147376068473
3108	13.2671327329024
3109	13.3781038181354
3110	13.4717250985543
3111	13.5352204816762
3112	13.5664069187634
3113	13.5683563860862
3114	13.5494402663849
3115	13.5231765824821
3116	13.489226959165
3117	13.4429792196087
3118	13.3756471219761
3119	13.2888980478136
3120	13.2025205074015
3121	13.1290907723183
3122	13.0691795794477
3123	13.0096730521767
3124	12.9333630990395
3125	12.8386980983695
3126	12.7382233381332
3127	12.6427510680771
3128	12.5549194605029
3129	12.463716302656
3130	12.356542174545
3131	12.2357426859897
3132	12.1139024460356
3133	11.9934177808717
3134	11.8625357351333
3135	11.7096974585501
3136	11.5282044756687
3137	11.3216877633731
3138	11.099158244932
3139	10.8501134040677
3140	10.5602255421072
3141	10.2213724975024
3142	9.8257815953067
3143	9.37424711312578
3144	8.87530378176106
3145	8.33750869344302
3146	7.76497068312942
3147	7.17015202240378
3148	6.56639638352977
3149	5.95960583270544
3150	5.35584263725357
3151	4.76364008187782
3152	4.18659880295638
3153	3.62709078359508
3154	3.09048895079075
3155	2.57605688938817
3156	2.08419803168681
3157	1.61863454080616
3158	1.17745474533817
3159	0.758202045112407
3160	0.360466604217394
3161	-0.0166599202217827
3162	-0.373279562484666
3163	-0.71240250460697
3164	-1.03985352074816
3165	-1.35934076169113
3166	-1.67163720034415
3167	-1.97227106434752
3168	-2.24392560005668
3169	-2.4874887039633
3170	-2.70587862032622
3171	-2.90218775282621
3172	-3.08363627860219
3173	-3.2465681813157
3174	-3.39065311023044
3175	-3.51888320131287
3176	-3.63510518070783
3177	-3.74318225525535
3178	-3.84969446403359
3179	-3.96135838442103
3180	-4.08392724362052
3181	-4.21977416050819
3182	-4.36250566217275
3183	-4.50062234893993
3184	-4.63764710666233
3185	-4.78665274091546
3186	-4.95658046296668
3187	-5.14728877779121
3188	-5.34116085576047
3189	-5.52549511334111
3190	-5.7145740752247
3191	-5.92630175577574
3192	-6.16861492758231
3193	-6.44593220845528
3194	-6.75214890764716
3195	-7.06194057578809
3196	-7.33873448488421
3197	-7.56566734780448
3198	-7.74636251670472
3199	-7.885763462748
3200	-7.98362809508462
3201	-8.04668027498769
3202	-8.08617341637069
3203	-8.10924881330936
3204	-8.12568710048519
3205	-8.1379456786893
3206	-8.1308421706192
3207	-8.10595530184227
3208	-8.06738109768384
3209	-8.01522415301854
3210	-7.95462412891112
3211	-7.88443003197618
3212	-7.80629780924366
3213	-7.7193811215077
3214	-7.61903341559025
3215	-7.50403622125167
3216	-7.37274798286846
3217	-7.22321160055468
3218	-7.05654220271465
3219	-6.87435267831072
3220	-6.68275410411347
3221	-6.48895366857155
3222	-6.29090350178583
3223	-6.08603309788561
3224	-5.87948053939852
3225	-5.6753100531016
3226	-5.46220845575479
3227	-5.24469299206298
3228	-5.02711317417115
3229	-4.80737275698191
3230	-4.59314826456893
3231	-4.38616954813145
3232	-4.1947295941881
3233	-4.02570667180453
3234	-3.88830124433702
3235	-3.79025983399273
3236	-3.72927429625808
3237	-3.69981642754637
3238	-3.69631293267041
3239	-3.71729733666583
3240	-3.76580902444588
3241	-3.84138624127589
3242	-3.94090925892209
3243	-4.06164053046023
3244	-4.20162198227537
3245	-4.3614875343521
3246	-4.53901247744991
3247	-4.72864332969872
3248	-4.92588390921397
3249	-5.12948737259188
3250	-5.33521274585024
3251	-5.53682058543539
3252	-5.73295636427942
3253	-5.92531734830532
3254	-6.1144038387054
3255	-6.29854316885142
3256	-6.47451112271567
3257	-6.63768716607883
3258	-6.79178871386335
3259	-6.91942237571505
3260	-6.98672135627454
3261	-6.96858331305017
3262	-6.85790060130766
3263	-6.67753952821659
3264	-6.45625823668531
3265	-6.21460048261573
3266	-5.94360857552191
3267	-5.60573995221486
3268	-5.16600808087223
3269	-4.61812718422976
3270	-4.00182132176278
3271	-3.36335394007921
3272	-2.70578118744224
3273	-2.01732856508655
3274	-1.29434615773099
3275	-0.535312601089885
3276	0.25471217150972
3277	1.06276734252643
3278	1.87816924748793
3279	2.6917272936557
3280	3.49257150641874
3281	4.27053996446346
3282	5.01633785273079
3283	5.72313849210721
3284	6.38863669564701
3285	7.01371222301166
3286	7.59952431404001
3287	8.14806415440187
3288	8.66041910437018
3289	9.13895908841829
3290	9.58651859973994
3291	10.0056010770807
3292	10.3989451059894
3293	10.7730334358233
3294	11.1337076443151
3295	11.4818589763904
3296	11.8137390117558
3297	12.1128337367928
3298	12.3535991547765
3299	12.5302536208553
3300	12.6672276382547
3301	12.7918256638341
3302	12.9224251713397
3303	13.0720082749406
3304	13.2496285234125
3305	13.458114782827
3306	13.6921327531035
3307	13.9486961480935
3308	14.212532060379
3309	14.4631870459927
3310	14.6809969350463
3311	14.8536118308929
3312	14.9719649088825
3313	15.0285461375154
3314	15.0349660904981
3315	14.9951285498906
3316	14.8981878218891
3317	14.7354733689433
3318	14.5175220144709
3319	14.2597654060415
3320	13.9556265183519
3321	13.5937741405112
3322	13.1596788788578
3323	12.6413725115826
3324	12.040499736636
3325	11.3596598376086
3326	10.6019445400441
3327	9.77555411573403
3328	8.89150738504823
3329	7.96559756559649
3330	7.015286345456
3331	6.05454078333587
3332	5.09828866854413
3333	4.16024102217748
3334	3.25066244778335
3335	2.38181218868504
3336	1.56123795967857
3337	0.789618055366667
3338	0.0678502086820963
3339	-0.605466473292721
3340	-1.2214789509011
3341	-1.76047589865549
3342	-2.23213380925008
3343	-2.66089007232594
3344	-3.05152656077084
3345	-3.4071308082127
3346	-3.74362600420969
3347	-4.07136674317521
3348	-4.37193580219315
3349	-4.62901590080529
3350	-4.84655115005379
3351	-5.03909184457731
3352	-5.21418873723808
3353	-5.37124526320582
3354	-5.52080881049002
3355	-5.66941278993745
3356	-5.82222903239067
3357	-5.9840738382428
3358	-6.14811896078626
3359	-6.29918626752384
3360	-6.42098024128487
3361	-6.50755935572488
3362	-6.55707587426034
3363	-6.57325672684275
3364	-6.57078913830057
3365	-6.56292287970731
3366	-6.55326792124614
3367	-6.53835016683374
3368	-6.51406201714028
3369	-6.48298345884852
3370	-6.44357351147696
3371	-6.38341935845469
3372	-6.28526677010074
3373	-6.13619165032119
3374	-5.93087970924346
3375	-5.66591365029065
3376	-5.34132147674696
3377	-4.96358807471772
3378	-4.5424749687675
3379	-4.07277026270706
3380	-3.5371933367791
3381	-2.92425053808985
3382	-2.23376515908395
3383	-1.47292655946552
3384	-0.649631083120219
3385	0.225271075242693
3386	1.13516131244114
3387	2.06379708507051
3388	2.9847896783197
3389	3.87192099174808
3390	4.7045266160655
3391	5.45332592742494
3392	6.09252053605035
3393	6.60578873912406
3394	6.99945960518167
3395	7.30631871286101
3396	7.56111875154854
3397	7.78854746144207
3398	8.01193802743493
3399	8.25331312054849
3400	8.52478975331068
3401	8.83110458626357
3402	9.17216119431117
3403	9.54634664811031
3404	9.93737581236122
3405	10.3191481211833
3406	10.6830330099194
3407	11.0150518461944
3408	11.2901030493957
3409	11.5026492407709
3410	11.6657828713293
3411	11.8025609244243
3412	11.9343035162601
3413	12.0742463047041
3414	12.232725643146
3415	12.41266953636
3416	12.6043328095596
3417	12.7976176442553
3418	12.976146627612
3419	13.1101278983802
3420	13.1839517571694
3421	13.2019224684115
3422	13.1702155244693
3423	13.0904019117731
3424	12.9612894578255
3425	12.7845612987682
3426	12.569316480605
3427	12.3250474250594
3428	12.0643306233954
3429	11.8051819065684
3430	11.5637488543126
3431	11.3519402590591
3432	11.1737136718521
3433	11.0289164001585
3434	10.9169262992092
3435	10.8353218941678
3436	10.7831794236238
3437	10.7632313797992
3438	10.7787604439761
3439	10.8300136730044
3440	10.9129125036115
3441	11.021420708839
3442	11.1466273588775
3443	11.2789411543833
3444	11.4087593910011
3445	11.5132415086335
3446	11.5661512899477
3447	11.543191394592
3448	11.418721729709
3449	11.1763650725015
3450	10.811192177361
3451	10.3285898726122
3452	9.74038193008896
3453	9.06376937701298
3454	8.31174043854006
3455	7.50000569450441
3456	6.64802117700228
3457	5.7685102888065
3458	4.88026784958875
3459	4.00670797019932
3460	3.16303706841161
3461	2.35554348430217
3462	1.59141946448087
3463	0.878841773209984
3464	0.214712202319982
3465	-0.404041368417991
3466	-0.976321788898623
3467	-1.50756106433944
3468	-2.00559006721182
3469	-2.47594570485883
3470	-2.92267498278429
3471	-3.3494085844539
3472	-3.75765872642235
3473	-4.14945164037155
3474	-4.52661335556566
3475	-4.88772884785675
3476	-5.23497380293396
3477	-5.57248761762823
3478	-5.90310954966927
3479	-6.2261130412564
3480	-6.53673975894159
3481	-6.83580992838802
3482	-7.1250980930886
3483	-7.40660585039362
3484	-7.68227857635082
3485	-7.95246993841755
3486	-8.2181210237028
3487	-8.47793395640736
3488	-8.73297659993144
3489	-8.98727159479883
3490	-9.24060751021924
3491	-9.4931961401797
3492	-9.74754645644647
3493	-10.0027385475077
3494	-10.2560692191763
3495	-10.5053831635629
3496	-10.7467730306144
3497	-10.9705505302967
3498	-11.1702772177048
3499	-11.3425696192111
3500	-11.4789416073116
3501	-11.5893378980473
3502	-11.6910171255864
3503	-11.7830404432976
3504	-11.8616011722436
3505	-11.9293810366264
3506	-11.9923974364024
3507	-12.0543671160232
3508	-12.1133549615286
3509	-12.1681213290639
3510	-12.2171488666381
3511	-12.2603926721217
3512	-12.3017717522412
3513	-12.3431525903379
3514	-12.3838972498138
3515	-12.4218039138566
3516	-12.4528158478342
3517	-12.4791849402552
3518	-12.5039238966651
3519	-12.525796902414
3520	-12.5455219630453
3521	-12.5639263625304
3522	-12.5813905572093
3523	-12.5985912996609
3524	-12.615809981574
3525	-12.6303599326451
3526	-12.6376931927724
3527	-12.6330672380642
3528	-12.611047533899
3529	-12.5702184040414
3530	-12.5088552333111
3531	-12.4211448327824
3532	-12.3025419846806
3533	-12.1482370126754
3534	-11.9524115289206
3535	-11.7122799851153
3536	-11.4275040440082
3537	-11.0968877009589
3538	-10.7252497157938
3539	-10.3150637495343
3540	-9.86746109218651
3541	-9.38635386410763
3542	-8.87893444044689
3543	-8.35361077862593
3544	-7.81665664242178
3545	-7.27478246982025
3546	-6.73625712651805
3547	-6.20864733080063
3548	-5.69787508165458
3549	-5.21026003043819
3550	-4.74897137308108
3551	-4.31566772470746
3552	-3.90525343671557
3553	-3.51196629475474
3554	-3.13409403740096
3555	-2.77579929278274
3556	-2.43550958975427
3557	-2.11947539681378
3558	-1.83372336523102
3559	-1.57225204914007
3560	-1.32372398894783
3561	-1.07134530305167
3562	-0.807044885954102
3563	-0.531780501441576
3564	-0.249587688018304
3565	0.0375620763503963
3566	0.329343039374051
3567	0.625572555684511
3568	0.924138779594956
3569	1.22125597248624
3570	1.51379960998387
3571	1.79969424875266
3572	2.0756458241355
3573	2.33919772396029
3574	2.59116732285383
3575	2.83316365324345
3576	3.06363954184892
3577	3.27664669805777
3578	3.47356776918337
3579	3.65565010672867
3580	3.81708860944015
3581	3.95041346718873
3582	4.05085745573332
3583	4.1191455796913
3584	4.15808957863678
3585	4.17262387633339
3586	4.16370451305698
3587	4.13218455434662
3588	4.072983094877
3589	3.98126745547868
3590	3.8432972128238
3591	3.64607555477483
3592	3.39290364071414
3593	3.0805269751231
3594	2.70098704891107
3595	2.25031354711832
3596	1.72661633660165
3597	1.12995437173341
3598	0.460162237453466
3599	-0.277101124098872
3600	-1.06772333028545
3601	-1.89989247927057
3602	-2.76107582959264
3603	-3.634363927817
3604	-4.50279256533894
3605	-5.35233309333672
3606	-6.17290996066835
3607	-6.95447219742186
3608	-7.68992088148527
3609	-8.37738784064229
3610	-9.01343618876514
3611	-9.59935879652101
3612	-10.13794618908
3613	-10.6310536988394
3614	-11.0847520132923
3615	-11.5038697934238
3616	-11.8881219088001
3617	-12.2390181256046
3618	-12.5632137565285
3619	-12.8701839569441
3620	-13.1584205609416
3621	-13.4145238253774
3622	-13.6285278400728
3623	-13.7848420621828
3624	-13.8915400165037
3625	-13.9653646837389
3626	-14.0146676163526
3627	-14.049141951118
3628	-14.0748239784556
3629	-14.101063862351
3630	-14.1290567522099
3631	-14.1567026618657
3632	-14.1853971103788
3633	-14.2168641084625
3634	-14.252284178594
3635	-14.2916107909849
3636	-14.3331046871106
3637	-14.3718022176011
3638	-14.4016168557972
3639	-14.4187777456522
3640	-14.4243096910093
3641	-14.4224004475846
3642	-14.4172843519977
3643	-14.410202384934
3644	-14.4003583057321
3645	-14.3859954147782
3646	-14.36820219151
3647	-14.35014726291
3648	-14.3307759132738
3649	-14.3075760710715
3650	-14.2781673064563
3651	-14.2393535812903
3652	-14.1861870176072
3653	-14.1168081215973
3654	-14.0333151996718
3655	-13.9383040769008
3656	-13.8357670715797
3657	-13.7253294570034
3658	-13.6068285817105
3659	-13.4859707154796
3660	-13.363956438546
3661	-13.2313492422565
3662	-13.0803378291026
3663	-12.9122956625539
3664	-12.7142251731065
3665	-12.4724476855111
3666	-12.1799365565895
3667	-11.8288514844632
3668	-11.4183619473668
3669	-10.9472553532093
3670	-10.4160122012909
3671	-9.82673770850591
3672	-9.18772503430608
3673	-8.51334694139351
3674	-7.81822340360882
3675	-7.11296955398685
3676	-6.42982059668695
3677	-5.8028231404549
3678	-5.24456832929199
3679	-4.78440010610681
3680	-4.43028289722758
3681	-4.15592146995043
3682	-3.94839556004119
3683	-3.80978454758638
3684	-3.73858470034888
3685	-3.72186155118929
3686	-3.74100852231912
3687	-3.78488858034778
3688	-3.84971139362688
3689	-3.93185823771404
3690	-4.03049194775671
3691	-4.14016595422869
3692	-4.26056100740882
3693	-4.39090023262184
3694	-4.5295202089377
3695	-4.67559147481301
3696	-4.82272286988745
3697	-4.97070891634049
3698	-5.11996120764739
3699	-5.27122573008754
3700	-5.42614504896762
3701	-5.58519812762479
3702	-5.74607329895757
3703	-5.90696183009695
3704	-6.06920544371135
3705	-6.23043427006398
3706	-6.38735940869623
3707	-6.53847963188055
3708	-6.68298016435039
3709	-6.82443419829052
3710	-6.95577510103027
3711	-7.07835172432228
3712	-7.21982079398446
3713	-7.40960526013602
3714	-7.67053573910122
3715	-8.01901436382022
3716	-8.46668786047352
3717	-9.01698045972782
3718	-9.66700774550514
3719	-10.4082142246641
3720	-11.224510334791
3721	-12.0978092256268
3722	-13.0101864992273
3723	-13.9459523862106
3724	-14.8918127323975
3725	-15.8353150799757
3726	-16.7621680489669
3727	-17.6609661386604
3728	-18.5224672228734
3729	-19.3377963059903
3730	-20.0950322278528
3731	-20.7905972766599
3732	-21.4210990259113
3733	-21.9792354783694
3734	-22.4634173949481
3735	-22.869914875852
3736	-23.1900228370879
3737	-23.4250769083989
3738	-23.5929762552768
3739	-23.7185201824023
3740	-23.8322319972245
3741	-23.9600894280541
3742	-24.1185956783709
3743	-24.3162403532203
3744	-24.5541714318634
3745	-24.8317824334694
3746	-25.1445822910729
3747	-25.4788799502485
3748	-25.8240339099682
3749	-26.1621687850966
3750	-26.4829126565032
3751	-26.7765892055114
3752	-27.0127206793291
3753	-27.1711162730222
3754	-27.2486859525319
3755	-27.2650602616362
3756	-27.2464315017048
3757	-27.2162708452514
3758	-27.1949742053733
3759	-27.1931851283748
3760	-27.2039455529317
3761	-27.1960406970257
3762	-27.1418887266456
3763	-27.0339135054463
3764	-26.8827890757338
3765	-26.7050940843745
3766	-26.5135055144427
3767	-26.3208342893665
3768	-26.1370459964024
3769	-25.9659334620923
3770	-25.8083970366826
3771	-25.6702024264123
3772	-25.5562910286412
3773	-25.4659888257828
3774	-25.3995850611072
3775	-25.3550868416752
3776	-25.3256916801383
3777	-25.3068172367195
3778	-25.2984678324242
3779	-25.2991737344167
3780	-25.3049148219161
3781	-25.3128012024003
3782	-25.3198365678241
3783	-25.3224758286208
3784	-25.3168548839875
3785	-25.3001839422739
3786	-25.2699959999066
3787	-25.2242035086958
3788	-25.1529234169061
3789	-25.0395930876821
3790	-24.8590934035065
3791	-24.5920153663083
3792	-24.2472843916502
3793	-23.8418561946348
3794	-23.388390038124
3795	-22.8987094915705
3796	-22.3835439685683
3797	-21.8531181147556
3798	-21.3192610369891
3799	-20.794935205403
3800	-20.2854834322294
3801	-19.7922922228284
3802	-19.3154507676942
3803	-18.8530708598768
3804	-18.4082480668895
3805	-17.9819236220077
3806	-17.5752884574663
3807	-17.1879745468349
3808	-16.8170363029719
3809	-16.4640272130541
3810	-16.1268660784107
3811	-15.8024484027828
3812	-15.4918070727969
3813	-15.1931674935369
3814	-14.9049119842984
3815	-14.6286874329675
3816	-14.3631443825272
3817	-14.1071501201793
3818	-13.8588065513536
3819	-13.6142402242109
3820	-13.3749669970185
3821	-13.1435566897683
3822	-12.9196881805915
3823	-12.7041306960099
3824	-12.4967804158382
3825	-12.3004565953257
3826	-12.1225883484034
3827	-11.9656190138653
3828	-11.8214052920827
3829	-11.6784512753417
3830	-11.5197312562925
3831	-11.3264437161087
3832	-11.0874651134914
3833	-10.7935920097449
3834	-10.4431057424095
3835	-10.0426791203911
3836	-9.5977742128757
3837	-9.11244053973466
3838	-8.59263291454633
3839	-8.04965940052117
3840	-7.49065700107109
3841	-6.92232826333825
3842	-6.35445489056828
3843	-5.79213493353019
3844	-5.2404353596756
3845	-4.70551246278582
3846	-4.19217140550166
3847	-3.70262084923053
3848	-3.23475769187174
3849	-2.78752146857256
3850	-2.35773820178855
3851	-1.94394031048391
3852	-1.54578909025006
3853	-1.16261671608863
3854	-0.793049530285052
3855	-0.433187239947319
3856	-0.0756299126330865
3857	0.284189257001113
3858	0.638851362042882
3859	0.970939352038951
3860	1.26478082291312
3861	1.51684857966812
3862	1.74924604827292
3863	1.97784096178007
3864	2.20048885332956
3865	2.41884833859386
3866	2.62582173561975
3867	2.81393648544417
3868	2.9810897371643
3869	3.11287501630448
3870	3.20466651941613
3871	3.26530937561652
3872	3.3119294959847
3873	3.35424084789793
3874	3.40264396532188
3875	3.47198465308266
3876	3.56339167007809
3877	3.67617323711204
3878	3.80279519207976
3879	3.92660739324024
3880	4.04177096395954
3881	4.16375404374448
3882	4.30061792495306
3883	4.44661904748007
3884	4.59178113978627
3885	4.72166011245505
3886	4.83007108375358
3887	4.90824170962274
3888	4.95466927858753
3889	4.98092228493942
3890	4.99049815980127
3891	4.9835585953099
3892	4.95612069076681
3893	4.90297898937215
3894	4.82211151477904
3895	4.72311970364627
3896	4.60437161463559
3897	4.45949755891102
3898	4.28352811654073
3899	4.06532980611241
3900	3.79917926991387
3901	3.47554333003448
3902	3.08633438592541
3903	2.63058076502876
3904	2.1072763845535
3905	1.51839457480882
3906	0.872941540314996
3907	0.176458210174294
3908	-0.562650799888558
3909	-1.33488668757473
3910	-2.13124679904371
3911	-2.93843735138656
3912	-3.74171605301702
3913	-4.53214042972667
3914	-5.29965965719149
3915	-6.03380015573977
3916	-6.72867529816722
3917	-7.37928880215911
3918	-7.98731296222171
3919	-8.5552339024179
3920	-9.08117511339764
3921	-9.56400472655137
3922	-10.0093859941295
3923	-10.4242841320682
3924	-10.811738749486
3925	-11.1698532455898
3926	-11.4995281923558
3927	-11.8069925450538
3928	-12.0956300012317
3929	-12.3601339078211
3930	-12.5895736472576
3931	-12.7701690648639
3932	-12.89625227616
3933	-12.9839647640454
3934	-13.06522331568
3935	-13.1693968776606
3936	-13.3135880811251
3937	-13.5095814204205
3938	-13.7625804594092
3939	-14.071378579193
3940	-14.4321749009211
3941	-14.8378080286885
3942	-15.2790025032036
3943	-15.740342649305
3944	-16.2096317813857
3945	-16.6799272286921
3946	-17.142614421004
3947	-17.5938071232925
3948	-18.0285118759654
3949	-18.442349984716
3950	-18.834230094878
3951	-19.2030619277914
3952	-19.5511817426414
3953	-19.87946541532
3954	-20.1882446705784
3955	-20.4829188133414
3956	-20.7625898404205
3957	-21.0225936059788
3958	-21.2605288782832
3959	-21.4665220295638
3960	-21.6326820395023
3961	-21.7626105165359
3962	-21.8640316784478
3963	-21.9425088896348
3964	-22.0039668349984
3965	-22.0552098575244
3966	-22.0993718520481
3967	-22.1367628724516
3968	-22.1632622510377
3969	-22.1710885331962
3970	-22.1505226819285
3971	-22.0891253876059
3972	-21.9793134789533
3973	-21.8152815667346
3974	-21.5982004356722
3975	-21.3317314314472
3976	-21.021752887986
3977	-20.6675626390908
3978	-20.2827916145702
3979	-19.886450092233
3980	-19.4862507812387
3981	-19.1009581311028
3982	-18.7455983457404
3983	-18.4314309493506
3984	-18.1632036203533
3985	-17.9333033567178
3986	-17.7361080623808
3987	-17.5768276988574
3988	-17.4577606303392
3989	-17.3700074219778
3990	-17.3034855534147
3991	-17.2589221396561
3992	-17.2385041403214
3993	-17.2399424505152
3994	-17.2624105288252
3995	-17.3043275678091
3996	-17.3616996982073
3997	-17.4283532560671
3998	-17.4931939093088
3999	-17.5355459433444
4000	-17.5344869418807
4001	-17.4675729525861
4002	-17.3006342956514
4003	-17.0020789011072
4004	-16.5518779334183
4005	-15.9510105015624
4006	-15.2233677077471
4007	-14.3984901815762
4008	-13.5036457780982
4009	-12.5627079345472
4010	-11.5956216458529
4011	-10.6183183133108
4012	-9.64290452964003
4013	-8.67798962463253
4014	-7.72921131340393
4015	-6.79995253519248
4016	-5.89198992234156
4017	-5.006004331011
4018	-4.14194683165043
4019	-3.29928547724601
4020	-2.47715969163718
4021	-1.67446920444764
4022	-0.889924750574525
4023	-0.1229069747251
4024	0.625661746918804
4025	1.35539990320514
4026	2.06585050657413
4027	2.7562787613388
4028	3.42497551798038
4029	4.06481389907039
4030	4.67352309808638
4031	5.23629164858298
4032	5.73615493347601
4033	6.16856127831146
4034	6.55111424608752
4035	6.8896818509751
4036	7.16430629728502
4037	7.36620284780644
4038	7.5132567884724
4039	7.62745037002634
4040	7.71602780341749
4041	7.7880480547993
4042	7.85333708311509
4043	7.91552303006217
4044	7.97875994149736
4045	8.04986469135082
4046	8.12823161991558
4047	8.21628128875891
4048	8.31485903634417
4049	8.41696012678239
4050	8.52196659468303
4051	8.63277976711856
4052	8.74643209891381
4053	8.86023904620563
4054	8.97694575626166
4055	9.09799789436798
4056	9.22448350854158
4057	9.35788262877902
4058	9.49534495578583
4059	9.63339134314836
4060	9.76906252991291
4061	9.89886794383972
4062	10.021012374051
4063	10.1354868065103
4064	10.2416862939492
4065	10.3403594568935
4066	10.4349037128502
4067	10.5313731518843
4068	10.6363385163371
4069	10.7444073957735
4070	10.8475107933534
4071	10.9314072420474
4072	10.9712156348861
4073	10.9483713436564
4074	10.8575057259498
4075	10.7020644946097
4076	10.4842803504488
4077	10.2022661980233
4078	9.85382456206804
4079	9.434811857076
4080	8.94866360781024
4081	8.40268272984295
4082	7.79733702048586
4083	7.14145866429775
4084	6.44995382810397
4085	5.73372244257097
4086	4.99942808514653
4087	4.25512590430672
4088	3.51141316181741
4089	2.77795535832332
4090	2.06335309219291
4091	1.37791117359404
4092	0.728120020145004
4093	0.119494240485785
4094	-0.445135305491132
4095	-0.961095735686664
4096	-1.42476115455009
4097	-1.84236259800033
4098	-2.21518007086868
4099	-2.54227241724135
4100	-2.82998331341879
4101	-3.08571076232376
4102	-3.31479380354205
4103	-3.51733198050278
4104	-3.69413074841027
4105	-3.85026676208099
4106	-3.98817984339766
4107	-4.10849326032299
4108	-4.20963924611895
4109	-4.29152248729999
4110	-4.35642996497735
4111	-4.40639743568924
4112	-4.44294036899
4113	-4.46513780711655
4114	-4.47069031652902
4115	-4.45774600779749
4116	-4.42772503268888
4117	-4.38499945075458
4118	-4.32981363905921
4119	-4.2602981638253
4120	-4.18086416464767
4121	-4.09342305986427
4122	-3.99698609229347
4123	-3.89286293785084
4124	-3.78278232433446
4125	-3.66953331795005
4126	-3.55378088711385
4127	-3.4349587715043
4128	-3.3119560521068
4129	-3.17170692717622
4130	-2.98758679758019
4131	-2.722669797355
4132	-2.34133455724039
4133	-1.82123450164344
4134	-1.16584521276293
4135	-0.399233639138957
4136	0.453599777943385
4137	1.36791970876523
4138	2.32034975904998
4139	3.28977750407188
4140	4.25802997438569
4141	5.21049147499942
4142	6.13571724997171
4143	7.02604397957675
4144	7.8771927765551
4145	8.6930271269505
4146	9.48602321902014
4147	10.2718617007138
4148	11.0388518847058
4149	11.7801040437748
4150	12.5063165549515
4151	13.1846631475426
4152	13.789479464079
4153	14.3356403089078
4154	14.8492097051273
4155	15.3494287762715
4156	15.8418083525555
4157	16.3280964355938
4158	16.8034962959428
4159	17.2643270992479
4160	17.705334902234
4161	18.1118650921756
4162	18.4828754871653
4163	18.8290487686228
4164	19.1494699930092
4165	19.4514206361201
4166	19.7503008176789
4167	20.0576304232338
4168	20.3796105472075
4169	20.718480951103
4170	21.0773236210581
4171	21.457462685236
4172	21.8566231417383
4173	22.26976960444
4174	22.6912486695671
4175	23.1188457165245
4176	23.5506190438212
4177	23.9833745360958
4178	24.4155029142102
4179	24.8455106402674
4180	25.2719575039619
4181	25.6916885658078
4182	26.1009857729016
4183	26.4939751714136
4184	26.8680963032859
4185	27.2240892771532
4186	27.5580452913531
4187	27.858470069086
4188	28.1097116319407
4189	28.2985483806577
4190	28.4272687984875
4191	28.5141721159941
4192	28.5737768012082
4193	28.6228801215889
4194	28.6853946671251
4195	28.77766900508
4196	28.909321207964
4197	29.0876800790228
4198	29.3139015487419
4199	29.587836854769
4200	29.894420469907
4201	30.203272692264
4202	30.5020591542265
4203	30.7945937701228
4204	31.0824752441261
4205	31.3695203131788
4206	31.6640599406384
4207	31.9623218489496
4208	32.2477643517918
4209	32.507396309758
4210	32.7428576859729
4211	32.9676117860674
4212	33.1867357585653
4213	33.3952342861509
4214	33.592610932577
4215	33.7869757817824
4216	33.9884447346144
4217	34.1923805715958
4218	34.380939253637
4219	34.5437764633175
4220	34.6801335158801
4221	34.7926405769019
4222	34.8840319418824
4223	34.9562619854189
4224	35.0083288242865
4225	35.0372943946853
4226	35.0455910903587
4227	35.0451617965004
4228	35.0447172819547
4229	35.0373606071659
4230	35.0133334904043
4231	34.9708539803411
4232	34.9109950419
4233	34.8341084251232
4234	34.7446521023207
4235	34.6469447142192
4236	34.5409408581015
4237	34.425369263707
4238	34.2995013962686
4239	34.1655147341046
4240	34.0260373992111
4241	33.8787230772124
4242	33.7200022846104
4243	33.5490214544413
4244	33.3687778912879
4245	33.1889773261053
4246	33.0148768662863
4247	32.8504153418078
4248	32.7054595408511
4249	32.5932352364336
4250	32.5224048796562
4251	32.4937139276522
4252	32.5047713804287
4253	32.5507634357826
4254	32.6251714565174
4255	32.7268121510739
4256	32.8581857408288
4257	33.0181039238235
4258	33.2019227836496
4259	33.4026966288876
4260	33.6184456370005
4261	33.8484695474916
4262	34.0876503012819
4263	34.3316474446903
4264	34.5799154550653
4265	34.832765418224
4266	35.0875724041276
4267	35.3409306610417
4268	35.5901228745203
4269	35.8333930273915
4270	36.0627976800444
4271	36.2651359676775
4272	36.4243751209759
4273	36.528102604526
4274	36.5851322151838
4275	36.6205937516161
4276	36.6559017076392
4277	36.7060828322184
4278	36.7832482668646
4279	36.8943381579231
4280	37.0430270790468
4281	37.2311853440496
4282	37.4595062306597
4283	37.7240663399484
4284	38.0175157677351
4285	38.3358230924432
4286	38.6754909657623
4287	39.030437603151
4288	39.3950091900901
4289	39.7636045611689
4290	40.1284016290218
4291	40.4840235210715
4292	40.8286510105991
4293	41.159589440137
4294	41.4735286286233
4295	41.7683698377737
4296	42.0435868274061
4297	42.3000152740152
4298	42.5411223737345
4299	42.7678305611472
4300	42.9798517910736
4301	43.1790224839961
4302	43.3663649591783
4303	43.5426662270834
4304	43.7072257079361
4305	43.8622362156829
4306	44.011141816902
4307	44.1489871154474
4308	44.2637454167695
4309	44.3471938203343
4310	44.3963248228635
4311	44.4075600104745
4312	44.3794765834141
4313	44.3132564150129
4314	44.2075030046143
4315	44.0551324981947
4316	43.8467488391976
4317	43.5757471431184
4318	43.2394113651718
4319	42.8349994196571
4320	42.3613441166017
4321	41.819463161973
4322	41.2127973919353
4323	40.5485341847503
4324	39.8339357938318
4325	39.0744048486412
4326	38.272274500768
4327	37.4335332267397
4328	36.5694474195357
4329	35.6909341372243
4330	34.8061572132896
4331	33.926679401191
4332	33.0654935892727
4333	32.2305899907995
4334	31.4322846919074
4335	30.6816274841069
4336	29.9831444567363
4337	29.3396249654977
4338	28.754755695769
4339	28.2335854555817
4340	27.7761273079765
4341	27.3711127190323
4342	27.0080230775379
4343	26.6786610200999
4344	26.3673426386905
4345	26.059416048015
4346	25.7480138397616
4347	25.4289983759223
4348	25.0994941634861
4349	24.759267544877
4350	24.4078108565535
4351	24.0449600024581
4352	23.6732404919794
4353	23.2971798112965
4354	22.9226098374503
4355	22.5560441427338
4356	22.2020808572167
4357	21.860767048848
4358	21.5283927939726
4359	21.2032710576018
4360	20.889863052768
4361	20.599786661837
4362	20.3502609418348
4363	20.1490583021133
4364	19.9956579166246
4365	19.8910259159166
4366	19.8217151552013
4367	19.7768514789883
4368	19.7652752043998
4369	19.7883597088189
4370	19.8379353602283
4371	19.9028420051066
4372	19.9733869221418
4373	20.0537158661662
4374	20.1574153241488
4375	20.2875684080746
4376	20.4412373639838
4377	20.6229307978186
4378	20.8302292689907
4379	21.0567892349814
4380	21.305364639439
4381	21.5734072561382
4382	21.8523408779234
4383	22.1434816902506
4384	22.454512842346
4385	22.7784418483437
4386	23.1078351806247
4387	23.4478721010635
4388	23.7967904967898
4389	24.1518062317852
4390	24.51532605342
4391	24.884666921888
4392	25.2584374288441
4393	25.6316138119092
4394	25.9954858905704
4395	26.3475002265911
4396	26.6842019249507
4397	27.0036817646064
4398	27.3069606700172
4399	27.5958304765118
4400	27.8756847127052
4401	28.1500273307198
4402	28.4037567925327
4403	28.6186716338757
4404	28.7960288856922
4405	28.9602024321022
4406	29.130007187852
4407	29.3044427382084
4408	29.4710942982377
4409	29.6205762807941
4410	29.7699393698953
4411	29.9284740830126
4412	30.0955592374183
4413	30.2700666098744
4414	30.4425119077085
4415	30.6036601678521
4416	30.7498455252785
4417	30.8864292906539
4418	31.022911077302
4419	31.1653161224029
4420	31.3041246282809
4421	31.4274334892921
4422	31.5407825047792
4423	31.6535240806422
4424	31.7670908911946
4425	31.8739177751672
4426	31.9663001551931
4427	32.0467248357154
4428	32.1237830098403
4429	32.2052884475683
4430	32.2897561912564
4431	32.3691283015741
4432	32.4391424502393
4433	32.5028211353189
4434	32.5680560979989
4435	32.6400974418534
4436	32.7148396199044
4437	32.7852889405188
4438	32.8508254461192
4439	32.9127245684518
4440	32.9715887051726
4441	33.0303941855365
4442	33.0929127269346
4443	33.1599545512449
4444	33.2290397048845
4445	33.2954749034772
4446	33.3588441577439
4447	33.4256055762586
4448	33.5014405671433
4449	33.582884780355
4450	33.6631393835049
4451	33.7421574531226
4452	33.821821877482
4453	33.9022909632714
4454	33.9808580792121
4455	34.0526918583297
4456	34.1191248750475
4457	34.1907070463269
4458	34.2771020295377
4459	34.3793307501272
4460	34.494955116355
4461	34.6229293932202
4462	34.7658213176089
4463	34.9229639229964
4464	35.0904486606991
4465	35.2550638969202
4466	35.3991072959432
4467	35.5182268522238
4468	35.6090751809457
4469	35.6661730465109
4470	35.6905651313573
4471	35.6855497163609
4472	35.6523075202323
4473	35.5912655640925
4474	35.5020789935811
4475	35.3862917319272
4476	35.2466637847027
4477	35.0861545119177
4478	34.9082027452403
4479	34.7156211860753
4480	34.5096355334694
4481	34.2917310887532
4482	34.0655629385674
4483	33.8341441940941
4484	33.5989627470688
4485	33.3605113697771
4486	33.1223916404894
4487	32.8890030560456
4488	32.6637989919045
4489	32.4495468911123
4490	32.2482432472557
4491	32.0616754286052
4492	31.8882802200173
4493	31.7248557799037
4494	31.5739599667382
4495	31.4417519878993
4496	31.3350919904195
4497	31.2578205469852
4498	31.2160950258422
4499	31.2087444089178
4500	31.2275467254436
4501	31.2687686942222
4502	31.3256958212819
4503	31.3946022896003
4504	31.4773318646615
4505	31.5755735978018
4506	31.6844794158343
4507	31.7996274690598
4508	31.921374993623
4509	32.0541420937569
4510	32.1991659180665
4511	32.3508117758579
4512	32.504368585474
4513	32.6581787719833
4514	32.812091840827
4515	32.9701332638462
4516	33.1345382090082
4517	33.3020796302372
4518	33.4746057076174
4519	33.6538504175605
4520	33.8411810197978
4521	34.0391230799183
4522	34.2476319403729
4523	34.4636826447221
4524	34.6794461588875
4525	34.8906312921292
4526	35.1022606176212
4527	35.3176656306521
4528	35.5288625561303
4529	35.7312575888165
4530	35.9369101333737
4531	36.1530430391564
4532	36.3691025524936
4533	36.5802730214251
4534	36.7854196704181
4535	36.9803602990411
4536	37.1661344209286
4537	37.3439986897307
4538	37.5105750943661
4539	37.6580332356225
4540	37.7818664814654
4541	37.8755913121898
4542	37.9296347751431
4543	37.9373003230598
4544	37.8934962915312
4545	37.7980732115871
4546	37.6548161084803
4547	37.4676505994901
4548	37.2429728248182
4549	36.9907175938496
4550	36.7250395990574
4551	36.4651027049884
4552	36.2216977324812
4553	35.9929901740968
4554	35.7828442597973
4555	35.5976660879947
4556	35.4389872544501
4557	35.3045493104601
4558	35.1940504557938
4559	35.1095361072222
4560	35.0543977236371
4561	35.0301310103884
4562	35.0360970016161
4563	35.072854222494
4564	35.1397558147355
4565	35.2344951723839
4566	35.3558176639824
4567	35.4998691420072
4568	35.6622019588787
4569	35.845532325079
4570	36.056489402783
4571	36.3018519901835
4572	36.5835815756348
4573	36.9016490302325
4574	37.2558594362014
4575	37.6459324867846
4576	38.0694123570162
4577	38.521077808415
4578	38.9948215335639
4579	39.4817878421936
4580	39.9726135742045
4581	40.4630969008273
4582	40.9534247364342
4583	41.4422261367306
4584	41.9254718635647
4585	42.4018197645504
4586	42.8574802057502
4587	43.2742362937737
4588	43.65987035368
4589	44.0179486723492
4590	44.3531983775596
4591	44.6749244090979
4592	44.9801503816027
4593	45.2688515221917
4594	45.5446349133021
4595	45.8096169056151
4596	46.0631150153182
4597	46.3049818824319
4598	46.5372145036656
4599	46.7611638195437
4600	46.9775370095451
4601	47.1873384656017
4602	47.3888984766752
4603	47.581379867784
4604	47.7667605965757
4605	47.9461448026357
4606	48.1194835353871
4607	48.2859099369267
4608	48.4440298437894
4609	48.5939439302946
4610	48.7364967378642
4611	48.8702686928749
4612	48.9941406057714
4613	49.1069475721642
4614	49.2050434820073
4615	49.2882019059276
4616	49.3541431177462
4617	49.3984984598703
4618	49.4226046195133
4619	49.4364296568322
4620	49.4558655490821
4621	49.4918163070679
4622	49.549442539215
4623	49.6329095180958
4624	49.7465735788267
4625	49.8931791837793
4626	50.0689181028279
4627	50.2653589476057
4628	50.4773901493758
4629	50.7048924393954
4630	50.9480594360745
4631	51.1995682458828
4632	51.4477514373407
4633	51.6864084231709
4634	51.9116695816559
4635	52.1150988433812
4636	52.2959051815989
4637	52.465817883129
4638	52.6368259572595
4639	52.8174341851235
4640	53.0135799191667
4641	53.2276428540318
4642	53.4616704572849
4643	53.7170894104836
4644	53.9910424812583
4645	54.280825876195
4646	54.5849604909102
4647	54.9009839610447
4648	55.2259315667538
4649	55.5581945511501
4650	55.8968373991038
4651	56.2388997471332
4652	56.5796487049431
4653	56.9147066937277
4654	57.2362545679605
4655	57.5367550904604
4656	57.8114856714658
4657	58.0519223497729
4658	58.2489116454444
4659	58.3957140796366
4660	58.4926289019767
4661	58.5505442036704
4662	58.5839467338188
4663	58.6059452020847
4664	58.6295547739329
4665	58.6649908261179
4666	58.718561627292
4667	58.7939033384133
4668	58.892040453516
4669	59.0133321061211
4670	59.1546537980318
4671	59.3110416662856
4672	59.478786807541
4673	59.6562467245518
4674	59.8440623582643
4675	60.0401580261876
4676	60.2356518550736
4677	60.4147105475782
4678	60.5655061327451
4679	60.6819486789155
4680	60.762014792286
4681	60.8145983492756
4682	60.8528270920349
4683	60.8834011315629
4684	60.9118729421315
4685	60.9442570798161
4686	60.9824242549584
4687	61.027589172682
4688	61.0815926871176
4689	61.1429719855766
4690	61.2095132924511
4691	61.2802223082144
4692	61.3523192264544
4693	61.424757171607
4694	61.4975555880636
4695	61.5708147738102
4696	61.6449142220878
4697	61.7200746027329
4698	61.7959174922336
4699	61.8719028687444
4700	61.94599273415
4701	62.015860777778
4702	62.0791667420725
4703	62.131596781102
4704	62.1675338931737
4705	62.179881618813
4706	62.1603227861958
4707	62.1002065009652
4708	61.9924770701298
4709	61.8319092069983
4710	61.614570479743
4711	61.3354119260422
4712	60.9906708567927
4713	60.5796611979585
4714	60.1030742377471
4715	59.5650931242695
4716	58.9730017326603
4717	58.334384548667
4718	57.657038243133
4719	56.9488403602004
4720	56.2175926237564
4721	55.4708532564026
4722	54.7157715384329
4723	53.9589349822731
4724	53.206237317512
4725	52.4627716152785
4726	51.7332885651779
4727	51.0231547133225
4728	50.3368059776569
4729	49.6772642769465
4730	49.0459896422436
4731	48.4428208330761
4732	47.8694471911409
4733	47.3273993937819
4734	46.8158843809203
4735	46.3318755976377
4736	45.8734759946863
4737	45.440694791912
4738	45.0344857517131
4739	44.6580227883401
4740	44.3127055442914
4741	43.9990678840808
4742	43.7193765029594
4743	43.4733463953972
4744	43.2534619930248
4745	43.0502967894377
4746	42.8554177938029
4747	42.6598134516709
4748	42.4563651530024
4749	42.2412447151168
4750	42.0130706932639
4751	41.7737053553676
4752	41.5278967014289
4753	41.2785972047468
4754	41.0298278430763
4755	40.7875440376654
4756	40.5579890753474
4757	40.3480840543058
4758	40.1608068202626
4759	39.9959026817924
4760	39.8518738323068
4761	39.7293484166107
4762	39.630032935038
4763	39.5528104755995
4764	39.4960003911403
4765	39.4564996625132
4766	39.4270229068814
4767	39.404174930364
4768	39.3919065239294
4769	39.3935701881657
4770	39.4113567585529
4771	39.450364110629
4772	39.5134867186904
4773	39.6001689636332
4774	39.7114118736813
4775	39.8493830616574
4776	40.0126495960946
4777	40.198358286891
4778	40.4048821936581
4779	40.6324901232971
4780	40.882263506166
4781	41.1541942498579
4782	41.4483328783287
4783	41.7651441738351
4784	42.1055325442552
4785	42.4696473065533
4786	42.8563654665869
4787	43.2639408391784
4788	43.6907155332433
4789	44.1355707127118
4790	44.5972427490961
4791	45.0726173318487
4792	45.5584468272714
4793	46.0525780979024
4794	46.5519718340433
4795	47.0515844448588
4796	47.5496375747992
4797	48.0448672514328
4798	48.5301004741684
4799	48.9967087412184
4800	49.4337072386408
4801	49.8275801386913
4802	50.1752688072021
4803	50.4687344318385
4804	50.7096213627941
4805	50.9100623959792
4806	51.0810583224887
4807	51.2370117413354
4808	51.3894362892673
4809	51.5426152729356
4810	51.6848575214064
4811	51.8009344152086
4812	51.8870923860428
4813	51.954288126703
4814	52.0131866371279
4815	52.0663293787082
4816	52.1100960428045
4817	52.1392749391356
4818	52.1567293262758
4819	52.1720043199489
4820	52.1877955628384
4821	52.1971478389859
4822	52.1955543243616
4823	52.1865527644844
4824	52.177718996767
4825	52.1710896335122
4826	52.1610771959158
4827	52.1429485617127
4828	52.1192899839578
4829	52.0979564950217
4830	52.0859161053828
4831	52.0784892869813
4832	52.0643500435976
4833	52.0393707008689
4834	52.0080332842423
4835	51.9770687923049
4836	51.9522214109599
4837	51.9328525875098
4838	51.9088897497286
4839	51.8724805146237
4840	51.8267946076196
4841	51.7811629942592
4842	51.7409184669689
4843	51.7050088116363
4844	51.6673514751514
4845	51.6235200723312
4846	51.5765842651539
4847	51.5337248314706
4848	51.4952229785242
4849	51.4530633285175
4850	51.4011921567613
4851	51.3418487276326
4852	51.2807521259566
4853	51.2199237398172
4854	51.1556711316759
4855	51.0828483678666
4856	51.0005129482659
4857	50.913605175006
4858	50.8270166559621
4859	50.7370543852577
4860	50.6426643076874
4861	50.5462463180115
4862	50.448429205883
4863	50.3559019217476
4864	50.2738981265245
4865	50.2060772620527
4866	50.1554085912215
4867	50.1217632912398
4868	50.1033243221269
4869	50.0947387156523
4870	50.0915900734939
4871	50.0940435903063
4872	50.102667821707
4873	50.1170914738717
4874	50.1353793568556
4875	50.1552544688746
4876	50.1750844438006
4877	50.191194872369
4878	50.2007621526543
4879	50.203498936156
4880	50.1989553530991
4881	50.1858485385695
4882	50.1643825826399
4883	50.1355698867558
4884	50.1015296276476
4885	50.0644400701929
4886	50.0274771218177
4887	49.9958594672007
4888	49.9698340146067
4889	49.9456610987533
4890	49.919678406625
4891	49.8875037910026
4892	49.8464154973094
4893	49.7973562669164
4894	49.7412033334994
4895	49.6771224860593
4896	49.6057216536409
4897	49.5283591679607
4898	49.446736465871
4899	49.3629156715896
4900	49.2789766389976
4901	49.1979874374763
4902	49.1234708996315
4903	49.0563228298376
4904	48.9960861404905
4905	48.9440393039344
4906	48.9017328118357
4907	48.8700917681898
4908	48.8487358382131
4909	48.8355536979255
4910	48.8282396176258
4911	48.8263272695944
4912	48.8305123867649
4913	48.8403997908153
4914	48.8554379580662
4915	48.8748736478562
4916	48.8989117893221
4917	48.9284897304193
4918	48.9634380394521
4919	49.002842797748
4920	49.0452134635889
4921	49.0857882941588
4922	49.1145743969738
4923	49.1208652676786
4924	49.0970785395183
4925	49.0381865488199
4926	48.9389546524803
4927	48.7958502562777
4928	48.6095229649808
4929	48.383435285581
4930	48.1201224030241
4931	47.8196627220241
4932	47.4852346293525
4933	47.124485504212
4934	46.7405582112206
4935	46.3339011574232
4936	45.9115980541055
4937	45.4792675656675
4938	45.0418770255082
4939	44.604637972807
4940	44.169651447308
4941	43.7419397260979
4942	43.3268844030848
4943	42.9264641444815
4944	42.5400955019635
4945	42.1672115272361
4946	41.8094705529303
4947	41.4682596489373
4948	41.1451544896105
4949	40.8418306856063
4950	40.5579650463037
4951	40.2936326838118
4952	40.0486587707624
4953	39.8210542298386
4954	39.6095962000312
4955	39.4141772671544
4956	39.2340356496273
4957	39.0666770828323
4958	38.9105163304735
4959	38.765070488693
4960	38.628166208305
4961	38.4997466485533
4962	38.3798122561577
4963	38.2681252480134
4964	38.1643563850227
4965	38.0678609924894
4966	37.9780689818791
4967	37.8932639141174
4968	37.8131735627149
4969	37.7387622753161
4970	37.6697277333469
4971	37.6050875713257
4972	37.5449912662361
4973	37.4897746629026
4974	37.4395653737055
4975	37.3956993945815
4976	37.3568622392483
4977	37.3219083658822
4978	37.2907880297034
4979	37.2665020097551
4980	37.2573211413944
4981	37.2746353069577
4982	37.3298590926464
4983	37.430548005953
4984	37.5835881843041
4985	37.7967240578824
4986	38.077092293076
4987	38.4286986420917
4988	38.8515486309186
4989	39.3460947510107
4990	39.9104560978838
4991	40.5371594793047
4992	41.2185774821532
4993	41.9446255901717
4994	42.7036770164757
4995	43.4846013401981
4996	44.2767702112997
4997	45.0694514537367
4998	45.8522227868457
4999	46.6159723247287
5000	47.3533303091342
5001	48.0591863247292
5002	48.7288988335879
5003	49.3594383737962
5004	49.9478843181812
5005	50.4946359947501
5006	51.0026764009614
5007	51.4740821363475
5008	51.9114674545098
5009	52.3157472998889
5010	52.6886151701729
5011	53.0326165274657
5012	53.3486551819129
5013	53.6384820961974
5014	53.9054256044608
5015	54.1520332338228
5016	54.3778508441822
5017	54.5827792854241
5018	54.7688618088405
5019	54.9398025737369
5020	55.0992380768872
5021	55.2492944283028
5022	55.3934504698212
5023	55.5340133314256
5024	55.6716160292454
5025	55.806501485522
5026	55.9363674483147
5027	56.0553486647458
5028	56.1534502022321
5029	56.2174412317265
5030	56.2405818924915
5031	56.2252559206887
5032	56.1684800087186
5033	56.0648545429677
5034	55.9193254929105
5035	55.7461518339188
5036	55.5588031946135
5037	55.3552465141777
5038	55.1243328433707
5039	54.8621724592177
5040	54.576500012105
5041	54.2777416390571
5042	53.9693760112033
5043	53.6501153480319
5044	53.3159058910311
5045	52.9663795488334
5046	52.6041587899129
5047	52.2338552572662
5048	51.8622916320308
5049	51.4917358516863
5050	51.1193622616069
5051	50.7476512960141
5052	50.3823550571675
5053	50.0249249068918
5054	49.6764351972257
5055	49.3369369197995
5056	49.0050618657483
5057	48.6835137965854
5058	48.3756895104833
5059	48.0819905154627
5060	47.802129509634
5061	47.5366593676098
5062	47.284472867132
5063	47.0457747340268
5064	46.8207265195112
5065	46.6089197435057
5066	46.413475973412
5067	46.2335309208485
5068	46.066965745903
5069	45.9130645504615
5070	45.7707397056888
5071	45.6389646756068
5072	45.5153763740711
5073	45.3998049927417
5074	45.2893780314981
5075	45.1813461420588
5076	45.0804002112981
5077	44.9896102181601
5078	44.9109435471111
5079	44.8436887498204
5080	44.7837472749111
5081	44.7314124023678
5082	44.6894865436074
5083	44.6583340637463
5084	44.6376417113315
5085	44.6310678049084
5086	44.6408451404913
5087	44.6650582019197
5088	44.699372584637
5089	44.7371498796213
5090	44.7772309849596
5091	44.8208445899088
5092	44.8655724434855
5093	44.911393534055
5094	44.9586765700898
5095	45.0047622172618
5096	45.0483005774352
5097	45.0858540283312
5098	45.1123400608758
5099	45.1273749290492
5100	45.134951918857
5101	45.1414218078654
5102	45.1500093058055
5103	45.156144897589
5104	45.152033440271
5105	45.1356202137645
5106	45.1129835251084
5107	45.093698880557
5108	45.0808590928247
5109	45.0706675936754
5110	45.060789999741
5111	45.0504999447636
5112	45.0371998217742
5113	45.0203856095157
5114	45.0011891671586
5115	44.9803235185843
5116	44.9591048980271
5117	44.9373430171307
5118	44.9157922661479
5119	44.8948432386567
5120	44.8746319490463
5121	44.8566525113252
5122	44.8395077932209
5123	44.8186237737224
5124	44.7905272939215
5125	44.7562364775732
5126	44.7216050164512
5127	44.6912286246786
5128	44.6629206051877
5129	44.6266634026058
5130	44.5765922374069
5131	44.5225928461722
5132	44.4772143388095
5133	44.4428745730051
5134	44.4168784422307
5135	44.3977850733702
5136	44.3829679143963
5137	44.3691387073137
5138	44.3551982784652
5139	44.3430828706085
5140	44.3378540116612
5141	44.3427014184738
5142	44.3539855546533
5143	44.364967407249
5144	44.3741488586735
5145	44.3820571005807
5146	44.3883195661665
5147	44.3936836200115
5148	44.4017816109186
5149	44.4166546781408
5150	44.4372359988446
5151	44.4550053043385
5152	44.463715386464
5153	44.4698539517372
5154	44.4867473781753
5155	44.5183874197176
5156	44.5559603392874
5157	44.588279007877
5158	44.6113573502953
5159	44.6295646387283
5160	44.6475969226139
5161	44.6679915384822
5162	44.6904796872811
5163	44.7137154885993
5164	44.735873659417
5165	44.7565893266307
5166	44.7802008393492
5167	44.8108278765612
5168	44.8491701112329
5169	44.8961444627104
5170	44.9522166575287
5171	45.0153527353899
5172	45.0836360677127
5173	45.1574190170446
5174	45.2362482357732
5175	45.3176954114381
5176	45.3999201159663
5177	45.4841692713404
5178	45.5731420459283
5179	45.6673910557987
5180	45.7661937432772
5181	45.8723328935687
5182	45.9894660835335
5183	46.1184537159083
5184	46.257103463005
5185	46.4026886490393
5186	46.5537680216347
5187	46.7093570687501
5188	46.8704903163856
5189	47.0353284462587
5190	47.2019768903484
5191	47.3704183860255
5192	47.5349205218641
5193	47.6912969170173
5194	47.8417774480433
5195	47.9843716188338
5196	48.121411616225
5197	48.2605146340092
5198	48.4074130250969
5199	48.5656610266923
5200	48.7365604968773
5201	48.9223982701206
5202	49.1234795625554
5203	49.3395510115929
5204	49.5698652994945
5205	49.8113577068542
5206	50.061665830988
5207	50.3182360235638
5208	50.5751596914704
5209	50.8264040622188
5210	51.069694231498
5211	51.3036563858938
5212	51.5268266468274
5213	51.7392358992308
5214	51.9406634956929
5215	52.1317117725554
5216	52.3140338704355
5217	52.4876572010427
5218	52.6527633194864
5219	52.8125455639565
5220	52.9699086952469
5221	53.1203438292499
5222	53.2559085661238
5223	53.3649746207207
5224	53.437560706159
5225	53.4769798269979
5226	53.4882178684124
5227	53.4722021362816
5228	53.4277571273684
5229	53.3532959102721
5230	53.2507389413663
5231	53.1218821631413
5232	52.9683691248393
5233	52.7910802724077
5234	52.5891714700097
5235	52.3623160994347
5236	52.1117806388212
5237	51.8392817456377
5238	51.5453191842394
5239	51.2292824492772
5240	50.8942384598579
5241	50.5451191484127
5242	50.184207766112
5243	49.8142732862152
5244	49.4379573883613
5245	49.0550127641494
5246	48.665640631271
5247	48.2751323309115
5248	47.89146415851
5249	47.5165756127308
5250	47.1493860411748
5251	46.7903942285111
5252	46.4417315901634
5253	46.1070965343015
5254	45.7893871362511
5255	45.4895298190391
5256	45.2063883710835
5257	44.9404730873687
5258	44.6938116814915
5259	44.4671243006154
5260	44.2596896841131
5261	44.0705634389471
5262	43.8985509524338
5263	43.7415363355749
5264	43.5978094197879
5265	43.4671528851905
5266	43.3493073907703
5267	43.2416486528529
5268	43.1442697820929
5269	43.0600717607862
5270	42.9856137488084
5271	42.919231329594
5272	42.8640234537264
5273	42.8203878325619
5274	42.787425215233
5275	42.7642844736834
5276	42.749353853684
5277	42.7420891378306
5278	42.7436572664198
5279	42.7532227876908
5280	42.7672978380215
5281	42.7835064316812
5282	42.8027176740556
5283	42.8268339092432
5284	42.856268775864
5285	42.8903471469854
5286	42.9288121786086
5287	42.9711359042384
5288	43.0164460995432
5289	43.0666842984027
5290	43.123490282064
5291	43.1861126143677
5292	43.2533619308984
5293	43.3247392830596
5294	43.4030369270625
5295	43.4950466315445
5296	43.6087010337397
5297	43.7470636650002
5298	43.9101811703922
5299	44.1006435357868
5300	44.3197237811501
5301	44.5640179378141
5302	44.8321032766195
5303	45.1251359966543
5304	45.442938989529
5305	45.7842553459226
5306	46.1463745355209
5307	46.5241830273128
5308	46.9116383068613
5309	47.3046992148948
5310	47.7002337217457
5311	48.0941208837909
5312	48.4824747733945
5313	48.8622801670129
5314	49.2299084580818
5315	49.5839815648957
5316	49.9259948915633
5317	50.2575046256047
5318	50.5805910722584
5319	50.8917376000933
5320	51.1758340749055
5321	51.4276091859886
5322	51.6574804183604
5323	51.8702556165254
5324	52.0702708556859
5325	52.2648641701885
5326	52.456092256956
5327	52.6434770417339
5328	52.8268995657807
5329	53.0065965995274
5330	53.1806983996369
5331	53.3474753409667
5332	53.5056557081325
5333	53.6528107572292
5334	53.789836411601
5335	53.9161925772578
5336	54.0286198531975
5337	54.1305770493757
5338	54.2225341176893
5339	54.3023241571761
5340	54.3715361236459
5341	54.4287187613794
5342	54.4762066558573
5343	54.5189455167586
5344	54.5587745802314
5345	54.5950185130115
5346	54.6271821428565
5347	54.6516274154185
5348	54.6687386251867
5349	54.6822244152919
5350	54.6923108535114
5351	54.6992864438914
5352	54.7003469778075
5353	54.6929800779704
5354	54.6796740516302
5355	54.665052129384
5356	54.6494391480412
5357	54.6309865926546
5358	54.6072747069072
5359	54.5753363653065
5360	54.5381966642926
5361	54.4994165582345
5362	54.4605129016421
5363	54.4212394334148
5364	54.37959035087
5365	54.3332747071242
5366	54.2828807096512
5367	54.2326035132635
5368	54.1836270000851
5369	54.134797743244
5370	54.0831583288575
5371	54.0273790980623
5372	53.9701100713776
5373	53.9147148506697
5374	53.8624534687135
5375	53.8130811010686
5376	53.7630921681554
5377	53.7088686291672
5378	53.6499154368408
5379	53.5868740211008
5380	53.5193804851528
5381	53.4449190021688
5382	53.3617262144294
5383	53.2698023130853
5384	53.1696266504446
5385	53.0583010952807
5386	52.9345158970546
5387	52.8000657878083
5388	52.6542118862031
5389	52.4944765315923
5390	52.3199976288135
5391	52.1308274297647
5392	51.9261092406846
5393	51.7053331799558
5394	51.4704989031776
5395	51.2232850704596
5396	50.9642447375497
5397	50.6956588344031
5398	50.4194573013221
5399	50.1379038499629
5400	49.853389344328
5401	49.5674646105758
5402	49.2848509519997
5403	49.0111812755709
5404	48.7476570269464
5405	48.4974483819438
5406	48.2705945168827
5407	48.0687482704187
5408	47.8905728473689
5409	47.7363751013719
5410	47.6048818494097
5411	47.499197828351
5412	47.4192983471707
5413	47.3616363151668
5414	47.321954936373
5415	47.2963307873414
5416	47.2834547065266
5417	47.2826341918155
5418	47.2937766604803
5419	47.31464326548
5420	47.3416152476729
5421	47.3719352512094
5422	47.4046801048432
5423	47.4407197899665
5424	47.4793558990868
5425	47.5201341246398
5426	47.563814857417
5427	47.6113873861657
5428	47.6625268815049
5429	47.7153988315378
5430	47.7675586589854
5431	47.8166916701785
5432	47.8629886018464
5433	47.9078232048646
5434	47.9520275813958
5435	47.994328719619
5436	48.0336285590268
5437	48.0690447906437
5438	48.1000030116118
5439	48.1283144802551
5440	48.1549474828566
5441	48.1791004053834
5442	48.2003516057557
5443	48.2182201649761
5444	48.2316441898518
5445	48.2412028195447
5446	48.2489935040582
5447	48.2556900684292
5448	48.2608733901172
5449	48.2640312359703
5450	48.2635619738776
5451	48.2589265555585
5452	48.2494566740797
5453	48.2368910054785
5454	48.2242140367451
5455	48.209837574197
5456	48.1925583067794
5457	48.1726157090954
5458	48.1484607392986
5459	48.1204104637172
5460	48.0876527174404
5461	48.0489645704979
5462	48.0057158561788
5463	47.9585498523275
5464	47.9071683825562
5465	47.8496679675416
5466	47.7859219789085
5467	47.7136171520946
5468	47.6278776806841
5469	47.529961677724
5470	47.4209876564937
5471	47.2998697581963
5472	47.1702026674588
5473	47.0371152369475
5474	46.9023937582846
5475	46.7657662414738
5476	46.6295668623781
5477	46.4975596818489
5478	46.3708701490042
5479	46.2508105658622
5480	46.138998859358
5481	46.035696089611
5482	45.9396796253403
5483	45.8505860754549
5484	45.7698005221507
5485	45.6974215659446
5486	45.6327287907415
5487	45.5771074570972
5488	45.5335911830565
5489	45.5041824227167
5490	45.490842232493
5491	45.4947035710852
5492	45.5155870428014
5493	45.554815087218
5494	45.6147098252106
5495	45.6965538457208
5496	45.8009208097414
5497	45.9280317746563
5498	46.0779751705203
5499	46.2501585878534
5500	46.4466655042223
5501	46.669098921784
5502	46.9164675068115
5503	47.1893032940898
5504	47.4870491688828
5505	47.8068358443642
5506	48.1483658194767
5507	48.512285479353
5508	48.8968929931353
5509	49.3008087031926
5510	49.7207353462228
5511	50.1480673396862
5512	50.565903691385
5513	50.967842824109
5514	51.3499904684294
5515	51.7111252015714
5516	52.056095683134
5517	52.3863022997089
5518	52.7099266319245
5519	53.0322057860127
5520	53.3507651308204
5521	53.6623184736955
5522	53.9618244014972
5523	54.2458929638245
5524	54.5128172202045
5525	54.763657385342
5526	55.0048243996997
5527	55.2399904869869
5528	55.4686064308188
5529	55.6870265115695
5530	55.89346745071
5531	56.0898474376536
5532	56.2763031985716
5533	56.4505905219678
5534	56.6124372186549
5535	56.7627528940402
5536	56.9037991102915
5537	57.0376933579053
5538	57.1615511494044
5539	57.2742328105735
5540	57.3765835769387
5541	57.4684764546155
5542	57.5491966870393
5543	57.6185900227152
5544	57.6779829192557
5545	57.7284652652053
5546	57.7711202177267
5547	57.8078351000474
5548	57.8374583718054
5549	57.8587990481697
5550	57.8706444408346
5551	57.8710196677715
5552	57.8616345108039
5553	57.8434951814985
5554	57.8163072796213
5555	57.7802889114127
5556	57.7336167213053
5557	57.6749638776653
5558	57.6049174112641
5559	57.5240280051231
5560	57.4342705859253
5561	57.3380565809815
5562	57.2366940281487
5563	57.128645880364
5564	57.0141573954112
5565	56.894444102074
5566	56.7685486380788
5567	56.6384558997492
5568	56.5031944518011
5569	56.3601824279313
5570	56.2096168053246
5571	56.051258178092
5572	55.8858698344732
5573	55.7151979437317
5574	55.5416863239972
5575	55.3701619920269
5576	55.2070583921879
5577	55.0580825940274
5578	54.9273359439346
5579	54.818104386792
5580	54.7327284078537
5581	54.6743197775908
5582	54.6446993875636
5583	54.6388761112319
5584	54.6503073157811
5585	54.6789594686134
5586	54.721324415489
5587	54.7685822491648
5588	54.810296702311
5589	54.8321668919396
5590	54.8237496765311
5591	54.7843595984287
5592	54.7196388643927
5593	54.6338044061577
5594	54.5305515669354
5595	54.4128568362567
5596	54.283151279772
5597	54.1442453639871
5598	53.998886408526
5599	53.8487767594043
5600	53.6946801983303
5601	53.5366734755947
5602	53.3753559995954
5603	53.2131673134374
5604	53.0515526295482
5605	52.8920770022383
5606	52.7352822695208
5607	52.5813935442292
5608	52.4310469285832
5609	52.2842393777502
5610	52.1420593462544
5611	52.0039405598791
5612	51.8695753891999
5613	51.7391739301359
5614	51.6121411285796
5615	51.4870440722575
5616	51.3636291456676
5617	51.2436593803676
5618	51.1274409075607
5619	51.0149755737982
5620	50.9076380581478
5621	50.806358840086
5622	50.7110715148263
5623	50.6219600280793
5624	50.537450953562
5625	50.4549539053547
5626	50.3683724116461
5627	50.2730184051844
5628	50.1695164764204
5629	50.0558862662026
5630	49.9294424274873
5631	49.7872727751885
5632	49.6258876933029
5633	49.4460851549477
5634	49.2520370361748
5635	49.0496825284829
5636	48.8430606613683
5637	48.6332654799898
5638	48.4202404832977
5639	48.2033383252675
5640	47.9838768583549
5641	47.7668458000627
5642	47.5554310606629
5643	47.349693950795
5644	47.1501469999087
5645	46.9551843013042
5646	46.7633773812821
5647	46.5762740345968
5648	46.3956022764931
5649	46.2237323278327
5650	46.0589907571722
5651	45.9002315651462
5652	45.7475484914275
5653	45.597816295219
5654	45.4516082451103
5655	45.3120557858119
5656	45.1829397670339
5657	45.0653028199298
5658	44.9571700088784
5659	44.857669767978
5660	44.7660689322892
5661	44.6809896993819
5662	44.5991061349465
5663	44.5177020959538
5664	44.43784361592
5665	44.3607558436935
5666	44.2845107242585
5667	44.2079230295394
5668	44.1325484316262
5669	44.0588292480758
5670	43.9856478972717
5671	43.9135765638335
5672	43.8447150046197
5673	43.7777123046639
5674	43.7124689410505
5675	43.6522115342979
5676	43.597483667836
5677	43.5417381409666
5678	43.4785110784702
5679	43.4101509508475
5680	43.3424725620467
5681	43.2812956657219
5682	43.230044348663
5683	43.1880601089894
5684	43.1560712043818
5685	43.1339885500922
5686	43.1188597959449
5687	43.1067580986338
5688	43.0962991054257
5689	43.0887854290573
5690	43.084359569863
5691	43.0829696637519
5692	43.0848296835744
5693	43.0900757264618
5694	43.0977233236965
5695	43.1066485943414
5696	43.1169551715105
5697	43.1295360827464
5698	43.1447297077285
5699	43.162553686165
5700	43.1810356105988
5701	43.1978188703635
5702	43.2136917980281
5703	43.2286947812225
5704	43.2388568612637
5705	43.2429551690912
5706	43.2465856160918
5707	43.2551373095028
5708	43.2695230621797
5709	43.2857410048851
5710	43.2950889779216
5711	43.2963845016371
5712	43.2968184615711
5713	43.3036959494249
5714	43.3151797494415
5715	43.3225771209106
5716	43.3225990266174
5717	43.3156457264375
5718	43.3038391183973
5719	43.2899450030341
5720	43.273753663144
5721	43.2491251941613
5722	43.2127420208868
5723	43.1681414121547
5724	43.1180603405359
5725	43.0633773714173
5726	43.0069357963499
5727	42.9522883616707
5728	42.8979177637369
5729	42.8415192148832
5730	42.7822505546676
5731	42.7210811763326
5732	42.6635449613978
5733	42.6135952995985
5734	42.5724979346501
5735	42.5400922326274
5736	42.5193334416066
5737	42.514756865571
5738	42.5204337330759
5739	42.5241198197651
5740	42.5235238481129
5741	42.5301968669569
5742	42.5586723287658
5743	42.6069842520864
5744	42.6585691027035
5745	42.6977260724957
5746	42.7185970592061
5747	42.7303333042679
5748	42.7458234938107
5749	42.774042357324
5750	42.8215452139248
5751	42.8929792384945
5752	42.9914618630434
5753	43.11977957292
5754	43.2831892334184
5755	43.4860925638656
5756	43.7284133004715
5757	44.0078120024642
5758	44.3220910254091
5759	44.6684875827483
5760	45.0442305582544
5761	45.4470124544954
5762	45.8733559325938
5763	46.3188698732379
5764	46.779210863239
5765	47.2502275086602
5766	47.7272210997817
5767	48.202377107064
5768	48.6658625483535
5769	49.11036504505
5770	49.5286170171894
5771	49.9140717265294
5772	50.2674326450965
5773	50.5857486814541
5774	50.8714750506814
5775	51.1271994395764
5776	51.3582554482287
5777	51.5704402510605
5778	51.7647077047401
5779	51.9470425335697
5780	52.1180325803298
5781	52.2753085208787
5782	52.4179274346863
5783	52.5466109011112
5784	52.6628433659707
5785	52.7653355846285
5786	52.8540572116599
5787	52.9334962260211
5788	53.0034695913926
5789	53.0628172062587
5790	53.112681166833
5791	53.1530909607568
5792	53.1852201332933
5793	53.2101659951308
5794	53.2277377258262
5795	53.2393038015018
5796	53.24586862886
5797	53.2472886879944
5798	53.2444877247409
5799	53.2361466627316
5800	53.2208880775458
5801	53.1978537167272
5802	53.1659669808808
5803	53.1248180385844
5804	53.0728436613981
5805	53.0099749379589
5806	52.93733620416
5807	52.8575802361443
5808	52.7727032565652
5809	52.6844931454123
5810	52.5928212593108
5811	52.5010544360418
5812	52.4206308294767
5813	52.3616908411155
5814	52.3311587739439
5815	52.334313364669
5816	52.3736274502211
5817	52.4495888605469
5818	52.5623689588547
5819	52.707963775273
5820	52.8781971738386
5821	53.06407307858
5822	53.2551308879234
5823	53.44573638329
5824	53.6297178434683
5825	53.8003198210981
5826	53.9524080684053
5827	54.0794201097163
5828	54.1781942505902
5829	54.2485044099903
5830	54.2901506243977
5831	54.3055693199869
5832	54.2987369858946
5833	54.268749129079
5834	54.212909700674
5835	54.1308265988239
5836	54.0216975143457
5837	53.8865831013461
5838	53.7329486396519
5839	53.5693957704503
5840	53.399230202668
5841	53.2221653467695
5842	53.0396141668364
5843	52.8541173771769
5844	52.6665160407557
5845	52.4755821124535
5846	52.2793799310601
5847	52.0776697969539
5848	51.8713828408922
5849	51.6609962399061
5850	51.4474262759014
5851	51.2310977706666
5852	51.0126480829864
5853	50.7939980408555
5854	50.5760917825359
5855	50.3607116780351
5856	50.1478159364372
5857	49.9401248861218
5858	49.738965401887
5859	49.5382013702519
5860	49.3370769449288
5861	49.1368345766887
5862	48.9387858116547
5863	48.7463033990382
5864	48.5581414590298
5865	48.3708870444581
5866	48.1832171608776
5867	47.9959087252084
5868	47.8083194597572
5869	47.6198780015849
5870	47.4325600887428
5871	47.2483964112627
5872	47.0675450444357
5873	46.8893699631662
5874	46.7153996624916
5875	46.5473766321036
5876	46.3859917309047
5877	46.2314107842995
5878	46.0827385312556
5879	45.9400503706394
5880	45.8052130001046
5881	45.6811549635422
5882	45.5656763335003
5883	45.4513987268972
5884	45.3314954322257
5885	45.1970182545367
5886	45.0401943086899
5887	44.8554020816009
5888	44.6407126197632
5889	44.3964926526257
5890	44.1239665491194
5891	43.8265510414487
5892	43.5072585782643
5893	43.1704850081481
5894	42.8197531175182
5895	42.4575147113044
5896	42.0878950627842
5897	41.7158311816435
5898	41.3447563139633
5899	40.9770069400548
5900	40.6160101861033
5901	40.2657704594644
5902	39.9273970146441
5903	39.6000209926275
5904	39.2831901324672
5905	38.9751174655702
5906	38.675062625817
5907	38.3832675762556
5908	38.1004665936191
5909	37.8272666690471
5910	37.5643677280865
5911	37.3117835379993
5912	37.0690922226998
5913	36.8383466826913
5914	36.621229351718
5915	36.4203671450764
5916	36.2444410402051
5917	36.1018892179432
5918	35.9962352525651
5919	35.9302409233465
5920	35.8996550560883
5921	35.8945540641023
5922	35.907584225945
5923	35.9362492970099
5924	35.9791992936105
5925	36.0375345521476
5926	36.1132062387547
5927	36.2024648801883
5928	36.3017040347343
5929	36.4097790556467
5930	36.5332625095082
5931	36.6777562727673
5932	36.8453117963278
5933	37.0359170164019
5934	37.2468390821607
5935	37.4780623595107
5936	37.7269988982854
5937	37.9934141933329
5938	38.2830943117022
5939	38.6030448463102
5940	38.9583869159667
5941	39.3485668950486
5942	39.7707199781443
5943	40.2226155537404
5944	40.6979287415652
5945	41.1852926266357
5946	41.6785106966898
5947	42.1777675244612
5948	42.6804747065679
5949	43.1810350637006
5950	43.6743519162603
5951	44.157301507679
5952	44.6267804148275
5953	45.0804581434163
5954	45.5188638325407
5955	45.9405602259335
5956	46.3422144132249
5957	46.7211909105954
5958	47.0740879625147
5959	47.4015838649994
5960	47.6952194511321
5961	47.9486079982316
5962	48.1645727087365
5963	48.3465785937167
5964	48.5054119250232
5965	48.6480582891175
5966	48.7743261196459
5967	48.8853718303816
5968	48.9866205446101
5969	49.0806008678231
5970	49.1644406240125
5971	49.2369427251118
5972	49.3041862188244
5973	49.3749290839929
5974	49.4552669737901
5975	49.5483562113605
5976	49.6583816285836
5977	49.7893295231535
5978	49.9424420723867
5979	50.1180767851918
5980	50.3153043985444
5981	50.5310167321177
5982	50.7611280565242
5983	51.003604633827
5984	51.2576813246667
5985	51.5212329886393
5986	51.7932411109359
5987	52.0697078268915
5988	52.3447293180291
5989	52.6160119539919
5990	52.8814861547325
5991	53.1370460470363
5992	53.3771832021451
5993	53.5940380422917
5994	53.7767493648013
5995	53.9192649532709
5996	54.0202396615639
5997	54.0786462925127
5998	54.1048963221165
5999	54.1122274549912
6000	54.1089789863185
6001	54.1047805719118
6002	54.1051965210107
6003	54.1083325588239
6004	54.1080266433888
6005	54.1017945335924
6006	54.0942136156551
6007	54.092826297351
6008	54.0996280213892
6009	54.1061666864874
6010	54.1032146186449
6011	54.0897489766639
6012	54.0716748664412
6013	54.0558935382703
6014	54.0440604777443
6015	54.0325326793222
6016	54.0149150260161
6017	53.9894148454735
6018	53.961009207593
6019	53.9354499522982
6020	53.9127997546918
6021	53.8862224101598
6022	53.8515269976013
6023	53.8094504039283
6024	53.7642501862574
6025	53.7221701153705
6026	53.6835709352916
6027	53.640827263624
6028	53.5879045129481
6029	53.5280731785612
6030	53.4676626399373
6031	53.4105389739102
6032	53.3567394420921
6033	53.3003617949238
6034	53.2376407172349
6035	53.1720154760494
6036	53.1093160043905
6037	53.0509054138626
6038	52.9911275703257
6039	52.9264844375956
6040	52.8571735997369
6041	52.7839973983568
6042	52.7076967759713
6043	52.6278803503937
6044	52.5432705454638
6045	52.4539177899456
6046	52.3596228729778
6047	52.2592849705352
6048	52.1567010830393
6049	52.0564822228104
6050	51.959334560113
6051	51.8634041352791
6052	51.7649709037611
6053	51.6633172166606
6054	51.5655207835264
6055	51.4800263873586
6056	51.4097449383572
6057	51.3533294522925
6058	51.3070321610784
6059	51.2683542696631
6060	51.2376658395228
6061	51.2159199503791
6062	51.201389305544
6063	51.1914928561949
6064	51.1858037042382
6065	51.1826775897811
6066	51.1795035418907
6067	51.1755150633912
6068	51.1675686683568
6069	51.1507591895802
6070	51.1249570471117
6071	51.0919271177596
6072	51.0507703790721
6073	50.9997075744717
6074	50.9411375372111
6075	50.8805549790354
6076	50.8172341224854
6077	50.745823847452
6078	50.665766201772
6079	50.5798087087609
6080	50.4894378929775
6081	50.3946660939212
6082	50.2939409123597
6083	50.1864247807605
6084	50.0739377165345
6085	49.9585553643653
6086	49.8406310055607
6087	49.7220137827814
6088	49.6033988181375
6089	49.485994107804
6090	49.3765002834416
6091	49.2823422108219
6092	49.2091261632591
6093	49.1536173698027
6094	49.1057123983252
6095	49.0587682708243
6096	49.0098452290999
6097	48.9592972139013
6098	48.9090925217003
6099	48.8606827475125
6100	48.811977686289
6101	48.7586351335953
6102	48.6978358870708
6103	48.6295867025007
6104	48.5546577115043
6105	48.4691134992599
6106	48.3672898478888
6107	48.2506040586384
6108	48.1277101144985
6109	48.0044590522013
6110	47.8829911948518
6111	47.7629308265979
6112	47.6458354909925
6113	47.5321334862512
6114	47.4204162545928
6115	47.3137979952435
6116	47.2126421728384
6117	47.1138955697262
6118	47.0159559314507
6119	46.9187596286307
6120	46.8221452089629
6121	46.7264827632151
6122	46.6321342634169
6123	46.5391675004052
6124	46.4482890743496
6125	46.3609252744658
6126	46.2776819905531
6127	46.199260197431
6128	46.1264303913936
6129	46.0569437324354
6130	45.9907742655811
6131	45.9297582998711
6132	45.8750633039438
6133	45.8281456885683
6134	45.7891060787742
6135	45.7564425876169
6136	45.7306477215663
6137	45.7147957583411
6138	45.7122922473666
6139	45.7239809834116
6140	45.7469387455362
6141	45.7807010074936
6142	45.8279689133518
6143	45.8911915358838
6144	45.9723940270538
6145	46.0694203138594
6146	46.1784319062305
6147	46.3003834703722
6148	46.4363513162994
6149	46.584001753474
6150	46.7419932895204
6151	46.909209606056
6152	47.0845159188267
6153	47.2671318039893
6154	47.45495805009
6155	47.6467541886322
6156	47.842032666608
6157	48.0400822956179
6158	48.2406503715499
6159	48.4435778783679
6160	48.6458031201254
6161	48.8441998241618
6162	49.0380554746028
6163	49.2273122902137
6164	49.4115694305537
6165	49.5897278263368
6166	49.7601599089163
6167	49.9219850387855
6168	50.0751343506006
6169	50.2198337761971
6170	50.3572761942521
6171	50.4868921497922
6172	50.6072521310858
6173	50.7191980486773
6174	50.8241398088788
6175	50.9215976267787
6176	51.0104996721826
6177	51.0910431728709
6178	51.163792399314
6179	51.2290499350562
6180	51.2868668616584
6181	51.3370240591597
6182	51.3786936691398
6183	51.4102225393515
6184	51.4304939676402
6185	51.438243279989
6186	51.4310334913555
6187	51.4062866849504
6188	51.3636012286198
6189	51.3048121535132
6190	51.2344789740096
6191	51.1557660764762
6192	51.0674958930832
6193	50.9709568121754
6194	50.8683574575384
6195	50.7585935456253
6196	50.6425706249501
6197	50.5238336006996
6198	50.4050093292688
6199	50.287013969158
6200	50.1711409874341
6201	50.0576305578537
6202	49.9432391488573
6203	49.8256021464106
6204	49.7062321056812
6205	49.5877605625772
6206	49.4721069564549
6207	49.3595202380748
6208	49.2485947841936
6209	49.1385372485356
6210	49.0294205812471
6211	48.9206464397041
6212	48.8129190959786
6213	48.707829356706
6214	48.6059800860122
6215	48.5066030595643
6216	48.4091902152294
6217	48.3141812445972
6218	48.2209893031803
6219	48.1285782621074
6220	48.0376605738415
6221	47.9512182354315
6222	47.8702438611577
6223	47.7961164262827
6224	47.7293553492866
6225	47.6667872365405
6226	47.6052401923723
6227	47.5481295259777
6228	47.5044893288038
6229	47.48165876609
6230	47.4858544818588
6231	47.5217093988627
6232	47.5928914552395
6233	47.7012372001694
6234	47.8492004450873
6235	48.0390948862235
6236	48.2731901046072
6237	48.551813046169
6238	48.8690833879483
6239	49.2188534746989
6240	49.5959571918836
6241	49.9972826108709
6242	50.4193117691354
6243	50.8563085218103
6244	51.3010862842303
6245	51.7478639123075
6246	52.1946607390013
6247	52.6379199124429
6248	53.0722368437719
6249	53.4881677527648
6250	53.876222781034
6251	54.2295638736618
6252	54.5445712207301
6253	54.81692154349
6254	55.0485466074026
6255	55.2453654439279
6256	55.4111672926729
6257	55.5470818133312
6258	55.6517336172957
6259	55.7251282586185
6260	55.7694198675293
6261	55.7905374560654
6262	55.789139439599
6263	55.7603529370446
6264	55.7018400403545
6265	55.6151587965924
6266	55.4987015158762
6267	55.3515647720639
6268	55.1751311858229
6269	54.9687602952818
6270	54.732213117992
6271	54.4654730227127
6272	54.1685496525998
6273	53.8408112394306
6274	53.4820983934818
6275	53.0933970241245
6276	52.6778554775427
6277	52.2394641990591
6278	51.7826646221508
6279	51.3135081359925
6280	50.8390878880531
6281	50.3648285062709
6282	49.8944152754654
6283	49.4315049862001
6284	48.9784110759738
6285	48.53511190576
6286	48.1016152615187
6287	47.6815917427898
6288	47.277854337991
6289	46.8942309027588
6290	46.5354412325123
6291	46.2031702051649
6292	45.9019142798467
6293	45.6358241414307
6294	45.397792137695
6295	45.180788901188
6296	44.9818521669924
6297	44.7918261161884
6298	44.6065003512494
6299	44.4283444095252
6300	44.2578546691523
6301	44.0934602003659
6302	43.9324830229701
6303	43.7757720986184
6304	43.6249449611042
6305	43.479338830736
6306	43.3405268244389
6307	43.2110553271341
6308	43.0911376853697
6309	42.9782317455545
6310	42.8702254338827
6311	42.767653239295
6312	42.6708582468179
6313	42.5800713282327
6314	42.4954481058477
6315	42.4144143954061
6316	42.3352594407288
6317	42.2606932794245
6318	42.1953714234015
6319	42.1425080753516
6320	42.0990115946415
6321	42.0602087783139
6322	42.0236735324812
6323	41.9890865285265
6324	41.9592848221165
6325	41.9332621679762
6326	41.9077385077145
6327	41.8829460832426
6328	41.8626836747829
6329	41.8522658779469
6330	41.852591468513
6331	41.8606147164585
6332	41.8716909576835
6333	41.8844091212384
6334	41.9027598003659
6335	41.9299080852198
6336	41.966217366219
6337	42.0116499135646
6338	42.0656551257615
6339	42.1254419057836
6340	42.1912266032091
6341	42.262582693466
6342	42.3347578324565
6343	42.4046585908335
6344	42.4730853990198
6345	42.5409688692908
6346	42.607477927133
6347	42.6766067466531
6348	42.7556579601467
6349	42.8476191091933
6350	42.9493626354812
6351	43.059320496435
6352	43.1792620632379
6353	43.3087864563351
6354	43.4488531441457
6355	43.6007249997661
6356	43.7625169057987
6357	43.9342135368201
6358	44.1144956613028
6359	44.3022948489193
6360	44.4986513498223
6361	44.7021837782361
6362	44.9035622715014
6363	45.0940849942422
6364	45.2682104577184
6365	45.4245518265725
6366	45.5732795724667
6367	45.725007775677
6368	45.8833870501078
6369	46.0436745333109
6370	46.2002428267013
6371	46.3523597641436
6372	46.4931509239541
6373	46.6139867311531
6374	46.7159141077776
6375	46.800545632297
6376	46.8655019014254
6377	46.9096653003426
6378	46.9350229365659
6379	46.9444975782919
6380	46.9406663022081
6381	46.9245242253159
6382	46.8959104211352
6383	46.8546057450031
6384	46.801221328349
6385	46.7372621827612
6386	46.6622385767722
6387	46.5748724084406
6388	46.4745647190472
6389	46.3623238400141
6390	46.2420735565842
6391	46.1149040795495
6392	45.9793855070055
6393	45.8364337511471
6394	45.6870125371597
6395	45.5315425074504
6396	45.3710586073259
6397	45.2069185154296
6398	45.040506199419
6399	44.8736022761181
6400	44.7088054116078
6401	44.5467190712477
6402	44.3887743897085
6403	44.2406289005789
6404	44.1072440371171
6405	43.99543422883
6406	43.9134003162493
6407	43.8557287396188
6408	43.8069780758576
6409	43.757795848774
6410	43.7014446654288
6411	43.6306628668686
6412	43.5424995848608
6413	43.4344039620728
6414	43.3051215107276
6415	43.1543243604064
6416	42.980302534451
6417	42.7854983616248
6418	42.5740943462998
6419	42.3473103282894
6420	42.1076035482255
6421	41.8601270778149
6422	41.6088759931413
6423	41.3564989285638
6424	41.1051215618638
6425	40.8567692026686
6426	40.6114668692852
6427	40.3706813280599
6428	40.1388998133578
6429	39.9178223142308
6430	39.7064464427267
6431	39.5051248490279
6432	39.3157886345749
6433	39.1386565765697
6434	38.9708012984742
6435	38.8105083757147
6436	38.6570688000919
6437	38.5102728757047
6438	38.3704573881583
6439	38.2352813788666
6440	38.1034051290452
6441	37.9766125230775
6442	37.8562528510715
6443	37.743830110914
6444	37.6449149791645
6445	37.5624274042672
6446	37.4962594499885
6447	37.4507802163744
6448	37.4288276268717
6449	37.4297527284659
6450	37.4529162972837
6451	37.50005025162
6452	37.5780801822551
6453	37.6947101159098
6454	37.8551935541347
6455	38.0653152285566
6456	38.331295466008
6457	38.6579743478499
6458	39.0474755267329
6459	39.4972438041068
6460	40.000476391332
6461	40.5525529339684
6462	41.1517735887169
6463	41.7907455236625
6464	42.4606841780506
6465	43.1552199381343
6466	43.8648676970956
6467	44.5808680722583
6468	45.2940588275047
6469	45.9956156747988
6470	46.67840644444
6471	47.3347291967825
6472	47.9575816098883
6473	48.5431652411448
6474	49.0929308650932
6475	49.6076091096706
6476	50.0859441706119
6477	50.5277809886125
6478	50.934134061218
6479	51.3108662859199
6480	51.6633495044475
6481	51.9958445120086
6482	52.3068404775443
6483	52.5847292976846
6484	52.8310099585734
6485	53.0590355969719
6486	53.2732348621254
6487	53.4799220106462
6488	53.6892235911621
6489	53.9050887786013
6490	54.1266199115492
6491	54.3519687163756
6492	54.5809825917944
6493	54.8136300073425
6494	55.0465172426494
6495	55.2759766363448
6496	55.5010634366502
6497	55.7212368878589
6498	55.9347636187184
6499	56.1384799962804
6500	56.3289026522121
6501	56.5063212295734
6502	56.6736193087108
6503	56.833848222814
6504	56.9877646312676
6505	57.1337480266188
6506	57.2701335296081
6507	57.3967423160164
6508	57.5140323963743
6509	57.6223195260228
6510	57.7219575751394
6511	57.8117308406391
6512	57.8918312040336
6513	57.9639379216944
6514	58.0274293905378
6515	58.082412630097
6516	58.1296635580425
6517	58.1666173946578
6518	58.1944194167322
6519	58.2185047318888
6520	58.2406291507655
6521	58.2607017779105
6522	58.2776545921343
6523	58.2887103811547
6524	58.290591796349
6525	58.2834694958258
6526	58.2722872426297
6527	58.2592181048757
6528	58.2433839947951
6529	58.2236151567509
6530	58.1972017872982
6531	58.1633790889678
6532	58.1227011916303
6533	58.0768135249617
6534	58.0293079565603
6535	57.9792044702103
6536	57.9231418557055
6537	57.8604549852224
6538	57.7922033256678
6539	57.7197780690277
6540	57.6454866449603
6541	57.5691854287356
6542	57.4875800003269
6543	57.3984994627365
6544	57.3013490939852
6545	57.196198808392
6546	57.0816550225841
6547	56.9558573172898
6548	56.8194162321943
6549	56.6741039522904
6550	56.5140077097167
6551	56.3319912700451
6552	56.1252072950367
6553	55.8907494677672
6554	55.6273043883202
6555	55.3367515093424
6556	55.023414026772
6557	54.6925511305902
6558	54.3491484880891
6559	53.9958112153272
6560	53.6410356668034
6561	53.2892246385515
6562	52.9400474742503
6563	52.5918130740758
6564	52.2398560103407
6565	51.8847665189677
6566	51.5273687552994
6567	51.1694381253005
6568	50.8128355901229
6569	50.4596071968538
6570	50.1111432371604
6571	49.7689295952245
6572	49.4339623978648
6573	49.1067887111804
6574	48.7889974035861
6575	48.4810934866398
6576	48.1838531077247
6577	47.8980240040842
6578	47.624552724207
6579	47.3630893171567
6580	47.1132572001082
6581	46.8749619783143
6582	46.6495301667521
6583	46.4405602745719
6584	46.2510927201282
6585	46.0815971519705
6586	45.9331334817244
6587	45.8134845667519
6588	45.7280310515069
6589	45.6715277880955
6590	45.6421278243761
6591	45.6405242564003
6592	45.6640607408941
6593	45.7115319434257
6594	45.7828452468446
6595	45.8771622482125
6596	45.9921821174406
6597	46.1261153381672
6598	46.2765769888158
6599	46.4421695423018
6600	46.6205725750852
6601	46.8102779868863
6602	47.011747197958
6603	47.2248418836912
6604	47.4492162756207
6605	47.682887101033
6606	47.9242293798808
6607	48.1707301781897
6608	48.418877203929
6609	48.6680773291261
6610	48.917870611446
6611	49.162272473396
6612	49.3998882788773
6613	49.6325539282791
6614	49.8554959365056
6615	50.0690583023459
6616	50.2831534389748
6617	50.5026836636694
6618	50.7267035967144
6619	50.9512446832704
6620	51.1735438317057
6621	51.3913352990286
6622	51.6021997797898
6623	51.8067863148807
6624	52.0035265581461
6625	52.1919892127309
6626	52.3724948187471
6627	52.5413152843024
6628	52.6941429188184
6629	52.8345610380269
6630	52.9648598784337
6631	53.0824280234554
6632	53.1848495138261
6633	53.2761168391767
6634	53.3612075792555
6635	53.437815855652
6636	53.5032728305311
6637	53.5553061992568
6638	53.5942261056334
6639	53.6262126457097
6640	53.6530585076744
6641	53.6703146907575
6642	53.6729969008679
6643	53.6595893225609
6644	53.6346619937729
6645	53.6041005305043
6646	53.5714819038611
6647	53.5323980134325
6648	53.4802101034205
6649	53.414341356461
6650	53.3351140184818
6651	53.2380670406229
6652	53.1231976019827
6653	52.9962349386282
6654	52.8593396963508
6655	52.7170930580789
6656	52.5752660800843
6657	52.4349309075671
6658	52.2954390440666
6659	52.1583481811759
6660	52.0273028726945
6661	51.9027589619458
6662	51.7841724701963
6663	51.67179735093
6664	51.5658672416522
6665	51.4649435788589
6666	51.3671977932716
6667	51.273243328805
6668	51.1818545939633
6669	51.0933923963128
6670	51.0084694837449
6671	50.924250385415
6672	50.8371778364581
6673	50.7473758503126
6674	50.6620218057701
6675	50.5863960371169
6676	50.5220674189694
6677	50.4718405383094
6678	50.4414017082237
6679	50.437658674668
6680	50.4636574387717
6681	50.5215303705116
6682	50.6135387717599
6683	50.7405318804481
6684	50.9024521774086
6685	51.0986386503259
6686	51.3257038740322
6687	51.5781942024831
6688	51.8521952859259
6689	52.1445584994335
6690	52.4514037635802
6691	52.7689449305183
6692	53.0932240753022
6693	53.4196014328035
6694	53.7428773454807
6695	54.0599124505546
6696	54.3699174647334
6697	54.6708913611556
6698	54.9616708386762
6699	55.2410618973704
6700	55.5093626475047
6701	55.7687605752565
6702	56.0196290220079
6703	56.2600140932437
6704	56.4810396584167
6705	56.6760883063118
6706	56.8457624993066
6707	56.9892158961226
6708	57.111326349715
6709	57.2202473763572
6710	57.3206678403854
6711	57.4144423260223
6712	57.5016093179811
6713	57.5824660050094
6714	57.6569153115135
6715	57.7242952948891
6716	57.7823963198421
6717	57.8312838790985
6718	57.8730888440279
6719	57.9083313959812
6720	57.9367616351518
6721	57.9593059771531
6722	57.9768810313664
6723	57.9894349905185
6724	57.9980416507346
6725	58.0005850641843
6726	57.9955980333431
6727	57.9837077151957
6728	57.9652773741026
6729	57.94077140446
6730	57.9080167555293
6731	57.8675756452744
6732	57.820867617273
6733	57.7686806716408
6734	57.7096037591216
6735	57.6416736475028
6736	57.5671522011627
6737	57.4878548754499
6738	57.4042486529923
6739	57.3168108463584
6740	57.2252114649683
6741	57.1292953600826
6742	57.0292768936125
6743	56.923305483271
6744	56.8116649338179
6745	56.6953863576682
6746	56.5745456839561
6747	56.4506461202242
6748	56.3234797110555
6749	56.1909951432499
6750	56.0532587545959
6751	55.9112889056643
6752	55.7674701368437
6753	55.6261072654813
6754	55.488616919338
6755	55.3487829148576
6756	55.2018073540057
6757	55.0486996819028
6758	54.8887805420037
6759	54.7227018301981
6760	54.5535428100029
6761	54.3845220901774
6762	54.2146578625629
6763	54.0435928645788
6764	53.8722282105591
6765	53.697663162213
6766	53.5186868644759
6767	53.3371855878539
6768	53.1611544740143
6769	52.9986920755886
6770	52.8504907840496
6771	52.7130998866969
6772	52.5792275736779
6773	52.4435466795257
6774	52.3070721298884
6775	52.1708040161693
6776	52.0343988305689
6777	51.899171713669
6778	51.7660191869278
6779	51.6349612816108
6780	51.507258691155
6781	51.3829507798976
6782	51.2610643664765
6783	51.1425088236121
6784	51.0268062213598
6785	50.9149240638608
6786	50.8101154637927
6787	50.7102066667362
6788	50.6056781300408
6789	50.4902104426203
6790	50.3634354443618
6791	50.2272977772653
6792	50.0831136617318
6793	49.9302367311559
6794	49.7705893175988
6795	49.6094876429316
6796	49.4505742995404
6797	49.2945261745021
6798	49.1419736237493
6799	48.9911608041477
6800	48.8385451821738
6801	48.6809291034535
6802	48.514647337018
6803	48.3382613194657
6804	48.1540749657109
6805	47.967220409241
6806	47.7820730216197
6807	47.5984712606003
6808	47.4159079105418
6809	47.2345703733887
6810	47.0538699228177
6811	46.874120846096
6812	46.6969651314863
6813	46.5255080800254
6814	46.3626374899579
6815	46.2085731005614
6816	46.0598978410721
6817	45.9150034514665
6818	45.7720283122536
6819	45.6287102178442
6820	45.4863864336124
6821	45.3456648102471
6822	45.2073407785577
6823	45.0740114516816
6824	44.9496866903083
6825	44.8343833703877
6826	44.7240410664043
6827	44.6140311689992
6828	44.5010207210113
6829	44.3876233019505
6830	44.2784166138374
6831	44.1764929350801
6832	44.0841009120668
6833	44.0024897466555
6834	43.9310523903051
6835	43.8656936005886
6836	43.8042613609139
6837	43.7500590707304
6838	43.7061769516817
6839	43.6756200196805
6840	43.6587512125179
6841	43.6507922317981
6842	43.6492449463557
6843	43.6502197852953
6844	43.6450199198735
6845	43.6257967433138
6846	43.5862095277095
6847	43.5222656206207
6848	43.432696342431
6849	43.3172264660205
6850	43.1739756061988
6851	43.0007842050418
6852	42.7982626373973
6853	42.569662080684
6854	42.3196726351787
6855	42.0521274845793
6856	41.7713122053921
6857	41.4839844281691
6858	41.1974384220585
6859	40.9208405004596
6860	40.6615935798604
6861	40.4217224055262
6862	40.2081811563855
6863	40.0296969560039
6864	39.8843420033187
6865	39.7628086219074
6866	39.6521474906171
6867	39.5423029098353
6868	39.4245967493305
6869	39.2899577603483
6870	39.1328254551766
6871	38.9517760956936
6872	38.7539772490505
6873	38.5535738873142
6874	38.3682124664192
6875	38.2120212571076
6876	38.0875144426426
6877	37.9907913044869
6878	37.9132410283696
6879	37.8419793003742
6880	37.7656071780344
6881	37.676352741553
6882	37.5744676824679
6883	37.4638165555175
6884	37.3480270360476
6885	37.2340272768231
6886	37.130373668419
6887	37.043996819313
6888	36.9829582780287
6889	36.9545717476267
6890	36.960506578551
6891	37.0021790586051
6892	37.0828684044585
6893	37.2017291196185
6894	37.3559493994303
6895	37.5458197234795
6896	37.7737652483794
6897	38.0433279948552
6898	38.3600655554911
6899	38.7280641522181
6900	39.1484437110301
6901	39.6232223749589
6902	40.1525223953263
6903	40.7380574524631
6904	41.3825341607431
6905	42.0840039014012
6906	42.8351944834733
6907	43.6250235473482
6908	44.4413582405091
6909	45.273097127337
6910	46.110605910965
6911	46.9464633913757
6912	47.7753887485794
6913	48.5864349121318
6914	49.3699705593145
6915	50.1181164596112
6916	50.8196618787995
6917	51.4659636087155
6918	52.0546829521366
6919	52.5934187676726
6920	53.0957637371434
6921	53.5722681341621
6922	54.025399883042
6923	54.4559723674953
6924	54.8646877959147
6925	55.2509005171672
6926	55.6127757376194
6927	55.9490758407545
6928	56.2618960076003
6929	56.5536595544497
6930	56.8272038040109
6931	57.0869055878641
6932	57.3348232525754
6933	57.5717132715387
6934	57.7973095780696
6935	58.0101134307548
6936	58.2085951445207
6937	58.3900854505411
6938	58.5530985830999
6939	58.69598326708
6940	58.8190435322761
6941	58.923882857115
6942	59.013610434488
6943	59.0898100873969
6944	59.1509700959323
6945	59.1984827413875
6946	59.2326988730798
6947	59.2524914329508
6948	59.2597658933038
6949	59.2560877741769
6950	59.2398099738395
6951	59.2123819998985
6952	59.1758988777307
6953	59.130189695754
6954	59.0757638862408
6955	59.0152893472964
6956	58.952216147933
6957	58.8863971360671
6958	58.8124205387349
6959	58.7255289601632
6960	58.62507642351
6961	58.512321466008
6962	58.3899541940764
6963	58.2635001672853
6964	58.1416220806598
6965	58.0318528679051
6966	57.9418231627264
6967	57.8778798506817
6968	57.843282861226
6969	57.8397475922213
6970	57.8677201740222
6971	57.9276392100555
6972	58.0185363954556
6973	58.1376978568315
6974	58.2808407832889
6975	58.4449209399127
6976	58.627925134208
6977	58.8255262493784
6978	59.0299286764371
6979	59.2309106008115
6980	59.4184873236238
6981	59.5848987947698
6982	59.7221730777578
6983	59.8286495190317
6984	59.9152906982599
6985	59.9898594526791
6986	60.0558733741076
6987	60.1156766906896
6988	60.16865182099
6989	60.213517787568
6990	60.2473480865542
6991	60.2698896509048
6992	60.2831525039056
6993	60.2871906889184
6994	60.2801985558451
6995	60.2622167354739
6996	60.2337149596222
6997	60.1947328705338
6998	60.1462291634745
6999	60.0865758359493
7000	60.0145536164317
7001	59.9318037499721
7002	59.8392154788005
7003	59.7380355563219
7004	59.6302414815484
7005	59.5149725343942
7006	59.3911970270462
7007	59.2607969818493
7008	59.1255199591977
7009	58.985173014247
7010	58.8390207396498
7011	58.6859865673569
7012	58.5246302937441
7013	58.3552503801124
7014	58.1760791128912
7015	57.9860317304358
7016	57.7862146843738
7017	57.5759152271542
7018	57.3556002884354
7019	57.1273640015966
7020	56.8932485037689
7021	56.6546729680739
7022	56.4109690558887
7023	56.1623350501135
7024	55.9135636881854
7025	55.6677737717264
7026	55.4241137835614
7027	55.1789725856647
7028	54.9307356329846
7029	54.6808683233141
7030	54.430207097912
7031	54.1831323503261
7032	53.9419746702916
7033	53.7058706006088
7034	53.4752014206576
7035	53.2502601295618
7036	53.0301146841801
7037	52.8155337662122
7038	52.6070723525947
7039	52.4026417157031
7040	52.2019777546564
7041	52.0068368484079
7042	51.8176882866421
7043	51.6337675749213
7044	51.4558297375336
7045	51.2842812152275
7046	51.1194869443358
7047	50.9650224126073
7048	50.8234165231748
7049	50.6902864434907
7050	50.5611682163702
7051	50.4366248045665
7052	50.3178698275025
7053	50.2072923358833
7054	50.1094610432701
7055	50.0266062990977
7056	49.9551551236672
7057	49.8944679718677
7058	49.8436049647254
7059	49.8017153816751
7060	49.7711522233612
7061	49.7523731820715
7062	49.7434566553538
7063	49.7416145923248
7064	49.7460124545789
7065	49.7566113717239
7066	49.773439667263
7067	49.79611468216
7068	49.8243902859892
7069	49.8579909516745
7070	49.8964423631876
7071	49.9383679757298
7072	49.9824541907182
7073	50.0282738840999
7074	50.0746652906034
7075	50.1211807976664
7076	50.1672860161252
7077	50.2128120092363
7078	50.2578442502465
7079	50.3025742410751
7080	50.3480930849696
7081	50.3959432677866
7082	50.4475204464398
7083	50.499638963392
7084	50.5467758899938
7085	50.5867785435679
7086	50.6221308905621
7087	50.6570539065737
7088	50.6940027011787
7089	50.7337960947521
7090	50.7772456498746
7091	50.8253076734809
7092	50.8794484180469
7093	50.9408449532664
7094	51.0084120544801
7095	51.081473567751
7096	51.1603832865594
7097	51.2437964706831
7098	51.3317936956585
7099	51.424635179879
7100	51.520833793309
7101	51.6176879917844
7102	51.7139228683211
7103	51.8103100427647
7104	51.906732569385
7105	52.0044261179806
7106	52.1021940882339
7107	52.1976751340655
7108	52.2912996472597
7109	52.3826613060502
7110	52.4700594727973
7111	52.5534124977434
7112	52.6325691803036
7113	52.706369994814
7114	52.7750239181585
7115	52.8385082846769
7116	52.8976085987871
7117	52.9535058852223
7118	53.0047892532464
7119	53.0510724278951
7120	53.0938595606433
7121	53.133866869432
7122	53.1704056623713
7123	53.2013114715139
7124	53.2262911378692
7125	53.2464682097121
7126	53.2625201539531
7127	53.2748555762009
7128	53.282831503202
7129	53.2862348940244
7130	53.2833155991711
7131	53.2727408286846
7132	53.256267815841
7133	53.2354013729282
7134	53.2102421227201
7135	53.1804798153549
7136	53.1461088775439
7137	53.1084456198688
7138	53.0668385112759
7139	53.0199198644444
7140	52.9688315505319
7141	52.9137255289548
7142	52.8546603298233
7143	52.7912313069197
7144	52.7225505581609
7145	52.6488055191813
7146	52.572234512382
7147	52.4931848781259
7148	52.4098032830625
7149	52.3196137023905
7150	52.222896192865
7151	52.1197928441007
7152	52.0017207833577
7153	51.8582397464376
7154	51.6840286995992
7155	51.4767202751057
7156	51.2335396196983
7157	50.9556630949057
7158	50.6480632768295
7159	50.3154392802188
7160	49.9613077540217
7161	49.5890931989007
7162	49.2018682658797
7163	48.8032944035481
7164	48.3987706225529
7165	47.9926100845327
7166	47.5893478792629
7167	47.1934432853743
7168	46.8069868840341
7169	46.4313356608916
7170	46.0680076213218
7171	45.7177438854679
7172	45.3809743740014
7173	45.0578103052833
7174	44.7478710766467
7175	44.4518954278967
7176	44.1703282552299
7177	43.9022348449899
7178	43.6472070435776
7179	43.4041043229567
7180	43.1704045927596
7181	42.9452196175724
7182	42.7285627326448
7183	42.5199526670712
7184	42.3185568334594
7185	42.1235407483079
7186	41.9352730099007
7187	41.7532977789609
7188	41.5770941944714
7189	41.406616787195
7190	41.242104945687
7191	41.0839930956671
7192	40.9323738649759
7193	40.7868894346238
7194	40.6474413212641
7195	40.5146024128626
7196	40.3864102955392
7197	40.2623242638194
7198	40.1436741914383
7199	40.0297598209692
7200	39.9201305864299
7201	39.8141240831009
7202	39.7116350266535
7203	39.6151154333152
7204	39.5244312781486
7205	39.4382118673662
7206	39.3599507048147
7207	39.2987684743639
7208	39.2650645345648
7209	39.2678987092215
7210	39.317375858656
7211	39.4210254955441
7212	39.5824365030839
7213	39.8041618472474
7214	40.0892161531683
7215	40.4398368415012
7216	40.8556420329473
7217	41.3341337850982
7218	41.8728469377258
7219	42.4696276358105
7220	43.1210653252421
7221	43.820415197071
7222	44.5609651208568
7223	45.3345531214742
7224	46.1318287362559
7225	46.9437993429083
7226	47.7601509607382
7227	48.5703907159787
7228	49.3659543373412
7229	50.1400210689656
7230	50.886151183799
7231	51.5981155773572
7232	52.2710465391158
7233	52.903561014463
7234	53.4971206500299
7235	54.0529167364589
7236	54.5701827857129
7237	55.0479767166358
7238	55.4875369252692
7239	55.8915512228968
7240	56.2623557974937
7241	56.6023098301583
7242	56.9141324697847
7243	57.1984823656577
7244	57.4560647141625
7245	57.6902418631686
7246	57.9043575978455
7247	58.100716275388
7248	58.2811632313311
7249	58.4470517749327
7250	58.597328994957
7251	58.730830081249
7252	58.8452264971474
7253	58.9357866292591
7254	58.9964576568866
7255	59.0244246390549
7256	59.01982573972
7257	58.9856246585367
7258	58.9303064989289
7259	58.8613446877403
7260	58.7837810641048
7261	58.7022596242666
7262	58.6201450463422
7263	58.5391221695462
7264	58.460008604405
7265	58.3837889928219
7266	58.3122299925776
7267	58.2459831615555
7268	58.1838711215717
7269	58.1245423486425
7270	58.0684174271101
7271	58.0147286490199
7272	57.9599640819578
7273	57.903497034253
7274	57.8455821520048
7275	57.7864797665868
7276	57.7262373680391
7277	57.6629737487702
7278	57.5968965198143
7279	57.5289198486185
7280	57.4589907122228
7281	57.3860267082228
7282	57.3106746784369
7283	57.233329811533
7284	57.1531004580612
7285	57.070693424107
7286	56.9850895612763
7287	56.8958235635519
7288	56.8044130750644
7289	56.7118867549663
7290	56.6186801185383
7291	56.5244311032836
7292	56.4293543016695
7293	56.3346825957526
7294	56.2400820364071
7295	56.1440813834271
7296	56.0451977647396
7297	55.9419330400659
7298	55.8339775305094
7299	55.7216182552369
7300	55.606452562815
7301	55.4904504033303
7302	55.3742156935844
7303	55.2571761550472
7304	55.1392300510493
7305	55.0206587222775
7306	54.9011586403533
7307	54.7756911264609
7308	54.6352263533316
7309	54.4757386580692
7310	54.2965098047031
7311	54.0951289946882
7312	53.8700405705281
7313	53.6203621748291
7314	53.3470401579097
7315	53.0520077191304
7316	52.7347594926632
7317	52.3976428141077
7318	52.0440936656916
7319	51.6776924153687
7320	51.3034743423552
7321	50.923061064875
7322	50.5383300740086
7323	50.1536431113024
7324	49.7718627131659
7325	49.3963865001946
7326	49.0299279760107
7327	48.6736852185063
7328	48.3288353252768
7329	47.9947080589831
7330	47.6700227143127
7331	47.3549238140385
7332	47.0502442349431
7333	46.7549717369018
7334	46.4684492242482
7335	46.1920117441313
7336	45.9250435346259
7337	45.6670568509102
7338	45.4182435213793
7339	45.1763328603126
7340	44.9412534073402
7341	44.7145079708039
7342	44.4959182196325
7343	44.2847626304635
7344	44.0793982617975
7345	43.8792549351491
7346	43.6853181827421
7347	43.4976961721181
7348	43.3171188507944
7349	43.1464952180888
7350	42.9900676847498
7351	42.8504976765565
7352	42.7338789165428
7353	42.6446330193206
7354	42.5748604399216
7355	42.5116685771667
7356	42.4453739573523
7357	42.3686780631468
7358	42.2753235225491
7359	42.1634824698444
7360	42.0320576662279
7361	41.8791280379388
7362	41.7048908728678
7363	41.5115679391471
7364	41.3035817695935
7365	41.0848672443187
7366	40.8581161972718
7367	40.6257118899364
7368	40.3916694670616
7369	40.1589693447445
7370	39.9282675108416
7371	39.7006772501618
7372	39.4784880182921
7373	39.2632814603888
7374	39.0553475707625
7375	38.8555396036042
7376	38.663391146862
7377	38.4800297800244
7378	38.3079769999606
7379	38.1475534106504
7380	37.9994214165802
7381	37.8624732465684
7382	37.7336151800725
7383	37.6113306078497
7384	37.4960709545185
7385	37.3875459501577
7386	37.2856173930654
7387	37.1911231969295
7388	37.1058917166854
7389	37.0313116436969
7390	36.9720313919237
7391	36.9399718572317
7392	36.9427371774213
7393	36.9790691539121
7394	37.0426949829946
7395	37.1278509137421
7396	37.2307252531363
7397	37.3474589118746
7398	37.477193441624
7399	37.6206665678706
7400	37.7766700107078
7401	37.9422697612884
7402	38.1157461321641
7403	38.2971963627703
7404	38.4862411861369
7405	38.6827464848332
7406	38.8864864156608
7407	39.0961090709865
7408	39.3108357592194
7409	39.5310598769463
7410	39.7577956353497
7411	39.9909216281525
7412	40.2306444732119
7413	40.4760898084854
7414	40.7265517426869
7415	40.9825335049353
7416	41.2439397822409
7417	41.510637387618
7418	41.7817467694399
7419	42.0570190017242
7420	42.3354284501058
7421	42.6145483138373
7422	42.892458692725
7423	43.1696747216616
7424	43.4481879947814
7425	43.7255665652306
7426	43.99734740447
7427	44.2627136525291
7428	44.5221088317062
7429	44.7744537841343
7430	45.0174008563289
7431	45.2494585281641
7432	45.471046861363
7433	45.6851536428708
7434	45.8927508676102
7435	46.0918887446041
7436	46.2834082832529
7437	46.4678832776558
7438	46.6427189355432
7439	46.8067231694407
7440	46.9623218442995
7441	47.1082065231467
7442	47.24326188878
7443	47.3643161031249
7444	47.4641318089168
7445	47.5454664266525
7446	47.6140255509816
7447	47.6634123570208
7448	47.6802098820054
7449	47.6525160070536
7450	47.5712859322184
7451	47.4317321251199
7452	47.230818915261
7453	46.9670553514286
7454	46.6411779799879
7455	46.2538907754339
7456	45.8056864268079
7457	45.2995817538314
7458	44.7419380271512
7459	44.1406205487766
7460	43.5035009457271
7461	42.8389217756496
7462	42.1566960880655
7463	41.4655360929613
7464	40.772433733829
7465	40.0860039539463
7466	39.4139824830677
7467	38.7620720664873
7468	38.1356885732231
7469	37.5391561504877
7470	36.9768764125386
7471	36.4514292191211
7472	35.9635069410477
7473	35.5126766118691
7474	35.0962819143848
7475	34.7106906308454
7476	34.3528085843058
7477	34.0200570390798
7478	33.7112509311429
7479	33.43028928459
7480	33.1826191082697
7481	32.9711734319448
7482	32.7962320171192
7483	32.6566871407834
7484	32.5520328717671
7485	32.4845012908528
7486	32.4532979230598
7487	32.4557899533963
7488	32.4932115241324
7489	32.569646787231
7490	32.6880126057193
7491	32.8460486163942
7492	33.0410586411739
7493	33.2687569639281
7494	33.5225970816215
7495	33.7985561623857
7496	34.0970040855186
7497	34.4173697487403
7498	34.7586425449597
7499	35.1176611468918
7500	35.4925189740671
7501	35.8794358368245
7502	36.2712460382756
7503	36.6662522693609
7504	37.0625814754554
7505	37.4579557314435
7506	37.8514799178031
7507	38.2422551772125
7508	38.6300434879968
7509	39.0136763909543
7510	39.3891327437816
7511	39.7533467513991
7512	40.1047919518215
7513	40.4418395858239
7514	40.7650663328008
7515	41.0728119920498
7516	41.3637841903656
7517	41.6414120068943
7518	41.9101393914454
7519	42.174837326447
7520	42.4393267266782
7521	42.7061977748666
7522	42.9817059463324
7523	43.2587710554148
7524	43.5289141058598
7525	43.7883100579059
7526	44.0308700828689
7527	44.2596752031138
7528	44.4791816841203
7529	44.6913549024573
7530	44.8949489215485
7531	45.0875696202848
7532	45.2692511376682
7533	45.4406936185841
7534	45.6015064196702
7535	45.7524583453162
7536	45.8968453047447
7537	46.0363023283538
7538	46.168385771063
7539	46.2904243269686
7540	46.4045841447372
7541	46.5138755456977
7542	46.6186215041896
7543	46.7182719749945
7544	46.8130658914763
7545	46.9044432999019
7546	46.9914171031983
7547	47.0712342872793
7548	47.1438529470372
7549	47.212143064971
7550	47.2784689849495
7551	47.3409224399324
7552	47.3986788720579
7553	47.4549786632315
7554	47.5109690682176
7555	47.5680800319205
7556	47.626746374396
7557	47.6848726831629
7558	47.7423705148022
7559	47.7988288144809
7560	47.8530709481885
7561	47.9063046113609
7562	47.9615155120977
7563	48.019721297368
7564	48.0802813109505
7565	48.1437525423777
7566	48.20934667917
7567	48.2767144346771
7568	48.3453474898378
7569	48.4120569384397
7570	48.4750358765967
7571	48.535704459176
7572	48.5954322254574
7573	48.6540186964363
7574	48.7113989853241
7575	48.7670021797217
7576	48.8220027048816
7577	48.8842739882372
7578	48.9658930870689
7579	49.0761576008326
7580	49.2219151424072
7581	49.4071979880905
7582	49.6319275587229
7583	49.8963518539448
7584	50.198290739571
7585	50.5325662597669
7586	50.8918514548844
7587	51.269338736796
7588	51.661916245272
7589	52.06551200634
7590	52.4738080439086
7591	52.8834632020961
7592	53.2925694761535
7593	53.6967711989032
7594	54.0926021581032
7595	54.4773329606171
7596	54.8489651583085
7597	55.2068489270651
7598	55.5515613408402
7599	55.8869862600091
7600	56.217085841623
7601	56.5368592044833
7602	56.8365114965494
7603	57.1050220658806
7604	57.3395050960607
7605	57.5510636555562
7606	57.7501053349694
7607	57.9459945170648
7608	58.1460432278393
7609	58.3552325468768
7610	58.5776298473001
7611	58.8133228940143
7612	59.0616617327471
7613	59.3217578358853
7614	59.5907472994908
7615	59.8658596248558
7616	60.1439871429299
7617	60.4224819776524
7618	60.7010714890601
7619	60.9792340677352
7620	61.2559644336028
7621	61.5286396922292
7622	61.7935219944518
7623	62.0490998194113
7624	62.2937657653566
7625	62.5264769776787
7626	62.7482648793019
7627	62.9597216992809
7628	63.1607964672451
7629	63.3514454268568
7630	63.5297502881166
7631	63.6921303294999
7632	63.8352993389854
7633	63.9603411253847
7634	64.0676850251881
7635	64.1571127369203
7636	64.2288652382183
7637	64.2837161247075
7638	64.3220422574201
7639	64.3416791751089
7640	64.3437004241699
7641	64.3300264732303
7642	64.299589867005
7643	64.2521133545926
7644	64.1883801034518
7645	64.1067308222111
7646	64.0073396621116
7647	63.8954765689746
7648	63.7744008604934
7649	63.6455337413123
7650	63.5115403220782
7651	63.3746764224907
7652	63.2356795133306
7653	63.0949978654545
7654	62.9517733857673
7655	62.8034121214311
7656	62.6483885194247
7657	62.4830701813797
7658	62.3027720707615
7659	62.1047020413048
7660	61.8913921934935
7661	61.6661886166484
7662	61.4335390817872
7663	61.1940838487792
7664	60.9436404895751
7665	60.6803368492203
7666	60.4044704192229
7667	60.1198758729438
7668	59.8295744562947
7669	59.533423752681
7670	59.2364216508948
7671	58.944598203404
7672	58.6587647921935
7673	58.3799602928048
7674	58.1079394698628
7675	57.8427241958957
7676	57.5853289676649
7677	57.3352553232822
7678	57.0914780330937
7679	56.8539248938333
7680	56.6225480808367
7681	56.3991404976401
7682	56.1875069677951
7683	55.9885483781511
7684	55.8015738334765
7685	55.625845165173
7686	55.4604354629062
7687	55.3031550140691
7688	55.1531385197309
7689	55.0105768714473
7690	54.8757850581055
7691	54.7506920640132
7692	54.6352291217585
7693	54.528807055292
7694	54.4321463175957
7695	54.3441405415081
7696	54.2598640745776
7697	54.1762782869612
7698	54.0978576487423
7699	54.0291669274622
7700	53.9705372156337
7701	53.9225131448065
7702	53.884662259408
7703	53.8576892790135
7704	53.8433641992559
7705	53.8389263258096
7706	53.838050535564
7707	53.8368340152618
7708	53.8342104472128
7709	53.8292209641471
7710	53.8206900029748
7711	53.8079794795337
7712	53.7920790691033
7713	53.77210059141
7714	53.7471565920422
7715	53.7183415511594
7716	53.6869776438089
7717	53.6522363110511
7718	53.6116542427396
7719	53.5642596895815
7720	53.5103216587479
7721	53.4492148384984
7722	53.3811413823721
7723	53.3089230556248
7724	53.2351745471669
7725	53.1637076158325
7726	53.0977434751037
7727	53.0372422016147
7728	52.9797756580779
7729	52.9217252267852
7730	52.8585951658374
7731	52.7855421622262
7732	52.7009086244626
7733	52.6028896170546
7734	52.4906781153538
7735	52.3659909829557
7736	52.2305783860644
7737	52.0857470512691
7738	51.9307532705146
7739	51.7649661780927
7740	51.5889694031005
7741	51.4051557554873
7742	51.215760061184
7743	51.0218068066887
7744	50.8261255761514
7745	50.63012226567
7746	50.4349008058226
7747	50.2428664023586
7748	50.0560392300646
7749	49.8760172271465
7750	49.7038170519314
7751	49.5423866757703
7752	49.3936587165187
7753	49.2622470079507
7754	49.1578540100383
7755	49.0852143811582
7756	49.0461895613744
7757	49.0417787148046
7758	49.0720306027425
7759	49.1376227277382
7760	49.2383891837876
7761	49.3727481481931
7762	49.5368848109187
7763	49.7254381099455
7764	49.9319692581377
7765	50.1510156398518
7766	50.379791032348
7767	50.6162971669639
7768	50.8586045742485
7769	51.1043846533087
7770	51.349085155255
7771	51.588877368972
7772	51.822809597984
7773	52.0449849968205
7774	52.250761503367
7775	52.4422700355945
7776	52.6192278970182
7777	52.7787275913405
7778	52.9232329526601
7779	53.0552975710042
7780	53.1740986783906
7781	53.2804853137393
7782	53.3756846578854
7783	53.4616146906851
7784	53.5402208899691
7785	53.61130145285
7786	53.6735162481685
7787	53.7269997974968
7788	53.769121946011
7789	53.7975185939183
7790	53.8148218049838
7791	53.8230158408262
7792	53.8222407080866
7793	53.8103342073328
7794	53.7821462952542
7795	53.7340041834892
7796	53.6616537650643
7797	53.5597956487269
7798	53.4248267352145
7799	53.25316545445
7800	53.0418027425092
7801	52.7899692647261
7802	52.4999857468526
7803	52.1766679904267
7804	51.8284254571098
7805	51.4661062393784
7806	51.1030615451933
7807	50.7489195097462
7808	50.4053284598476
7809	50.0735780257823
7810	49.7588925331019
7811	49.4603424558374
7812	49.1765386340007
7813	48.9050073823327
7814	48.6422028010697
7815	48.3867214708033
7816	48.1339422393291
7817	47.8819957965184
7818	47.630642717046
7819	47.3789011997239
7820	47.1277318116687
7821	46.8769967667136
7822	46.6252142609177
7823	46.3738249377982
7824	46.1235618293893
7825	45.8731229475089
7826	45.6230736120215
7827	45.3748040430224
7828	45.1280678999797
7829	44.8834219079461
7830	44.641274797438
7831	44.4033746258257
7832	44.174086308082
7833	43.9576773541863
7834	43.7630666754584
7835	43.5953678767386
7836	43.4486555184858
7837	43.3177578430973
7838	43.1943471628811
7839	43.0694279641816
7840	42.9373737361377
7841	42.7916847609684
7842	42.6300803441588
7843	42.4519005221795
7844	42.2570760985633
7845	42.0473878035694
7846	41.8235139847988
7847	41.5854560324244
7848	41.335271418271
7849	41.0766749163421
7850	40.8146816720344
7851	40.5536125108061
7852	40.2962546226916
7853	40.0443013482967
7854	39.7983116348782
7855	39.557991098183
7856	39.3233453769733
7857	39.0953741897242
7858	38.873593720341
7859	38.6564696901729
7860	38.4440131069036
7861	38.2387087591299
7862	38.0444212647097
7863	37.8654058528737
7864	37.7105070917182
7865	37.5878472273757
7866	37.4996149511905
7867	37.4451166554799
7868	37.4178795531383
7869	37.4145467193807
7870	37.4382512864715
7871	37.4916204852179
7872	37.5676904363424
7873	37.6517028617934
7874	37.7358046628416
7875	37.8279105940915
7876	37.941480228017
7877	38.0792925167048
7878	38.2406555843364
7879	38.4269235917956
7880	38.6353224103412
7881	38.8613951568618
7882	39.0999893743547
7883	39.3505008767902
7884	39.6219428826585
7885	39.9164753432227
7886	40.2337904142235
7887	40.5790957709251
7888	40.9541482738289
7889	41.3599592281341
7890	41.7991848196108
7891	42.2742101590002
7892	42.7862923707623
7893	43.3341327428734
7894	43.9137870483747
7895	44.5179203776048
7896	45.1370187447482
7897	45.7625157642517
7898	46.3888644550036
7899	47.0109811597593
7900	47.621688086761
7901	48.21385262184
7902	48.781638917146
7903	49.3223741080085
7904	49.8337013471197
7905	50.3174859910438
7906	50.7780052606315
7907	51.21767391705
7908	51.6340959334986
7909	52.0211137466872
7910	52.3718409343045
7911	52.6880527701333
7912	52.981000791296
7913	53.2626959075633
7914	53.5388913271209
7915	53.8104789600677
7916	54.0769994749106
7917	54.3363965577021
7918	54.5882796829164
7919	54.8314504642533
7920	55.064460334863
7921	55.2891424952682
7922	55.5085306871556
7923	55.724391106581
7924	55.9368853698933
7925	56.1458771248968
7926	56.3507575403411
7927	56.54892200145
7928	56.7401041353871
7929	56.9244591260443
7930	57.1016689587013
7931	57.2720423977971
7932	57.4357613045788
7933	57.5938835397249
7934	57.7451760047909
7935	57.8884973303793
7936	58.0272952862644
7937	58.1634581673295
7938	58.2950364453943
7939	58.4205712994938
7940	58.5389566806098
7941	58.649419722657
7942	58.7516717595455
7943	58.8470411775745
7944	58.9358822768176
7945	59.0146700483442
7946	59.0825765374032
7947	59.1415830767287
7948	59.1931189792454
7949	59.2388417795829
7950	59.2782073739134
7951	59.3108545485054
7952	59.336746842756
7953	59.3544600507405
7954	59.3624384055392
7955	59.3620738491353
7956	59.3569517902938
7957	59.3480058882909
7958	59.3345005093206
7959	59.3150070938459
7960	59.287750184885
7961	59.2503081338079
7962	59.2030923284943
7963	59.1497377038579
7964	59.0905856509279
7965	59.0259150402672
7966	58.9552182009119
7967	58.8756091548944
7968	58.7868399102
7969	58.690766138759
7970	58.5882328098929
7971	58.4784824260294
7972	58.3625722516051
7973	58.2383329560634
7974	58.1026602636315
7975	57.9580567717319
7976	57.8069573032423
7977	57.6530180413685
7978	57.5038292162404
7979	57.3659256776226
7980	57.2432753559385
7981	57.1371494614851
7982	57.0468712576107
7983	56.9702561238125
7984	56.9024364957455
7985	56.839088685861
7986	56.7766515866933
7987	56.7110103107104
7988	56.6398201064365
7989	56.5632676515039
7990	56.4791674407434
7991	56.3846794818786
7992	56.276768695059
7993	56.1513489689423
7994	56.0092028917015
7995	55.8511384152939
7996	55.6785324931874
7997	55.4983433837338
7998	55.3188921088742
7999	55.1441012069675
8000	54.9783659050388
8001	54.8259423337887
8002	54.6887621787121
8003	54.5684252634369
8004	54.465428381934
8005	54.3820639735395
8006	54.3184066380934
8007	54.2726350019025
8008	54.2442208344853
8009	54.2314229660134
8010	54.232705936458
8011	54.2487203634845
8012	54.2791406233279
8013	54.3213839744678
8014	54.3738576198751
8015	54.4345895818486
8016	54.501071923048
8017	54.5721400279244
8018	54.6432534244969
8019	54.707287325532
8020	54.7536002557333
8021	54.7683315423179
8022	54.7391413469088
8023	54.6538837398622
8024	54.5046522421669
8025	54.2891829776644
8026	54.0060596298054
8027	53.6553684032777
8028	53.2403032971701
8029	52.7684478189117
8030	52.2491020912144
8031	51.690654713937
8032	51.1012114761286
8033	50.4896760992689
8034	49.8641118661464
8035	49.2328602537502
8036	48.6061698738681
8037	47.9925572517832
8038	47.3989653323085
8039	46.8283950817608
8040	46.2803898506225
8041	45.7546233324774
8042	45.250683893667
8043	44.7694746923741
8044	44.3119886433079
8045	43.8767470184402
8046	43.4618002102828
8047	43.0652670199292
8048	42.6870107201948
8049	42.326273950233
8050	41.9809518162332
8051	41.6516000344923
8052	41.3373012205373
8053	41.0358168497357
8054	40.7454466534023
8055	40.4655736045093
8056	40.1981020598069
8057	39.9438576315868
8058	39.7017518601163
8059	39.4713913012853
8060	39.2555941131292
8061	39.0605957788301
8062	38.8922219408063
8063	38.7555972226566
8064	38.6548750013701
8065	38.5902206637846
8066	38.5544823309228
8067	38.5384247521602
8068	38.541845552246
8069	38.572850848363
8070	38.6335036472929
8071	38.7103862260245
8072	38.7916748860041
8073	38.8736176938319
8074	38.9496773470304
8075	39.0131694181013
8076	39.0610953276329
8077	39.0926041459005
8078	39.1094083005822
8079	39.1147788981677
8080	39.1121954683519
8081	39.1061422180611
8082	39.0996879970826
8083	39.0923092807682
8084	39.0833893749444
8085	39.072154042615
8086	39.0581699348572
8087	39.0426473475787
8088	39.027335476055
8089	39.0146978570524
8090	39.0063878086966
8091	39.0046840492944
8092	39.0104440312602
8093	39.0226850770745
8094	39.0427268456742
8095	39.0735015778084
8096	39.114557287794
8097	39.1638806377226
8098	39.2200196135743
8099	39.2798634786443
8100	39.3404009833921
8101	39.4011839513236
8102	39.464356077193
8103	39.5382242605819
8104	39.6332840925158
8105	39.7543785208767
8106	39.9086717863566
8107	40.103898341143
8108	40.3418583698308
8109	40.6234325570053
8110	40.9500062128142
8111	41.3193560601744
8112	41.7253810732829
8113	42.164053622005
8114	42.6317706919966
8115	43.1225641113127
8116	43.6321613589981
8117	44.1554075871232
8118	44.6863388951428
8119	45.2186578205457
8120	45.7450035691615
8121	46.2597947549626
8122	46.7589520093182
8123	47.2385056415203
8124	47.6963461075671
8125	48.1313292688932
8126	48.5402590371423
8127	48.9225732214655
8128	49.2814040208592
8129	49.619353481383
8130	49.9373745604083
8131	50.2356116146679
8132	50.5144513867904
8133	50.7770890457813
8134	51.027476677574
8135	51.2674500569525
8136	51.4984242334617
8137	51.7214261176308
8138	51.9364725287781
8139	52.1431086445126
8140	52.3405103958242
8141	52.5286367079392
8142	52.709427519351
8143	52.8836266973714
8144	53.0515443767884
8145	53.2126867791012
8146	53.3669187396011
8147	53.5152818440112
8148	53.6574753337785
8149	53.7923833288174
8150	53.9207137180213
8151	54.0439164039466
8152	54.1609476432923
8153	54.2710086580287
8154	54.3760175434441
8155	54.4771717607187
8156	54.5738104190033
8157	54.6672462973634
8158	54.7605074286691
8159	54.8531390824875
8160	54.9402108227347
8161	55.0092565920533
8162	55.04556136831
8163	55.0394902509406
8164	54.983699481454
8165	54.8746697488243
8166	54.7111963081922
8167	54.4917938850412
8168	54.2162132154209
8169	53.8867167931138
8170	53.506173190636
8171	53.0750932320999
8172	52.5936848189108
8173	52.0651744364687
8174	51.4925868393901
8175	50.8805874498506
8176	50.2355670453201
8177	49.5638045093086
8178	48.871353752921
8179	48.164869307781
8180	47.4528689414444
8181	46.7429964965861
8182	46.0427618364123
8183	45.3582607914603
8184	44.6952902391333
8185	44.060069765767
8186	43.4554958014778
8187	42.883069042348
8188	42.3443671693822
8189	41.8412409773654
8190	41.3730208947305
8191	40.9377428615548
8192	40.5354620806862
8193	40.1643695009203
8194	39.8226764971258
8195	39.5088888698202
8196	39.2221654947474
8197	38.9646680772184
8198	38.7373500347166
8199	38.5403463369739
8200	38.3737406008961
8201	38.2389889917093
8202	38.1386388323488
8203	38.0754194515502
8204	38.0554061219751
8205	38.0780203308337
8206	38.1342266284447
8207	38.216789176379
8208	38.3226507648139
8209	38.4504622849174
8210	38.5938748375342
8211	38.7470026444174
8212	38.9049951795814
8213	39.0645426944837
8214	39.225758638347
8215	39.3861999886024
8216	39.5409253548519
8217	39.6851765042821
8218	39.8116969204291
8219	39.9195287165082
8220	40.0149428938999
8221	40.100483850419
8222	40.1763022107127
8223	40.2458935617786
8224	40.3169025802647
8225	40.3954208042033
8226	40.4845211256504
8227	40.5845427090772
8228	40.6918890464672
8229	40.8041702692972
8230	40.9218689061723
8231	41.0430004790246
8232	41.1655175615896
8233	41.2889203531339
8234	41.4091583763813
8235	41.5234642066203
8236	41.6303158549951
8237	41.7276863077291
8238	41.8168831328512
8239	41.9012987229861
8240	41.9832416736204
8241	42.0671182810536
8242	42.1611474511356
8243	42.2728917596409
8244	42.4147355908966
8245	42.5980932810884
8246	42.8287185706103
8247	43.1097999933714
8248	43.4439507656825
8249	43.8331898955506
8250	44.2759759236555
8251	44.7702103640369
8252	45.3140907818336
8253	45.9018873632494
8254	46.5230445481758
8255	47.1688143459214
8256	47.8309712583294
8257	48.4973309904058
8258	49.153719715828
8259	49.7883633475767
8260	50.395801700845
8261	50.9734245548237
8262	51.5165989514207
8263	52.018618761937
8264	52.469388175559
8265	52.8652509716831
8266	53.2099348670207
8267	53.5085198758508
8268	53.7682648347772
8269	54.0001468881243
8270	54.2176766334288
8271	54.4311938788504
8272	54.6467580868235
8273	54.867649568738
8274	55.0979314007474
8275	55.3429231035731
8276	55.6049848740487
8277	55.8812404808305
8278	56.1689111447215
8279	56.4651220013298
8280	56.765337238808
8281	57.0680939868001
8282	57.3730912508818
8283	57.677688163852
8284	57.9775269092306
8285	58.261717342588
8286	58.5139426747899
8287	58.7296195351448
8288	58.9142037950053
8289	59.0657669867372
8290	59.1852173830475
8291	59.280220838686
8292	59.3535680380091
8293	59.4087166889248
8294	59.451329867182
8295	59.4840131895172
8296	59.508955649602
8297	59.5271588204636
8298	59.5384132516155
8299	59.5415002360743
8300	59.533940558296
8301	59.5160484050296
8302	59.4872599037901
8303	59.4454255106786
8304	59.3896444122839
8305	59.3182209560076
8306	59.2277215827069
8307	59.1148896129734
8308	58.9789771053554
8309	58.8180694219666
8310	58.630461614632
8311	58.4147468242166
8312	58.1689534917692
8313	57.8934538429549
8314	57.5889836723691
8315	57.2562986052281
8316	56.8970447193551
8317	56.5134662747882
8318	56.1068117486981
8319	55.6772902729676
8320	55.2264726898823
8321	54.7569055099286
8322	54.2706884595946
8323	53.7706620660743
8324	53.2615118146824
8325	52.747712935122
8326	52.234790733422
8327	51.727052055582
8328	51.227748411359
8329	50.7411059957221
8330	50.2719263339978
8331	49.8246435156899
8332	49.4012175264968
8333	49.0043852588769
8334	48.6426842080417
8335	48.3164371778282
8336	48.0236289965357
8337	47.7613390415498
8338	47.5230227787674
8339	47.3020442513733
8340	47.0929654873815
8341	46.8934824322418
8342	46.7002682237938
8343	46.5128944024553
8344	46.3368427006361
8345	46.1747627497078
8346	46.0233398134779
8347	45.880494517922
8348	45.7455515971012
8349	45.620782718167
8350	45.5081451834986
8351	45.4059218521203
8352	45.3100235180465
8353	45.2171412757558
8354	45.1282301736193
8355	45.0483604643876
8356	44.9790362319258
8357	44.9148453224687
8358	44.8509974100372
8359	44.7886532042686
8360	44.736474521107
8361	44.6994176700111
8362	44.6743875041578
8363	44.6529999980025
8364	44.6324556092623
8365	44.6173793173458
8366	44.6113146687922
8367	44.6174968637721
8368	44.6338114096686
8369	44.6546550771589
8370	44.67838708328
8371	44.7082162353326
8372	44.7447290701818
8373	44.7840385710587
8374	44.8254503925445
8375	44.8725636107996
8376	44.9256416026135
8377	44.9831089420633
8378	45.0445373182594
8379	45.1099086872298
8380	45.1800675759429
8381	45.2544088252557
8382	45.3281507076252
8383	45.3953242733985
8384	45.4560990692148
8385	45.5147995476072
8386	45.5779062369583
8387	45.6474675554856
8388	45.7194491875041
8389	45.7899305890681
8390	45.8591634619832
8391	45.931247096056
8392	46.0082055695509
8393	46.0899441491698
8394	46.1704078209238
8395	46.2401462908104
8396	46.2951510790143
8397	46.3318335979974
8398	46.3480142545327
8399	46.3439066605145
8400	46.3180112742011
8401	46.2750097205725
8402	46.2263591524378
8403	46.1850568139611
8404	46.1571925191087
8405	46.1419498068295
8406	46.1377550089266
8407	46.1446774736609
8408	46.1599023054808
8409	46.1767186425003
8410	46.1898404762854
8411	46.1945997041701
8412	46.1874590180718
8413	46.1670363475602
8414	46.1329892015831
8415	46.0854285221101
8416	46.0249341217907
8417	45.950712145682
8418	45.8618699650594
8419	45.7597953379468
8420	45.6461528601731
8421	45.5231253233247
8422	45.3935653107829
8423	45.2595122063343
8424	45.1199615661236
8425	44.9731225442404
8426	44.8206330874061
8427	44.6646519900379
8428	44.508399263762
8429	44.3560274350277
8430	44.2095759857908
8431	44.070336093966
8432	43.9437314841833
8433	43.835115420554
8434	43.7526814310659
8435	43.7122861705873
8436	43.7233340833034
8437	43.7920831418539
8438	43.9239242545869
8439	44.1216048222784
8440	44.3901480052287
8441	44.7287746384911
8442	45.1253489426429
8443	45.5583611591569
8444	46.0106228416342
8445	46.4744671423239
8446	46.9536796906321
8447	47.4566450203888
8448	47.9882542917115
8449	48.5429580919665
8450	49.1011402212024
8451	49.6474507606202
8452	50.1799334428248
8453	50.7006248165349
8454	51.2109629142082
8455	51.7108992960824
8456	52.1977784962965
8457	52.6670290768258
8458	53.1151871849388
8459	53.5422546831947
8460	53.946751963711
8461	54.3229001145195
8462	54.6703583433629
8463	54.9935666572906
8464	55.2973298792993
8465	55.586038829569
8466	55.8595786971344
8467	56.1152191448833
8468	56.3522456763235
8469	56.5704072395305
8470	56.7706096381419
8471	56.9545781096748
8472	57.1249786781523
8473	57.2845226342626
8474	57.4287805251908
8475	57.5534510402804
8476	57.6592970338079
8477	57.7509226966065
8478	57.8343651883751
8479	57.910558312247
8480	57.976192678839
8481	58.0280936682077
8482	58.0678317896209
8483	58.0992618839695
8484	58.1255810486224
8485	58.147552514382
8486	58.1613891038238
8487	58.1632139283797
8488	58.1561080066012
8489	58.1463355341001
8490	58.1355063105958
8491	58.121349022453
8492	58.099905066664
8493	58.0672629365308
8494	58.0228168186416
8495	57.9674644158242
8496	57.902751469509
8497	57.8318184425908
8498	57.7568004364028
8499	57.6776318949908
8500	57.592260381503
8501	57.4992762048261
8502	57.3968049772201
8503	57.2846363630137
8504	57.1614321636876
8505	57.0263008759594
8506	56.8832810824746
8507	56.7344714629633
8508	56.5806445562598
8509	56.4231241177422
8510	56.2616279224288
8511	56.095397041914
8512	55.9251766552383
8513	55.751881082912
8514	55.5758947553813
8515	55.3991135179399
8516	55.2221975807893
8517	55.0398739784537
8518	54.8489799158593
8519	54.6539941709094
8520	54.4619167005703
8521	54.280539598342
8522	54.1132061827684
8523	53.9570191563405
8524	53.8032825718521
8525	53.6427503546745
8526	53.4744469191143
8527	53.3041794490676
8528	53.137875885934
8529	52.9746467934698
8530	52.813607539295
8531	52.6543326163841
8532	52.4890923307599
8533	52.3086605032768
8534	52.1062539868192
8535	51.8778615891338
8536	51.6217477741896
8537	51.3380067479822
8538	51.028948802299
8539	50.6973264140797
8540	50.345831938266
8541	49.9774923825174
8542	49.5965550562002
8543	49.2071122123311
8544	48.813476632654
8545	48.42003474038
8546	48.029048949355
8547	47.6416320168738
8548	47.2613103316622
8549	46.8916833620642
8550	46.5346159468834
8551	46.1919861938048
8552	45.8668735753902
8553	45.5619665122881
8554	45.2767405781224
8555	45.009972030453
8556	44.7605435923302
8557	44.5265333407037
8558	44.3071765003635
8559	44.1013707771445
8560	43.9102208961325
8561	43.7371091881687
8562	43.5896335956149
8563	43.4730486093652
8564	43.3823385658687
8565	43.3096895663953
8566	43.2458037320394
8567	43.1814196437086
8568	43.1101087522749
8569	43.0275505102587
8570	42.9287361226381
8571	42.8095843679545
8572	42.6699673612338
8573	42.5119091251732
8574	42.3377305246853
8575	42.1489977972385
8576	41.9476493741365
8577	41.7367917873597
8578	41.5196168438826
8579	41.2995783680674
8580	41.0789801813207
8581	40.8591903221919
8582	40.6416460066888
8583	40.4280737932998
8584	40.2201275168154
8585	40.0190639825607
8586	39.8239874254783
8587	39.6342841442952
8588	39.4529438227053
8589	39.283203646073
8590	39.1263982693014
8591	38.985489584448
8592	38.8649374497693
8593	38.7677184758343
8594	38.6974304241496
8595	38.6559030077658
8596	38.6445666898347
8597	38.6642383733315
8598	38.7131936981834
8599	38.7909191610103
8600	38.8939297779876
8601	39.015672490911
8602	39.1515342616055
8603	39.2989278457263
8604	39.4538937435292
8605	39.61122681229
8606	39.7673372518625
8607	39.9200930572997
8608	40.0672995249569
8609	40.2058325270571
8610	40.3332008107855
8611	40.4491762448338
8612	40.5562255049085
8613	40.6585055183155
8614	40.7596773616315
8615	40.8622924704394
8616	40.96685400696
8617	41.0710312787348
8618	41.1738827682985
8619	41.2753214798265
8620	41.3753988870771
8621	41.4727399225824
8622	41.5654049132396
8623	41.6550980023335
8624	41.7447302753891
8625	41.8352048841053
8626	41.9290257663059
8627	42.0339309309794
8628	42.1564117531849
8629	42.2995172063393
8630	42.4638041504148
8631	42.6486332555894
8632	42.8448850011538
8633	43.0434279410138
8634	43.2385210520842
8635	43.4224473125974
8636	43.5890580490438
8637	43.7335860288951
8638	43.8567369637235
8639	43.9625108885196
8640	44.0514032899428
8641	44.1221687563879
8642	44.1750530512302
8643	44.2117141637335
8644	44.2343052858859
8645	44.2432184631029
8646	44.2411219532362
8647	44.2308944057123
8648	44.2129871034222
8649	44.1876699811113
8650	44.1565050952524
8651	44.1217045724374
8652	44.083823149893
8653	44.042922591727
8654	43.9981783965111
8655	43.9491472392487
8656	43.8964025617773
8657	43.8406413889797
8658	43.7839448331544
8659	43.7284001915122
8660	43.6730984847283
8661	43.616654854353
8662	43.5599199309205
8663	43.5032955665858
8664	43.4475248807121
8665	43.3927734583546
8666	43.3397362082459
8667	43.2886408913854
8668	43.2388891819263
8669	43.1911476505831
8670	43.1459325465087
8671	43.104970291815
8672	43.0678277852406
8673	43.0352747397796
8674	43.0123357340036
8675	43.0054302888696
8676	43.0184996521926
8677	43.0554514214347
8678	43.1233332834083
8679	43.2291540670374
8680	43.3789396942757
8681	43.5771780472105
8682	43.825116598623
8683	44.1192558347218
8684	44.4560015690112
8685	44.8307434094329
8686	45.2389917921845
8687	45.6769182880989
8688	46.1403796667432
8689	46.6234758253395
8690	47.1185021179041
8691	47.6194087740125
8692	48.1200479442631
8693	48.6138206662245
8694	49.0964358314994
8695	49.5655852344424
8696	50.0202407677616
8697	50.4592601807582
8698	50.8808393552237
8699	51.2815419778654
8700	51.6545728227242
8701	51.9963960375494
8702	52.310836344958
8703	52.5946101228115
8704	52.8462977144834
8705	53.0764740528314
8706	53.2867835909357
8707	53.4761155279485
8708	53.6479509066466
8709	53.8045381659138
8710	53.9517769350021
8711	54.0932949455999
8712	54.227978131055
8713	54.3554816917917
8714	54.4774873926586
8715	54.5931752060922
8716	54.7004136190237
8717	54.8004201535504
8718	54.894570567346
8719	54.9813343922392
8720	55.0606060441888
8721	55.1336276888972
8722	55.2007065274956
8723	55.264459355404
8724	55.3256343046293
8725	55.3844391874753
8726	55.4402832446516
8727	55.4919328439078
8728	55.5416851502251
8729	55.5904699126048
8730	55.6372566504678
8731	55.681602423088
8732	55.7226900037234
8733	55.7595777894945
8734	55.7939034502952
8735	55.8263320102754
8736	55.8546987418402
8737	55.8780947402518
8738	55.8971896832866
8739	55.9130733879676
8740	55.9253147406565
8741	55.933309078489
8742	55.938531314868
8743	55.9417785098934
8744	55.9416605568885
8745	55.9378375516224
8746	55.9312691626181
8747	55.9235217663055
8748	55.9161025292931
8749	55.9068400500298
8750	55.8932137069145
8751	55.8758370162866
8752	55.85744034073
8753	55.8385611662945
8754	55.8184442979377
8755	55.7965373020096
8756	55.7733112817242
8757	55.750969172072
8758	55.7292526526213
8759	55.7076434690587
8760	55.6864148199543
8761	55.6663595519966
8762	55.6478059045223
8763	55.6280780374193
8764	55.6040543678059
8765	55.5757258643087
8766	55.5452812267086
8767	55.5142668655298
8768	55.4829911039556
8769	55.4507045181774
8770	55.4156387868022
8771	55.3757346392668
8772	55.331287371343
8773	55.283595243104
8774	55.2320687602938
8775	55.176290895025
8776	55.1173945988542
8777	55.058704215402
8778	55.0031720629507
8779	54.9509675020891
8780	54.9032625939969
8781	54.8610540343529
8782	54.8222735940671
8783	54.7827865361117
8784	54.7372673010283
8785	54.6812957028263
8786	54.6126740124959
8787	54.5284022106211
8788	54.4219684483275
8789	54.2875642934719
8790	54.123731732745
8791	53.9289297491306
8792	53.7036230272738
8793	53.4506217427682
8794	53.1742056857237
8795	52.8797830712196
8796	52.5726355049772
8797	52.2614760261456
8798	51.9510233238035
8799	51.6459764611445
8800	51.3523602202351
8801	51.0701467957278
8802	50.8028579873831
8803	50.5514186114392
8804	50.3130737069706
8805	50.0884311450255
8806	49.8774681941452
8807	49.6815802239602
8808	49.4988964833212
8809	49.3257877334198
8810	49.1589946940212
8811	48.9967445364744
8812	48.8397083496836
8813	48.6883093846087
8814	48.5429003474287
8815	48.4046434094956
8816	48.2787017752148
8817	48.1697215875579
8818	48.0803106163546
8819	48.0179805288074
8820	47.990843218791
8821	47.9991857248522
8822	48.0367580353425
8823	48.0932410219215
8824	48.1600259558397
8825	48.2344412511883
8826	48.3172801988116
8827	48.409675912606
8828	48.5144592718823
8829	48.6315417434139
8830	48.7573226397585
8831	48.8883489428128
8832	49.0216881260014
8833	49.1569195245866
8834	49.2978482809404
8835	49.4467589564767
8836	49.5999824292203
8837	49.7548538735885
8838	49.9126386968322
8839	50.073027502765
8840	50.2363172596981
8841	50.4129719360556
8842	50.6148911371659
8843	50.8445927914172
8844	51.0946398898757
8845	51.3576581938283
8846	51.6329487801441
8847	51.9205771156723
8848	52.2233637501377
8849	52.5428738267128
8850	52.8737360641403
8851	53.2113308599715
8852	53.5554626029781
8853	53.9026178810103
8854	54.2467394909339
8855	54.5849039086511
8856	54.9144015549526
8857	55.2326910310176
8858	55.5379615264104
8859	55.8298630888554
8860	56.1067925353089
8861	56.3665273246043
8862	56.6075124571101
8863	56.8277769658213
8864	57.0267411033791
8865	57.2031986963091
8866	57.3575836658075
8867	57.490856405183
8868	57.6029497925249
8869	57.6966077063106
8870	57.7760036701438
8871	57.8452080702952
8872	57.9127295741516
8873	57.9882683126091
8874	58.0710726778954
8875	58.1492764014361
8876	58.2162136515528
8877	58.2784098487328
8878	58.345655695521
8879	58.4266447353325
8880	58.5218569138744
8881	58.6272384738581
8882	58.739914629263
8883	58.8570407584807
8884	58.9763501727363
8885	59.0946833555734
8886	59.2050843320985
8887	59.301929300182
8888	59.3841051478123
8889	59.4488489015112
8890	59.4956988227542
8891	59.527680092988
8892	59.5463280458483
8893	59.5543651071164
8894	59.5573510529842
8895	59.5605882371376
8896	59.5668116586923
8897	59.5743671707762
8898	59.5821329437298
8899	59.5902996244891
8900	59.5991150064223
8901	59.606729412725
8902	59.6087487599023
8903	59.6013055031154
8904	59.5815316463728
8905	59.5497050166294
8906	59.5051367475582
8907	59.4466771105624
8908	59.3761865323276
8909	59.2929307817893
8910	59.1934932217665
8911	59.0749659699059
8912	58.9350107167318
8913	58.7730537881445
8914	58.5881373718651
8915	58.3780952191265
8916	58.1426320089899
8917	57.8818822410918
8918	57.5951454739737
8919	57.2835943396277
8920	56.9472207413783
8921	56.585224424147
8922	56.1988810553909
8923	55.7905430112645
8924	55.3630208870766
8925	54.9186844481522
8926	54.4617184228993
8927	53.9975477269176
8928	53.5309643441235
8929	53.0652056772392
8930	52.6031141504164
8931	52.1478727472449
8932	51.7028163864555
8933	51.2709331401458
8934	50.8541020094899
8935	50.4551458814802
8936	50.0802892141012
8937	49.7348604019193
8938	49.4219011998451
8939	49.14172125243
8940	48.8933880215081
8941	48.6699550813913
8942	48.4634653550564
8943	48.2695434834282
8944	48.0798967257444
8945	47.8880204893598
8946	47.6924152326443
8947	47.4951780401988
8948	47.2996332559255
8949	47.1082741788495
8950	46.9216674565784
8951	46.7358091991455
8952	46.5463422038512
8953	46.3557982044281
8954	46.1702983409465
8955	45.9951694365114
8956	45.8274004610778
8957	45.6600331677865
8958	45.4922645738146
8959	45.3266901032026
8960	45.1691964937321
8961	45.0246552728038
8962	44.8891326924113
8963	44.7563027610274
8964	44.6231506352855
8965	44.4917460764101
8966	44.3677985662086
8967	44.2562669971488
8968	44.1579764009782
8969	44.0667470258071
8970	43.9778997520016
8971	43.8966764080185
8972	43.8279146371178
8973	43.7694090005637
8974	43.7176658514181
8975	43.6701292543534
8976	43.6260385001456
8977	43.586765538994
8978	43.5538600037641
8979	43.5250499409264
8980	43.49964221341
8981	43.4803793103785
8982	43.4705547697627
8983	43.4705759072183
8984	43.4773637550305
8985	43.4874384004881
8986	43.4995947384736
8987	43.5175143295712
8988	43.5452760615732
8989	43.585682929053
8990	43.6382296359198
8991	43.6994904077572
8992	43.7664957899939
8993	43.8405603505772
8994	43.9261132353783
8995	44.0237610230582
8996	44.1310047806743
8997	44.2468917950093
8998	44.3689237072665
8999	44.4927519713644
9000	44.6145698356662
9001	44.7314398818821
9002	44.8445196096071
9003	44.9556276155415
9004	45.0671435857367
9005	45.1818075465993
9006	45.2986873156987
9007	45.417548080597
9008	45.5399229825051
9009	45.6650753850439
9010	45.794049856569
9011	45.9264392867228
9012	46.06048686307
9013	46.1969460051628
9014	46.3387629184409
9015	46.4916697705785
9016	46.6563546620244
9017	46.8244119962837
9018	46.9884741723443
9019	47.1444566141596
9020	47.2851311775314
9021	47.4064721506888
9022	47.5051415240174
9023	47.576051916871
9024	47.6196331483605
9025	47.6389789741107
9026	47.6323969517513
9027	47.6002177106591
9028	47.5499601479893
9029	47.4862125140469
9030	47.4132912212574
9031	47.3392073853656
9032	47.2682137880135
9033	47.2053409292287
9034	47.1608520973473
9035	47.1382732635186
9036	47.1329499978689
9037	47.1392279142289
9038	47.1566465448356
9039	47.1956101787393
9040	47.2693568752842
9041	47.3816584396856
9042	47.5241418991719
9043	47.6870168542602
9044	47.8680184416513
9045	48.0650516442294
9046	48.2774960908313
9047	48.5103189168911
9048	48.768807914495
9049	49.0552887405846
9050	49.3708687417324
9051	49.7148997296687
9052	50.0845991143985
9053	50.4771038848004
9054	50.8880441061633
9055	51.3105433279668
9056	51.7384664489123
9057	52.1677467729068
9058	52.5949479126801
9059	53.017925232706
9060	53.433043371501
9061	53.836843297632
9062	54.2268645864491
9063	54.6016585721497
9064	54.9592332076879
9065	55.2967837607943
9066	55.6142699898854
9067	55.9137490491214
9068	56.1988801086598
9069	56.4720316567386
9070	56.7340446765828
9071	56.986078127251
9072	57.2277868040695
9073	57.4537155121461
9074	57.6556569660463
9075	57.8339127763951
9076	57.993847539908
9077	58.1442194748338
9078	58.2962861460697
9079	58.4596577018301
9080	58.6414825160182
9081	58.8435363891339
9082	59.0645418380894
9083	59.3018192181723
9084	59.5524017656834
9085	59.8127205861277
9086	60.0804884668279
9087	60.3542730882987
9088	60.6322289305161
9089	60.912071379647
9090	61.1925551193889
9091	61.4724672595284
9092	61.7487949915202
9093	62.0163448292971
9094	62.2692876431018
9095	62.5052364910086
9096	62.7239934118584
9097	62.9244460908923
9098	63.1054785557793
9099	63.2681332172034
9100	63.4140146931056
9101	63.5440069876141
9102	63.6593472266322
9103	63.7603151509086
9104	63.846745137525
9105	63.9184371514284
9106	63.9747485594672
9107	64.016449312324
9108	64.0434214884622
9109	64.0553427398976
9110	64.0536081575307
9111	64.0390997555895
9112	64.0140584597058
9113	63.9774848032872
9114	63.9282988266553
9115	63.8686887339647
9116	63.7993614128618
9117	63.7196629481298
9118	63.6298028698473
9119	63.5302984441755
9120	63.422130081005
9121	63.3063649911184
9122	63.1816403999118
9123	63.0476982103334
9124	62.9061839652247
9125	62.7591626446092
9126	62.6068101661913
9127	62.4478243074732
9128	62.2825315105761
9129	62.1092869458727
9130	61.9290233845118
9131	61.7461260013811
9132	61.5621689863812
9133	61.3790402389651
9134	61.202740001403
9135	61.0367734967389
9136	60.8819085711942
9137	60.7404039690221
9138	60.6130162926881
9139	60.5016798048643
9140	60.4085254954527
9141	60.3328890611979
9142	60.273339626028
9143	60.2294316927504
9144	60.2010725462436
9145	60.1870656428817
9146	60.1832127394383
9147	60.1833632450094
9148	60.1798586954228
9149	60.1654202498698
9150	60.1330722375774
9151	60.0729854268727
9152	59.9745553961765
9153	59.8305042021454
9154	59.6382502652793
9155	59.3963107689848
9156	59.1073357397197
9157	58.7834034358157
9158	58.4331516647657
9159	58.064052759012
9160	57.6837763743563
9161	57.2962895989343
9162	56.9061569642974
9163	56.515875224655
9164	56.1272815574096
9165	55.7411423339614
9166	55.3586086419258
9167	54.9792179938863
9168	54.6011796606297
9169	54.225082772004
9170	53.8503016589379
9171	53.4751279614922
9172	53.0989397332875
9173	52.7239192065691
9174	52.3522918731197
9175	51.9848543428291
9176	51.6234621689027
9177	51.2691026063213
9178	50.9224653434688
9179	50.5854627237555
9180	50.2606732473032
9181	49.9519249612323
9182	49.665820254576
9183	49.4067164132008
9184	49.1801308605074
9185	48.9830105671282
9186	48.804284050118
9187	48.6355544596972
9188	48.4713631017233
9189	48.3097461748486
9190	48.150447267573
9191	47.9991027726011
9192	47.8604606994828
9193	47.7297348087821
9194	47.6004835101601
9195	47.4710764842364
9196	47.3424731723947
9197	47.220593068415
9198	47.10900592041
9199	47.00187475516
9200	46.8964612260736
9201	46.7934832889242
9202	46.6947411291821
9203	46.6030797428597
9204	46.5164262267806
9205	46.4322214499412
9206	46.3500936115562
9207	46.2702379348733
9208	46.1934074841932
9209	46.124368420149
9210	46.0639980157227
9211	46.007634200512
9212	45.9514893659825
9213	45.8960486318886
9214	45.8444652318497
9215	45.7981917786927
9216	45.7538793933593
9217	45.7079995417038
9218	45.6597604241094
9219	45.609197679626
9220	45.5600065840865
9221	45.5141234957262
9222	45.4688755106737
9223	45.4208981488432
9224	45.370077240921
9225	45.3199491532286
9226	45.2778910490043
9227	45.2427360843569
9228	45.2079235705417
9229	45.1702788394641
9230	45.1285896582246
9231	45.0898499028167
9232	45.0602923188455
9233	45.0408535448747
9234	45.0313177922785
9235	45.0300522565544
9236	45.0353699762341
9237	45.0484674898285
9238	45.0683705751352
9239	45.0899063716931
9240	45.1104759263719
9241	45.1278860453876
9242	45.140938814102
9243	45.1522244164911
9244	45.1675187341261
9245	45.1845595560066
9246	45.1945047221211
9247	45.1930354840652
9248	45.180408708319
9249	45.1600143258866
9250	45.1357793266369
9251	45.1094876170062
9252	45.0803068077712
9253	45.0491862756188
9254	45.0232831548174
9255	45.009162408299
9256	45.002593567829
9257	44.9942377512202
9258	44.9779306622893
9259	44.9537131093357
9260	44.9275463243357
9261	44.9020698284647
9262	44.8773818628418
9263	44.8548579056301
9264	44.8354321439507
9265	44.8185035569316
9266	44.807527110341
9267	44.8067875815041
9268	44.8143358633152
9269	44.8279789048291
9270	44.8465995868241
9271	44.8726290657308
9272	44.9104347186035
9273	44.9628292473719
9274	45.0283646693796
9275	45.1006474233925
9276	45.1747678049467
9277	45.2478602431979
9278	45.3194847369168
9279	45.391992650249
9280	45.466168196428
9281	45.5419477176223
9282	45.6242410174469
9283	45.7183047393102
9284	45.8298484919458
9285	45.965212013273
9286	46.1247756842615
9287	46.3041243719748
9288	46.5011334127808
9289	46.7169323268497
9290	46.9526349925929
9291	47.2079421570841
9292	47.476462309364
9293	47.7541518137947
9294	48.04202261479
9295	48.3383819192453
9296	48.6437356206873
9297	48.9614523274655
9298	49.2900208020181
9299	49.62514137284
9300	49.9633430372307
9301	50.3016680398575
9302	50.637247077783
9303	50.9704238073012
9304	51.2987690946054
9305	51.6232189044108
9306	51.9466597930258
9307	52.2689120168182
9308	52.5956021618364
9309	52.9327070679299
9310	53.2828393451519
9311	53.6455017487328
9312	54.0191629857568
9313	54.4039600800784
9314	54.7996332815762
9315	55.2039215691747
9316	55.6128238869731
9317	56.0203436905992
9318	56.4223896761757
9319	56.8155804068146
9320	57.1970830114739
9321	57.5664973820187
9322	57.9224631415961
9323	58.261064594383
9324	58.5744719698715
9325	58.8550740884152
9326	59.0966896740828
9327	59.2922733223901
9328	59.4389386420414
9329	59.5450259531211
9330	59.6259601968255
9331	59.6936003031184
9332	59.7575080345895
9333	59.8268116530861
9334	59.9081020046519
9335	60.0072363175065
9336	60.1284779081775
9337	60.2695120492195
9338	60.4250934893608
9339	60.5913203594677
9340	60.7649862586518
9341	60.9445684607939
9342	61.1292281105119
9343	61.3164156474018
9344	61.4992018992474
9345	61.6639449869998
9346	61.80256366925
9347	61.9208877629362
9348	62.0224636957157
9349	62.1016511002695
9350	62.1528762655887
9351	62.1744848006675
9352	62.1675912154935
9353	62.1349292732908
9354	62.0821984289207
9355	62.0188686095742
9356	61.9537205197718
9357	61.8939018840187
9358	61.8437622982616
9359	61.8045209155535
9360	61.7776271331949
9361	61.7654780332108
9362	61.7696296244885
9363	61.7890181186206
9364	61.8211473586807
9365	61.8653104222441
9366	61.9218161483777
9367	61.9889279304105
9368	62.0645672151199
9369	62.1471003376321
9370	62.236102908705
9371	62.3288523597694
9372	62.4171713399386
9373	62.4918465449002
9374	62.5429099065308
9375	62.5592193514551
9376	62.5385602044696
9377	62.4873560569567
9378	62.4057682943625
9379	62.2902718256917
9380	62.1423561858912
9381	61.9642208389966
9382	61.7580761292864
9383	61.5264646910402
9384	61.2686921099273
9385	60.9869404339092
9386	60.686271501297
9387	60.3701698489564
9388	60.0387035017738
9389	59.6903446440583
9390	59.3285876622947
9391	58.9574716344036
9392	58.5795222775837
9393	58.1994340291592
9394	57.822230086166
9395	57.4486501509324
9396	57.0827704718681
9397	56.730742535027
9398	56.390809902411
9399	56.0627002213411
9400	55.7514145994777
9401	55.4553979514043
9402	55.1720914033787
9403	54.9009638914534
9404	54.642993724045
9405	54.398166991689
9406	54.1632004670679
9407	53.940472716653
9408	53.7313610532811
9409	53.5338235503834
9410	53.3472356916506
9411	53.1702234856397
9412	53.0010719070237
9413	52.8402093552266
9414	52.6874034513894
9415	52.5408571517696
9416	52.4007597062705
9417	52.2674780865677
9418	52.1406909542597
9419	52.021173290384
9420	51.9100307522214
9421	51.8055084908273
9422	51.7060273828824
9423	51.612166461621
9424	51.5255101481616
9425	51.4458838451072
9426	51.3733714637344
9427	51.3063541984468
9428	51.2416921642651
9429	51.1798460969559
9430	51.1211616745844
9431	51.0665949920617
9432	51.0160747214327
9433	50.9688431844964
9434	50.9241998703845
9435	50.8816641255783
9436	50.8413932862026
9437	50.8041943924375
9438	50.7705288632536
9439	50.7400754078726
9440	50.7124127899346
9441	50.6867198709941
9442	50.6618170350223
9443	50.6365381726012
9444	50.6101255198508
9445	50.5826187730581
9446	50.555023231701
9447	50.5273598365738
9448	50.4984886871143
9449	50.4686059317292
9450	50.4374940678052
9451	50.4049177475875
9452	50.3721280936023
9453	50.3405863196415
9454	50.3095490531293
9455	50.2767665121972
9456	50.2401050299361
9457	50.2007743428773
9458	50.1626746772403
9459	50.1263504663719
9460	50.0912941380485
9461	50.0560944378285
9462	50.0213408512928
9463	49.9885331078947
9464	49.955087644341
9465	49.9171303621778
9466	49.8757798246368
9467	49.8400565349148
9468	49.8172005092149
9469	49.8040514630378
9470	49.791299565033
9471	49.7719574676506
9472	49.7441413535597
9473	49.7050464893757
9474	49.6500092705438
9475	49.5777580003427
9476	49.4891196151214
9477	49.3868349467043
9478	49.2770973034927
9479	49.1669491307926
9480	49.0613104815036
9481	48.9617712359771
9482	48.8688791152927
9483	48.7898207765696
9484	48.7349475776168
9485	48.7064164052854
9486	48.6988709928396
9487	48.7098617833407
9488	48.7431105285032
9489	48.8024891836849
9490	48.8873164456734
9491	48.9984991355243
9492	49.1375872828146
9493	49.3051438274214
9494	49.5005802030419
9495	49.7188162009071
9496	49.9544000233127
9497	50.197421812342
9498	50.4386109695809
9499	50.6681794300866
9500	50.8814260897587
9501	51.0846095454117
9502	51.282378864166
9503	51.4775379376454
9504	51.6710388356868
9505	51.8578369308913
9506	52.0345711689338
9507	52.2042398629173
9508	52.3686738224322
9509	52.5240993101561
9510	52.6662777577708
9511	52.7944109793006
9512	52.9117696922389
9513	53.0229797256385
9514	53.128674216318
9515	53.2272891832434
9516	53.3169448516876
9517	53.3955147833571
9518	53.4620610197004
9519	53.5165542480833
9520	53.5619649542947
9521	53.6018103742894
9522	53.6374139601728
9523	53.6690412855572
9524	53.6955667264258
9525	53.715816252986
9526	53.7263569599556
9527	53.7259059953847
9528	53.7154730594256
9529	53.6956870429395
9530	53.6690122115907
9531	53.6358717825749
9532	53.5960654827629
9533	53.5492664407643
9534	53.4944851198477
9535	53.4331163330217
9536	53.368624861425
9537	53.3028329105007
9538	53.2344872372084
9539	53.1629645395475
9540	53.0895821020748
9541	53.0160937047957
9542	52.9438602549482
9543	52.8716628724586
9544	52.7966584485727
9545	52.7184999071985
9546	52.6372313803711
9547	52.5523790016698
9548	52.4652906283378
9549	52.3768340117131
9550	52.2859353501914
9551	52.1888628989856
9552	52.0809830615039
9553	51.9588430786976
9554	51.8204924253077
9555	51.6646557223966
9556	51.4883243166722
9557	51.2905488486699
9558	51.0721292985207
9559	50.8326315429777
9560	50.572552864561
9561	50.295603947775
9562	50.0050893653615
9563	49.7029507165765
9564	49.3929964251637
9565	49.079722086445
9566	48.7658760694878
9567	48.4530492029323
9568	48.142108107713
9569	47.8340246976945
9570	47.532388060194
9571	47.2407239136059
9572	46.9612930017945
9573	46.6950589483024
9574	46.4412116189988
9575	46.2003191709784
9576	45.9723757127122
9577	45.7583961125896
9578	45.5599991001473
9579	45.379824125711
9580	45.2187211891947
9581	45.0807485195092
9582	44.9735731499061
9583	44.8940297165655
9584	44.8362773563218
9585	44.8004588383539
9586	44.7857898093509
9587	44.7891048218307
9588	44.8082452931138
9589	44.8419720355419
9590	44.8901878095832
9591	44.9527247605396
9592	45.0273303668798
9593	45.1102718692953
9594	45.1974423945866
9595	45.2877574579572
9596	45.3834058017404
9597	45.4867024588538
9598	45.5985193538538
9599	45.7162889364035
9600	45.8360373330881
9601	45.9558977872211
9602	46.0779812465393
9603	46.2041488834982
9604	46.3332882532984
9605	46.4624488762667
9606	46.5891173792446
9607	46.7156893618444
9608	46.8456523110427
9609	46.9791049535601
9610	47.1122340172049
9611	47.2412140279736
9612	47.3678147186846
9613	47.4942136911192
9614	47.6198924006958
9615	47.7447417929553
9616	47.8667271154845
9617	47.9839380362189
9618	48.0994746079627
9619	48.215305749936
9620	48.3311381761274
9621	48.446158014859
9622	48.5585937318636
9623	48.6690912041388
9624	48.7780761015852
9625	48.884215787623
9626	48.9862935285441
9627	49.0844843315567
9628	49.1768266364583
9629	49.2611691305007
9630	49.3379327624434
9631	49.4101417572015
9632	49.4819771028007
9633	49.5551604803297
9634	49.6310537719076
9635	49.7092956161486
9636	49.7888323234183
9637	49.8686483489772
9638	49.9471932918743
9639	50.0234149643773
9640	50.0983486484584
9641	50.1732127059476
9642	50.245672963194
9643	50.3133396772796
9644	50.3761895831974
9645	50.4326783362792
9646	50.4820619814206
9647	50.5273777835455
9648	50.5717771650547
9649	50.6159651646697
9650	50.6603083821946
9651	50.7059705399574
9652	50.7551691227054
9653	50.8083739905765
9654	50.8641441711668
9655	50.9200707540018
9656	50.9740525673265
9657	51.0252237293344
9658	51.0731648761159
9659	51.1174705530579
9660	51.1538427244251
9661	51.1782933036461
9662	51.1878245516016
9663	51.1796152972416
9664	51.1522026012535
9665	51.1059074981786
9666	51.0435909184543
9667	50.9684347425872
9668	50.8820424771732
9669	50.7867944149727
9670	50.6850496439153
9671	50.5751689299805
9672	50.4551520265546
9673	50.3258648117182
9674	50.1888979357366
9675	50.0448110624654
9676	49.8963136746398
9677	49.7465185917056
9678	49.5962684435889
9679	49.4457254130493
9680	49.2949607170436
9681	49.14460756009
9682	48.9955379287626
9683	48.8495067200995
9684	48.7068766324976
9685	48.567736823885
9686	48.4335187096335
9687	48.3042991184947
9688	48.1794949961996
9689	48.0576491574922
9690	47.9373172034171
9691	47.8190227329837
9692	47.7049227745028
9693	47.5965381803376
9694	47.4943444609574
9695	47.3985413148508
9696	47.308762090878
9697	47.2288401515862
9698	47.1599288109765
9699	47.0934741298186
9700	47.0162925889767
9701	46.9167514727048
9702	46.7878754411372
9703	46.6253413470525
9704	46.4265627136441
9705	46.1905269708623
9706	45.9182026716899
9707	45.6123022500972
9708	45.2783268716551
9709	44.9199857385016
9710	44.5396445607261
9711	44.1435035294933
9712	43.7394348470475
9713	43.3321664654134
9714	42.9265354477865
9715	42.5276425899122
9716	42.138533824488
9717	41.7623824959521
9718	41.4006345461561
9719	41.0537248270464
9720	40.722554773084
9721	40.4085886123522
9722	40.1126735741164
9723	39.8351054555589
9724	39.5760591382463
9725	39.3329866909819
9726	39.1042805202144
9727	38.889815605573
9728	38.6898913889118
9729	38.5051552117439
9730	38.3345326952597
9731	38.1774215217559
9732	38.0313425496014
9733	37.8928663702487
9734	37.7621367066393
9735	37.6386978054623
9736	37.5218007685074
9737	37.4109797319803
9738	37.3056701063634
9739	37.2058281790689
9740	37.111799067368
9741	37.0240732435698
9742	36.9411505839358
9743	36.8608957356565
9744	36.7822472798132
9745	36.7047201232286
9746	36.628789457835
9747	36.5565367649867
9748	36.4900024359058
9749	36.4291828382677
9750	36.3740627198788
9751	36.3277881536914
9752	36.2939684762021
9753	36.277754274371
9754	36.288465497558
9755	36.3391919817378
9756	36.4435246105179
9757	36.6124042723989
9758	36.8532862813746
9759	37.1696372224449
9760	37.5645081477702
9761	38.0419244828457
9762	38.6024352214519
9763	39.2401574233453
9764	39.9455321048649
9765	40.708033180681
9766	41.5169760227382
9767	42.3618196206721
9768	43.2323789774231
9769	44.1190153075344
9770	45.012799466178
9771	45.9052147780423
9772	46.7860179271463
9773	47.6463763900094
9774	48.4763055665031
9775	49.2699029490429
9776	50.023621917138
9777	50.7357419866684
9778	51.406406592166
9779	52.0312999775718
9780	52.612140238715
9781	53.1537057835854
9782	53.6589404807448
9783	54.1315746985975
9784	54.5745308973193
9785	54.9892180616242
9786	55.3758758983702
9787	55.7370460089133
9788	56.0768591802374
9789	56.3982460555419
9790	56.702003495248
9791	56.9877647028536
9792	57.2565268134863
9793	57.5110548378862
9794	57.7545499122081
9795	57.9888685069702
9796	58.2153949142469
9797	58.4337691512079
9798	58.6434574477111
9799	58.8448088346137
9800	59.0385541909974
9801	59.226262177171
9802	59.4074681919246
9803	59.5811878562912
9804	59.7453249962849
9805	59.8949289762811
9806	60.0218977352957
9807	60.1204577720289
9808	60.1840899552153
9809	60.2070442920298
9810	60.1939955857513
9811	60.1547166413744
9812	60.0962133153085
9813	60.0241151445438
9814	59.9423922724465
9815	59.854309044508
9816	59.7646090429131
9817	59.6744816286063
9818	59.5828341113143
9819	59.4891986642995
9820	59.3943204968341
9821	59.3005854944622
9822	59.2087800460221
9823	59.1182820394742
9824	59.0296598625345
9825	58.9425131483565
9826	58.8562769269024
9827	58.7722239043575
9828	58.691217241951
9829	58.61108966029
9830	58.5302216410332
9831	58.4480655948389
9832	58.3635757922281
9833	58.2763999567196
9834	58.1863440824202
9835	58.0925897073551
9836	57.9951370378988
9837	57.895072359142
9838	57.7926161397047
9839	57.6888880140548
9840	57.5841834495873
9841	57.4788647173336
9842	57.3728018180882
9843	57.2660416362598
9844	57.1581373406179
9845	57.0426276305487
9846	56.9090057498126
9847	56.7472489025132
9848	56.5499797627725
9849	56.3115912927309
9850	56.0286516146891
9851	55.6986776312146
9852	55.3202573068171
9853	54.8946934834813
9854	54.424607762407
9855	53.9168089071603
9856	53.3844696604992
9857	52.8422814103422
9858	52.303221269801
9859	51.775043778237
9860	51.2620100136054
9861	50.7683364092901
9862	50.2963104035477
9863	49.8492960973465
9864	49.4324340579012
9865	49.0458354727575
9866	48.6860278751414
9867	48.3493419066913
9868	48.0316266266401
9869	47.7275153271034
9870	47.4316858610657
9871	47.1414440303804
9872	46.8557073596088
9873	46.5757575467799
9874	46.3048125659619
9875	46.0473725809712
9876	45.8103929846822
9877	45.5985659981708
9878	45.4153419591497
9879	45.268642135947
9880	45.1577280375281
9881	45.0698407129562
9882	44.9974548898737
9883	44.9354176075433
9884	44.8771227761151
9885	44.820257555976
9886	44.7643838380825
9887	44.7086978504756
9888	44.6543366427219
9889	44.6033206321106
9890	44.5539536893776
9891	44.5029777067802
9892	44.4483863855112
9893	44.3899750073712
9894	44.3295948643066
9895	44.268713900158
9896	44.2092870491021
9897	44.1570259844901
9898	44.115059798017
9899	44.0857443026638
9900	44.0710747304695
9901	44.0735076056426
9902	44.096647158418
9903	44.1424441689747
9904	44.2141912915282
9905	44.3138908001531
9906	44.4402124048793
9907	44.5931298906302
9908	44.7749374508612
9909	44.9873015781517
9910	45.231847763159
9911	45.5084624854503
9912	45.8160457949006
9913	46.1540998803567
9914	46.5213910864155
9915	46.9157339991232
9916	47.3335229436905
9917	47.7694620937556
9918	48.2173415219863
9919	48.6742866149107
9920	49.1386466007229
9921	49.6070740628958
9922	50.076772483318
9923	50.542801627203
9924	51.0013948873736
9925	51.4489029918319
9926	51.8810627790569
9927	52.2955108849337
9928	52.6894306714805
9929	53.0604115265328
9930	53.4004720465709
9931	53.7084168485509
9932	53.9912202925092
9933	54.2531311586554
9934	54.4964930196768
9935	54.7204469117284
9936	54.9259323004721
9937	55.1157771307942
9938	55.2900334698751
9939	55.4482189998604
9940	55.5947111188277
9941	55.7316425882295
9942	55.8583550699765
9943	55.9755273385191
9944	56.083154255383
9945	56.1808881982879
9946	56.2705260658468
9947	56.3540907300855
9948	56.4331515578008
9949	56.5064136792969
9950	56.5706079388583
9951	56.6263232726112
9952	56.6740121712017
9953	56.7142423487619
9954	56.7473581825748
9955	56.775994738953
9956	56.8031363404325
9957	56.8287554071325
9958	56.8530591311672
9959	56.8758875147258
9960	56.8954968249531
9961	56.9107793118028
9962	56.9233142560038
9963	56.9337408808819
9964	56.9411104360804
9965	56.9450234503067
9966	56.9444448908418
9967	56.9386674257608
9968	56.928798031406
9969	56.914265403136
9970	56.8930318480678
9971	56.8663007923599
9972	56.835902901633
9973	56.8009513846108
9974	56.7607648404109
9975	56.7154900615995
9976	56.6656122017584
9977	56.6129865245142
9978	56.5588993526195
9979	56.5032264054074
9980	56.4438918583736
9981	56.3785514617956
9982	56.3071915201785
9983	56.2295054565916
9984	56.1459609518699
9985	56.058125510412
9986	55.9669516623786
9987	55.8730867244797
9988	55.7760721707277
9989	55.67516124774
9990	55.5694145257117
9991	55.4582468594551
9992	55.3423820251986
9993	55.2222825656979
9994	55.0982007573872
9995	54.9714867485402
9996	54.8421670588653
9997	54.7093198509584
9998	54.5738171926547
9999	54.4361516999579
10000	54.2964483271625
10001	54.1553180355504
10002	54.0121570511154
10003	53.8668113192775
10004	53.7170618867035
10005	53.5578606312723
10006	53.389939505846
10007	53.212698772201
10008	53.0191758375336
10009	52.8065437367764
10010	52.572855912565
10011	52.3156803707762
10012	52.0362204891333
10013	51.7392327229421
10014	51.4290214311097
10015	51.1102344521695
10016	50.7877675303138
10017	50.4632055425902
10018	50.1421289058471
10019	49.8248727636511
10020	49.5068031271877
10021	49.1862474637638
10022	48.8631737238938
10023	48.5368064526214
10024	48.2068768782355
10025	47.8739823213326
10026	47.5349614072094
10027	47.186246737844
10028	46.8285426619941
10029	46.4642836926891
10030	46.094521922724
10031	45.720222624298
10032	45.345576843925
10033	44.9735288650814
10034	44.604143653303
10035	44.2367921848527
10036	43.8729669426951
10037	43.5134959178726
10038	43.1564440765526
10039	42.802472264339
10040	42.4552619402998
10041	42.1198483001042
10042	41.8059403952963
10043	41.5151651824527
10044	41.2398718220654
10045	40.9764762747959
10046	40.7192378750579
10047	40.4613762969434
10048	40.198462134221
10049	39.9252599103237
10050	39.6383574464085
10051	39.3378211377422
10052	39.0260673481666
10053	38.7099509444556
10054	38.3981729512426
10055	38.0930457835062
10056	37.7927432379262
10057	37.4977819273724
10058	37.2079639762177
10059	36.9222476414281
10060	36.6394903791897
10061	36.3606451128268
10062	36.0867775359982
10063	35.8179990871063
10064	35.5599659260718
10065	35.3148856754067
10066	35.0825952808028
10067	34.8643586698556
10068	34.6583554303923
10069	34.4590479548733
10070	34.2635666080952
10071	34.0715361552574
10072	33.8828204617402
10073	33.6968548469957
10074	33.5111573205133
10075	33.3238023817055
10076	33.1335537693012
10077	32.9425705738356
10078	32.7519161983103
10079	32.5606611828417
10080	32.3700956233395
10081	32.1842568015978
10082	32.0040682021578
10083	31.8291719512668
10084	31.6663467743134
10085	31.5212440924256
10086	31.3984290742696
10087	31.3038632393807
10088	31.2363514670997
10089	31.187712033979
10090	31.1528038077282
10091	31.1293828293829
10092	31.1096902279803
10093	31.0836260755958
10094	31.0464904099237
10095	31.000108397813
10096	30.9469257659957
10097	30.8878664802523
10098	30.8240281613047
10099	30.7568627736422
10100	30.6850203445536
10101	30.6031654626086
10102	30.5097451552873
10103	30.4058278555065
10104	30.2907314591513
10105	30.1655088627938
10106	30.03116480127
10107	29.8860269945535
10108	29.7307515630934
10109	29.5676649553787
10110	29.3957641016113
10111	29.2172410271914
10112	29.0330463584175
10113	28.845798051891
10114	28.6601699729067
10115	28.4763563798486
10116	28.2955424705541
10117	28.1180847626642
10118	27.9411414212495
10119	27.7645783878303
10120	27.5902772989906
10121	27.4179116677416
10122	27.2474612019235
10123	27.0763447309561
10124	26.9008323772015
10125	26.7246201036803
10126	26.5518275597816
10127	26.3847542469668
10128	26.2293087653338
10129	26.0907146671347
10130	25.9752512707656
10131	25.8854296967568
10132	25.8214066241935
10133	25.7821033504264
10134	25.7614935794202
10135	25.7538750389782
10136	25.7553444880411
10137	25.7671113436399
10138	25.791884533088
10139	25.829027827358
10140	25.8767454956821
10141	25.9329886498459
10142	25.993158497399
10143	26.0539357316021
10144	26.1134735607451
10145	26.1699336572098
10146	26.222785316529
10147	26.2703382543245
10148	26.3107381726439
10149	26.3414097261119
10150	26.3543426565749
10151	26.3362903918132
10152	26.2741869906306
10153	26.158813555535
10154	25.9832942685689
10155	25.7428698537548
10156	25.4356583183468
10157	25.0618870433288
10158	24.6264734241649
10159	24.1364994715559
10160	23.5994482892542
10161	23.0227120299456
10162	22.4149340746104
10163	21.785350213733
10164	21.1418436732099
10165	20.4929645345073
10166	19.8457862215465
10167	19.2040612643076
10168	18.5719689033819
10169	17.9537556381431
10170	17.3520070114345
10171	16.7666888456455
10172	16.196528817584
10173	15.642737467549
10174	15.1093993860803
10175	14.5964792777647
10176	14.0987196017955
10177	13.6152902248019
10178	13.1458448640661
10179	12.6871628012098
10180	12.2384900643012
10181	11.7984533030116
10182	11.3651771035542
10183	10.9379545186825
10184	10.517232699783
10185	10.107791966962
10186	9.71654195658198
10187	9.3479263821164
10188	9.00306101217181
10189	8.69022854968732
10190	8.40509520759267
10191	8.13685188113216
10192	7.86901147272205
10193	7.5815486852829
10194	7.26613293124632
10195	6.92582421979685
10196	6.57618463206104
10197	6.23004442123226
10198	5.88900386057175
10199	5.54728373831646
10200	5.20075984264015
10201	4.85163240129381
10202	4.51330737479239
10203	4.19739360998981
10204	3.90337977745271
10205	3.64370374659239
10206	3.42783528686928
10207	3.25108490603488
10208	3.10693208352174
10209	2.99185986555638
10210	2.90435174656588
10211	2.83869614666449
10212	2.78214768884716
10213	2.71650939835843
10214	2.63432476568763
10215	2.53696451120399
10216	2.43236436898337
10217	2.32541661948566
10218	2.2110378233197
10219	2.09673712018257
10220	1.99142936769082
10221	1.89621203789587
10222	1.81288322941299
10223	1.73683000567943
10224	1.66350029484651
10225	1.59104013803543
10226	1.529693675543
10227	1.50493700285727
10228	1.5361254826404
10229	1.61982702620634
10230	1.72923508147821
10231	1.83534400305565
10232	1.93671785421147
10233	2.05177430925486
10234	2.19158671263338
10235	2.34822136072468
10236	2.50721938890543
10237	2.65856483275889
10238	2.79513515227228
10239	2.91865590554193
10240	3.03744898263347
10241	3.1524436981781
10242	3.25439036912365
10243	3.33683499221422
10244	3.400946576924
10245	3.46345321182999
10246	3.5457375120385
10247	3.63944904716752
10248	3.72078249638997
10249	3.77585179985722
10250	3.7980247760519
10251	3.78892586046734
10252	3.7580507747675
10253	3.72256612577318
10254	3.69999544386637
10255	3.70413525579595
10256	3.745874190634
10257	3.83312439029952
10258	3.96965031338328
10259	4.15304997160366
10260	4.37850372807865
10261	4.64671635312856
10262	4.95830299458535
10263	5.29733861188082
10264	5.63899860477405
10265	5.96941777905349
10266	6.28660895953573
10267	6.58946647567321
10268	6.86754306551623
10269	7.11253335840946
10270	7.31798954166663
10271	7.47894150138308
10272	7.61394002071555
10273	7.75211345474184
10274	7.9103671286232
10275	8.09350744768709
10276	8.30411142906925
10277	8.54737018732032
10278	8.82337213596763
10279	9.12447480624538
10280	9.44559375562629
10281	9.77850501965178
10282	10.1154612991517
10283	10.4505626426221
10284	10.7787647360826
10285	11.0981447363185
10286	11.4019344119324
10287	11.6835223854119
10288	11.9334937268799
10289	12.1418553278274
10290	12.2957885615671
10291	12.3787424906102
10292	12.3728128674478
10293	12.2568244405892
10294	12.0137921979548
10295	11.6329298384862
10296	11.1154445776217
10297	10.4719829946034
10298	9.71533495947518
10299	8.86021476211445
10300	7.92333237158267
10301	6.92291767242902
10302	5.87795572178703
10303	4.80729034275515
10304	3.72872467006775
10305	2.65821606306859
10306	1.60922357200647
10307	0.5922308868331
10308	-0.385552544627459
10309	-1.32031236944375
10310	-2.2114725086275
10311	-3.06110483386917
10312	-3.87464142586717
10313	-4.66057571572919
10314	-5.42614610902948
10315	-6.17725927876705
10316	-6.91007764806684
10317	-7.59865717511734
10318	-8.22220591817483
10319	-8.79149331960849
10320	-9.33679050955226
10321	-9.88595868549386
10322	-10.4505264016693
10323	-11.035118105418
10324	-11.6397919268935
10325	-12.258915207617
10326	-12.8869654566632
10327	-13.5195161058512
10328	-14.1526802326398
10329	-14.7868970420589
10330	-15.4089883493241
10331	-16.0055842809376
10332	-16.5733293848745
10333	-17.1054572101159
10334	-17.6041780160538
10335	-18.0804851431809
10336	-18.5490689553389
10337	-19.0229140827241
10338	-19.508909655426
10339	-20.0094803876685
10340	-20.523158778084
10341	-21.045211382995
10342	-21.5732966615311
10343	-22.1084431309103
10344	-22.6490709131416
10345	-23.1911598204624
10346	-23.7310485254943
10347	-24.2681856487782
10348	-24.804275163287
10349	-25.3368442783106
10350	-25.8588462343825
10351	-26.3687875942787
10352	-26.8682789278982
10353	-27.348171299922
10354	-27.7933789784658
10355	-28.1877186795979
10356	-28.5090631301112
10357	-28.7661517945605
10358	-28.9817242558162
10359	-29.1808207301709
10360	-29.3954397652299
10361	-29.6426940855608
10362	-29.9269059891789
10363	-30.2312376381366
10364	-30.5283042564955
10365	-30.8011452068854
10366	-31.0426086287985
10367	-31.2597800195413
10368	-31.4690277902277
10369	-31.6877327326486
10370	-31.9110550680499
10371	-32.1116475264718
10372	-32.276571229623
10373	-32.4114859526714
10374	-32.531649775039
10375	-32.6396005001367
10376	-32.7230427839019
10377	-32.7798410661049
10378	-32.8247067545019
10379	-32.8818926515176
10380	-32.9729024680304
10381	-33.1112084867851
10382	-33.3027918822521
10383	-33.5512113567475
10384	-33.8532713698898
10385	-34.1939302294271
10386	-34.5473165201504
10387	-34.8903489769679
10388	-35.2200872474585
10389	-35.542371879575
10390	-35.8605395336707
10391	-36.1785499555247
10392	-36.4986364319118
10393	-36.8185875002388
10394	-37.136467723288
10395	-37.4526250783978
10396	-37.7680749594583
10397	-38.0822854748783
10398	-38.3926939169846
10399	-38.6972407784081
10400	-38.9945411178156
10401	-39.28279926016
10402	-39.5628557047922
10403	-39.835627922115
10404	-40.1004547936637
10405	-40.3547127792967
10406	-40.5947383119402
10407	-40.8125160016369
10408	-40.9948650440074
10409	-41.1306876221241
10410	-41.200926759367
10411	-41.193831270952
10412	-41.1187816279968
10413	-40.9872566733844
10414	-40.8065396337669
10415	-40.5865462567662
10416	-40.3275372732073
10417	-40.0270921394219
10418	-39.690254356637
10419	-39.3276886648899
10420	-38.9367580398074
10421	-38.5178648529115
10422	-38.079692399978
10423	-37.6147200222206
10424	-37.1239329447825
10425	-36.6178409086313
10426	-36.1063842222666
10427	-35.5987120349855
10428	-35.1016722371827
10429	-34.6150880131968
10430	-34.1388177899346
10431	-33.6766159628708
10432	-33.2323735838036
10433	-32.8095358924048
10434	-32.4085515690444
10435	-32.0300365075015
10436	-31.6765426903859
10437	-31.3493177843221
10438	-31.0498239022898
10439	-30.780385655204
10440	-30.5371370500686
10441	-30.3097379684879
10442	-30.0902560379273
10443	-29.8801201904527
10444	-29.6695113382841
10445	-29.4562873942462
10446	-29.2395980315265
10447	-29.0087611061345
10448	-28.7626112636034
10449	-28.5043766374076
10450	-28.2343979616888
10451	-27.9540743536112
10452	-27.6711537060002
10453	-27.3931795077092
10454	-27.124065180968
10455	-26.861137651631
10456	-26.601446518179
10457	-26.3462129094761
10458	-26.0906861860959
10459	-25.8347080949226
10460	-25.584787764891
10461	-25.3471298796112
10462	-25.1236297192494
10463	-24.9145975131116
10464	-24.7166873585911
10465	-24.5218197697316
10466	-24.3268892113275
10467	-24.1333876707622
10468	-23.9472438624161
10469	-23.773630216977
10470	-23.6127006486002
10471	-23.4645110702679
10472	-23.3304736116783
10473	-23.2117062703582
10474	-23.1062699612601
10475	-23.0100697965936
10476	-22.9254418504313
10477	-22.855890123385
10478	-22.8021125705385
10479	-22.7640872990326
10480	-22.7409321736856
10481	-22.7315230328598
10482	-22.7336627667408
10483	-22.745456322984
10484	-22.7710918842378
10485	-22.8144794546431
10486	-22.8745807486467
10487	-22.9484114725047
10488	-23.0331551515578
10489	-23.1299305045642
10490	-23.2376931425212
10491	-23.3605756684899
10492	-23.508490658497
10493	-23.6840115396291
10494	-23.8802840678652
10495	-24.1009091252553
10496	-24.3468436755363
10497	-24.610174966032
10498	-24.890147106449
10499	-25.1868680390206
10500	-25.4916066290546
10501	-25.7990064315117
10502	-26.1041059676446
10503	-26.3927411220167
10504	-26.6508349819209
10505	-26.8712750103292
10506	-27.058508385026
10507	-27.2118883372566
10508	-27.3309034604223
10509	-27.4201947524243
10510	-27.4811830516565
10511	-27.5179364863767
10512	-27.5325272970034
10513	-27.5245935156881
10514	-27.4975712401848
10515	-27.4547494962658
10516	-27.3977117075233
10517	-27.3287901380607
10518	-27.250647431095
10519	-27.1668539924258
10520	-27.0825502931102
10521	-27.0013205818125
10522	-26.9232856272668
10523	-26.844924580263
10524	-26.7611096902186
10525	-26.6778364590429
10526	-26.6104109228193
10527	-26.5801686812475
10528	-26.6180313365495
10529	-26.7527977057285
10530	-27.0056237738983
10531	-27.3885425284582
10532	-27.8992130690553
10533	-28.5221151873461
10534	-29.2364231329874
10535	-30.0222774067753
10536	-30.8614086171024
10537	-31.7374899260688
10538	-32.6362826205117
10539	-33.545653155257
10540	-34.4555384180219
10541	-35.3579091109916
10542	-36.2467336456069
10543	-37.1177979602072
10544	-37.9683891528405
10545	-38.7969980794857
10546	-39.6030658365682
10547	-40.3809345477267
10548	-41.1254834673648
10549	-41.8343112468615
10550	-42.5076334113927
10551	-43.1487149117236
10552	-43.758717080084
10553	-44.3404709764807
10554	-44.8971066047433
10555	-45.4286307838495
10556	-45.9371588018559
10557	-46.4262720821364
10558	-46.8954625465827
10559	-47.3457789618494
10560	-47.7793788664481
10561	-48.1981516353117
10562	-48.6040411545555
10563	-48.9973186633836
10564	-49.3758045466345
10565	-49.7394374572
10566	-50.0916419162053
10567	-50.4345119172411
10568	-50.7687898600721
10569	-51.0952526436318
10570	-51.4137167769308
10571	-51.7245046127529
10572	-52.0283021844615
10573	-52.3236952516234
10574	-52.6090743492139
10575	-52.8853929265239
10576	-53.1530795225026
10577	-53.4101333330157
10578	-53.6562658190424
10579	-53.8917855108052
10580	-54.116709639744
10581	-54.3254630872953
10582	-54.5049400392639
10583	-54.6449618657894
10584	-54.7332332683383
10585	-54.7606792710208
10586	-54.7416801979597
10587	-54.6968950020649
10588	-54.6433751113515
10589	-54.5946040895462
10590	-54.5481432983884
10591	-54.4976616780735
10592	-54.4392702054734
10593	-54.3732859348946
10594	-54.3048944950507
10595	-54.241400118307
10596	-54.1831062224091
10597	-54.1207224869277
10598	-54.0447186765147
10599	-53.9540634127769
10600	-53.8566139019597
10601	-53.7564228112759
10602	-53.6509339118862
10603	-53.5325379420637
10604	-53.4051930140092
10605	-53.2795550767114
10606	-53.1573875352511
10607	-53.0319853652401
10608	-52.8950050009607
10609	-52.7489619870672
10610	-52.6078295757084
10611	-52.4845150780637
10612	-52.3869329706402
10613	-52.3220551473253
10614	-52.2881423372909
10615	-52.2757927180022
10616	-52.2755408965077
10617	-52.2842321312838
10618	-52.3061074413442
10619	-52.3383024571399
10620	-52.3737491310342
10621	-52.4128703194247
10622	-52.457676237543
10623	-52.5039243181353
10624	-52.546382817037
10625	-52.5852398416317
10626	-52.6211000737379
10627	-52.6546426756111
10628	-52.6853138621182
10629	-52.708561507007
10630	-52.721771036587
10631	-52.727829605816
10632	-52.7287385066223
10633	-52.7219580010143
10634	-52.7034688951044
10635	-52.6700825838157
10636	-52.6220296554468
10637	-52.5599002548512
10638	-52.4856478743212
10639	-52.403316168774
10640	-52.3166497227038
10641	-52.2252542296896
10642	-52.1256059446208
10643	-52.0157603198383
10644	-51.8949525679886
10645	-51.7643284487014
10646	-51.6171573945885
10647	-51.4469964024453
10648	-51.252920576805
10649	-51.0227631747586
10650	-50.7453654080486
10651	-50.425414786193
10652	-50.0668034328248
10653	-49.6672715676978
10654	-49.2258079591462
10655	-48.7474867784858
10656	-48.2413320086395
10657	-47.7198486581133
10658	-47.1920873416263
10659	-46.6611877877818
10660	-46.1286253125239
10661	-45.5939931696414
10662	-45.0550834988633
10663	-44.5091284238565
10664	-43.96544349797
10665	-43.4430770236095
10666	-42.9486091979127
10667	-42.479843764553
10668	-42.0363474522283
10669	-41.611159198622
10670	-41.194469542992
10671	-40.7798044443511
10672	-40.3651811041467
10673	-39.9495630671262
10674	-39.5303879464086
10675	-39.1031129013009
10676	-38.6708401450248
10677	-38.2555030745653
10678	-37.8833392090355
10679	-37.553100538705
10680	-37.2518215885342
10681	-36.9794096611565
10682	-36.7240207936674
10683	-36.467975152134
10684	-36.2074519030323
10685	-35.9443728359465
10686	-35.6791188724021
10687	-35.4092834361766
10688	-35.134453074472
10689	-34.8565628319162
10690	-34.575950241572
10691	-34.2939639396574
10692	-34.0146180299649
10693	-33.7394892776367
10694	-33.4742738386318
10695	-33.2283689797753
10696	-33.0084305181129
10697	-32.8202259381862
10698	-32.6711357743856
10699	-32.5691436899668
10700	-32.5171434311889
10701	-32.5148573914879
10702	-32.556208631819
10703	-32.627567396364
10704	-32.7240242278062
10705	-32.8574554035909
10706	-33.0339947039932
10707	-33.2502842910165
10708	-33.5082056748491
10709	-33.8125369651302
10710	-34.1639360579488
10711	-34.5637713312931
10712	-35.0224264550245
10713	-35.553028368044
10714	-36.1631806787529
10715	-36.8559917962162
10716	-37.6288540633382
10717	-38.4697722868159
10718	-39.3685111227298
10719	-40.3131120018317
10720	-41.2868472657214
10721	-42.2732160471494
10722	-43.2556347614884
10723	-44.2191297575245
10724	-45.1514303155449
10725	-46.0439330042971
10726	-46.89037536418
10727	-47.6827744759246
10728	-48.4125854413624
10729	-49.0727209062573
10730	-49.6482636945931
10731	-50.1247792336724
10732	-50.5154029518791
10733	-50.8468113683147
10734	-51.1338864726904
10735	-51.3884293497705
10736	-51.6270487940885
10737	-51.8599268866181
10738	-52.0880296679584
10739	-52.3051026046769
10740	-52.5017554985552
10741	-52.6760616423248
10742	-52.8295185760898
10743	-52.9619880227298
10744	-53.068469334801
10745	-53.1406528724087
10746	-53.1791694658587
10747	-53.1963291604486
10748	-53.2052514853267
10749	-53.2122613749772
10750	-53.2128793945852
10751	-53.1980583311624
10752	-53.1724238943772
10753	-53.1447538803844
10754	-53.1167112295847
10755	-53.0894416366772
10756	-53.0626067985623
10757	-53.0285886985449
10758	-52.9827007008333
10759	-52.9306786537794
10760	-52.8764682006701
10761	-52.8192446640914
10762	-52.7557482671385
10763	-52.6836223543725
10764	-52.6075615395528
10765	-52.535832214805
10766	-52.4715124321188
10767	-52.4155631617018
10768	-52.3657332504383
10769	-52.3144132231028
10770	-52.2605312681596
10771	-52.2124222226905
10772	-52.1754407706415
10773	-52.1509266564332
10774	-52.1369265248846
10775	-52.1240999064063
10776	-52.1047680419042
10777	-52.0814877185989
10778	-52.0615745281274
10779	-52.0487051797496
10780	-52.0410441745255
10781	-52.0294125077108
10782	-52.0084553890097
10783	-51.9847834778025
10784	-51.9655205119295
10785	-51.9542702601957
10786	-51.9525491690655
10787	-51.9504550110374
10788	-51.9353499179494
10789	-51.908323092587
10790	-51.873190054006
10791	-51.8296278387632
10792	-51.7803537641881
10793	-51.7220593625226
10794	-51.6486475874146
10795	-51.5611478094253
10796	-51.4575302026608
10797	-51.3360110696431
10798	-51.2045987704496
10799	-51.0688953907006
10800	-50.9317304538812
10801	-50.804798576901
10802	-50.702955921957
10803	-50.6398691699674
10804	-50.6231374982995
10805	-50.6580666453175
10806	-50.7522845266567
10807	-50.9090084216431
10808	-51.128397400827
10809	-51.4069853198738
10810	-51.7376401764119
10811	-52.1134679832372
10812	-52.5228206319185
10813	-52.9425983628599
10814	-53.338021122481
10815	-53.6960110746901
10816	-54.0235191041887
10817	-54.3209729769516
10818	-54.5965229073601
10819	-54.8595852424239
10820	-55.114734083464
10821	-55.3710199547731
10822	-55.6377431205498
10823	-55.9203291557352
10824	-56.2193726905051
10825	-56.5327516092048
10826	-56.8577564247041
10827	-57.1921967555099
10828	-57.5318574919905
10829	-57.8719421492246
10830	-58.2088124480366
10831	-58.5351691858442
10832	-58.8408887950078
10833	-59.1146971326025
10834	-59.3426618736504
10835	-59.51969266215
10836	-59.6402120266781
10837	-59.7044206616638
10838	-59.7303265582905
10839	-59.7304549047717
10840	-59.7170863444125
10841	-59.7033136835532
10842	-59.685434646799
10843	-59.6574146970069
10844	-59.6121995560338
10845	-59.5432834951477
10846	-59.4590627183402
10847	-59.3645794541813
10848	-59.2574004863423
10849	-59.1385299359833
10850	-59.0073643644169
10851	-58.8614807204078
10852	-58.6998367682323
10853	-58.5240054129787
10854	-58.3357038986041
10855	-58.1360966568713
10856	-57.927513196381
10857	-57.710830747528
10858	-57.4920423578982
10859	-57.2785071194385
10860	-57.076806294511
10861	-56.8872106350428
10862	-56.6998691814504
10863	-56.5076869311594
10864	-56.3096005834077
10865	-56.1036905688054
10866	-55.8913115742018
10867	-55.6764717432529
10868	-55.4595217280287
10869	-55.2432834862499
10870	-55.0360147824476
10871	-54.8434609961882
10872	-54.6703326123212
10873	-54.5232876608571
10874	-54.4055846041954
10875	-54.3176634235007
10876	-54.2560993244878
10877	-54.2157422438675
10878	-54.193265375171
10879	-54.1858146112315
10880	-54.1910378547057
10881	-54.2077013768568
10882	-54.2354981804533
10883	-54.2746134756066
10884	-54.3241326264151
10885	-54.3833717428136
10886	-54.4508054949556
10887	-54.5234446838663
10888	-54.5992481420258
10889	-54.676217969708
10890	-54.7527048962996
10891	-54.8251077053493
10892	-54.8841423691501
10893	-54.9221078603173
10894	-54.9298909169928
10895	-54.8968952226339
10896	-54.8151203831403
10897	-54.6846219362935
10898	-54.5095598152144
10899	-54.2898627137514
10900	-54.0283288302235
10901	-53.7272630056857
10902	-53.3873991130633
10903	-53.0145886973239
10904	-52.6137803029862
10905	-52.1889464925494
10906	-51.7472288390987
10907	-51.2945858706144
10908	-50.837186499729
10909	-50.3808107522901
10910	-49.9279969638964
10911	-49.4818034619373
10912	-49.045609192595
10913	-48.6213516601711
10914	-48.211540527582
10915	-47.816200983273
10916	-47.4353790516088
10917	-47.0713379749848
10918	-46.7242370172563
10919	-46.3918248849766
10920	-46.0719963743868
10921	-45.7669635375837
10922	-45.4804649856003
10923	-45.2154053623453
10924	-44.9772420889536
10925	-44.7658195545532
10926	-44.5792438674256
10927	-44.4136901386697
10928	-44.2668223731944
10929	-44.1429504715121
10930	-44.0385345301881
10931	-43.9469942620373
10932	-43.8590838050526
10933	-43.7665558076548
10934	-43.6671965841846
10935	-43.559089639361
10936	-43.441925805716
10937	-43.3157998301764
10938	-43.181451669942
10939	-43.0364100538721
10940	-42.8797058688639
10941	-42.7139870440575
10942	-42.5437700479654
10943	-42.3786158575238
10944	-42.2213846104063
10945	-42.0657666609453
10946	-41.9128106683574
10947	-41.7687341093514
10948	-41.6245189604359
10949	-41.4603722389811
10950	-41.2635943578352
10951	-41.0268957803206
10952	-40.7441929622377
10953	-40.4135078750472
10954	-40.03539922053
10955	-39.6128099506689
10956	-39.1509958230232
10957	-38.6561788879974
10958	-38.1341985811754
10959	-37.5922197510046
10960	-37.0367748245318
10961	-36.4738836087591
10962	-35.9111792117645
10963	-35.3564165747618
10964	-34.8155473931027
10965	-34.2980154765481
10966	-33.8202118345038
10967	-33.3968077170233
10968	-33.044161134862
10969	-32.7726008190685
10970	-32.5832724802111
10971	-32.4593677391956
10972	-32.3760909803049
10973	-32.3143821212053
10974	-32.2519623805286
10975	-32.170623965027
10976	-32.0637748472932
10977	-31.9295091756063
10978	-31.7735233742214
10979	-31.6155764542515
10980	-31.4821325473909
10981	-31.3929858739914
10982	-31.3529148334086
10983	-31.365052233598
10984	-31.4308398561533
10985	-31.5270133293985
10986	-31.625839712134
10987	-31.7383278564545
10988	-31.8930922953863
10989	-32.0920679500006
10990	-32.3282536714559
10991	-32.609456436259
10992	-32.9421703142196
10993	-33.3321011430939
10994	-33.7877157573665
10995	-34.3110552124641
10996	-34.9032700447487
10997	-35.561185501029
10998	-36.2731156897578
10999	-37.0309544194752
11000	-37.8254193334764
11001	-38.6446778544584
11002	-39.4749889521984
11003	-40.3014675879303
11004	-41.108779236596
11005	-41.8813651101718
11006	-42.6191312033182
11007	-43.3227326931991
11008	-43.9874384611311
11009	-44.6202959920728
11010	-45.2341348489778
11011	-45.836870454039
11012	-46.4352541639038
11013	-47.0347015822472
11014	-47.6378033560544
11015	-48.2455648811844
11016	-48.8567289561964
11017	-49.469192813096
11018	-50.0780010541635
11019	-50.6776020327698
11020	-51.2579630891592
11021	-51.8112446445089
11022	-52.3351807516498
11023	-52.8238389945035
11024	-53.270486278454
11025	-53.6723451628841
11026	-54.0328265582708
11027	-54.3603847759092
11028	-54.6591914352759
11029	-54.9340554122249
11030	-55.1926074295561
11031	-55.4286559016993
11032	-55.6368485822655
11033	-55.8117880459441
11034	-55.9511647053353
11035	-56.0619737528977
11036	-56.1401561515427
11037	-56.1847514439695
11038	-56.2001227094907
11039	-56.1817054183574
11040	-56.125401639539
11041	-56.0347069063728
11042	-55.9205483145926
11043	-55.8020932897026
11044	-55.6994316921189
11045	-55.6246150301096
11046	-55.5820126221895
11047	-55.5739619127693
11048	-55.6044982741077
11049	-55.675848019432
11050	-55.7858646465259
11051	-55.9286915942881
11052	-56.0978673357008
11053	-56.2887664610408
11054	-56.5001539756017
11055	-56.7305502875034
11056	-56.9747880470036
11057	-57.2265607485872
11058	-57.4801698452093
11059	-57.7311032596079
11060	-57.9772117174181
11061	-58.2156367005079
11062	-58.4434810411581
11063	-58.6605240111139
11064	-58.8635674480927
11065	-59.04951239105
11066	-59.2165687570903
11067	-59.363203458556
11068	-59.4870116703271
11069	-59.5821121337155
11070	-59.6357036509597
11071	-59.637847790189
11072	-59.586327468703
11073	-59.4831098380544
11074	-59.3322740127067
11075	-59.1372360994842
11076	-58.9005092734813
11077	-58.6245601658485
11078	-58.3136739833745
11079	-57.971402865303
11080	-57.5976506243102
11081	-57.1932905406232
11082	-56.7614414924541
11083	-56.3028598121966
11084	-55.8194311889881
11085	-55.3155120350723
11086	-54.7973615892636
11087	-54.2687643167413
11088	-53.7321917332629
11089	-53.1913992704672
11090	-52.6503845075559
11091	-52.1137921487365
11092	-51.58667312419
11093	-51.0718584358895
11094	-50.5697170049636
11095	-50.0839199045367
11096	-49.6181015315169
11097	-49.1739075672924
11098	-48.7544277274401
11099	-48.3589768550541
11100	-47.9851296440417
11101	-47.6312748859304
11102	-47.2953607299638
11103	-46.9748737390499
11104	-46.6675650903563
11105	-46.3719211021768
11106	-46.0857575965024
11107	-45.8064908593711
11108	-45.5345002919589
11109	-45.2726004671698
11110	-45.0232136587046
11111	-44.7910549249524
11112	-44.5803881722634
11113	-44.3915104938709
11114	-44.2282259406243
11115	-44.0924495034866
11116	-43.9834059511952
11117	-43.9092966260819
11118	-43.8799778681295
11119	-43.8995543367151
11120	-43.9690535450083
11121	-44.0915075012427
11122	-44.2702005672773
11123	-44.5057385746887
11124	-44.7954320730329
11125	-45.1347270085979
11126	-45.5223465890795
11127	-45.9563382005603
11128	-46.4329221793532
11129	-46.9505036920877
11130	-47.5036656175764
11131	-48.0849467370379
11132	-48.6860504475999
11133	-49.2995686724677
11134	-49.9191431716285
11135	-50.538126744131
11136	-51.1513021882349
11137	-51.7525216953938
11138	-52.335176410868
11139	-52.8935952079843
11140	-53.4235192935787
11141	-53.9171243153065
11142	-54.3692728541995
11143	-54.770358658023
11144	-55.1191540367476
11145	-55.4272215632937
11146	-55.7033189159482
11147	-55.9595371067628
11148	-56.2085662284784
11149	-56.4579997293841
11150	-56.7135171547626
11151	-56.9695826067637
11152	-57.2078754935877
11153	-57.4173863687991
11154	-57.6010526537826
11155	-57.7699266587726
11156	-57.9357733943504
11157	-58.1050918489366
11158	-58.2753851955737
11159	-58.4368926319432
11160	-58.5791891406491
11161	-58.7008336946857
11162	-58.8028398298583
11163	-58.8822104033271
11164	-58.9372476857925
11165	-58.966262951549
11166	-58.972724175959
11167	-58.9619593538486
11168	-58.9358245682878
11169	-58.8915008550058
11170	-58.8243825117546
11171	-58.7377047608899
11172	-58.6358595934491
11173	-58.5222617189906
11174	-58.4035209557815
11175	-58.281254863629
11176	-58.1527820946875
11177	-58.0136555525383
11178	-57.8592848931183
11179	-57.6907286940844
11180	-57.5081625473235
11181	-57.3137521408409
11182	-57.1040182976591
11183	-56.8675622685549
11184	-56.6060827018354
11185	-56.3264353581901
11186	-56.0334022284486
11187	-55.730582512954
11188	-55.4211940514977
11189	-55.1084687325842
11190	-54.7954394977866
11191	-54.4863580091102
11192	-54.1840175505358
11193	-53.8898174470258
11194	-53.6028313802342
11195	-53.3242510571861
11196	-53.0577678561189
11197	-52.8051975125067
11198	-52.568449753882
11199	-52.3479428660672
11200	-52.1419348406319
11201	-51.9489064273519
11202	-51.7654752961
11203	-51.5886662826287
11204	-51.4184560049365
11205	-51.2569912539962
11206	-51.1046840458741
11207	-50.9654807979967
11208	-50.841970679307
11209	-50.7274220921169
11210	-50.6070895472518
11211	-50.4678142015288
11212	-50.3072210878795
11213	-50.1216545918328
11214	-49.9051001675086
11215	-49.6556305960742
11216	-49.3733421586247
11217	-49.0574519870537
11218	-48.7099646908273
11219	-48.3371959561708
11220	-47.945005905616
11221	-47.5383977345988
11222	-47.1237823864348
11223	-46.7069910107559
11224	-46.2925292669334
11225	-45.8839883531501
11226	-45.4843035517365
11227	-45.0958531874683
11228	-44.7187135863263
11229	-44.3535535435655
11230	-44.0042852581947
11231	-43.6689387090888
11232	-43.3444509127412
11233	-43.0317002518382
11234	-42.7329414451067
11235	-42.4498891290645
11236	-42.1806931739777
11237	-41.922351620476
11238	-41.6712130977059
11239	-41.4257182576998
11240	-41.1877066602015
11241	-40.9567623395137
11242	-40.7328702741547
11243	-40.517415758172
11244	-40.3085837970183
11245	-40.1048238815199
11246	-39.9072415481652
11247	-39.7153638258366
11248	-39.5299541475927
11249	-39.3520915618514
11250	-39.1818518862403
11251	-39.0191724247262
11252	-38.8588667207587
11253	-38.6956092430159
11254	-38.5316936451069
11255	-38.3692543231829
11256	-38.2122783823706
11257	-38.0776342205801
11258	-37.9815216720032
11259	-37.921220567291
11260	-37.8867764298473
11261	-37.8732782563994
11262	-37.8800242680632
11263	-37.910596718615
11264	-37.9659188570627
11265	-38.0461030666528
11266	-38.1519895279949
11267	-38.2834555475231
11268	-38.4415477750755
11269	-38.6236486078485
11270	-38.8271880724475
11271	-39.0513067311327
11272	-39.2944980762099
11273	-39.556248867902
11274	-39.8345249258997
11275	-40.1265762136338
11276	-40.4343332238105
11277	-40.7591801636298
11278	-41.0969952189798
11279	-41.4436822031358
11280	-41.7984146170972
11281	-42.1615955487053
11282	-42.5296275076246
11283	-42.8989163922826
11284	-43.2670643256934
11285	-43.6318854942983
11286	-43.992443106783
11287	-44.3462401809316
11288	-44.6907239517453
11289	-45.0255966865692
11290	-45.3483198630169
11291	-45.6563116219333
11292	-45.9498122001677
11293	-46.2265277666814
11294	-46.4839920872245
11295	-46.7111395397275
11296	-46.9046077758269
11297	-47.0848876182997
11298	-47.2640900921541
11299	-47.4452441134188
11300	-47.6376451795342
11301	-47.850442556468
11302	-48.0889868803471
11303	-48.354086163932
11304	-48.6403145611917
11305	-48.9414517961928
11306	-49.2503922892332
11307	-49.5577153301981
11308	-49.8536742373522
11309	-50.1282568374143
11310	-50.3769663417365
11311	-50.6062332559322
11312	-50.8244176110225
11313	-51.0370101571801
11314	-51.2485852838026
11315	-51.4602929308791
11316	-51.672597435648
11317	-51.8801835735002
11318	-52.0769278117819
11319	-52.2604033024821
11320	-52.4283482717538
11321	-52.578795651856
11322	-52.7104698890218
11323	-52.8237089349876
11324	-52.9205254110248
11325	-53.0009794135813
11326	-53.0612528985393
11327	-53.0989339743717
11328	-53.1148792387958
11329	-53.1111408064699
11330	-53.0911981886566
11331	-53.0584563586718
11332	-53.0131065569441
11333	-52.9545956001684
11334	-52.883783630845
11335	-52.8011619550223
11336	-52.7082547255733
11337	-52.6027271231989
11338	-52.4815441468682
11339	-52.3452658419412
11340	-52.1922067316715
11341	-52.0219992868671
11342	-51.835548447322
11343	-51.6285865876328
11344	-51.395779648042
11345	-51.1346593611072
11346	-50.844712657099
11347	-50.5274854565703
11348	-50.1834173631853
11349	-49.8120956936855
11350	-49.4127414392943
11351	-48.9850914309894
11352	-48.5332540379526
11353	-48.0641065606628
11354	-47.5843568070248
11355	-47.1006266298511
11356	-46.6164300850469
11357	-46.1325072838154
11358	-45.653246498579
11359	-45.1857073078975
11360	-44.7371409548494
11361	-44.3123980832627
11362	-43.9120635083189
11363	-43.5351215691731
11364	-43.1791777540093
11365	-42.8428346507252
11366	-42.5262702536137
11367	-42.2272333287946
11368	-41.9396788646055
11369	-41.6584342574966
11370	-41.3832271106694
11371	-41.1179030733582
11372	-40.8804053875038
11373	-40.6730235892957
11374	-40.4759191415684
11375	-40.2792326997869
11376	-40.0809589649717
11377	-39.8876613146116
11378	-39.7028992786459
11379	-39.5217197924194
11380	-39.3442339118006
11381	-39.1679571584606
11382	-38.9842855004303
11383	-38.7930325141801
11384	-38.5951114855509
11385	-38.391597357755
11386	-38.1894505452225
11387	-37.986444930966
11388	-37.7751633623057
11389	-37.5561756638409
11390	-37.3350650455075
11391	-37.1239771182932
11392	-36.9316255535698
11393	-36.7529049717188
11394	-36.5796665099544
11395	-36.4091305084811
11396	-36.242991950582
11397	-36.0836708468021
11398	-35.929244150451
11399	-35.7771183648592
11400	-35.6297178900458
11401	-35.4899360762458
11402	-35.3586804891743
11403	-35.246574465857
11404	-35.1544830467083
11405	-35.071176507236
11406	-34.995479313932
11407	-34.9295383841865
11408	-34.8765186655467
11409	-34.8458510009323
11410	-34.8302944408972
11411	-34.8102049604266
11412	-34.7803602808264
11413	-34.7426101152852
11414	-34.6999280624348
11415	-34.6608095220263
11416	-34.6323416023283
11417	-34.6037987476066
11418	-34.562175106891
11419	-34.5047079864974
11420	-34.4340700054508
11421	-34.3627374611964
11422	-34.3023491386888
11423	-34.2460934831614
11424	-34.1837031104394
11425	-34.1059436918318
11426	-34.0173865413519
11427	-33.9372145028323
11428	-33.8786582510255
11429	-33.8422529719863
11430	-33.819068890479
11431	-33.8051019159064
11432	-33.8089851981477
11433	-33.8404153399643
11434	-33.8924834144022
11435	-33.9545029340077
11436	-34.0198805561897
11437	-34.0913168985595
11438	-34.1770419043717
11439	-34.2778612069391
11440	-34.3827610759202
11441	-34.4728748998929
11442	-34.5313934048444
11443	-34.5473478097604
11444	-34.515035408986
11445	-34.4302525028579
11446	-34.2914036371598
11447	-34.1003191010295
11448	-33.8705531552975
11449	-33.6320957392577
11450	-33.422014659782
11451	-33.2617263270499
11452	-33.1448779545139
11453	-33.0650356766424
11454	-33.0248895055815
11455	-33.0252572234294
11456	-33.0622946066934
11457	-33.1188299611336
11458	-33.174239949056
11459	-33.2251268291027
11460	-33.2669367993087
11461	-33.2855768252012
11462	-33.2751890768893
11463	-33.2369552841625
11464	-33.1790056672343
11465	-33.117699650496
11466	-33.0745793493062
11467	-33.0697618622399
11468	-33.1146183823575
11469	-33.2174448391751
11470	-33.3824619442313
11471	-33.6146831492667
11472	-33.9165304894239
11473	-34.2833091737649
11474	-34.709113987393
11475	-35.1825454614572
11476	-35.6947517156096
11477	-36.2454474864908
11478	-36.8296288188735
11479	-37.4383539361296
11480	-38.0651929491367
11481	-38.7033731817652
11482	-39.3435288566811
11483	-39.9762669782046
11484	-40.5981249415023
11485	-41.2025078042894
11486	-41.7785370404073
11487	-42.3226716002391
11488	-42.8396101929994
11489	-43.3310162947688
11490	-43.7951570439594
11491	-44.2287184836812
11492	-44.6310454822946
11493	-45.0062596513614
11494	-45.3590934583135
11495	-45.6926991113312
11496	-46.0075705175817
11497	-46.3061191854219
11498	-46.5912476112804
11499	-46.865633741152
11500	-47.1265040775622
11501	-47.3664221567213
11502	-47.5837576430292
11503	-47.7890913831865
11504	-47.9914085561102
11505	-48.1997278395736
11506	-48.4293531772784
11507	-48.690732435068
11508	-48.9890751061744
11509	-49.3244989475171
11510	-49.6878234834551
11511	-50.0540534861828
11512	-50.409814688451
11513	-50.7598252501595
11514	-51.1074094245434
11515	-51.4531373935986
11516	-51.7927488552252
11517	-52.1203240266705
11518	-52.4373937882345
11519	-52.7511690716102
11520	-53.064418010873
11521	-53.3636533779222
11522	-53.6342446916997
11523	-53.8763575760515
11524	-54.0946510337165
11525	-54.2950135580162
11526	-54.4790637409579
11527	-54.6445446496333
11528	-54.7889311693513
11529	-54.9184256493168
11530	-55.0451213807278
11531	-55.1736508468761
11532	-55.3027268198879
11533	-55.4265669393658
11534	-55.5381957149232
11535	-55.6388410724557
11536	-55.7389014808135
11537	-55.8454911314514
11538	-55.958746374656
11539	-56.0747417863131
11540	-56.183700058064
11541	-56.2838761217969
11542	-56.3831164066109
11543	-56.4890093525712
11544	-56.6037544462197
11545	-56.7231145430192
11546	-56.8416731212623
11547	-56.9575048702958
11548	-57.0742864638339
11549	-57.1932456949148
11550	-57.3095378840951
11551	-57.4113553665411
11552	-57.4933933819471
11553	-57.5614696282483
11554	-57.6217430572419
11555	-57.6767720499044
11556	-57.7225320516824
11557	-57.7534556924353
11558	-57.7722310099763
11559	-57.7867211461463
11560	-57.7999547622603
11561	-57.8068791778835
11562	-57.8008412895871
11563	-57.7806184854523
11564	-57.7507270624223
11565	-57.7134052728972
11566	-57.6662817987611
11567	-57.6020720094037
11568	-57.5221748536408
11569	-57.433323659016
11570	-57.3350780627995
11571	-57.2263754508394
11572	-57.1073731234362
11573	-56.9823189965311
11574	-56.8507549053877
11575	-56.7093992578257
11576	-56.5585137579136
11577	-56.3989304320154
11578	-56.2294991964714
11579	-56.0518123787237
11580	-55.8702434510531
11581	-55.6851119779433
11582	-55.4925451794185
11583	-55.2903807900691
11584	-55.0822599346981
11585	-54.8739836893021
11586	-54.6640909297375
11587	-54.4515023012415
11588	-54.2324573689045
11589	-54.0039627879895
11590	-53.7669016147192
11591	-53.5195787515302
11592	-53.2624870184479
11593	-52.9951446553555
11594	-52.7180765967857
11595	-52.432122856269
11596	-52.1397921032254
11597	-51.845880562701
11598	-51.5495298287619
11599	-51.254062927461
11600	-50.9683885788887
11601	-50.6988084314897
11602	-50.4359834306668
11603	-50.1740342374898
11604	-49.9100830751055
11605	-49.6336923788491
11606	-49.343106672456
11607	-49.040345718485
11608	-48.7268785542232
11609	-48.4019607030899
11610	-48.0679758890176
11611	-47.7285569797545
11612	-47.3856621903506
11613	-47.0392819591912
11614	-46.6911475141718
11615	-46.3479893043397
11616	-46.0145757982633
11617	-45.6971726322994
11618	-45.4041102243933
11619	-45.1403688697377
11620	-44.9092416422655
11621	-44.7209478008436
11622	-44.5789827910671
11623	-44.4681420306539
11624	-44.3735742698921
11625	-44.2816933999807
11626	-44.1781607543796
11627	-44.0538986326108
11628	-43.903091649953
11629	-43.7219115904105
11630	-43.5115476407456
11631	-43.2833723497514
11632	-43.0543630741504
11633	-42.8440718833932
11634	-42.6644655784448
11635	-42.5073462084139
11636	-42.3694603220594
11637	-42.2553351587062
11638	-42.1643139421403
11639	-42.0931576025819
11640	-42.0272572139332
11641	-41.9530298081034
11642	-41.8686265850272
11643	-41.7729317781474
11644	-41.6611714238671
11645	-41.534986610564
11646	-41.4038387265342
11647	-41.272388609694
11648	-41.1389605481182
11649	-41.0030710615111
11650	-40.8744827647277
11651	-40.7651011180419
11652	-40.6882274844778
11653	-40.6548035310161
11654	-40.660222693971
11655	-40.7006035852747
11656	-40.7754879209067
11657	-40.8737095522807
11658	-40.9787303292414
11659	-41.088748292303
11660	-41.2057266100024
11661	-41.3258630990757
11662	-41.4510508018029
11663	-41.5813081337687
11664	-41.7161398378522
11665	-41.8593280114994
11666	-42.0142802053662
11667	-42.1838514216773
11668	-42.3690904213962
11669	-42.5654326099868
11670	-42.7724733363736
11671	-42.9880507303716
11672	-43.2079978886171
11673	-43.4414396614352
11674	-43.6889638822215
11675	-43.9401752300182
11676	-44.1999679249411
11677	-44.4851214790587
11678	-44.8027935151846
11679	-45.1510968891724
11680	-45.5282848890162
11681	-45.9369102202383
11682	-46.3839346348572
11683	-46.8767694192242
11684	-47.420275318861
11685	-48.0132275545791
11686	-48.650376897525
11687	-49.3237867274075
11688	-50.0240685706808
11689	-50.7411890776052
11690	-51.4666332263107
11691	-52.1936504002896
11692	-52.9145608494008
11693	-53.6211519700476
11694	-54.3063560352002
11695	-54.9654023634417
11696	-55.5940739762074
11697	-56.1889370241873
11698	-56.7497673944009
11699	-57.2773893857319
11700	-57.7669174364941
11701	-58.2062210440776
11702	-58.577656377678
11703	-58.8835452380577
11704	-59.1356455216992
11705	-59.3520878363171
11706	-59.5551129249442
11707	-59.7502843747127
11708	-59.9395241300728
11709	-60.1185548448985
11710	-60.2754580166955
11711	-60.4031624863361
11712	-60.5017740681013
11713	-60.5813236440648
11714	-60.6622898432892
11715	-60.7553782091254
11716	-60.8572438783841
11717	-60.9597411693172
11718	-61.0604174667221
11719	-61.1665785310815
11720	-61.2817018055048
11721	-61.3972177070198
11722	-61.5039632285702
11723	-61.6074925223252
11724	-61.7197963682423
11725	-61.8399112010539
11726	-61.9567706655589
11727	-62.0657080876014
11728	-62.169974938229
11729	-62.2739754526815
11730	-62.3800445838184
11731	-62.4855191285246
11732	-62.5809732566596
11733	-62.6589985831283
11734	-62.7193300257461
11735	-62.7654280151205
11736	-62.8042138315235
11737	-62.8400144014308
11738	-62.8699235087107
11739	-62.8851303529028
11740	-62.8803472041789
11741	-62.857378558124
11742	-62.8214087096552
11743	-62.7765896453094
11744	-62.7192230021986
11745	-62.642356393906
11746	-62.5448225839377
11747	-62.438035290661
11748	-62.3335725537284
11749	-62.2355832725552
11750	-62.1455569105855
11751	-62.0582781364672
11752	-61.9687335000023
11753	-61.8747265457148
11754	-61.7742209237247
11755	-61.6639570364397
11756	-61.5418920165434
11757	-61.4100197545021
11758	-61.2673119898162
11759	-61.1111344419983
11760	-60.9451677513257
11761	-60.7767820642994
11762	-60.6092107542375
11763	-60.4410572499771
11764	-60.270147791071
11765	-60.0902645440058
11766	-59.8951245084523
11767	-59.6871604277463
11768	-59.4746607170083
11769	-59.2651933575304
11770	-59.0656521019246
11771	-58.8767709218792
11772	-58.698368457678
11773	-58.536143479208
11774	-58.3934533371899
11775	-58.2723461266563
11776	-58.1733897453584
11777	-58.0921995010947
11778	-58.0253357527655
11779	-57.9715982635224
11780	-57.9300960894766
11781	-57.9031949902181
11782	-57.8872023932495
11783	-57.8736045225076
11784	-57.8530566434475
11785	-57.8110320206715
11786	-57.7329218502497
11787	-57.6120907100754
11788	-57.4494218117988
11789	-57.2454070336825
11790	-57.0005990634741
11791	-56.7245898849951
11792	-56.4227950495363
11793	-56.104908224365
11794	-55.7860324112785
11795	-55.4722258194585
11796	-55.1690331436904
11797	-54.8777657274407
11798	-54.5990051504231
11799	-54.3371894814147
11800	-54.0899861967095
11801	-53.8520470108811
11802	-53.6227548378537
11803	-53.4027993921737
11804	-53.1922708716302
11805	-52.9902777236385
11806	-52.7974721055058
11807	-52.6135426067032
11808	-52.4371624843216
11809	-52.2666966262031
11810	-52.0999315886571
11811	-51.936642090258
11812	-51.7742271189764
11813	-51.6098455396893
11814	-51.4428758822459
11815	-51.2733352175492
11816	-51.1013723377137
11817	-50.9283263492299
11818	-50.7546738206383
11819	-50.579313980099
11820	-50.4010229965373
11821	-50.2179646517767
11822	-50.0313188058194
11823	-49.849012659226
11824	-49.6671854468464
11825	-49.468840281109
11826	-49.2439048840386
11827	-48.9858394680498
11828	-48.688091118654
11829	-48.3480933103071
11830	-47.9669982304031
11831	-47.5487569161348
11832	-47.0990986750403
11833	-46.6270391770192
11834	-46.1470326322758
11835	-45.6664791020644
11836	-45.1888737082842
11837	-44.7175170160144
11838	-44.2536470090688
11839	-43.7991671534015
11840	-43.3587214573863
11841	-42.9399332627627
11842	-42.5454318305616
11843	-42.1729773312845
11844	-41.8201552667658
11845	-41.489340924483
11846	-41.1900305742234
11847	-40.9267990296338
11848	-40.6917121630442
11849	-40.4801832455541
11850	-40.2913412782094
11851	-40.1160682586222
11852	-39.9438991675336
11853	-39.7732299311893
11854	-39.6076229476641
11855	-39.4495766613774
11856	-39.2984540926187
11857	-39.1587521556317
11858	-39.0358172092207
11859	-38.9310722301267
11860	-38.8437145918391
11861	-38.7714960648292
11862	-38.7170664430239
11863	-38.6815587082033
11864	-38.6587873167888
11865	-38.6440767685081
11866	-38.6354692652227
11867	-38.6320541853115
11868	-38.6350884465624
11869	-38.6454585342609
11870	-38.6615712702201
11871	-38.6790025926318
11872	-38.6960418094469
11873	-38.7208074501626
11874	-38.7605494493533
11875	-38.8170230963527
11876	-38.8870195466442
11877	-38.9601725891043
11878	-39.0325308125704
11879	-39.1064985101767
11880	-39.1876021756783
11881	-39.2794911140001
11882	-39.3804146216242
11883	-39.4897860303003
11884	-39.60988103959
11885	-39.7437215577082
11886	-39.8915224813556
11887	-40.0505524221223
11888	-40.2248484874107
11889	-40.4268584816703
11890	-40.6616392771803
11891	-40.93137589179
11892	-41.2412199871192
11893	-41.594043286495
11894	-41.988412820416
11895	-42.4232270228431
11896	-42.8982058741525
11897	-43.4091451363955
11898	-43.9526061839557
11899	-44.5212698693463
11900	-45.1038931328825
11901	-45.6916116265102
11902	-46.2785061892468
11903	-46.8575752612576
11904	-47.4192375303507
11905	-47.9581572599787
11906	-48.4715321789627
11907	-48.9526395259522
11908	-49.3945210179166
11909	-49.7840990970075
11910	-50.1037819578153
11911	-50.3650307870241
11912	-50.5807921127309
11913	-50.7596637662341
11914	-50.9230314661978
11915	-51.0820960937112
11916	-51.2433675080171
11917	-51.4120637389016
11918	-51.5870635603959
11919	-51.7669207360706
11920	-51.9509714356278
11921	-52.1363839774065
11922	-52.3209326144805
11923	-52.5014219429925
11924	-52.67248031758
11925	-52.8305592657186
11926	-52.9751252109586
11927	-53.1083806996745
11928	-53.2341036218857
11929	-53.355623524628
11930	-53.4741168449917
11931	-53.5858683329491
11932	-53.6862126774234
11933	-53.7744247975977
11934	-53.8502222331885
11935	-53.9122657221076
11936	-53.9625322874144
11937	-54.0013517702021
11938	-54.027022252464
11939	-54.0434879223847
11940	-54.0535411857074
11941	-54.0596599003454
11942	-54.0654767356444
11943	-54.0693266948097
11944	-54.0675572196887
11945	-54.0583296525676
11946	-54.0410497634816
11947	-54.0167114497888
11948	-53.9852748472459
11949	-53.9479132854707
11950	-53.9039657743452
11951	-53.8523049378437
11952	-53.7949247361681
11953	-53.7343102691416
11954	-53.6726116980292
11955	-53.6106851236165
11956	-53.5491625425387
11957	-53.4878486974629
11958	-53.4269347813587
11959	-53.3673348012495
11960	-53.3078209713166
11961	-53.2473726244119
11962	-53.1846889595876
11963	-53.1173048188166
11964	-53.0425377150838
11965	-52.9601155582657
11966	-52.8724372885866
11967	-52.7812479135516
11968	-52.6874081947136
11969	-52.5927983490817
11970	-52.5024624579395
11971	-52.4195527684617
11972	-52.3482703456107
11973	-52.2920799495361
11974	-52.2504823235527
11975	-52.2237169788705
11976	-52.210443072008
11977	-52.2089350746482
11978	-52.2177196843919
11979	-52.233711673733
11980	-52.2549491742318
11981	-52.2798109200775
11982	-52.3070429515822
11983	-52.3386242181831
11984	-52.3779389398716
11985	-52.4251675563248
11986	-52.4756035902066
11987	-52.5275419624313
11988	-52.5792735240064
11989	-52.6279132583423
11990	-52.6716676727267
11991	-52.7063867514179
11992	-52.7260082217583
11993	-52.7209793387467
11994	-52.6812245347081
11995	-52.597168939568
11996	-52.4619862308486
11997	-52.2714454274493
11998	-52.0204995101181
11999	-51.7055303664758
12000	-51.325468887328
12001	-50.8844976566589
12002	-50.3884621139082
12003	-49.8422401769354
12004	-49.2529078954741
12005	-48.6283625134868
12006	-47.9784715705675
12007	-47.3134677830208
12008	-46.6408980083471
12009	-45.9702936384194
12010	-45.3111891701459
12011	-44.6703430944733
12012	-44.0509425472937
12013	-43.455415572765
12014	-42.8899028758858
12015	-42.3593866735328
12016	-41.8620090272348
12017	-41.3936052319527
12018	-40.9543064408475
12019	-40.5450440272231
12020	-40.1656151760458
12021	-39.8142548173454
12022	-39.4891173293873
12023	-39.1859757897945
12024	-38.8992591239784
12025	-38.6261757543488
12026	-38.3639799783553
12027	-38.1112579621986
12028	-37.8670422235069
12029	-37.6295585186904
12030	-37.3985654857933
12031	-37.1751104386127
12032	-36.9600358675024
12033	-36.7564937009212
12034	-36.5732497538926
12035	-36.4237155836708
12036	-36.3196471165578
12037	-36.2744431309951
12038	-36.3037116692616
12039	-36.414903340123
12040	-36.6104833351392
12041	-36.8915377024941
12042	-37.256136109993
12043	-37.6987474833834
12044	-38.2121260630471
12045	-38.7945028165216
12046	-39.4401556650437
12047	-40.1317273279438
12048	-40.8618421446199
12049	-41.6333768365371
12050	-42.4441524292249
12051	-43.2859385916246
12052	-44.1492655155837
12053	-45.0252401217065
12054	-45.9022403411133
12055	-46.7703005451034
12056	-47.6205234246391
12057	-48.4383402149356
12058	-49.2144263606486
12059	-49.9483677984005
12060	-50.634300460419
12061	-51.2687557700205
12062	-51.8496687875618
12063	-52.3761931198853
12064	-52.8515644516883
12065	-53.2714773549142
12066	-53.6362252664393
12067	-53.9612994275973
12068	-54.2595660132792
12069	-54.5255906345515
12070	-54.7537451195621
12071	-54.9536056964429
12072	-55.1402423563436
12073	-55.326966379526
12074	-55.521064713743
12075	-55.7258853484281
12076	-55.9448676120967
12077	-56.1809708668571
12078	-56.4341539680402
12079	-56.7047622273851
12080	-56.9939400953924
12081	-57.2986068789454
12082	-57.615349101544
12083	-57.9398970502553
12084	-58.2643814928974
12085	-58.5831746307719
12086	-58.8948368530103
12087	-59.1985664548137
12088	-59.4920877714861
12089	-59.7674755582215
12090	-60.0146386187356
12091	-60.2274155651041
12092	-60.3945043544433
12093	-60.5110885861843
12094	-60.5945666792254
12095	-60.6643178916746
12096	-60.7374102524976
12097	-60.8260603569119
12098	-60.9344577326949
12099	-61.0640247787477
12100	-61.214501696846
12101	-61.3842739033299
12102	-61.5707288768173
12103	-61.7731965727286
12104	-61.9873913959162
12105	-62.2101528203061
12106	-62.4405228404587
12107	-62.6731126998016
12108	-62.9023279987595
12109	-63.1271898894471
12110	-63.3496168535923
12111	-63.5695924440605
12112	-63.7856070029087
12113	-63.9953710251246
12114	-64.1931415458825
12115	-64.3726697895767
12116	-64.528002396704
12117	-64.6487282647173
12118	-64.7301884475436
12119	-64.7735700914498
12120	-64.7720236991808
12121	-64.7182703646725
12122	-64.6145774189659
12123	-64.4647768832977
12124	-64.2693832338438
12125	-64.0340465584671
12126	-63.7716689988767
12127	-63.4849251306605
12128	-63.1723187774463
12129	-62.8343840305285
12130	-62.4671652467973
12131	-62.066380459576
12132	-61.6286350625084
12133	-61.1535028850151
12134	-60.6429994433317
12135	-60.1019284223716
12136	-59.5344698163202
12137	-58.9436485372616
12138	-58.3379362153901
12139	-57.7257683608631
12140	-57.1109975043869
12141	-56.4995077361894
12142	-55.8983163530434
12143	-55.3136940103425
12144	-54.7498712433173
12145	-54.2101615086073
12146	-53.6974565262265
12147	-53.2128125125516
12148	-52.7545290351802
12149	-52.3171461482539
12150	-51.8955350895288
12151	-51.4975928929593
12152	-51.1281129320528
12153	-50.7859686287536
12154	-50.4666138891627
12155	-50.1593525362151
12156	-49.8644128050764
12157	-49.5822803657812
12158	-49.3073958263752
12159	-49.0402127314791
12160	-48.7839717216458
12161	-48.5380247591142
12162	-48.2988648978581
12163	-48.0657686725028
12164	-47.8391314269194
12165	-47.6161676387568
12166	-47.3971938564992
12167	-47.1833812973486
12168	-46.9749156594419
12169	-46.7735958271922
12170	-46.5807392900835
12171	-46.3979902919987
12172	-46.2259791929473
12173	-46.0654885556574
12174	-45.9152081372325
12175	-45.7751748191207
12176	-45.6451057493933
12177	-45.5234896767239
12178	-45.411097895425
12179	-45.3088479248658
12180	-45.2160489897473
12181	-45.1292091842675
12182	-45.0473255638577
12183	-44.9684332755518
12184	-44.8904188595447
12185	-44.8166773523726
12186	-44.7496701169026
12187	-44.6887623445585
12188	-44.6305256206472
12189	-44.5683886712263
12190	-44.4985708938982
12191	-44.4199701789172
12192	-44.3332566691633
12193	-44.2410863203308
12194	-44.1453932730845
12195	-44.0488482054802
12196	-43.9580763963494
12197	-43.8805733048397
12198	-43.8182387889253
12199	-43.7709913276391
12200	-43.7378852540394
12201	-43.7210853447055
12202	-43.7245613822493
12203	-43.7521045699869
12204	-43.809512047722
12205	-43.8981688862693
12206	-44.0161444033103
12207	-44.1613756231616
12208	-44.3299258147652
12209	-44.5249899031005
12210	-44.7514318284102
12211	-45.0103444707392
12212	-45.3055673697982
12213	-45.642152687785
12214	-46.0280515156845
12215	-46.466584559121
12216	-46.9575485363443
12217	-47.5035112618479
12218	-48.1064507691689
12219	-48.7667102835736
12220	-49.4817740025845
12221	-50.2449815633458
12222	-51.0476973487538
12223	-51.8761746622574
12224	-52.7135885137624
12225	-53.5478319202031
12226	-54.3677285737498
12227	-55.1594344566281
12228	-55.9050352509343
12229	-56.5894082239306
12230	-57.2078939503158
12231	-57.7557606852795
12232	-58.225881382174
12233	-58.6231066696606
12234	-58.9692686350956
12235	-59.2759663730382
12236	-59.5472861695983
12237	-59.7983150489797
12238	-60.0363331490795
12239	-60.2531774047845
12240	-60.4446678454897
12241	-60.6153781046551
12242	-60.7710410094423
12243	-60.9042977456811
12244	-61.0030529708543
12245	-61.0654071509125
12246	-61.1012945751349
12247	-61.1293020032853
12248	-61.1648865062723
12249	-61.219092282764
12250	-61.2981859176194
12251	-61.4047813168828
12252	-61.5384752392138
12253	-61.6969873206431
12254	-61.8795389993225
12255	-62.0831858728128
12256	-62.3028382886817
12257	-62.53502944012
12258	-62.7754551306402
12259	-63.0215419027604
12260	-63.2713332502096
12261	-63.5192433966156
12262	-63.7589618708431
12263	-63.9792559935469
12264	-64.1651926455591
12265	-64.3026359020643
12266	-64.3790737959317
12267	-64.3949789469956
12268	-64.3645929067311
12269	-64.2948704136303
12270	-64.1865654306994
12271	-64.0473050412971
12272	-63.8857442156479
12273	-63.7119397409663
12274	-63.5346033641986
12275	-63.3523216924133
12276	-63.1624229420265
12277	-62.9629008722605
12278	-62.7503829699426
12279	-62.5239195859657
12280	-62.2846780069347
12281	-62.0361805484231
12282	-61.7803731166076
12283	-61.5125206571222
12284	-61.2324858946846
12285	-60.942111138628
12286	-60.6478826233545
12287	-60.3567448831788
12288	-60.0717259338202
12289	-59.7973352429699
12290	-59.5416688331696
12291	-59.3072867521066
12292	-59.0878902634504
12293	-58.8805126132375
12294	-58.6810308517159
12295	-58.4868941647893
12296	-58.2992273501901
12297	-58.1180996537197
12298	-57.9417231368417
12299	-57.767616482082
12300	-57.5936714722215
12301	-57.4198669237503
12302	-57.246265321994
12303	-57.0740875008275
12304	-56.9057020021001
12305	-56.7410365773038
12306	-56.5817857155033
12307	-56.4292957225395
12308	-56.281732727725
12309	-56.1410027344214
12310	-56.0104629543772
12311	-55.8888077157802
12312	-55.7757513709567
12313	-55.6698139375428
12314	-55.5662412402005
12315	-55.4643360988304
12316	-55.3664121252923
12317	-55.276318203047
12318	-55.1992382928062
12319	-55.1426285717889
12320	-55.1075625173733
12321	-55.0872993597344
12322	-55.0750588095873
12323	-55.0654762499383
12324	-55.0530543627251
12325	-55.0335260026037
12326	-55.0045994049851
12327	-54.965313022324
12328	-54.9178380708145
12329	-54.8615484399837
12330	-54.7964176635877
12331	-54.722081555388
12332	-54.6377634338201
12333	-54.547124047865
12334	-54.4558571900344
12335	-54.3651066196955
12336	-54.2755968592979
12337	-54.186021169212
12338	-54.0905823677859
12339	-53.9878476859532
12340	-53.8794624138924
12341	-53.768871710478
12342	-53.6595886138268
12343	-53.5560090805447
12344	-53.4608281696282
12345	-53.3676498624575
12346	-53.2701356480589
12347	-53.1646953007668
12348	-53.049705351686
12349	-52.9304770150048
12350	-52.8099162239354
12351	-52.6849609427074
12352	-52.5519673189955
12353	-52.414197989614
12354	-52.2781720968791
12355	-52.1473866464011
12356	-52.0286482954861
12357	-51.9291203214487
12358	-51.8512679806682
12359	-51.7955158206108
12360	-51.760784841133
12361	-51.7461863805883
12362	-51.7512644412128
12363	-51.7731835971101
12364	-51.8071825069321
12365	-51.8504822089965
12366	-51.9028380941298
12367	-51.9655233177614
12368	-52.0375328567318
12369	-52.1161001214738
12370	-52.1988393673275
12371	-52.2837519900227
12372	-52.3712775545547
12373	-52.4609102679914
12374	-52.5507075813138
12375	-52.6384763631668
12376	-52.7231396387161
12377	-52.8051366349434
12378	-52.8836047911581
12379	-52.9560227925248
12380	-53.0137890307944
12381	-53.050895726447
12382	-53.0743075750687
12383	-53.098539720754
12384	-53.1358519179418
12385	-53.194995178162
12386	-53.2842063895261
12387	-53.4093668256139
12388	-53.5732690768814
12389	-53.7774655581874
12390	-54.0229306620082
12391	-54.3050386142561
12392	-54.621997575111
12393	-54.969792720192
12394	-55.3403508005892
12395	-55.7299500101422
12396	-56.1327676702583
12397	-56.5427194544154
12398	-56.9561956930365
12399	-57.3673052858598
12400	-57.7683641864201
12401	-58.1549214108381
12402	-58.5236153293132
12403	-58.8713967720409
12404	-59.1982385801352
12405	-59.5050648841779
12406	-59.7920183474023
12407	-60.0591379313229
12408	-60.3063137563072
12409	-60.5348187933284
12410	-60.7460513633126
12411	-60.941435151916
12412	-61.1227196402393
12413	-61.2902739583126
12414	-61.4444874040014
12415	-61.5879140366553
12416	-61.7210086628335
12417	-61.8415587390094
12418	-61.9495893764805
12419	-62.0465652655323
12420	-62.1337826891832
12421	-62.2120059535201
12422	-62.2814735264775
12423	-62.3407445962899
12424	-62.3893808587156
12425	-62.4267489188786
12426	-62.4526298117042
12427	-62.4697186461327
12428	-62.4757217751115
12429	-62.4646631981189
12430	-62.4274750596308
12431	-62.3540483344845
12432	-62.2347792483447
12433	-62.0615053431193
12434	-61.8310298842047
12435	-61.5428160601317
12436	-61.1960858558643
12437	-60.790218137091
12438	-60.3252166328635
12439	-59.7999563817895
12440	-59.2166718155696
12441	-58.5839159714569
12442	-57.9093235836651
12443	-57.20147492769
12444	-56.4699840893512
12445	-55.723217846298
12446	-54.9709610141201
12447	-54.2205857704651
12448	-53.4784865048231
12449	-52.7520368587473
12450	-52.0468881116528
12451	-51.368065533747
12452	-50.7220859383548
12453	-50.1092936720209
12454	-49.5290692109748
12455	-48.9851186241439
12456	-48.4735872002021
12457	-47.9883095120484
12458	-47.528876530718
12459	-47.098187740051
12460	-46.698424324374
12461	-46.3328568551504
12462	-46.0055694908467
12463	-45.7157644815901
12464	-45.4689057697925
12465	-45.2612567740087
12466	-45.0783532165676
12467	-44.9147630742557
12468	-44.7579325515467
12469	-44.5919126560832
12470	-44.4110899180748
12471	-44.2189298560964
12472	-44.0234944221464
12473	-43.8292427050146
12474	-43.634681737478
12475	-43.4386471321522
12476	-43.2407826104138
12477	-43.0444501670907
12478	-42.8585960363955
12479	-42.6873067913769
12480	-42.5274218219403
12481	-42.3799262500207
12482	-42.2485667651407
12483	-42.1332490231577
12484	-42.0343902587532
12485	-41.9565209180832
12486	-41.9001517397167
12487	-41.8599563073495
12488	-41.835712886353
12489	-41.825604662848
12490	-41.827352848359
12491	-41.8380133299384
12492	-41.8526195807672
12493	-41.8690064358926
12494	-41.8843482509766
12495	-41.8978378522401
12496	-41.9110017019876
12497	-41.9229369795878
12498	-41.9312723607855
12499	-41.9370052830108
12500	-41.9423075773433
12501	-41.9496932472326
12502	-41.9630971257736
12503	-41.9843892672985
12504	-42.0155074901521
12505	-42.0602462446842
12506	-42.1204836033498
12507	-42.197391046017
12508	-42.290781710029
12509	-42.3987346478181
12510	-42.5211305870072
12511	-42.658125707496
12512	-42.8078169727938
12513	-42.9697547632185
12514	-43.1446949277163
12515	-43.332348593238
12516	-43.5340790495515
12517	-43.7501774819124
12518	-43.9773975783539
12519	-44.2135598055083
12520	-44.4575119344508
12521	-44.702061110481
12522	-44.9342241658056
12523	-45.1478051662655
12524	-45.3565019534075
12525	-45.5707608293154
12526	-45.7929693087717
12527	-46.0279210942574
12528	-46.2747585397208
12529	-46.5336114309411
12530	-46.8033612369
12531	-47.0800561734498
12532	-47.3624865594705
12533	-47.6521834787151
12534	-47.9469385646073
12535	-48.2438350120597
12536	-48.5414990019689
12537	-48.8368105904121
12538	-49.1269396525229
12539	-49.4106093910153
12540	-49.685846659512
12541	-49.9489539740336
12542	-50.1966244460974
12543	-50.4293210689869
12544	-50.6453205626317
12545	-50.8398626267561
12546	-51.0091916202397
12547	-51.1491381403279
12548	-51.2578047448972
12549	-51.3401430952564
12550	-51.4008344647558
12551	-51.4461111647067
12552	-51.4856237784805
12553	-51.5256959014778
12554	-51.5720504670653
12555	-51.6292921009912
12556	-51.7008092516212
12557	-51.7870922513994
12558	-51.8864532956702
12559	-51.9960188145973
12560	-52.1139265568755
12561	-52.2410343019653
12562	-52.377685233867
12563	-52.5218080751172
12564	-52.671490427559
12565	-52.8246762318763
12566	-52.9794399212422
12567	-53.1343448942991
12568	-53.2846703025677
12569	-53.427198774792
12570	-53.5624688459533
12571	-53.6909919875811
12572	-53.8143331422217
12573	-53.9347486932269
12574	-54.0521836170838
12575	-54.1654796364611
12576	-54.2751422803183
12577	-54.3815677177606
12578	-54.4853391717002
12579	-54.5857301906216
12580	-54.6807201240045
12581	-54.7688726238377
12582	-54.8497040933685
12583	-54.9246990637096
12584	-54.9954076194677
12585	-55.0617489631657
12586	-55.1240944189563
12587	-55.1821403876586
12588	-55.2335203681229
12589	-55.2668082598645
12590	-55.2692364515846
12591	-55.2367406071504
12592	-55.1708355364144
12593	-55.0748469857703
12594	-54.9500631614356
12595	-54.8001689165073
12596	-54.6284513023067
12597	-54.4386434999119
12598	-54.233848063009
12599	-54.014160979031
12600	-53.7808157173026
12601	-53.5359961519956
12602	-53.2790878035065
12603	-53.0071257313198
12604	-52.7226251606535
12605	-52.4293639468178
12606	-52.1288004656764
12607	-51.8218312793363
12608	-51.509944689916
12609	-51.1955170280088
12610	-50.880761729379
12611	-50.5683137661599
12612	-50.2613870853553
12613	-49.9625032007284
12614	-49.6718093217479
12615	-49.390466522159
12616	-49.1208609756169
12617	-48.8612710681221
12618	-48.6079891226774
12619	-48.3612596921027
12620	-48.1248512148824
12621	-47.901107398317
12622	-47.6890713744759
12623	-47.4872733069834
12624	-47.2945904167579
12625	-47.111250303068
12626	-46.935959826085
12627	-46.7672777840244
12628	-46.6054673953351
12629	-46.4485469010874
12630	-46.2949829948238
12631	-46.1452286183683
12632	-46.0010575820604
12633	-45.8655353393916
12634	-45.7381556352959
12635	-45.6185757420685
12636	-45.5091058628037
12637	-45.408325665491
12638	-45.3164751358959
12639	-45.2348414610862
12640	-45.1593984509782
12641	-45.0865038520235
12642	-45.0150441596647
12643	-44.9441520678631
12644	-44.8729432395858
12645	-44.8010617735414
12646	-44.729100833476
12647	-44.6539459780518
12648	-44.5736878441229
12649	-44.4913288610281
12650	-44.4072660685192
12651	-44.3145407188498
12652	-44.2078961009977
12653	-44.0867344699366
12654	-43.9503355002197
12655	-43.800222826862
12656	-43.6384674975565
12657	-43.4659370821907
12658	-43.2827683084926
12659	-43.0908640718187
12660	-42.8911008534814
12661	-42.6833866232209
12662	-42.4707167847208
12663	-42.2577861581714
12664	-42.048201870897
12665	-41.8428439115972
12666	-41.6421427911614
12667	-41.4458582240844
12668	-41.2560291649116
12669	-41.076607603771
12670	-40.9103273876898
12671	-40.7572135109606
12672	-40.6155376640087
12673	-40.487860493524
12674	-40.3750261824014
12675	-40.2755376526966
12676	-40.1882448980319
12677	-40.1133276159535
12678	-40.0514609491546
12679	-40.0022307026618
12680	-39.9671538000969
12681	-39.9462070127486
12682	-39.9373457345346
12683	-39.941326781695
12684	-39.9562968818571
12685	-39.9828082363431
12686	-40.0254519833294
12687	-40.0860161896624
12688	-40.1694687849651
12689	-40.280914952218
12690	-40.418383445041
12691	-40.5765796855029
12692	-40.74759526067
12693	-40.9264693319308
12694	-41.1273941313067
12695	-41.3713748502341
12696	-41.6600257497478
12697	-41.9953538613962
12698	-42.3932806656445
12699	-42.8641714984743
12700	-43.4109471907123
12701	-44.0319240860399
12702	-44.72391712444
12703	-45.4800903826493
12704	-46.2867961294899
12705	-47.1329393376482
12706	-48.0082972704499
12707	-48.8966380507059
12708	-49.7827226579935
12709	-50.6537643069732
12710	-51.4943425548155
12711	-52.2878977806611
12712	-53.0184832979266
12713	-53.6710838063625
12714	-54.2379548402722
12715	-54.7223339749367
12716	-55.1272453860284
12717	-55.4579016473113
12718	-55.7192371451965
12719	-55.9246611515441
12720	-56.090832020247
12721	-56.2356651513441
12722	-56.3793146035652
12723	-56.5312291065267
12724	-56.6920649854666
12725	-56.8486119652637
12726	-56.9855228562801
12727	-57.1037665493037
12728	-57.2151778049418
12729	-57.3329057951646
12730	-57.4676713389439
12731	-57.6208511554937
12732	-57.7867083299138
12733	-57.9536069942118
12734	-58.1084652428596
12735	-58.2426961415244
12736	-58.3523794714488
12737	-58.440235270817
12738	-58.5174815541782
12739	-58.5931087217159
12740	-58.6633459203278
12741	-58.7213890459775
12742	-58.7672073580383
12743	-58.8011985526974
12744	-58.8215011478136
12745	-58.8263394506076
12746	-58.8158431357145
12747	-58.7918225375727
12748	-58.7547897241644
12749	-58.7038782157755
12750	-58.6384787090991
12751	-58.5613875197378
12752	-58.4754588532056
12753	-58.383939812356
12754	-58.2877508029074
12755	-58.1831765709591
12756	-58.0652877436584
12757	-57.9372002061959
12758	-57.8126271399987
12759	-57.706011843418
12760	-57.6257389922354
12761	-57.5765028084349
12762	-57.5628599291933
12763	-57.5882575598495
12764	-57.6526433274593
12765	-57.7482872915788
12766	-57.8580138731762
12767	-57.9615646757304
12768	-58.0378109120549
12769	-58.0732302716305
12770	-58.0622485446912
12771	-58.0070654226971
12772	-57.9156310886612
12773	-57.7907841375352
12774	-57.6334917693986
12775	-57.4512866943032
12776	-57.2473482771447
12777	-57.0241970947917
12778	-56.7939460193918
12779	-56.5682716802433
12780	-56.3535626672065
12781	-56.152520202698
12782	-55.9656411081988
12783	-55.7913066323046
12784	-55.6262804201749
12785	-55.4697413997174
12786	-55.3259328489047
12787	-55.1957976616376
12788	-55.0773949711646
12789	-54.9701059772776
12790	-54.8732383081122
12791	-54.7861118148484
12792	-54.7072587247136
12793	-54.6333528994639
12794	-54.5618918432992
12795	-54.496001265696
12796	-54.4389660611012
12797	-54.3894685480213
12798	-54.3465661659965
12799	-54.3124578380169
12800	-54.2901586447795
12801	-54.2813359078804
12802	-54.28491408377
12803	-54.2920387504596
12804	-54.2894137640231
12805	-54.2632083329756
12806	-54.2008983995794
12807	-54.0939515235317
12808	-53.9391640329291
12809	-53.7309613552155
12810	-53.4642367080174
12811	-53.1396790199149
12812	-52.7588699408791
12813	-52.3233253960896
12814	-51.8376400548093
12815	-51.3123786687961
12816	-50.7576109174229
12817	-50.1846199372089
12818	-49.6024816411393
12819	-49.0174695357897
12820	-48.4375571428401
12821	-47.8694999424401
12822	-47.3193486147737
12823	-46.7926950583867
12824	-46.2914948630507
12825	-45.8162613987013
12826	-45.3684353567989
12827	-44.9476415860073
12828	-44.5486092144111
12829	-44.1677625677372
12830	-43.8050373993405
12831	-43.4597932587874
12832	-43.129879390941
12833	-42.8116428874294
12834	-42.5029292430555
12835	-42.2036238018605
12836	-41.9150023399408
12837	-41.6372781997195
12838	-41.3692737652976
12839	-41.1092376649608
12840	-40.8554714575807
12841	-40.6089361564044
12842	-40.3695949802006
12843	-40.1337381873639
12844	-39.8971693274588
12845	-39.6560367102267
12846	-39.4125103971916
12847	-39.177912069277
12848	-38.9660007369661
12849	-38.7757405130145
12850	-38.5925203459535
12851	-38.3979384504359
12852	-38.1775071325504
12853	-37.9241259448492
12854	-37.6340329072111
12855	-37.3058312543417
12856	-36.9405466255008
12857	-36.5414149647908
12858	-36.1125290892616
12859	-35.6598760608211
12860	-35.1925569720145
12861	-34.7178686534508
12862	-34.2392348019902
12863	-33.7565642911492
12864	-33.2712166694865
12865	-32.7893877015025
12866	-32.3178892234698
12867	-31.8588194632693
12868	-31.4125395107206
12869	-30.9844646918198
12870	-30.5797319370777
12871	-30.2003441163332
12872	-29.852246613017
12873	-29.5403846640893
12874	-29.2669515350725
12875	-29.0322569509394
12876	-28.8392621832152
12877	-28.6910806148848
12878	-28.5893283112104
12879	-28.5460149726629
12880	-28.5684103471137
12881	-28.6445747390249
12882	-28.7447939891258
12883	-28.8474952205609
12884	-28.9654569193102
12885	-29.1180259580938
12886	-29.3070352277917
12887	-29.5234134991589
12888	-29.7599473024863
12889	-30.0151578155229
12890	-30.2880385888294
12891	-30.5804646432982
12892	-30.8945294434925
12893	-31.227188451907
12894	-31.579644879021
12895	-31.9495179157262
12896	-32.3300613229335
12897	-32.7178961438261
12898	-33.1153884132956
12899	-33.5221624465899
12900	-33.9272532997164
12901	-34.3205207481904
12902	-34.6945301949162
12903	-35.0450639749376
12904	-35.3704369334029
12905	-35.6696367019375
12906	-35.9402810400929
12907	-36.1830743702625
12908	-36.4013684134339
12909	-36.5980758228785
12910	-36.773668083308
12911	-36.930260029113
12912	-37.0729618080151
12913	-37.203558753917
12914	-37.3212547181924
12915	-37.4253080483941
12916	-37.519633628418
12917	-37.6074676519258
12918	-37.6923946307663
12919	-37.7839879032798
12920	-37.89382995201
12921	-38.0252231509378
12922	-38.1863411339467
12923	-38.3978793318809
12924	-38.6737269332023
12925	-39.0207770661998
12926	-39.4399769185672
12927	-39.92746950026
12928	-40.4777371163486
12929	-41.0798952076308
12930	-41.7213321693859
12931	-42.3896752775295
12932	-43.0689792681659
12933	-43.7487687782837
12934	-44.4228029819211
12935	-45.083096784137
12936	-45.7227842526469
12937	-46.3369394076614
12938	-46.9241761465634
12939	-47.4809135327011
12940	-48.003241265737
12941	-48.4956751620564
12942	-48.9629811228774
12943	-49.4078506801525
12944	-49.8330020434136
12945	-50.240411050439
12946	-50.6309834486927
12947	-51.0047615010451
12948	-51.3645106118148
12949	-51.7118639290321
12950	-52.0486890693481
12951	-52.3767895033716
12952	-52.6956792214942
12953	-53.0057573934601
12954	-53.3079561447292
12955	-53.6001397566629
12956	-53.875849213849
12957	-54.1299045421006
12958	-54.3610612742902
12959	-54.5624523138301
12960	-54.7308321233374
12961	-54.8713509416069
12962	-54.9854653140035
12963	-55.0735126337821
12964	-55.136345311422
12965	-55.176195077296
12966	-55.1929930086367
12967	-55.1821657955022
12968	-55.143074780046
12969	-55.0792307586701
12970	-54.9903170539999
12971	-54.8806332605731
12972	-54.7542591976386
12973	-54.6118799530567
12974	-54.4536057651784
12975	-54.2780369221486
12976	-54.0882418597099
12977	-53.884679215599
12978	-53.6691022743141
12979	-53.4445773708706
12980	-53.2106122132505
12981	-52.9679609471785
12982	-52.716680456617
12983	-52.4546234564472
12984	-52.1819333889639
12985	-51.9011120049446
12986	-51.6119058123598
12987	-51.3155408091172
12988	-51.0158480042163
12989	-50.7156097131415
12990	-50.4191144603772
12991	-50.1304522609753
12992	-49.8492325170302
12993	-49.575793236551
12994	-49.3155424401001
12995	-49.0705273344571
12996	-48.8380881094944
12997	-48.6163097860962
12998	-48.4025276956716
12999	-48.1980673254539
13000	-48.0060639671839
13001	-47.8106332748183
13002	-47.5925636642044
13003	-47.3425155292845
13004	-47.0540175073365
13005	-46.7304950472256
13006	-46.3773796498908
13007	-46.0066007492184
13008	-45.6366793058463
13009	-45.276032491378
13010	-44.9297338191776
13011	-44.6027813416186
13012	-44.2961264598386
13013	-44.006925865882
13014	-43.739957940983
13015	-43.5125360916045
13016	-43.3362500956255
13017	-43.2041190174083
13018	-43.0994694364309
13019	-43.0118429778727
13020	-42.9327631565821
13021	-42.8677513913001
13022	-42.8236507080845
13023	-42.7864161483614
13024	-42.7460256393243
13025	-42.7058098081948
13026	-42.664362970624
13027	-42.6185587326938
13028	-42.5713339952601
13029	-42.522298424776
13030	-42.4756623184355
13031	-42.4368670752488
13032	-42.4039452282746
13033	-42.3751088797233
13034	-42.3496349785711
13035	-42.3279975863982
13036	-42.3128726627653
13037	-42.3009845929839
13038	-42.2896143835782
13039	-42.2809698910417
13040	-42.2711367318087
13041	-42.2581557719228
13042	-42.243617179333
13043	-42.2255624386624
13044	-42.2039245657103
13045	-42.1807278744
13046	-42.1556705771284
13047	-42.129684810446
13048	-42.104017320106
13049	-42.0732611786147
13050	-42.0335073112498
13051	-41.9861195820868
13052	-41.9330455813381
13053	-41.8783118375428
13054	-41.8338253351821
13055	-41.8037141705316
13056	-41.7880401707631
13057	-41.7896340852693
13058	-41.8032993777161
13059	-41.8273826821376
13060	-41.861844734433
13061	-41.9083166444947
13062	-41.974623466165
13063	-42.0645244866199
13064	-42.1724469972727
13065	-42.2922285268111
13066	-42.4294123870187
13067	-42.597237324578
13068	-42.8092002794866
13069	-43.0689419187346
13070	-43.3585931952582
13071	-43.6678064195272
13072	-44.0032769352847
13073	-44.3706624257171
13074	-44.7796138866993
13075	-45.2375318450496
13076	-45.7452160092335
13077	-46.3006357186926
13078	-46.9019785924847
13079	-47.541001484763
13080	-48.1976999930085
13081	-48.8573376778551
13082	-49.5192381746689
13083	-50.1837892045657
13084	-50.8463524541552
13085	-51.5021298194343
13086	-52.1432451282471
13087	-52.7610635277126
13088	-53.349995552776
13089	-53.9067095450084
13090	-54.4226395263204
13091	-54.8831125001007
13092	-55.2830647085829
13093	-55.6276160942016
13094	-55.9260095702876
13095	-56.1859712820762
13096	-56.4026665854034
13097	-56.5784913063164
13098	-56.7177095410863
13099	-56.8217684681025
13100	-56.8919634976833
13101	-56.9241547197173
13102	-56.9193537400978
13103	-56.8846891532166
13104	-56.8224896625578
13105	-56.7352175188241
13106	-56.6284780914292
13107	-56.5052413293572
13108	-56.3696851858296
13109	-56.2280214731947
13110	-56.082126751082
13111	-55.9311094764435
13112	-55.7738894331592
13113	-55.6108641070848
13114	-55.444953889836
13115	-55.2745942872476
13116	-55.0971672670588
13117	-54.9134272186711
13118	-54.7256181458564
13119	-54.5342842062574
13120	-54.3337643788173
13121	-54.1247113706263
13122	-53.9193495429099
13123	-53.7222161816901
13124	-53.5390814846179
13125	-53.3795232422916
13126	-53.2505709617223
13127	-53.1616970960987
13128	-53.1181104254311
13129	-53.1205048479682
13130	-53.169924035937
13131	-53.2698794760585
13132	-53.418715363025
13133	-53.6046334543456
13134	-53.8076692967765
13135	-54.0070658643233
13136	-54.1870748086202
13137	-54.3384310200503
13138	-54.4600256637255
13139	-54.5418549624867
13140	-54.578539841019
13141	-54.5795499953433
13142	-54.5527970797373
13143	-54.5047062304606
13144	-54.4431890036476
13145	-54.3682892752221
13146	-54.2726137705761
13147	-54.1610467595243
13148	-54.035976368821
13149	-53.9008177623172
13150	-53.7695281428299
13151	-53.6506093143195
13152	-53.5495039674675
13153	-53.4711961772412
13154	-53.4202448245103
13155	-53.3989403123036
13156	-53.4070759344004
13157	-53.4455296085279
13158	-53.5138159307895
13159	-53.6077344182197
13160	-53.7227439852141
13161	-53.855237081726
13162	-54.0037715244051
13163	-54.1676586340629
13164	-54.3442501382407
13165	-54.5312804949901
13166	-54.7266121540034
13167	-54.9250177288661
13168	-55.1194066342678
13169	-55.3040109807973
13170	-55.4792315575243
13171	-55.644172081773
13172	-55.7973551310418
13173	-55.94143275289
13174	-56.0756359788137
13175	-56.1967963823099
13176	-56.3028669574609
13177	-56.3796803448692
13178	-56.4119718223571
13179	-56.4058768621442
13180	-56.3652409305507
13181	-56.287724396882
13182	-56.1741338890552
13183	-56.028387176184
13184	-55.8579536532612
13185	-55.6742900612518
13186	-55.4860416005424
13187	-55.2891829153179
13188	-55.0765455239373
13189	-54.8477023821982
13190	-54.6112425984703
13191	-54.3725442455163
13192	-54.1253761191122
13193	-53.8559771769611
13194	-53.5581740911825
13195	-53.2375146296028
13196	-52.9094828870559
13197	-52.5884915572403
13198	-52.2680566158467
13199	-51.9357521228577
13200	-51.5937701075398
13201	-51.2505788171341
13202	-50.9156993608678
13203	-50.5977003147947
13204	-50.2866681821455
13205	-49.9686352414024
13206	-49.6481592911049
13207	-49.339058207045
13208	-49.0472942854301
13209	-48.7688512610035
13210	-48.4907407253973
13211	-48.211513181433
13212	-47.9444816703804
13213	-47.6977171698016
13214	-47.4732183408101
13215	-47.2616604365215
13216	-47.0479710952393
13217	-46.8237532299494
13218	-46.591834115548
13219	-46.3722681428981
13220	-46.1770828234791
13221	-45.9945496792992
13222	-45.8128575138443
13223	-45.62298504493
13224	-45.4220847666509
13225	-45.2182652099121
13226	-45.0184265161901
13227	-44.8215568195576
13228	-44.6224761881303
13229	-44.4201762139331
13230	-44.2193145232969
13231	-44.0234381370591
13232	-43.8344601607602
13233	-43.657592403549
13234	-43.4920872264764
13235	-43.3247631639014
13236	-43.1494413506856
13237	-42.9786207848808
13238	-42.8274725287272
13239	-42.6969417458256
13240	-42.5815265642501
13241	-42.468672562833
13242	-42.3428589502026
13243	-42.2043481254478
13244	-42.0701738893964
13245	-41.9563928028254
13246	-41.8615537623105
13247	-41.7731118770176
13248	-41.6886172126484
13249	-41.6222130961996
13250	-41.5849859043695
13251	-41.5742975336239
13252	-41.5789178160672
13253	-41.5868034129044
13254	-41.6017294806802
13255	-41.6362741815453
13256	-41.6940497610302
13257	-41.7620697444925
13258	-41.8184840537931
13259	-41.8451563049071
13260	-41.8273038809885
13261	-41.7608342805826
13262	-41.6548067563919
13263	-41.5268922255666
13264	-41.3915872704726
13265	-41.2534048900893
13266	-41.1142248846485
13267	-40.9722045956702
13268	-40.830957367545
13269	-40.6971502762277
13270	-40.5656384271907
13271	-40.4351364189505
13272	-40.3147706041525
13273	-40.2137412536677
13274	-40.1430928202234
13275	-40.1087202500501
13276	-40.1156818458402
13277	-40.1754708846784
13278	-40.2935166946189
13279	-40.4712609969683
13280	-40.7108585801389
13281	-41.0104417990784
13282	-41.3678021365144
13283	-41.7824894187203
13284	-42.250662026613
13285	-42.7645519136567
13286	-43.3145925108245
13287	-43.8952488965558
13288	-44.5054527398825
13289	-45.1408900706303
13290	-45.7884177914783
13291	-46.4359365201048
13292	-47.0772494798793
13293	-47.7058754255336
13294	-48.3145028090491
13295	-48.8972379873423
13296	-49.4502677166729
13297	-49.9696780086547
13298	-50.4524295117031
13299	-50.8978226409333
13300	-51.3081460103885
13301	-51.6890881171805
13302	-52.0473382169859
13303	-52.3839060913523
13304	-52.6960534928332
13305	-52.9798149761047
13306	-53.2157548123646
13307	-53.3891309507685
13308	-53.515989615368
13309	-53.6130642484352
13310	-53.68079370544
13311	-53.7181022286228
13312	-53.7255088643961
13313	-53.7026799823115
13314	-53.6497048596632
13315	-53.5677315115924
13316	-53.4599645603485
13317	-53.3322684791473
13318	-53.1920886459737
13319	-53.0466350174512
13320	-52.8987944758824
13321	-52.7475047382397
13322	-52.5927191002247
13323	-52.4325438512504
13324	-52.2660413715858
13325	-52.0915086742538
13326	-51.9100495808826
13327	-51.7286246444647
13328	-51.5530957394909
13329	-51.3865509832368
13330	-51.2272960016039
13331	-51.0721614841433
13332	-50.9180786616339
13333	-50.7699275818673
13334	-50.6342638536548
13335	-50.507561817288
13336	-50.3849156376154
13337	-50.2668997377249
13338	-50.1561613968589
13339	-50.056341919005
13340	-49.9699525036917
13341	-49.8934772847356
13342	-49.8192538671932
13343	-49.7435591283105
13344	-49.6712917413219
13345	-49.6113503484963
13346	-49.5648789069945
13347	-49.5217052865018
13348	-49.4749185773201
13349	-49.4264841331928
13350	-49.3821037799283
13351	-49.3458578131206
13352	-49.3123328401628
13353	-49.2735535876219
13354	-49.2289783628593
13355	-49.1849199166222
13356	-49.1517402248325
13357	-49.136262956248
13358	-49.1348490362685
13359	-49.1371061637255
13360	-49.1359426033934
13361	-49.1335342543342
13362	-49.1385915756649
13363	-49.1556062849344
13364	-49.1772090701121
13365	-49.1931830886823
13366	-49.2049483289678
13367	-49.2218034148071
13368	-49.2563858388837
13369	-49.3151704004946
13370	-49.3891877638635
13371	-49.4645094366395
13372	-49.5398855735615
13373	-49.6259141562179
13374	-49.7276886663322
13375	-49.8354928519973
13376	-49.9398214530349
13377	-50.0388299497762
13378	-50.1304859529073
13379	-50.220081824339
13380	-50.3188187842165
13381	-50.4325025556468
13382	-50.564608792247
13383	-50.7175486375571
13384	-50.893487623625
13385	-51.0950712370791
13386	-51.3214917655755
13387	-51.5712262128911
13388	-51.8431221316588
13389	-52.136348740638
13390	-52.4471867618109
13391	-52.7695043979646
13392	-53.0983298403902
13393	-53.4281071207342
13394	-53.7545660349808
13395	-54.0762691235102
13396	-54.3925895762425
13397	-54.7016683038733
13398	-55.0041757687235
13399	-55.3002358836228
13400	-55.5891595893269
13401	-55.871818777383
13402	-56.1460728078101
13403	-56.4091542325195
13404	-56.6573081711232
13405	-56.8806976119025
13406	-57.0719887614213
13407	-57.2157181675044
13408	-57.3065666446824
13409	-57.3668348019577
13410	-57.4137032798463
13411	-57.4563171117543
13412	-57.4907780943764
13413	-57.5098396006999
13414	-57.5102325302038
13415	-57.4870661974217
13416	-57.4431638180311
13417	-57.3826534416565
13418	-57.3047035852917
13419	-57.2105468426528
13420	-57.107187155939
13421	-57.0033667861584
13422	-56.9067830123208
13423	-56.8152240414089
13424	-56.7227980728237
13425	-56.6268436043547
13426	-56.5310764339735
13427	-56.4449301338727
13428	-56.3726712240466
13429	-56.3112051162718
13430	-56.2543341125043
13431	-56.1956973571024
13432	-56.1398803010646
13433	-56.0968180338321
13434	-56.0695426535151
13435	-56.0581364225705
13436	-56.0548620680353
13437	-56.0473795211218
13438	-56.0343988615594
13439	-56.0218190610821
13440	-56.0134598766797
13441	-56.0101245559215
13442	-56.0039211757357
13443	-55.9859094209632
13444	-55.9590347968019
13445	-55.9318583790759
13446	-55.9086759573083
13447	-55.886778806755
13448	-55.8604218242105
13449	-55.8291743031195
13450	-55.7990431716968
13451	-55.7715415459023
13452	-55.7402242310241
13453	-55.6948248161621
13454	-55.6354765387689
13455	-55.5712569603629
13456	-55.5077342864108
13457	-55.4460465302633
13458	-55.3794351402944
13459	-55.2970329454503
13460	-55.2020569055915
13461	-55.1057979906269
13462	-55.0125938376867
13463	-54.9240688421724
13464	-54.8338376594945
13465	-54.7308865346545
13466	-54.613966169431
13467	-54.4867796332717
13468	-54.3503914641913
13469	-54.2051257544424
13470	-54.0480879620899
13471	-53.8787293283994
13472	-53.7012673458523
13473	-53.5198567539524
13474	-53.3351323851119
13475	-53.1462427136214
13476	-52.9533064883528
13477	-52.7573304900853
13478	-52.5614063736798
13479	-52.3665319241136
13480	-52.1719245939631
13481	-51.980260352867
13482	-51.7940785466226
13483	-51.6148270146544
13484	-51.4418731146846
13485	-51.2763492291509
13486	-51.1190254742363
13487	-50.9671073696912
13488	-50.8193563271625
13489	-50.6758939591647
13490	-50.5368753830658
13491	-50.4014054736019
13492	-50.2680889014549
13493	-50.1365415891287
13494	-50.0083250865852
13495	-49.8817318672563
13496	-49.7553766188663
13497	-49.6278750413428
13498	-49.4924093976582
13499	-49.3443296791108
13500	-49.1821745112165
13501	-48.9992681693586
13502	-48.7873018297176
13503	-48.5416054654692
13504	-48.2575260137886
13505	-47.9365151881071
13506	-47.5839121794036
13507	-47.2024666555004
13508	-46.7963113961496
13509	-46.3708831357936
13510	-45.9311020191312
13511	-45.4812555622819
13512	-45.0258979854353
13513	-44.5702520068773
13514	-44.1200838841522
13515	-43.6797598666825
13516	-43.2512553303907
13517	-42.8371616927843
13518	-42.4404882675187
13519	-42.0645944005648
13520	-41.7111563713781
13521	-41.3846545786546
13522	-41.0936303630354
13523	-40.8493913210944
13524	-40.6619720656556
13525	-40.537702502594
13526	-40.4632445585946
13527	-40.4197991220503
13528	-40.3952254268709
13529	-40.3768136492722
13530	-40.3572173218861
13531	-40.3307613964193
13532	-40.2957656185222
13533	-40.2524045453851
13534	-40.2002866574959
13535	-40.1361819148914
13536	-40.0594655022527
13537	-39.9748599983926
13538	-39.8835499367329
13539	-39.7848561441005
13540	-39.6806743236356
13541	-39.57784500829
13542	-39.4852539512183
13543	-39.4079548558579
13544	-39.3457840990044
13545	-39.2959616849537
13546	-39.2554363260568
13547	-39.2207407294641
13548	-39.1932137538731
13549	-39.1745737650013
13550	-39.163924321039
13551	-39.1613111398677
13552	-39.1697271002944
13553	-39.191570789926
13554	-39.2294814048747
13555	-39.2916585822255
13556	-39.3783322098168
13557	-39.4834689371311
13558	-39.604549453651
13559	-39.7332602944345
13560	-39.8626961123594
13561	-39.9921163613746
13562	-40.1141488501755
13563	-40.2165282133724
13564	-40.2878038840517
13565	-40.3180305593184
13566	-40.3025948735789
13567	-40.2381761716777
13568	-40.1209063080146
13569	-39.9533682148394
13570	-39.7415394406936
13571	-39.4855446416132
13572	-39.1881571402757
13573	-38.8599670104893
13574	-38.5058210792787
13575	-38.1302302735124
13576	-37.7420432975713
13577	-37.3487585175331
13578	-36.9558188526725
13579	-36.5650377010053
13580	-36.1793142743926
13581	-35.8069941149936
13582	-35.4529857922125
13583	-35.1174063610007
13584	-34.7967566657105
13585	-34.4880600270904
13586	-34.19553942735
13587	-33.9246973634022
13588	-33.6863379815061
13589	-33.491491636365
13590	-33.3468729432914
13591	-33.2696641432529
13592	-33.2732507731986
13593	-33.3416094377637
13594	-33.4544436105742
13595	-33.5996793699244
13596	-33.7614524977211
13597	-33.9259859343667
13598	-34.0861921268444
13599	-34.246788200272
13600	-34.423176685272
13601	-34.6234985403485
13602	-34.8440077812378
13603	-35.0796045935378
13604	-35.3353445138067
13605	-35.6263538963744
13606	-35.9548113230531
13607	-36.3072267022019
13608	-36.6764824027802
13609	-37.0594667862492
13610	-37.4543749382074
13611	-37.874042764632
13612	-38.3252791192353
13613	-38.7968799432302
13614	-39.2774165162511
13615	-39.7586910128613
13616	-40.2252858433946
13617	-40.6756921117396
13618	-41.1220393670365
13619	-41.5646672997126
13620	-41.9931984484351
13621	-42.3977609848431
13622	-42.7778320959374
13623	-43.1319158009733
13624	-43.4565768810569
13625	-43.7524768514911
13626	-44.022073687316
13627	-44.2690227582016
13628	-44.498282370248
13629	-44.7078992149515
13630	-44.8935683806231
13631	-45.0577094036646
13632	-45.2107762505005
13633	-45.3472437111033
13634	-45.4524385590034
13635	-45.5174525759124
13636	-45.5414387335232
13637	-45.537487058564
13638	-45.5252763283097
13639	-45.513695311262
13640	-45.4928574084605
13641	-45.4496423663238
13642	-45.3892046921935
13643	-45.338619514276
13644	-45.3167806346732
13645	-45.3243856859338
13646	-45.3663423970957
13647	-45.4466538858175
13648	-45.5564883387633
13649	-45.6867438544863
13650	-45.8371656019291
13651	-46.0054065515936
13652	-46.1893661493969
13653	-46.3919116432623
13654	-46.6144078646608
13655	-46.8581185502367
13656	-47.1172538077297
13657	-47.390854304179
13658	-47.685832012852
13659	-47.9986668515661
13660	-48.3221034323116
13661	-48.6475302481559
13662	-48.9680189312051
13663	-49.2757149368604
13664	-49.5647156594162
13665	-49.825048400779
13666	-50.0567189712222
13667	-50.2681004281923
13668	-50.4679956215971
13669	-50.6680630163145
13670	-50.8696142851694
13671	-51.0723258383172
13672	-51.2766646371822
13673	-51.4837930268362
13674	-51.6949165406933
13675	-51.908991118807
13676	-52.1248053005317
13677	-52.3405563758815
13678	-52.5549181978317
13679	-52.7674677425519
13680	-52.9772929811456
13681	-53.1857237131742
13682	-53.3928638789883
13683	-53.5955815501968
13684	-53.7933656308071
13685	-53.9856045993347
13686	-54.1713389812553
13687	-54.3481600517123
13688	-54.5094436137208
13689	-54.6517977647247
13690	-54.765073091398
13691	-54.8371898821905
13692	-54.8697498760453
13693	-54.8618600044413
13694	-54.8099428746055
13695	-54.714481471626
13696	-54.5848926485296
13697	-54.4346043892292
13698	-54.2690256524639
13699	-54.0845277594265
13700	-53.8678056997604
13701	-53.6091551750833
13702	-53.3163682075853
13703	-53.010974278026
13704	-52.7023206004091
13705	-52.3776992229842
13706	-52.0336479016401
13707	-51.6818959365485
13708	-51.3354533778845
13709	-51.007678280488
13710	-50.6933170716446
13711	-50.3807029981899
13712	-50.075551861417
13713	-49.7825121214803
13714	-49.4963573709649
13715	-49.209867515556
13716	-48.9164837601066
13717	-48.6206883943901
13718	-48.3429077183644
13719	-48.0934439025221
13720	-47.8665203317697
13721	-47.6502303675201
13722	-47.4333462120203
13723	-47.2101153321817
13724	-46.9704229739388
13725	-46.7102290129515
13726	-46.4394897958842
13727	-46.1702844606545
13728	-45.9181563340874
13729	-45.6887569390002
13730	-45.4732974412556
13731	-45.2692150860613
13732	-45.074698645452
13733	-44.887618975556
13734	-44.7122005007617
13735	-44.5490988127372
13736	-44.3970504841644
13737	-44.2579930376367
13738	-44.1310507032295
13739	-44.0160351180167
13740	-43.9164909916076
13741	-43.8369817239734
13742	-43.7829481244575
13743	-43.7568395922787
13744	-43.7548751210458
13745	-43.7677773769979
13746	-43.7807482069888
13747	-43.7791657500949
13748	-43.7524823265702
13749	-43.6945743691188
13750	-43.6024948332387
13751	-43.4753229021317
13752	-43.3107935317852
13753	-43.1091277392121
13754	-42.8838794556696
13755	-42.666624436063
13756	-42.473967042796
13757	-42.301598027189
13758	-42.1507069723108
13759	-42.0083975389674
13760	-41.8632077843579
13761	-41.722796133314
13762	-41.587767569741
13763	-41.4453938169419
13764	-41.2888788953602
13765	-41.1200985917674
13766	-40.9437715873662
13767	-40.7648622228643
13768	-40.5896370320913
13769	-40.4265320097215
13770	-40.2808394755368
13771	-40.1562052465859
13772	-40.0533621017709
13773	-39.9737459311279
13774	-39.9169965203605
13775	-39.8856145267447
13776	-39.8854668498259
13777	-39.917176272129
13778	-39.9790394124471
13779	-40.0694323531987
13780	-40.1836545134977
13781	-40.3152375616478
13782	-40.4567064989393
13783	-40.5955130568187
13784	-40.7211407099292
13785	-40.8298831576333
13786	-40.9169438907951
13787	-40.9804691951618
13788	-41.0228331097957
13789	-41.0438873687094
13790	-41.0471410981514
13791	-41.043947867053
13792	-41.046807031139
13793	-41.0656602072398
13794	-41.1105168143228
13795	-41.1842245081005
13796	-41.2768157799054
13797	-41.3691287499736
13798	-41.4464337508904
13799	-41.500173839522
13800	-41.5158437395345
13801	-41.4779876787768
13802	-41.3823004060205
13803	-41.2333117071842
13804	-41.0451039510027
13805	-40.8461822107833
13806	-40.6705214083759
13807	-40.537816844925
13808	-40.4439129472446
13809	-40.3911195404576
13810	-40.3877468445189
13811	-40.4255001552194
13812	-40.4941059874677
13813	-40.5901170192763
13814	-40.7155693997981
13815	-40.8756359805916
13816	-41.0790223326142
13817	-41.336087230667
13818	-41.6446029828429
13819	-41.9946180552439
13820	-42.387080149736
13821	-42.8251130285887
13822	-43.3037068390896
13823	-43.8226697858591
13824	-44.379111891632
13825	-44.9621381310202
13826	-45.5661741024825
13827	-46.1874101447758
13828	-46.8158133612196
13829	-47.4423895026618
13830	-48.0625835817192
13831	-48.6724546693366
13832	-49.2680731348059
13833	-49.843181264475
13834	-50.3934158077366
13835	-50.9158647955454
13836	-51.4062644486175
13837	-51.8663826565828
13838	-52.3001192144394
13839	-52.7079932209701
13840	-53.0890027379479
13841	-53.4415017162173
13842	-53.7648759731053
13843	-54.0616532020536
13844	-54.3344921520188
13845	-54.584975212884
13846	-54.8085976116677
13847	-55.000054372604
13848	-55.1455039822593
13849	-55.2358626885351
13850	-55.2696010226103
13851	-55.2478823531628
13852	-55.1757670693355
13853	-55.0540421435043
13854	-54.8860828757617
13855	-54.6827755954469
13856	-54.4546851364457
13857	-54.2078326065142
13858	-53.94305031046
13859	-53.6589870477267
13860	-53.354464972617
13861	-53.0254698442041
13862	-52.674071753946
13863	-52.2936356697244
13864	-51.8724345995388
13865	-51.4090933064474
13866	-50.9078565616427
13867	-50.3776372858624
13868	-49.8244692207875
13869	-49.2544757305206
13870	-48.6757892254046
13871	-48.0880923033695
13872	-47.4906734235111
13873	-46.8912237570036
13874	-46.2953835157951
13875	-45.7097857660051
13876	-45.1422071076456
13877	-44.5976983677845
13878	-44.0837977484927
13879	-43.608026552215
13880	-43.1691300611327
13881	-42.7622707787091
13882	-42.382573792254
13883	-42.0217810494026
13884	-41.6748264903745
13885	-41.3423237066286
13886	-41.0286685623119
13887	-40.7380086615785
13888	-40.4726899286167
13889	-40.2340912147567
13890	-40.0229201051893
13891	-39.8305321750894
13892	-39.6482390672156
13893	-39.4771387460122
13894	-39.3176949659837
13895	-39.1742603019267
13896	-39.0550703566565
13897	-38.9623055171289
13898	-38.8928150899382
13899	-38.8433268884716
13900	-38.8105541146476
13901	-38.7959157653947
13902	-38.8049260221439
13903	-38.8366107058311
13904	-38.886503592619
13905	-38.9517262947006
13906	-39.0337522621862
13907	-39.1362948891149
13908	-39.2570751979002
13909	-39.3866948763377
13910	-39.5139265702272
13911	-39.6305971478968
13912	-39.7330509740295
13913	-39.8197696702119
13914	-39.8891185746715
13915	-39.941242558863
13916	-39.9794990823352
13917	-40.007570808064
13918	-40.0315520052868
13919	-40.0624095695667
13920	-40.1106313580777
13921	-40.1847936168606
13922	-40.2906914826529
13923	-40.4274674269926
13924	-40.5910515049569
13925	-40.7782455121176
13926	-40.9865258045334
13927	-41.2186259577869
13928	-41.4757950478494
13929	-41.7713963467625
13930	-42.1154132100198
13931	-42.5045885791574
13932	-42.9348773295465
13933	-43.3979233724156
13934	-43.8875928650231
13935	-44.3961531468397
13936	-44.9154811313178
13937	-45.4377929037804
13938	-45.9599858257147
13939	-46.4783942241036
13940	-46.9865562754498
13941	-47.478173537361
13942	-47.9509184702427
13943	-48.403892570824
13944	-48.8353716255463
13945	-49.2450611124647
13946	-49.6326392202445
13947	-49.9984512681118
13948	-50.3447804989694
13949	-50.6718503284989
13950	-50.9805820077514
13951	-51.2723984222996
13952	-51.5480089578712
13953	-51.809909235324
13954	-52.0586369695499
13955	-52.2948307872041
13956	-52.5170349722342
13957	-52.7194914290435
13958	-52.9013779966227
13959	-53.0553744578535
13960	-53.1729029764852
13961	-53.2567778825044
13962	-53.3057327000263
13963	-53.3171100755678
13964	-53.2927599201755
13965	-53.2356333238484
13966	-53.1494810677843
13967	-53.0367415002387
13968	-52.8971499383254
13969	-52.7317581359541
13970	-52.543343764754
13971	-52.333192757249
13972	-52.1028964229199
13973	-51.8574642128244
13974	-51.6027718302773
13975	-51.340843926859
13976	-51.0743205608019
13977	-50.8056880503579
13978	-50.5324508133671
13979	-50.2545563187897
13980	-49.9759588363345
13981	-49.699656178813
13982	-49.4238254610442
13983	-49.1548986207417
13984	-48.9009198648909
13985	-48.6625028350319
13986	-48.4370331583497
13987	-48.2242233772913
13988	-48.0268710531821
13989	-47.8432078562335
13990	-47.6712272873903
13991	-47.5133441499406
13992	-47.3748339081257
13993	-47.2576535237136
13994	-47.161852600642
13995	-47.085425425955
13996	-47.0268418766457
13997	-46.9846517443508
13998	-46.9589798329592
13999	-46.9489319762423
14000	-46.9515919540269
14001	-46.9683785751084
14002	-47.0004412991644
14003	-47.0469092106808
14004	-47.1127358121225
14005	-47.2004104358742
14006	-47.3074540677552
14007	-47.430770611434
14008	-47.5666247314075
14009	-47.7171983496251
14010	-47.8776854102346
14011	-48.0366134378814
14012	-48.1887652364665
14013	-48.3292320725936
14014	-48.4525931915895
14015	-48.556810537279
14016	-48.6390020767565
14017	-48.6967869304441
14018	-48.7305198141606
14019	-48.7401667583356
14020	-48.7267574544094
14021	-48.6914946556098
14022	-48.6368038278261
14023	-48.5704917056715
14024	-48.4964812547919
14025	-48.4152647661851
14026	-48.3304320216051
14027	-48.2432310832072
14028	-48.1586928323782
14029	-48.0819396622456
14030	-48.0128397464677
14031	-47.9509822791066
14032	-47.8962575463303
14033	-47.8506871152064
14034	-47.8202359289936
14035	-47.812527686583
14036	-47.8366981931573
14037	-47.8986669237409
14038	-48.010438593189
14039	-48.1910328002698
14040	-48.4562804485693
14041	-48.8175276558138
14042	-49.2796065547062
14043	-49.8443957820121
14044	-50.5071012514496
14045	-51.2502595136757
14046	-52.0498790494743
14047	-52.8840444154014
14048	-53.7339005359794
14049	-54.5839264216205
14050	-55.422011581357
14051	-56.2393786382132
14052	-57.0303747243051
14053	-57.792071833125
14054	-58.5237028310578
14055	-59.2239870792326
14056	-59.8917726032459
14057	-60.5267485728541
14058	-61.1291312748362
14059	-61.7009296602203
14060	-62.2439802793964
14061	-62.7598120612512
14062	-63.2519149116006
14063	-63.7226448489537
14064	-64.1712868961695
14065	-64.5989987254884
14066	-65.0081470564359
14067	-65.3999757122492
14068	-65.77703012453
14069	-66.1418219144483
14070	-66.4939118129135
14071	-66.8334947571142
14072	-67.1608158552451
14073	-67.477966180191
14074	-67.7897688640601
14075	-68.0970331330673
14076	-68.3982190150072
14077	-68.6939247181144
14078	-68.9852500039981
14079	-69.2726950081637
14080	-69.5579206443378
14081	-69.8416081618652
14082	-70.122445405369
14083	-70.3995261153856
14084	-70.6723438814545
14085	-70.9408755272587
14086	-71.2056033386795
14087	-71.4655904299767
14088	-71.7206958215268
14089	-71.9700230349859
14090	-72.2109765090599
14091	-72.4370383018378
14092	-72.6344735429908
14093	-72.7915530977336
14094	-72.9124322544428
14095	-73.0142400018261
14096	-73.1105277704391
14097	-73.2105303213916
14098	-73.3227147771876
14099	-73.4516166797417
14100	-73.598699692234
14101	-73.7629937648521
14102	-73.9416839843709
14103	-74.1345653332333
14104	-74.3415815780502
14105	-74.5610475013987
14106	-74.7877813233139
14107	-75.0136551360177
14108	-75.2335997719872
14109	-75.4459622719751
14110	-75.652343085583
14111	-75.8533633721087
14112	-76.0471343322915
14113	-76.22971863539
14114	-76.3961000807776
14115	-76.5443512587755
14116	-76.6727913674968
14117	-76.7789930035756
14118	-76.8603126962457
14119	-76.913355834118
14120	-76.9362102630847
14121	-76.9311660347426
14122	-76.9038245270637
14123	-76.8542431641394
14124	-76.7795568987031
14125	-76.6824419523472
14126	-76.5708405543949
14127	-76.4546488234541
14128	-76.3383324725989
14129	-76.2220210617991
14130	-76.1069531243629
14131	-75.9939872567504
14132	-75.8834278370521
14133	-75.7752398760974
14134	-75.668969628633
14135	-75.5647455147714
14136	-75.4613902404408
14137	-75.3567851387128
14138	-75.2494536757133
14139	-75.1374400573091
14140	-75.018533307652
14141	-74.8907705237109
14142	-74.7567913215238
14143	-74.6161673320186
14144	-74.4643526247596
14145	-74.3068691287085
14146	-74.1526597760476
14147	-74.0050144379039
14148	-73.8594958392779
14149	-73.7043602954926
14150	-73.5331352155908
14151	-73.3467012797936
14152	-73.1395102287913
14153	-72.9043054839082
14154	-72.6376537077848
14155	-72.3373432433701
14156	-72.0020350563871
14157	-71.6308911114209
14158	-71.2243284060367
14159	-70.7855198536785
14160	-70.3203154533268
14161	-69.8337170178009
14162	-69.331268399169
14163	-68.8172867558785
14164	-68.2974198087845
14165	-67.7779114256211
14166	-67.2624348157121
14167	-66.754587887644
14168	-66.2585358200559
14169	-65.778158650846
14170	-65.3156903991533
14171	-64.8719373853739
14172	-64.4503068643106
14173	-64.0555794440382
14174	-63.6928041618386
14175	-63.3691602031786
14176	-63.0960328407477
14177	-62.8779914793538
14178	-62.7108171779548
14179	-62.5895066522591
14180	-62.5016375985273
14181	-62.4337510779146
14182	-62.3768287553835
14183	-62.3228222726719
14184	-62.2645252741992
14185	-62.1981054784796
14186	-62.1266571999311
14187	-62.0543831470407
14188	-61.9826448160134
14189	-61.9129999836142
14190	-61.849447912906
14191	-61.8005167665907
14192	-61.7729139343404
14193	-61.7648662155052
14194	-61.7690100811324
14195	-61.7813547618166
14196	-61.8067158276637
14197	-61.8501337045987
14198	-61.9102545766512
14199	-61.9805982017518
14200	-62.0533388672672
14201	-62.1252461058038
14202	-62.2020570086461
14203	-62.2961118868812
14204	-62.41588299393
14205	-62.5620041798429
14206	-62.7313871833492
14207	-62.9164328288715
14208	-63.1117650813715
14209	-63.320165694152
14210	-63.5415231349558
14211	-63.7723016234588
14212	-64.0117729432853
14213	-64.2558950206918
14214	-64.4952361019066
14215	-64.7193786552067
14216	-64.9260206586324
14217	-65.1195738384374
14218	-65.3011741101078
14219	-65.4708737404667
14220	-65.6293926746679
14221	-65.7773867598302
14222	-65.9176745414383
14223	-66.0545347902843
14224	-66.1926778666912
14225	-66.3341089214932
14226	-66.4793156852944
14227	-66.6319500648002
14228	-66.7950139440643
14229	-66.9699984031067
14230	-67.155981668241
14231	-67.3482998452199
14232	-67.5446004819016
14233	-67.7431438766078
14234	-67.9398648789117
14235	-68.1324320976834
14236	-68.3190513766767
14237	-68.497135703666
14238	-68.6649521945694
14239	-68.8248688068281
14240	-68.9807883696681
14241	-69.1367309826289
14242	-69.2966976071685
14243	-69.4628096678573
14244	-69.6341209577686
14245	-69.8123894286783
14246	-70.0022198368988
14247	-70.1973693810557
14248	-70.3919321063745
14249	-70.5827891884048
14250	-70.7657773140853
14251	-70.940612373294
14252	-71.1058835102472
14253	-71.2591888101393
14254	-71.3988039595416
14255	-71.5256563482666
14256	-71.6419267710645
14257	-71.7501112110803
14258	-71.854334334893
14259	-71.9562387344082
14260	-72.0568330210923
14261	-72.1575987642801
14262	-72.2591156603962
14263	-72.3609363609901
14264	-72.4621750988018
14265	-72.5631140805451
14266	-72.6640983662142
14267	-72.7655330364289
14268	-72.8682069806673
14269	-72.973323329365
14270	-73.0809055959778
14271	-73.1905817390625
14272	-73.302551500225
14273	-73.4175689563255
14274	-73.5318828511536
14275	-73.6455668280094
14276	-73.7615291640775
14277	-73.882030057622
14278	-74.0128974148942
14279	-74.1538124368035
14280	-74.3040779180519
14281	-74.4631785641695
14282	-74.6287650060293
14283	-74.7974321869992
14284	-74.9670820345788
14285	-75.1387379199485
14286	-75.3120506910091
14287	-75.4865051214927
14288	-75.6613060946749
14289	-75.8368815975898
14290	-76.0140984740396
14291	-76.192006192214
14292	-76.3686967001614
14293	-76.5442644306233
14294	-76.7184931469169
14295	-76.8897550104741
14296	-77.0592369307041
14297	-77.2287805760305
14298	-77.3987279413848
14299	-77.5693818121534
14300	-77.7403427598997
14301	-77.9105704865524
14302	-78.0814302268474
14303	-78.2537365151352
14304	-78.4254417315667
14305	-78.5964755104893
14306	-78.7675538916237
14307	-78.937633629119
14308	-79.1057286907678
14309	-79.271727853971
14310	-79.4352554369105
14311	-79.5970199742546
14312	-79.7573702039357
14313	-79.9177985693482
14314	-80.080281526353
14315	-80.2428265698906
14316	-80.4021818925671
14317	-80.5573493117538
14318	-80.710173193577
14319	-80.862417436397
14320	-81.0143140193742
14321	-81.1662582141998
14322	-81.3180695164949
14323	-81.466319718445
14324	-81.6067267280549
14325	-81.7406812046024
14326	-81.871540260392
14327	-82.0049143025275
14328	-82.1484593541987
14329	-82.3045519967649
14330	-82.4662572195207
14331	-82.6243204208419
14332	-82.7763827823483
14333	-82.9264443431516
14334	-83.0763967921655
14335	-83.2258865318901
14336	-83.3759492693584
14337	-83.525967211798
14338	-83.6769768935581
14339	-83.830077657564
14340	-83.9848789709733
14341	-84.1409150344655
14342	-84.2976885972457
14343	-84.4543956842596
14344	-84.6102616250687
14345	-84.7658916768218
14346	-84.9220031807561
14347	-85.0780667387541
14348	-85.2329836589036
14349	-85.3866616043012
14350	-85.5399419236082
14351	-85.6926206036588
14352	-85.8450161921884
14353	-85.9963270126997
14354	-86.1454856800696
14355	-86.2931658546386
14356	-86.4383365363721
14357	-86.5808556351531
14358	-86.7183758529437
14359	-86.8495638725641
14360	-86.9748582004954
14361	-87.0874278106708
14362	-87.1789792626464
14363	-87.2469812860013
14364	-87.2915777012741
14365	-87.3138502890012
14366	-87.3159643368193
14367	-87.3026047201323
14368	-87.2797194061178
14369	-87.2491144260103
14370	-87.2096773527853
14371	-87.161036132277
14372	-87.1039290844744
14373	-87.0405212842537
14374	-86.9760616875933
14375	-86.9136610043921
14376	-86.8515886064472
14377	-86.7883463372557
14378	-86.7250889418823
14379	-86.6642917376542
14380	-86.607238071441
14381	-86.5528073755499
14382	-86.498497019757
14383	-86.4430405601476
14384	-86.3882547956984
14385	-86.3390376607427
14386	-86.2991212585624
14387	-86.2686266873253
14388	-86.2469018579374
14389	-86.2336782736969
14390	-86.2287773664911
14391	-86.2337395645222
14392	-86.2481076623668
14393	-86.2679271980725
14394	-86.2914035920021
14395	-86.3192998013527
14396	-86.3521605834113
14397	-86.3894653956827
14398	-86.4310848036693
14399	-86.4760125624617
14400	-86.5226937842873
14401	-86.5727387929229
14402	-86.6275634932359
14403	-86.6866801870537
14404	-86.7477191683948
14405	-86.8086827810537
14406	-86.8718811362728
14407	-86.9403530992602
14408	-87.0143940589305
14409	-87.0932845061543
14410	-87.1805064533867
14411	-87.2803103464372
14412	-87.3935845167905
14413	-87.5141599983748
14414	-87.635209858809
14415	-87.7569290778607
14416	-87.878061857131
14417	-87.9958162183298
14418	-88.1116221941403
14419	-88.2274309556841
14420	-88.3425003334137
14421	-88.4558771550943
14422	-88.5678131690804
14423	-88.6778371952381
14424	-88.784969193709
14425	-88.8896558711361
14426	-88.9929103777194
14427	-89.0958700525363
14428	-89.1998117298606
14429	-89.3068069000481
14430	-89.4178403203891
14431	-89.5330256397765
14432	-89.6538057832072
14433	-89.7813110603311
14434	-89.9143846895196
14435	-90.0520888265452
14436	-90.1949989005702
14437	-90.3418535819667
14438	-90.4913749560688
14439	-90.6443890475038
14440	-90.8022292399163
14441	-90.9698080489424
14442	-91.1511197184785
14443	-91.3445327523327
14444	-91.5506466971529
14445	-91.7721171385142
14446	-92.0094473553269
14447	-92.262180563226
14448	-92.5286706974808
14449	-92.8063725895917
14450	-93.0941221681676
14451	-93.3893878844956
14452	-93.6858075370407
14453	-93.9762389099715
14454	-94.2557879984371
14455	-94.5192313455299
14456	-94.7606032473743
14457	-94.9808451843721
14458	-95.1853496071263
14459	-95.3795822301589
14460	-95.5717613610373
14461	-95.7683385762666
14462	-95.9708879017604
14463	-96.1800047675405
14464	-96.3938736800654
14465	-96.6114663714082
14466	-96.8346810648578
14467	-97.0638463942529
14468	-97.2960395792112
14469	-97.5286022372051
14470	-97.7587236321041
14471	-97.9824462885378
14472	-98.1965768605872
14473	-98.4006773307454
14474	-98.5971012882037
14475	-98.7881232372523
14476	-98.9738231025707
14477	-99.1514933239073
14478	-99.3180643257742
14479	-99.4722701909348
14480	-99.6139304672088
14481	-99.7430257825053
14482	-99.8591132789379
14483	-99.9622634565842
14484	-100.053425082949
14485	-100.132650022262
14486	-100.202298625132
14487	-100.264626628612
14488	-100.317624325349
14489	-100.360472099289
14490	-100.393983658791
14491	-100.418961667058
14492	-100.436331182496
14493	-100.446653391017
14494	-100.45161839289
14495	-100.451590852751
14496	-100.446181332689
14497	-100.435061438822
14498	-100.418300637977
14499	-100.396648876063
14500	-100.369913773508
14501	-100.340488063983
14502	-100.312577123675
14503	-100.288479688478
14504	-100.269075593249
14505	-100.255347839737
14506	-100.248808928483
14507	-100.249729974838
14508	-100.257216764952
14509	-100.271099740775
14510	-100.293502285331
14511	-100.325990270273
14512	-100.369289349922
14513	-100.422402616228
14514	-100.481199425676
14515	-100.541615801309
14516	-100.601149951568
14517	-100.656321434143
14518	-100.702307218276
14519	-100.73725616059
14520	-100.759611475146
14521	-100.768698085632
14522	-100.766813642719
14523	-100.757483279176
14524	-100.742786092402
14525	-100.723361284747
14526	-100.69970364963
14527	-100.672173901041
14528	-100.641039398339
14529	-100.606503303299
14530	-100.569868589143
14531	-100.533448249348
14532	-100.497325201233
14533	-100.460250009962
14534	-100.421880112066
14535	-100.382170991899
14536	-100.342361015907
14537	-100.303261225024
14538	-100.264320538906
14539	-100.224834943523
14540	-100.185083603958
14541	-100.145997918981
14542	-100.107587536151
14543	-100.070148633876
14544	-100.03372387651
14545	-99.997932513679
14546	-99.962928637077
14547	-99.929088156158
14548	-99.8965615427008
14549	-99.865269853865
14550	-99.8348760329746
14551	-99.8036595047333
14552	-99.7722855937081
14553	-99.7436441345638
14554	-99.7190712342836
14555	-99.7007693847153
14556	-99.690978419474
14557	-99.6905048343677
14558	-99.6995790759307
14559	-99.7184807624418
14560	-99.7479775714295
14561	-99.7880192143881
14562	-99.8386176360671
14563	-99.8998625205539
14564	-99.9722001397428
14565	-100.055880094696
14566	-100.149891706418
14567	-100.252047505514
14568	-100.35903071687
14569	-100.467882971791
14570	-100.57771990615
14571	-100.688422922394
14572	-100.799555236064
14573	-100.911023501756
14574	-101.022339501086
14575	-101.134022228925
14576	-101.24613337334
14577	-101.357457841456
14578	-101.467128447493
14579	-101.573779174887
14580	-101.67671451279
14581	-101.776159485947
14582	-101.871915205452
14583	-101.963963704071
14584	-102.052326765821
14585	-102.135804263301
14586	-102.214179475142
14587	-102.289447443432
14588	-102.362169985193
14589	-102.43102346042
14590	-102.495309119183
14591	-102.555517887041
14592	-102.612127329187
14593	-102.665586121881
14594	-102.715721475951
14595	-102.762083850279
14596	-102.805588418979
14597	-102.846528714571
14598	-102.884920991274
14599	-102.921405729777
14600	-102.956024457495
14601	-102.987050910026
14602	-103.013530712675
14603	-103.036565920707
14604	-103.056523070409
14605	-103.074030816097
14606	-103.088987736524
14607	-103.101158057542
14608	-103.110947987706
14609	-103.118658752847
14610	-103.124832155941
14611	-103.129191761046
14612	-103.131966846797
14613	-103.132733131201
14614	-103.130416980487
14615	-103.124093621022
14616	-103.112052551031
14617	-103.092599588885
14618	-103.063246950178
14619	-103.020494276499
14620	-102.960820011036
14621	-102.881352156982
14622	-102.779946471774
14623	-102.655448686823
14624	-102.507828953379
14625	-102.337839668112
14626	-102.14614128033
14627	-101.932813305532
14628	-101.698383689625
14629	-101.444256626177
14630	-101.17265025204
14631	-100.885505301031
14632	-100.585371099294
14633	-100.274553553318
14634	-99.9535002592759
14635	-99.6242158730032
14636	-99.2899408405906
14637	-98.9531063112207
14638	-98.6153965543418
14639	-98.2783586486642
14640	-97.9432863551647
14641	-97.6101050109542
14642	-97.2796472153084
14643	-96.9535472604552
14644	-96.6336776394741
14645	-96.3214858832235
14646	-96.0179799309373
14647	-95.7249651884563
14648	-95.4433583523543
14649	-95.1735941123546
14650	-94.9158752004507
14651	-94.6707877544895
14652	-94.4385200547738
14653	-94.2190342507371
14654	-94.0118030099466
14655	-93.8154145033689
14656	-93.6290726718677
14657	-93.4525772848775
14658	-93.2864418242873
14659	-93.1303785738527
14660	-92.9835259432126
14661	-92.845627417143
14662	-92.7155539346807
14663	-92.5925415443034
14664	-92.4771503733516
14665	-92.3693376626485
14666	-92.2688726806638
14667	-92.1758625761661
14668	-92.0900660753511
14669	-92.0127521821674
14670	-91.947557627482
14671	-91.8980029674913
14672	-91.8657222276333
14673	-91.852001062428
14674	-91.8598941852973
14675	-91.8928047079352
14676	-91.9502329907224
14677	-92.0305274927887
14678	-92.1346495069021
14679	-92.2627673572706
14680	-92.4152199009956
14681	-92.5919885515779
14682	-92.7905959259619
14683	-93.0087440842136
14684	-93.2453824861318
14685	-93.499999398964
14686	-93.7721768970284
14687	-94.0614768431047
14688	-94.3681347161508
14689	-94.6923499380404
14690	-95.0327547525838
14691	-95.3874001868538
14692	-95.7544405655213
14693	-96.1326115440804
14694	-96.5202006132435
14695	-96.9154471979358
14696	-97.3165815272259
14697	-97.7209658658528
14698	-98.1259281304253
14699	-98.5280567589049
14700	-98.9243961872838
14701	-99.3124251780164
14702	-99.6895974097679
14703	-100.054599954893
14704	-100.407030383323
14705	-100.745431830056
14706	-101.068742683245
14707	-101.37745527996
14708	-101.671780187328
14709	-101.951463156869
14710	-102.216422850624
14711	-102.466819671824
14712	-102.703192123102
14713	-102.926330041979
14714	-103.136648032895
14715	-103.335222173103
14716	-103.522438014608
14717	-103.698830673343
14718	-103.86575172409
14719	-104.023164261193
14720	-104.16951740124
14721	-104.303660655762
14722	-104.423933617116
14723	-104.527773000452
14724	-104.615119403922
14725	-104.688924446108
14726	-104.754286497254
14727	-104.817917726036
14728	-104.886219517809
14729	-104.963381222434
14730	-105.051398266585
14731	-105.152169913465
14732	-105.267423410243
14733	-105.396903117202
14734	-105.539238187584
14735	-105.693363944322
14736	-105.858899428394
14737	-106.034788744673
14738	-106.220068174385
14739	-106.413324344823
14740	-106.612346008806
14741	-106.814960508088
14742	-107.019777814619
14743	-107.225998781212
14744	-107.432876883561
14745	-107.639715635616
14746	-107.846218799495
14747	-108.051160154508
14748	-108.252169478802
14749	-108.448426878828
14750	-108.638872872825
14751	-108.822683787286
14752	-108.999918791431
14753	-109.170211603469
14754	-109.333879043821
14755	-109.4910637385
14756	-109.641334205188
14757	-109.785805041029
14758	-109.925215324294
14759	-110.058676816633
14760	-110.185832608467
14761	-110.307591151452
14762	-110.424810371548
14763	-110.535807144502
14764	-110.638119504216
14765	-110.730157728621
14766	-110.809952371668
14767	-110.874390481728
14768	-110.91999254645
14769	-110.943788439373
14770	-110.945614450028
14771	-110.927983180225
14772	-110.893210685679
14773	-110.842994443292
14774	-110.779069502439
14775	-110.703070158894
14776	-110.616445304437
14777	-110.520589748731
14778	-110.415908587701
14779	-110.302243899329
14780	-110.180885729228
14781	-110.052707139209
14782	-109.917605794874
14783	-109.775541600869
14784	-109.626276995663
14785	-109.469508859555
14786	-109.306151368988
14787	-109.137228060169
14788	-108.963130400139
14789	-108.784045263126
14790	-108.599527503005
14791	-108.409307662208
14792	-108.213857180226
14793	-108.013667146387
14794	-107.808517751135
14795	-107.59785282676
14796	-107.383161116602
14797	-107.166383546519
14798	-106.948376577923
14799	-106.730806921819
14800	-106.513892385839
14801	-106.296924660792
14802	-106.079794344804
14803	-105.863651319384
14804	-105.649557914976
14805	-105.437025893071
14806	-105.226024414774
14807	-105.016902497866
14808	-104.809063786697
14809	-104.602518102082
14810	-104.398177346531
14811	-104.194872803789
14812	-103.993261590201
14813	-103.797345000099
14814	-103.606424527404
14815	-103.416545606006
14816	-103.227314039923
14817	-103.038406918081
14818	-102.849102843274
14819	-102.659805077932
14820	-102.47030253341
14821	-102.280243941997
14822	-102.091492210578
14823	-101.904991110874
14824	-101.719477864945
14825	-101.535258695177
14826	-101.352501997101
14827	-101.171840347014
14828	-100.994064421435
14829	-100.819783454064
14830	-100.649384609953
14831	-100.482763636546
14832	-100.32103258378
14833	-100.163807024705
14834	-100.009717363292
14835	-99.8585049231868
14836	-99.710299260632
14837	-99.5663241207821
14838	-99.427109609909
14839	-99.2926929412642
14840	-99.1628915810937
14841	-99.0375649473694
14842	-98.9162020765353
14843	-98.7988738213326
14844	-98.6863768824609
14845	-98.5786333748912
14846	-98.4756157704971
14847	-98.3755546443135
14848	-98.2784932977126
14849	-98.1845733200742
14850	-98.0921394921874
14851	-98.0003799651699
14852	-97.9102228039046
14853	-97.8223568875061
14854	-97.7352450588764
14855	-97.6491436550726
14856	-97.5648235520491
14857	-97.4815054357607
14858	-97.3992564537056
14859	-97.3188447404499
14860	-97.2406942296846
14861	-97.1649211900163
14862	-97.0911582220688
14863	-97.0192589852494
14864	-96.949290213088
14865	-96.8810881493132
14866	-96.8155688404928
14867	-96.7531707264045
14868	-96.6920244893318
14869	-96.6326051104895
14870	-96.5757498209867
14871	-96.5214243501036
14872	-96.4702637315057
14873	-96.4223142597251
14874	-96.3777381006239
14875	-96.3368509333341
14876	-96.2994202792423
14877	-96.2654457218193
14878	-96.2347852802344
14879	-96.2063391548296
14880	-96.1797385969162
14881	-96.1544895538846
14882	-96.1298697518125
14883	-96.1067328466034
14884	-96.0859236755419
14885	-96.0674630284541
14886	-96.0514572323683
14887	-96.0388292929649
14888	-96.0300118297141
14889	-96.0247163827458
14890	-96.0219946601786
14891	-96.0201892749577
14892	-96.0186300008454
14893	-96.0179769891439
14894	-96.0201582441919
14895	-96.0264128146481
14896	-96.0360376724962
14897	-96.0473096442149
14898	-96.0581792749515
14899	-96.0689027213224
14900	-96.0809017784193
14901	-96.0948211199789
14902	-96.1096180086614
14903	-96.1237771417801
14904	-96.1381855633457
14905	-96.1537469251633
14906	-96.1709569274536
14907	-96.190735513248
14908	-96.2139796273027
14909	-96.2413686950234
14910	-96.2719413459225
14911	-96.3043065785894
14912	-96.3384737664219
14913	-96.3752954365323
14914	-96.4157433444018
14915	-96.4590968880111
14916	-96.5046170632998
14917	-96.5520009473294
14918	-96.6009760776749
14919	-96.6526495200909
14920	-96.7077037202538
14921	-96.7635374083251
14922	-96.8178394046612
14923	-96.8707800422571
14924	-96.9237856717657
14925	-96.9785225296121
14926	-97.0345399653283
14927	-97.0920004906702
14928	-97.1518818605528
14929	-97.2145404863341
14930	-97.2810153190113
14931	-97.3535063769827
14932	-97.4341243209104
14933	-97.5245633420923
14934	-97.6268926442983
14935	-97.7426283425085
14936	-97.8721385587911
14937	-98.0149172815369
14938	-98.1698359375616
14939	-98.3359142111056
14940	-98.5124832945274
14941	-98.6981948131714
14942	-98.8920184920085
14943	-99.0931696449626
14944	-99.299799521899
14945	-99.5116364772446
14946	-99.7278620339864
14947	-99.946546594548
14948	-100.167064817163
14949	-100.388596120114
14950	-100.610231653461
14951	-100.830721103212
14952	-101.048583170518
14953	-101.261859301532
14954	-101.468870584614
14955	-101.668670143132
14956	-101.860166985954
14957	-102.041746282389
14958	-102.210361603142
14959	-102.363213665455
14960	-102.496787075828
14961	-102.606922101888
14962	-102.692649011949
14963	-102.756900407082
14964	-102.801729605123
14965	-102.828077899142
14966	-102.837708966134
14967	-102.831968591393
14968	-102.811251012613
14969	-102.776466560358
14970	-102.729454941156
14971	-102.672338060801
14972	-102.607738919116
14973	-102.53633569112
14974	-102.45792129407
14975	-102.372577268141
14976	-102.280358342222
14977	-102.181957248709
14978	-102.078379614462
14979	-101.969811185354
14980	-101.857933920348
14981	-101.743876104982
14982	-101.626637873755
14983	-101.506752629425
14984	-101.383585096059
14985	-101.257347517639
14986	-101.12888476694
14987	-100.996794677921
14988	-100.862113028972
14989	-100.726892816672
14990	-100.591535688642
14991	-100.455601509986
14992	-100.318183262366
14993	-100.180683708858
14994	-100.04452576397
14995	-99.9113996475226
14996	-99.7818204721052
14997	-99.653769542253
14998	-99.5268444250237
14999	-99.4011934925776
15000	-99.2759203578895
15001	-99.1507150975925
15002	-99.0262136450697
15003	-98.903235710886
15004	-98.7832580137683
15005	-98.6673078069636
15006	-98.5558963959033
15007	-98.4488644728557
15008	-98.3461138713194
15009	-98.2469054900369
15010	-98.1506980775257
15011	-98.0592249449841
15012	-97.9740158777272
15013	-97.8958933423156
15014	-97.8256658533296
15015	-97.7640070768358
15016	-97.7104328949775
15017	-97.6634396648913
15018	-97.6222358407893
15019	-97.5866631817468
15020	-97.5563203500705
15021	-97.5316005746046
15022	-97.5136128549352
15023	-97.5023276792988
15024	-97.49691191215
15025	-97.4966621005966
15026	-97.5003893809047
15027	-97.5062704847312
15028	-97.5136417994355
15029	-97.5235310994001
15030	-97.5364087082769
15031	-97.5509436514391
15032	-97.5660829873604
15033	-97.5824983900938
15034	-97.6019846131343
15035	-97.6252688438269
15036	-97.6506478346596
15037	-97.6766538555353
15038	-97.7019196309302
15039	-97.7249130646973
15040	-97.7460552770714
15041	-97.7658545045922
15042	-97.7849601926113
15043	-97.8026752494284
15044	-97.8174202551612
15045	-97.8282220454438
15046	-97.8345911843685
15047	-97.8367824677476
15048	-97.8331735413428
15049	-97.8215736412062
15050	-97.802514912713
15051	-97.7767931613113
15052	-97.74407442474
15053	-97.7060866440148
15054	-97.6667411411048
15055	-97.6292109194575
15056	-97.5941097998006
15057	-97.5617613692449
15058	-97.533208747626
15059	-97.5080491466386
15060	-97.4845781475457
15061	-97.4614817359184
15062	-97.4386968580705
15063	-97.4174909354928
15064	-97.3987860390907
15065	-97.3837313657724
15066	-97.3718952178401
15067	-97.3620593464253
15068	-97.3535642995184
15069	-97.3458280624338
15070	-97.3387614070263
15071	-97.3323329815791
15072	-97.3255217377914
15073	-97.3158863114672
15074	-97.3025552460323
15075	-97.2857225976882
15076	-97.2647082375119
15077	-97.2415672563375
15078	-97.2206964602272
15079	-97.2025811730939
15080	-97.1844997122562
15081	-97.1636589705472
15082	-97.1416192800857
15083	-97.120042250399
15084	-97.0970473569433
15085	-97.0735801278641
15086	-97.0506820039701
15087	-97.0283773052861
15088	-97.006968216464
15089	-96.985585946409
15090	-96.9649762880668
15091	-96.9452150233411
15092	-96.9242051032156
15093	-96.9008210688137
15094	-96.8769444514326
15095	-96.8567565217455
15096	-96.8411828769301
15097	-96.8287358384591
15098	-96.8187761413722
15099	-96.8115896410829
15100	-96.8077479942472
15101	-96.8073587205579
15102	-96.8106500324656
15103	-96.8168057475816
15104	-96.8231827176076
15105	-96.8280887059558
15106	-96.8334610259055
15107	-96.842225521304
15108	-96.855377383944
15109	-96.8722425275758
15110	-96.8893542285529
15111	-96.9031871938946
15112	-96.9145138824453
15113	-96.9265871758896
15114	-96.9417127562872
15115	-96.9597761254621
15116	-96.9796864161048
15117	-96.9996475292975
15118	-97.0192277811537
15119	-97.0397725682258
15120	-97.0613286140058
15121	-97.0836261572149
15122	-97.106336000433
15123	-97.1280120446439
15124	-97.1462317816678
15125	-97.1613948090146
15126	-97.1757240951517
15127	-97.1900736667145
15128	-97.2044072795417
15129	-97.2170110940022
15130	-97.2266095675045
15131	-97.2342729467327
15132	-97.2418993165712
15133	-97.251288792209
15134	-97.2622989570911
15135	-97.2721903683983
15136	-97.2790018559637
15137	-97.2834372015016
15138	-97.287099584732
15139	-97.2919817554986
15140	-97.2991600906838
15141	-97.3069132511837
15142	-97.3134478872039
15143	-97.319242656248
15144	-97.3263693204682
15145	-97.3356086268698
15146	-97.3452904815553
15147	-97.3546078642736
15148	-97.3644066134798
15149	-97.3745806630725
15150	-97.3843177596842
15151	-97.39427315953
15152	-97.4057580221243
15153	-97.4178968673516
15154	-97.4281429254184
15155	-97.4357126125857
15156	-97.4415642499058
15157	-97.4469761396841
15158	-97.4531752764027
15159	-97.4598750144323
15160	-97.4654718578115
15161	-97.4698489145765
15162	-97.4735525250779
15163	-97.4784246536191
15164	-97.4845507062252
15165	-97.4893818778993
15166	-97.4901018518519
15167	-97.486241512118
15168	-97.4820342060386
15169	-97.4820724726343
15170	-97.4871641671635
15171	-97.4947009137241
15172	-97.5027169639029
15173	-97.5099841517076
15174	-97.517182830557
15175	-97.5258006211339
15176	-97.5362057329227
15177	-97.5476712678886
15178	-97.557911036616
15179	-97.5659830505748
15180	-97.5734520090149
15181	-97.5829276544415
15182	-97.5961497007656
15183	-97.6125508245898
15184	-97.6291849419459
15185	-97.642519181598
15186	-97.651402232419
15187	-97.6569839397286
15188	-97.6607014506921
15189	-97.6630634388481
15190	-97.6634714260646
15191	-97.6618330703488
15192	-97.6580739808606
15193	-97.6520598161321
15194	-97.6441164235004
15195	-97.6345884099056
15196	-97.6250016728942
15197	-97.6167087391191
15198	-97.6104191318259
15199	-97.6057454040183
15200	-97.6008407396552
15201	-97.5961874851771
15202	-97.5934090933599
15203	-97.5939847571252
15204	-97.5972523887299
15205	-97.6022004420279
15206	-97.6089835499096
15207	-97.6175870473138
15208	-97.6292488906889
15209	-97.6445572495619
15210	-97.6631207135434
15211	-97.6840623307607
15212	-97.7076418694816
15213	-97.735587689785
15214	-97.7687909418689
15215	-97.8057983730582
15216	-97.8443272921501
15217	-97.8830712285334
15218	-97.9223468618592
15219	-97.9622433658885
15220	-98.0020150134776
15221	-98.0402414323894
15222	-98.0767554327743
15223	-98.1106516399256
15224	-98.1389234227504
15225	-98.1610786867135
15226	-98.1776104562159
15227	-98.1897470733518
15228	-98.2010171185802
15229	-98.2148181678367
15230	-98.2321723407668
15231	-98.2528453145619
15232	-98.2759980128683
15233	-98.3019103398363
15234	-98.3312459098452
15235	-98.3638910871036
15236	-98.4001234582077
15237	-98.4394387379238
15238	-98.480201065387
15239	-98.5208234434921
15240	-98.5598610274417
15241	-98.5954207600877
15242	-98.6257742346388
15243	-98.649216129542
15244	-98.6650280064289
15245	-98.671994184402
15246	-98.668929187597
15247	-98.6552985164689
15248	-98.6296833966053
15249	-98.5919721787129
15250	-98.5439784281636
15251	-98.4863640967928
15252	-98.4190084385591
15253	-98.3425332025653
15254	-98.257419511703
15255	-98.163841949587
15256	-98.0630785327655
15257	-97.9567684917331
15258	-97.8450183779954
15259	-97.7283203910673
15260	-97.6084706625024
15261	-97.4865194790666
15262	-97.3625358091745
15263	-97.237818608448
15264	-97.1141988358216
15265	-96.9915749960633
15266	-96.8699942447929
15267	-96.751760056495
15268	-96.6378095567508
15269	-96.5296349293171
15270	-96.4302560741535
15271	-96.3435757796865
15272	-96.2744397957407
15273	-96.2246634823529
15274	-96.1932477663911
15275	-96.1813178868376
15276	-96.1904315430275
15277	-96.2211230916863
15278	-96.2726921397558
15279	-96.3430147653684
15280	-96.4298849552229
15281	-96.532891409722
15282	-96.6508867432003
15283	-96.7814990429536
15284	-96.9241319991328
15285	-97.0774218620317
15286	-97.2401576289987
15287	-97.4115218432725
15288	-97.5906845438231
15289	-97.7768723730788
15290	-97.9696247345443
15291	-98.1673200050704
15292	-98.3670164928753
15293	-98.5672960975059
15294	-98.7683319833577
15295	-98.9692363247873
15296	-99.1690730135326
15297	-99.3669024479995
15298	-99.5606542376236
15299	-99.7497299670538
15300	-99.9333468606784
15301	-100.11085376846
15302	-100.281846197939
15303	-100.446013216433
15304	-100.602453913606
15305	-100.75038061856
15306	-100.891225531115
15307	-101.025792048587
15308	-101.154905579507
15309	-101.277518829746
15310	-101.393413941638
15311	-101.503593249809
15312	-101.607691494896
15313	-101.706477296367
15314	-101.800609343707
15315	-101.889393017331
15316	-101.971953100982
15317	-102.047563541876
15318	-102.116036007406
15319	-102.177897299547
15320	-102.234585098401
15321	-102.28736265823
15322	-102.336123570945
15323	-102.380724875733
15324	-102.419687378365
15325	-102.452834947669
15326	-102.48186438342
15327	-102.506516487203
15328	-102.525986395579
15329	-102.54085896514
15330	-102.552024144435
15331	-102.560115324111
15332	-102.565296768867
15333	-102.566194175553
15334	-102.56181259202
15335	-102.552701762533
15336	-102.539740958688
15337	-102.522906484505
15338	-102.502174902883
15339	-102.477517487542
15340	-102.448728840225
15341	-102.416806717722
15342	-102.382662228663
15343	-102.346493579123
15344	-102.308353465307
15345	-102.268874666491
15346	-102.22861910807
15347	-102.187929235171
15348	-102.146963350529
15349	-102.105562867938
15350	-102.063137012225
15351	-102.018329491811
15352	-101.969637632426
15353	-101.916824795617
15354	-101.860093187738
15355	-101.799915508237
15356	-101.736047255129
15357	-101.668408651093
15358	-101.597120080106
15359	-101.521120220308
15360	-101.440404436089
15361	-101.356072976068
15362	-101.269761895822
15363	-101.182751597168
15364	-101.097427392678
15365	-101.016899292784
15366	-100.942587624243
15367	-100.874061789294
15368	-100.810958784462
15369	-100.753055073739
15370	-100.698699501806
15371	-100.646220267373
15372	-100.594662934862
15373	-100.544242738621
15374	-100.495354135135
15375	-100.449699104974
15376	-100.408990721794
15377	-100.372970139319
15378	-100.341394174485
15379	-100.314990744883
15380	-100.294096628921
15381	-100.277842297805
15382	-100.266182225856
15383	-100.258410323033
15384	-100.25393860094
15385	-100.253340296199
15386	-100.255818519318
15387	-100.260635405668
15388	-100.26840182571
15389	-100.278436290886
15390	-100.290572911554
15391	-100.306299893259
15392	-100.325594827193
15393	-100.346200470483
15394	-100.366612741634
15395	-100.387629380487
15396	-100.409749111352
15397	-100.433523063125
15398	-100.459842606414
15399	-100.486887040529
15400	-100.512948615299
15401	-100.537609598817
15402	-100.560800181761
15403	-100.583970145234
15404	-100.607731648598
15405	-100.63082101197
15406	-100.651558617954
15407	-100.670047416386
15408	-100.687362809228
15409	-100.704843786302
15410	-100.723903720617
15411	-100.744375942734
15412	-100.767175853184
15413	-100.794110941383
15414	-100.826179759239
15415	-100.863891274348
15416	-100.907435683241
15417	-100.957476706907
15418	-101.014056836389
15419	-101.077149334391
15420	-101.147305872824
15421	-101.223578539723
15422	-101.303586486331
15423	-101.386541049688
15424	-101.471961945536
15425	-101.558580172564
15426	-101.646554837408
15427	-101.73614937005
15428	-101.825702510393
15429	-101.91314754378
15430	-101.998223417474
15431	-102.081657432073
15432	-102.163802053192
15433	-102.243856412352
15434	-102.320991127792
15435	-102.394867759664
15436	-102.465026854587
15437	-102.531557257269
15438	-102.593546400651
15439	-102.650768782584
15440	-102.704591333546
15441	-102.754944460001
15442	-102.802240162632
15443	-102.847813242644
15444	-102.89144974519
15445	-102.932768878743
15446	-102.971656167701
15447	-103.007709512219
15448	-103.040862932083
15449	-103.070471974059
15450	-103.095642229976
15451	-103.117503783957
15452	-103.137693485399
15453	-103.155820741121
15454	-103.17127466796
15455	-103.18467585123
15456	-103.196393894913
15457	-103.206280296343
15458	-103.213027889902
15459	-103.215694659825
15460	-103.214024787755
15461	-103.207319070607
15462	-103.193895275775
15463	-103.17233861704
15464	-103.142675080216
15465	-103.104922227269
15466	-103.059407511614
15467	-103.006173997383
15468	-102.944459471793
15469	-102.873051837787
15470	-102.791861588038
15471	-102.701154455874
15472	-102.602346542652
15473	-102.497190812344
15474	-102.385966069536
15475	-102.267771103382
15476	-102.141212297074
15477	-102.006335936982
15478	-101.863711057309
15479	-101.71307087838
15480	-101.55528231697
15481	-101.391949251974
15482	-101.224697779301
15483	-101.055232522292
15484	-100.883686417315
15485	-100.710005857068
15486	-100.535367563269
15487	-100.361453908771
15488	-100.189854919689
15489	-100.020669492977
15490	-99.8528120167743
15491	-99.6858290551118
15492	-99.5208284910054
15493	-99.3590460924894
15494	-99.2011285114027
15495	-99.0470513806377
15496	-98.8976895581705
15497	-98.7536572517936
15498	-98.6141109280971
15499	-98.4792857608456
15500	-98.3484792316743
15501	-98.2220789649332
15502	-98.10183029155
15503	-97.9879925770995
15504	-97.879928044637
15505	-97.7764569001194
15506	-97.6770164630825
15507	-97.5809788712435
15508	-97.4883391675471
15509	-97.4002664039692
15510	-97.3175756736772
15511	-97.2402385511335
15512	-97.1680102815086
15513	-97.0999919968863
15514	-97.0347604377301
15515	-96.9714982147726
15516	-96.9108017641058
15517	-96.8541580475119
15518	-96.8012777872722
15519	-96.751547085447
15520	-96.7049597042294
15521	-96.6618885764171
15522	-96.6242829281494
15523	-96.5939087217895
15524	-96.5704434544233
15525	-96.5549782243201
15526	-96.548657279998
15527	-96.5496159661083
15528	-96.5548132637976
15529	-96.5615302444244
15530	-96.5690184225987
15531	-96.5766099873852
15532	-96.5830081992092
15533	-96.5862102017853
15534	-96.5849010907839
15535	-96.5790395552639
15536	-96.5683700837444
15537	-96.5534195335925
15538	-96.5340203228756
15539	-96.5097144979907
15540	-96.4820530634746
15541	-96.4537324227568
15542	-96.4265574517266
15543	-96.3998941890316
15544	-96.3738740943548
15545	-96.3479294795048
15546	-96.3206317598435
15547	-96.2920153365833
15548	-96.2622082707069
15549	-96.2312944056507
15550	-96.1997042994224
15551	-96.1682535680707
15552	-96.1377239387238
15553	-96.1089432368693
15554	-96.0816582525419
15555	-96.0558926054447
15556	-96.0326446251806
15557	-96.0120412023821
15558	-95.9943949009717
15559	-95.9801068561164
15560	-95.96858041317
15561	-95.95808904795
15562	-95.9475043108294
15563	-95.9370523801412
15564	-95.9270509433574
15565	-95.9176618103617
15566	-95.9095285179641
15567	-95.9030329682575
15568	-95.8982580310602
15569	-95.8963071095614
15570	-95.8971458864646
15571	-95.8997518336912
15572	-95.9039289473371
15573	-95.909561556767
15574	-95.9175147296172
15575	-95.9294917977869
15576	-95.9450865752174
15577	-95.9637722054044
15578	-95.985019901679
15579	-96.0065487760504
15580	-96.0273479545631
15581	-96.0484980445076
15582	-96.0709859912594
15583	-96.0940550851707
15584	-96.1157958708615
15585	-96.1367340193462
15586	-96.159902862372
15587	-96.1882376751864
15588	-96.2234762114184
15589	-96.2664865119308
15590	-96.3187744528292
15591	-96.3814548741554
15592	-96.4560039758327
15593	-96.5431841806613
15594	-96.6444461429608
15595	-96.7611652306133
15596	-96.8935405784731
15597	-97.042832776732
15598	-97.2087798917517
15599	-97.3898234984537
15600	-97.58319383828
15601	-97.7862778039944
15602	-97.9979657831395
15603	-98.217130139444
15604	-98.4422676954471
15605	-98.6719987115663
15606	-98.9056095418811
15607	-99.1425206443254
15608	-99.3813704196271
15609	-99.6206522122606
15610	-99.8590847943413
15611	-100.094882619137
15612	-100.327134792635
15613	-100.554903234508
15614	-100.776811433185
15615	-100.991862673669
15616	-101.199374791593
15617	-101.398972806295
15618	-101.590668980221
15619	-101.774607018519
15620	-101.949837212458
15621	-102.115497449768
15622	-102.272041410507
15623	-102.419100182313
15624	-102.556776373721
15625	-102.685809598941
15626	-102.806315889794
15627	-102.919035337527
15628	-103.023869432423
15629	-103.121432039173
15630	-103.213202011578
15631	-103.299710421616
15632	-103.381699369633
15633	-103.458844450818
15634	-103.531168877673
15635	-103.59871280377
15636	-103.661024549064
15637	-103.71864507716
15638	-103.771509551937
15639	-103.819882881947
15640	-103.865227314652
15641	-103.908049476069
15642	-103.947330631829
15643	-103.980730468649
15644	-104.005743346949
15645	-104.022837483965
15646	-104.034265756111
15647	-104.041366142616
15648	-104.045212410329
15649	-104.047529175559
15650	-104.049928372818
15651	-104.053240884082
15652	-104.057429046767
15653	-104.062580470888
15654	-104.068791075352
15655	-104.07702627941
15656	-104.088369325028
15657	-104.102114833358
15658	-104.117829757422
15659	-104.135640491084
15660	-104.156124835034
15661	-104.178819834781
15662	-104.202670419735
15663	-104.227066031885
15664	-104.251923094499
15665	-104.277302769466
15666	-104.302737118352
15667	-104.328562134513
15668	-104.354463833428
15669	-104.378916234152
15670	-104.40206033098
15671	-104.424385457777
15672	-104.445375244997
15673	-104.464918615078
15674	-104.482005324096
15675	-104.495628601383
15676	-104.506289132918
15677	-104.515175882625
15678	-104.523290796227
15679	-104.530810584903
15680	-104.537606461893
15681	-104.543553952163
15682	-104.54850776965
15683	-104.552813490912
15684	-104.555787018122
15685	-104.557096857921
15686	-104.556416675724
15687	-104.552744670918
15688	-104.546140247017
15689	-104.537657297058
15690	-104.527796245219
15691	-104.514995975152
15692	-104.498729328738
15693	-104.478008194259
15694	-104.451933770068
15695	-104.420495256882
15696	-104.380911840004
15697	-104.330852851857
15698	-104.269458959945
15699	-104.194620641591
15700	-104.10382881927
15701	-103.995616373662
15702	-103.869482808946
15703	-103.72501911778
15704	-103.561792997278
15705	-103.379342249088
15706	-103.17842604219
15707	-102.960964871293
15708	-102.727581438182
15709	-102.47862169957
15710	-102.21591201431
15711	-101.941488804975
15712	-101.656565666436
15713	-101.363166121836
15714	-101.064002705541
15715	-100.76044402852
15716	-100.453439397363
15717	-100.144638224889
15718	-99.8352815361859
15719	-99.5249375543839
15720	-99.2151229140441
15721	-98.9092897741686
15722	-98.6093430606692
15723	-98.3168019566141
15724	-98.0326251148161
15725	-97.757100712472
15726	-97.4908106793513
15727	-97.2351084674037
15728	-96.9909214320222
15729	-96.7578887782115
15730	-96.5356834655129
15731	-96.324078347986
15732	-96.1225645497369
15733	-95.9313304816325
15734	-95.7507050663904
15735	-95.5793477958537
15736	-95.4156161632837
15737	-95.2600486030257
15738	-95.1131318758462
15739	-94.974312934339
15740	-94.8437009669775
15741	-94.7210827079574
15742	-94.6060849688881
15743	-94.4978833278496
15744	-94.3966006017579
15745	-94.3023536330969
15746	-94.2149371612266
15747	-94.1347594353814
15748	-94.0627800490688
15749	-93.9984702784549
15750	-93.9395595161762
15751	-93.8853247564143
15752	-93.834932826265
15753	-93.7898383184864
15754	-93.7539939136483
15755	-93.7316748217508
15756	-93.7258566347
15757	-93.7374951891373
15758	-93.7663339376114
15759	-93.8108539545761
15760	-93.8691640459618
15761	-93.9399369789599
15762	-94.0223187062483
15763	-94.115485562211
15764	-94.2179544376514
15765	-94.3281681330831
15766	-94.4455126834213
15767	-94.5689997656579
15768	-94.6974215876187
15769	-94.8300216198592
15770	-94.9660582825637
15771	-95.1047128226438
15772	-95.2451710661664
15773	-95.3869982125364
15774	-95.5298925699813
15775	-95.6741610837444
15776	-95.8195081979724
15777	-95.9650401021705
15778	-96.1105712239913
15779	-96.2563145808383
15780	-96.4026479697768
15781	-96.5482340075046
15782	-96.6921884448977
15783	-96.8355503844769
15784	-96.9787642145317
15785	-97.1217958210839
15786	-97.2658445549928
15787	-97.4112261420058
15788	-97.5561255029075
15789	-97.6995719706622
15790	-97.8419799089529
15791	-97.9836980883852
15792	-98.1243164099887
15793	-98.2641351456995
15794	-98.4036186456134
15795	-98.5415447544898
15796	-98.6768801760508
15797	-98.8099090645427
15798	-98.9405392647793
15799	-99.0683461927577
15800	-99.1934450055857
15801	-99.3159862091702
15802	-99.4354131258822
15803	-99.551243274526
15804	-99.6631797134105
15805	-99.7708458537326
15806	-99.8744259431015
15807	-99.9740370672122
15808	-100.070768396562
15809	-100.165112624401
15810	-100.256379088466
15811	-100.344622842552
15812	-100.429398484049
15813	-100.510489364534
15814	-100.587194253231
15815	-100.658414460198
15816	-100.723269950324
15817	-100.783473862422
15818	-100.843309195377
15819	-100.907085347333
15820	-100.979727684887
15821	-101.065874236595
15822	-101.169053107167
15823	-101.291580846526
15824	-101.434104489091
15825	-101.597288777036
15826	-101.780504823439
15827	-101.982146106076
15828	-102.201743771264
15829	-102.437657873324
15830	-102.688169721216
15831	-102.951444274224
15832	-103.225264222925
15833	-103.507144691303
15834	-103.794982339534
15835	-104.08651052186
15836	-104.378909400258
15837	-104.670172445863
15838	-104.959024715701
15839	-105.243498942251
15840	-105.521112991668
15841	-105.790185589913
15842	-106.049650661975
15843	-106.299415779999
15844	-106.539815057215
15845	-106.77108637214
15846	-106.992751330507
15847	-107.204798738568
15848	-107.408019103184
15849	-107.602245757418
15850	-107.787229202502
15851	-107.962817793759
15852	-108.128466875773
15853	-108.285710255113
15854	-108.435963493142
15855	-108.579295424159
15856	-108.716075049457
15857	-108.846295595564
15858	-108.97078362804
15859	-109.090114695558
15860	-109.203855685553
15861	-109.312767805341
15862	-109.416482106637
15863	-109.514004940411
15864	-109.604805465705
15865	-109.687184347118
15866	-109.757341465169
15867	-109.811428995138
15868	-109.845922138633
15869	-109.857718896675
15870	-109.847559777296
15871	-109.816947883142
15872	-109.765874428532
15873	-109.696809801803
15874	-109.614123741751
15875	-109.520377161893
15876	-109.416482065768
15877	-109.301883317119
15878	-109.176124431744
15879	-109.039351265203
15880	-108.892020758106
15881	-108.734817502762
15882	-108.569931025056
15883	-108.400128046302
15884	-108.225662452514
15885	-108.046259836075
15886	-107.861196323643
15887	-107.670300878107
15888	-107.475394229859
15889	-107.276964905016
15890	-107.07372693639
15891	-106.865256220159
15892	-106.652964226462
15893	-106.438421070765
15894	-106.223194743373
15895	-106.008102589943
15896	-105.793290959501
15897	-105.578874225984
15898	-105.364395307306
15899	-105.149526246023
15900	-104.936076394525
15901	-104.726283569313
15902	-104.520176805548
15903	-104.318116957162
15904	-104.120962630794
15905	-103.931129130186
15906	-103.750554946101
15907	-103.577340409289
15908	-103.409090140464
15909	-103.244605175131
15910	-103.082854153043
15911	-102.923894464388
15912	-102.768297350667
15913	-102.617887074011
15914	-102.474127274569
15915	-102.334890524832
15916	-102.200500305369
15917	-102.071102257262
15918	-101.944514586776
15919	-101.820410231757
15920	-101.699598352015
15921	-101.581356021173
15922	-101.465213489162
15923	-101.351683791681
15924	-101.242063131281
15925	-101.136969076951
15926	-101.035652328976
15927	-100.937818647695
15928	-100.843440133593
15929	-100.75266624731
15930	-100.66658548803
15931	-100.586018172693
15932	-100.510110024432
15933	-100.439461255776
15934	-100.375366582877
15935	-100.317919344697
15936	-100.267554599153
15937	-100.223502709938
15938	-100.18418835515
15939	-100.149217459952
15940	-100.118735738096
15941	-100.092410182092
15942	-100.068989715734
15943	-100.047628734973
15944	-100.028141998982
15945	-100.009800224155
15946	-99.9919643359346
15947	-99.9749008165391
15948	-99.9588484463136
15949	-99.9441661796195
15950	-99.9305983693535
15951	-99.9176678559085
15952	-99.9052100020799
15953	-99.8930033126211
15954	-99.8813169242566
15955	-99.8704371024797
15956	-99.8615109441687
15957	-99.8548374510984
15958	-99.8487068751264
15959	-99.8414803601396
15960	-99.8335399388234
15961	-99.8257286718799
15962	-99.8175043203296
15963	-99.8083762396285
15964	-99.7974585125497
15965	-99.7852377687542
15966	-99.7737340534251
15967	-99.7637911199534
15968	-99.7548678703461
15969	-99.7468480454196
15970	-99.7403124453096
15971	-99.7342650291659
15972	-99.7280613760777
15973	-99.7220411365116
15974	-99.7164582676904
15975	-99.7107282335133
15976	-99.7055527137727
15977	-99.7036317706337
15978	-99.7052890385741
15979	-99.7087276281917
15980	-99.7128131438006
15981	-99.7165758683642
15982	-99.71987373145
15983	-99.7229055180322
15984	-99.7256296700201
15985	-99.7269427490232
15986	-99.725862020348
15987	-99.7223848077165
15988	-99.7172577690376
15989	-99.7111528838105
15990	-99.7040372385807
15991	-99.696316808551
15992	-99.68872798494
15993	-99.6814010457237
15994	-99.6737381273546
15995	-99.666984852958
15996	-99.663436404713
15997	-99.6632944748752
15998	-99.6643433211032
15999	-99.6643242407974
16000	-99.6618088112581
16001	-99.6578915796437
16002	-99.6559441430334
16003	-99.6564254090954
16004	-99.6561227666089
16005	-99.6520360038211
16006	-99.6424527352268
16007	-99.6278966495362
16008	-99.6096255510859
16009	-99.5875360057478
16010	-99.5610661208293
16011	-99.5307318490169
16012	-99.4960389117867
16013	-99.4543232750728
16014	-99.4031955420943
16015	-99.3406763738737
16016	-99.2666092846794
16017	-99.1827742446922
16018	-99.0908502644207
16019	-98.9922197153254
16020	-98.8855328144375
16021	-98.7686995208004
16022	-98.6429526332816
16023	-98.5116717992958
16024	-98.3770243590555
16025	-98.2359054196401
16026	-98.085031055224
16027	-97.9252731765753
16028	-97.7564490477041
16029	-97.5777959388719
16030	-97.3898278516572
16031	-97.1918928221428
16032	-96.9843222308116
16033	-96.7681993917968
16034	-96.5445803853324
16035	-96.3144059253778
16036	-96.0788521799504
16037	-95.8397254092215
16038	-95.5980091880147
16039	-95.3543972274499
16040	-95.1098715601317
16041	-94.8652713912917
16042	-94.6200629279111
16043	-94.3736157676612
16044	-94.1265319807536
16045	-93.8801384300693
16046	-93.6345547903386
16047	-93.3900028979215
16048	-93.1475183072006
16049	-92.9073681306385
16050	-92.6696539298064
16051	-92.4336385299588
16052	-92.1998639511205
16053	-91.9696414064382
16054	-91.7456668873029
16055	-91.5303157242647
16056	-91.3258151557769
16057	-91.1305809010899
16058	-90.9427896559555
16059	-90.7671802605982
16060	-90.6044201901598
16061	-90.4495364034922
16062	-90.2999010378608
16063	-90.1531494682607
16064	-90.003579834489
16065	-89.847421287044
16066	-89.6857764309396
16067	-89.5241556005648
16068	-89.3655318603442
16069	-89.2066129059148
16070	-89.042765170171
16071	-88.8726252481899
16072	-88.7008721256525
16073	-88.5326919392861
16074	-88.3684045960355
16075	-88.2072273410274
16076	-88.0461963312382
16077	-87.8806296819292
16078	-87.7107508867005
16079	-87.5418390857129
16080	-87.3769981022185
16081	-87.2141012758117
16082	-87.0507155730203
16083	-86.8849854069802
16084	-86.716568714707
16085	-86.5486308641825
16086	-86.3821480888864
16087	-86.2143762952933
16088	-86.0431406336254
16089	-85.8690414769141
16090	-85.6941294242816
16091	-85.5189523204337
16092	-85.3423388738601
16093	-85.1642231765633
16094	-84.9842821909899
16095	-84.8013113254971
16096	-84.617128676274
16097	-84.4334994200857
16098	-84.2510193166526
16099	-84.0693815953702
16100	-83.8862429277832
16101	-83.7010833893224
16102	-83.5138432051507
16103	-83.3257922707433
16104	-83.1368261667197
16105	-82.9460114604403
16106	-82.7544261977642
16107	-82.5636534940351
16108	-82.3770143135096
16109	-82.1946093268432
16110	-82.0144053574728
16111	-81.8346784399266
16112	-81.6551191771434
16113	-81.4772986665861
16114	-81.3005878571508
16115	-81.1217296825181
16116	-80.9377935737643
16117	-80.7480728473756
16118	-80.5547917574079
16119	-80.360750988805
16120	-80.165496292883
16121	-79.9672824549052
16122	-79.7666614265454
16123	-79.5649901345536
16124	-79.3608318995155
16125	-79.1525965852253
16126	-78.9411031194909
16127	-78.7270630313087
16128	-78.5102603488053
16129	-78.2916125551091
16130	-78.0729440101732
16131	-77.8553765698637
16132	-77.6396894609211
16133	-77.4264650156625
16134	-77.2157206935825
16135	-77.0073721801996
16136	-76.7997979226542
16137	-76.5916587449871
16138	-76.3827261068044
16139	-76.1724165226245
16140	-75.9607741140437
16141	-75.749407490783
16142	-75.5402516023177
16143	-75.3346325226131
16144	-75.1317477098719
16145	-74.933794983742
16146	-74.740948230974
16147	-74.5496267278881
16148	-74.3601295255753
16149	-74.1735248947163
16150	-73.9911728078301
16151	-73.8119376197739
16152	-73.6345807537882
16153	-73.4613046901021
16154	-73.2903633833536
16155	-73.119705422851
16156	-72.948803340242
16157	-72.7784929817834
16158	-72.6099057123595
16159	-72.443875209258
16160	-72.2821444808598
16161	-72.1249523147229
16162	-71.9731077128016
16163	-71.8269738701134
16164	-71.6863720617076
16165	-71.5519619586419
16166	-71.4233053588628
16167	-71.2977507612377
16168	-71.1741137737049
16169	-71.0523469363722
16170	-70.9330230860667
16171	-70.8167046174911
16172	-70.7011269835075
16173	-70.5808660613373
16174	-70.4510565489943
16175	-70.3132568076643
16176	-70.175614142024
16177	-70.0468698503606
16178	-69.9327858563949
16179	-69.8371674329635
16180	-69.7625053070622
16181	-69.7099450011669
16182	-69.6780694292546
16183	-69.6646467627773
16184	-69.6676336759465
16185	-69.6839531033047
16186	-69.7139925058785
16187	-69.7582487832266
16188	-69.8145884596989
16189	-69.8804289331086
16190	-69.9529576787147
16191	-70.0304764838188
16192	-70.1112546188071
16193	-70.192634711821
16194	-70.2726420234071
16195	-70.3487743702675
16196	-70.4194097883539
16197	-70.4840966262679
16198	-70.5428222210276
16199	-70.5956975831447
16200	-70.6403274220829
16201	-70.6742104549964
16202	-70.6964191331275
16203	-70.7065051008362
16204	-70.7049197469388
16205	-70.6932740361629
16206	-70.6709806429719
16207	-70.6370270297156
16208	-70.5905643895344
16209	-70.5296550338928
16210	-70.4506956080648
16211	-70.3507649591613
16212	-70.2239101063682
16213	-70.063801038818
16214	-69.8692176816579
16215	-69.644246941763
16216	-69.4008766588587
16217	-69.1512566667618
16218	-68.9057255990042
16219	-68.6726090383241
16220	-68.4566403290454
16221	-68.2608602486122
16222	-68.0861847149156
16223	-67.9307157950453
16224	-67.7931274780205
16225	-67.6746762676442
16226	-67.5748323731038
16227	-67.4896562195702
16228	-67.4143916009681
16229	-67.3470939425735
16230	-67.2866258667291
16231	-67.2324643159335
16232	-67.1829032567116
16233	-67.1348679868052
16234	-67.0872346416086
16235	-67.0384560800871
16236	-66.9869274936373
16237	-66.9313296617352
16238	-66.8704930624996
16239	-66.8045174796729
16240	-66.7327723763236
16241	-66.654079947612
16242	-66.5691936311418
16243	-66.4795366333722
16244	-66.385844531503
16245	-66.2866350470748
16246	-66.1813045439873
16247	-66.0724012557333
16248	-65.9594068366886
16249	-65.8376792379293
16250	-65.6997132635609
16251	-65.5349059728532
16252	-65.3380269616717
16253	-65.114317060536
16254	-64.8761422794814
16255	-64.636212810905
16256	-64.405168353682
16257	-64.1906755978464
16258	-63.9954440279666
16259	-63.8195470063367
16260	-63.6634319827677
16261	-63.5292364563351
16262	-63.415786977099
16263	-63.3175648978575
16264	-63.2301071114219
16265	-63.1524639282759
16266	-63.0833622030648
16267	-63.0197717550993
16268	-62.9591984472128
16269	-62.9004083236309
16270	-62.8417614059837
16271	-62.7819060463538
16272	-62.7185466163589
16273	-62.6492773264377
16274	-62.5718256924849
16275	-62.4854510414373
16276	-62.3913542629355
16277	-62.2885580848045
16278	-62.1762200679574
16279	-62.0545215066385
16280	-61.9225233885637
16281	-61.7812552317094
16282	-61.6313475456188
16283	-61.4731852589361
16284	-61.3072785725096
16285	-61.1326964126846
16286	-60.9511741320957
16287	-60.7639467581207
16288	-60.5717200730956
16289	-60.3760956006441
16290	-60.1764747199396
16291	-59.9720955127748
16292	-59.7625677960664
16293	-59.5431919459217
16294	-59.309472259489
16295	-59.0577660052117
16296	-58.7796517411611
16297	-58.4691928034268
16298	-58.136432716768
16299	-57.7999480359853
16300	-57.4737512023804
16301	-57.1690564145973
16302	-56.8933936911444
16303	-56.6511419684764
16304	-56.4444158451106
16305	-56.2735836705277
16306	-56.1324925961735
16307	-56.0098963560634
16308	-55.9020833571487
16309	-55.8128590248189
16310	-55.7443781955817
16311	-55.6915524776286
16312	-55.6377971786793
16313	-55.5611334097491
16314	-55.4463160230977
16315	-55.2891832813622
16316	-55.0981047953756
16317	-54.8850971153931
16318	-54.6491679203611
16319	-54.3862789554438
16320	-54.1043407329841
16321	-53.8186932834869
16322	-53.535687494673
16323	-53.2473739901073
16324	-52.9452524477869
16325	-52.6314910029299
16326	-52.3063824227068
16327	-51.9726976299977
16328	-51.6379964064408
16329	-51.3089138152381
16330	-50.9890499375522
16331	-50.6814973527393
16332	-50.3932092969299
16333	-50.1266440227164
16334	-49.8796911863041
16335	-49.6488947650219
16336	-49.4304998378104
16337	-49.2230752155361
16338	-49.0262346560386
16339	-48.8392270690758
16340	-48.6607595032695
16341	-48.4863629153104
16342	-48.3108567610418
16343	-48.1279910914688
16344	-47.926748933961
16345	-47.7001551823185
16346	-47.4398976643208
16347	-47.1443288917204
16348	-46.8231788306748
16349	-46.494588168303
16350	-46.1767852369534
16351	-45.8785857114705
16352	-45.6068423157368
16353	-45.3686742636933
16354	-45.1677575327411
16355	-44.9898675526744
16356	-44.8074331913898
16357	-44.6069315539845
16358	-44.3966724274995
16359	-44.1917834098741
16360	-44.0038906011972
16361	-43.8395069921348
16362	-43.6978791165837
16363	-43.5728546779566
16364	-43.4590616418555
16365	-43.3551591508327
16366	-43.257201204777
16367	-43.1541871736866
16368	-43.035409401988
16369	-42.8973431577667
16370	-42.7454538522812
16371	-42.5907807110638
16372	-42.4374124546366
16373	-42.2801683348977
16374	-42.115344361993
16375	-41.9450989963491
16376	-41.7705649745551
16377	-41.5812365046422
16378	-41.3681488090982
16379	-41.1374586912186
16380	-40.9019054250965
16381	-40.6680329885673
16382	-40.4275900469866
16383	-40.1698800529797
16384	-39.8889416424578
16385	-39.5887599160939
16386	-39.2835944495259
16387	-38.9864907757741
16388	-38.6924994329718
16389	-38.3921221430577
16390	-38.08984323487
16391	-37.790071197405
16392	-37.4879766462376
16393	-37.1784496530181
16394	-36.8631744961833
16395	-36.5422344598151
16396	-36.2194356247234
16397	-35.9015872778033
16398	-35.5846889565873
16399	-35.2699727595499
16400	-34.9602458841073
16401	-34.6599874884379
16402	-34.3804664624541
16403	-34.1252390793278
16404	-33.8955622333559
16405	-33.6902614389339
16406	-33.5029386592446
16407	-33.3299436627671
16408	-33.1684209904282
16409	-33.0136063972542
16410	-32.8625517681371
16411	-32.7118343497276
16412	-32.5572114548746
16413	-32.392102232885
16414	-32.2066543900868
16415	-31.9918676891741
16416	-31.7418723910224
16417	-31.453417678598
16418	-31.1391791668101
16419	-30.8213879945803
16420	-30.518885466257
16421	-30.2495809125445
16422	-30.0272960549307
16423	-29.8494442517985
16424	-29.687090803616
16425	-29.507378666579
16426	-29.3060153584067
16427	-29.1035707476775
16428	-28.9059132467088
16429	-28.6881960685085
16430	-28.4347178988484
16431	-28.1480318525742
16432	-27.8428571149796
16433	-27.5343584563478
16434	-27.2158589734309
16435	-26.8813945116129
16436	-26.5412964302938
16437	-26.2045058049921
16438	-25.8796701461411
16439	-25.570094771653
16440	-25.2683141290103
16441	-24.9688309468498
16442	-24.6768762048068
16443	-24.4033595282407
16444	-24.1503257283729
16445	-23.9061023976744
16446	-23.6521463399652
16447	-23.3826544882187
16448	-23.1059057194466
16449	-22.8346528691189
16450	-22.5696880726206
16451	-22.3013701597772
16452	-22.0208211433159
16453	-21.7206789147939
16454	-21.4132243747475
16455	-21.1158838607208
16456	-20.8312257273992
16457	-20.5408628202386
16458	-20.2352110868786
16459	-19.9290971532647
16460	-19.6326701870555
16461	-19.3416640888048
16462	-19.0429806553467
16463	-18.7266054929167
16464	-18.3854195225787
16465	-18.0180342757385
16466	-17.6299333261907
16467	-17.2306613948396
16468	-16.8322099936551
16469	-16.4350341594502
16470	-16.0334816743353
16471	-15.6352385206128
16472	-15.2445315235772
16473	-14.8604302456134
16474	-14.4915861558821
16475	-14.1415689420058
16476	-13.8117820369557
16477	-13.5159501220153
16478	-13.2541555810612
16479	-13.0322325484447
16480	-12.8513397383941
16481	-12.6916271651455
16482	-12.5391144472685
16483	-12.3860239933198
16484	-12.232502251367
16485	-12.079148401367
16486	-11.9208111771764
16487	-11.745978263071
16488	-11.5502023726148
16489	-11.335690833289
16490	-11.1031809830675
16491	-10.8608275072072
16492	-10.6242250741713
16493	-10.4008417614476
16494	-10.1909822676419
16495	-9.9996662007179
16496	-9.8393087042489
16497	-9.70664598859978
16498	-9.59314118841084
16499	-9.49687784374487
16500	-9.3944575460061
16501	-9.26507356841578
16502	-9.10854531048834
16503	-8.92744340747702
16504	-8.72658921235284
16505	-8.51272225068678
16506	-8.2930664409212
16507	-8.07418335917969
16508	-7.85824188850046
16509	-7.64399667809428
16510	-7.43197324420762
16511	-7.22872991205749
16512	-7.0181771735666
16513	-6.77780933129482
16514	-6.53089159919864
16515	-6.29610673058298
16516	-6.07266555952673
16517	-5.87871629159833
16518	-5.73609757084929
16519	-5.63895363872822
16520	-5.55371264747263
16521	-5.46521447624363
16522	-5.3821268022031
16523	-5.31072000140138
16524	-5.24668878630748
16525	-5.19028502886156
16526	-5.14996828208011
16527	-5.13222506607868
16528	-5.14279490461915
16529	-5.18579907777692
16530	-5.26226143655035
16531	-5.37136434680237
16532	-5.51299480728586
16533	-5.68910692176054
16534	-5.90192390510354
16535	-6.14815040284351
16536	-6.42317224647307
16537	-6.7260000229127
16538	-7.05655613078766
16539	-7.41214169189556
16540	-7.78908909386537
16541	-8.18142924231698
16542	-8.58667767878252
16543	-9.00502669492107
16544	-9.43235814409302
16545	-9.86195289157272
16546	-10.2868172093612
16547	-10.7020480652531
16548	-11.1003262318377
16549	-11.4682680316857
16550	-11.7793523856604
16551	-12.0148139514316
16552	-12.1737976713659
16553	-12.2737820956834
16554	-12.3432626441891
16555	-12.3911288242729
16556	-12.4158767189565
16557	-12.4138908161026
16558	-12.3780372533776
16559	-12.3088315808461
16560	-12.2116137737664
16561	-12.0890744648285
16562	-11.9429898513534
16563	-11.7792011716853
16564	-11.5975037834425
16565	-11.3883328740943
16566	-11.1472375675975
16567	-10.8652911447127
16568	-10.5365440219171
16569	-10.1769853902382
16570	-9.79383884449271
16571	-9.36616073373667
16572	-8.87619472642005
16573	-8.31801726268173
16574	-7.68844404614146
16575	-7.00387295920512
16576	-6.29325234717083
16577	-5.57491768787474
16578	-4.84959849776028
16579	-4.11097202573289
16580	-3.37483386210716
16581	-2.66338018044048
16582	-1.9799877383376
16583	-1.31306652430135
16584	-0.653391857696189
16585	-0.00196403678630741
16586	0.614964489599301
16587	1.17421414663819
16588	1.67902773833397
16589	2.13616066579484
16590	2.55824027146316
16591	2.96182275714035
16592	3.35794702751605
16593	3.74680192452286
16594	4.12439425696418
16595	4.49977469955597
16596	4.8791346072608
16597	5.255157474747
16598	5.61575682341592
16599	5.94725108068545
16600	6.22958129107329
16601	6.44708401222498
16602	6.60811291061848
16603	6.74518555248881
16604	6.87985144517548
16605	6.98838988750787
16606	7.03559613431033
16607	7.01601126984992
16608	6.93244802636474
16609	6.77720966936687
16610	6.53886587133482
16611	6.20985677044242
16612	5.78607749305293
16613	5.26110701001417
16614	4.63368492609414
16615	3.9092518969211
16616	3.08893724625817
16617	2.17850025298053
16618	1.18862782795097
16619	0.132747417841728
16620	-0.971588916264519
16621	-2.10614623870713
16622	-3.25081678667928
16623	-4.38075104275216
16624	-5.47444194716918
16625	-6.51752356896765
16626	-7.49936449718378
16627	-8.41412000372537
16628	-9.25654348867307
16629	-10.0220827680159
16630	-10.7164227016301
16631	-11.3450202070741
16632	-11.9082948596132
16633	-12.4148670283405
16634	-12.8804614706677
16635	-13.3074901117874
16636	-13.6769826512654
16637	-13.9629726845042
16638	-14.1675582168417
16639	-14.3203254923533
16640	-14.4542130391003
16641	-14.5988294053014
16642	-14.7749869696636
16643	-14.9958997836471
16644	-15.2644961923487
16645	-15.5769053161651
16646	-15.9280448031706
16647	-16.2999402360366
16648	-16.6651111717989
16649	-17.0150416660132
16650	-17.3626863087253
16651	-17.696524847219
16652	-17.9781107099546
16653	-18.1866148588279
16654	-18.3274735894552
16655	-18.4055808341137
16656	-18.4086627513036
16657	-18.355447352101
16658	-18.2619810391378
16659	-18.1181012788345
16660	-17.9340533077247
16661	-17.7283579336255
16662	-17.5172229526414
16663	-17.3142783917348
16664	-17.1282599092519
16665	-16.9613020133342
16666	-16.812999459617
16667	-16.68664568403
16668	-16.5785368133494
16669	-16.4840505003781
16670	-16.4062429338236
16671	-16.3380735740694
16672	-16.2656048044124
16673	-16.1839176971584
16674	-16.094360584197
16675	-15.9998628574003
16676	-15.9043598695123
16677	-15.81027584628
16678	-15.7099174875265
16679	-15.587337658751
16680	-15.4169519068007
16681	-15.1741282217013
16682	-14.8536017934198
16683	-14.4800661308534
16684	-14.0759298712486
16685	-13.6503468589079
16686	-13.2106115529296
16687	-12.7666549738452
16688	-12.3396497441935
16689	-11.9483859645538
16690	-11.6038149000062
16691	-11.3056397821119
16692	-11.0430911348432
16693	-10.8116674203954
16694	-10.6209289934007
16695	-10.4730389491441
16696	-10.3594766297178
16697	-10.2756949312322
16698	-10.223102016062
16699	-10.2011821906657
16700	-10.2041887324022
16701	-10.2283291894082
16702	-10.2714725479539
16703	-10.3299771933456
16704	-10.398271733606
16705	-10.469690443362
16706	-10.5426122448686
16707	-10.6158138983691
16708	-10.6773497652736
16709	-10.7037707859651
16710	-10.6659747409839
16711	-10.5380240478713
16712	-10.297792251443
16713	-9.93007758377489
16714	-9.43603646269866
16715	-8.83464202846043
16716	-8.15265588716427
16717	-7.41493187691739
16718	-6.64349930901387
16719	-5.85696251416543
16720	-5.0701920990279
16721	-4.29425487822656
16722	-3.53659871637967
16723	-2.8014896482988
16724	-2.09057926393192
16725	-1.40352169718754
16726	-0.738569495357433
16727	-0.0931060282738792
16728	0.535910012002167
16729	1.15160056391659
16730	1.75620796852554
16731	2.34959659013837
16732	2.93193072520875
16733	3.50157214937329
16734	4.05686098943902
16735	4.59783929046549
16736	5.12405920076156
16737	5.63547082784397
16738	6.13495877281314
16739	6.62535089784532
16740	7.10562077326038
16741	7.57167545018128
16742	8.02295005316831
16743	8.44722954425278
16744	8.80620036269797
16745	9.10704107157704
16746	9.37442528445548
16747	9.59164652935046
16748	9.7631263877891
16749	9.89705205921517
16750	9.99549415629874
16751	10.0703987153143
16752	10.1286970254246
16753	10.1714530772084
16754	10.1991216761691
16755	10.2146025213463
16756	10.2197031614845
16757	10.2120945230807
16758	10.1905052186659
16759	10.1546999633179
16760	10.1059870411166
16761	10.0491144455284
16762	9.98272795218522
16763	9.90662835321125
16764	9.82558568102384
16765	9.74033288340082
16766	9.64895346769168
16767	9.55076395294542
16768	9.44546184819545
16769	9.33290661088042
16770	9.21303459928682
16771	9.08599905394811
16772	8.95496189185228
16773	8.82177474260679
16774	8.68582440589012
16775	8.54860549358897
16776	8.41083530866577
16777	8.27024097227312
16778	8.12319047495455
16779	7.9703639682113
16780	7.80505788346211
16781	7.62777467327744
16782	7.4679333489128
16783	7.35355849976664
16784	7.30505755526674
16785	7.34264334305678
16786	7.4812865498306
16787	7.729023131105
16788	8.08149160054933
16789	8.53113571920188
16790	9.06720427528861
16791	9.67540153593677
16792	10.3410104622832
16793	11.0450809693173
16794	11.7703142952611
16795	12.5030863036949
16796	13.2279545920265
16797	13.933192135705
16798	14.6109680161115
16799	15.2534056449256
16800	15.8561366752714
16801	16.4181133053821
16802	16.9401753128715
16803	17.4223270281922
16804	17.8658366699348
16805	18.2740302038758
16806	18.6496810091926
16807	18.9957823332161
16808	19.3148559813213
16809	19.6093587143953
16810	19.8803811908484
16811	20.1312763614124
16812	20.3675377141201
16813	20.5938994229839
16814	20.8118250086782
16815	21.0141704096359
16816	21.1861419058017
16817	21.3179936094173
16818	21.4079022898386
16819	21.4565667530476
16820	21.4653461903336
16821	21.436229279544
16822	21.37023915577
16823	21.2698889788532
16824	21.1484460868071
16825	21.0162094217473
16826	20.8653947213024
16827	20.682219583515
16828	20.4714959229256
16829	20.2469825514942
16830	20.011869078543
16831	19.7651103070512
16832	19.4996677764271
16833	19.2119041896521
16834	18.9075994007223
16835	18.5923659446972
16836	18.2713642592365
16837	17.9487900715534
16838	17.6264676190366
16839	17.3033390654217
16840	16.9763677981507
16841	16.6441714643031
16842	16.316618580093
16843	16.0126911416305
16844	15.743702321109
16845	15.5090125003363
16846	15.3020082653858
16847	15.1165606526266
16848	14.9452375429685
16849	14.7808690818509
16850	14.6211450610726
16851	14.469288004504
16852	14.3267471352555
16853	14.1900812533171
16854	14.0564912745986
16855	13.9228249352942
16856	13.7868560104775
16857	13.6541999997873
16858	13.5254714656426
16859	13.3953887979555
16860	13.2588416224236
16861	13.1041491118792
16862	12.9288011400303
16863	12.7411973666531
16864	12.5462073053753
16865	12.3434351689609
16866	12.1339786430661
16867	11.9295488808383
16868	11.7458659402311
16869	11.5928343853379
16870	11.4774287679707
16871	11.4053855933535
16872	11.3738196831896
16873	11.3733235462541
16874	11.4006967554036
16875	11.4574534909035
16876	11.5393733944359
16877	11.6423585772097
16878	11.7647255334971
16879	11.9023545271882
16880	12.0524183881176
16881	12.2140265698628
16882	12.3863737456953
16883	12.566919234137
16884	12.7515798617774
16885	12.9382257570337
16886	13.1278449068686
16887	13.319546373326
16888	13.5076847239784
16889	13.6882827786885
16890	13.8610135630034
16891	14.026271724245
16892	14.1814757135217
16893	14.3247828476576
16894	14.4568023319007
16895	14.5795950177784
16896	14.6931929190813
16897	14.7920656511755
16898	14.8664971201947
16899	14.8994697231296
16900	14.873781261209
16901	14.7701630715114
16902	14.5645397913367
16903	14.2406574370053
16904	13.7929819610453
16905	13.2220388036501
16906	12.5414238840859
16907	11.7752957628185
16908	10.9471020924896
16909	10.0786762500923
16910	9.18951970861951
16911	8.29627159286329
16912	7.41235750165119
16913	6.54781401466689
16914	5.70928533244573
16915	4.90028421944323
16916	4.12174631933474
16917	3.37419614612452
16918	2.65833829668054
16919	1.97732641040598
16920	1.3299256091958
16921	0.712684990660915
16922	0.123181281435117
16923	-0.441927333425072
16924	-0.985268534715488
16925	-1.50945409339722
16926	-2.0158197877049
16927	-2.50641145657681
16928	-2.98105362086778
16929	-3.4400746451883
16930	-3.88872116037349
16931	-4.32858818990845
16932	-4.75695491130081
16933	-5.17397534892189
16934	-5.5810692280606
16935	-5.97971049941488
16936	-6.37154731098605
16937	-6.7549927427597
16938	-7.13021306351349
16939	-7.50084294605737
16940	-7.86730923199869
16941	-8.22250932155633
16942	-8.55797000432895
16943	-8.86293509960531
16944	-9.11376366827809
16945	-9.30850085793635
16946	-9.47313599803235
16947	-9.62384942534714
16948	-9.76478682192143
16949	-9.90352545452064
16950	-10.0438633393485
16951	-10.1804832286976
16952	-10.3083449973117
16953	-10.4237678295731
16954	-10.5288068501788
16955	-10.6306045988634
16956	-10.7211349403115
16957	-10.783428429051
16958	-10.8158324192855
16959	-10.8433995162855
16960	-10.8992538646892
16961	-11.0067783519228
16962	-11.1655670528814
16963	-11.3491235698792
16964	-11.5296713825601
16965	-11.6858334826057
16966	-11.8045266372687
16967	-11.8951140810249
16968	-11.9871769505299
16969	-12.1049918954928
16970	-12.2522331738257
16971	-12.4200170050451
16972	-12.5985442290945
16973	-12.7784087628344
16974	-12.9430939574595
16975	-13.0758763878008
16976	-13.1744849631329
16977	-13.2448222486512
16978	-13.2938053401242
16979	-13.3188532765786
16980	-13.3087033911497
16981	-13.2609160968538
16982	-13.1858268349174
16983	-13.0933680512524
16984	-12.9860607125797
16985	-12.8734063733395
16986	-12.7641022537014
16987	-12.6651785227119
16988	-12.5880101940466
16989	-12.5319551234689
16990	-12.4901557464143
16991	-12.462423132517
16992	-12.4519241914754
16993	-12.4662688680634
16994	-12.519514669846
16995	-12.610356047976
16996	-12.7135704040444
16997	-12.8028857681305
16998	-12.8668197214432
16999	-12.894347331879
17000	-12.8777856628172
17001	-12.8311850489512
17002	-12.7859474761639
17003	-12.7703605539172
17004	-12.7979091637335
17005	-12.871534006313
17006	-12.9926556778067
17007	-13.1653051457597
17008	-13.3930705900195
17009	-13.6782091216952
17010	-14.0148235976677
17011	-14.3881701445931
17012	-14.7901074415835
17013	-15.1936152887901
17014	-15.5751175366351
17015	-15.9223783666702
17016	-16.2050753719134
17017	-16.4180839560411
17018	-16.5806192576983
17019	-16.7080361075192
17020	-16.81947417538
17021	-16.9392456353115
17022	-17.0844773420832
17023	-17.2608110071964
17024	-17.4605509103798
17025	-17.6578030611202
17026	-17.8315384652831
17027	-17.9925671840578
17028	-18.1622326947862
17029	-18.3301077690054
17030	-18.4564016553021
17031	-18.5142295376633
17032	-18.5026706748436
17033	-18.4321972420246
17034	-18.3220171120312
17035	-18.1855965233272
17036	-18.0067358746329
17037	-17.7719984617562
17038	-17.4922193383433
17039	-17.1857198211571
17040	-16.875216322955
17041	-16.5758231066566
17042	-16.3036235548903
17043	-16.0820112885687
17044	-15.9273775799986
17045	-15.8476286126124
17046	-15.8415677443351
17047	-15.9024668562474
17048	-16.0223179807308
17049	-16.1903530245453
17050	-16.3843026133385
17051	-16.5721938563095
17052	-16.7308513866057
17053	-16.8392542671301
17054	-16.8923901163968
17055	-16.8835778267407
17056	-16.8171756415407
17057	-16.7061167510877
17058	-16.5655993231454
17059	-16.4226199920414
17060	-16.2762916998616
17061	-16.0968415380059
17062	-15.8692630062385
17063	-15.586695415701
17064	-15.2221840698339
17065	-14.7682337667295
17066	-14.2218499408539
17067	-13.5880249066922
17068	-12.8947298890118
17069	-12.157324292924
17070	-11.3702000921705
17071	-10.5180421371699
17072	-9.60370130690972
17073	-8.66128641117514
17074	-7.72873756758108
17075	-6.82399642284385
17076	-5.96125593520661
17077	-5.16380779582839
17078	-4.45145759414295
17079	-3.82242068247139
17080	-3.250321413771
17081	-2.7151326795342
17082	-2.2098843186321
17083	-1.72371310147906
17084	-1.2509726867302
17085	-0.788170113254182
17086	-0.331049073206346
17087	0.122458797225532
17088	0.572661311209972
17089	1.01542200360735
17090	1.44819726151533
17091	1.87682452612745
17092	2.31129203620493
17093	2.75255842420863
17094	3.18364174028712
17095	3.57091851346576
17096	3.90845097204628
17097	4.20703976664886
17098	4.47854799254201
17099	4.74682108755739
17100	5.01923777679103
17101	5.27852086822541
17102	5.52000057928113
17103	5.76205068132602
17104	6.00618204352888
17105	6.24770425276008
17106	6.48667783508675
17107	6.71053706496328
17108	6.90826971863093
17109	7.08813949334311
17110	7.25861816022082
17111	7.41730015970125
17112	7.5708565224357
17113	7.72693496782457
17114	7.88029278614289
17115	8.02415659658399
17116	8.15823038252587
17117	8.28382851763011
17118	8.40853513311344
17119	8.5387242618988
17120	8.66700871619559
17121	8.78927967685497
17122	8.90861620137037
17123	9.02120719350577
17124	9.12671360097218
17125	9.23205218045548
17126	9.33782473656127
17127	9.43983202781367
17128	9.53611522726336
17129	9.62373756158163
17130	9.69923273979551
17131	9.76632480408097
17132	9.83166508079569
17133	9.89428580307557
17134	9.95124953751313
17135	10.0051459891551
17136	10.0488047562101
17137	10.0852956994204
17138	10.1275259506911
17139	10.1733418534458
17140	10.2197160617214
17141	10.2652546085965
17142	10.3026811976134
17143	10.3278683558625
17144	10.3499848441673
17145	10.3781612569599
17146	10.4141330302383
17147	10.4531334483866
17148	10.4848971314332
17149	10.5019324472017
17150	10.5139558870646
17151	10.5414962819279
17152	10.5931951516833
17153	10.6708096773013
17154	10.7748100800303
17155	10.889983693289
17156	11.0026616311283
17157	11.118568901881
17158	11.2463868827942
17159	11.3831588787863
17160	11.5135220897956
17161	11.6299149727311
17162	11.7370375365954
17163	11.8364735600543
17164	11.9180283863676
17165	11.9684664500512
17166	11.9805235686567
17167	11.9542094679193
17168	11.9007977947861
17169	11.8206233674251
17170	11.7168420150517
17171	11.6128464906017
17172	11.5334493414291
17173	11.4977262134235
17174	11.5157046406236
17175	11.5907925901636
17176	11.7283873552147
17177	11.9307755551666
17178	12.1916318296031
17179	12.5054169983611
17180	12.8672938579428
17181	13.2718892898822
17182	13.7116575743199
17183	14.1775283211091
17184	14.66139176379
17185	15.1565628398834
17186	15.6587321039876
17187	16.1585535413707
17188	16.6459244723052
17189	17.1137441260975
17190	17.5564220531673
17191	17.9708958110608
17192	18.3544171879893
17193	18.7059118143302
17194	19.0267814581542
17195	19.3164666934408
17196	19.5724457292479
17197	19.7865508041012
17198	19.9536841354143
17199	20.0616264644635
17200	20.0934926077582
17201	20.0341856836725
17202	19.8865461703682
17203	19.6845636975842
17204	19.4744775013953
17205	19.299768460802
17206	19.186331265222
17207	19.1459804599095
17208	19.183575316422
17209	19.300910471885
17210	19.4847365392442
17211	19.6988319342648
17212	19.9098977727457
17213	20.1193440335829
17214	20.3376194082043
17215	20.5390102979548
17216	20.6860241800475
17217	20.7754580860495
17218	20.8374624598275
17219	20.8974668532745
17220	20.9414391038748
17221	20.9284327250509
17222	20.8393167694428
17223	20.6943789298241
17224	20.5268898312574
17225	20.3585857239168
17226	20.1847370138888
17227	19.9841599065836
17228	19.735763611113
17229	19.4262669030461
17230	19.0676347272189
17231	18.6756981599562
17232	18.2532150458519
17233	17.7947987793265
17234	17.2872103281861
17235	16.7389248993365
17236	16.1667818067772
17237	15.5760399056831
17238	14.9846233954124
17239	14.401328419638
17240	13.8245536170579
17241	13.2523911203869
17242	12.6960774713926
17243	12.1744598199932
17244	11.6869870542563
17245	11.2320952746468
17246	10.8088591080591
17247	10.4212411538655
17248	10.0705169789368
17249	9.74643054129856
17250	9.44526634603225
17251	9.16956137367787
17252	8.92007064454982
17253	8.69128122647792
17254	8.47471014401481
17255	8.27404304418514
17256	8.10376539703348
17257	7.96277079608906
17258	7.83410948926175
17259	7.70693668346211
17260	7.58258329727954
17261	7.47118198519025
17262	7.3723715958234
17263	7.27244409237053
17264	7.16282187486009
17265	7.0499654553066
17266	6.9538962958593
17267	6.88900752258882
17268	6.86035964602297
17269	6.87422990972916
17270	6.93333535529095
17271	7.03761130547902
17272	7.18706235981749
17273	7.38154801374153
17274	7.61830047328021
17275	7.88926112464605
17276	8.17674694845555
17277	8.45694048451073
17278	8.71805611184657
17279	8.96072712985288
17280	9.18393013966174
17281	9.37724596776974
17282	9.53322048346363
17283	9.65359510767137
17284	9.7377811994745
17285	9.78404043209289
17286	9.79466668882229
17287	9.76519492462303
17288	9.69435016142824
17289	9.59358479215564
17290	9.46897672143803
17291	9.33106557740927
17292	9.18525237840245
17293	9.03205176351693
17294	8.89056319348948
17295	8.78259518202131
17296	8.71805713528283
17297	8.7057302968897
17298	8.75630392952646
17299	8.8712627537733
17300	9.04939536510138
17301	9.2934971053507
17302	9.60547680380395
17303	9.98250958873293
17304	10.4210128090646
17305	10.9157961492679
17306	11.4584125472236
17307	12.040866614756
17308	12.6509461657291
17309	13.2771020189876
17310	13.9089662490148
17311	14.5334070439624
17312	15.1361176641534
17313	15.6948073522644
17314	16.1847589735247
17315	16.582705305966
17316	16.8709221556149
17317	17.055247581358
17318	17.1404729134058
17319	17.1424794349496
17320	17.0930302090518
17321	17.0207322702884
17322	16.9373536694617
17323	16.8216091877806
17324	16.6531881490166
17325	16.4274494225465
17326	16.1414281997779
17327	15.7987377960624
17328	15.411874663929
17329	14.9824966310645
17330	14.5183923165736
17331	14.0285351410536
17332	13.4986599613604
17333	12.9239743750654
17334	12.306322218782
17335	11.6455050049839
17336	10.9622556166702
17337	10.2863202994212
17338	9.6364917509048
17339	9.02180577935306
17340	8.44262289434193
17341	7.90302500848176
17342	7.42046301641436
17343	7.01068423530314
17344	6.6783810311544
17345	6.41470837985246
17346	6.20524158060805
17347	6.03470558067336
17348	5.88233686137368
17349	5.73701672751276
17350	5.60100484849886
17351	5.48218578197921
17352	5.38916595350905
17353	5.31518252886944
17354	5.24767076940974
17355	5.18027417137269
17356	5.1145779073841
17357	5.05796295406398
17358	5.0150822508652
17359	4.98009990408318
17360	4.93707449729568
17361	4.87590248460972
17362	4.8027159842777
17363	4.73012242822953
17364	4.66380853923089
17365	4.59628078445401
17366	4.51329524624066
17367	4.41294399210923
17368	4.30476758158051
17369	4.20221532749718
17370	4.11143404556294
17371	4.02637521958762
17372	3.94015054347569
17373	3.84878467799635
17374	3.75439226450153
17375	3.66212563592085
17376	3.57298236317978
17377	3.48333213443544
17378	3.38977767609235
17379	3.28643553569679
17380	3.16577547975381
17381	3.0335463205838
17382	2.90010670174443
17383	2.77234909190352
17384	2.65714174022531
17385	2.55502800819859
17386	2.46288353958774
17387	2.37866104769518
17388	2.29888237574374
17389	2.22100954899428
17390	2.14548470421924
17391	2.06876161547221
17392	1.98888564374596
17393	1.9023974503247
17394	1.79343906838047
17395	1.6490884323245
17396	1.47609235735109
17397	1.28700373043594
17398	1.08783915924748
17399	0.886205925985395
17400	0.676600372475276
17401	0.444689739363921
17402	0.185082431469897
17403	-0.101300532375651
17404	-0.412158064696355
17405	-0.745237028825974
17406	-1.09694919687653
17407	-1.46415863418581
17408	-1.84008108305377
17409	-2.220185109172
17410	-2.60216518716726
17411	-2.9811320984296
17412	-3.35361559702792
17413	-3.71590364497721
17414	-4.06735776957027
17415	-4.40921091455362
17416	-4.7395864396352
17417	-5.05749139888813
17418	-5.36483477293389
17419	-5.66151110804539
17420	-5.9453593735061
17421	-6.2163457140763
17422	-6.47597752074832
17423	-6.72434114962102
17424	-6.96016247762979
17425	-7.18425159853826
17426	-7.39845270228822
17427	-7.60546526505951
17428	-7.80917191299429
17429	-8.00758419228135
17430	-8.19709748594813
17431	-8.37600820202638
17432	-8.54319358027121
17433	-8.69619057201775
17434	-8.83037953443581
17435	-8.93587816208363
17436	-9.01604162511642
17437	-9.10167310773535
17438	-9.22394060346236
17439	-9.4017942561713
17440	-9.64687830270151
17441	-9.96210708210788
17442	-10.3475258930293
17443	-10.7978507651511
17444	-11.3036166636464
17445	-11.8529902206396
17446	-12.4309944576396
17447	-13.0275549131802
17448	-13.631473592976
17449	-14.2332964337248
17450	-14.8272765741479
17451	-15.4056565146243
17452	-15.9615999178712
17453	-16.4927753747327
17454	-16.9977283697334
17455	-17.4746467032386
17456	-17.9226890766709
17457	-18.3430929642509
17458	-18.7386066274997
17459	-19.1101377121622
17460	-19.4592809173865
17461	-19.7887498968352
17462	-20.1015543519446
17463	-20.4010933337707
17464	-20.6874481696594
17465	-20.9616355149499
17466	-21.226782936684
17467	-21.4844909301712
17468	-21.7344187694434
17469	-21.9757996902627
17470	-22.2073281101681
17471	-22.4307071471184
17472	-22.6471574859958
17473	-22.8555435995466
17474	-23.0567454131106
17475	-23.2516654715105
17476	-23.4392412527372
17477	-23.6184669810992
17478	-23.7908745952192
17479	-23.9563393998304
17480	-24.1143045498948
17481	-24.2595317312442
17482	-24.3749041136339
17483	-24.4392803408378
17484	-24.4302400682244
17485	-24.3193103042436
17486	-24.08666029767
17487	-23.7282071612512
17488	-23.2413922634046
17489	-22.6292355388109
17490	-21.9024769009913
17491	-21.0731485111816
17492	-20.1545794964253
17493	-19.1614395193852
17494	-18.1093001130021
17495	-17.0140361506159
17496	-15.8912263169065
17497	-14.7556229299595
17498	-13.6207059257996
17499	-12.4983056216212
17500	-11.3982672963435
17501	-10.3332349508288
17502	-9.32026838528452
17503	-8.37324050320712
17504	-7.50213264837786
17505	-6.70219387603887
17506	-5.96600795082365
17507	-5.28586322808577
17508	-4.65563907856621
17509	-4.06815250075009
17510	-3.51763111687966
17511	-3.00367307985873
17512	-2.52026834094387
17513	-2.06364144018905
17514	-1.63061263208456
17515	-1.21477335196677
17516	-0.813894277670916
17517	-0.427929102843903
17518	-0.0552071565795681
17519	0.308406895942522
17520	0.664248606985347
17521	1.01269135716511
17522	1.35577370395141
17523	1.69428787938767
17524	2.02783884807104
17525	2.35614912535421
17526	2.67921864516139
17527	2.99590742808696
17528	3.29779901461695
17529	3.57494683398498
17530	3.81673997831695
17531	4.01278563316198
17532	4.14677326308163
17533	4.20722298677869
17534	4.21456626968467
17535	4.18592285072296
17536	4.12395034595268
17537	4.04210438373853
17538	3.96317360290774
17539	3.89873548682939
17540	3.83776561705698
17541	3.77371983502396
17542	3.71652125900859
17543	3.6842004912839
17544	3.69286844766973
17545	3.74267902018651
17546	3.81892368285112
17547	3.90698932941473
17548	4.00393027223238
17549	4.11444948369232
17550	4.24620799773217
17551	4.389319892841
17552	4.51536942262727
17553	4.6123600247092
17554	4.69124127783469
17555	4.76180886597085
17556	4.83856317601393
17557	4.93230214322827
17558	5.01782879692477
17559	5.07490096345572
17560	5.11719442267314
17561	5.16491319108195
17562	5.23413956990378
17563	5.33720038133043
17564	5.47894998257358
17565	5.64332500289124
17566	5.80662986080236
17567	5.96197920384552
17568	6.11617044447296
17569	6.28450803279016
17570	6.48399740311643
17571	6.71195703535661
17572	6.93929529316307
17573	7.14244119338188
17574	7.32024012551539
17575	7.48422646719958
17576	7.64350505749264
17577	7.80057855933189
17578	7.94841436775822
17579	8.0659208716791
17580	8.14390218860248
17581	8.19946796055147
17582	8.25805609140293
17583	8.34341545550531
17584	8.4625223652556
17585	8.58843335442791
17586	8.68389654703145
17587	8.75411540847325
17588	8.81996050995892
17589	8.86076943914122
17590	8.85044621994533
17591	8.79295640356808
17592	8.70123868584038
17593	8.59006257841277
17594	8.469577897294
17595	8.33112273392057
17596	8.1712749415445
17597	7.99674505593739
17598	7.81385969202663
17599	7.63687541227561
17600	7.48344975551665
17601	7.36286753096445
17602	7.27642069824599
17603	7.22708309013823
17604	7.21375605440626
17605	7.23005842572992
17606	7.26887023463895
17607	7.32243160648622
17608	7.38567282176797
17609	7.45746609432602
17610	7.53895224956267
17611	7.63078139334542
17612	7.73196847025742
17613	7.84199447796883
17614	7.96075381056032
17615	8.08662799718396
17616	8.21836994615347
17617	8.35630492630138
17618	8.50096326157946
17619	8.65577089550226
17620	8.82196783637018
17621	9.00108474720508
17622	9.18957288219718
17623	9.35300810770754
17624	9.47725129210436
17625	9.59432212078334
17626	9.73884018821628
17627	9.93656815312538
17628	10.2048750480719
17629	10.5517337838167
17630	10.9763832388843
17631	11.4717533878044
17632	12.026336175698
17633	12.6269944697417
17634	13.2606792854848
17635	13.9141489542418
17636	14.5769314396489
17637	15.2423667986289
17638	15.9041221677071
17639	16.5552575581382
17640	17.1924733054617
17641	17.8121060209658
17642	18.4047775866232
17643	18.9646534257672
17644	19.4917941716871
17645	19.9871971378678
17646	20.4515343330495
17647	20.8836761182997
17648	21.2818685763552
17649	21.6459395610366
17650	21.9750147323928
17651	22.2699293951808
17652	22.5343858807086
17653	22.7704808387601
17654	22.9782945239692
17655	23.1578837655502
17656	23.3089827401733
17657	23.424067792899
17658	23.4899774830552
17659	23.503153793474
17660	23.4637898772765
17661	23.3733766384479
17662	23.2349060272559
17663	23.0476117711754
17664	22.8167476430667
17665	22.54291985816
17666	22.227244494588
17667	21.879850856605
17668	21.5075613615776
17669	21.1081354244313
17670	20.6855582649223
17671	20.2528417042524
17672	19.8175603478125
17673	19.3824611393355
17674	18.9501754674521
17675	18.5205664452218
17676	18.0878056747099
17677	17.6413075979338
17678	17.1640690918201
17679	16.6651512332661
17680	16.1670814265421
17681	15.6871095578502
17682	15.2366359016031
17683	14.8196082945007
17684	14.4485088995328
17685	14.1376460514076
17686	13.8878950607275
17687	13.6785039067138
17688	13.477776752332
17689	13.2654495072451
17690	13.0416932850068
17691	12.8167981707266
17692	12.5979620796047
17693	12.3761730411739
17694	12.1434278550645
17695	11.8985816959267
17696	11.6403016635917
17697	11.3835290129847
17698	11.1461191030321
17699	10.9355027803427
17700	10.760823320154
17701	10.6309549936981
17702	10.5469149302609
17703	10.5053765129736
17704	10.5015731304547
17705	10.5326874996919
17706	10.5984375383084
17707	10.693517925746
17708	10.808978768785
17709	10.941185535931
17710	11.0892538342114
17711	11.2496386707251
17712	11.4207485822745
17713	11.6011587063365
17714	11.7899361935633
17715	11.9875103805314
17716	12.190394779881
17717	12.3836543030782
17718	12.5346302193358
17719	12.6256682920896
17720	12.6757966020645
17721	12.7123799095816
17722	12.7596182915476
17723	12.8374925405096
17724	12.9610878298752
17725	13.1412356246983
17726	13.3845607810181
17727	13.6956263684592
17728	14.071008284416
17729	14.5031176408509
17730	14.9837183080008
17731	15.5044453752264
17732	16.0575412399125
17733	16.633028332525
17734	17.2219992148229
17735	17.8181227377874
17736	18.413835198286
17737	19.0003447240094
17738	19.5697833399396
17739	20.1141849502079
17740	20.6267478437057
17741	21.1023133530515
17742	21.5353809748993
17743	21.9239100925592
17744	22.2673098909108
17745	22.565481653835
17746	22.821559611574
17747	23.032074764007
17748	23.1908708853
17749	23.2840021530196
17750	23.293616684664
17751	23.2073319369751
17752	23.0276316004807
17753	22.7876360350433
17754	22.5166817854681
17755	22.2072406947464
17756	21.8455314230791
17757	21.4255692319784
17758	20.9494246314628
17759	20.4226506387869
17760	19.8570025672422
17761	19.2664472616204
17762	18.655046569579
17763	18.0327392673586
17764	17.4078083091138
17765	16.775669878214
17766	16.1274658356374
17767	15.4776036458508
17768	14.8463377700931
17769	14.2398002773442
17770	13.6563708889093
17771	13.0889290926003
17772	12.5332134341475
17773	11.9871852996246
17774	11.453346864856
17775	10.9371508517535
17776	10.4398999504646
17777	9.95968396759807
17778	9.49761884902222
17779	9.05429384972384
17780	8.63076577280841
17781	8.2283637647091
17782	7.84640595891159
17783	7.48661852528181
17784	7.15069631341117
17785	6.83775888807568
17786	6.54423452968277
17787	6.26855675168984
17788	6.01881859416098
17789	5.80768772894849
17790	5.63925052660437
17791	5.50737335964452
17792	5.40759611213517
17793	5.33605521684446
17794	5.28662943026946
17795	5.2528925199795
17796	5.23100835931866
17797	5.22090430970235
17798	5.21956399616829
17799	5.2238689671638
17800	5.23191246073202
17801	5.24178705458664
17802	5.25125491502443
17803	5.2562398822884
17804	5.24939058375285
17805	5.21726425529415
17806	5.1502806163046
17807	5.04234595557043
17808	4.88293222189182
17809	4.66385142281977
17810	4.39328228982765
17811	4.09106359747653
17812	3.75671837067828
17813	3.38709617713794
17814	2.98547750181576
17815	2.54850989393084
17816	2.07368078209692
17817	1.55318384103368
17818	0.980262797134536
17819	0.36242382320657
17820	-0.267700849979431
17821	-0.870185008849572
17822	-1.42032945454425
17823	-1.92782339197344
17824	-2.41177212273789
17825	-2.87067228100824
17826	-3.3129163687578
17827	-3.74860817306436
17828	-4.16497406057164
17829	-4.557183782922
17830	-4.93788105085787
17831	-5.32523223928892
17832	-5.73467682496634
17833	-6.17219864907347
17834	-6.64007845468347
17835	-7.13361127560645
17836	-7.64839526641346
17837	-8.17859504863713
17838	-8.72015326638205
17839	-9.26877088596532
17840	-9.81712455065081
17841	-10.3620431647893
17842	-10.9000983817207
17843	-11.4288491757443
17844	-11.9462462433458
17845	-12.4496788930772
17846	-12.939210778313
17847	-13.4152524509953
17848	-13.8739638833411
17849	-14.3055539739633
17850	-14.6922262387049
17851	-15.0100656651498
17852	-15.2649780766131
17853	-15.4795351193205
17854	-15.6751578447293
17855	-15.8699607715157
17856	-16.0664973248102
17857	-16.2598538467376
17858	-16.4298923401464
17859	-16.5630036537331
17860	-16.6605325706086
17861	-16.7240165775649
17862	-16.7620268841962
17863	-16.7869878254836
17864	-16.79297136333
17865	-16.7707542398322
17866	-16.7262708684934
17867	-16.6749686879549
17868	-16.6363928615789
17869	-16.615129728198
17870	-16.5933504269826
17871	-16.5438921837006
17872	-16.4592660690416
17873	-16.3491024067338
17874	-16.220145111613
17875	-16.0732967792944
17876	-15.8989673237684
17877	-15.6893035303166
17878	-15.4333938225946
17879	-15.1215154229173
17880	-14.7483371604098
17881	-14.3210395928671
17882	-13.8521079457413
17883	-13.3444070187445
17884	-12.7988266608871
17885	-12.2292001914989
17886	-11.6461590945087
17887	-11.0605894337712
17888	-10.5089752506906
17889	-9.99717751753242
17890	-9.50824079793103
17891	-9.04597273085698
17892	-8.62298115467848
17893	-8.24977284626261
17894	-7.92581808305508
17895	-7.6384304024422
17896	-7.38169306052838
17897	-7.15409670919372
17898	-6.95012571412747
17899	-6.77058306283679
17900	-6.61423709582987
17901	-6.47606915156922
17902	-6.35260289993189
17903	-6.23371353064945
17904	-6.1122206158596
17905	-5.98606251261846
17906	-5.8586755504159
17907	-5.72835751582596
17908	-5.58469090847135
17909	-5.41545700219559
17910	-5.20911749378175
17911	-4.96018651677795
17912	-4.66673467054361
17913	-4.32973776650446
17914	-3.95066722933709
17915	-3.53520444159758
17916	-3.0923474884987
17917	-2.63019555998518
17918	-2.1552009006549
17919	-1.6714526769154
17920	-1.18358196735935
17921	-0.699569092498176
17922	-0.225784002158021
17923	0.235087693769465
17924	0.677854692682647
17925	1.1018662622915
17926	1.50558541506129
17927	1.8864079643946
17928	2.2484900854982
17929	2.59988014698987
17930	2.94083721940497
17931	3.268072806141
17932	3.58179970191476
17933	3.88089430942271
17934	4.16460637915155
17935	4.42903247319504
17936	4.67128840239534
17937	4.89243015067135
17938	5.09237952547392
17939	5.26891972413927
17940	5.42216061888209
17941	5.55251758607413
17942	5.659591250907
17943	5.74213762577299
17944	5.79895793804216
17945	5.82803994847506
17946	5.8293187940336
17947	5.80762299847076
17948	5.76671235695619
17949	5.70675354345422
17950	5.62510096349841
17951	5.52017640165844
17952	5.39760938639469
17953	5.25631003386422
17954	5.09802935748459
17955	4.93122050853908
17956	4.76511411952692
17957	4.61086395798375
17958	4.47220471781064
17959	4.34550065360285
17960	4.22465653992818
17961	4.10683679639072
17962	3.99251599780527
17963	3.8824250342768
17964	3.76881653242145
17965	3.64486357452022
17966	3.50504135337106
17967	3.33400057967395
17968	3.11010935097353
17969	2.82492457399792
17970	2.47593847668431
17971	2.05915696497799
17972	1.57822872176286
17973	1.03701111840592
17974	0.442774353485341
17975	-0.195787871671463
17976	-0.864084799959697
17977	-1.54439747696668
17978	-2.226438285962
17979	-2.90061111572127
17980	-3.5562081491758
17981	-4.18580560972668
17982	-4.78454876531079
17983	-5.35140760754509
17984	-5.88732343028039
17985	-6.3880547115148
17986	-6.85230030008064
17987	-7.28430482262858
17988	-7.68606045898305
17989	-8.06194096825494
17990	-8.41558902446127
17991	-8.74811135442176
17992	-9.06155492933789
17993	-9.35604918496072
17994	-9.62967186169878
17995	-9.88647955424177
17996	-10.1339113962428
17997	-10.3730088857692
17998	-10.6030362925502
17999	-10.821109787916
18000	-11.0283790855578
18001	-11.2303696690976
18002	-11.4291940314755
18003	-11.6248850574465
18004	-11.8163066441219
18005	-11.9967503874567
18006	-12.1585356319366
18007	-12.2914669220368
18008	-12.3940693186172
18009	-12.4756774277336
18010	-12.5531525562895
18011	-12.6433013319897
18012	-12.7540738262615
18013	-12.8926749662898
18014	-13.0633218980418
18015	-13.2655274267246
18016	-13.4971632353562
18017	-13.7555269813446
18018	-14.037366189356
18019	-14.3374191390656
18020	-14.6522146107101
18021	-14.9778323521743
18022	-15.3080759479936
18023	-15.6377542945659
18024	-15.9599414023198
18025	-16.2652423421656
18026	-16.5470171273285
18027	-16.803339709428
18028	-17.0343630136514
18029	-17.2436725485396
18030	-17.4363386812892
18031	-17.6177064229365
18032	-17.7918230623482
18033	-17.9577976023304
18034	-18.1127667809993
18035	-18.2570377704576
18036	-18.3941472973235
18037	-18.5274959813012
18038	-18.6549602601304
18039	-18.7736099975866
18040	-18.8847929163048
18041	-18.985450085567
18042	-19.0646928959869
18043	-19.114229002568
18044	-19.1283760803088
18045	-19.098317643163
18046	-19.0221352437773
18047	-18.9042872350881
18048	-18.7447258054551
18049	-18.5426853565939
18050	-18.2970264232138
18051	-18.0012843490461
18052	-17.666122284262
18053	-17.3033448040193
18054	-16.9144059838809
18055	-16.5055783815772
18056	-16.0822200394414
18057	-15.6443956028529
18058	-15.188709738438
18059	-14.7143389977784
18060	-14.2222528575435
18061	-13.7218960033683
18062	-13.2268388514728
18063	-12.7450945963176
18064	-12.2778680296599
18065	-11.8253118370171
18066	-11.3891142128539
18067	-10.9707705719897
18068	-10.5752800794443
18069	-10.2085644488835
18070	-9.87101437581823
18071	-9.55651865773438
18072	-9.2587632205146
18073	-8.97505565372382
18074	-8.70637767064766
18075	-8.45990540714281
18076	-8.24157957038801
18077	-8.06114967021777
18078	-7.9247114412616
18079	-7.80822842675875
18080	-7.70095565807614
18081	-7.62072221802504
18082	-7.57381441634031
18083	-7.55366348936767
18084	-7.55484403795963
18085	-7.57332490114177
18086	-7.60407471036249
18087	-7.64245081139292
18088	-7.68730043977198
18089	-7.73469591975832
18090	-7.77976605727562
18091	-7.82414329187262
18092	-7.86533898413388
18093	-7.90194223464935
18094	-7.93377812417851
18095	-7.95945088354231
18096	-7.98000516775609
18097	-7.99531904646372
18098	-8.00559268327413
18099	-8.01080616132015
18100	-8.00861442064587
18101	-8.00077556791749
18102	-7.98806095883428
18103	-7.97047016418762
18104	-7.94935038514207
18105	-7.92243023917177
18106	-7.89023158452291
18107	-7.85568612486207
18108	-7.82145426868104
18109	-7.78704929490954
18110	-7.7499838797815
18111	-7.70999555790102
18112	-7.66746850143335
18113	-7.62268422991536
18114	-7.57754843045676
18115	-7.5323089969478
18116	-7.48626606103533
18117	-7.43868071384143
18118	-7.391024653787
18119	-7.34599456952288
18120	-7.30382449143657
18121	-7.26333707177871
18122	-7.22128924968407
18123	-7.17671145902254
18124	-7.12674750642319
18125	-7.06544801864623
18126	-6.98966309000706
18127	-6.89846145822759
18128	-6.79235478122258
18129	-6.68022028112531
18130	-6.57156628909894
18131	-6.47851461899243
18132	-6.42521045996886
18133	-6.43378760913333
18134	-6.5181352525387
18135	-6.68837230793907
18136	-6.95023722729663
18137	-7.30887921334523
18138	-7.76485181367483
18139	-8.31451112882787
18140	-8.9502980236571
18141	-9.66535098081818
18142	-10.4514805016699
18143	-11.2916632454911
18144	-12.1696739031983
18145	-13.0742895232465
18146	-13.9903864133705
18147	-14.8993160332213
18148	-15.7845009239243
18149	-16.6320569115562
18150	-17.4316053378971
18151	-18.1751585167192
18152	-18.857200729467
18153	-19.4664183968382
18154	-19.9931144127044
18155	-20.437773941338
18156	-20.7923382873612
18157	-21.051728308165
18158	-21.2303545236751
18159	-21.3570307813966
18160	-21.4661425778852
18161	-21.5824415263491
18162	-21.7195635234857
18163	-21.8896681621231
18164	-22.0999824554232
18165	-22.3484136680492
18166	-22.6298596983327
18167	-22.9360460052401
18168	-23.2577358633085
18169	-23.5880701557707
18170	-23.9204939653732
18171	-24.2482518453576
18172	-24.5699333472608
18173	-24.8839282768654
18174	-25.1860026005947
18175	-25.471394491541
18176	-25.7368994365228
18177	-25.9810030685534
18178	-26.2027363776916
18179	-26.4030473755221
18180	-26.5813262088542
18181	-26.7385050196944
18182	-26.8777805556248
18183	-26.9987862491309
18184	-27.0988181667132
18185	-27.1745504983241
18186	-27.2249426358332
18187	-27.2510706224265
18188	-27.2518234578993
18189	-27.2262508818295
18190	-27.1686608363747
18191	-27.0716269895704
18192	-26.9298249038741
18193	-26.7270122413259
18194	-26.4510047773348
18195	-26.1058208746025
18196	-25.7035330467225
18197	-25.261476592031
18198	-24.8077377980604
18199	-24.3692287390804
18200	-23.9493756569408
18201	-23.5345560339196
18202	-23.1172587739781
18203	-22.6907717279526
18204	-22.2497837890045
18205	-21.7979987788694
18206	-21.3382529891848
18207	-20.8813428533127
18208	-20.4416051995406
18209	-20.0269354788329
18210	-19.6392804793491
18211	-19.2835720991471
18212	-18.9704367903038
18213	-18.7037416825404
18214	-18.4805021020865
18215	-18.2965218913218
18216	-18.1475097094888
18217	-18.0296160240747
18218	-17.9402053669506
18219	-17.8739024160056
18220	-17.8213718538872
18221	-17.7742373150142
18222	-17.7302697203154
18223	-17.6831794319815
18224	-17.6217178078639
18225	-17.5319362775436
18226	-17.3958672576834
18227	-17.1824188120454
18228	-16.8650475605201
18229	-16.4389297898291
18230	-15.9111528953162
18231	-15.2906796184089
18232	-14.5947044456822
18233	-13.8410798101672
18234	-13.0446749705289
18235	-12.2232579426936
18236	-11.3898213692153
18237	-10.5532305987076
18238	-9.71921546466867
18239	-8.89129214487386
18240	-8.07151900591929
18241	-7.26105573974227
18242	-6.46054132861823
18243	-5.67032532014394
18244	-4.89180566850596
18245	-4.1324554344971
18246	-3.39553867919126
18247	-2.68508325694733
18248	-2.00183798929253
18249	-1.34422407876561
18250	-0.710868558025574
18251	-0.10013241487615
18252	0.487062219953165
18253	1.05481418831145
18254	1.60375905041238
18255	2.13527732050947
18256	2.65309770591234
18257	3.15714095300039
18258	3.64840321135857
18259	4.12814726138631
18260	4.59791161270765
18261	5.05971054111626
18262	5.51293167115847
18263	5.95804656291195
18264	6.39525972039341
18265	6.82402606935564
18266	7.24336813038582
18267	7.65206946094958
18268	8.0516034821665
18269	8.43812500814599
18270	8.80276516157353
18271	9.1278790113341
18272	9.39954392344242
18273	9.60085464142993
18274	9.73296733213162
18275	9.82095970355729
18276	9.89030302487272
18277	9.96933953512908
18278	10.0839925374665
18279	10.2374888210044
18280	10.4077546400041
18281	10.5754548868767
18282	10.7443765157445
18283	10.9310187729058
18284	11.1460803244729
18285	11.3942891886815
18286	11.6772601111392
18287	11.9924401288032
18288	12.3352892355341
18289	12.6984074395313
18290	13.0747777843461
18291	13.4613263425885
18292	13.8545863626332
18293	14.2496487583562
18294	14.6443653615533
18295	15.0310064482305
18296	15.3794199402549
18297	15.6637069401989
18298	15.8870035000707
18299	16.0491663003901
18300	16.1469312552752
18301	16.193580128827
18302	16.2034169051602
18303	16.1780219150424
18304	16.1104506371764
18305	16.0012790370823
18306	15.8586948946344
18307	15.6889623168522
18308	15.4878773459383
18309	15.2524676743407
18310	14.9898514805208
18311	14.7049438848794
18312	14.3898218900123
18313	14.0423703951902
18314	13.6685235015358
18315	13.2638202321349
18316	12.8210286995366
18317	12.3406585430304
18318	11.8282340022223
18319	11.2887713490499
18320	10.7279886554333
18321	10.1522354689906
18322	9.56657103106864
18323	8.97459266522566
18324	8.38367611825335
18325	7.80345464516527
18326	7.237960303832
18327	6.6928270876676
18328	6.17540545494854
18329	5.68854086861254
18330	5.23188024043237
18331	4.80533433206278
18332	4.40705327261483
18333	4.03680593579767
18334	3.70198063337036
18335	3.4098362929528
18336	3.15066012523552
18337	2.90730698441704
18338	2.67763339540148
18339	2.45669492986503
18340	2.23483475941279
18341	2.02012892787307
18342	1.82025382427716
18343	1.6336193695468
18344	1.44529604396323
18345	1.23288424939544
18346	0.980172915607948
18347	0.676791537372456
18348	0.319408053418033
18349	-0.084894412969071
18350	-0.523474611060482
18351	-0.99210200046059
18352	-1.48817419163885
18353	-2.00613421998651
18354	-2.53490808379897
18355	-3.05820111331527
18356	-3.5657077762359
18357	-4.04232368643305
18358	-4.47137099150833
18359	-4.85516511794177
18360	-5.19429483273429
18361	-5.47709986455304
18362	-5.6968486023198
18363	-5.87171564939794
18364	-6.02965430602844
18365	-6.18533896123911
18366	-6.348676735076
18367	-6.52715825063333
18368	-6.72459685146029
18369	-6.94425811400621
18370	-7.1864735320851
18371	-7.44603380972795
18372	-7.71941599285407
18373	-8.00129898561502
18374	-8.27285621690144
18375	-8.51938388895912
18376	-8.72550682855992
18377	-8.87236431548307
18378	-8.95316122908434
18379	-8.98567642853676
18380	-8.98709072923137
18381	-8.95689387615987
18382	-8.89227303318146
18383	-8.7859771035766
18384	-8.6365895850463
18385	-8.44862574011029
18386	-8.22213356454977
18387	-7.96020444655387
18388	-7.67148049829451
18389	-7.36262960359817
18390	-7.03070143320534
18391	-6.66670779009147
18392	-6.2652943457296
18393	-5.82664388685545
18394	-5.34959167336914
18395	-4.82784218161452
18396	-4.26234749333231
18397	-3.6618610779305
18398	-3.03531795458713
18399	-2.38845999473153
18400	-1.72681402251279
18401	-1.05976125379035
18402	-0.398514562411883
18403	0.2474686125288
18404	0.874332361087768
18405	1.47698476418015
18406	2.05131331405212
18407	2.59471341298524
18408	3.10342410140024
18409	3.58016394239545
18410	4.02815462225894
18411	4.44799650914678
18412	4.83735613854039
18413	5.18821058251042
18414	5.49809973800195
18415	5.75834508220303
18416	5.95587084322629
18417	6.09192244169336
18418	6.15657550660162
18419	6.1482465694731
18420	6.073848465974
18421	5.934593563218
18422	5.74393517162686
18423	5.51477770549144
18424	5.24910607149539
18425	4.95629316053196
18426	4.65437327814124
18427	4.35093979417887
18428	4.05037020535479
18429	3.75998742271202
18430	3.48364197336857
18431	3.22048469385873
18432	2.97362787911322
18433	2.74400106512194
18434	2.52316057053194
18435	2.30156458785136
18436	2.07780876892732
18437	1.85003211422233
18438	1.61392660213457
18439	1.37505046899618
18440	1.14079232550979
18441	0.913887857897597
18442	0.699020537801799
18443	0.511644190476861
18444	0.367925787615728
18445	0.266937100821546
18446	0.216084093725421
18447	0.2312350866655
18448	0.30476341375119
18449	0.424743297077727
18450	0.573779562042632
18451	0.732865544375513
18452	0.902923194911183
18453	1.10103894437488
18454	1.34948581860564
18455	1.6638970840628
18456	2.05272526890684
18457	2.51604204774851
18458	3.04977104216346
18459	3.64890072219142
18460	4.30495384707143
18461	5.00547363864347
18462	5.73710871741608
18463	6.48534377248713
18464	7.23781650476971
18465	7.98180275438273
18466	8.70509592837528
18467	9.39993123363825
18468	10.0593332590586
18469	10.6757049101743
18470	11.2503963938151
18471	11.7872768879383
18472	12.291270040413
18473	12.7672667104685
18474	13.2057152103701
18475	13.5807413206782
18476	13.8844469426417
18477	14.1239892759756
18478	14.3225494267459
18479	14.5068732049216
18480	14.6838847048152
18481	14.8498101401132
18482	14.9989524379929
18483	15.1338456685043
18484	15.2566771256327
18485	15.3641447723405
18486	15.4626044396635
18487	15.5642267640328
18488	15.6714303234715
18489	15.7755400104321
18490	15.8617584923775
18491	15.921601078018
18492	15.953322996995
18493	15.9616402518048
18494	15.9520873086425
18495	15.9220014634531
18496	15.8655861279569
18497	15.7855115721157
18498	15.6900134758098
18499	15.5873116246216
18500	15.4723828042475
18501	15.3377206043741
18502	15.1940042710961
18503	15.056038453369
18504	14.9374103891559
18505	14.8481138268453
18506	14.7938241614723
18507	14.7771744105183
18508	14.7977143861035
18509	14.8567506484323
18510	14.9549571237108
18511	15.0855102334861
18512	15.2283839505987
18513	15.3481621313063
18514	15.4219689461972
18515	15.4363127081536
18516	15.3809449447228
18517	15.2747086109762
18518	15.1358139349097
18519	14.96983475917
18520	14.7912358625051
18521	14.6152156831788
18522	14.4490813119403
18523	14.295580173305
18524	14.1589659004057
18525	14.040625796407
18526	13.9405439661453
18527	13.8577866203415
18528	13.791385697521
18529	13.7378741231912
18530	13.6919452819826
18531	13.6543296630982
18532	13.62262904128
18533	13.5918245314613
18534	13.5587840549953
18535	13.5219537649844
18536	13.4819733966208
18537	13.4375372425984
18538	13.3877954069145
18539	13.3355599352003
18540	13.2845521615347
18541	13.2371049043611
18542	13.1911064420926
18543	13.1455233274143
18544	13.1021776471319
18545	13.0628709824458
18546	13.0223655232249
18547	12.9615896290748
18548	12.8574101403866
18549	12.6871945832634
18550	12.4337735047967
18551	12.0895568794764
18552	11.6493139991797
18553	11.1097305571521
18554	10.4768241074891
18555	9.76327237052928
18556	8.98452604985495
18557	8.15815846322575
18558	7.29975297036775
18559	6.42262980417522
18560	5.53786196740916
18561	4.65591367330821
18562	3.7898870568
18563	2.94837587268747
18564	2.1389918301343
18565	1.36628256452953
18566	0.631383074915849
18567	-0.0631783681381793
18568	-0.716474284534448
18569	-1.33131818850937
18570	-1.90798237024003
18571	-2.44934201358093
18572	-2.96183516989694
18573	-3.44625657418644
18574	-3.90411216922983
18575	-4.33959954559982
18576	-4.75359926637013
18577	-5.14659890805486
18578	-5.52081634442491
18579	-5.88209235817264
18580	-6.23504222753722
18581	-6.58022123879841
18582	-6.91700100734553
18583	-7.24530620434758
18584	-7.56581041087614
18585	-7.87786336522817
18586	-8.18095594298113
18587	-8.47571564033767
18588	-8.76322973858102
18589	-9.0452535732928
18590	-9.32460449052858
18591	-9.60328589419072
18592	-9.88227718959534
18593	-10.1618776579709
18594	-10.4411977705516
18595	-10.7199458366838
18596	-10.9949036020783
18597	-11.2640960182572
18598	-11.5266033396717
18599	-11.780352415376
18600	-12.0202522898858
18601	-12.2334351382148
18602	-12.400497089354
18603	-12.5143057549079
18604	-12.5815913074284
18605	-12.6260522823861
18606	-12.6783873426747
18607	-12.7539117988303
18608	-12.8606293171193
18609	-13.0033953473881
18610	-13.1815941698597
18611	-13.3952062887749
18612	-13.6390975940829
18613	-13.906637317698
18614	-14.1907185565486
18615	-14.4817952942822
18616	-14.7778423819748
18617	-15.0732440694139
18618	-15.3619622933779
18619	-15.6423034028279
18620	-15.9115619144904
18621	-16.1659774503762
18622	-16.403921581537
18623	-16.6267520323524
18624	-16.8365130364015
18625	-17.0340969033581
18626	-17.2191806562418
18627	-17.3924344377417
18628	-17.553096879997
18629	-17.699233117202
18630	-17.8320082327264
18631	-17.9571837594161
18632	-18.0769760055321
18633	-18.1885312409548
18634	-18.2886745716538
18635	-18.3758819247228
18636	-18.4503510677806
18637	-18.5042996788173
18638	-18.5269508408118
18639	-18.5074251207393
18640	-18.4262918703192
18641	-18.2685492295906
18642	-18.0255488482219
18643	-17.6893733982426
18644	-17.2552348762745
18645	-16.7224264835499
18646	-16.0918253993478
18647	-15.3608002092199
18648	-14.5356610428413
18649	-13.6286133699592
18650	-12.6473590596309
18651	-11.60618584286
18652	-10.5283405886673
18653	-9.43884692466107
18654	-8.35904576076036
18655	-7.30727523744135
18656	-6.30035954509933
18657	-5.3475955605999
18658	-4.44854166113426
18659	-3.60810777423744
18660	-2.82476302501545
18661	-2.0974869946506
18662	-1.42439002955005
18663	-0.797886797441865
18664	-0.214729239700152
18665	0.331055565242803
18666	0.844775879818815
18667	1.32226010213265
18668	1.76197034426573
18669	2.15964250526308
18670	2.50663728678002
18671	2.79202439736021
18672	3.00090429583174
18673	3.14339121270804
18674	3.24235899029367
18675	3.31696915842174
18676	3.38468042905038
18677	3.45831471015816
18678	3.54834884838312
18679	3.66149142600846
18680	3.80096120445398
18681	3.96736628230384
18682	4.16361406643743
18683	4.38633157450185
18684	4.6279303248483
18685	4.87605675794606
18686	5.1066770030219
18687	5.31221004718913
18688	5.49985039956968
18689	5.66875203202322
18690	5.80938772149104
18691	5.91562865604427
18692	5.99515706062192
18693	6.05021238686174
18694	6.08486171491042
18695	6.11143396834965
18696	6.13509738048764
18697	6.15575554113569
18698	6.15731055595793
18699	6.12634196391047
18700	6.0537952896695
18701	5.92752838372383
18702	5.74119787332939
18703	5.49725137404224
18704	5.19340595237838
18705	4.82033125972068
18706	4.37464753051407
18707	3.8519541243829
18708	3.24727715383701
18709	2.56121390615373
18710	1.80154279870501
18711	0.990666511982606
18712	0.153695205487115
18713	-0.698101491464932
18714	-1.55482964188631
18715	-2.40546643252795
18716	-3.24589627263862
18717	-4.0698539366728
18718	-4.87039479362658
18719	-5.64075306560836
18720	-6.37559277160174
18721	-7.07093185202502
18722	-7.72358249255679
18723	-8.33301553538348
18724	-8.89585273321519
18725	-9.40591766717401
18726	-9.85450184414351
18727	-10.2369629256065
18728	-10.549193159397
18729	-10.809838528998
18730	-11.0480824597688
18731	-11.2829899729391
18732	-11.5314457950396
18733	-11.8015309653955
18734	-12.0967809477123
18735	-12.4152688841939
18736	-12.7541915734042
18737	-13.1000139591593
18738	-13.4388666905062
18739	-13.7594264138194
18740	-14.0503374795375
18741	-14.323799613458
18742	-14.5972367515985
18743	-14.8786965478044
18744	-15.1665776661854
18745	-15.4479355683665
18746	-15.7057178765735
18747	-15.9249638211012
18748	-16.0951145919957
18749	-16.2091790801281
18750	-16.2674083899252
18751	-16.2780051716422
18752	-16.2419923616194
18753	-16.1542772421995
18754	-16.0330756185929
18755	-15.9060533231858
18756	-15.791191848702
18757	-15.7036666211082
18758	-15.6538689172088
18759	-15.647023388603
18760	-15.6801034587078
18761	-15.744605498181
18762	-15.8384434480969
18763	-15.963293620248
18764	-16.1165107001394
18765	-16.2923991119677
18766	-16.4863043221433
18767	-16.6979059613461
18768	-16.9234627773613
18769	-17.159676276984
18770	-17.4037673677445
18771	-17.6472454010071
18772	-17.8836854619343
18773	-18.111488541135
18774	-18.331547779027
18775	-18.5439896079438
18776	-18.74491651508
18777	-18.9172612119604
18778	-19.0302636715699
18779	-19.0584469455095
18780	-19.0010765099758
18781	-18.887821552153
18782	-18.7537452408381
18783	-18.6188036191998
18784	-18.4942204047976
18785	-18.379028543984
18786	-18.2549355040001
18787	-18.1112441373346
18788	-17.9532872783378
18789	-17.7852064780311
18790	-17.6039306644163
18791	-17.402153748316
18792	-17.1729838086202
18793	-16.9017694704574
18794	-16.5795143887747
18795	-16.198101031298
18796	-15.7528951894922
18797	-15.2420781131304
18798	-14.6776184041252
18799	-14.0728238575273
18800	-13.4345407902841
18801	-12.7973210193413
18802	-12.1863619388751
18803	-11.594754913462
18804	-11.0107853071911
18805	-10.4271543930264
18806	-9.83431693765795
18807	-9.23456930760259
18808	-8.64237039502308
18809	-8.06490360731345
18810	-7.50441928892459
18811	-6.9667846023992
18812	-6.45166398912954
18813	-5.95894917416
18814	-5.49216309995111
18815	-5.04895180066201
18816	-4.63026726973773
18817	-4.23716927786146
18818	-3.8715372247801
18819	-3.54137472529206
18820	-3.25418881607092
18821	-3.01373768503494
18822	-2.82382288628877
18823	-2.68761353462919
18824	-2.59606349507943
18825	-2.54213498700067
18826	-2.52928643527571
18827	-2.55609937049572
18828	-2.60579739977898
18829	-2.66909860896942
18830	-2.74514175310119
18831	-2.82430349292668
18832	-2.89854060737364
18833	-2.96985159893514
18834	-3.03666957678809
18835	-3.08904795737795
18836	-3.12825402674332
18837	-3.16105137910169
18838	-3.18476157700234
18839	-3.19948737066932
18840	-3.20736163200027
18841	-3.20264966981373
18842	-3.18773590974782
18843	-3.16920263572945
18844	-3.14499476843217
18845	-3.11707883957702
18846	-3.08522536059811
18847	-3.040988135916
18848	-2.9846614966044
18849	-2.91883171116732
18850	-2.84511967575287
18851	-2.76777837322644
18852	-2.68872736055994
18853	-2.60183110267723
18854	-2.50309636291761
18855	-2.40046883843752
18856	-2.29741776413592
18857	-2.1893276717928
18858	-2.07136790258505
18859	-1.93499977010211
18860	-1.78096706202278
18861	-1.62736522464933
18862	-1.47959911356466
18863	-1.32457094101515
18864	-1.15599223715706
18865	-0.963730115197459
18866	-0.733262404081787
18867	-0.481600547065256
18868	-0.228225842894172
18869	0.025068710081433
18870	0.278166869975446
18871	0.546930955390617
18872	0.840920062794802
18873	1.1377053935307
18874	1.40758761526533
18875	1.6255335854247
18876	1.79434886084974
18877	1.93080035958997
18878	2.03810143493852
18879	2.11352824654391
18880	2.15809358117251
18881	2.18157955441298
18882	2.19007574111632
18883	2.19477599039562
18884	2.202041490671
18885	2.2022586521155
18886	2.18358837228629
18887	2.1393367807973
18888	2.0586100102511
18889	1.92823720632454
18890	1.735408600589
18891	1.46687861202424
18892	1.11328156533673
18893	0.669857770927013
18894	0.135509924791885
18895	-0.492614635810917
18896	-1.21139534474841
18897	-2.01285365175383
18898	-2.88975077625741
18899	-3.82757737276783
18900	-4.81374463051491
18901	-5.83475929245095
18902	-6.8710616444517
18903	-7.90580419867838
18904	-8.92424869036428
18905	-9.90900239480136
18906	-10.844983849562
18907	-11.7249712726868
18908	-12.5430612964527
18909	-13.294033783333
18910	-13.9795991280782
18911	-14.6007441146466
18912	-15.1482838546121
18913	-15.6004771406446
18914	-15.9364626101102
18915	-16.1787301229293
18916	-16.3601441756522
18917	-16.4979933852292
18918	-16.616614775097
18919	-16.7320227638639
18920	-16.848386067822
18921	-16.9713774436295
18922	-17.1049023496098
18923	-17.2469247808377
18924	-17.39281599516
18925	-17.5363475397458
18926	-17.6750447341473
18927	-17.8040937273765
18928	-17.9221863102953
18929	-18.0287357801602
18930	-18.1211243962682
18931	-18.2012019343789
18932	-18.2716159930906
18933	-18.3336689502294
18934	-18.3846790205556
18935	-18.4226505921505
18936	-18.4500063094978
18937	-18.4646828993715
18938	-18.4615762948795
18939	-18.4447460002402
18940	-18.4144625294916
18941	-18.3615750103022
18942	-18.2734008078773
18943	-18.1270341567038
18944	-17.9032917389646
18945	-17.611108386617
18946	-17.263504933913
18947	-16.8657583531594
18948	-16.425711324412
18949	-15.9486568493415
18950	-15.4423080669045
18951	-14.9128913366369
18952	-14.3663657953479
18953	-13.8125428871544
18954	-13.2585262175277
18955	-12.7086811753814
18956	-12.1660049161118
18957	-11.6333650299809
18958	-11.1126596142817
18959	-10.6070710785864
18960	-10.118190815562
18961	-9.64686609945714
18962	-9.19745378314093
18963	-8.77371954251429
18964	-8.37424208765231
18965	-7.99604190523191
18966	-7.6402404980449
18967	-7.30585036555751
18968	-6.98980432345729
18969	-6.68964265762006
18970	-6.40246287463082
18971	-6.1264318872134
18972	-5.85934106235496
18973	-5.59806730437634
18974	-5.34131290899075
18975	-5.08955171128389
18976	-4.84611189657841
18977	-4.60617975626346
18978	-4.36547199598897
18979	-4.11408190771967
18980	-3.83710818675497
18981	-3.53946479212729
18982	-3.2150766967188
18983	-2.87201175876062
18984	-2.52736374487383
18985	-2.18738024736313
18986	-1.85628810812343
18987	-1.53178645963006
18988	-1.20324622655666
18989	-0.861550495495704
18990	-0.520867821495283
18991	-0.199934736660277
18992	0.0979818491565106
18993	0.399322048762725
18994	0.711586216589495
18995	1.00681473303368
18996	1.25867118754833
18997	1.46096136592232
18998	1.63052904553776
18999	1.78906293114273
19000	1.94810634134771
19001	2.10380612717021
19002	2.22801412970557
19003	2.2986400443167
19004	2.33880013642251
19005	2.38453912440815
19006	2.44548080744638
19007	2.50393972901519
19008	2.53839622302441
19009	2.55161573268764
19010	2.56317626678445
19011	2.5846357393801
19012	2.6183322209221
19013	2.65243327154262
19014	2.67291790746281
19015	2.67957603677179
19016	2.68874682082672
19017	2.71690340684396
19018	2.75871162312741
19019	2.80134064911228
19020	2.83202169327056
19021	2.84620230482039
19022	2.85850471611164
19023	2.88399182781783
19024	2.91714497443942
19025	2.94440276763908
19026	2.95736840857457
19027	2.95653475540981
19028	2.95597803146875
19029	2.97052819070377
19030	3.00120192011118
19031	3.03535447983065
19032	3.0610444576318
19033	3.08197702529446
19034	3.1108753961258
19035	3.15432945226053
19036	3.20927130866467
19037	3.26668958557453
19038	3.31889583278824
19039	3.36735303965633
19040	3.42558944793919
19041	3.50019252407939
19042	3.58786565935203
19043	3.68014469254284
19044	3.77043376822013
19045	3.86413324283975
19046	3.97020489237542
19047	4.0909796649462
19048	4.22902459793783
19049	4.3841835815854
19050	4.54910104239838
19051	4.72172906411315
19052	4.89660006334539
19053	5.06759611216883
19054	5.23907789763414
19055	5.41114475430826
19056	5.58075335181893
19057	5.74876108571432
19058	5.90979844582597
19059	6.05831357706236
19060	6.19632535289606
19061	6.32666263703676
19062	6.44809673872524
19063	6.56035741733555
19064	6.66406969156912
19065	6.76163471427781
19066	6.85523583386032
19067	6.94497119031804
19068	7.02943931842452
19069	7.10729776036502
19070	7.17680014872538
19071	7.23651757305253
19072	7.28634237655534
19073	7.32572659126124
19074	7.35479094321007
19075	7.37539153581124
19076	7.38722811421561
19077	7.39064664586936
19078	7.38770412668266
19079	7.37774208351812
19080	7.35590155316064
19081	7.32008467373115
19082	7.27290656774
19083	7.21903921330781
19084	7.16326637730746
19085	7.09193474315648
19086	6.97889826899889
19087	6.82301809270261
19088	6.65591286801392
19089	6.49912341678258
19090	6.35520623622743
19091	6.22410578476259
19092	6.10065045389161
19093	5.98129834713595
19094	5.85581857073508
19095	5.7087156591909
19096	5.53294187706351
19097	5.33052758587503
19098	5.1022126643767
19099	4.85520151250702
19100	4.60092784306686
19101	4.3370474534419
19102	4.04483344229102
19103	3.703630513073
19104	3.3101218163695
19105	2.87203621603727
19106	2.39999639551951
19107	1.90367170227068
19108	1.38595535278984
19109	0.854986579387372
19110	0.323524825639236
19111	-0.19924999294381
19112	-0.705919313333221
19113	-1.19191053712985
19114	-1.65087655131549
19115	-2.07611760675108
19116	-2.46142424073051
19117	-2.80554616460766
19118	-3.11372220454537
19119	-3.40100305810981
19120	-3.68677024434294
19121	-3.99165679401556
19122	-4.33501949900162
19123	-4.72629204851047
19124	-5.16534381927034
19125	-5.64634858593227
19126	-6.16217927972301
19127	-6.70421509848995
19128	-7.2603172082536
19129	-7.82145681411769
19130	-8.38236901606258
19131	-8.93165701727412
19132	-9.45572768170849
19133	-9.93721217557916
19134	-10.3578779310276
19135	-10.7009179294427
19136	-10.9666077827423
19137	-11.1676323049487
19138	-11.3245335935101
19139	-11.4613675850213
19140	-11.5986205538727
19141	-11.7552921661082
19142	-11.9399182541266
19143	-12.1578685480187
19144	-12.4104931847781
19145	-12.6955621650768
19146	-13.0111018032751
19147	-13.3388012810021
19148	-13.6527488656435
19149	-13.929122778302
19150	-14.1350000743369
19151	-14.2544162615327
19152	-14.3060563724471
19153	-14.3236286787239
19154	-14.3057054447488
19155	-14.2386226667854
19156	-14.1272193835472
19157	-13.9832348336986
19158	-13.808791505431
19159	-13.5970326608548
19160	-13.352011915841
19161	-13.0683171833146
19162	-12.7497284515567
19163	-12.4045551883145
19164	-12.0300541776597
19165	-11.6293944725432
19166	-11.2062426453524
19167	-10.7604085697369
19168	-10.2900843932187
19169	-9.79970631681741
19170	-9.29696732975126
19171	-8.78398445477914
19172	-8.26317703406652
19173	-7.74249052199182
19174	-7.22678480685712
19175	-6.72198008692541
19176	-6.23820807668856
19177	-5.7827189031785
19178	-5.36688528462612
19179	-4.99759723136199
19180	-4.6816658459328
19181	-4.40019296258539
19182	-4.14945325696035
19183	-3.94310658652877
19184	-3.7666501602316
19185	-3.60447247575708
19186	-3.43834995471844
19187	-3.26094731807609
19188	-3.07787441681742
19189	-2.89345872111934
19190	-2.70436990955236
19191	-2.4967108513523
19192	-2.26363571107014
19193	-2.01729276248541
19194	-1.76946575806077
19195	-1.52416168262257
19196	-1.28443795391704
19197	-1.04107023587622
19198	-0.782452350787022
19199	-0.518759107352798
19200	-0.276918217171963
19201	-0.076883302610243
19202	0.0919004672227844
19203	0.241416095929424
19204	0.370180332078086
19205	0.47741026243014
19206	0.565473821748521
19207	0.643007274493741
19208	0.713351708825888
19209	0.770428786751795
19210	0.807590926092437
19211	0.825097670156727
19212	0.825007386696646
19213	0.802989061831628
19214	0.758455106904998
19215	0.695696018165153
19216	0.620607060115239
19217	0.54501688825153
19218	0.476863347479065
19219	0.412098421053773
19220	0.344887589711818
19221	0.27572346620737
19222	0.210980612830511
19223	0.162676114077324
19224	0.125708683456877
19225	0.0825458256440631
19226	0.0222185525237519
19227	-0.0647832087910526
19228	-0.187020656918817
19229	-0.351790991283032
19230	-0.560698082793511
19231	-0.813239834642762
19232	-1.11034835185815
19233	-1.45240416149168
19234	-1.83451387759105
19235	-2.24656996799288
19236	-2.68505782299689
19237	-3.14521203172592
19238	-3.62056457384239
19239	-4.10892434290124
19240	-4.60159866823523
19241	-5.08861051995034
19242	-5.56436876560384
19243	-6.02014164988512
19244	-6.44549386974552
19245	-6.82645158894498
19246	-7.14431730419125
19247	-7.38952726474454
19248	-7.55694980343474
19249	-7.66429824407181
19250	-7.73556420420681
19251	-7.77910535226808
19252	-7.80704683790559
19253	-7.82563551448969
19254	-7.81802796833218
19255	-7.76441596825089
19256	-7.66265685994002
19257	-7.51386836571944
19258	-7.33576048596448
19259	-7.14870339587195
19260	-6.96397293127902
19261	-6.79409757931868
19262	-6.6339607238183
19263	-6.46621839682847
19264	-6.28077693160061
19265	-6.08131261513799
19266	-5.8859623240992
19267	-5.71008789052811
19268	-5.54406013777867
19269	-5.35542149440921
19270	-5.12841411397665
19271	-4.87153073772016
19272	-4.59477703194224
19273	-4.31084150011263
19274	-4.03367240222919
19275	-3.76639049354137
19276	-3.50120548683011
19277	-3.23061433689705
19278	-2.9485152909362
19279	-2.65832352815305
19280	-2.36993493189941
19281	-2.07167797652273
19282	-1.75717967807449
19283	-1.4259332568322
19284	-1.06881412709686
19285	-0.688451549536283
19286	-0.289381771497243
19287	0.125981954886159
19288	0.55765934645642
19289	1.00164672128511
19290	1.45236378370239
19291	1.90470640797558
19292	2.35518128343979
19293	2.79876234660769
19294	3.22861812999446
19295	3.64249650553301
19296	4.03976873032299
19297	4.41733654507106
19298	4.77370405812103
19299	5.1117847219967
19300	5.43222647466314
19301	5.73208407825318
19302	6.0121771455587
19303	6.28309922109614
19304	6.55918002140111
19305	6.84334462017994
19306	7.11897443911605
19307	7.37478808594421
19308	7.59200658171067
19309	7.76212091512565
19310	7.88853994613628
19311	7.96607657180145
19312	7.98852843438479
19313	7.94435402249337
19314	7.84017751814641
19315	7.7020844692947
19316	7.54389050344221
19317	7.35796199867007
19318	7.12776041367799
19319	6.83681152469833
19320	6.49258116754301
19321	6.12676298284356
19322	5.75669192360495
19323	5.38018949575397
19324	4.99085384967644
19325	4.58761427016272
19326	4.17532229143115
19327	3.75811135021924
19328	3.33019406874543
19329	2.88476498981428
19330	2.42300295287946
19331	1.94303395014113
19332	1.45198408576159
19333	0.970345640570817
19334	0.509350189641359
19335	0.0591652707692059
19336	-0.397034186988855
19337	-0.869142121037598
19338	-1.36131165917603
19339	-1.87710758633289
19340	-2.41939138552065
19341	-2.98547240742175
19342	-3.56591523034648
19343	-4.14036880510624
19344	-4.6832832904592
19345	-5.1754641812702
19346	-5.60381275385245
19347	-5.97051956053085
19348	-6.28353985529146
19349	-6.54816341018315
19350	-6.77797236584328
19351	-6.97291633018283
19352	-7.11697611024276
19353	-7.22147987948679
19354	-7.30910802191383
19355	-7.39309053444249
19356	-7.48712070428292
19357	-7.58907654024877
19358	-7.68289516991339
19359	-7.75052441674225
19360	-7.7860437812089
19361	-7.8013845461425
19362	-7.81596029677496
19363	-7.83726769995816
19364	-7.86387085230002
19365	-7.8989235355837
19366	-7.93743997278558
19367	-7.96419223088014
19368	-7.97112636683206
19369	-7.96757625809598
19370	-7.9656794028562
19371	-7.9615690741181
19372	-7.93872588295751
19373	-7.88344127399912
19374	-7.79502571151887
19375	-7.67912673902659
19376	-7.54323015622395
19377	-7.39908223081689
19378	-7.25353220139413
19379	-7.10720771921739
19380	-6.96116455738919
19381	-6.81047732334679
19382	-6.64305182840039
19383	-6.44376378628319
19384	-6.2050755029449
19385	-5.92822562715314
19386	-5.60770069419892
19387	-5.24805492782684
19388	-4.85992563682063
19389	-4.44280494448978
19390	-3.99923618546129
19391	-3.53897093895226
19392	-3.06925418534309
19393	-2.59490313962589
19394	-2.11982696334745
19395	-1.64752074813446
19396	-1.18327709986868
19397	-0.734058061589815
19398	-0.303594822840851
19399	0.11248604410922
19400	0.515619216269423
19401	0.902444361702486
19402	1.26937194853757
19403	1.61272639174241
19404	1.9315178034641
19405	2.22779327968459
19406	2.50465743232784
19407	2.76481528236511
19408	3.0124434260183
19409	3.2504173989201
19410	3.47961541070969
19411	3.70196121120145
19412	3.912787772663
19413	4.10628042623388
19414	4.26997553118366
19415	4.39647428862618
19416	4.48921321075364
19417	4.5714793626451
19418	4.68827466300831
19419	4.87836155089208
19420	5.16411918936149
19421	5.54988748804223
19422	6.0307675550354
19423	6.58917473282632
19424	7.19936226639179
19425	7.84060095882745
19426	8.49678296357603
19427	9.15591880756824
19428	9.80957902885561
19429	10.4523153153681
19430	11.0810926060068
19431	11.6947537661963
19432	12.2935278813276
19433	12.8755320586798
19434	13.4353903174932
19435	13.9713615994624
19436	14.4843379854015
19437	14.9775865658877
19438	15.4533936632195
19439	15.9134919752341
19440	16.3615606005604
19441	16.7974036686112
19442	17.2200121233708
19443	17.6285977120096
19444	18.0227877139925
19445	18.4019532255444
19446	18.7656031183471
19447	19.1148428518995
19448	19.4501954590091
19449	19.7737922062934
19450	20.0874381893506
19451	20.3909360130676
19452	20.6833018412328
19453	20.9649938452434
19454	21.2387260489759
19455	21.5067372661198
19456	21.7628000571085
19457	22.0039530968353
19458	22.2377319765579
19459	22.4667700969629
19460	22.6830357302098
19461	22.8706305584032
19462	23.0133189986447
19463	23.1072041507618
19464	23.1540819969542
19465	23.1475009532877
19466	23.0723401469437
19467	22.9131358729977
19468	22.6705550639512
19469	22.3606698745833
19470	21.9892170604294
19471	21.5636592587186
19472	21.0822351975897
19473	20.5455805873714
19474	19.9657963044702
19475	19.3368052903602
19476	18.6489714556568
19477	17.9004240091257
19478	17.1019783077992
19479	16.2639085172734
19480	15.3932850476972
19481	14.5026058330964
19482	13.6056328753201
19483	12.7144173543002
19484	11.8419942043703
19485	10.9983588769568
19486	10.1892978024222
19487	9.42132876290456
19488	8.70030003836775
19489	8.02925982204925
19490	7.40858887203716
19491	6.83497547282157
19492	6.3028738685178
19493	5.80814667693761
19494	5.34540086550765
19495	4.9126327016208
19496	4.51548304117094
19497	4.15385251123463
19498	3.82974251688199
19499	3.53806046861966
19500	3.26682435446986
19501	3.00276255121465
19502	2.727290088443
19503	2.43610784016706
19504	2.14545542887624
19505	1.86986129244645
19506	1.60363174666733
19507	1.33736282184775
19508	1.06403341508187
19509	0.77734160286539
19510	0.482321258976062
19511	0.191689814737968
19512	-0.0858555341401927
19513	-0.353407405375678
19514	-0.616118638272905
19515	-0.871263416791926
19516	-1.11113944859083
19517	-1.3305032765175
19518	-1.53968508594489
19519	-1.74861400078341
19520	-1.95872077260806
19521	-2.17261530624628
19522	-2.39155683789053
19523	-2.60907315061277
19524	-2.81016277962584
19525	-2.98429111067364
19526	-3.127207797887
19527	-3.23847909428957
19528	-3.3268055542804
19529	-3.40685918280754
19530	-3.48078138186973
19531	-3.53717597558944
19532	-3.57258234442088
19533	-3.59845756162385
19534	-3.62832440036132
19535	-3.66993375486285
19536	-3.71282658045987
19537	-3.74017383433584
19538	-3.74744887652853
19539	-3.75048378208884
19540	-3.77025287857286
19541	-3.80417296167158
19542	-3.83129797767825
19543	-3.83301659021993
19544	-3.81014676362946
19545	-3.78257743332586
19546	-3.77138797956109
19547	-3.77111764596334
19548	-3.74781083406273
19549	-3.67969029905623
19550	-3.58370142604192
19551	-3.49300528597818
19552	-3.4213098163308
19553	-3.35806967211705
19554	-3.28884968521733
19555	-3.20863547907831
19556	-3.11172107041156
19557	-2.99012429467866
19558	-2.84344981167605
19559	-2.67721240555718
19560	-2.49856711175481
19561	-2.31005957762633
19562	-2.11241571150399
19563	-1.91005943120787
19564	-1.70847972618751
19565	-1.50717737039174
19566	-1.30425750747869
19567	-1.10018155321909
19568	-0.895938032097209
19569	-0.695461036591761
19570	-0.50051523016147
19571	-0.312030676826598
19572	-0.133454096964792
19573	0.0336127894091676
19574	0.192334058529112
19575	0.346067457385322
19576	0.495858488576248
19577	0.6425375815738
19578	0.786435878378728
19579	0.925204510458809
19580	1.05765643452085
19581	1.18625120466893
19582	1.31040141049681
19583	1.4286942776019
19584	1.54077622424471
19585	1.64222926763163
19586	1.72828321870343
19587	1.79007677493409
19588	1.82475618491731
19589	1.84024357203737
19590	1.84253505778793
19591	1.83312744242453
19592	1.8085378522153
19593	1.76422152898009
19594	1.69747427858439
19595	1.60804621561394
19596	1.49880461725534
19597	1.37444007073432
19598	1.23642980954419
19599	1.0823204714021
19600	0.914822184664286
19601	0.737466734566302
19602	0.553910689248014
19603	0.369011953771797
19604	0.183667836558513
19605	-0.00266616576441707
19606	-0.189308855619326
19607	-0.374304552925865
19608	-0.55616560471587
19609	-0.732696528790738
19610	-0.90503193902498
19611	-1.07343219657351
19612	-1.23479599778301
19613	-1.38788022903794
19614	-1.53179698139646
19615	-1.66660531272023
19616	-1.79343965018818
19617	-1.91305669400602
19618	-2.02520460665941
19619	-2.13069410315631
19620	-2.22817208674888
19621	-2.31412517359186
19622	-2.39077242684194
19623	-2.46117898328035
19624	-2.52584128258924
19625	-2.58483076125037
19626	-2.63821381144756
19627	-2.68510271525978
19628	-2.72408869497875
19629	-2.75453831484086
19630	-2.7781277113933
19631	-2.79897957746237
19632	-2.81743520561787
19633	-2.83081974736909
19634	-2.83727948085928
19635	-2.83816500004682
19636	-2.83553120957057
19637	-2.82864480297274
19638	-2.81526433044253
19639	-2.79606131484286
19640	-2.77641873923662
19641	-2.75836939991969
19642	-2.73859190491656
19643	-2.71562984967223
19644	-2.68946003171813
19645	-2.65841141933336
19646	-2.62381140470102
19647	-2.58658728054329
19648	-2.54624046557895
19649	-2.50398007871457
19650	-2.45997109736535
19651	-2.41540505688392
19652	-2.37199775125117
19653	-2.33148785026149
19654	-2.2900786667562
19655	-2.24090036961111
19656	-2.17689786032627
19657	-2.08958429202148
19658	-1.97277025598891
19659	-1.81303830836611
19660	-1.58291279814321
19661	-1.25914128725551
19662	-0.82898272677195
19663	-0.287921620577529
19664	0.356452825440504
19665	1.09426794447524
19666	1.90669465560988
19667	2.77627657434534
19668	3.69418189251506
19669	4.64505068036691
19670	5.61163459938757
19671	6.57998557158796
19672	7.53995357063654
19673	8.48471305340437
19674	9.41005660854518
19675	10.3075872516984
19676	11.1653992073898
19677	11.9755350751224
19678	12.7379233025874
19679	13.4509508287413
19680	14.1152496920698
19681	14.7338198748142
19682	15.3092850537349
19683	15.8440360341532
19684	16.3394805881944
19685	16.8030393135832
19686	17.2390405998169
19687	17.6453762707466
19688	18.0283482036493
19689	18.3958225850089
19690	18.7471850626013
19691	19.0816093321784
19692	19.4014586109522
19693	19.7100151075429
19694	20.0093238574495
19695	20.2967131166152
19696	20.5681005916185
19697	20.8158662678324
19698	21.0301189385112
19699	21.1981198623291
19700	21.3048572175909
19701	21.3363237364121
19702	21.2833862279897
19703	21.1466988209138
19704	20.9337532921365
19705	20.6559015933895
19706	20.320102243976
19707	19.9263986027625
19708	19.4736075059112
19709	18.9656162495644
19710	18.4062911712824
19711	17.7961530353834
19712	17.1356814527602
19713	16.4309314649398
19714	15.6917136283109
19715	14.9281375666117
19716	14.1477953926392
19717	13.3489528510153
19718	12.5333506862011
19719	11.7066670204566
19720	10.8686412791107
19721	10.0197776071192
19722	9.16133896414307
19723	8.29967266917868
19724	7.44056247359454
19725	6.58730715326335
19726	5.74516137695389
19727	4.91806811171522
19728	4.10809068501755
19729	3.31588001433408
19730	2.54123096004686
19731	1.78497438760753
19732	1.05084892663108
19733	0.340871926600747
19734	-0.343691185178504
19735	-1.00141550112527
19736	-1.63221390410783
19737	-2.23606962714461
19738	-2.81309739355149
19739	-3.3622202563655
19740	-3.88446611402391
19741	-4.38274753861887
19742	-4.84876333988202
19743	-5.27292067079267
19744	-5.64225107690117
19745	-5.93849104597285
19746	-6.17259411583741
19747	-6.36928119743213
19748	-6.55355542306852
19749	-6.75216763346825
19750	-6.98462864602963
19751	-7.25888851580369
19752	-7.57064740562483
19753	-7.90717056428635
19754	-8.25246858810427
19755	-8.58697847881632
19756	-8.89465684990965
19757	-9.17933742935664
19758	-9.45175858215336
19759	-9.71789962586332
19760	-9.98488414796011
19761	-10.2582692588595
19762	-10.5345423391447
19763	-10.8055843316761
19764	-11.0626322322458
19765	-11.3036246973805
19766	-11.5282341514604
19767	-11.7306649036447
19768	-11.9093070799898
19769	-12.0673745983715
19770	-12.2085653461064
19771	-12.3311014178982
19772	-12.4243433238713
19773	-12.4752909920058
19774	-12.4754450699869
19775	-12.420432195945
19776	-12.3110362950866
19777	-12.1424404648929
19778	-11.9010431420905
19779	-11.5841257992252
19780	-11.214820567768
19781	-10.7959430514009
19782	-10.3127789612543
19783	-9.76242607485633
19784	-9.14334704732601
19785	-8.45707156408082
19786	-7.70765711201828
19787	-6.89944423484788
19788	-6.03947458568796
19789	-5.14115939163776
19790	-4.22024025372375
19791	-3.29259544242821
19792	-2.37445407314495
19793	-1.47998488202742
19794	-0.617348592817486
19795	0.202143921233616
19796	0.973687427579272
19797	1.69724510558906
19798	2.37456098468538
19799	3.00671080385366
19800	3.58033523158835
19801	4.09086937958466
19802	4.53876650656767
19803	4.9194685087174
19804	5.24218439758184
19805	5.49996532969852
19806	5.70245632137544
19807	5.87400030324547
19808	6.02418738213593
19809	6.16757002561698
19810	6.32388487521091
19811	6.50645627958455
19812	6.69503023120877
19813	6.86270996113725
19814	7.01028424396167
19815	7.15654758052746
19816	7.31776093838416
19817	7.50501820526837
19818	7.72513441562097
19819	7.96211272099168
19820	8.1826170147107
19821	8.36991685828917
19822	8.52799187933561
19823	8.66317303066007
19824	8.77639974142084
19825	8.8613046216726
19826	8.91071318116103
19827	8.92711039423953
19828	8.92975028781876
19829	8.93778944971373
19830	8.94736148419969
19831	8.93379854452914
19832	8.88198924283891
19833	8.78704492886929
19834	8.65079714214928
19835	8.4783751575108
19836	8.26982235621257
19837	8.0260867057781
19838	7.75393377749946
19839	7.456480268485
19840	7.1364747025679
19841	6.8009780435052
19842	6.45334288163606
19843	6.08621123226175
19844	5.69582422196835
19845	5.29125037916898
19846	4.86926138986086
19847	4.42945993095646
19848	3.97692370869278
19849	3.51446725293585
19850	3.0473091532482
19851	2.57597748925924
19852	2.10488015454775
19853	1.64077763483321
19854	1.18776644497633
19855	0.749823892497768
19856	0.328070975680332
19857	-0.0743911731081704
19858	-0.456926812961166
19859	-0.818097201617642
19860	-1.15534064514227
19861	-1.46892334176239
19862	-1.75760092398482
19863	-2.02261497502205
19864	-2.26540597690749
19865	-2.48729969325523
19866	-2.69031551944628
19867	-2.87447205676272
19868	-3.03956554628998
19869	-3.18689494052828
19870	-3.31641576599369
19871	-3.4214807644942
19872	-3.49736939538589
19873	-3.55426732651338
19874	-3.61314710362029
19875	-3.69679358328929
19876	-3.82405121201848
19877	-4.00269116512313
19878	-4.23541251647962
19879	-4.52570239567011
19880	-4.86770437370011
19881	-5.2533203894024
19882	-5.67207050502151
19883	-6.11431754915696
19884	-6.57314636058263
19885	-7.03784149489983
19886	-7.5043688166541
19887	-7.96770751234548
19888	-8.42098410659722
19889	-8.86083783145163
19890	-9.28522706698172
19891	-9.69517540446599
19892	-10.0867913135579
19893	-10.4563842027115
19894	-10.8042567704586
19895	-11.1301185159414
19896	-11.436541021037
19897	-11.7281099651956
19898	-12.0077223073802
19899	-12.2757633983509
19900	-12.5325112675886
19901	-12.7775450590686
19902	-13.0091365078373
19903	-13.2288599319467
19904	-13.4403131915556
19905	-13.6428459569497
19906	-13.8353265205021
19907	-14.0192457398965
19908	-14.1952612736626
19909	-14.3628573628964
19910	-14.5211910286194
19911	-14.6713487714342
19912	-14.8154710436491
19913	-14.9543311639185
19914	-15.087526925456
19915	-15.2129644403573
19916	-15.3321392065074
19917	-15.4479052273486
19918	-15.5590328668885
19919	-15.6614559272572
19920	-15.7528830136058
19921	-15.8288827262517
19922	-15.8789477280019
19923	-15.8903141580028
19924	-15.8440305578755
19925	-15.7139247975586
19926	-15.4796990934286
19927	-15.1268554176866
19928	-14.6439975877837
19929	-14.0271711360011
19930	-13.2839004387805
19931	-12.431178621753
19932	-11.4870753155744
19933	-10.4702861839135
19934	-9.3994464087277
19935	-8.2924499177043
19936	-7.1658885993395
19937	-6.03463942526379
19938	-4.91157350792338
19939	-3.80733795569772
19940	-2.73016688047732
19941	-1.68571493461244
19942	-0.677069643539402
19943	0.294791082711824
19944	1.22547919869873
19945	2.10437896817926
19946	2.93029625590936
19947	3.70564898927228
19948	4.43309943078404
19949	5.11493513020845
19950	5.75327965130793
19951	6.35394750453358
19952	6.92130950835506
19953	7.45995710598847
19954	7.9711402768451
19955	8.4580068366031
19956	8.92655784586309
19957	9.38038994541091
19958	9.8198913144967
19959	10.2442235961171
19960	10.6532436669392
19961	11.0475709225772
19962	11.4239691043041
19963	11.7710549076857
19964	12.0740810431146
19965	12.3192780336035
19966	12.4873201896346
19967	12.5759234367424
19968	12.6164154143126
19969	12.6389518827723
19970	12.6654343103993
19971	12.7236742506304
19972	12.83769627197
19973	13.0032411977369
19974	13.1871796321836
19975	13.3617356498641
19976	13.528494402763
19977	13.70248190936
19978	13.8922568596325
19979	14.1028039031723
19980	14.3361557812407
19981	14.5911862949404
19982	14.8639169530176
19983	15.1494356354532
19984	15.4442043385783
19985	15.7476836620453
19986	16.0593069516436
19987	16.3702111611476
19988	16.6731394195118
19989	16.9687227829436
19990	17.2497491069388
19991	17.5011142126706
19992	17.7108776095623
19993	17.8548921222671
19994	17.9197289545386
19995	17.9140963805022
19996	17.8552574797881
19997	17.7654072913407
19998	17.6633886862662
19999	17.563365813231
20000	17.4743611958173
20001	17.402796761889
20002	17.3520983836175
20003	17.3244006404107
20004	17.318816086344
20005	17.3333165515107
20006	17.3657340172229
20007	17.4087982868017
20008	17.4512135421427
20009	17.4836792076768
20010	17.5024224322837
20011	17.5047233141073
20012	17.4886251032678
20013	17.4546445105868
20014	17.4054694191566
20015	17.3445781840959
20016	17.2756790651823
20017	17.2052940976401
20018	17.1394217549488
20019	17.0877977919748
20020	17.0571240473652
20021	17.0295098533372
20022	16.9680203977822
20023	16.8375005551997
20024	16.6162372818245
20025	16.2887161578483
20026	15.8432396857727
20027	15.2773184018255
20028	14.593746822806
20029	13.7998976692451
20030	12.9112738008855
20031	11.9533427805527
20032	10.9551153064728
20033	9.93908725737359
20034	8.91786196938986
20035	7.90096700161981
20036	6.89889017252069
20037	5.91973251421838
20038	4.97102889042309
20039	4.05677238584689
20040	3.18012774324142
20041	2.34936848191813
20042	1.57107343676051
20043	0.850182354571333
20044	0.189077395511301
20045	-0.421936959573578
20046	-0.988747399993649
20047	-1.51027978897503
20048	-1.98645748348779
20049	-2.42337788072137
20050	-2.82852014284936
20051	-3.20455863019551
20052	-3.54882667837591
20053	-3.86463320525303
20054	-4.16152285848275
20055	-4.44512373291117
20056	-4.70933714203023
20057	-4.94796412207344
20058	-5.16285372140248
20059	-5.35672430256513
20060	-5.53718912426144
20061	-5.70365390565875
20062	-5.85015343508049
20063	-5.97271056433169
20064	-6.08114724180187
20065	-6.19513229755954
20066	-6.33062402821635
20067	-6.49847427958273
20068	-6.70036133506815
20069	-6.92195072512555
20070	-7.13802971671688
20071	-7.32454780379753
20072	-7.46706018199347
20073	-7.56202359335684
20074	-7.61835000664547
20075	-7.64600451675743
20076	-7.65038152710986
20077	-7.6424401187709
20078	-7.63352974404445
20079	-7.63344380598048
20080	-7.65004961704746
20081	-7.68664701386525
20082	-7.74114900277807
20083	-7.8066441800334
20084	-7.87348669363394
20085	-7.93831861592496
20086	-8.0058992859685
20087	-8.08081607414675
20088	-8.16371615443377
20089	-8.25251299725836
20090	-8.34136234078857
20091	-8.4215008323277
20092	-8.47980439174883
20093	-8.5065551128357
20094	-8.49810519267415
20095	-8.45236229069273
20096	-8.37541887048911
20097	-8.27885513781318
20098	-8.1692591976478
20099	-8.04269703665092
20100	-7.89656862712007
20101	-7.73365367116224
20102	-7.54974320529742
20103	-7.34312988441983
20104	-7.11534325086268
20105	-6.8636359038908
20106	-6.59558707857829
20107	-6.31390974229626
20108	-5.9886453523059
20109	-5.5983712550003
20110	-5.15332689694055
20111	-4.66020652495811
20112	-4.11932720258518
20113	-3.55411591014447
20114	-2.97925034576595
20115	-2.39172039523166
20116	-1.81617954517817
20117	-1.26229896563627
20118	-0.711139561389314
20119	-0.158536485178116
20120	0.386357410560549
20121	0.916281834607469
20122	1.43346165306858
20123	1.9445820136226
20124	2.44545142845742
20125	2.93101986283565
20126	3.40026376655626
20127	3.85072649761184
20128	4.27706955727268
20129	4.67464647869172
20130	5.03385002200363
20131	5.33761362879752
20132	5.57532717516214
20133	5.7514219894487
20134	5.86487748053107
20135	5.91070239490968
20136	5.91860388080262
20137	5.92109028360281
20138	5.91532867147073
20139	5.88863008921045
20140	5.83751044011296
20141	5.77019723645969
20142	5.7075109873667
20143	5.65505618004573
20144	5.59988529292487
20145	5.53273816852073
20146	5.46610233275463
20147	5.42078639408107
20148	5.40974071863126
20149	5.43063171578744
20150	5.46172456357815
20151	5.48891850432277
20152	5.51925763658994
20153	5.56912681962148
20154	5.6413533283851
20155	5.7209621786188
20156	5.78633642279543
20157	5.83089633262659
20158	5.87007267499177
20159	5.91540389876167
20160	5.95525830078653
20161	5.97073578099313
20162	5.95929909790984
20163	5.9380608710168
20164	5.92612910198441
20165	5.93828672896573
20166	5.9781400122648
20167	6.02873866756284
20168	6.06669609101396
20169	6.08355416730088
20170	6.08580349909215
20171	6.08675770489975
20172	6.0978441715741
20173	6.11713752583002
20174	6.13410090156713
20175	6.14343059872377
20176	6.14685675855103
20177	6.14779117950051
20178	6.15145989424779
20179	6.15752843097962
20180	6.15537267937187
20181	6.13536922214219
20182	6.09891417313648
20183	6.05843720697698
20184	6.0234406961751
20185	5.98677562864696
20186	5.93128865098433
20187	5.84818699048909
20188	5.73301040284501
20189	5.57919103042482
20190	5.38282238780857
20191	5.14238328388268
20192	4.86247159577775
20193	4.54852263967535
20194	4.20112844497446
20195	3.81899968354748
20196	3.40537108733238
20197	2.96743641257851
20198	2.51559098673573
20199	2.06172648059301
20200	1.61674677817565
20201	1.18269598539937
20202	0.751968280966086
20203	0.317536568834976
20204	-0.123441711424213
20205	-0.565510394492532
20206	-0.999744712542909
20207	-1.41925155711536
20208	-1.82061946507145
20209	-2.20393130653118
20210	-2.55804528922975
20211	-2.87616507604177
20212	-3.16082367287305
20213	-3.42524716539372
20214	-3.69480051051627
20215	-3.98692965659696
20216	-4.31272663536316
20217	-4.67010706762537
20218	-5.04155205248539
20219	-5.40471332313798
20220	-5.73068742530664
20221	-6.01109962293079
20222	-6.24812900693507
20223	-6.43281547953293
20224	-6.57363549011394
20225	-6.67862462159828
20226	-6.7447239838218
20227	-6.77245139543535
20228	-6.76646092046145
20229	-6.74399428560585
20230	-6.72258388858211
20231	-6.71222585749969
20232	-6.71477937556754
20233	-6.70641669040548
20234	-6.66886927826663
20235	-6.58908933893061
20236	-6.45782898629426
20237	-6.28791627287991
20238	-6.07705626455247
20239	-5.83014989102032
20240	-5.57236605098516
20241	-5.31019983463033
20242	-5.03559820309496
20243	-4.73828926878317
20244	-4.42857692156255
20245	-4.11663181055838
20246	-3.78692592772783
20247	-3.45092615587433
20248	-3.12246838706703
20249	-2.79714829794587
20250	-2.47714200913198
20251	-2.16748185848195
20252	-1.87132113687786
20253	-1.57922549271878
20254	-1.28412733784564
20255	-0.989371350761586
20256	-0.693457503601048
20257	-0.390179920033495
20258	-0.0788845443101764
20259	0.236112257561513
20260	0.54969867538759
20261	0.859363499732983
20262	1.1665306448548
20263	1.46968812298975
20264	1.76455568849298
20265	2.05320446408444
20266	2.33536426936086
20267	2.60531142875574
20268	2.86090941876076
20269	3.10035097057326
20270	3.32270032317833
20271	3.53020391897488
20272	3.72813487818834
20273	3.92609406800041
20274	4.12684574196383
20275	4.3131436100549
20276	4.48543827797954
20277	4.65815391241401
20278	4.84149306957942
20279	5.05034261265525
20280	5.2948314136749
20281	5.5796179105032
20282	5.90669483525688
20283	6.27568053387935
20284	6.68005991804623
20285	7.10872360509054
20286	7.55738835013063
20287	8.02137627447648
20288	8.49111175221163
20289	8.9622861358854
20290	9.42990162989109
20291	9.88919749529203
20292	10.3366464598589
20293	10.7661809748898
20294	11.1754746096164
20295	11.5647353443835
20296	11.9376845526811
20297	12.2960434059459
20298	12.6333449545644
20299	12.9482782853247
20300	13.2452584571974
20301	13.5234040109579
20302	13.7819667431514
20303	14.0221184627591
20304	14.2433903640737
20305	14.4469796570652
20306	14.6351054570365
20307	14.8081569039518
20308	14.9648944114902
20309	15.1043527190093
20310	15.2267567096598
20311	15.3338881582821
20312	15.4248097147048
20313	15.4964038202132
20314	15.5458059712572
20315	15.5694090567234
20316	15.5643286107042
20317	15.5373164511344
20318	15.4948743132262
20319	15.4384234128086
20320	15.3618471619039
20321	15.2607091467729
20322	15.1364351662059
20323	14.9923451263984
20324	14.8286309614003
20325	14.6415837461443
20326	14.4331268087883
20327	14.2020882287061
20328	13.9493092871275
20329	13.6797463787482
20330	13.3939747028542
20331	13.093666013803
20332	12.7679270521323
20333	12.3987922618669
20334	11.9760457546027
20335	11.4955863056163
20336	10.9585514169248
20337	10.3651271331726
20338	9.7182995904922
20339	9.02552267550278
20340	8.29704206364823
20341	7.54345643318507
20342	6.77579981969443
20343	6.00932066122801
20344	5.25756224383458
20345	4.53255381545794
20346	3.84866854278699
20347	3.21247978017065
20348	2.61442603300643
20349	2.04818779719414
20350	1.51886708464173
20351	1.03038521809979
20352	0.578007716944622
20353	0.157853110182719
20354	-0.230144030687334
20355	-0.596029436074477
20356	-0.950750616198676
20357	-1.29751834603925
20358	-1.63849823670772
20359	-1.97965627692834
20360	-2.32137027771615
20361	-2.65998642019222
20362	-2.99056603012345
20363	-3.3021253203765
20364	-3.58265602596711
20365	-3.82346465306729
20366	-4.02622721221076
20367	-4.19806668277962
20368	-4.33198479290787
20369	-4.41516775782686
20370	-4.45371213928289
20371	-4.45237031386367
20372	-4.41209889498183
20373	-4.33908526659831
20374	-4.23815330745679
20375	-4.11321896640871
20376	-3.9690192117445
20377	-3.81246344108576
20378	-3.64467342189881
20379	-3.48197062780496
20380	-3.33678638292171
20381	-3.20248192394563
20382	-3.07053803382154
20383	-2.92879608252073
20384	-2.77343434322829
20385	-2.60633079180112
20386	-2.42867506694248
20387	-2.23081332397663
20388	-2.00317635198637
20389	-1.75503879379222
20390	-1.49457743827482
20391	-1.21991457123302
20392	-0.927850124794638
20393	-0.610338974516205
20394	-0.257125985778184
20395	0.137373076286181
20396	0.575062606092478
20397	1.05265149359953
20398	1.56514660321474
20399	2.10851839218994
20400	2.67379532219624
20401	3.24989292335792
20402	3.82903451249873
20403	4.40123357912452
20404	4.95589304093669
20405	5.48774209358616
20406	5.99533636017591
20407	6.47433299294124
20408	6.91782762286773
20409	7.32116642800626
20410	7.67007966656439
20411	7.94518634716476
20412	8.13118148598946
20413	8.21532414373227
20414	8.2002940176276
20415	8.11950221455827
20416	8.00242296088358
20417	7.85898079783016
20418	7.69606186300645
20419	7.51937582826898
20420	7.34057224624871
20421	7.16496247103434
20422	6.9936378517556
20423	6.82752575171094
20424	6.66225940830622
20425	6.50009747160848
20426	6.33738509741012
20427	6.169643678694
20428	5.99948318666189
20429	5.82491854383749
20430	5.64517974407989
20431	5.45755999956664
20432	5.25982363370833
20433	5.05387885887865
20434	4.8400509631277
20435	4.62145531695461
20436	4.39879093671641
20437	4.1699654666854
20438	3.9343257720224
20439	3.69267665564167
20440	3.44754386637477
20441	3.19970173095402
20442	2.95113590812796
20443	2.70195389480798
20444	2.45308327387514
20445	2.20615228480363
20446	1.95519628644447
20447	1.69773501815771
20448	1.43969964631845
20449	1.18668806390777
20450	0.940204862908947
20451	0.693572980131513
20452	0.445353761732137
20453	0.199849239196148
20454	-0.0415723070814988
20455	-0.275776154688227
20456	-0.505767474909081
20457	-0.735365996832247
20458	-0.960753683223012
20459	-1.17928709607783
20460	-1.39039466693472
20461	-1.58708321087285
20462	-1.7621132648104
20463	-1.92548030680052
20464	-2.08773981741089
20465	-2.24292887185713
20466	-2.38428674726839
20467	-2.50494706255988
20468	-2.59883566708469
20469	-2.65615894572815
20470	-2.66734935648016
20471	-2.63059439499497
20472	-2.54814189756104
20473	-2.42621943410888
20474	-2.26608493523691
20475	-2.06698836750177
20476	-1.83758143944836
20477	-1.58609954704449
20478	-1.31154602163537
20479	-1.01281346548925
20480	-0.694098312278354
20481	-0.36129891345903
20482	-0.0172896540650215
20483	0.336525008261729
20484	0.698228248373238
20485	1.06262653137459
20486	1.42331740435451
20487	1.77926106273329
20488	2.12624759145779
20489	2.43756881300033
20490	2.6910749732441
20491	2.8793084425958
20492	3.01292439626255
20493	3.11348433746105
20494	3.1788247070922
20495	3.19953058367638
20496	3.17040421233537
20497	3.08563969882387
20498	2.94902001171694
20499	2.76469584275669
20500	2.52844878900403
20501	2.2426237060159
20502	1.92840937957428
20503	1.59130959257256
20504	1.20513731621729
20505	0.755567979066745
20506	0.251085952341649
20507	-0.30510336578146
20508	-0.90443303832198
20509	-1.53614280027702
20510	-2.19175840892869
20511	-2.85377675023113
20512	-3.5141186413146
20513	-4.17380560122416
20514	-4.82207306735634
20515	-5.4622495753916
20516	-6.10580794545457
20517	-6.75004167838036
20518	-7.39592034218678
20519	-8.04789412810479
20520	-8.70587857314741
20521	-9.3650781360805
20522	-10.0213436069055
20523	-10.671989571987
20524	-11.3140885925838
20525	-11.944685930513
20526	-12.5630812620238
20527	-13.1677852129771
20528	-13.755363219805
20529	-14.3241582907686
20530	-14.8768451479018
20531	-15.4136024028798
20532	-15.9320246884459
20533	-16.4330281790205
20534	-16.918271976435
20535	-17.3892023046002
20536	-17.8464165668623
20537	-18.2923613341803
20538	-18.727272568644
20539	-19.1491981505559
20540	-19.5586548647322
20541	-19.9566094756362
20542	-20.3428881699043
20543	-20.7188647046434
20544	-21.0882012024841
20545	-21.4510227389546
20546	-21.8065292681876
20547	-22.1541239977354
20548	-22.4918166280154
20549	-22.8162340074609
20550	-23.119572802677
20551	-23.3908503602215
20552	-23.6161209468313
20553	-23.7910466545267
20554	-23.9285940829759
20555	-24.0436064440434
20556	-24.1554889990843
20557	-24.2883037609615
20558	-24.4565799249613
20559	-24.6698824962819
20560	-24.9313504342329
20561	-25.2389658830962
20562	-25.5884413982554
20563	-25.9722648849175
20564	-26.3811427279299
20565	-26.8062769204173
20566	-27.2404652036647
20567	-27.6746694039202
20568	-28.1029975957065
20569	-28.52124754266
20570	-28.9270470593554
20571	-29.3196707338467
20572	-29.6970120361305
20573	-30.0554706595127
20574	-30.3954362753825
20575	-30.7176526025091
20576	-31.0211032784701
20577	-31.3095700965323
20578	-31.588053992108
20579	-31.8537031968348
20580	-32.1004543348871
20581	-32.32323846126
20582	-32.5099968712676
20583	-32.6388766492827
20584	-32.6931236003927
20585	-32.68706649121
20586	-32.6471444182572
20587	-32.5883565635112
20588	-32.5185226797576
20589	-32.4430953522555
20590	-32.3671724550745
20591	-32.2930094143804
20592	-32.2236960469508
20593	-32.1618014040461
20594	-32.1026357322658
20595	-32.0431268751331
20596	-31.9867650457328
20597	-31.9317580355587
20598	-31.8770643938061
20599	-31.8227880135959
20600	-31.7652879178363
20601	-31.7019127947668
20602	-31.6338134575415
20603	-31.5636495402145
20604	-31.493160617676
20605	-31.4242414504298
20606	-31.3569889917581
20607	-31.2879928484477
20608	-31.2129849860336
20609	-31.1292522320123
20610	-31.0381061030562
20611	-30.9397046723434
20612	-30.837307847047
20613	-30.7373314448605
20614	-30.6393154425093
20615	-30.5388186594615
20616	-30.4252709882975
20617	-30.2842205010211
20618	-30.1085364717699
20619	-29.8955881420049
20620	-29.6416826616487
20621	-29.336208512655
20622	-28.9732628035449
20623	-28.567339923114
20624	-28.1284872844405
20625	-27.6570289163185
20626	-27.1577312611746
20627	-26.6355681494727
20628	-26.0903254090171
20629	-25.5235379209074
20630	-24.9498655262506
20631	-24.3799925562664
20632	-23.8139212943034
20633	-23.269921859406
20634	-22.7789290990973
20635	-22.344792627966
20636	-21.9479690436167
20637	-21.5726434871915
20638	-21.2221948745549
20639	-20.9012544593567
20640	-20.6076687191991
20641	-20.3395013553558
20642	-20.0819051767315
20643	-19.8240638123223
20644	-19.5667947627025
20645	-19.3189368133681
20646	-19.0988881709778
20647	-18.9284265602688
20648	-18.8226113278962
20649	-18.7847865969896
20650	-18.8083061741615
20651	-18.895995045658
20652	-19.0496296426775
20653	-19.2600756624813
20654	-19.5264070946661
20655	-19.8480274291141
20656	-20.2106245917342
20657	-20.6063900311957
20658	-21.0400582786241
20659	-21.5147095209927
20660	-22.0301315878188
20661	-22.5780423151006
20662	-23.141542257072
20663	-23.7153432226568
20664	-24.3071735374565
20665	-24.9251564059206
20666	-25.5695934661451
20667	-26.2298120980263
20668	-26.8950774898395
20669	-27.5514079360269
20670	-28.1702151436473
20671	-28.7246715518152
20672	-29.2247167805191
20673	-29.6906747767737
20674	-30.12265751915
20675	-30.5181876669003
20676	-30.8746053928539
20677	-31.1902880065932
20678	-31.4749342334747
20679	-31.7375734024546
20680	-31.9820454832249
20681	-32.2113301392908
20682	-32.4271259695754
20683	-32.6301245689637
20684	-32.8203643936144
20685	-32.9989516981271
20686	-33.1673427809674
20687	-33.3282296996066
20688	-33.4805990263938
20689	-33.6210943046172
20690	-33.7492867015935
20691	-33.8674221059516
20692	-33.9756642546081
20693	-34.0732320452765
20694	-34.1551824654118
20695	-34.2068948358726
20696	-34.2221681821578
20697	-34.2117019015621
20698	-34.1960123949978
20699	-34.1926240229019
20700	-34.2139409734533
20701	-34.2707425794172
20702	-34.3693739300302
20703	-34.5090309975033
20704	-34.6853394482968
20705	-34.8950552041743
20706	-35.1312116395203
20707	-35.3905225256988
20708	-35.6685155596105
20709	-35.9598165170701
20710	-36.2611498356838
20711	-36.5655692939287
20712	-36.8689278336394
20713	-37.1674200437976
20714	-37.4561204910274
20715	-37.7329585405591
20716	-37.9978285109208
20717	-38.2506427802853
20718	-38.489550139445
20719	-38.7120664666486
20720	-38.9174606431736
20721	-39.103986567967
20722	-39.2719374775522
20723	-39.4237684313917
20724	-39.5614584076735
20725	-39.6877987007046
20726	-39.8032385543219
20727	-39.9025408847795
20728	-39.9813766819035
20729	-40.0328239997719
20730	-40.0390862920084
20731	-39.9805160481073
20732	-39.8431449007002
20733	-39.6178089077442
20734	-39.2969925576462
20735	-38.8741113948762
20736	-38.345490051856
20737	-37.7152139503601
20738	-36.9892957707043
20739	-36.1751194444304
20740	-35.2858624446878
20741	-34.3354012937358
20742	-33.3378960068534
20743	-32.3073494898226
20744	-31.2571931415808
20745	-30.2012592860662
20746	-29.1559266137232
20747	-28.1394351934894
20748	-27.1680682881106
20749	-26.2497475994657
20750	-25.3842323905869
20751	-24.5781906857872
20752	-23.8335028363221
20753	-23.1469201249518
20754	-22.5143107575188
20755	-21.9258210260279
20756	-21.3779969217662
20757	-20.8698618715326
20758	-20.3963337564417
20759	-19.9512869633859
20760	-19.5324420558511
20761	-19.140292440434
20762	-18.7702987623137
20763	-18.4148886747345
20764	-18.0720481559287
20765	-17.7430446826771
20766	-17.4290282674714
20767	-17.1275304831507
20768	-16.8385288212404
20769	-16.5640662562022
20770	-16.3058478775782
20771	-16.0681217095448
20772	-15.8564841689011
20773	-15.6867673048359
20774	-15.5693776927477
20775	-15.5134256535107
20776	-15.5227144603044
20777	-15.5837470806074
20778	-15.6703909748141
20779	-15.7542251104295
20780	-15.8204296141812
20781	-15.8616485557747
20782	-15.8708198771913
20783	-15.8437416866277
20784	-15.7837126458058
20785	-15.6935127798162
20786	-15.5741089144489
20787	-15.4284557600602
20788	-15.2607465281462
20789	-15.0782124295639
20790	-14.8884962214345
20791	-14.6969342343541
20792	-14.5090522669919
20793	-14.3265518886064
20794	-14.1499220807519
20795	-13.9816613565069
20796	-13.8226738388572
20797	-13.6750116535816
20798	-13.5397055653472
20799	-13.4173439338791
20800	-13.3111327568809
20801	-13.2207830964012
20802	-13.1434425091332
20803	-13.0768558283839
20804	-13.0178090812413
20805	-12.966785394574
20806	-12.9269994565979
20807	-12.8988787988453
20808	-12.8824504764435
20809	-12.8781418280733
20810	-12.8847309903399
20811	-12.9008393124634
20812	-12.9240962086381
20813	-12.9496753745743
20814	-12.9774578559524
20815	-13.01490054882
20816	-13.0714563587474
20817	-13.1608540973599
20818	-13.2976736238459
20819	-13.490553471879
20820	-13.7384167504865
20821	-14.0321603626212
20822	-14.3631499484641
20823	-14.7250161523879
20824	-15.111341200969
20825	-15.5182017384375
20826	-15.9417916981282
20827	-16.3774034264646
20828	-16.8223166019839
20829	-17.2758748758059
20830	-17.7377779418588
20831	-18.2024563014234
20832	-18.6647638725614
20833	-19.1187292566456
20834	-19.5631434806644
20835	-20.0098247952315
20836	-20.4667315576674
20837	-20.9267625946542
20838	-21.3780969214451
20839	-21.8106969152647
20840	-22.2204061467042
20841	-22.6090882083624
20842	-22.9778831000836
20843	-23.3258865650566
20844	-23.6462668330422
20845	-23.9328245798882
20846	-24.1918489185706
20847	-24.4294490394559
20848	-24.6490579090008
20849	-24.8577623762783
20850	-25.0577211383934
20851	-25.2501927734501
20852	-25.4363471242398
20853	-25.6174044935275
20854	-25.7948166761367
20855	-25.9668747501398
20856	-26.1353158285856
20857	-26.3033137742245
20858	-26.4703123045009
20859	-26.6464083000717
20860	-26.8330858690618
20861	-27.0149700262683
20862	-27.1873295471309
20863	-27.3651924656875
20864	-27.5655523794535
20865	-27.790339445007
20866	-28.0353323583308
20867	-28.3023184304332
20868	-28.6077108262217
20869	-28.9447511721715
20870	-29.2866963024918
20871	-29.6191184507534
20872	-29.9282370592278
20873	-30.2121177364697
20874	-30.473622577736
20875	-30.7169280882806
20876	-30.9491867819952
20877	-31.1707444743612
20878	-31.3788601354146
20879	-31.5734250569109
20880	-31.7580941422545
20881	-31.9374280827278
20882	-32.1146401032481
20883	-32.2889409879752
20884	-32.4600414396012
20885	-32.627854788218
20886	-32.7893602602794
20887	-32.9424086204805
20888	-33.0878063357918
20889	-33.2293823884641
20890	-33.372161262556
20891	-33.5190632338068
20892	-33.6689304653868
20893	-33.8224943753519
20894	-33.980513361577
20895	-34.1372118845504
20896	-34.2850561579869
20897	-34.4150172306507
20898	-34.5231165501916
20899	-34.6280022546284
20900	-34.7450938556283
20901	-34.8833822887612
20902	-35.0560034339504
20903	-35.2676946547564
20904	-35.5176310077969
20905	-35.8024399972668
20906	-36.1194731048504
20907	-36.4614110673387
20908	-36.8231923984857
20909	-37.2011463992528
20910	-37.5890809638351
20911	-37.9823580676786
20912	-38.3760349832371
20913	-38.7675544879101
20914	-39.1550579336096
20915	-39.534900248909
20916	-39.903203630392
20917	-40.2571585154938
20918	-40.5966693202626
20919	-40.9231652725516
20920	-41.2344040185285
20921	-41.5313970445578
20922	-41.817986202925
20923	-42.0923637399847
20924	-42.3525276026638
20925	-42.6018720319339
20926	-42.8414188412445
20927	-43.0700134501907
20928	-43.2902158051988
20929	-43.5032576623019
20930	-43.7083603445052
20931	-43.9076110245122
20932	-44.1010677677333
20933	-44.2866632796528
20934	-44.4646263585888
20935	-44.6349989528808
20936	-44.7984529924159
20937	-44.9544170039131
20938	-45.1018429600389
20939	-45.2419715729571
20940	-45.3748574532143
20941	-45.498782146249
20942	-45.6122959093898
20943	-45.7130365009372
20944	-45.8005919551575
20945	-45.8788024835513
20946	-45.9485182800844
20947	-46.0079117975104
20948	-46.0558763830164
20949	-46.0927746873066
20950	-46.116273147487
20951	-46.1181062982572
20952	-46.083027820891
20953	-45.9908954399313
20954	-45.8276648344332
20955	-45.5811083582434
20956	-45.2401349209733
20957	-44.7984771434216
20958	-44.2548739850798
20959	-43.6161456779412
20960	-42.8938158252074
20961	-42.1006262677461
20962	-41.2503137855706
20963	-40.3571749645293
20964	-39.4355223200781
20965	-38.4991144955172
20966	-37.5606251090784
20967	-36.6311993688172
20968	-35.720121634725
20969	-34.8346006018547
20970	-33.9828481676089
20971	-33.1732730400195
20972	-32.409598800263
20973	-31.6962066813124
20974	-31.0339475898478
20975	-30.4199123075553
20976	-29.8503131099652
20977	-29.3132828909643
20978	-28.8004160563158
20979	-28.310971372249
20980	-27.8522087864365
20981	-27.4415347320793
20982	-27.0864555922327
20983	-26.7792291437138
20984	-26.5029847128526
20985	-26.2379982847806
20986	-25.9711819384617
20987	-25.6930548696421
20988	-25.3984513746498
20989	-25.0872859805778
20990	-24.7665454600506
20991	-24.4472373550847
20992	-24.1395938803845
20993	-23.8527402514145
20994	-23.5836740582451
20995	-23.3203847498409
20996	-23.0583270623227
20997	-22.804164790981
20998	-22.5658135922418
20999	-22.3545954485797
21000	-22.1785413564259
21001	-22.0436406911989
21002	-21.9546895483752
21003	-21.9023676757319
21004	-21.879225569026
21005	-21.8839689901468
21006	-21.9074085006397
21007	-21.9493530668244
21008	-22.015831383205
21009	-22.1051482240851
21010	-22.2156061418139
21011	-22.3407217076189
21012	-22.4734353807728
21013	-22.6029932194925
21014	-22.7188637646234
21015	-22.8136736378039
21016	-22.8824572802636
21017	-22.9219531670897
21018	-22.9333041041419
21019	-22.9309812127336
21020	-22.9345111000728
21021	-22.96215277321
21022	-23.026152747006
21023	-23.1339971157808
21024	-23.2993652809778
21025	-23.5313229329597
21026	-23.8218817391908
21027	-24.1411964206406
21028	-24.4692777798283
21029	-24.8070312912152
21030	-25.1650444550537
21031	-25.5402068231663
21032	-25.9170935401725
21033	-26.2912941017452
21034	-26.6584067568859
21035	-27.0150158250305
21036	-27.355074547125
21037	-27.6739470546854
21038	-27.9738279060223
21039	-28.2534345456241
21040	-28.5138423877528
21041	-28.7567122594868
21042	-28.9805643780824
21043	-29.1881395279994
21044	-29.3820358813087
21045	-29.5636045070044
21046	-29.7352470785534
21047	-29.8963111164373
21048	-30.0467762825156
21049	-30.1906890017829
21050	-30.3317638056674
21051	-30.471499212773
21052	-30.608350463589
21053	-30.7422804243646
21054	-30.8721036936497
21055	-30.9989168419492
21056	-31.1250906194838
21057	-31.2499227769152
21058	-31.371932531011
21059	-31.4926608841425
21060	-31.6133956350272
21061	-31.7305404207155
21062	-31.8398863574889
21063	-31.9392019718397
21064	-32.0354311734457
21065	-32.1360285083531
21066	-32.2441084443939
21067	-32.3667006421061
21068	-32.5042457390346
21069	-32.6511932621105
21070	-32.8066770951527
21071	-32.9699995263291
21072	-33.1366304132622
21073	-33.3035373843405
21074	-33.471190672494
21075	-33.6399884814688
21076	-33.8104322481834
21077	-33.9802625068324
21078	-34.1486765657863
21079	-34.3147612975285
21080	-34.478486978055
21081	-34.6429140711035
21082	-34.8070708878715
21083	-34.9718502481372
21084	-35.1377070839241
21085	-35.3028759309543
21086	-35.4662421404817
21087	-35.627304339857
21088	-35.7872500179482
21089	-35.9432638219448
21090	-36.0932647076826
21091	-36.2386453942025
21092	-36.3798484453499
21093	-36.5164651461751
21094	-36.6475893194413
21095	-36.7734439094748
21096	-36.8959658390119
21097	-37.0164210071468
21098	-37.1365762163492
21099	-37.2576727825288
21100	-37.3777107163945
21101	-37.4966199725743
21102	-37.6148004302753
21103	-37.7321145804582
21104	-37.849980793377
21105	-37.9665934800851
21106	-38.0799322547298
21107	-38.1901679898292
21108	-38.2972725649418
21109	-38.4010112567756
21110	-38.5012082871286
21111	-38.5974872802605
21112	-38.6895578260954
21113	-38.7788433897067
21114	-38.8646193991609
21115	-38.948340430728
21116	-39.0306012778368
21117	-39.1117343118815
21118	-39.1935206210564
21119	-39.2734695266359
21120	-39.3512273012565
21121	-39.4283318995672
21122	-39.5071126233711
21123	-39.5921349759084
21124	-39.6849460905384
21125	-39.7794440062531
21126	-39.8767129284978
21127	-39.9943736480254
21128	-40.15150872725
21129	-40.3630957998734
21130	-40.6367798070463
21131	-40.9724298225273
21132	-41.3681262456328
21133	-41.8164356438418
21134	-42.3063534182831
21135	-42.8243166628936
21136	-43.3584800827508
21137	-43.8992695308384
21138	-44.437291890908
21139	-44.9668051358116
21140	-45.4832767858476
21141	-45.9832379657171
21142	-46.4628114005297
21143	-46.9196181613214
21144	-47.353302368687
21145	-47.7628874944994
21146	-48.1489759081489
21147	-48.5127800903287
21148	-48.8547299992962
21149	-49.1783529032205
21150	-49.4890562036929
21151	-49.7874880889764
21152	-50.0731633869815
21153	-50.3473611718724
21154	-50.6120329445797
21155	-50.8712171927424
21156	-51.1262442241284
21157	-51.3745113862139
21158	-51.6145197791369
21159	-51.8454853384634
21160	-52.0671258287675
21161	-52.2797813249774
21162	-52.4842236187928
21163	-52.6833674175687
21164	-52.8771170200448
21165	-53.0607520920414
21166	-53.2339007640917
21167	-53.3988568286397
21168	-53.5536374318977
21169	-53.6925044440025
21170	-53.8069403743188
21171	-53.8906164456008
21172	-53.9378258465777
21173	-53.9428532633254
21174	-53.9005217194223
21175	-53.8082424628261
21176	-53.6700040992873
21177	-53.4896222060423
21178	-53.2661405218853
21179	-52.9945447571408
21180	-52.6717004825808
21181	-52.3004966787624
21182	-51.8843594754592
21183	-51.4231672034384
21184	-50.9178892051204
21185	-50.370973893933
21186	-49.7848896104733
21187	-49.1666436541776
21188	-48.5218807983223
21189	-47.8575927532519
21190	-47.1822696027765
21191	-46.5024653307084
21192	-45.8266970108182
21193	-45.1584348718503
21194	-44.5042941446821
21195	-43.8720863534735
21196	-43.2639972011517
21197	-42.6821384518275
21198	-42.1294264313009
21199	-41.6096221595245
21200	-41.1232161898094
21201	-40.6673331240699
21202	-40.2366621627431
21203	-39.8302925374914
21204	-39.4532887885987
21205	-39.1127455877554
21206	-38.8140390114758
21207	-38.5689816043066
21208	-38.3730244269857
21209	-38.2129029468093
21210	-38.082708545854
21211	-37.9702663104945
21212	-37.8541370465333
21213	-37.7133493118813
21214	-37.5564638421202
21215	-37.4127337649545
21216	-37.2942170473341
21217	-37.1886188922753
21218	-37.0783629855355
21219	-36.9509806502583
21220	-36.8096988557506
21221	-36.6755654942454
21222	-36.5636087495596
21223	-36.466901871865
21224	-36.3663413832134
21225	-36.2452165903605
21226	-36.1104243726666
21227	-35.9897656280422
21228	-35.8982224429098
21229	-35.8284111339012
21230	-35.7652428389244
21231	-35.6933982484063
21232	-35.6129160002042
21233	-35.5394785664449
21234	-35.4860387904237
21235	-35.4455958209676
21236	-35.399786770002
21237	-35.3337913048308
21238	-35.2517115393699
21239	-35.1757471193181
21240	-35.1179772759937
21241	-35.0710485798543
21242	-35.0159940651371
21243	-34.9332250877012
21244	-34.8106943834478
21245	-34.6546051732001
21246	-34.4878126549667
21247	-34.3230441518709
21248	-34.1494922262032
21249	-33.9565407038589
21250	-33.7581071361613
21251	-33.5764089881057
21252	-33.4223101191957
21253	-33.285703821451
21254	-33.1450391136291
21255	-32.9931990732451
21256	-32.8474701436412
21257	-32.7293398174165
21258	-32.642953857698
21259	-32.5755715307283
21260	-32.5109348503162
21261	-32.4392797385696
21262	-32.3729204299552
21263	-32.3315743356567
21264	-32.3184734249122
21265	-32.3209772876951
21266	-32.3177504683834
21267	-32.2945229512998
21268	-32.2420223159339
21269	-32.153219510343
21270	-32.0238487453223
21271	-31.8534144762857
21272	-31.646282559506
21273	-31.4039398969526
21274	-31.124624268488
21275	-30.8109287798163
21276	-30.4684811721039
21277	-30.1030290759036
21278	-29.7233577116769
21279	-29.33639409155
21280	-28.9412903348588
21281	-28.5366365167697
21282	-28.1281225718173
21283	-27.7310723620351
21284	-27.3667333751459
21285	-27.0442527595631
21286	-26.748430317047
21287	-26.4675249179509
21288	-26.2009942295455
21289	-25.9482018970373
21290	-25.7122236130884
21291	-25.5007049655388
21292	-25.3194570394747
21293	-25.1623087571721
21294	-25.0299956890712
21295	-24.9427604627058
21296	-24.9066349708703
21297	-24.9139548402985
21298	-24.957466184007
21299	-25.0247536433789
21300	-25.1117042107988
21301	-25.2120992679713
21302	-25.3182277631545
21303	-25.4318021287923
21304	-25.5547724141518
21305	-25.7027990596481
21306	-25.8870425470418
21307	-26.1041102503655
21308	-26.3525507627452
21309	-26.6212519274104
21310	-26.9026691341059
21311	-27.1932460687925
21312	-27.4842107766641
21313	-27.7681885908241
21314	-28.039381539362
21315	-28.2973973776765
21316	-28.5502024162296
21317	-28.8094015109183
21318	-29.0841859986145
21319	-29.3751360885446
21320	-29.683224411209
21321	-30.0083033090029
21322	-30.3544964202077
21323	-30.7231715177039
21324	-31.1046671596823
21325	-31.5001389622884
21326	-31.8996506329887
21327	-32.2979137067849
21328	-32.6931163191482
21329	-33.0668176903184
21330	-33.4086562272115
21331	-33.710873970023
21332	-33.9643053005954
21333	-34.1699035292441
21334	-34.3388493739821
21335	-34.4808266285078
21336	-34.60079205933
21337	-34.7094310394513
21338	-34.8268441710619
21339	-34.9718420441797
21340	-35.1572981836203
21341	-35.3948104913393
21342	-35.6767002389377
21343	-35.9741950356425
21344	-36.2710732631719
21345	-36.5680777761854
21346	-36.8589731849299
21347	-37.1351491102251
21348	-37.4016103095024
21349	-37.6649845262258
21350	-37.9247603534118
21351	-38.1820631750653
21352	-38.4393580596827
21353	-38.6941514466617
21354	-38.9398239519241
21355	-39.1700770711441
21356	-39.3972017367283
21357	-39.6314556944633
21358	-39.8801820267254
21359	-40.1566865489867
21360	-40.4559597329738
21361	-40.7499599937682
21362	-41.0224632660412
21363	-41.2817672761014
21364	-41.5273705257112
21365	-41.756837492399
21366	-41.9769309113231
21367	-42.1938923223125
21368	-42.4082190215658
21369	-42.6150917877629
21370	-42.813338429439
21371	-43.0071936688868
21372	-43.2095081586727
21373	-43.4375822905471
21374	-43.693980606981
21375	-43.9630916679591
21376	-44.2226501291029
21377	-44.4629456690721
21378	-44.6922757945496
21379	-44.910806204775
21380	-45.109470488884
21381	-45.2912687238351
21382	-45.4636533455382
21383	-45.6382942288654
21384	-45.816194685324
21385	-45.982566304363
21386	-46.1301938154683
21387	-46.2645966682123
21388	-46.4040714905528
21389	-46.5592483281007
21390	-46.723310491979
21391	-46.8814783587147
21392	-47.0252832045408
21393	-47.156723319292
21394	-47.2781772897121
21395	-47.391914676612
21396	-47.4961069055561
21397	-47.5872199437047
21398	-47.6686615898193
21399	-47.7516854042096
21400	-47.8485597258829
21401	-47.9590955302883
21402	-48.061466828546
21403	-48.1366183173343
21404	-48.1863616354925
21405	-48.2137659741563
21406	-48.2212673553428
21407	-48.2179023406133
21408	-48.2078887552619
21409	-48.1860290083861
21410	-48.1500389754317
21411	-48.1005659631445
21412	-48.0396211596289
21413	-47.9769441086367
21414	-47.9197799010665
21415	-47.867003270567
21416	-47.8161758675213
21417	-47.7613468187614
21418	-47.6936141554885
21419	-47.6138557810893
21420	-47.5303782442341
21421	-47.4506876834237
21422	-47.3775066828369
21423	-47.3068478634535
21424	-47.2312702863299
21425	-47.1456511144498
21426	-47.0511892008527
21427	-46.9530136554721
21428	-46.8566314568687
21429	-46.7642270525336
21430	-46.6741425081436
21431	-46.5851759578936
21432	-46.4942735239221
21433	-46.398913244414
21434	-46.2992782643433
21435	-46.1948330589012
21436	-46.0930392085142
21437	-46.0050851492406
21438	-45.9313018780115
21439	-45.8646197220751
21440	-45.8001031391914
21441	-45.7309839494626
21442	-45.6512215217352
21443	-45.5603878125953
21444	-45.4589936931298
21445	-45.3529243631521
21446	-45.2475433247908
21447	-45.1462152491074
21448	-45.0529080753062
21449	-44.9703529280315
21450	-44.9011131074991
21451	-44.8477009790085
21452	-44.809698229047
21453	-44.7839677439297
21454	-44.7695423702722
21455	-44.7669152970177
21456	-44.7768318870051
21457	-44.7971980964697
21458	-44.826736950404
21459	-44.8651498733458
21460	-44.9107651594713
21461	-44.9614309861197
21462	-45.0148775329175
21463	-45.0694348289883
21464	-45.1238525060464
21465	-45.175415905904
21466	-45.2208246424178
21467	-45.2597403369439
21468	-45.2933493474379
21469	-45.3205476068254
21470	-45.3399787208046
21471	-45.353595036332
21472	-45.3623189550826
21473	-45.3654815883355
21474	-45.3608898081358
21475	-45.3456065996146
21476	-45.3173306649186
21477	-45.2701461387252
21478	-45.2014670537227
21479	-45.1179308642793
21480	-45.0325177397216
21481	-44.958970321286
21482	-44.9100242061613
21483	-44.8972061144733
21484	-44.9296104203013
21485	-45.0129232207055
21486	-45.1442500031159
21487	-45.3201577092328
21488	-45.5406978830151
21489	-45.8000114078237
21490	-46.0932164478227
21491	-46.4161557254492
21492	-46.7634225776511
21493	-47.1286195977506
21494	-47.5061177429066
21495	-47.8926117346542
21496	-48.2829689469946
21497	-48.673271837053
21498	-49.0588111438909
21499	-49.4347894875563
21500	-49.7990830478633
21501	-50.1492670417863
21502	-50.4809769677502
21503	-50.7911302844895
21504	-51.08058581419
21505	-51.3510672578717
21506	-51.6029668079965
21507	-51.8364824534336
21508	-52.0506277516971
21509	-52.245819729129
21510	-52.4234887301471
21511	-52.5843555945039
21512	-52.7284371642625
21513	-52.8545098301595
21514	-52.9640108861362
21515	-53.0596235109613
21516	-53.1427039395011
21517	-53.2140774608282
21518	-53.2748377035088
21519	-53.3241454933645
21520	-53.3614003841813
21521	-53.3869938443543
21522	-53.4014935424523
21523	-53.4070718113138
21524	-53.405095263931
21525	-53.395351464001
21526	-53.3791356706067
21527	-53.3585771511904
21528	-53.3332333105625
21529	-53.302927912861
21530	-53.2689224556263
21531	-53.2302919386033
21532	-53.1849947724417
21533	-53.1339963548516
21534	-53.0776935787582
21535	-53.0149575131571
21536	-52.9452790160176
21537	-52.8683970761254
21538	-52.7854613594317
21539	-52.699714082797
21540	-52.6107736751922
21541	-52.5196121383001
21542	-52.4255013756874
21543	-52.3141948440912
21544	-52.1715152485941
21545	-52.0025401286898
21546	-51.826155234834
21547	-51.6531218921349
21548	-51.4870574662139
21549	-51.3302955355169
21550	-51.1839912126835
21551	-51.0498540183563
21552	-50.9290132354988
21553	-50.8198320744678
21554	-50.7219133603216
21555	-50.6352737257278
21556	-50.5577297578541
21557	-50.4877425378318
21558	-50.4243535383328
21559	-50.3662220561551
21560	-50.3130404948553
21561	-50.2643965781604
21562	-50.218726408659
21563	-50.17406527004
21564	-50.1281883913803
21565	-50.0796969071195
21566	-50.0284464036202
21567	-49.9734627513147
21568	-49.915313612543
21569	-49.8546742528905
21570	-49.7908943526854
21571	-49.7249904495525
21572	-49.6564109680224
21573	-49.5836791179945
21574	-49.5069503468723
21575	-49.4277171885491
21576	-49.3469128836273
21577	-49.2652895071042
21578	-49.1835645328362
21579	-49.1014197504077
21580	-49.0184078074519
21581	-48.9340998501006
21582	-48.8484440260696
21583	-48.7633964643888
21584	-48.6809198254238
21585	-48.5998056439642
21586	-48.5208343597512
21587	-48.4456420482178
21588	-48.3727332151616
21589	-48.3013856286324
21590	-48.2315762541822
21591	-48.1639648010489
21592	-48.0982508878424
21593	-48.0345245303599
21594	-47.9731308715413
21595	-47.9130035303059
21596	-47.8536484176474
21597	-47.7949495042716
21598	-47.7362642363777
21599	-47.6754058725614
21600	-47.6120146006652
21601	-47.5478953212282
21602	-47.4825629781755
21603	-47.4141791770689
21604	-47.3405849798208
21605	-47.2591838888894
21606	-47.1669441463528
21607	-47.0585216522786
21608	-46.9286743471276
21609	-46.7720299762782
21610	-46.5783422539938
21611	-46.3426096171155
21612	-46.0661189395209
21613	-45.7495743177306
21614	-45.3948922850259
21615	-45.0076494434702
21616	-44.5943045233891
21617	-44.1589487645342
21618	-43.7080736107609
21619	-43.2474816823357
21620	-42.7815375597776
21621	-42.3146378014864
21622	-41.8509820796302
21623	-41.3947379431025
21624	-40.947798069118
21625	-40.5120509775793
21626	-40.0904969096434
21627	-39.6817396607607
21628	-39.2843739582371
21629	-38.9012583211715
21630	-38.5322167854093
21631	-38.1764884963183
21632	-37.835638664194
21633	-37.5096697970828
21634	-37.1984892013363
21635	-36.9005297555973
21636	-36.614185978664
21637	-36.3394253531948
21638	-36.074338944558
21639	-35.8177761492222
21640	-35.5702345030863
21641	-35.3321137919045
21642	-35.1046050051178
21643	-34.8866907394143
21644	-34.6770072098932
21645	-34.4767687764177
21646	-34.2871471591236
21647	-34.1075209822931
21648	-33.9371212331627
21649	-33.7754378280722
21650	-33.6228634118883
21651	-33.4792778737701
21652	-33.3424863148283
21653	-33.2115988269028
21654	-33.0871267509594
21655	-32.97045307266
21656	-32.8639290103935
21657	-32.7689882269653
21658	-32.6877535725933
21659	-32.6254136095002
21660	-32.5885803367492
21661	-32.581589231552
21662	-32.6032447131645
21663	-32.6610639289595
21664	-32.7713313639778
21665	-32.9510722033534
21666	-33.2137227508159
21667	-33.5654099158392
21668	-34.0120969162149
21669	-34.5595357835581
21670	-35.2060554277287
21671	-35.9461228687877
21672	-36.7705294888469
21673	-37.6639253550603
21674	-38.6091700231143
21675	-39.5893135321932
21676	-40.5873247387847
21677	-41.5849386896092
21678	-42.5647753324719
21679	-43.5122661625005
21680	-44.4149917400798
21681	-45.2633800600013
21682	-46.0507191125052
21683	-46.7767173353
21684	-47.4417077429496
21685	-48.0484389276053
21686	-48.6021259983562
21687	-49.1072905919774
21688	-49.5694411955569
21689	-49.9916617676985
21690	-50.378021588206
21691	-50.7338982286991
21692	-51.0665057599159
21693	-51.3812292763298
21694	-51.6778239794044
21695	-51.9516941413451
21696	-52.1921414537579
21697	-52.381083839798
21698	-52.5068780205951
21699	-52.5812231466456
21700	-52.6308316920395
21701	-52.6780054432789
21702	-52.7386806854761
21703	-52.824590192816
21704	-52.9407148771
21705	-53.0904019432156
21706	-53.2742647603466
21707	-53.4906203894593
21708	-53.7364468705255
21709	-54.0068387487308
21710	-54.2961981951086
21711	-54.5993902098555
21712	-54.9106740302716
21713	-55.2242967051491
21714	-55.5364871411278
21715	-55.8440721593572
21716	-56.1459371386049
21717	-56.4397314542855
21718	-56.721137471705
21719	-56.9862597679519
21720	-57.2308816683782
21721	-57.453306078402
21722	-57.649390197625
21723	-57.8118332844627
21724	-57.9372682273056
21725	-58.0208732376915
21726	-58.0539402933763
21727	-58.0277541590993
21728	-57.9449119436466
21729	-57.8245052668351
21730	-57.6836384894685
21731	-57.5354159081846
21732	-57.3926648365394
21733	-57.2643435034106
21734	-57.1559243190083
21735	-57.0709128342251
21736	-57.0093965309579
21737	-56.9677531367835
21738	-56.9437875333462
21739	-56.9354246387649
21740	-56.9390516944944
21741	-56.9501295820411
21742	-56.9650589112964
21743	-56.9820132469254
21744	-56.9980563623376
21745	-57.0108184570936
21746	-57.0196701833576
21747	-57.0235448613324
21748	-57.0203840669659
21749	-57.006979141561
21750	-56.9814780108969
21751	-56.942179824664
21752	-56.886608456597
21753	-56.8155351322596
21754	-56.7286968666165
21755	-56.6240647365252
21756	-56.5017951864904
21757	-56.3573492645056
21758	-56.1842472815838
21759	-55.974656439327
21760	-55.7257972918294
21761	-55.4346510225978
21762	-55.0988067660454
21763	-54.7275156193586
21764	-54.331609310163
21765	-53.9201194477988
21766	-53.5012334976293
21767	-53.0845128303014
21768	-52.6785392671719
21769	-52.2869172926591
21770	-51.9098520408038
21771	-51.5480206858112
21772	-51.202645707511
21773	-50.8730870520378
21774	-50.5586213169386
21775	-50.2606588720721
21776	-49.9785136332525
21777	-49.7103005390126
21778	-49.4571052815094
21779	-49.2215980518598
21780	-49.0026563742463
21781	-48.7978235677447
21782	-48.6061714339221
21783	-48.4255975227752
21784	-48.2514647312594
21785	-48.0808678336579
21786	-47.9099896888756
21787	-47.7367437137858
21788	-47.5699050355806
21789	-47.4169709508646
21790	-47.2860818230609
21791	-47.1779906837233
21792	-47.0865065643218
21793	-47.0082178400426
21794	-46.9421951374857
21795	-46.8885793925082
21796	-46.848105745544
21797	-46.8174049759768
21798	-46.7885171135434
21799	-46.7570010868279
21800	-46.7207912920707
21801	-46.6800317165706
21802	-46.6369348140486
21803	-46.595187306101
21804	-46.5590527374305
21805	-46.5239764868774
21806	-46.4761936869656
21807	-46.4055419222218
21808	-46.3097719875444
21809	-46.1962705228598
21810	-46.0741184813031
21811	-45.9494793851857
21812	-45.8237169889657
21813	-45.6927331114377
21814	-45.5581597097526
21815	-45.4247726059477
21816	-45.2922214586207
21817	-45.1642091338417
21818	-45.0470460340254
21819	-44.9514175981837
21820	-44.8916315077432
21821	-44.8728847108324
21822	-44.8974331213864
21823	-44.9668082582002
21824	-45.0802324993057
21825	-45.2373946548438
21826	-45.4384362268093
21827	-45.6833010949781
21828	-45.9678508556517
21829	-46.2887212114236
21830	-46.6470392334525
21831	-47.0435437099725
21832	-47.4751030389167
21833	-47.9325082476938
21834	-48.4004741161573
21835	-48.8643423429919
21836	-49.3133285428413
21837	-49.7404334766393
21838	-50.1438145412239
21839	-50.5200464917454
21840	-50.8610490562558
21841	-51.1484678551753
21842	-51.3738206340625
21843	-51.5444215434612
21844	-51.6720570408466
21845	-51.7707666034777
21846	-51.8560774455739
21847	-51.9339939264961
21848	-51.989558485755
21849	-52.0187588479262
21850	-52.0364433903059
21851	-52.0498310282604
21852	-52.0415866973903
21853	-51.9925706915156
21854	-51.9074891750636
21855	-51.8069422968506
21856	-51.7110803290572
21857	-51.6198447057117
21858	-51.5123019149288
21859	-51.3727418550628
21860	-51.210972906242
21861	-51.0481815120968
21862	-50.8875791470851
21863	-50.7097720347646
21864	-50.5016779390106
21865	-50.277666841303
21866	-50.0587195924789
21867	-49.8548623934255
21868	-49.6569875921042
21869	-49.44424124164
21870	-49.2080349285069
21871	-48.9599526738795
21872	-48.7232134577274
21873	-48.5201993689624
21874	-48.3561009156597
21875	-48.2072449612622
21876	-48.0478084346513
21877	-47.8718351929037
21878	-47.6910630608921
21879	-47.5208818939435
21880	-47.3659042433906
21881	-47.2221762671702
21882	-47.0788251640748
21883	-46.9298930402021
21884	-46.7805843227442
21885	-46.6339970439673
21886	-46.4852101507476
21887	-46.3293909147712
21888	-46.1626445623053
21889	-45.9808533780147
21890	-45.7857618810016
21891	-45.5858510397823
21892	-45.391330657669
21893	-45.2138508453386
21894	-45.0574274421503
21895	-44.914978445758
21896	-44.7774418790008
21897	-44.6399330107316
21898	-44.4978921458902
21899	-44.3457369116867
21900	-44.1849850903858
21901	-44.0200656213277
21902	-43.8507769004716
21903	-43.6760592561286
21904	-43.4962746178418
21905	-43.3027871788289
21906	-43.1003142004722
21907	-42.9043480038241
21908	-42.7188735855406
21909	-42.5416966813427
21910	-42.3744503337528
21911	-42.2252195626493
21912	-42.0958927699368
21913	-41.9780926973156
21914	-41.8481768023315
21915	-41.6889558365223
21916	-41.5029892139637
21917	-41.2946013171567
21918	-41.0614650123281
21919	-40.8053840922207
21920	-40.5366268778988
21921	-40.2558895760082
21922	-39.9473506390875
21923	-39.6080946759285
21924	-39.2525355729091
21925	-38.887758071031
21926	-38.5189296128339
21927	-38.1470679376784
21928	-37.7704561541217
21929	-37.3935041804587
21930	-37.0109167367333
21931	-36.6118044258217
21932	-36.1928199245316
21933	-35.7517908356917
21934	-35.2876225782159
21935	-34.8022582039287
21936	-34.2981718459949
21937	-33.7801304301568
21938	-33.2535750237033
21939	-32.7223933612873
21940	-32.1926444392039
21941	-31.6701474515972
21942	-31.1579029789201
21943	-30.6579207298959
21944	-30.1731934645725
21945	-29.7084481836456
21946	-29.2779740010146
21947	-28.895723756573
21948	-28.5751095210399
21949	-28.3275762832446
21950	-28.1472575185664
21951	-28.0108629312811
21952	-27.8892168048706
21953	-27.754857445959
21954	-27.5770805406636
21955	-27.3501412283835
21956	-27.1096300907451
21957	-26.8992690884754
21958	-26.7353343254425
21959	-26.5979584310152
21960	-26.45991508262
21961	-26.3010503626511
21962	-26.1165644936104
21963	-25.9332875244983
21964	-25.7841653088625
21965	-25.6680481856624
21966	-25.5589357288465
21967	-25.4393049749583
21968	-25.3224176734873
21969	-25.2327149273075
21970	-25.1712889141617
21971	-25.1181272217826
21972	-25.0449681728123
21973	-24.938674014221
21974	-24.8190244534652
21975	-24.7148241083771
21976	-24.6224375676457
21977	-24.5198220688566
21978	-24.4160352382664
21979	-24.3428686828772
21980	-24.3078766908365
21981	-24.2940737425371
21982	-24.2779412989849
21983	-24.2349252651491
21984	-24.1628996043153
21985	-24.0961918484644
21986	-24.0667522062855
21987	-24.0763028795457
21988	-24.1069306143629
21989	-24.1442237473744
21990	-24.1995396052629
21991	-24.2912975247803
21992	-24.4102785062133
21993	-24.5298746238918
21994	-24.6265520719141
21995	-24.6809281835249
21996	-24.6787929646807
21997	-24.6168656463974
21998	-24.506894443741
21999	-24.3721598824833
22000	-24.2430223909332
22001	-24.1555094009579
22002	-24.120227060727
22003	-24.1272789359471
22004	-24.1664125528235
22005	-24.2280154509569
22006	-24.3093398304002
22007	-24.4066176597666
22008	-24.5177621296872
22009	-24.6374256170394
22010	-24.7629748325729
22011	-24.8970225460838
22012	-25.0334558908115
22013	-25.1542722191685
22014	-25.2504063379396
22015	-25.3306129083413
22016	-25.4048456678119
22017	-25.4802511313781
22018	-25.5616365848011
22019	-25.6456078748193
22020	-25.7128508346431
22021	-25.7460454544851
22022	-25.7347087185976
22023	-25.6679615607692
22024	-25.5373500844994
22025	-25.3350145890333
22026	-25.0574030438311
22027	-24.7117191566326
22028	-24.3096263470605
22029	-23.8574520971782
22030	-23.3587210723714
22031	-22.8242122426208
22032	-22.2683561802814
22033	-21.6982279426707
22034	-21.1207908322644
22035	-20.545021649843
22036	-19.9765813360804
22037	-19.4219849883507
22038	-18.8871056090287
22039	-18.373760194876
22040	-17.8818682032488
22041	-17.4047283285524
22042	-16.9380809165403
22043	-16.475776608438
22044	-16.0205855829026
22045	-15.594162333466
22046	-15.2103468800424
22047	-14.8518823134555
22048	-14.5037550093031
22049	-14.178971611876
22050	-13.8862127940417
22051	-13.6134959360813
22052	-13.3533134965983
22053	-13.0931172916783
22054	-12.8091414069795
22055	-12.4987439932453
22056	-12.1707313325326
22057	-11.829185917178
22058	-11.4832479916823
22059	-11.147413964181
22060	-10.8128254986452
22061	-10.457566956058
22062	-10.0712994947048
22063	-9.65208009477821
22064	-9.20178915205845
22065	-8.72669130883451
22066	-8.23887814112718
22067	-7.7425575565699
22068	-7.24624498532243
22069	-6.76214888312425
22070	-6.29124813047836
22071	-5.83614475887086
22072	-5.40315134562263
22073	-4.99610617522087
22074	-4.62074121221679
22075	-4.28901942793028
22076	-4.00280384694535
22077	-3.75639193323197
22078	-3.56104831661156
22079	-3.40985026806085
22080	-3.29718111216516
22081	-3.22207762188797
22082	-3.17238870617225
22083	-3.14395399158557
22084	-3.11983270166628
22085	-3.08218101720387
22086	-3.02153270067539
22087	-2.93198220499869
22088	-2.81292852008266
22089	-2.66850333028092
22090	-2.50296639519091
22091	-2.31385522016957
22092	-2.10324158004424
22093	-1.87966794113818
22094	-1.64515594783956
22095	-1.39837944127895
22096	-1.1422943765682
22097	-0.881889550540437
22098	-0.619000131530854
22099	-0.351254177823238
22100	-0.0796340446456396
22101	0.192976483081017
22102	0.464981625421635
22103	0.732596817602254
22104	0.994348668917788
22105	1.24992321217148
22106	1.49894677918539
22107	1.74333782905616
22108	1.98505141470718
22109	2.22374368043048
22110	2.45573158653077
22111	2.68099063426996
22112	2.90048652177189
22113	3.1085081437111
22114	3.30028313728942
22115	3.45988982693719
22116	3.56597720451476
22117	3.60140105774845
22118	3.5604131358547
22119	3.46001672779284
22120	3.32565665879691
22121	3.18217693050539
22122	3.04794890807781
22123	2.93486040691522
22124	2.85245049008243
22125	2.80240409496222
22126	2.78113591307812
22127	2.78853295945077
22128	2.82046944013401
22129	2.87176220035953
22130	2.9387319831215
22131	3.02053255406318
22132	3.11784802983228
22133	3.2295969428535
22134	3.35335202221465
22135	3.48272510846962
22136	3.61165945675298
22137	3.73745088013321
22138	3.86039339756773
22139	3.98069053704068
22140	4.09633766737293
22141	4.20577983040239
22142	4.30874846501833
22143	4.40374294747678
22144	4.49304535283976
22145	4.57950314120378
22146	4.66494407076512
22147	4.74987847374449
22148	4.83366050152292
22149	4.91706948080015
22150	4.99971374408156
22151	5.07933060300035
22152	5.1556406227565
22153	5.23058797834758
22154	5.30764108277235
22155	5.38976776782881
22156	5.47537925210906
22157	5.56378285276653
22158	5.65573738470032
22159	5.75194266183398
22160	5.85229160496587
22161	5.95475051415945
22162	6.05705048808905
22163	6.15851684048292
22164	6.25710317707502
22165	6.35180851605177
22166	6.44525995215335
22167	6.53772308678504
22168	6.6307538312873
22169	6.72923660499959
22170	6.8373825993878
22171	6.9550548649816
22172	7.07231141566413
22173	7.17816207323953
22174	7.24845327610952
22175	7.25481562215657
22176	7.18121693589205
22177	7.01310186794504
22178	6.7414044531869
22179	6.36651945921786
22180	5.89045903558992
22181	5.30914757950089
22182	4.62618444339293
22183	3.85832804758092
22184	3.019787961415
22185	2.11869335128146
22186	1.16612543704216
22187	0.176087850183496
22188	-0.836914056536031
22189	-1.85850675373656
22190	-2.86965159410485
22191	-3.85262832517821
22192	-4.79453489314927
22193	-5.68078529666495
22194	-6.49492429361599
22195	-7.23385019904763
22196	-7.90350057033817
22197	-8.50720871293449
22198	-9.04811611431119
22199	-9.53442862021344
22200	-9.9703652747515
22201	-10.3586134334367
22202	-10.7076951706676
22203	-11.0205262227203
22204	-11.3007364254916
22205	-11.5557186271358
22206	-11.7888831958432
22207	-11.9997780388214
22208	-12.1871437363379
22209	-12.3543462411074
22210	-12.5071047137762
22211	-12.6480012645178
22212	-12.7783295731328
22213	-12.8975613298239
22214	-13.0055511422599
22215	-13.1022114363793
22216	-13.1869823026171
22217	-13.2576795558738
22218	-13.3117284682638
22219	-13.3467857703872
22220	-13.3577767811541
22221	-13.3326158013776
22222	-13.2533635073111
22223	-13.0958366718067
22224	-12.833803338799
22225	-12.4462779706768
22226	-11.9217002115179
22227	-11.2626813340028
22228	-10.4982036084292
22229	-9.66833381487758
22230	-8.78798952041466
22231	-7.84792189124558
22232	-6.83421295440465
22233	-5.74978332015231
22234	-4.61931782119019
22235	-3.46667534077647
22236	-2.30862341621599
22237	-1.16420653487898
22238	-0.0454521378781562
22239	1.03340724676561
22240	2.06559639230037
22241	3.03124028408427
22242	3.9169313355915
22243	4.71411063991055
22244	5.40722214570807
22245	5.98716105959894
22246	6.45361862659565
22247	6.83639951810783
22248	7.18263655369482
22249	7.53369350678617
22250	7.91381567779762
22251	8.33114289404337
22252	8.78265383588259
22253	9.26159908505243
22254	9.76223659274616
22255	10.2795447818659
22256	10.8091059988929
22257	11.3470763163449
22258	11.8901921205771
22259	12.4357835798548
22260	12.9798938087534
22261	13.5171394807319
22262	14.0430401083548
22263	14.5558275950531
22264	15.0572661734144
22265	15.547494760154
22266	16.0250490751165
22267	16.48941763676
22268	16.9390238488166
22269	17.3733215198583
22270	17.7965466965905
22271	18.2121982891772
22272	18.6219878224046
22273	19.0262020448089
22274	19.4239843416205
22275	19.8181607916998
22276	20.2099149532382
22277	20.5966603865478
22278	20.9753418633521
22279	21.3447691507128
22280	21.7076835274216
22281	22.0694151249588
22282	22.4323423896862
22283	22.7931004374899
22284	23.1497931321055
22285	23.5055958627323
22286	23.866116166214
22287	24.2301546232305
22288	24.5900669649598
22289	24.9367726724318
22290	25.2646130502719
22291	25.5617604058293
22292	25.8326758726102
22293	26.0955675107257
22294	26.3682310836923
22295	26.6676904661774
22296	26.9964138794401
22297	27.3482925699825
22298	27.719023427194
22299	28.107048762202
22300	28.5066702459668
22301	28.9141047160496
22302	29.332888058652
22303	29.7628930389276
22304	30.1980559654429
22305	30.6346799220098
22306	31.0637348937514
22307	31.4773758020598
22308	31.867932391241
22309	32.2254360811557
22310	32.5422287243063
22311	32.8162233140751
22312	33.0520863843773
22313	33.2526652395221
22314	33.4304028488469
22315	33.5924205449835
22316	33.7429919827647
22317	33.8836304651222
22318	34.0141363267814
22319	34.1252927546963
22320	34.2073716722461
22321	34.2615848046266
22322	34.288033049055
22323	34.2944579125384
22324	34.2808015012511
22325	34.2321176277668
22326	34.1440004221755
22327	34.0346816176352
22328	33.9229271143578
22329	33.8170862540534
22330	33.7244411084981
22331	33.6542080934349
22332	33.6128144933494
22333	33.6063088921283
22334	33.6389338510794
22335	33.7137702875427
22336	33.8293663560135
22337	33.9788942956662
22338	34.1594894662246
22339	34.3696324052721
22340	34.6071475239679
22341	34.8700945500406
22342	35.1555355733753
22343	35.4594554828506
22344	35.7775757999881
22345	36.1043083295213
22346	36.4352169471011
22347	36.768246720449
22348	37.1009242576658
22349	37.4326979932464
22350	37.7646199494201
22351	38.0949231011558
22352	38.4230779984055
22353	38.7480255236799
22354	39.0633520631787
22355	39.3591407353407
22356	39.6209878721319
22357	39.8337560366715
22358	39.9851899915134
22359	40.0815481216654
22360	40.1462083415019
22361	40.2015401290796
22362	40.2656251934713
22363	40.3517314247791
22364	40.4702541735693
22365	40.6289041341501
22366	40.8296090861107
22367	41.06901894941
22368	41.3430604809341
22369	41.6484699734332
22370	41.9811799643364
22371	42.3337913704833
22372	42.6955398768199
22373	43.0599670231741
22374	43.4172403730413
22375	43.7470920161719
22376	44.0362146167039
22377	44.2836707789995
22378	44.4943965638331
22379	44.6831500096565
22380	44.8631451985211
22381	45.0261938147593
22382	45.1507248842251
22383	45.2273540053975
22384	45.2629516970952
22385	45.2720164326745
22386	45.2693444762462
22387	45.2664026973609
22388	45.2699227705663
22389	45.2853147013295
22390	45.3169300937094
22391	45.3656542212078
22392	45.4342079444445
22393	45.52450410765
22394	45.6361438757479
22395	45.7673852856164
22396	45.9131785193978
22397	46.0704089582912
22398	46.2406260180965
22399	46.4231883991786
22400	46.610936279667
22401	46.7919161664117
22402	46.957101895742
22403	47.1027102463796
22404	47.2197184550888
22405	47.2966983208198
22406	47.3335906358726
22407	47.3376141388473
22408	47.3120435947335
22409	47.2601808440744
22410	47.1870333845416
22411	47.0974961326506
22412	46.9973978531059
22413	46.8937244765205
22414	46.7929662970505
22415	46.6971760658904
22416	46.6043821778348
22417	46.5126302058154
22418	46.4189892143525
22419	46.321750872822
22420	46.2195876232
22421	46.1131375678231
22422	46.0030491286689
22423	45.8891640530762
22424	45.7725771799259
22425	45.653090497698
22426	45.5310211321698
22427	45.4038422673257
22428	45.2698450115351
22429	45.1302944531911
22430	44.9878261124977
22431	44.844701706369
22432	44.696383608537
22433	44.5392326071737
22434	44.3750116293715
22435	44.2076609863182
22436	44.0412295302047
22437	43.8775287742815
22438	43.7177694960402
22439	43.5605388672739
22440	43.4045234994006
22441	43.2490141772308
22442	43.0935133828732
22443	42.9415762573999
22444	42.7946263614794
22445	42.6495429771367
22446	42.5039487385747
22447	42.359236641349
22448	42.2190787222262
22449	42.0849819271182
22450	41.9562288117163
22451	41.8331190056148
22452	41.712446043859
22453	41.5907292880983
22454	41.4677128556419
22455	41.3434119186161
22456	41.2161096521881
22457	41.0827897227682
22458	40.942329970694
22459	40.7982044873502
22460	40.6543126448265
22461	40.5070168170456
22462	40.3540423541581
22463	40.1965792686508
22464	40.0342373644414
22465	39.8665000788668
22466	39.6949321249171
22467	39.5217960565274
22468	39.3473211854469
22469	39.1714519965151
22470	38.9948956514352
22471	38.8208895751735
22472	38.6522038900048
22473	38.4881352445144
22474	38.3275396124067
22475	38.1716969138899
22476	38.0213688775096
22477	37.8777310411237
22478	37.7423511558892
22479	37.6169357764737
22480	37.5075686454118
22481	37.4102644695868
22482	37.3094980233664
22483	37.1916874781625
22484	37.047434993195
22485	36.868613968052
22486	36.6468335208353
22487	36.3793053696346
22488	36.0692618130118
22489	35.7200550746135
22490	35.3362583125181
22491	34.9226918933111
22492	34.4852299922431
22493	34.0326182337801
22494	33.5733794973964
22495	33.1139539717173
22496	32.6583095199458
22497	32.2097571478664
22498	31.7719956416311
22499	31.3497328629278
22500	30.9453572438987
22501	30.5592803886785
22502	30.1914211928696
22503	29.8402876233177
22504	29.5052410833666
22505	29.1860185412857
22506	28.8816699655951
22507	28.5918495678858
22508	28.3160317211485
22509	28.0543276003544
22510	27.8092501068281
22511	27.5868902571812
22512	27.3984842836609
22513	27.2544836473635
22514	27.161709508815
22515	27.1270203614033
22516	27.1468510854981
22517	27.2049107281067
22518	27.2915020966533
22519	27.4005431448566
22520	27.523332970086
22521	27.6550120068275
22522	27.7969596517851
22523	27.955534779902
22524	28.1329936511894
22525	28.3282723552825
22526	28.5399989467786
22527	28.7662174406762
22528	29.0097072592785
22529	29.2755826624068
22530	29.5627183515052
22531	29.8697464836752
22532	30.1933959442481
22533	30.533801901146
22534	30.8908294862611
22535	31.2627288716714
22536	31.6511359082463
22537	32.053510307873
22538	32.4651517052209
22539	32.8784974199754
22540	33.293709336444
22541	33.7047624169018
22542	34.0991398824673
22543	34.4657395396816
22544	34.7947466178172
22545	35.0871435470165
22546	35.3428711672586
22547	35.557618426718
22548	35.726477526284
22549	35.8496902274035
22550	35.9331432757355
22551	35.9821329678172
22552	36.0013821450455
22553	35.9954158420464
22554	35.9675831759036
22555	35.9210072346273
22556	35.8591835254185
22557	35.7866627900097
22558	35.7067481004824
22559	35.6202244489175
22560	35.5282613049313
22561	35.4347975076019
22562	35.3451776453936
22563	35.2629490398228
22564	35.1922857892465
22565	35.1397642859721
22566	35.1140690287497
22567	35.1257320774109
22568	35.1836569979392
22569	35.2948797245417
22570	35.4660967328122
22571	35.6996525211375
22572	35.993513161151
22573	36.3448581169235
22574	36.747153521453
22575	37.1900219317919
22576	37.6667469148807
22577	38.1729583102878
22578	38.7021402406797
22579	39.2482485526403
22580	39.8031842061414
22581	40.3611698362647
22582	40.9190933083851
22583	41.4717328496146
22584	42.013093443035
22585	42.5405768888407
22586	43.0526589055322
22587	43.5458717171421
22588	44.0188801220441
22589	44.4732260252229
22590	44.9108149596212
22591	45.3299597823191
22592	45.7287098373443
22593	46.1073535322848
22594	46.4663304953449
22595	46.8080614868091
22596	47.1353843492837
22597	47.4517836077272
22598	47.7585830579759
22599	48.0563091573565
22600	48.3464449690751
22601	48.6289221243169
22602	48.9026033349674
22603	49.1678509762876
22604	49.4251279145003
22605	49.6743800556325
22606	49.9174903227072
22607	50.1559625967228
22608	50.3894811092833
22609	50.6178663851156
22610	50.8418022463277
22611	51.0602709914105
22612	51.2730834814237
22613	51.4811066496112
22614	51.6839528415217
22615	51.8798838841057
22616	52.0701753028579
22617	52.2581393265692
22618	52.4446962823478
22619	52.6290447309311
22620	52.8089618322206
22621	52.9840820798837
22622	53.1554521485153
22623	53.3211297986744
22624	53.4788684062104
22625	53.6279385819918
22626	53.7648529618897
22627	53.8844582711361
22628	53.9817297362678
22629	54.0511380354137
22630	54.0982514550194
22631	54.1406089148774
22632	54.189947971648
22633	54.2555869601777
22634	54.3450117264005
22635	54.4585779315106
22636	54.59453655323
22637	54.7529752996231
22638	54.9344354588281
22639	55.1389176763815
22640	55.3655597193671
22641	55.6102653895397
22642	55.8668165507261
22643	56.1288042897511
22644	56.392093333949
22645	56.6534854869886
22646	56.9101408739423
22647	57.1571216207908
22648	57.3857302824143
22649	57.5890629645306
22650	57.7669442629937
22651	57.9259301687568
22652	58.0729293760896
22653	58.212042043738
22654	58.3455294594579
22655	58.4722063078828
22656	58.5873267948653
22657	58.6900933256179
22658	58.7812718687522
22659	58.8607187711197
22660	58.9323567467982
22661	58.9979223106561
22662	59.0576636371941
22663	59.1119510743485
22664	59.1584340361548
22665	59.1949162912642
22666	59.2193829192085
22667	59.2307067746782
22668	59.2307598343692
22669	59.2223783517066
22670	59.2083234551317
22671	59.1920497887364
22672	59.1744084725613
22673	59.1527105145301
22674	59.1246511859121
22675	59.0882652609182
22676	59.0445993276062
22677	58.9987258178186
22678	58.9540050979117
22679	58.9103966717715
22680	58.8662108877246
22681	58.8204838891976
22682	58.77219979188
22683	58.7199503260677
22684	58.6622162077194
22685	58.5992035249386
22686	58.5328015061361
22687	58.4628457326527
22688	58.3910148442741
22689	58.3184964832264
22690	58.2416761469753
22691	58.1573322346185
22692	58.0669811031286
22693	57.9732363756999
22694	57.8788257657908
22695	57.7873672012345
22696	57.698615634623
22697	57.6071174472107
22698	57.50813015824
22699	57.4014742484562
22700	57.2893141075188
22701	57.1721028781043
22702	57.04975026839
22703	56.9241456056122
22704	56.794862989106
22705	56.6608250724043
22706	56.5225084323668
22707	56.3807050390966
22708	56.2365241594927
22709	56.09102500903
22710	55.9447147340393
22711	55.7970939991473
22712	55.6482735360113
22713	55.4994347801141
22714	55.3521388489858
22715	55.2079011704116
22716	55.0665602284267
22717	54.9282563507285
22718	54.7934470911312
22719	54.6617934830014
22720	54.535353615381
22721	54.4150090957161
22722	54.3010501684159
22723	54.1903479640213
22724	54.0727427163496
22725	53.9398554821948
22726	53.7854876403588
22727	53.603326127376
22728	53.3885943662407
22729	53.1379787335902
22730	52.8510214830108
22731	52.5286213133269
22732	52.1722440805457
22733	51.7862496116384
22734	51.375161253875
22735	50.9441161601403
22736	50.4963413688073
22737	50.0354998797474
22738	49.5677661281208
22739	49.0975971045547
22740	48.6289362116033
22741	48.166204533539
22742	47.7133310196037
22743	47.2736032954447
22744	46.8495276033586
22745	46.4424034667396
22746	46.0532182172633
22747	45.6816033214222
22748	45.3262795666801
22749	44.9876053165235
22750	44.6655647327701
22751	44.3587971159516
22752	44.0678364352452
22753	43.7959978272061
22754	43.5466507624623
22755	43.3244467574623
22756	43.1361610249791
22757	42.9873148063013
22758	42.8766186846289
22759	42.8000381015041
22760	42.7542587500631
22761	42.7332087828239
22762	42.7370240857959
22763	42.7677624337789
22764	42.8217497668357
22765	42.9025857702636
22766	43.0180902773846
22767	43.1708126952711
22768	43.3628234418599
22769	43.5975518818428
22770	43.876062310126
22771	44.1967964872029
22772	44.5597407998191
22773	44.9680593471124
22774	45.4258326766329
22775	45.9321020705834
22776	46.4800556041732
22777	47.0612851891312
22778	47.6728352973623
22779	48.3122921011738
22780	48.9667947186651
22781	49.6216609961819
22782	50.2706452382196
22783	50.9130229270255
22784	51.5460395049843
22785	52.1618457845185
22786	52.7468684163613
22787	53.2894641084555
22788	53.7955682806956
22789	54.2718515058792
22790	54.7155751960001
22791	55.1297896031452
22792	55.522536742808
22793	55.9003881717288
22794	56.2688738638535
22795	56.6322434029804
22796	56.9922758735107
22797	57.3489555016802
22798	57.7009873582388
22799	58.0470156870878
22800	58.3868787681162
22801	58.7205468109807
22802	59.0462139598208
22803	59.3626110141376
22804	59.6673658154054
22805	59.9545728900663
22806	60.2161073743591
22807	60.4467376794416
22808	60.6396107029771
22809	60.7954411123621
22810	60.9226057986677
22811	61.0240884679962
22812	61.1087996337629
22813	61.189044898868
22814	61.273832492142
22815	61.3701123457949
22816	61.4775686633812
22817	61.5906964495489
22818	61.7070137495288
22819	61.8237300496226
22820	61.9362472559105
22821	62.0433240832746
22822	62.1419223340518
22823	62.228843920889
22824	62.302386238985
22825	62.3603021178489
22826	62.4035517399801
22827	62.4345420495716
22828	62.4566564360407
22829	62.4717918570065
22830	62.4792015386074
22831	62.4783771727193
22832	62.4689818714594
22833	62.4513917301448
22834	62.4255118964059
22835	62.3904815064854
22836	62.3478955308474
22837	62.2988987332797
22838	62.2450103227525
22839	62.18820053714
22840	62.1302994825405
22841	62.0739555039761
22842	62.021026818756
22843	61.9751841229731
22844	61.9415385700833
22845	61.9250318926133
22846	61.9275767930624
22847	61.9491702805811
22848	61.9891427531978
22849	62.0478681742509
22850	62.1258633310447
22851	62.2207866670687
22852	62.3296210840317
22853	62.4478091934544
22854	62.5686338381224
22855	62.6859364403712
22856	62.7934966780018
22857	62.8841751817668
22858	62.9486713666603
22859	62.9779056517341
22860	62.966990422203
22861	62.9146307656184
22862	62.8197740464422
22863	62.6827806234755
22864	62.5059556946653
22865	62.2906133784511
22866	62.0375714155757
22867	61.7457646035978
22868	61.413024005909
22869	61.0399561630066
22870	60.629207805641
22871	60.184105151348
22872	59.710782312983
22873	59.2165057251325
22874	58.7063246976021
22875	58.1832426285442
22876	57.6517404413867
22877	57.1156503083172
22878	56.5785251476003
22879	56.0471554780658
22880	55.5269995091101
22881	55.0220450509292
22882	54.5355409524223
22883	54.0683412404208
22884	53.6226679157523
22885	53.2010295468395
22886	52.8031227538331
22887	52.4268198264945
22888	52.0703590200726
22889	51.7334389738538
22890	51.4166144470889
22891	51.1180551107717
22892	50.8362675421414
22893	50.5731948018727
22894	50.3304412447474
22895	50.1100327664943
22896	49.9172990861543
22897	49.7520749366561
22898	49.6101944719102
22899	49.4893133969989
22900	49.3818839651501
22901	49.2824735185826
22902	49.1952442054016
22903	49.1237619557567
22904	49.0675574156801
22905	49.021147068309
22906	48.974532429642
22907	48.918413095972
22908	48.8496426901399
22909	48.7761589518114
22910	48.7087677156458
22911	48.6500649161677
22912	48.5938099423816
22913	48.5350694307519
22914	48.4716781335487
22915	48.4040044410589
22916	48.3385140004114
22917	48.2782312930312
22918	48.2198786881573
22919	48.1617542956642
22920	48.1035682285609
22921	48.0492286301245
22922	48.0057803871261
22923	47.9763400406281
22924	47.9564038808155
22925	47.9374054952262
22926	47.9114474097136
22927	47.8753410823674
22928	47.8347081422175
22929	47.7976535383487
22930	47.7709774321809
22931	47.7566312373698
22932	47.7490100606019
22933	47.7423372198175
22934	47.7316482682363
22935	47.7128619522766
22936	47.6865788327555
22937	47.656151326367
22938	47.6253809107021
22939	47.5969312863884
22940	47.5719906852578
22941	47.5499014084107
22942	47.5310326288623
22943	47.51747131791
22944	47.510928049459
22945	47.5145930919318
22946	47.534612145222
22947	47.5755449284524
22948	47.6377943861899
22949	47.7191705236596
22950	47.8162998549867
22951	47.9243557881721
22952	48.0387479919842
22953	48.1542549277308
22954	48.2646920428758
22955	48.3655806130164
22956	48.4536908487377
22957	48.528752156702
22958	48.5903119817418
22959	48.6361551786222
22960	48.6656675936509
22961	48.6788724610303
22962	48.6758691628186
22963	48.6566616755916
22964	48.6224523616966
22965	48.5745053089516
22966	48.5144987825423
22967	48.4464559289314
22968	48.3729514629431
22969	48.2947240834618
22970	48.2130819108862
22971	48.1296071323099
22972	48.0450113993548
22973	47.9595145240512
22974	47.8740641967457
22975	47.7925551027476
22976	47.7186190054253
22977	47.6602283884893
22978	47.629139239401
22979	47.629634408607
22980	47.6581077013537
22981	47.7110073953114
22982	47.7879030806137
22983	47.8854553579708
22984	48.000552231228
22985	48.1334111201272
22986	48.2850807309895
22987	48.4561848505886
22988	48.6443341964046
22989	48.8468612886903
22990	49.062695268643
22991	49.2911408760258
22992	49.5306793931554
22993	49.7791890633836
22994	50.0343839907883
22995	50.2947352967269
22996	50.5600116353445
22997	50.8290318884703
22998	51.0997734046005
22999	51.3698596023866
23000	51.6366449850462
23001	51.8992929388939
23002	52.1581709833905
23003	52.4130933577695
23004	52.662452143997
23005	52.9037218579959
23006	53.1349998360823
23007	53.3578927384838
23008	53.5730375960216
23009	53.7792702123978
23010	53.9793004257329
23011	54.1752924821186
23012	54.3670618986302
23013	54.5528034742357
23014	54.7316418598617
23015	54.9042941856932
23016	55.0703404660404
23017	55.2304366445196
23018	55.3847590939111
23019	55.5353309189802
23020	55.685240834741
23021	55.8315593302124
23022	55.9722036689378
23023	56.1136387588882
23024	56.266274383145
23025	56.4378286358746
23026	56.6344631817707
23027	56.8607918255381
23028	57.1203112290598
23029	57.4146191996001
23030	57.7417229626538
23031	58.0983894909182
23032	58.481121632334
23033	58.886440772125
23034	59.3107161388195
23035	59.7501480404951
23036	60.2004204410807
23037	60.6559765003143
23038	61.1083634901714
23039	61.5514490473845
23040	61.9803671172904
23041	62.3884328682659
23042	62.7667481378989
23043	63.1085258630588
23044	63.4113127493805
23045	63.6702818217971
23046	63.8852333891924
23047	64.0644783463813
23048	64.2147819991074
23049	64.3423343212358
23050	64.4566852813878
23051	64.5659253633229
23052	64.6774454298166
23053	64.7984054389715
23054	64.9330368846107
23055	65.0822480178765
23056	65.2456189356849
23057	65.4218870149487
23058	65.6086440789402
23059	65.803616051933
23060	66.0055819992986
23061	66.2119350247939
23062	66.4196687223973
23063	66.6221720818756
23064	66.8067625413302
23065	66.9644109026427
23066	67.096051610805
23067	67.2095768386318
23068	67.314350363748
23069	67.4187093436711
23070	67.529595384557
23071	67.6520035485315
23072	67.7899555043102
23073	67.9450000736057
23074	68.117192708796
23075	68.3053509652352
23076	68.5069179283681
23077	68.718985761766
23078	68.9381291626857
23079	69.162197523574
23080	69.3896360772995
23081	69.6182162998973
23082	69.8462399643009
23083	70.0713869494418
23084	70.2920154326293
23085	70.5075055894438
23086	70.7174779859369
23087	70.9211116704937
23088	71.1169401477397
23089	71.3033015091599
23090	71.4794361484307
23091	71.6451384001846
23092	71.8006224966319
23093	71.9461100713296
23094	72.0783409082164
23095	72.1932068622723
23096	72.2851522171502
23097	72.3483359545795
23098	72.3765910900235
23099	72.3638493017957
23100	72.3087524521692
23101	72.2140814970167
23102	72.0829655270482
23103	71.9178797538413
23104	71.7206752143145
23105	71.4927149421644
23106	71.2359711041131
23107	70.9529556053404
23108	70.6450759559117
23109	70.3127878111069
23110	69.9567175421354
23111	69.5779859729571
23112	69.1797612612847
23113	68.765425095513
23114	68.3370866149021
23115	67.8969219618501
23116	67.4475244285835
23117	66.9930268843822
23118	66.5381595580988
23119	66.0890220429457
23120	65.6534108628779
23121	65.2333533839382
23122	64.8282156398214
23123	64.4395167086421
23124	64.0697974051944
23125	63.7186307656147
23126	63.3870974579842
23127	63.0748381700635
23128	62.7808839139231
23129	62.5051941792028
23130	62.2435417417108
23131	61.9955036096366
23132	61.7629099396257
23133	61.5454679615045
23134	61.3424941962409
23135	61.1518108820437
23136	60.971048606648
23137	60.7988690218452
23138	60.6337192394992
23139	60.4752013930667
23140	60.3234973570019
23141	60.1787524056768
23142	60.0399139599937
23143	59.907325273314
23144	59.7815061800988
23145	59.6607841248064
23146	59.5471785674739
23147	59.4467900158997
23148	59.3641640563843
23149	59.3005642373729
23150	59.2572120118573
23151	59.2364484982435
23152	59.2389136044515
23153	59.2636291944782
23154	59.3109116414447
23155	59.3823534022487
23156	59.4782766534359
23157	59.5977132909016
23158	59.7395302875777
23159	59.9027881116398
23160	60.0871672225598
23161	60.2921183130182
23162	60.5166809522384
23163	60.7597816551354
23164	61.0199967105522
23165	61.2964831869654
23166	61.5879194723629
23167	61.8933359027917
23168	62.2108329139845
23169	62.5377458029352
23170	62.8723244009024
23171	63.2116767889456
23172	63.5524939298952
23173	63.8927329510343
23174	64.2309372710648
23175	64.5651958823301
23176	64.892455175727
23177	65.2105948901047
23178	65.5197306638825
23179	65.8202513992128
23180	66.1101184711152
23181	66.3804053116492
23182	66.6253366639083
23183	66.8423260479476
23184	67.0279594033982
23185	67.1882172666886
23186	67.3291316297482
23187	67.4542460751937
23188	67.5661932675644
23189	67.6662816538208
23190	67.7552043889219
23191	67.8311450274038
23192	67.8949491991236
23193	67.9488727036867
23194	67.9947274765652
23195	68.0336107275501
23196	68.0646787804463
23197	68.0840458977141
23198	68.0887760597346
23199	68.0803399524645
23200	68.0611523996454
23201	68.0332379691181
23202	67.9985244239636
23203	67.9566231153214
23204	67.9063106581986
23205	67.8474981045377
23206	67.7794754026086
23207	67.7030284622515
23208	67.6189181888923
23209	67.5271261167246
23210	67.431428403918
23211	67.3327783944004
23212	67.2286245656503
23213	67.118249252546
23214	67.0017652195705
23215	66.8799882511185
23216	66.7534291376362
23217	66.6239359649283
23218	66.4944613273098
23219	66.3659169521772
23220	66.2356139000236
23221	66.0988633184394
23222	65.9544340660522
23223	65.8030698896025
23224	65.6459652920656
23225	65.4847139309986
23226	65.3179973947536
23227	65.1440805551644
23228	64.9620773213739
23229	64.7716920078576
23230	64.57351969431
23231	64.3675801857496
23232	64.1538934826847
23233	63.9335781690082
23234	63.7068203641595
23235	63.4735754486914
23236	63.2362020707832
23237	62.9966803312459
23238	62.7573659354953
23239	62.5203661445696
23240	62.2872047244815
23241	62.0583415981554
23242	61.8338114395332
23243	61.6143162481373
23244	61.3999708136864
23245	61.1895588718168
23246	60.9833877290934
23247	60.783050660656
23248	60.5916352972713
23249	60.4085355738134
23250	60.2327627173879
23251	60.0642703790657
23252	59.8998822655349
23253	59.7404032568177
23254	59.585371068363
23255	59.4341270664678
23256	59.2855727203358
23257	59.1382800018735
23258	58.9928412200283
23259	58.848952636869
23260	58.7057327146964
23261	58.5636081589192
23262	58.4234761235713
23263	58.2850991283112
23264	58.1480975403928
23265	58.0123716001547
23266	57.8785497309018
23267	57.7468358712633
23268	57.6183285946031
23269	57.4933387011377
23270	57.3702598146073
23271	57.2480278932242
23272	57.1280071686915
23273	57.0112371106035
23274	56.8983487095037
23275	56.7924631395637
23276	56.6957775662771
23277	56.604663723957
23278	56.5091525683954
23279	56.399194165598
23280	56.2693203030638
23281	56.1184876112231
23282	55.9504579364422
23283	55.7712977308085
23284	55.5862794518199
23285	55.3990679349999
23286	55.2106449102365
23287	55.022590217816
23288	54.8360764378206
23289	54.6527984042392
23290	54.4729266139599
23291	54.2947972901305
23292	54.1186361299512
23293	53.9453725279826
23294	53.7780090023832
23295	53.6190080110839
23296	53.4667321663711
23297	53.3201087032741
23298	53.180506838093
23299	53.0471788320107
23300	52.9174198186706
23301	52.789421072196
23302	52.6636990247531
23303	52.5441244852975
23304	52.4337235567278
23305	52.3292494372394
23306	52.2242989716019
23307	52.1123073373071
23308	51.9873367584012
23309	51.8477870110351
23310	51.6968585174314
23311	51.5378529679178
23312	51.3718476270427
23313	51.2014538431686
23314	51.0302026477778
23315	50.8615542499608
23316	50.6995903074353
23317	50.5467978993872
23318	50.404040838784
23319	50.2724499928294
23320	50.1527181569014
23321	50.0451868540134
23322	49.9500511496996
23323	49.8669746157764
23324	49.7958374887755
23325	49.7367856355968
23326	49.690384913204
23327	49.6581404668788
23328	49.6414938884947
23329	49.6409056676975
23330	49.6540613265157
23331	49.6758435684342
23332	49.6988962416101
23333	49.7160451225451
23334	49.7231903804536
23335	49.7162021314428
23336	49.6914715117674
23337	49.6483471655391
23338	49.5882692590749
23339	49.5149168114974
23340	49.4319192353897
23341	49.34152629826
23342	49.244827135086
23343	49.143642823224
23344	49.0399190659762
23345	48.9333526636828
23346	48.8246326211804
23347	48.7139229674458
23348	48.6005268774014
23349	48.4865732216004
23350	48.3739788701281
23351	48.2643212647653
23352	48.1585607662018
23353	48.0568396291842
23354	47.9620714892647
23355	47.877947093846
23356	47.8077007762637
23357	47.7587501293902
23358	47.7373804625779
23359	47.7427471344077
23360	47.7674628865831
23361	47.8030351547936
23362	47.8452935566052
23363	47.891062730735
23364	47.9368271123326
23365	47.9784037605665
23366	48.0125261869974
23367	48.038652099244
23368	48.0577144126814
23369	48.0688776947747
23370	48.0710161112782
23371	48.0650199681539
23372	48.0527375374569
23373	48.0364813587238
23374	48.0176977076645
23375	47.9968025649839
23376	47.974981508461
23377	47.9532573789132
23378	47.9327193338325
23379	47.9143092430043
23380	47.8986714474895
23381	47.8870288883024
23382	47.8818423902955
23383	47.8835911376938
23384	47.8899333260197
23385	47.9020493692065
23386	47.9206564445519
23387	47.9439569674437
23388	47.9711998089269
23389	48.0028819215555
23390	48.0391913050488
23391	48.0806433374252
23392	48.128763342797
23393	48.1826281990165
23394	48.2401822625545
23395	48.3006012752578
23396	48.3637078340516
23397	48.4301705145591
23398	48.5002808928937
23399	48.5726389431155
23400	48.646134148454
23401	48.7226794549807
23402	48.802154975535
23403	48.8825309030255
23404	48.9654440763287
23405	49.0510667349106
23406	49.13757234889
23407	49.2250914720073
23408	49.3140287776965
23409	49.4032569216145
23410	49.4973947323447
23411	49.6036643438146
23412	49.7189222129935
23413	49.8316693980873
23414	49.9298699081979
23415	50.0043037484492
23416	50.0486696103232
23417	50.0607634394406
23418	50.0409000474938
23419	49.9892368084737
23420	49.9073719293336
23421	49.7974651882903
23422	49.6604099553783
23423	49.4977974294427
23424	49.3142019724441
23425	49.1139420095945
23426	48.8982652322778
23427	48.6684682570572
23428	48.42762172844
23429	48.1802221703145
23430	47.9296888378545
23431	47.679409798668
23432	47.4346945424507
23433	47.1993595995353
23434	46.9732931150002
23435	46.7564745822424
23436	46.5502694957185
23437	46.3546043720436
23438	46.1695921209522
23439	45.9954605680543
23440	45.8320862498129
23441	45.6807276065141
23442	45.5423981943996
23443	45.4162636139223
23444	45.3013041336316
23445	45.1972345632945
23446	45.1044245397961
23447	45.0227290449853
23448	44.9526665789419
23449	44.8936609175835
23450	44.8431323518857
23451	44.8000160487414
23452	44.7648403116506
23453	44.7377541957819
23454	44.7177651375795
23455	44.7042671703965
23456	44.6967427744263
23457	44.6955394695767
23458	44.7020242626483
23459	44.7185337426408
23460	44.7485132012933
23461	44.7973432645702
23462	44.8726544277431
23463	44.9809736485113
23464	45.1229767188301
23465	45.2938762604127
23466	45.4867259576474
23467	45.6943304889449
23468	45.9130894578048
23469	46.1421495226085
23470	46.3803111839597
23471	46.6248479606503
23472	46.8741890112422
23473	47.1287091755214
23474	47.3886477331341
23475	47.6531204831779
23476	47.9191180829999
23477	48.1832213025731
23478	48.4451106769772
23479	48.7066869762953
23480	48.9671279145485
23481	49.224140150669
23482	49.4771766286062
23483	49.7248609218264
23484	49.9649121924355
23485	50.1975890619002
23486	50.4251797692073
23487	50.6484608440751
23488	50.8668975141846
23489	51.0800528999566
23490	51.2884168274284
23491	51.4917750658121
23492	51.6893875859365
23493	51.8815477301236
23494	52.0691189176765
23495	52.2524846753717
23496	52.4295200369056
23497	52.5987045177218
23498	52.7612444710509
23499	52.9198515774805
23500	53.0770786593776
23501	53.232791458087
23502	53.3854637262396
23503	53.5352395030476
23504	53.6834593538963
23505	53.8294221436823
23506	53.9708244399616
23507	54.1068082068734
23508	54.2364324330818
23509	54.357682830784
23510	54.4708018419071
23511	54.5775121985328
23512	54.6778441331125
23513	54.7735445205058
23514	54.8717662730538
23515	54.982841790798
23516	55.1121652348713
23517	55.2606251013869
23518	55.4298726892695
23519	55.6205599481944
23520	55.8333733767093
23521	56.0684381937826
23522	56.3225560167955
23523	56.5923322414369
23524	56.8743042082959
23525	57.1654182784023
23526	57.4626640475412
23527	57.7629954576812
23528	58.0631895553334
23529	58.3607759320327
23530	58.6550869821927
23531	58.9448849291717
23532	59.2289816527765
23533	59.507117408834
23534	59.7781907139122
23535	60.0402796857831
23536	60.2931400562934
23537	60.5369867306449
23538	60.7723629549307
23539	61.0002231609706
23540	61.2216704121334
23541	61.4366395900114
23542	61.6455549692221
23543	61.8489185833673
23544	62.045088495145
23545	62.2327711948756
23546	62.4117613336027
23547	62.5834727106918
23548	62.749853343349
23549	62.9116756769856
23550	63.0684210498367
23551	63.2212212750655
23552	63.3709476400482
23553	63.5154966516144
23554	63.6529270812113
23555	63.7840871230722
23556	63.9118895756754
23557	64.038657475502
23558	64.164968485326
23559	64.2896697812143
23560	64.4070419043337
23561	64.5068322435034
23562	64.5856402486564
23563	64.6478599144085
23564	64.6919973365725
23565	64.7161718090861
23566	64.7266320670192
23567	64.7309984235557
23568	64.7317919161018
23569	64.7249025310947
23570	64.7062293485445
23571	64.6763269784865
23572	64.6394748397394
23573	64.6030191455405
23574	64.5697473010225
23575	64.5391410331076
23576	64.5107357899639
23577	64.4818416759269
23578	64.4521628235198
23579	64.4228500651232
23580	64.3940705408519
23581	64.3654271544551
23582	64.3350290360394
23583	64.3026643217383
23584	64.2701910158972
23585	64.2373643433892
23586	64.2021609565403
23587	64.1626001146842
23588	64.1182859839939
23589	64.0729427807551
23590	64.0302524470788
23591	63.9907756017894
23592	63.9568394077662
23593	63.9304552250332
23594	63.910015586575
23595	63.893334692723
23596	63.8803450100925
23597	63.8711269367169
23598	63.8648095195882
23599	63.8621959436457
23600	63.8637715512274
23601	63.8688585451304
23602	63.8761493598053
23603	63.8847022777317
23604	63.8953206393858
23605	63.9084714835179
23606	63.9239505818893
23607	63.9396926544604
23608	63.9539690347982
23609	63.9687471521191
23610	63.9871118773071
23611	64.0107712536562
23612	64.0395527493933
23613	64.071566664237
23614	64.1049278338816
23615	64.1404687707596
23616	64.1791613760047
23617	64.2216743665857
23618	64.2686510071256
23619	64.3183402527549
23620	64.3694101438484
23621	64.4217656272325
23622	64.474331279944
23623	64.5257171293327
23624	64.5756548901395
23625	64.6229253614146
23626	64.6672333611054
23627	64.7092186102313
23628	64.7490717749462
23629	64.7867866362931
23630	64.8236156754697
23631	64.8609060939569
23632	64.8992542199598
23633	64.9392651704685
23634	64.9795044126878
23635	65.0188342316805
23636	65.0592900648828
23637	65.1025280906484
23638	65.1485836634587
23639	65.196165122789
23640	65.2434859424596
23641	65.2935725420928
23642	65.349869069896
23643	65.4119287195218
23644	65.4801047240297
23645	65.5552326027588
23646	65.6348455285302
23647	65.7174371242209
23648	65.8019721861645
23649	65.8869570369554
23650	65.9694571037639
23651	66.0460731136823
23652	66.1153165164598
23653	66.1772521602958
23654	66.2299886262663
23655	66.2714638965657
23656	66.3062595798544
23657	66.3387704102266
23658	66.3696052176916
23659	66.3978456918948
23660	66.4218827705134
23661	66.4410374228137
23662	66.4556113758101
23663	66.4658034762952
23664	66.4719534710631
23665	66.474144107877
23666	66.4742425343151
23667	66.475942391751
23668	66.4806116010736
23669	66.4858024765944
23670	66.4876418253087
23671	66.4864127011196
23672	66.4861959555879
23673	66.4902002244447
23674	66.4997258148427
23675	66.5123722692155
23676	66.5234354492014
23677	66.5320294530885
23678	66.5400682893649
23679	66.5488495954365
23680	66.5589061554256
23681	66.5707522194787
23682	66.5842659906225
23683	66.5971109265727
23684	66.6080063025807
23685	66.6170293446711
23686	66.6245027582746
23687	66.6322493057578
23688	66.642409922086
23689	66.6550296307494
23690	66.6667721157567
23691	66.6752005517893
23692	66.6822817922299
23693	66.6915854170084
23694	66.7056023324518
23695	66.7231932824903
23696	66.7415774248327
23697	66.7603892903439
23698	66.7785570822049
23699	66.795774125981
23700	66.8129715959094
23701	66.8302762291832
23702	66.8478395835036
23703	66.8659775934753
23704	66.883646989499
23705	66.9013222354708
23706	66.9207474988609
23707	66.9421408925064
23708	66.9667007014022
23709	66.9934556523451
23710	67.0199517749797
23711	67.0454963179102
23712	67.0702006722176
23713	67.0949633053244
23714	67.1217397829679
23715	67.1506304363109
23716	67.1817651467258
23717	67.2176760067789
23718	67.2611941847603
23719	67.3167251856557
23720	67.3877162582552
23721	67.4760206401027
23722	67.5834860957745
23723	67.7121257509761
23724	67.8631393364039
23725	68.0355025573892
23726	68.2281122360348
23727	68.440313458399
23728	68.6706601102891
23729	68.9169542500639
23730	69.1767846672068
23731	69.4481717912441
23732	69.7271388195089
23733	70.0076541538381
23734	70.2831892538784
23735	70.5461303090162
23736	70.7918362714991
23737	71.0123870387247
23738	71.2042321619556
23739	71.3762680581956
23740	71.5364823539619
23741	71.6910763465653
23742	71.845711706322
23743	72.0035064684844
23744	72.169044126506
23745	72.3460683908213
23746	72.5345216227793
23747	72.7334854074598
23748	72.9412603065543
23749	73.1557876362502
23750	73.3728463441264
23751	73.5883671166836
23752	73.79801116483
23753	73.9957424075386
23754	74.1792579322179
23755	74.35102762016
23756	74.5125445105066
23757	74.6627686803331
23758	74.8006454422502
23759	74.9239478046245
23760	75.0327589758303
23761	75.1279365515574
23762	75.209607168519
23763	75.2790665814889
23764	75.3370959055805
23765	75.3844485804933
23766	75.421804171468
23767	75.4485640547151
23768	75.4647330793791
23769	75.4723465214065
23770	75.4724147904596
23771	75.4668900017461
23772	75.4574993873486
23773	75.4428213892811
23774	75.4226734566318
23775	75.3986593257344
23776	75.3720062762757
23777	75.3433258771544
23778	75.3126353845419
23779	75.2801938005341
23780	75.2455909378248
23781	75.209116763183
23782	75.1717616299686
23783	75.1342607301904
23784	75.0951267081266
23785	75.0520916991056
23786	75.0070253090339
23787	74.9612981149989
23788	74.9149365831292
23789	74.8696866622942
23790	74.8269809582244
23791	74.7858795293494
23792	74.7454597245014
23793	74.7051761958257
23794	74.664288742909
23795	74.6224486064144
23796	74.5794796553481
23797	74.5346569376791
23798	74.487239980431
23799	74.4381264907917
23800	74.3870875802415
23801	74.333853206363
23802	74.2797917905804
23803	74.2254257166537
23804	74.1703373514472
23805	74.1144302471685
23806	74.056965883825
23807	73.9971914788092
23808	73.9359405964313
23809	73.8748822708188
23810	73.8149191048078
23811	73.7561911127137
23812	73.6992498005412
23813	73.6437711487099
23814	73.5891458692424
23815	73.536139346064
23816	73.4845317808085
23817	73.4332020534547
23818	73.3816985936578
23819	73.3307577111665
23820	73.281990873629
23821	73.2355483342706
23822	73.1904479044453
23823	73.1454520508014
23824	73.1020663724996
23825	73.0642133567919
23826	73.0326120956189
23827	73.008488516319
23828	72.9942024349877
23829	72.9907198325831
23830	72.9985893360839
23831	73.0171172857042
23832	73.0476115788017
23833	73.0915705008725
23834	73.1476170699445
23835	73.2154939316053
23836	73.297450972198
23837	73.3938131616586
23838	73.5024102932886
23839	73.6224392897883
23840	73.7526778942687
23841	73.8899882699889
23842	74.032101439433
23843	74.178119194293
23844	74.3262063184864
23845	74.475127054426
23846	74.625398324207
23847	74.7760977970528
23848	74.9270182293176
23849	75.0781076505712
23850	75.227901930581
23851	75.3765490565091
23852	75.524261101295
23853	75.6695265689713
23854	75.8116008217334
23855	75.9502589349355
23856	76.0857167768333
23857	76.2187364894821
23858	76.3489021016502
23859	76.47559256051
23860	76.5980376407488
23861	76.7166377120273
23862	76.8315545627021
23863	76.9425331198017
23864	77.0502538018189
23865	77.1540060399374
23866	77.2534215387335
23867	77.3489833674335
23868	77.44222151361
23869	77.5343004747667
23870	77.6247436060301
23871	77.7130331191848
23872	77.7980532153796
23873	77.8788932388127
23874	77.9570961878932
23875	78.0338933996691
23876	78.109073499456
23877	78.1830498298939
23878	78.2557738969639
23879	78.3267476319046
23880	78.3948295720522
23881	78.4604002180236
23882	78.5251372416401
23883	78.5892694314455
23884	78.6528467139935
23885	78.7151829470069
23886	78.7745132183909
23887	78.8308483249899
23888	78.8855683336613
23889	78.9395114300616
23890	78.9915617481465
23891	79.0393406753212
23892	79.0812109742898
23893	79.1157026199649
23894	79.1396080620741
23895	79.1487997642133
23896	79.1393770140161
23897	79.107421630889
23898	79.0497799466833
23899	78.9658244421456
23900	78.8559808853363
23901	78.7197492242721
23902	78.5566441682059
23903	78.3666682381864
23904	78.150583648048
23905	77.9097516540703
23906	77.6444627181475
23907	77.354112514669
23908	77.0397633044245
23909	76.7047724681128
23910	76.3512425158818
23911	75.9810185365175
23912	75.5972133801449
23913	75.2019618023793
23914	74.798862054463
23915	74.3916698557414
23916	73.9834271001042
23917	73.5778126783158
23918	73.1772021988384
23919	72.7832714121222
23920	72.3977309243637
23921	72.0229545781212
23922	71.6610605963296
23923	71.3125540123731
23924	70.9776258013184
23925	70.6579780698496
23926	70.3541551826719
23927	70.0643681138055
23928	69.7898083028453
23929	69.5316683748054
23930	69.2896424184044
23931	69.0638680090637
23932	68.8540832297966
23933	68.6587837007843
23934	68.4760680876509
23935	68.3051368936797
23936	68.1458419799349
23937	67.9979373188193
23938	67.8611631638408
23939	67.7349796610792
23940	67.6183095951702
23941	67.5113299599391
23942	67.4152966091964
23943	67.3325603091544
23944	67.2671141262773
23945	67.2229459935453
23946	67.2044277483731
23947	67.2169419647605
23948	67.2623907635197
23949	67.3405925036315
23950	67.4512944035817
23951	67.5937054919745
23952	67.7671040426747
23953	67.9695644130429
23954	68.2008333648224
23955	68.4620971464446
23956	68.7531423369144
23957	69.0738582972679
23958	69.4226820201905
23959	69.7971954288085
23960	70.1969595904299
23961	70.6213645401748
23962	71.0691535927905
23963	71.5389217457171
23964	72.0279441540003
23965	72.5330506114581
23966	73.0500708757184
23967	73.5749700317573
23968	74.1029059455471
23969	74.6290536235977
23970	75.1503735050848
23971	75.6636091705614
23972	76.1657782789622
23973	76.6541246530581
23974	77.1258992232159
23975	77.5786541686132
23976	78.0108424297389
23977	78.4215040567162
23978	78.8110792898
23979	79.1800018013979
23980	79.5281496260201
23981	79.8567903665966
23982	80.1678026792096
23983	80.4629454302492
23984	80.7440127136773
23985	81.0119013336224
23986	81.2673856790956
23987	81.51139503308
23988	81.7437797794467
23989	81.9626978008167
23990	82.1670112575001
23991	82.3564857680215
23992	82.5299359043259
23993	82.6885014022614
23994	82.8299849028009
23995	82.9484469087063
23996	83.0452563060366
23997	83.1250328066294
23998	83.190307712691
23999	83.2451800465058
24000	83.2929623934194
24001	83.3314063894322
24002	83.3549838974619
24003	83.3608001316574
24004	83.3480556510575
24005	83.3154624239562
24006	83.2622857188537
24007	83.1896179716304
24008	83.0972570819806
24009	82.9846108291512
24010	82.8520033950854
24011	82.6987844667047
24012	82.5240052914495
24013	82.326068211113
24014	82.1026818783594
24015	81.8512923052439
24016	81.5698876640357
24017	81.2582945988176
24018	80.9178959997178
24019	80.5495648438594
24020	80.153972677856
24021	79.732801826881
24022	79.2883840141104
24023	78.8228863334558
24024	78.3383739821734
24025	77.8365566270997
24026	77.3208493563873
24027	76.7959719311694
24028	76.265555356061
24029	75.7328719720875
24030	75.1999810764746
24031	74.6678194152178
24032	74.1371866358642
24033	73.6080442894067
24034	73.0804531554791
24035	72.5557505274255
24036	72.0346778694032
24037	71.5164650617119
24038	71.0006253581434
24039	70.4866224567326
24040	69.9738920538879
24041	69.4637385166074
24042	68.9570098028997
24043	68.452849308853
24044	67.9504208426388
24045	67.4489837742096
24046	66.9476521425576
24047	66.4464048483671
24048	65.9458834706269
24049	65.4467512618234
24050	64.9494266915957
24051	64.4541284551065
24052	63.9609145076633
24053	63.4697155889755
24054	62.9803637968347
24055	62.49261679004
24056	62.0061781712494
24057	61.5207145444828
24058	61.0358696759831
24059	60.5512761225459
24060	60.0665646350531
24061	59.5813715999339
24062	59.0953447480417
24063	58.6081473376355
24064	58.1194610034467
24065	57.6289874545262
24066	57.1364491970961
24067	56.6415894527894
24068	56.1441714357826
24069	55.6439771433315
24070	55.1408058026162
24071	54.6344721025485
24072	54.1248043226596
24073	53.6116424530087
24074	53.0948363800209
24075	52.5742441941364
24076	52.0497306569598
24077	51.5211658489635
24078	50.9884240043061
24079	50.4513825273693
24080	49.9099211764063
24081	49.3639213932517
24082	48.8132657542283
24083	48.2578375159216
24084	47.6975202300119
24085	47.1321974034245
24086	46.5617521832295
24087	45.9885969708839
24088	45.4143108595755
24089	44.836348738373
24090	44.2553775854579
24091	43.6745399426209
24092	43.0950098505379
24093	42.5182261956648
24094	41.9444872808148
24095	41.3717445193216
24096	40.7993012947515
24097	40.2277287547497
24098	39.6574766249294
24099	39.0901327864273
24100	38.5265952973183
24101	37.9645793894151
24102	37.4039940451499
24103	36.8450769200729
24104	36.2860855831458
24105	35.7290868978772
24106	35.1771009755569
24107	34.6289690693334
24108	34.0831049326895
24109	33.5399259779126
24110	32.9973348331839
24111	32.4569725788947
24112	31.9226806038457
24113	31.3946494703594
24114	30.869833670574
24115	30.3478445930319
24116	29.8300743525841
24117	29.3175108273749
24118	28.8105171706771
24119	28.3044027422385
24120	27.8007932413306
24121	27.3045897548132
24122	26.8164997142186
24123	26.3360825411548
24124	25.8622582449813
24125	25.3934320507679
24126	24.9289162421987
24127	24.4722839793641
24128	24.0240967178295
24129	23.5792738679223
24130	23.1368829460697
24131	22.70035330667
24132	22.2717189021622
24133	21.8533417874658
24134	21.4426607059989
24135	21.0385877952637
24136	20.6440481947784
24137	20.2629621450515
24138	19.8963927647586
24139	19.5388907196329
24140	19.1938877538314
24141	18.8614893250487
24142	18.5392054214788
24143	18.2292297898836
24144	17.9319668991226
24145	17.6474545485639
24146	17.3757208418796
24147	17.1170920665989
24148	16.8705086510841
24149	16.6412011573034
24150	16.4348295297879
24151	16.2486427359303
24152	16.0791004243018
24153	15.927671600024
24154	15.8015888450782
24155	15.6948400296899
24156	15.5996203656549
24157	15.5230799624361
24158	15.4712630703219
24159	15.4570940484774
24160	15.5046608594222
24161	15.6216641507356
24162	15.7996412531882
24163	16.0488857626767
24164	16.393906882844
24165	16.8346827772099
24166	17.3677904937447
24167	18.0229621765962
24168	18.8724824300431
24169	19.9936894131392
24170	21.3987215496029
24171	22.8177309086884
24172	23.6725018484323
24173	23.5761589714914
24174	22.4632155349457
24175	20.0970998031038
24176	16.0651412403988
24177	10.3179571549402
24178	2.94784681912135
24179	-6.44027728684683
24180	-19.0060500099661
24181	-28.0241184920314
24182	-20.9160981409751
24183	-5.85808103140476
24184	1.46248175356954
24185	2.49708833108082
24186	1.52479304163668
24187	0.00503088654395751
24188	-1.47858244680644
24189	-2.62368756030208
24190	-3.240699863263
24191	-3.3454681785859
24192	-3.04837444043623
24193	-2.43247247942372
24194	-1.57146581713375
24195	-0.585362596657683
24196	0.423580114308518
24197	1.45859310541967
24198	2.50072133683407
24199	3.45971852038063
24200	4.29552098853627
24201	5.02642320707854
24202	5.68344841609853
24203	6.27644180288704
24204	6.80309095863167
24205	7.27860667538366
24206	7.72548097554966
24207	8.16470896574728
24208	8.61178182226538
24209	9.07500025808335
24210	9.5654359821033
24211	10.0901774408106
24212	10.6294869619529
24213	11.1731332875673
24214	11.718346774097
24215	12.2588748459803
24216	12.7916863584008
24217	13.3080318112442
24218	13.8051172195211
24219	14.2836965755819
24220	14.747436083841
24221	15.1973140272082
24222	15.6314211343423
24223	16.0478386346717
24224	16.4437419926181
24225	16.8144696672978
24226	17.1577293339804
24227	17.4830993956635
24228	17.7870704966852
24229	18.0741621939447
24230	18.3441677898934
24231	18.5938326571867
24232	18.8305101460661
24233	19.059849468919
24234	19.2841457413862
24235	19.4993255841737
24236	19.7054955024851
24237	19.9057769451
24238	20.1098503671262
24239	20.3227069449422
24240	20.5378011261888
24241	20.7557196163467
24242	20.9824596745144
24243	21.2202069501092
24244	21.4844868245038
24245	21.7742756731931
24246	22.0663189899877
24247	22.3592754588493
24248	22.6694576270777
24249	22.9970836596337
24250	23.3454712609881
24251	23.7328316058868
24252	24.1442250334097
24253	24.5639235091076
24254	24.9979372996574
24255	25.4449452010398
24256	25.916544544865
24257	26.4207617929974
24258	26.9441002217995
24259	27.4749906003168
24260	28.0170992779911
24261	28.5713076681983
24262	29.1259547094226
24263	29.6769515859624
24264	30.2165104063442
24265	30.740801722196
24266	31.2552288826874
24267	31.7652828587256
24268	32.2727243187514
24269	32.7605138904825
24270	33.2189763281708
24271	33.6367541968938
24272	34.0008218206619
24273	34.3228551401353
24274	34.6054261109495
24275	34.8551061258938
24276	35.0811990180489
24277	35.3086052065072
24278	35.5509922566111
24279	35.7895816095903
24280	36.0319925098545
24281	36.3025562244029
24282	36.5967580177444
24283	36.9112255290527
24284	37.2362312234516
24285	37.5695824903871
24286	37.9076175022133
24287	38.2529839689591
24288	38.6164437883614
24289	38.9962121980691
24290	39.3896786254201
24291	39.7928816504941
24292	40.2032921849963
24293	40.6180077875473
24294	41.029623417522
24295	41.4310857549283
24296	41.8224166160425
24297	42.2020692326636
24298	42.569968497968
24299	42.9255202826892
24300	43.2660679292273
24301	43.5914369879987
24302	43.9046871090871
24303	44.209574038197
24304	44.5033520317448
24305	44.784701601648
24306	45.0553002692487
24307	45.3162716649752
24308	45.5680623943367
24309	45.8095195901447
24310	46.0409173963017
24311	46.2642367103044
24312	46.4811466051699
24313	46.6921553306908
24314	46.8957746361113
24315	47.0913852209919
24316	47.2795736631081
24317	47.4602063503018
24318	47.6323867346007
24319	47.7958706640477
24320	47.9541892788814
24321	48.1116904507871
24322	48.2693672552279
24323	48.4257091794618
24324	48.5790331499113
24325	48.7276521489803
24326	48.8714910860387
24327	49.0122992040146
24328	49.150306300565
24329	49.2864328326534
24330	49.4221182525186
24331	49.5572397553417
24332	49.6912374295444
24333	49.8241202649454
24334	49.9555477154973
24335	50.0856013177985
24336	50.2155057243606
24337	50.3455694535885
24338	50.4740288102313
24339	50.5969867913423
24340	50.7115329178206
24341	50.8123122439524
24342	50.8951649630025
24343	50.9570673863567
24344	50.9878131638167
24345	50.978590006226
24346	50.9276862863596
24347	50.8308628939307
24348	50.6847863327002
24349	50.488657544241
24350	50.2402172308768
24351	49.9357908156916
24352	49.5725042340091
24353	49.1477628013268
24354	48.6618143757286
24355	48.1205217443937
24356	47.5276966776605
24357	46.8856170428091
24358	46.2026332602214
24359	45.4883402419449
24360	44.7500306588747
24361	43.9997852037492
24362	43.2494048414432
24363	42.5058883776411
24364	41.778884114679
24365	41.0773840036522
24366	40.4071115737402
24367	39.7731975090705
24368	39.179064865697
24369	38.6294752845421
24370	38.127122449991
24371	37.6698982950198
24372	37.2539636877492
24373	36.8757825298654
24374	36.5328263603893
24375	36.2207869344286
24376	35.9342927335397
24377	35.6715917667112
24378	35.4341006338485
24379	35.2267400816786
24380	35.0639430607186
24381	34.962239275246
24382	34.9164848198417
24383	34.9034031692278
24384	34.9032831033218
24385	34.9001122249007
24386	34.8801749437386
24387	34.836089079959
24388	34.7654512086042
24389	34.6687697217989
24390	34.5462059734073
24391	34.3996194210316
24392	34.2362126324041
24393	34.0605429231944
24394	33.8738639326362
24395	33.6800676053579
24396	33.4830795499745
24397	33.2860350541942
24398	33.0906774324239
24399	32.8980722279001
24400	32.7109286738839
24401	32.5311956797501
24402	32.3599557581707
24403	32.1996359300452
24404	32.0531178856697
24405	31.920898921593
24406	31.8025405627421
24407	31.6964817592392
24408	31.6010105826796
24409	31.5147451210182
24410	31.4385912725928
24411	31.3734682279591
24412	31.3172391827185
24413	31.2709561000905
24414	31.2381267466828
24415	31.2202518327264
24416	31.2169872192371
24417	31.2279087985117
24418	31.2537423344143
24419	31.2937315060725
24420	31.3457762071873
24421	31.4091248534572
24422	31.4842485588055
24423	31.5705220388333
24424	31.6677127195335
24425	31.7768482152558
24426	31.8958906209977
24427	32.0193105822675
24428	32.1458963226186
24429	32.2838768835873
24430	32.447327521744
24431	32.6564675185777
24432	32.9207178424456
24433	33.2267795231197
24434	33.5546179416354
24435	33.8860172994491
24436	34.2080571616863
24437	34.509461045638
24438	34.7786597610637
24439	35.0116608152206
24440	35.2099296352751
24441	35.3751680424299
24442	35.5094164469128
24443	35.6146971948448
24444	35.6969766163253
24445	35.7599664757631
24446	35.8073450479586
24447	35.8457577966552
24448	35.8773503589608
24449	35.9041874975766
24450	35.9313590131632
24451	35.9636455946968
24452	36.0031530234788
24453	36.0497038219911
24454	36.1019923357769
24455	36.1589548373853
24456	36.2207000978332
24457	36.2912168146378
24458	36.373756039633
24459	36.4709603649639
24460	36.5827701176065
24461	36.7081455291566
24462	36.8515073188617
24463	37.0149325542372
24464	37.205803234935
24465	37.4380879638168
24466	37.7183469851595
24467	38.0570065426208
24468	38.45133650101
24469	38.8839427917876
24470	39.3402642523587
24471	39.804528298055
24472	40.2661248234416
24473	40.7186665326535
24474	41.154117758228
24475	41.5678632868097
24476	41.9621287562471
24477	42.3364623593717
24478	42.6886653361754
24479	43.0222610755285
24480	43.3421007036726
24481	43.6482609576964
24482	43.9421011955011
24483	44.2275315274548
24484	44.5105180881521
24485	44.7948580608035
24486	45.0809169766185
24487	45.3668470284771
24488	45.6485874735165
24489	45.927844456761
24490	46.2106830068202
24491	46.5002753963971
24492	46.7913544473241
24493	47.0791482441053
24494	47.3611908126372
24495	47.6372055406878
24496	47.9147566371266
24497	48.2000714001775
24498	48.488186640758
24499	48.7764462210015
24500	49.0616550509205
24501	49.3390449028211
24502	49.6123973914127
24503	49.8835304014484
24504	50.1504891952059
24505	50.4150665185149
24506	50.6750362229822
24507	50.923884301127
24508	51.1628148631049
24509	51.395039944854
24510	51.6213292632975
24511	51.8426571239892
24512	52.0566319639277
24513	52.2631559268772
24514	52.4648992464808
24515	52.6654007125567
24516	52.8671351641387
24517	53.0609474856082
24518	53.240564456658
24519	53.405706938528
24520	53.5516517760675
24521	53.6730170823111
24522	53.7704118198327
24523	53.846020691923
24524	53.898742417397
24525	53.928023202749
24526	53.9356532997098
24527	53.9283654989807
24528	53.9121318360023
24529	53.8908235992575
24530	53.8667154304319
24531	53.8455830799631
24532	53.837784732507
24533	53.8521787207632
24534	53.8985447119316
24535	53.9817429758918
24536	54.096981411502
24537	54.2354760005115
24538	54.3871765158328
24539	54.543429172729
24540	54.695982387616
24541	54.8363385911376
24542	54.9612882865658
24543	55.069919554551
24544	55.1621866274168
24545	55.2417827188036
24546	55.3124154827342
24547	55.3734289784295
24548	55.4229675098514
24549	55.4588658395672
24550	55.4794437343143
24551	55.4868702584787
24552	55.4830617905827
24553	55.4687127039576
24554	55.4464539587123
24555	55.419022377149
24556	55.3907100494744
24557	55.3657071610565
24558	55.345536844084
24559	55.3343753646134
24560	55.3388176667902
24561	55.3631736330273
24562	55.4081978278422
24563	55.4741607474744
24564	55.5614090287673
24565	55.6700724920655
24566	55.7986737718639
24567	55.9442753788608
24568	56.1114001360805
24569	56.3042374773871
24570	56.5181026280543
24571	56.7482937625093
24572	56.9949612234037
24573	57.2557652949109
24574	57.5262132811725
24575	57.8035996760551
24576	58.082859753714
24577	58.359381227689
24578	58.6296251030917
24579	58.8945772135535
24580	59.1599997963501
24581	59.42543317626
24582	59.6864918636044
24583	59.9402620276617
24584	60.1864406841219
24585	60.4262117400284
24586	60.6587994736363
24587	60.8826164808364
24588	61.0964046536374
24589	61.2985145106264
24590	61.4878879987326
24591	61.6678570211597
24592	61.8411396607998
24593	62.0030152125366
24594	62.1563301150366
24595	62.3077446160953
24596	62.4604384290093
24597	62.6120555000672
24598	62.7632861921484
24599	62.9147300075561
24600	63.061860131509
24601	63.2096237180423
24602	63.360238297591
24603	63.5083372856147
24604	63.6485500997863
24605	63.7788258162504
24606	63.8923383376823
24607	63.9755583577875
24608	64.0183861605348
24609	64.0156340082931
24610	63.9659897747061
24611	63.8703625402875
24612	63.7300832753285
24613	63.5486294087944
24614	63.3285773081442
24615	63.0714347462609
24616	62.7821335082558
24617	62.4648806663473
24618	62.1213799691977
24619	61.7552037290772
24620	61.3733063335315
24621	60.9815101487613
24622	60.5845610856459
24623	60.1886231504071
24624	59.8027131776983
24625	59.4410841005776
24626	59.1142443869607
24627	58.8292330381477
24628	58.5876081441982
24629	58.3853971520071
24630	58.2176997296426
24631	58.079919827822
24632	57.9676589362525
24633	57.8727688273268
24634	57.7863441513795
24635	57.7058899778768
24636	57.6309280802265
24637	57.5589349278268
24638	57.4917729646158
24639	57.4337194057947
24640	57.3891687144943
24641	57.3631250604884
24642	57.3628352424915
24643	57.3974681202183
24644	57.4762243792866
24645	57.60936167529
24646	57.8102266298812
24647	58.0898854921404
24648	58.4489519226605
24649	58.8811955672377
24650	59.3777879071018
24651	59.9309303890715
24652	60.5327698655276
24653	61.1766956812694
24654	61.8592441390745
24655	62.5711232123109
24656	63.30236520256
24657	64.0478777474958
24658	64.8053501650827
24659	65.5732888846619
24660	66.3473224595925
24661	67.1169821481194
24662	67.8683170833635
24663	68.5865484115392
24664	69.2574787936471
24665	69.868900197844
24666	70.4216266089326
24667	70.9278984022569
24668	71.3934723506078
24669	71.8246567755568
24670	72.2288107553891
24671	72.609186453841
24672	72.9669681975144
24673	73.303991468526
24674	73.6238564079952
24675	73.9306651477739
24676	74.225126943124
24677	74.5079451091697
24678	74.782942886128
24679	75.053564205947
24680	75.3199413026197
24681	75.5791744085132
24682	75.8298530840343
24683	76.0769576525441
24684	76.326374640694
24685	76.5756840110112
24686	76.8205716934536
24687	77.0605485487305
24688	77.2987726026002
24689	77.5380430645665
24690	77.7772736219578
24691	78.0137268387356
24692	78.2458760189127
24693	78.4716709413227
24694	78.6888839762043
24695	78.8960943710639
24696	79.0945649583773
24697	79.2872219089976
24698	79.473997242173
24699	79.6524783664895
24700	79.819131669652
24701	79.9744081333019
24702	80.12309045843
24703	80.2691563207829
24704	80.4131483042214
24705	80.5513666564466
24706	80.6791763489402
24707	80.7936154842653
24708	80.8940271451079
24709	80.9825778316968
24710	81.0669319732403
24711	81.1557299642063
24712	81.2541946865527
24713	81.3658163446709
24714	81.493282079282
24715	81.6375469088986
24716	81.7976846923489
24717	81.9734403666456
24718	82.1644452052813
24719	82.3690034701648
24720	82.5838674795506
24721	82.8060660411471
24722	83.0330895677806
24723	83.2628212783807
24724	83.4934057307169
24725	83.7226994695745
24726	83.9503259488907
24727	84.1750231891225
24728	84.3949683640341
24729	84.611648097312
24730	84.8274562349818
24731	85.0416825633596
24732	85.24777542138
24733	85.4399663359028
24734	85.6122304224428
24735	85.7585400015234
24736	85.8836630223269
24737	85.9984129857872
24738	86.1080981573904
24739	86.2150402547527
24740	86.3209292519253
24741	86.426157143962
24742	86.5300292272429
24743	86.6298139943927
24744	86.725364109411
24745	86.8164924123482
24746	86.9029511124817
24747	86.9862593637488
24748	87.0657485335062
24749	87.1415105496856
24750	87.2146214988597
24751	87.2850070716822
24752	87.3533586987389
24753	87.4204587512151
24754	87.4857535947235
24755	87.5484266006761
24756	87.6065836471559
24757	87.658030611865
24758	87.7026275441243
24759	87.7413850592719
24760	87.776397093735
24761	87.809207340249
24762	87.8386116809479
24763	87.8642727178011
24764	87.8858629535604
24765	87.9030087601875
24766	87.9161606362228
24767	87.9248156815973
24768	87.9289747179263
24769	87.9287917415728
24770	87.9236508354672
24771	87.9136359593688
24772	87.8999293654661
24773	87.8846009662796
24774	87.8691019471033
24775	87.8525111834206
24776	87.8327013338504
24777	87.8085756411154
24778	87.781063918488
24779	87.7513845639588
24780	87.7208026921766
24781	87.6894041959774
24782	87.655745607261
24783	87.6191187117082
24784	87.5790582805829
24785	87.5347446387065
24786	87.4857816463897
24787	87.4326799320094
24788	87.3764554644937
24789	87.3171535909707
24790	87.2556109402291
24791	87.1917747279958
24792	87.1234772269473
24793	87.0501926078687
24794	86.9725490394097
24795	86.8918966650723
24796	86.8099365432006
24797	86.7260454231328
24798	86.639797669392
24799	86.5506021089134
24800	86.4567017875347
24801	86.3576906593882
24802	86.2537131080086
24803	86.1459021896125
24804	86.0344189862308
24805	85.9212761186525
24806	85.8066571648005
24807	85.6907679262554
24808	85.5754478221812
24809	85.4606399196661
24810	85.3459358070812
24811	85.2306981810699
24812	85.1151554246402
24813	84.9985907127993
24814	84.8811133766754
24815	84.7649374051479
24816	84.6511566765271
24817	84.5397659908115
24818	84.4319335744565
24819	84.3279198257023
24820	84.2263792946973
24821	84.1268566436874
24822	84.0309057165998
24823	83.9397473782338
24824	83.8536417470987
24825	83.7735338996079
24826	83.6984627756036
24827	83.6268514379366
24828	83.5608316009512
24829	83.5045282744179
24830	83.4635243324495
24831	83.4432610756258
24832	83.4474706703415
24833	83.4788846346287
24834	83.5405604986611
24835	83.6354843993642
24836	83.7643184220464
24837	83.9264937715268
24838	84.1215117931206
24839	84.3481796472427
24840	84.6040478618352
24841	84.8855147074305
24842	85.189802976829
24843	85.5153302867077
24844	85.859322535104
24845	86.2181629929008
24846	86.5872811118438
24847	86.9630740811598
24848	87.3433335911067
24849	87.7249355406843
24850	88.1044745187608
24851	88.4800531493909
24852	88.8504233871425
24853	89.2136776726701
24854	89.567244901752
24855	89.9091046512854
24856	90.2382956204226
24857	90.5530474338731
24858	90.8519668615573
24859	91.1349023447307
24860	91.3993683152079
24861	91.6426161245654
24862	91.8609275020511
24863	92.0496211197669
24864	92.2066871070215
24865	92.3312655775453
24866	92.4272507569019
24867	92.5032211261917
24868	92.5641713660098
24869	92.6098554310404
24870	92.6403402468781
24871	92.6574036623337
24872	92.6622215039711
24873	92.6559696810005
24874	92.6388647879761
24875	92.6119847143915
24876	92.5776884207423
24877	92.5376932425455
24878	92.4929352459563
24879	92.4425385889598
24880	92.3858170418428
24881	92.3244184235261
24882	92.2600283595585
24883	92.1929967387399
24884	92.1243410296646
24885	92.0542776258081
24886	91.9820348388927
24887	91.9074806552054
24888	91.8308769751753
24889	91.7527996752566
24890	91.6730168660971
24891	91.5904415858706
24892	91.5055437659584
24893	91.4194465251851
24894	91.3309348252946
24895	91.2393006942992
24896	91.1457806918871
24897	91.0494371060707
24898	90.9477022822763
24899	90.8403451240525
24900	90.7279923874408
24901	90.6107721292519
24902	90.4889565930399
24903	90.3629156372538
24904	90.2340413135355
24905	90.1039213405372
24906	89.9726340091252
24907	89.8384250554964
24908	89.6992147980496
24909	89.5542902637675
24910	89.4022715002593
24911	89.2433384527779
24912	89.0793921976725
24913	88.9108873325296
24914	88.7386190455045
24915	88.5636321298964
24916	88.3877817560575
24917	88.2126998005226
24918	88.0354753242259
24919	87.8556987011263
24920	87.6763655177145
24921	87.4987578162749
24922	87.3271490824473
24923	87.1642466638433
24924	87.0092627962407
24925	86.8616411869211
24926	86.7204484819872
24927	86.5852301353484
24928	86.4567819826958
24929	86.3362079937745
24930	86.2234027624155
24931	86.1178141107964
24932	86.0180417493306
24933	85.9229902464791
24934	85.8328221466453
24935	85.7466529900008
24936	85.6632484218331
24937	85.5829305699125
24938	85.506376616399
24939	85.4333117167226
24940	85.3635199727354
24941	85.2975496572732
24942	85.2352505810957
24943	85.1757375624458
24944	85.1183139034775
24945	85.0627883586845
24946	85.0106577223723
24947	84.961422732665
24948	84.912668561332
24949	84.8644935429244
24950	84.8165287420344
24951	84.7680125643615
24952	84.718515611527
24953	84.6666517090602
24954	84.6125867834153
24955	84.5567555712431
24956	84.4999161412407
24957	84.4431602965311
24958	84.3862941262205
24959	84.329235391657
24960	84.2720034492554
24961	84.2135988764564
24962	84.1500574852031
24963	84.0761549841789
24964	83.9880453509131
24965	83.8829221759364
24966	83.7584799848279
24967	83.6131104834765
24968	83.4447982530502
24969	83.2545541707776
24970	83.0442206617826
24971	82.8150363704031
24972	82.5691800419377
24973	82.3092707273639
24974	82.0388423469822
24975	81.7594715945553
24976	81.4726632445411
24977	81.1810263546134
24978	80.8872244103944
24979	80.5937349671135
24980	80.3040708239238
24981	80.0241972318428
24982	79.760576700992
24983	79.5184711659775
24984	79.301902682984
24985	79.1093472893707
24986	78.9354092286171
24987	78.7756216604377
24988	78.6252557487422
24989	78.4792326220196
24990	78.333821353557
24991	78.1854477535748
24992	78.0298307503871
24993	77.8642833770853
24994	77.6887700394463
24995	77.5040668447713
24996	77.3107129051851
24997	77.1105035994778
24998	76.9072808701672
24999	76.7053116468949
25000	76.5097368230488
25001	76.3227087196838
25002	76.1441213436772
25003	75.9760123248684
25004	75.8195450942335
25005	75.6745015337984
25006	75.5421718251675
25007	75.4252798997054
25008	75.3244960114916
25009	75.2385364095152
25010	75.1651479617618
25011	75.1030628567131
25012	75.053245931203
25013	75.0165559215912
25014	74.992055903017
25015	74.977417460219
25016	74.9736962316202
25017	74.9828435088006
25018	75.0041176715289
25019	75.0360876278945
25020	75.0783316427089
25021	75.1306061250512
25022	75.1918158908664
25023	75.2610159646592
25024	75.338284854926
25025	75.4241300184429
25026	75.5183150271927
25027	75.6213847574512
25028	75.7339591550016
25029	75.8547965385245
25030	75.9838390737877
25031	76.1240913706205
25032	76.2769149820758
25033	76.4412039155087
25034	76.6166194142851
25035	76.8027073944499
25036	76.998574362396
25037	77.2048292118852
25038	77.4227803085241
25039	77.6498940505617
25040	77.8815419727869
25041	78.1167970921953
25042	78.3563384176652
25043	78.5991416899163
25044	78.8405700818814
25045	79.0762494766137
25046	79.310618004374
25047	79.5485973871172
25048	79.7904434308114
25049	80.0362342390588
25050	80.28574740448
25051	80.5380759107807
25052	80.7916458088942
25053	81.0461874509862
25054	81.3010610725295
25055	81.5540165231984
25056	81.8050637320484
25057	82.0539642426456
25058	82.2968185412794
25059	82.530695807759
25060	82.7534340676852
25061	82.9635751506531
25062	83.1641089465348
25063	83.3583177946964
25064	83.5455843619864
25065	83.7272281749803
25066	83.9058793514833
25067	84.0822418658032
25068	84.2543988975914
25069	84.4204209483561
25070	84.5805618619374
25071	84.7353795237637
25072	84.8864131485925
25073	85.0357061885151
25074	85.184773107079
25075	85.3348258914932
25076	85.4833715008049
25077	85.6296814759657
25078	85.776682627653
25079	85.9257819493912
25080	86.0798067016347
25081	86.2393898313264
25082	86.4013937510661
25083	86.5643735445238
25084	86.7282492945411
25085	86.8913221113968
25086	87.0519718966773
25087	87.2096022172965
25088	87.3621124695687
25089	87.5079518300356
25090	87.6470917707742
25091	87.7782934157546
25092	87.9009953475506
25093	88.0144235017068
25094	88.1172803115458
25095	88.209786522872
25096	88.2951119532943
25097	88.3749583988735
25098	88.4480212976531
25099	88.5163788011709
25100	88.5809029502402
25101	88.6408781583009
25102	88.6960375839507
25103	88.7461800560874
25104	88.7920553817605
25105	88.8333185306624
25106	88.8692138867093
25107	88.8996272024777
25108	88.9250013958154
25109	88.9453582666157
25110	88.9622125576314
25111	88.9754824125431
25112	88.9831949765085
25113	88.9844832863141
25114	88.9790979873481
25115	88.9664312907909
25116	88.9467463706604
25117	88.9250959129003
25118	88.9052322601002
25119	88.887816123595
25120	88.8727039976558
25121	88.8562870487942
25122	88.8343913715578
25123	88.8039128331738
25124	88.7625286441014
25125	88.7081344023679
25126	88.638109073655
25127	88.5503959812813
25128	88.4436372132367
25129	88.3175863380311
25130	88.1731005380515
25131	88.0093440379414
25132	87.8267024869421
25133	87.6251686457063
25134	87.4031126107267
25135	87.1603238427759
25136	86.8990001407463
25137	86.6234092188081
25138	86.3350149068095
25139	86.0357034650694
25140	85.7295220286395
25141	85.4198753219325
25142	85.1110573217718
25143	84.8070153611884
25144	84.5103005427478
25145	84.2192084104528
25146	83.929347542355
25147	83.6376403772458
25148	83.3430508044048
25149	83.0457578390038
25150	82.7455751822924
25151	82.443758121376
25152	82.1429896940432
25153	81.8462575026979
25154	81.5559935715938
25155	81.2727302608913
25156	80.9970633305087
25157	80.7303050760347
25158	80.4743931144481
25159	80.231268261759
25160	80.0020544346651
25161	79.787864881569
25162	79.5904677285174
25163	79.4126987424598
25164	79.2555632491213
25165	79.1198960216729
25166	79.004169857821
25167	78.9056980493375
25168	78.8227042586442
25169	78.7526189184983
25170	78.692015051988
25171	78.6386976022681
25172	78.5936140231904
25173	78.556847631536
25174	78.5288711497859
25175	78.5104111115094
25176	78.4997520380908
25177	78.4963615192251
25178	78.5007724778701
25179	78.512644801776
25180	78.5316825116681
25181	78.5578358372121
25182	78.5901649332352
25183	78.6273830143398
25184	78.670852380904
25185	78.7219348281423
25186	78.7792412218118
25187	78.8419188749377
25188	78.910817106142
25189	78.987651992223
25190	79.0722429030713
25191	79.1632185110985
25192	79.2567329557171
25193	79.3464475980723
25194	79.430381380082
25195	79.5068419835711
25196	79.5725773516487
25197	79.6251661689454
25198	79.6633090927493
25199	79.6861738753949
25200	79.6927303585396
25201	79.6842275697879
25202	79.663513556003
25203	79.631450741777
25204	79.5881540279218
25205	79.5364457357755
25206	79.4787274148061
25207	79.4184430884163
25208	79.3612244752646
25209	79.3120570592568
25210	79.2770689323594
25211	79.2628281504062
25212	79.2724609975356
25213	79.3039895742163
25214	79.3556109093156
25215	79.4280873684392
25216	79.5218831846757
25217	79.638046824201
25218	79.7775593152374
25219	79.9395555506094
25220	80.122064870018
25221	80.3235717025062
25222	80.5423028484123
25223	80.7775339387778
25224	81.0280937520117
25225	81.2913685369615
25226	81.5665339523462
25227	81.8531719673243
25228	82.1493282487941
25229	82.4537145024017
25230	82.7653669224155
25231	83.0827689310067
25232	83.4037312555212
25233	83.725738608277
25234	84.047788975665
25235	84.3674922236435
25236	84.6826834227971
25237	84.9927194790201
25238	85.2965367099097
25239	85.5930913571189
25240	85.8814673304438
25241	86.1609193143213
25242	86.4304630145032
25243	86.6880637932119
25244	86.9331305168958
25245	87.1671307245399
25246	87.3901807274296
25247	87.6033657333507
25248	87.8076668637477
25249	88.0023228796579
25250	88.1874550055089
25251	88.3625486827354
25252	88.5272599309491
25253	88.6823836870499
25254	88.8262236578473
25255	88.9544173385784
25256	89.0659950657553
25257	89.1637771209549
25258	89.2486704362945
25259	89.3209525071802
25260	89.3847919416567
25261	89.4439409487977
25262	89.5004103242331
25263	89.556049433622
25264	89.6118514545726
25265	89.6685777709513
25266	89.7268563825293
25267	89.7874893029128
25268	89.8510354308259
25269	89.916335823811
25270	89.9834951240569
25271	90.0536430636245
25272	90.1261955123843
25273	90.2004039062749
25274	90.2763103153146
25275	90.35302671307
25276	90.4281260840343
25277	90.5013297686313
25278	90.5716122419504
25279	90.6380219813526
25280	90.7008147778486
25281	90.7596771097308
25282	90.8146380322249
25283	90.8641515958231
25284	90.9079200830016
25285	90.9470758327575
25286	90.9837051321565
25287	91.0190423952722
25288	91.0526207619461
25289	91.0839662643674
25290	91.111975766278
25291	91.1358544334949
25292	91.1549477375025
25293	91.1687565466526
25294	91.1780512416814
25295	91.1844325119832
25296	91.1885059495348
25297	91.1897933503771
25298	91.1873135075661
25299	91.1805443414519
25300	91.1704075111241
25301	91.1586501785424
25302	91.1445624116634
25303	91.1270104644895
25304	91.1070972656655
25305	91.0852584266653
25306	91.0611518185333
25307	91.0352746044189
25308	91.0089488636398
25309	90.9825790995378
25310	90.9552917798634
25311	90.925915611566
25312	90.8941243931213
25313	90.8602435253042
25314	90.8244024650528
25315	90.7860321167028
25316	90.7441886293402
25317	90.6992555260257
25318	90.651847644541
25319	90.6024283668454
25320	90.5520978019058
25321	90.5004281294589
25322	90.4472140804657
25323	90.3940642995317
25324	90.3442898208188
25325	90.3015350103803
25326	90.2678844614294
25327	90.2444532570907
25328	90.2318259984306
25329	90.2331711090929
25330	90.2524737816427
25331	90.2918190523308
25332	90.352956592031
25333	90.4369466139751
25334	90.5432972161845
25335	90.6711933095719
25336	90.8182099563936
25337	90.9823821020886
25338	91.1627430784684
25339	91.3558112450837
25340	91.5594957380143
25341	91.7738581243981
25342	91.9963593787274
25343	92.2222857831575
25344	92.4468140828651
25345	92.6654526863387
25346	92.8737354270674
25347	93.0675730903057
25348	93.2436065644008
25349	93.3992659119703
25350	93.5321563783424
25351	93.6419833690938
25352	93.7330361717463
25353	93.8101318118204
25354	93.8780452856612
25355	93.9405572964888
25356	93.9972956370066
25357	94.0450995294653
25358	94.0829989933209
25359	94.1141938076355
25360	94.1420518646303
25361	94.1674604993819
25362	94.1878989134316
25363	94.2018922376172
25364	94.209174550754
25365	94.2100864076431
25366	94.2065705759619
25367	94.1985061160759
25368	94.1835911057522
25369	94.1609378479193
25370	94.1321941740926
25371	94.1006562907409
25372	94.0678202729394
25373	94.032147218802
25374	93.9917664101241
25375	93.9454967234146
25376	93.8946437784892
25377	93.8435719541671
25378	93.7959940263755
25379	93.7518197436454
25380	93.7084312615661
25381	93.6637157067466
25382	93.6177993521461
25383	93.5712967169313
25384	93.5242611557611
25385	93.4753930169644
25386	93.4216666810924
25387	93.361304733348
25388	93.295182068664
25389	93.2264593944308
25390	93.1568013515019
25391	93.0854616905086
25392	93.0119666373354
25393	92.9365622244989
25394	92.8598106297978
25395	92.7818972943519
25396	92.7015209064385
25397	92.6175202996775
25398	92.530324221665
25399	92.4404015731962
25400	92.3479987345733
25401	92.2539760193232
25402	92.1585353773267
25403	92.0599817282153
25404	91.9580534385537
25405	91.852144888356
25406	91.740868884904
25407	91.6235798649005
25408	91.4996846045629
25409	91.3705866497888
25410	91.2377852788164
25411	91.101838254406
25412	90.9633980274137
25413	90.8234998455594
25414	90.6827450684524
25415	90.540212882441
25416	90.394245974163
25417	90.2443935452267
25418	90.0927284490124
25419	89.9401321928128
25420	89.7866321927929
25421	89.6342703323211
25422	89.4843721748468
25423	89.3377101754899
25424	89.1958458828831
25425	89.0595377059735
25426	88.9267738623792
25427	88.7948123172463
25428	88.6628098803373
25429	88.5295552957744
25430	88.393641242516
25431	88.2541242409517
25432	88.1102684553161
25433	87.9610508226981
25434	87.8063965754514
25435	87.6464134417446
25436	87.4809317403263
25437	87.3102330772061
25438	87.1353129906026
25439	86.9568453160557
25440	86.7755234480747
25441	86.5926725008713
25442	86.4095149906233
25443	86.227809227524
25444	86.0472483080288
25445	85.8679911752613
25446	85.6909563383938
25447	85.5160121603488
25448	85.345682964022
25449	85.1831386268536
25450	85.0330766616277
25451	84.8978596894485
25452	84.7737649151332
25453	84.6562615462566
25454	84.5415260492078
25455	84.425192335063
25456	84.3035195043432
25457	84.1732917297772
25458	84.0315274478977
25459	83.8770781551003
25460	83.7094394134737
25461	83.5292675173034
25462	83.3379362786552
25463	83.1353125823925
25464	82.9205397159257
25465	82.6946706368678
25466	82.4608348993285
25467	82.2217868345748
25468	81.9807383778643
25469	81.7404262375133
25470	81.5012647746019
25471	81.2637832158013
25472	81.0292412881656
25473	80.7983438982822
25474	80.5721989296913
25475	80.3521420996291
25476	80.1389871760277
25477	79.9336586280082
25478	79.7372072490168
25479	79.5507265813817
25480	79.3756959225569
25481	79.2142219125064
25482	79.0682849700041
25483	78.940414232414
25484	78.8332467366339
25485	78.7473712791488
25486	78.6827705571259
25487	78.640932234809
25488	78.6227255579487
25489	78.6257572952902
25490	78.6478686456522
25491	78.6884932948125
25492	78.7456841067599
25493	78.8179958015536
25494	78.9023384324095
25495	78.9933537851948
25496	79.0878108040699
25497	79.1859195870071
25498	79.288645679203
25499	79.3950146474166
25500	79.5031041168171
25501	79.6123333113613
25502	79.7242644804448
25503	79.8396236081641
25504	79.9576174267725
25505	80.0771825436191
25506	80.1978083539763
25507	80.3216937277339
25508	80.4525024667558
25509	80.5907705506347
25510	80.7347062436906
25511	80.8808020699803
25512	81.0264293908862
25513	81.1716295724939
25514	81.3172541610662
25515	81.4649150881287
25516	81.6138462765275
25517	81.7621408154671
25518	81.9097442605293
25519	82.0585686013056
25520	82.2099296696859
25521	82.364388238179
25522	82.5229381390784
25523	82.6844567586618
25524	82.846881289302
25525	83.0088149920664
25526	83.17148494175
25527	83.3363245732155
25528	83.5031558299096
25529	83.6717262979717
25530	83.8390397198224
25531	84.0024656870881
25532	84.1602786690547
25533	84.3109886200189
25534	84.4546701859529
25535	84.5931037635105
25536	84.7280251168587
25537	84.8582758894776
25538	84.9815379382086
25539	85.0982570334523
25540	85.2106927940831
25541	85.3191592391436
25542	85.4232330384359
25543	85.5227762337848
25544	85.6189244631223
25545	85.7117075195761
25546	85.7998959297806
25547	85.8849955435062
25548	85.9679329278179
25549	86.0488370693432
25550	86.1271440071942
25551	86.2003731006712
25552	86.2658751387516
25553	86.3232099395129
25554	86.3741184439622
25555	86.420662493996
25556	86.4639196431968
25557	86.503229179095
25558	86.5389376207876
25559	86.57235770052
25560	86.6046217005898
25561	86.6363311660425
25562	86.668163261731
25563	86.7010311509549
25564	86.7348089504752
25565	86.770469748226
25566	86.8104515989275
25567	86.8568576819413
25568	86.9089044772117
25569	86.964904741397
25570	87.0252575980458
25571	87.0902599552523
25572	87.1595825028711
25573	87.2316659529219
25574	87.3052208665118
25575	87.3808175484681
25576	87.4574203395919
25577	87.5332322545469
25578	87.6079438786871
25579	87.6802150910708
25580	87.7481215514892
25581	87.8120090683834
25582	87.8727652991287
25583	87.9317074940145
25584	87.9913010429186
25585	88.0525609125499
25586	88.1151916327431
25587	88.1775762355829
25588	88.2378854673782
25589	88.2959880224733
25590	88.3533208609858
25591	88.4122613960161
25592	88.4731238069172
25593	88.53638225557
25594	88.6049606919942
25595	88.6810381262594
25596	88.7661719721407
25597	88.860772197977
25598	88.9633282785959
25599	89.0726926263377
25600	89.1890393362014
25601	89.311162281793
25602	89.4365930798471
25603	89.5630335441678
25604	89.6875097639512
25605	89.8086484525933
25606	89.9274904040637
25607	90.0430427183378
25608	90.1519169244933
25609	90.2517829273368
25610	90.3417255703888
25611	90.4215299609451
25612	90.491675900295
25613	90.5529668646518
25614	90.6059719173418
25615	90.6502433637027
25616	90.6862528696043
25617	90.7152871734935
25618	90.7373203509359
25619	90.7532812827872
25620	90.7656067542624
25621	90.7767023544944
25622	90.785261390527
25623	90.7892074286623
25624	90.7885881443208
25625	90.7831704661781
25626	90.773910036682
25627	90.7615906543379
25628	90.7459267709055
25629	90.7269355500742
25630	90.705274790663
25631	90.682556009023
25632	90.661270724988
25633	90.642108385094
25634	90.6230146034824
25635	90.6019337233814
25636	90.5783169838375
25637	90.5526680708222
25638	90.5252537414039
25639	90.4953198399565
25640	90.4638801963854
25641	90.4324454336186
25642	90.400547660308
25643	90.3670968625068
25644	90.3336197619727
25645	90.3034178798662
25646	90.2754116058679
25647	90.2460654333434
25648	90.2121601079912
25649	90.1718901075666
25650	90.1269868328786
25651	90.080984715785
25652	90.0350467970837
25653	89.9897313453293
25654	89.9465639373779
25655	89.9054638940474
25656	89.8639955705156
25657	89.8194723159248
25658	89.7722187798445
25659	89.7237398893106
25660	89.6756484602413
25661	89.6306756163342
25662	89.5896081350594
25663	89.550339709599
25664	89.5126267685125
25665	89.4789194977562
25666	89.4498766357419
25667	89.4244885503922
25668	89.4023256822845
25669	89.3824638211827
25670	89.3641288985799
25671	89.3470259300854
25672	89.3295481425509
25673	89.3088487225881
25674	89.2846100062818
25675	89.2579289006366
25676	89.2295966408225
25677	89.2011424757762
25678	89.1729680838004
25679	89.1449208511738
25680	89.117210409036
25681	89.0902258446203
25682	89.063972513159
25683	89.0382293485819
25684	89.0128959757314
25685	88.9897066142788
25686	88.968656308868
25687	88.9479657334443
25688	88.9268423213589
25689	88.9051168295675
25690	88.8836256426453
25691	88.862562403769
25692	88.8428427602038
25693	88.8240910049924
25694	88.8068989379178
25695	88.7916066114404
25696	88.7751352038666
25697	88.757211777742
25698	88.7392351627538
25699	88.7211443691071
25700	88.7034210548258
25701	88.6866477675567
25702	88.671035903001
25703	88.656887691895
25704	88.6427665594527
25705	88.6281004066584
25706	88.6142459675144
25707	88.6016376353753
25708	88.5899423020775
25709	88.5785892590986
25710	88.5681960261746
25711	88.559967852682
25712	88.5535648930307
25713	88.5477934424251
25714	88.5417777914262
25715	88.535495555152
25716	88.5283984384132
25717	88.5196751159602
25718	88.5092704070604
25719	88.4976906922172
25720	88.4853582283743
25721	88.47185351575
25722	88.457812779818
25723	88.4442116800702
25724	88.431177226911
25725	88.4185777496711
25726	88.4075185566569
25727	88.3989089844985
25728	88.3907486263079
25729	88.3803381199757
25730	88.3680617633972
25731	88.3560704765977
25732	88.3462874240522
25733	88.3391378747103
25734	88.334289409608
25735	88.3307453914976
25736	88.3262761170497
25737	88.3203579769098
25738	88.3140777023889
25739	88.3089165181789
25740	88.3061211469183
25741	88.3061763490708
25742	88.3083612916371
25743	88.312338621677
25744	88.3175396025311
25745	88.3241322753644
25746	88.3331662974627
25747	88.3440701466366
25748	88.3567807733287
25749	88.3711763639147
25750	88.386459363015
25751	88.4026417681446
25752	88.419931284967
25753	88.4370183832766
25754	88.4524440334429
25755	88.4658566688014
25756	88.4771433184017
25757	88.4870838664198
25758	88.4969806175161
25759	88.5069074382077
25760	88.5168518657453
25761	88.5281810388159
25762	88.5405721979035
25763	88.5532368513914
25764	88.5661218511629
25765	88.5794480007613
25766	88.5941073095537
25767	88.6107117596404
25768	88.6298926886644
25769	88.6523159552625
25770	88.6785755208903
25771	88.7094369283328
25772	88.7450988573168
25773	88.7852380277836
25774	88.8304385966674
25775	88.8798688808933
25776	88.9317550381736
25777	88.9859721239557
25778	89.0425527158302
25779	89.1021894763772
25780	89.1654427008431
25781	89.2299530204331
25782	89.2946384463524
25783	89.3605245361934
25784	89.4254958999555
25785	89.4846542862589
25786	89.5336901520572
25787	89.571264726253
25788	89.5989522922483
25789	89.6202368976725
25790	89.6368723988635
25791	89.647296906859
25792	89.648188601695
25793	89.6362407286236
25794	89.6112933149771
25795	89.5770159716203
25796	89.5366318059321
25797	89.4907853246042
25798	89.4370757695732
25799	89.3737087485971
25800	89.3022086588184
25801	89.2267115580959
25802	89.1522368565103
25803	89.080560721963
25804	89.0123006499349
25805	88.9481691479431
25806	88.8893034421072
25807	88.8355914189465
25808	88.7843786306954
25809	88.734480862522
25810	88.6866459676892
25811	88.6421364745731
25812	88.6025070066103
25813	88.5679041879169
25814	88.5359934087673
25815	88.5042776503645
25816	88.4728055774013
25817	88.4434304031917
25818	88.4172444864052
25819	88.3942173722973
25820	88.3738138655244
25821	88.3554948472576
25822	88.3403565437192
25823	88.3298062263526
25824	88.3225306341133
25825	88.3157602656662
25826	88.3079072372384
25827	88.2999622566746
25828	88.2940543687068
25829	88.2903546102701
25830	88.2864830077888
25831	88.2797455164311
25832	88.2704564792414
25833	88.2612698720892
25834	88.2545954169267
25835	88.2513194600886
25836	88.2501458165742
25837	88.2489467627618
25838	88.2466574008899
25839	88.244030094382
25840	88.2434848807568
25841	88.2467306966005
25842	88.2532083170779
25843	88.2611151835901
25844	88.2682153969421
25845	88.2736605200361
25846	88.2786307862768
25847	88.2835332614297
25848	88.2875149858189
25849	88.2895053551837
25850	88.2906220100417
25851	88.2942020305826
25852	88.3007070880023
25853	88.3081196717947
25854	88.314830343814
25855	88.3217929286209
25856	88.3301719051468
25857	88.3398057019671
25858	88.3508114525004
25859	88.3630254540092
25860	88.3766256841861
25861	88.3903071087036
25862	88.4025370639004
25863	88.4137372287906
25864	88.4256887748251
25865	88.4396158391304
25866	88.4547125292173
25867	88.469595893786
25868	88.4840806554023
25869	88.4985526327717
25870	88.5134722715146
25871	88.5289009006098
25872	88.5449238997172
25873	88.5609831284361
25874	88.5766484983614
25875	88.5938787132615
25876	88.6132526009338
25877	88.634218166588
25878	88.6569899146228
25879	88.6811377144063
25880	88.7059638206966
25881	88.7330914314661
25882	88.7630671553748
25883	88.7956750925456
25884	88.8307960280394
25885	88.8678235799074
25886	88.9066808748065
25887	88.9448932913517
25888	88.9812081000625
25889	89.0169999265377
25890	89.0523218609422
25891	89.0865866764354
25892	89.119907299843
25893	89.1518764300647
25894	89.18145700412
25895	89.2075909821882
25896	89.2287498448535
25897	89.2428921884675
25898	89.2495685228434
25899	89.2490114442657
25900	89.2405125562626
25901	89.2237164349769
25902	89.1987229592603
25903	89.1649105415227
25904	89.1225038511882
25905	89.0721276754278
25906	89.0146053495054
25907	88.9516732971955
25908	88.8847233253031
25909	88.8144943996747
25910	88.742097968301
25911	88.6714488041209
25912	88.6085270595796
25913	88.5570360024469
25914	88.5197108095908
25915	88.5002087000381
25916	88.5005604824561
25917	88.5235792832631
25918	88.5721819471407
25919	88.6469034243882
25920	88.748231280466
25921	88.8764167989556
25922	89.0308157773812
25923	89.2090410109495
25924	89.4088411750397
25925	89.6274479631281
25926	89.8609893334663
25927	90.1067744601142
25928	90.3625761032235
25929	90.6264227377662
25930	90.8970615827225
25931	91.1725952157228
25932	91.4502704233227
25933	91.7287575693285
25934	92.0057373795793
25935	92.2783555529412
25936	92.54494938062
25937	92.8044273304904
25938	93.0559649682079
25939	93.2984575809432
25940	93.5315739709707
25941	93.7549620044909
25942	93.9683592012153
25943	94.1723676306872
25944	94.3665040152385
25945	94.5504331169883
25946	94.7247605740068
25947	94.8894374587446
25948	95.0442687205327
25949	95.1891961155997
25950	95.3252950216694
25951	95.4538928314285
25952	95.5746131129895
25953	95.6873317524352
25954	95.7917902702736
25955	95.8869240547568
25956	95.9726532543883
25957	96.0470491875385
25958	96.1080432109088
25959	96.1548477686935
25960	96.1880321776749
25961	96.2110904659009
25962	96.2261753308446
25963	96.2354459624016
25964	96.2402164319403
25965	96.2403526924612
25966	96.2364402103915
25967	96.2279261555869
25968	96.2141481798009
25969	96.195992454493
25970	96.1745786087052
25971	96.1503292223166
25972	96.1231271846619
25973	96.0932592542564
25974	96.0605516316604
25975	96.0253413488389
25976	95.9890080575349
25977	95.9515948319025
25978	95.9133950386834
25979	95.8749681997047
25980	95.835049084552
25981	95.7931690052112
25982	95.7505924208572
25983	95.7073332329757
25984	95.6621897452184
25985	95.6144319295167
25986	95.5646233543667
25987	95.5129195240421
25988	95.4594525262519
25989	95.4047209130989
25990	95.3478080795762
25991	95.2884403816736
25992	95.2268913041385
25993	95.1624764188676
25994	95.0937920852747
25995	95.019704384664
25996	94.940520162788
25997	94.8576705501219
25998	94.7701153216247
25999	94.6752351954944
26000	94.5721749340102
26001	94.4904322864535
26002	94.425850152308
26003	94.3517935765093
26004	94.2541514995227
26005	94.1411575167025
26006	94.0258855531404
26007	93.926529509385
26008	93.8507907590848
26009	93.7936107166768
26010	93.7307942717529
26011	93.6282360853643
26012	93.4770483724825
26013	93.2846704350323
26014	93.0593836284207
26015	92.8082146015869
26016	92.536938753583
26017	92.2560670506108
26018	91.9814325061005
26019	91.7230077455527
26020	91.4849273204244
26021	91.2709830013336
26022	91.0804231719747
26023	90.9064419124959
26024	90.7444932975177
26025	90.5947128846886
26026	90.4531286783982
26027	90.3181047557692
26028	90.1891446281887
26029	90.0617236372511
26030	89.9347681231181
26031	89.8056800310934
26032	89.6699866764739
26033	89.5263005538867
26034	89.3734883198914
26035	89.211269182801
26036	89.0416240266825
26037	88.8672557542101
26038	88.6920376284328
26039	88.5201260283065
26040	88.3540978209812
26041	88.1953435355673
26042	88.0466172252181
26043	87.9142398530338
26044	87.7998273016836
26045	87.695730260147
26046	87.5939660314362
26047	87.4893605780394
26048	87.3763094995346
26049	87.2510231548679
26050	87.112260191908
26051	86.9589726068717
26052	86.7910430663389
26053	86.6084645272789
26054	86.4104226026794
26055	86.1971662913841
26056	85.9693102657257
26057	85.7267891885875
26058	85.4714414699304
26059	85.2063060022815
26060	84.934025945326
26061	84.6581364142897
26062	84.3827663148
26063	84.112938873563
26064	83.8544529959389
26065	83.6133830121725
26066	83.3943412265459
26067	83.1992451985444
26068	83.0293340764012
26069	82.8849743491511
26070	82.7653178916128
26071	82.6693230822277
26072	82.5950993922072
26073	82.5347497710431
26074	82.482465988123
26075	82.4400832383555
26076	82.4112789720399
26077	82.3980752040255
26078	82.3972291382649
26079	82.4058759550876
26080	82.4214961980009
26081	82.4381947404259
26082	82.4522817831829
26083	82.4629806340756
26084	82.4682171771134
26085	82.4658743345286
26086	82.4565559674788
26087	82.4396850935474
26088	82.4140372240723
26089	82.3802499135332
26090	82.3398350204504
26091	82.2936264723017
26092	82.2432450738402
26093	82.1903949235226
26094	82.1358222693723
26095	82.0801386709442
26096	82.0234322756932
26097	81.9678855181006
26098	81.9140509011825
26099	81.8599079356432
26100	81.8052035287927
26101	81.7510006858065
26102	81.698876384133
26103	81.6499275019535
26104	81.6036517814883
26105	81.5613063232208
26106	81.5268203955763
26107	81.5043976024317
26108	81.499159456508
26109	81.5157624235314
26110	81.5561658381985
26111	81.6212904020692
26112	81.7116527330053
26113	81.8274121977716
26114	81.9685431683009
26115	82.1333058403599
26116	82.3208497946763
26117	82.531042911115
26118	82.7628961454516
26119	83.0163275780667
26120	83.2918165400092
26121	83.5884540017654
26122	83.9028471434063
26123	84.2314767477563
26124	84.5720966972377
26125	84.9241058617286
26126	85.2866789244954
26127	85.65836974348
26128	86.0352187383656
26129	86.4123488711746
26130	86.7867614052529
26131	87.1564482562729
26132	87.5203991898325
26133	87.8767113130094
26134	88.2226310267929
26135	88.5546926695808
26136	88.8706396838241
26137	89.169044824963
26138	89.4484956310863
26139	89.7087016176946
26140	89.9508591141022
26141	90.1786497006015
26142	90.3951184918067
26143	90.599379081665
26144	90.7892322329504
26145	90.9654926807902
26146	91.1312994260301
26147	91.2878816254762
26148	91.4340272053733
26149	91.5698796796158
26150	91.6973014312895
26151	91.8162570167755
26152	91.9257198122786
26153	92.0251785836697
26154	92.1130589021986
26155	92.187087272276
26156	92.2428631069671
26157	92.2794776018998
26158	92.3032161236711
26159	92.3206367501476
26160	92.3382478662643
26161	92.3598011792654
26162	92.3823798491308
26163	92.4026216283482
26164	92.4187061713289
26165	92.4309038332196
26166	92.4418979354348
26167	92.4551882650477
26168	92.4714141707173
26169	92.4855450723056
26170	92.4931176261098
26171	92.495682940588
26172	92.4965893466525
26173	92.4973706586579
26174	92.4976707541792
26175	92.4962940104081
26176	92.4941088945295
26177	92.4928838595954
26178	92.4922155249226
26179	92.4912311176565
26180	92.4897636387943
26181	92.4876184899125
26182	92.4864609040965
26183	92.4841287569599
26184	92.4780446671189
26185	92.4694247604166
26186	92.4608413959291
26187	92.4538146442262
26188	92.4468814312511
26189	92.4394436349044
26190	92.431370439821
26191	92.4217429886038
26192	92.4111374523443
26193	92.4032435623585
26194	92.398873137073
26195	92.3943249071671
26196	92.3866094319158
26197	92.3766206088898
26198	92.3669602062082
26199	92.3578973292429
26200	92.3484843044431
26201	92.3366178088568
26202	92.3209795665892
26203	92.3037871355711
26204	92.2872621663363
26205	92.2719801566844
26206	92.2570117120497
26207	92.2405483902825
26208	92.2230132474155
26209	92.2060467076511
26210	92.1912760194319
26211	92.178473260706
26212	92.1634144473051
26213	92.1441707868249
26214	92.1203827419106
26215	92.0936575211613
26216	92.0682480075843
26217	92.043183846778
26218	92.014778643053
26219	91.9823300744256
26220	91.9457958803917
26221	91.9030791621444
26222	91.8540352554343
26223	91.7998881503346
26224	91.7410171946665
26225	91.6793768711471
26226	91.6168444364432
26227	91.5537899187557
26228	91.4901756815545
26229	91.4246151051202
26230	91.3554672366903
26231	91.2825480651035
26232	91.2046719537594
26233	91.1230010730301
26234	91.0423199600098
26235	90.9651379436816
26236	90.8909458069536
26237	90.8186366982019
26238	90.7473929586507
26239	90.6771557751571
26240	90.6069224662395
26241	90.5374409488472
26242	90.4694262934064
26243	90.4010252100919
26244	90.3314085535876
26245	90.260288919602
26246	90.1882172880939
26247	90.1168991329753
26248	90.0464354522464
26249	89.9735320382909
26250	89.8951165529241
26251	89.8092840274744
26252	89.7134647933753
26253	89.6040692632495
26254	89.476740441046
26255	89.329730092851
26256	89.1640230944876
26257	88.981081975583
26258	88.782175683236
26259	88.5660663357073
26260	88.3329020208198
26261	88.0859638210726
26262	87.8285820990033
26263	87.563101136711
26264	87.2914158715706
26265	87.0150296311027
26266	86.7358353686874
26267	86.4548027523857
26268	86.1726801603816
26269	85.892384836754
26270	85.61534797391
26271	85.3422200255752
26272	85.0758006763107
26273	84.8197645068359
26274	84.5769646226312
26275	84.3516299193066
26276	84.1494762929566
26277	83.9773027281204
26278	83.8308951441109
26279	83.6980062219547
26280	83.5721523071501
26281	83.4463628196702
26282	83.3140284181893
26283	83.1716949254633
26284	83.016836049068
26285	82.8470810001484
26286	82.6615216530275
26287	82.460704812476
26288	82.2451889785685
26289	82.0179578499766
26290	81.7838624978235
26291	81.5454035509187
26292	81.3018174277029
26293	81.0529728469102
26294	80.8009807329371
26295	80.5497816398914
26296	80.3035935174363
26297	80.0655562061822
26298	79.836843288363
26299	79.61925525085
26300	79.4155781944323
26301	79.2252362935761
26302	79.0450793238687
26303	78.8747962595689
26304	78.7165541550483
26305	78.5734421188475
26306	78.44783969523
26307	78.3388649211797
26308	78.2443932478562
26309	78.1634534018006
26310	78.0970501085733
26311	78.0452669402495
26312	78.0091006914682
26313	77.9918574592567
26314	77.9956209059374
26315	78.0200620580279
26316	78.0620002823409
26317	78.1169496815956
26318	78.1798172049334
26319	78.2469891065241
26320	78.3180520693792
26321	78.3936002301053
26322	78.4757475828588
26323	78.5656715767931
26324	78.6658022234183
26325	78.7797951308956
26326	78.9068575335224
26327	79.0441018918194
26328	79.1902928708713
26329	79.3395758106446
26330	79.4840954072643
26331	79.6184814892186
26332	79.7391913683156
26333	79.8437609921846
26334	79.9304636007969
26335	80.0005821191018
26336	80.0520307805089
26337	80.0819661500321
26338	80.0947215282443
26339	80.0960017974926
26340	80.0890743912115
26341	80.0781663515133
26342	80.0697910287765
26343	80.0747185933364
26344	80.1057767490221
26345	80.1741212816143
26346	80.2863845007817
26347	80.4486489624428
26348	80.6655510465701
26349	80.932720076098
26350	81.2443090983062
26351	81.5972238294642
26352	81.9861466896133
26353	82.4067447183568
26354	82.8551586516342
26355	83.3242443161681
26356	83.809986680653
26357	84.3104010887276
26358	84.8207937089045
26359	85.3386139645478
26360	85.8606221309536
26361	86.3845858603583
26362	86.911709187646
26363	87.4419702692591
26364	87.9721893417153
26365	88.4987441519829
26366	89.0184547910458
26367	89.5279429993515
26368	90.0263358050367
26369	90.5122418612215
26370	90.9828180618583
26371	91.4356164917213
26372	91.8683882644496
26373	92.2749700924525
26374	92.6469761849275
26375	92.9806875858269
26376	93.2710848243068
26377	93.5209354980391
26378	93.735908053247
26379	93.9223091169868
26380	94.091519293168
26381	94.2528880186179
26382	94.414526943331
26383	94.5822350657105
26384	94.7602227385636
26385	94.9467597522159
26386	95.1355960610129
26387	95.3223309679378
26388	95.5068175094794
26389	95.6909247105219
26390	95.873041543374
26391	96.048851826916
26392	96.2172068772593
26393	96.3795790327323
26394	96.5364354957092
26395	96.68541202856
26396	96.8267210612955
26397	96.9627385901803
26398	97.0926565823466
26399	97.2143709029445
26400	97.3273903531586
26401	97.4357385766496
26402	97.545038142282
26403	97.6561740169562
26404	97.764627569892
26405	97.8670643715725
26406	97.9651755932496
26407	98.0612769204404
26408	98.1540797253759
26409	98.2407025788271
26410	98.320944470721
26411	98.3950496775176
26412	98.4628563141128
26413	98.5250120690271
26414	98.5836592556351
26415	98.6406852243978
26416	98.6945980531958
26417	98.7430594856968
26418	98.7825735979412
26419	98.8109013081393
26420	98.8312709213551
26421	98.846197715175
26422	98.8534513280943
26423	98.8504592168888
26424	98.8378682122127
26425	98.8187007228999
26426	98.7951032654344
26427	98.7674148981552
26428	98.7362038132929
26429	98.7005542999306
26430	98.658904426734
26431	98.6133139541574
26432	98.5667799991049
26433	98.5196281160386
26434	98.4709292615496
26435	98.4192680495342
26436	98.3622008644743
26437	98.2984408993735
26438	98.2276686018145
26439	98.1505465694642
26440	98.0712911375009
26441	97.9924747182437
26442	97.9145061437999
26443	97.8358139623367
26444	97.7547823367359
26445	97.6737555796841
26446	97.5971968249277
26447	97.5272542272422
26448	97.4617234229744
26449	97.3960915351579
26450	97.324762069405
26451	97.2463704155713
26452	97.1630290709077
26453	97.076380510172
26454	96.98698627857
26455	96.8955485597401
26456	96.80553809077
26457	96.71976280769
26458	96.6409757833953
26459	96.5719232593975
26460	96.514557925046
26461	96.4696066857665
26462	96.4363659319929
26463	96.4144085142609
26464	96.4038891671984
26465	96.402717111391
26466	96.4071431759128
26467	96.4141172211218
26468	96.4195392655765
26469	96.4170388529754
26470	96.3996029485986
26471	96.360075694485
26472	96.2906714677828
26473	96.1848547349607
26474	96.0384760300494
26475	95.8500784438762
26476	95.6236760800489
26477	95.3667766086802
26478	95.0815357156846
26479	94.772399766081
26480	94.4460022701748
26481	94.1062252164958
26482	93.7576631212678
26483	93.4043121050635
26484	93.0504150560362
26485	92.698038543231
26486	92.3506863496409
26487	92.0120520153341
26488	91.6860427358564
26489	91.3754021956811
26490	91.076592790414
26491	90.7887198921118
26492	90.5130602892441
26493	90.2500507627706
26494	89.9996175988503
26495	89.7612407584746
26496	89.5369630853273
26497	89.3267778512647
26498	89.1262738671737
26499	88.9313096400288
26500	88.7390227249827
26501	88.5488842345846
26502	88.3628710111908
26503	88.1823813169249
26504	88.0074097104012
26505	87.8407574164427
26506	87.6847730095298
26507	87.5352970979
26508	87.3907346025164
26509	87.2512207089481
26510	87.1125777560542
26511	86.9741588338782
26512	86.8387287340539
26513	86.7070458308687
26514	86.5789276990678
26515	86.4534618659187
26516	86.3319585591018
26517	86.2170000827768
26518	86.109870831386
26519	86.0092465499371
26520	85.9126117651391
26521	85.8203144206145
26522	85.732825743034
26523	85.6469445370321
26524	85.5605175022561
26525	85.4751902165054
26526	85.3929441602338
26527	85.3157465607108
26528	85.2452587739048
26529	85.180386904924
26530	85.1172148626581
26531	85.0533098111968
26532	84.9885848142893
26533	84.9235405294059
26534	84.8607546007017
26535	84.8018298651794
26536	84.7479637764679
26537	84.7004432053279
26538	84.6584860549698
26539	84.6203262255508
26540	84.5862494069209
26541	84.5591765714722
26542	84.5406730272318
26543	84.528922363109
26544	84.5210816767799
26545	84.5154529057745
26546	84.5115334975003
26547	84.5068265406912
26548	84.4994416031562
26549	84.4910598177994
26550	84.4844060274679
26551	84.4826131897082
26552	84.4858576570388
26553	84.4919325490934
26554	84.4984189960603
26555	84.5018470316448
26556	84.5021707698264
26557	84.5014434928655
26558	84.4995062385639
26559	84.4985113379725
26560	84.5019146452644
26561	84.5120311401816
26562	84.5304585255639
26563	84.5591791912958
26564	84.5996071447231
26565	84.6492405459535
26566	84.7070542670211
26567	84.7734979544291
26568	84.8477109557449
26569	84.9289978948888
26570	85.016269342911
26571	85.1078680874576
26572	85.2041249369081
26573	85.3057949971905
26574	85.4089187160512
26575	85.5093104491984
26576	85.6053088755621
26577	85.6945833127049
26578	85.7752098980874
26579	85.8450845152836
26580	85.9029738146687
26581	85.9497688276437
26582	85.9866603500958
26583	86.0147857042186
26584	86.033999069325
26585	86.044792937696
26586	86.0485515911328
26587	86.0465579667495
26588	86.0391960654559
26589	86.0271185400608
26590	86.0106432950527
26591	85.9891799102369
26592	85.9626006173092
26593	85.9310003934905
26594	85.8949337306235
26595	85.8534573611254
26596	85.8062511416375
26597	85.7552550721662
26598	85.7041257415018
26599	85.6562262659031
26600	85.6160985816312
26601	85.5928023620395
26602	85.5979050490857
26603	85.6401248047368
26604	85.7251070161879
26605	85.8572445234279
26606	86.0400322547661
26607	86.2755712042744
26608	86.5638634519232
26609	86.9033876548872
26610	87.2919888469571
26611	87.7235689093588
26612	88.191754085012
26613	88.6933283294802
26614	89.2217536099315
26615	89.7683902025363
26616	90.3252384608304
26617	90.8861023826861
26618	91.4453941519036
26619	91.9977976026535
26620	92.5379118408734
26621	93.0612905964659
26622	93.5646200022176
26623	94.0452950508963
26624	94.5018007899166
26625	94.9331243970344
26626	95.3392487489047
26627	95.7215991030223
26628	96.0816926534281
26629	96.4203984265016
26630	96.7389281569584
26631	97.0391595414153
26632	97.3224397355849
26633	97.5891585336906
26634	97.8405961818372
26635	98.0784000695365
26636	98.3027490968307
26637	98.5150650708742
26638	98.7171179972051
26639	98.9088946449485
26640	99.0906013496214
26641	99.264131244158
26642	99.4301700051084
26643	99.5885083540716
26644	99.7401019831268
26645	99.8864131980939
26646	100.027770543645
26647	100.162352201191
26648	100.286604417689
26649	100.396168708715
26650	100.486461954726
26651	100.550471809653
26652	100.583085072446
26653	100.583978497101
26654	100.55419436819
26655	100.500029470042
26656	100.432564495794
26657	100.357868730931
26658	100.274605320524
26659	100.181131884014
26660	100.079115139005
26661	99.9677914490948
26662	99.8487613715434
26663	99.7241932604186
26664	99.5953520164731
26665	99.465629391177
26666	99.3353984546266
26667	99.2043123515968
26668	99.072033324056
26669	98.9394861086734
26670	98.8062495347478
26671	98.6713675122364
26672	98.5352565037238
26673	98.3969790769996
26674	98.2569761247952
26675	98.1164685599072
26676	97.9744569277549
26677	97.8309253797057
26678	97.6857313009851
26679	97.5383665141917
26680	97.3893970418743
26681	97.2395022129145
26682	97.0887024275529
26683	96.9356353124794
26684	96.7802614874559
26685	96.6227144311441
26686	96.4631358471624
26687	96.302080164907
26688	96.1421263260775
26689	95.9863365923548
26690	95.8340359526017
26691	95.6842737756657
26692	95.5378545759054
26693	95.3950595480379
26694	95.2540453438828
26695	95.1132315038781
26696	94.9727443063504
26697	94.8321530565987
26698	94.6920486614272
26699	94.5537990951292
26700	94.4177329464979
26701	94.2844095198708
26702	94.1543989065089
26703	94.0289081142148
26704	93.9083909792414
26705	93.7919805131961
26706	93.6792655802472
26707	93.5703130398627
26708	93.4646191410402
26709	93.3632183818135
26710	93.2676001789691
26711	93.177439026638
26712	93.0913578360878
26713	93.0081445059448
26714	92.9274091331052
26715	92.8481475575745
26716	92.7703654418119
26717	92.6927607933972
26718	92.6138714970159
26719	92.5335987819027
26720	92.4510681078528
26721	92.3658007062924
26722	92.2770782401588
26723	92.1864984316074
26724	92.0974932584513
26725	92.0096117388618
26726	91.9206034477597
26727	91.8314740692216
26728	91.7422219908291
26729	91.6527481256688
26730	91.5650924156054
26731	91.4790214562141
26732	91.3922097434019
26733	91.3038874531608
26734	91.214855937915
26735	91.1262509270442
26736	91.0388826423333
26737	90.9508618170173
26738	90.8602289158674
26739	90.7681024716632
26740	90.674700686851
26741	90.5804757917494
26742	90.4862619657298
26743	90.3939196461005
26744	90.3106845108099
26745	90.2405998513401
26746	90.1809411791028
26747	90.1284417551274
26748	90.0816767676792
26749	90.0401716287942
26750	90.0073045422719
26751	89.988323108228
26752	89.9848774324413
26753	89.9986061443036
26754	90.0315140933515
26755	90.084494828626
26756	90.1569236608482
26757	90.2464154748421
26758	90.3516046690274
26759	90.4719941187363
26760	90.6075727538234
26761	90.757012183944
26762	90.9180671167512
26763	91.0902121466165
26764	91.2734300682148
26765	91.4684275177211
26766	91.6756874645612
26767	91.8931272951317
26768	92.1173750613082
26769	92.3426498636529
26770	92.5652619204655
26771	92.7813004353447
26772	92.9834075531712
26773	93.1712238735829
26774	93.3494819405597
26775	93.5192569310093
26776	93.6800484109135
26777	93.832713193028
26778	93.9772419023853
26779	94.1138083209085
26780	94.2433222316062
26781	94.3657941553563
26782	94.4811785857459
26783	94.5896173279499
26784	94.6913183910383
26785	94.7861217175656
26786	94.8733655604007
26787	94.9531730369034
26788	95.0244013866182
26789	95.0868356087628
26790	95.1403323331392
26791	95.1852075368669
26792	95.2216085433044
26793	95.2493072728756
26794	95.2675393742028
26795	95.2749417768137
26796	95.2717416147251
26797	95.2577873872978
26798	95.2328339751999
26799	95.1956830071098
26800	95.1478452361595
26801	95.0922189887988
26802	95.0292379990501
26803	94.9589966311958
26804	94.882644081574
26805	94.8012557721708
26806	94.7148514426259
26807	94.621381683686
26808	94.5203839651491
26809	94.4147705897331
26810	94.3022983421187
26811	94.1780356851862
26812	94.0397725888676
26813	93.8864167434564
26814	93.7147304095318
26815	93.5211790389115
26816	93.305623423062
26817	93.0681750031793
26818	92.8104592862377
26819	92.533571017087
26820	92.2365230733821
26821	91.9214768917302
26822	91.5920481506888
26823	91.2513363461164
26824	90.9016803227356
26825	90.5458345941815
26826	90.1868993377073
26827	89.8284115857826
26828	89.4767486839454
26829	89.1386907965664
26830	88.8189823156445
26831	88.5190377059943
26832	88.2418699873766
26833	87.9841626921815
26834	87.7420193286265
26835	87.5129337658883
26836	87.291787373677
26837	87.0774909026926
26838	86.8691097695691
26839	86.665231412922
26840	86.4663827621422
26841	86.2765782006674
26842	86.0982436711209
26843	85.9308961129319
26844	85.7736613189218
26845	85.6263512130731
26846	85.4899002481466
26847	85.3643749024013
26848	85.2485430203587
26849	85.1413906401821
26850	85.0417013573629
26851	84.9498450802889
26852	84.8672590349876
26853	84.7927109342571
26854	84.7243702140062
26855	84.6623242853271
26856	84.6056441565334
26857	84.553729611942
26858	84.5078372257706
26859	84.4684679671122
26860	84.4367432104513
26861	84.413592564945
26862	84.3977034244396
26863	84.3867761611706
26864	84.3785956515177
26865	84.3730361012996
26866	84.3702361954389
26867	84.3700699742856
26868	84.374907998519
26869	84.3859007610363
26870	84.4011938489091
26871	84.419710832691
26872	84.4403007241817
26873	84.4613563646955
26874	84.4826411887246
26875	84.5051073597526
26876	84.5310469039092
26877	84.5628122728823
26878	84.6008818204346
26879	84.6440263201971
26880	84.6897709344817
26881	84.7365823358264
26882	84.7852639972042
26883	84.8375921552321
26884	84.8956538466692
26885	84.9610023896909
26886	85.0348023902747
26887	85.1176839534557
26888	85.2068907538004
26889	85.2988507605003
26890	85.3915170664704
26891	85.4801931137345
26892	85.5620796091721
26893	85.6398762285873
26894	85.7169630615281
26895	85.7931960800201
26896	85.8668404742032
26897	85.9344817790134
26898	85.9898303599056
26899	86.0295675319087
26900	86.0506985711946
26901	86.0500268750425
26902	86.0271540454637
26903	85.9818649189569
26904	85.9146887488579
26905	85.8257152349976
26906	85.7149102800842
26907	85.5846448206842
26908	85.437195126112
26909	85.2728762706071
26910	85.0925251578534
26911	84.8986257408864
26912	84.6946705803764
26913	84.4835488167361
26914	84.2669843537222
26915	84.0476668449513
26916	83.8272794606754
26917	83.607188059126
26918	83.3893063475213
26919	83.1747145297081
26920	82.9638356633095
26921	82.7591201129089
26922	82.5651350223748
26923	82.3865064991081
26924	82.2274724459471
26925	82.0938228233335
26926	81.9946777415479
26927	81.9348347084078
26928	81.909808713411
26929	81.917482291389
26930	81.9571989509195
26931	82.0245445608903
26932	82.1181348815838
26933	82.234656426938
26934	82.3713108146952
26935	82.5271449105274
26936	82.6992487603604
26937	82.8881537065406
26938	83.0952835536626
26939	83.3181402994561
26940	83.5554206292028
26941	83.8075883438064
26942	84.0744009414036
26943	84.3547832731013
26944	84.6445651233154
26945	84.9430021921948
26946	85.252725654081
26947	85.5736689627551
26948	85.9031930167664
26949	86.2378124933386
26950	86.5749018261274
26951	86.9121792508368
26952	87.2492830367884
26953	87.5828064284632
26954	87.9102362400587
26955	88.2327957573686
26956	88.5458588313428
26957	88.846181190466
26958	89.1349906705251
26959	89.4140991465981
26960	89.6841696410789
26961	89.9426000854019
26962	90.1873127461334
26963	90.4183791095821
26964	90.6346246279328
26965	90.8378896307666
26966	91.0309173971779
26967	91.2173271942912
26968	91.3992514738562
26969	91.5768385389537
26970	91.7515117372701
26971	91.9228077176254
26972	92.0887105885252
26973	92.2490409396466
26974	92.406553742242
26975	92.5624927995359
26976	92.7144745659355
26977	92.8611763367934
26978	93.0024899384159
26979	93.1388086518802
26980	93.2710311977405
26981	93.3976312555109
26982	93.5173788217071
26983	93.630346778273
26984	93.7389010186264
26985	93.8421069613018
26986	93.9393083922514
26987	94.0334889705244
26988	94.1244715673953
26989	94.2112334834095
26990	94.2932976714319
26991	94.3686891367364
26992	94.4376282647407
26993	94.5008847079061
26994	94.5589116727415
26995	94.6142374683292
26996	94.6687770824297
26997	94.7209754972954
26998	94.7676692748678
26999	94.8079767367588
27000	94.8427505619467
27001	94.8744922778697
27002	94.9064355397038
27003	94.9408357334602
27004	94.976319650057
27005	95.0079831769514
27006	95.0329209065811
27007	95.0524389658575
27008	95.0691338356137
27009	95.0848067288253
27010	95.1011693487162
27011	95.1185370832898
27012	95.1356220891032
27013	95.1492944258983
27014	95.1575095119537
27015	95.1586162563239
27016	95.1515262180415
27017	95.1364832731189
27018	95.1125923016251
27019	95.0811906889288
27020	95.044665832001
27021	95.0048007227246
27022	94.963650453178
27023	94.9228111701181
27024	94.8832446508808
27025	94.846184204425
27026	94.8122489355379
27027	94.7778124051639
27028	94.7368023528431
27029	94.6832384036992
27030	94.6121633377615
27031	94.5181004055543
27032	94.3942927926338
27033	94.2377753480848
27034	94.0464236697065
27035	93.8169848295731
27036	93.5465642196181
27037	93.2352979038662
27038	92.8866396090813
27039	92.5037358656631
27040	92.0905066404514
27041	91.6508320369697
27042	91.1862223394412
27043	90.6987860631851
27044	90.1936380584239
27045	89.6765446689723
27046	89.1536413045616
27047	88.6296102156657
27048	88.1086324025043
27049	87.5964066421918
27050	87.0972063273767
27051	86.6137950967032
27052	86.1492239738359
27053	85.7052182365716
27054	85.2836607571072
27055	84.8855117942728
27056	84.5114104282703
27057	84.1608937258064
27058	83.8327359098663
27059	83.5267638824771
27060	83.2428695853579
27061	82.9828466048298
27062	82.7500605461048
27063	82.5502694792959
27064	82.3891845660005
27065	82.2620179855303
27066	82.1563415662435
27067	82.0642643022781
27068	81.9797757606543
27069	81.8959902062592
27070	81.8086813794083
27071	81.7175615093566
27072	81.6281145114525
27073	81.5450801823408
27074	81.4697177799857
27075	81.4004942546677
27076	81.3343251743972
27077	81.2709216116967
27078	81.2111745611011
27079	81.1565488118556
27080	81.1069341744524
27081	81.0611161824537
27082	81.0200212712658
27083	80.9844171078218
27084	80.9544157579875
27085	80.9289411240851
27086	80.9074980917263
27087	80.8886758959288
27088	80.8721998609428
27089	80.8614240233459
27090	80.8602069354347
27091	80.8692835961866
27092	80.8844230551141
27093	80.9012782388219
27094	80.919008817155
27095	80.9427229669073
27096	80.9771981213563
27097	81.0185825939752
27098	81.0596734453086
27099	81.0976824654964
27100	81.1342093351696
27101	81.1767931645512
27102	81.2315791064174
27103	81.2953382622199
27104	81.3627559028865
27105	81.4333630263506
27106	81.5118296831819
27107	81.6001196310894
27108	81.6958107635511
27109	81.7951939036384
27110	81.8927719424234
27111	81.9837928381239
27112	82.0679130454255
27113	82.149396979654
27114	82.2325456255825
27115	82.3179779331911
27116	82.4052764907642
27117	82.4938644064393
27118	82.5827720663289
27119	82.6741736187839
27120	82.7705648195976
27121	82.8717586443413
27122	82.9756593486024
27123	83.0800247472294
27124	83.1861948728124
27125	83.2972052824762
27126	83.4125546910665
27127	83.5318985256961
27128	83.657016011477
27129	83.7875598210223
27130	83.9225487540065
27131	84.0609837162343
27132	84.2022689853963
27133	84.3483819158001
27134	84.5000533460369
27135	84.6535026687262
27136	84.8013158287808
27137	84.9390922600256
27138	85.0642554080224
27139	85.1718204454987
27140	85.2577874991869
27141	85.3200092145185
27142	85.3573409136986
27143	85.3682781505242
27144	85.3523635974937
27145	85.3098174799634
27146	85.2398444781599
27147	85.1423487534415
27148	85.0210846341639
27149	84.8808260458176
27150	84.7211922425504
27151	84.542273619522
27152	84.3522563828331
27153	84.1614423060155
27154	83.9836218703756
27155	83.8331486354497
27156	83.7111617711474
27157	83.6120682695171
27158	83.5322932620566
27159	83.4707124285355
27160	83.4276979444815
27161	83.4028455810314
27162	83.3936695479323
27163	83.395627131813
27164	83.4075038446992
27165	83.4294897109887
27166	83.4600764857221
27167	83.4993020278656
27168	83.5466247244214
27169	83.5997038144198
27170	83.6585888097713
27171	83.7256051440579
27172	83.7996059621037
27173	83.8781274622202
27174	83.9599880151855
27175	84.0443509473058
27176	84.1315472820216
27177	84.2202956205007
27178	84.3103615653796
27179	84.4021500907657
27180	84.4947936828926
27181	84.5885223782687
27182	84.6816465387534
27183	84.772398135261
27184	84.8622889190976
27185	84.9531255269273
27186	85.0431970381389
27187	85.1300501770829
27188	85.2121718135787
27189	85.2889956921819
27190	85.3622846025602
27191	85.4344121736775
27192	85.5037683170826
27193	85.5690121839544
27194	85.6291603806594
27195	85.6821602044984
27196	85.7293035271075
27197	85.7724654233171
27198	85.8124750604617
27199	85.8492488883214
27200	85.8841338648505
27201	85.9183826861967
27202	85.9526102729915
27203	85.9862691719854
27204	86.0176778112347
27205	86.0464889790626
27206	86.0742893422662
27207	86.1030907501456
27208	86.1344185060111
27209	86.1670389872207
27210	86.1975147310445
27211	86.2273895012154
27212	86.260454399367
27213	86.2970569047893
27214	86.3359566107578
27215	86.3762112780397
27216	86.4171264868376
27217	86.4583832801824
27218	86.499267430295
27219	86.5390640419624
27220	86.5783938124046
27221	86.6187325313354
27222	86.6598955846724
27223	86.7018077219513
27224	86.7451403316815
27225	86.7889924336811
27226	86.8337346301267
27227	86.880454157734
27228	86.929583806622
27229	86.9813050891382
27230	87.036372369252
27231	87.0948327697086
27232	87.1565371720423
27233	87.2232855939895
27234	87.2970886485331
27235	87.3781602042743
27236	87.4664439557161
27237	87.5628990086438
27238	87.6676392046141
27239	87.779374902274
27240	87.8971861865415
27241	88.0224319788232
27242	88.1573867618464
27243	88.3041682194702
27244	88.4632467103316
27245	88.633678607879
27246	88.8154664214639
27247	89.0067910518983
27248	89.2052665366172
27249	89.4082818401678
27250	89.6125334121187
27251	89.8168313573256
27252	90.0160479412002
27253	90.2048487485408
27254	90.3839604934006
27255	90.5546758924692
27256	90.7182661550726
27257	90.8808714509236
27258	91.0458173438679
27259	91.2115233548396
27260	91.3780650352273
27261	91.5450488835719
27262	91.7096546628725
27263	91.8668299053386
27264	92.0131031411673
27265	92.1501681324728
27266	92.2786169247674
27267	92.3975006081276
27268	92.5083573499297
27269	92.6119203852537
27270	92.7076766378098
27271	92.7971087984672
27272	92.8822328844452
27273	92.9618705067587
27274	93.0346807765797
27275	93.1014477179287
27276	93.1623545829907
27277	93.2173041195434
27278	93.2669329883229
27279	93.3115729491408
27280	93.3517447936255
27281	93.3888478274934
27282	93.4253692048709
27283	93.4637225643752
27284	93.5045203411898
27285	93.5458404117583
27286	93.5857670348171
27287	93.6232390066417
27288	93.6590910872893
27289	93.6962290510515
27290	93.7353331919011
27291	93.7761337173998
27292	93.817893423923
27293	93.8591602037424
27294	93.8991058896699
27295	93.9371878565036
27296	93.9738863857428
27297	94.0108846161535
27298	94.0478569487752
27299	94.0834207201621
27300	94.1172796356704
27301	94.1495675418135
27302	94.1812269092501
27303	94.2131365688206
27304	94.2453780096217
27305	94.27597621657
27306	94.3032910609698
27307	94.3272727727593
27308	94.3467085595963
27309	94.3614967457095
27310	94.3745905507378
27311	94.3870695888938
27312	94.3989092748617
27313	94.4103349844029
27314	94.4207670376255
27315	94.4298111501714
27316	94.438183006827
27317	94.4461941558918
27318	94.4527190159338
27319	94.4577706063001
27320	94.4604092806739
27321	94.4591951897234
27322	94.4538222044554
27323	94.4424091434968
27324	94.4240134972115
27325	94.3990439062136
27326	94.3693533695648
27327	94.3372479044207
27328	94.303205659482
27329	94.2682928960428
27330	94.2334647917443
27331	94.1994634154484
27332	94.1671572776809
27333	94.1370648318832
27334	94.1087048800482
27335	94.0814349422848
27336	94.056985553798
27337	94.0355782780253
27338	94.0163399289381
27339	93.9988544395627
27340	93.9818172195904
27341	93.964973285343
27342	93.9476280503563
27343	93.9295196915379
27344	93.9113501033637
27345	93.8932505407772
27346	93.8745982917317
27347	93.8533263207312
27348	93.8273298103191
27349	93.795800047529
27350	93.758136457006
27351	93.7123124935853
27352	93.654240516444
27353	93.580597377054
27354	93.489560539284
27355	93.3785005167355
27356	93.2449924434824
27357	93.0883753273906
27358	92.9087100366631
27359	92.7054151253736
27360	92.4781568886764
27361	92.2274017068976
27362	91.9539233057549
27363	91.6584495187604
27364	91.3428446707878
27365	91.0099600230527
27366	90.6620937802664
27367	90.3027306604795
27368	89.935423868453
27369	89.5645061647382
27370	89.1946040885207
27371	88.8285020494187
27372	88.4696056733702
27373	88.1201641304717
27374	87.7818828165842
27375	87.4561494687562
27376	87.1441671440482
27377	86.8467206368765
27378	86.5638906642123
27379	86.2954892687971
27380	86.0424736661465
27381	85.8056617581266
27382	85.5842470375897
27383	85.3773646177342
27384	85.184149965242
27385	85.0035012001134
27386	84.8340410135847
27387	84.6741290433155
27388	84.5244241635597
27389	84.3869824692906
27390	84.2640539633003
27391	84.1590552785381
27392	84.0786106197106
27393	84.0328043193665
27394	84.0277018596207
27395	84.064089862541
27396	84.1433864416504
27397	84.2667507845339
27398	84.4332052448929
27399	84.6434107543419
27400	84.8969402683999
27401	85.1934322754142
27402	85.5339858363803
27403	85.9189610641778
27404	86.3492132562421
27405	86.8233603949756
27406	87.3370209374422
27407	87.8863882264144
27408	88.4679356749064
27409	89.075142531929
27410	89.7011114210524
27411	90.3382843755495
27412	90.9796893492457
27413	91.6172168326613
27414	92.2430261195082
27415	92.8517921828608
27416	93.4361422408574
27417	93.9907847843462
27418	94.5146448512646
27419	95.0084094346114
27420	95.471884281657
27421	95.9017268993784
27422	96.3001040893489
27423	96.6704670676983
27424	97.0116618520703
27425	97.3255423516215
27426	97.6138203895383
27427	97.8758873908989
27428	98.111766972595
27429	98.3250884912516
27430	98.5184482635079
27431	98.6936138142103
27432	98.8530998043351
27433	98.9998225682319
27434	99.1380593151803
27435	99.2696789217316
27436	99.3931861198734
27437	99.5069114846792
27438	99.6097694559319
27439	99.7013607216611
27440	99.7804924906313
27441	99.8473290806629
27442	99.9039826007627
27443	99.9512542450949
27444	99.9908705606539
27445	100.024088584844
27446	100.050221546257
27447	100.067170294298
27448	100.072427847017
27449	100.065632608035
27450	100.046722218329
27451	100.015279475816
27452	99.9735463488069
27453	99.9232418042211
27454	99.864017019698
27455	99.7952539135674
27456	99.7183872434451
27457	99.6355743396676
27458	99.5483192885713
27459	99.4585809383299
27460	99.3671909256436
27461	99.2751000543888
27462	99.184527126208
27463	99.0972933665913
27464	99.0129141145909
27465	98.9293826674331
27466	98.8443915386186
27467	98.7558612914088
27468	98.6617773917419
27469	98.5604568083901
27470	98.4495124388506
27471	98.3262277547939
27472	98.192280665533
27473	98.0512669613242
27474	97.9042881021483
27475	97.752835877751
27476	97.5990679713681
27477	97.4447410089739
27478	97.2912245292289
27479	97.1384154996556
27480	96.9861202727995
27481	96.8342693694924
27482	96.6829335578965
27483	96.5324109503895
27484	96.3840275844123
27485	96.238555654884
27486	96.0949605222277
27487	95.9530252119853
27488	95.8134641095597
27489	95.6776774268338
27490	95.5459525206898
27491	95.4153661947501
27492	95.2845447080581
27493	95.1547037535112
27494	95.0230655068748
27495	94.8837674403133
27496	94.7339936325197
27497	94.5751725413037
27498	94.4108368200715
27499	94.2439966659803
27500	94.075372017932
27501	93.9010404648026
27502	93.715972162137
27503	93.5170459066366
27504	93.3029522136903
27505	93.0774750450368
27506	92.8452069905493
27507	92.6109355366862
27508	92.3780161389602
27509	92.1456382444256
27510	91.9107304814845
27511	91.6726075760396
27512	91.4366724688373
27513	91.2070431912742
27514	90.9835792894097
27515	90.7652433843453
27516	90.5513976196745
27517	90.3436912329686
27518	90.1450047617431
27519	89.9564486833334
27520	89.7789392572867
27521	89.6115543217156
27522	89.4523331117435
27523	89.3005437565567
27524	89.1512529835487
27525	89.0022347681915
27526	88.8568958655987
27527	88.7177428295731
27528	88.585056798057
27529	88.4582995569479
27530	88.3382407188041
27531	88.2250235501402
27532	88.1166512974429
27533	88.0130235377158
27534	87.914926010171
27535	87.8229786109886
27536	87.7382429898467
27537	87.6607539910366
27538	87.5879225148649
27539	87.5151354889184
27540	87.440099058394
27541	87.3618258320136
27542	87.2771682633624
27543	87.184516080825
27544	87.0852621380756
27545	86.9802240475854
27546	86.870555954474
27547	86.7572029724267
27548	86.6418920425152
27549	86.5287983200947
27550	86.4205671862399
27551	86.3199985905184
27552	86.2318863150319
27553	86.160832737522
27554	86.1096470655393
27555	86.075478015132
27556	86.0568480611731
27557	86.054415498997
27558	86.0601611069009
27559	86.0613048683642
27560	86.0504973332768
27561	86.0265219956894
27562	85.9929782185578
27563	85.9544578152751
27564	85.9130953356632
27565	85.8700436527011
27566	85.8264346957671
27567	85.7846470140632
27568	85.7467084145163
27569	85.7137966119155
27570	85.685534748319
27571	85.6607557739775
27572	85.6377904825864
27573	85.6152464653557
27574	85.5939701107831
27575	85.5743895266237
27576	85.5567913916119
27577	85.5420585814507
27578	85.5300733238323
27579	85.5196300905777
27580	85.5087888382233
27581	85.495801997602
27582	85.4798828869968
27583	85.4633279986107
27584	85.4498623240868
27585	85.4430351367467
27586	85.4441584368563
27587	85.4525580499196
27588	85.4666235803654
27589	85.4856648650094
27590	85.5105451332382
27591	85.5403165146478
27592	85.5740878244714
27593	85.6100899506252
27594	85.6463848448603
27595	85.6824459686078
27596	85.7192223386632
27597	85.7587726739801
27598	85.8030483296478
27599	85.8528882223423
27600	85.9077189645365
27601	85.9659826103563
27602	86.027877017601
27603	86.0938573548895
27604	86.1631842189978
27605	86.2343263639606
27606	86.3047771165386
27607	86.3744144160801
27608	86.444917687399
27609	86.5186703826093
27610	86.5967078115254
27611	86.6757718806405
27612	86.7514572396126
27613	86.82193062154
27614	86.8860618340593
27615	86.941785180616
27616	86.9880138254576
27617	87.024641442718
27618	87.051022882146
27619	87.0653868492047
27620	87.0671835646933
27621	87.0575400362442
27622	87.0379254931568
27623	87.0099385660615
27624	86.9742100129942
27625	86.9311077239196
27626	86.8806731426764
27627	86.8246672448417
27628	86.7646969386319
27629	86.6993568024324
27630	86.6287655526277
27631	86.553473641952
27632	86.476890191773
27633	86.4051165469814
27634	86.3442167696927
27635	86.3021490357425
27636	86.2866625130442
27637	86.3036932201827
27638	86.3582226726539
27639	86.454548081891
27640	86.5948094998355
27641	86.7799460360221
27642	87.010207981925
27643	87.2851202725308
27644	87.6055505522086
27645	87.9676540780167
27646	88.3599448033758
27647	88.7673992563915
27648	89.1763691546109
27649	89.5790998738618
27650	89.9667690387299
27651	90.3324634546519
27652	90.6807320470232
27653	91.0169185343686
27654	91.3399181257205
27655	91.6477347285335
27656	91.9379300287857
27657	92.2092272611951
27658	92.4623328680752
27659	92.6984823875695
27660	92.9213358472568
27661	93.1335883997458
27662	93.334038955596
27663	93.5194501705597
27664	93.6880114384723
27665	93.8420274984905
27666	93.9886366394251
27667	94.1329016715806
27668	94.2703670289585
27669	94.3960405454674
27670	94.5120420530878
27671	94.6230507211889
27672	94.7304821324541
27673	94.8332227062756
27674	94.9317564788248
27675	95.025812347239
27676	95.1122506063689
27677	95.1876753254032
27678	95.2516758467537
27679	95.307187690089
27680	95.3586452214682
27681	95.4093904235553
27682	95.4581210688945
27683	95.50036178276
27684	95.531283292356
27685	95.5499592676439
27686	95.5604242016406
27687	95.5697945750011
27688	95.5843428217721
27689	95.6044154540174
27690	95.6272729260749
27691	95.6504770410197
27692	95.6728798933173
27693	95.6923663030444
27694	95.7063920896351
27695	95.7152441298152
27696	95.7189751477423
27697	95.7184630110186
27698	95.714439835132
27699	95.7054373702462
27700	95.6893973650731
27701	95.6648479513863
27702	95.6329307206807
27703	95.5949438406235
27704	95.5505629250824
27705	95.4987763123932
27706	95.4384924021913
27707	95.3697825818057
27708	95.2921603897693
27709	95.2042063299088
27710	95.10618197861
27711	95.0008296175227
27712	94.8899219807834
27713	94.7727902666425
27714	94.6457512111025
27715	94.5043444493165
27716	94.3494818578048
27717	94.187952142376
27718	94.026400741039
27719	93.8655998491371
27720	93.7046779452217
27721	93.5439076576893
27722	93.3838312230502
27723	93.227037598433
27724	93.0749730843486
27725	92.9260384073792
27726	92.7796461267822
27727	92.6355714590657
27728	92.4939863655196
27729	92.3553171727982
27730	92.2188120444529
27731	92.084484218351
27732	91.9529361118569
27733	91.8244064103296
27734	91.6998964127414
27735	91.5787054993389
27736	91.459835498555
27737	91.3450509574715
27738	91.2360053981065
27739	91.1331833764135
27740	91.036047853711
27741	90.9455371214932
27742	90.8631505169242
27743	90.7889839848881
27744	90.7250773569797
27745	90.6709552389206
27746	90.6214912359139
27747	90.5734518495883
27748	90.5243602351005
27749	90.4718425938775
27750	90.4146334841125
27751	90.3511679225112
27752	90.2802835693151
27753	90.2022859916739
27754	90.1185446374011
27755	90.0299630732144
27756	89.9385425581972
27757	89.8455330552336
27758	89.7506876119547
27759	89.6547160406611
27760	89.5573662607382
27761	89.4587337778617
27762	89.3599321835421
27763	89.2611910542975
27764	89.1628412123652
27765	89.0650485326085
27766	88.967413978949
27767	88.8706050923074
27768	88.7746295729462
27769	88.6787626247982
27770	88.5823323645706
27771	88.4862268456033
27772	88.3924985381925
27773	88.302755341426
27774	88.2169070223678
27775	88.1337958044461
27776	88.0537105399851
27777	87.9772651659306
27778	87.9050089234865
27779	87.8371595632268
27780	87.7726226999024
27781	87.7111329656476
27782	87.6524301539647
27783	87.5958878580235
27784	87.5419867562175
27785	87.4904539727741
27786	87.4406448613728
27787	87.3923318037601
27788	87.3467506120582
27789	87.3055351486504
27790	87.2680223345174
27791	87.2330703990971
27792	87.1997957029505
27793	87.1681515598715
27794	87.1379514565016
27795	87.1084442425449
27796	87.0785628713913
27797	87.0490838343693
27798	87.0221246330976
27799	86.9982204133949
27800	86.9776483673571
27801	86.9595472947621
27802	86.9436199699747
27803	86.9305618996862
27804	86.9196569311077
27805	86.9104042771159
27806	86.9031507712351
27807	86.8988754333738
27808	86.900322265211
27809	86.9092021322649
27810	86.9267713653712
27811	86.9551616292683
27812	86.9954705921793
27813	87.0495797831439
27814	87.1197768141437
27815	87.2082330391576
27816	87.3159516077349
27817	87.4429741101604
27818	87.5896746491571
27819	87.7552028503282
27820	87.9380191416638
27821	88.1357083364436
27822	88.3450152613737
27823	88.5648404762844
27824	88.7957432579403
27825	89.0366631285076
27826	89.2863914462652
27827	89.5438716178064
27828	89.806832655
27829	90.0717868217933
27830	90.335233294758
27831	90.5953738089488
27832	90.8516265066824
27833	91.1029372480935
27834	91.3480036679819
27835	91.5857491056075
27836	91.8152422006061
27837	92.0367228863838
27838	92.2489779169175
27839	92.4511998537988
27840	92.6442917817757
27841	92.8272510016138
27842	92.9988786951879
27843	93.1605871187913
27844	93.3132046847459
27845	93.4566848403962
27846	93.5901927131456
27847	93.7131365678807
27848	93.8266043674476
27849	93.9318476171052
27850	94.0291727652221
27851	94.1200043408872
27852	94.2056892230007
27853	94.2857775058746
27854	94.3593961168243
27855	94.4278997539174
27856	94.4937555193113
27857	94.5578355505287
27858	94.6201975394899
27859	94.6785595643612
27860	94.7294256729098
27861	94.7709772181538
27862	94.8060407652972
27863	94.84067869399
27864	94.8799026332266
27865	94.9263479584743
27866	94.9831055664779
27867	95.0529539682122
27868	95.1372540203399
27869	95.2371679323908
27870	95.3525476536565
27871	95.4810932352764
27872	95.6204683995943
27873	95.767555193437
27874	95.9190185853887
27875	96.0722460386168
27876	96.2253546004198
27877	96.3774643953997
27878	96.5271798100597
27879	96.6739724247446
27880	96.8176829974719
27881	96.958191348689
27882	97.0949170350459
27883	97.2270457004917
27884	97.3543779576658
27885	97.4768530410291
27886	97.5952025594405
27887	97.7090966421169
27888	97.8180254202037
27889	97.9214993708709
27890	98.0184397023467
27891	98.1088567916092
27892	98.1934572654144
27893	98.2733697067321
27894	98.3484633597356
27895	98.4179608477828
27896	98.4826270543936
27897	98.5427217070542
27898	98.5991682170545
27899	98.652229542899
27900	98.701049184871
27901	98.7461781384813
27902	98.7882742891564
27903	98.8271719175796
27904	98.8629966389346
27905	98.8959985451852
27906	98.9275037898571
27907	98.9579589377574
27908	98.986119071627
27909	99.0105045499605
27910	99.028222864042
27911	99.0376990283254
27912	99.0360468276848
27913	99.0191066485568
27914	98.9826404203046
27915	98.9221487455347
27916	98.8335510733995
27917	98.7128895051175
27918	98.5557340906888
27919	98.3593618180109
27920	98.1231192369742
27921	97.8456872173042
27922	97.5259567996139
27923	97.1639350640934
27924	96.760093936016
27925	96.3155921850858
27926	95.8341378115307
27927	95.320571014811
27928	94.7805658081364
27929	94.2197784977766
27930	93.6434793341064
27931	93.057134774774
27932	92.467187247241
27933	91.8809653737757
27934	91.3034643156494
27935	90.7385267577915
27936	90.1895715801181
27937	89.6588725369718
27938	89.1481123172972
27939	88.6582818095921
27940	88.190597842442
27941	87.7455906005529
27942	87.3239602775517
27943	86.924968578995
27944	86.5466048620376
27945	86.188423616237
27946	85.8494387339943
27947	85.5280176084844
27948	85.2232708462243
27949	84.9347532696245
27950	84.6617818550954
27951	84.4029336628307
27952	84.1571641741899
27953	83.9240215846586
27954	83.7021266910673
27955	83.4905834057212
27956	83.2889771562905
27957	83.0972709203914
27958	82.9152706087907
27959	82.7414354993744
27960	82.5751646066802
27961	82.4162457852871
27962	82.2643134336039
27963	82.122493311555
27964	81.9956248840965
27965	81.8905980917673
27966	81.8171895943861
27967	81.7789148313723
27968	81.769102354228
27969	81.7812088306136
27970	81.8122483686211
27971	81.8601185377597
27972	81.9237291777589
27973	82.0006756324881
27974	82.0874286419274
27975	82.1808889022489
27976	82.2810649265965
27977	82.3879464582291
27978	82.5018850201011
27979	82.6228438139342
27980	82.7488898343999
27981	82.879840056411
27982	83.0160778215784
27983	83.1591718550999
27984	83.3058429275883
27985	83.450907607131
27986	83.5950826235868
27987	83.7392016478037
27988	83.8831357236521
27989	84.0232249936999
27990	84.1519144033469
27991	84.2661141851324
27992	84.3611261164598
27993	84.4359128783377
27994	84.4987063830388
27995	84.5580919882269
27996	84.6169706948041
27997	84.6686457093642
27998	84.7074997022283
27999	84.7348490862491
28000	84.7556308765857
