Time	IMU_Yaw_Data
0	0
1	0.000166698262886919
2	0.000174160422566726
3	0.00026928106914626
4	0.000796528525492968
5	0.00109561170242386
6	8.9740082072458e-05
7	-0.000611897610977092
8	0.000291238753933502
9	-0.00229767519360018
10	-0.00628259084822037
11	-0.0137261650487067
12	-0.0386357907174866
13	-0.078785724541847
14	-0.125376592449312
15	-0.176117601176459
16	-0.22555427944285
17	-0.269524628682005
18	-0.305603310806138
19	-0.332980023339375
20	-0.355757213047009
21	-0.370461922311204
22	-0.371392741452026
23	-0.364931990578229
24	-0.35485506706807
25	-0.342788859307209
26	-0.333033699710251
27	-0.325971159786998
28	-0.319391789454355
29	-0.310564266750598
30	-0.299013302332092
31	-0.287077727373587
32	-0.276485953265383
33	-0.268390506070001
34	-0.265530864978328
35	-0.267697710585606
36	-0.272741834238536
37	-0.281069169201075
38	-0.291513770683977
39	-0.30367688514852
40	-0.31815690168448
41	-0.333999448806235
42	-0.350904646510852
43	-0.366374747813555
44	-0.379307301415243
45	-0.391926319244496
46	-0.40495382455892
47	-0.419038355750524
48	-0.435213197491022
49	-0.453042781371884
50	-0.471473479386665
51	-0.490802414815766
52	-0.510735072619315
53	-0.529426658148284
54	-0.545868321838532
55	-0.559057964030752
56	-0.568291442289117
57	-0.572087157868838
58	-0.570801457041407
59	-0.567950112333123
60	-0.566570929283442
61	-0.566761444937942
62	-0.564903885409559
63	-0.557498481662531
64	-0.539067779492333
65	-0.504173501363411
66	-0.450313486952366
67	-0.374975703193411
68	-0.277388717778882
69	-0.154853399337114
70	-0.00798966478820408
71	0.159234996509326
72	0.346347492141583
73	0.550631930737898
74	0.768964488288329
75	0.996889886231062
76	1.2298123779355
77	1.46720346006862
78	1.70747240680484
79	1.94858739057459
80	2.1890875675532
81	2.42642278372261
82	2.65907152699756
83	2.88598853465574
84	3.10735876179432
85	3.32448527690614
86	3.53814249105673
87	3.74916287988494
88	3.95738961373643
89	4.16139973920901
90	4.36278354003933
91	4.56473477301264
92	4.76916643853019
93	4.97533333372451
94	5.17900380552532
95	5.38059065498416
96	5.58412646569645
97	5.7902308778499
98	5.99660683471122
99	6.19974313222352
100	6.39774938312475
101	6.59269780157219
102	6.788446322318
103	6.9890388324088
104	7.1954929475893
105	7.40387644983517
106	7.61157647093714
107	7.81621406089587
108	8.01566542739756
109	8.21221665953411
110	8.41075217601635
111	8.61441560842392
112	8.82259539889908
113	9.03671220375018
114	9.26003236547578
115	9.49485332665986
116	9.74239460156176
117	10.0032899659519
118	10.2783216013384
119	10.567012396307
120	10.8670807208166
121	11.1754040213282
122	11.4868021616296
123	11.7942550120802
124	12.0922847198743
125	12.3756919560337
126	12.6401492317777
127	12.8833767979376
128	13.1027403805506
129	13.2986903649675
130	13.4740046816596
131	13.6309507883058
132	13.770607320705
133	13.8952778534983
134	14.0073478196198
135	14.108335433594
136	14.2008562119688
137	14.2859944970059
138	14.3655121613918
139	14.4397204322706
140	14.5064638753541
141	14.5625323980286
142	14.608095864923
143	14.6465848318108
144	14.6828463407025
145	14.7194496858503
146	14.7505219177278
147	14.7694113767363
148	14.7775477538302
149	14.7829537030711
150	14.7914637428139
151	14.8021732072204
152	14.8088464914682
153	14.8098346055859
154	14.8127226386922
155	14.8275543094394
156	14.8517660792827
157	14.8884397922582
158	14.9558388767406
159	15.0444814106071
160	15.1291162613392
161	15.1944140653425
162	15.2278074270905
163	15.2172480331007
164	15.1564172779463
165	15.0427371305696
166	14.8763262000536
167	14.6576271183562
168	14.3900890340996
169	14.0817271983961
170	13.7354777230851
171	13.351445110478
172	12.9358055491503
173	12.4986858968277
174	12.0445625180445
175	11.5748114639889
176	11.0915726262434
177	10.594423168285
178	10.0885652409824
179	9.58565104537646
180	9.09009606787937
181	8.60237732161456
182	8.12906953552293
183	7.67300729152514
184	7.23738017801902
185	6.8247580807516
186	6.43582079535628
187	6.06757133852348
188	5.71888597806569
189	5.39402186119161
190	5.09145750250246
191	4.80950737530938
192	4.5471673684786
193	4.30139039816845
194	4.07184261246885
195	3.85982471362807
196	3.66233126599241
197	3.47693149596365
198	3.30420817574293
199	3.14272837678473
200	2.98794936055444
201	2.836402208673
202	2.69015907971866
203	2.55715429968623
204	2.44163435136756
205	2.3478454266563
206	2.28444877925955
207	2.25014513955456
208	2.24174881516977
209	2.2610299071983
210	2.30741301638493
211	2.38075783200388
212	2.48237937031728
213	2.61414571570934
214	2.77423116724614
215	2.95936478415333
216	3.16995802094548
217	3.4055808915025
218	3.66290854568762
219	3.94047720937047
220	4.240267410273
221	4.55984375754778
222	4.89547130307903
223	5.24609507611644
224	5.61221070135289
225	5.99432017648712
226	6.38647385492665
227	6.78044357299665
228	7.17045961685131
229	7.5520278078993
230	7.92298416028387
231	8.28362253715193
232	8.63371823379444
233	8.97334535988686
234	9.30280570501937
235	9.62307344233925
236	9.93586372809523
237	10.2436362425671
238	10.5502693667167
239	10.8598259156525
240	11.1772055889648
241	11.5050456978119
242	11.8310128912588
243	12.1395176477824
244	12.4320572761103
245	12.7245219802454
246	13.0194539739063
247	13.3073457466415
248	13.5874781299852
249	13.8605796746456
250	14.127613239277
251	14.4024803266852
252	14.6936927510765
253	14.9848007964307
254	15.2641597354953
255	15.5375243505591
256	15.8056265052516
257	16.0702662613352
258	16.338684397752
259	16.6109142137669
260	16.8880068772073
261	17.1774719434969
262	17.4803826866006
263	17.7860852808477
264	18.0794191422189
265	18.3546842372769
266	18.6151991807386
267	18.8626425183665
268	19.1134807915293
269	19.3780003889823
270	19.6383107234498
271	19.8798173954748
272	20.1114222483758
273	20.3613627431222
274	20.625922576419
275	20.8642700623233
276	21.0564587326456
277	21.2136886303044
278	21.3563179047565
279	21.4943740906432
280	21.6485663334835
281	21.8225078818564
282	22.0011188412919
283	22.1899309864318
284	22.3859867309209
285	22.5967894443466
286	22.8343601665723
287	23.0847850336664
288	23.3215465080365
289	23.5608359509415
290	23.8164860651921
291	24.0711558762083
292	24.3236474408879
293	24.5617665928586
294	24.7842120901322
295	24.9962428673412
296	25.2046193556986
297	25.4236306400752
298	25.6739485950788
299	25.9752266702061
300	26.3228188540325
301	26.7054939387747
302	27.1037811469405
303	27.4983181549199
304	27.8754953624375
305	28.2091669584139
306	28.496372403497
307	28.7578433332715
308	28.9963102369092
309	29.2138091276648
310	29.4145278194729
311	29.5896768753308
312	29.7277148683159
313	29.8300215322239
314	29.8877993221548
315	29.8987016680872
316	29.8730113041996
317	29.8065147726929
318	29.7026520262675
319	29.5655762822936
320	29.3942575835532
321	29.1818620201842
322	28.9223675772737
323	28.6195206601303
324	28.27285736685
325	27.8806755727066
326	27.4457047756713
327	26.964208640333
328	26.4299576359585
329	25.8432971451089
330	25.2109036498764
331	24.5387928521369
332	23.8346819536078
333	23.1076109136595
334	22.3661469669415
335	21.6278308494437
336	20.9082462585895
337	20.2141924137883
338	19.549720729256
339	18.9198558185457
340	18.3299201984885
341	17.7900899181951
342	17.3103616265111
343	16.8981703856434
344	16.5612643876914
345	16.3056207585601
346	16.1346195865214
347	16.0522700951962
348	16.0614672368465
349	16.1492661258115
350	16.2866461076044
351	16.4461639137763
352	16.6198929715139
353	16.8115394058045
354	17.0223862815687
355	17.2543104760633
356	17.5103680949487
357	17.7900454357395
358	18.091961266535
359	18.4058562639754
360	18.7188127424805
361	19.0306471250076
362	19.3472307188889
363	19.6711457600864
364	19.9969593895582
365	20.3231102791724
366	20.6574126706564
367	21.0073067667078
368	21.3790098368738
369	21.7681817894123
370	22.1521807242909
371	22.5173896848425
372	22.8646655565706
373	23.1958754410462
374	23.5071041789101
375	23.78092402587
376	24.0095946631222
377	24.2057546213658
378	24.3834985323293
379	24.5415059622031
380	24.6749075568529
381	24.7860385850263
382	24.8825328825667
383	24.9701055349812
384	25.0456698338823
385	25.1011050126038
386	25.1358759694457
387	25.1659290846922
388	25.2029205548914
389	25.2455799474349
390	25.290165737471
391	25.3292197964032
392	25.3569290854535
393	25.3753837044586
394	25.39089301503
395	25.4066089984032
396	25.4216472089799
397	25.431163271572
398	25.4321090961924
399	25.4273394464093
400	25.4204028110542
401	25.4099491564192
402	25.3950155022575
403	25.3779291768894
404	25.3593136628609
405	25.337513708463
406	25.3123986992699
407	25.2819917301601
408	25.2424583977332
409	25.1958986078742
410	25.1485635558271
411	25.1045968085238
412	25.0640383015381
413	25.0256607673305
414	24.9874295959726
415	24.9494736192437
416	24.9137753932804
417	24.8841614955533
418	24.8612816484458
419	24.84397404694
420	24.8328079826404
421	24.8270666005495
422	24.8255280896375
423	24.8284104901548
424	24.8368105936631
425	24.8485363486134
426	24.8648061846307
427	24.8855000194228
428	24.9091076705333
429	24.9373184030465
430	24.9706278050027
431	25.0091712879921
432	25.0511921853592
433	25.0950243306794
434	25.1386543089618
435	25.1813861930257
436	25.2218113253272
437	25.2586171207223
438	25.2935382373661
439	25.3255674320131
440	25.3534093960891
441	25.3744499872142
442	25.3877813074887
443	25.3971465344113
444	25.4025391635048
445	25.4023802186742
446	25.3939065714118
447	25.3739239769986
448	25.3423798848599
449	25.304774975626
450	25.2672357970504
451	25.2304727395607
452	25.1931176599825
453	25.1538921101405
454	25.1118305558914
455	25.0656290866111
456	25.0149780504724
457	24.9618651486453
458	24.9075913418993
459	24.8522868376177
460	24.7970845441042
461	24.7430541963448
462	24.68804511177
463	24.6315413642446
464	24.5733175351027
465	24.513953342803
466	24.4554702677725
467	24.3976555863827
468	24.3409081171041
469	24.2853681555534
470	24.2317468613433
471	24.1805320158467
472	24.1291094713136
473	24.0771056383787
474	24.0274461454607
475	23.9810369169562
476	23.9394740761423
477	23.9046538259997
478	23.873864742101
479	23.8437112779334
480	23.8133401163612
481	23.7824072840912
482	23.7523808750929
483	23.7267067510626
484	23.7055240511143
485	23.6881729648692
486	23.67433953971
487	23.6610299414495
488	23.6504141924987
489	23.6471368618516
490	23.6486194964097
491	23.6520606036311
492	23.6585704985438
493	23.6688836182078
494	23.6830068799564
495	23.6994629100517
496	23.7163365261713
497	23.7353072110687
498	23.7552649762846
499	23.7724014129153
500	23.7875260867589
501	23.8024987993161
502	23.8201261533648
503	23.841824496294
504	23.8674684426296
505	23.8977376028427
506	23.932463286095
507	23.9689793540795
508	24.003624825017
509	24.0340784499299
510	24.0600201976889
511	24.0842450389822
512	24.1056117593384
513	24.1196762323307
514	24.1216892523229
515	24.1082008668721
516	24.0792070469723
517	24.036881977236
518	23.9836835671127
519	23.9208865821239
520	23.8485205808707
521	23.7655870055623
522	23.6732933640547
523	23.5758677607343
524	23.4786666391103
525	23.3881615575731
526	23.3051789885849
527	23.2206951079225
528	23.1227932490501
529	22.9999049980952
530	22.8427221226002
531	22.646168407566
532	22.4063205199568
533	22.1225978772089
534	21.8006463333201
535	21.4461895971176
536	21.0667302157054
537	20.6698032386625
538	20.2605431652685
539	19.8434985901987
540	19.4254742542081
541	19.0116798529206
542	18.6058868796727
543	18.2131813374607
544	17.8359405042926
545	17.4795668622206
546	17.1509144894005
547	16.8535251401195
548	16.5949358288394
549	16.387161014728
550	16.2347933964729
551	16.1268633642541
552	16.0472021779364
553	15.9845131649496
554	15.9281927948323
555	15.8696036714611
556	15.8035213766172
557	15.7246890562134
558	15.6287512881601
559	15.5162721021283
560	15.3902930044229
561	15.253843220526
562	15.1071038235346
563	14.9497707726169
564	14.7846649825926
565	14.6156542666425
566	14.4458046449048
567	14.2752506822733
568	14.1053594377266
569	13.9400458072174
570	13.7803641676823
571	13.6265963484492
572	13.4793933624072
573	13.3375278520471
574	13.20015982606
575	13.0677368602317
576	12.9390343724731
577	12.8140327217535
578	12.6940247601888
579	12.5795972447276
580	12.4722538868559
581	12.3741999965258
582	12.2868050741169
583	12.2118881147128
584	12.155887487979
585	12.1357951420146
586	12.1694704748169
587	12.2580074705807
588	12.3970138534214
589	12.5859912798356
590	12.8215372212226
591	13.0984261528455
592	13.4143491398598
593	13.7700321329725
594	14.1687030677599
595	14.6039450806046
596	15.0701208431039
597	15.5702216082479
598	16.0925802323694
599	16.6217574937105
600	17.1509980067012
601	17.6801191303871
602	18.2157270746864
603	18.7623240608392
604	19.3186786383554
605	19.880130495834
606	20.4424315837703
607	21.0021615112398
608	21.5526137764582
609	22.088089667699
610	22.6031674603174
611	23.0954790720836
612	23.5657898400322
613	24.0139888876019
614	24.4384702355026
615	24.8353257781213
616	25.2009654957397
617	25.5317552365211
618	25.8266072185182
619	26.0890673032756
620	26.3169334505328
621	26.5086152037855
622	26.6747845845826
623	26.8304940901227
624	26.9877748231792
625	27.1552228451874
626	27.3396332065354
627	27.5463301971825
628	27.7774732297507
629	28.0297721601085
630	28.2958421965026
631	28.5695219943945
632	28.8428822008984
633	29.1036686758365
634	29.3399050560426
635	29.5442369296833
636	29.7059932073421
637	29.8208525957134
638	29.8916735707042
639	29.9235332416651
640	29.9203972785084
641	29.8848864169584
642	29.8190094892352
643	29.7287901525122
644	29.6265887260413
645	29.5173087383977
646	29.402367271618
647	29.2841900416447
648	29.1666935268363
649	29.0519348278473
650	28.9385742552768
651	28.8267560653541
652	28.7201555044359
653	28.621835713577
654	28.5324112162582
655	28.4493069068718
656	28.3685598584058
657	28.2805058882675
658	28.1743333654732
659	28.0402952972214
660	27.874372877535
661	27.6885578595246
662	27.5000130281088
663	27.3243358107095
664	27.1724162164372
665	27.0505116521288
666	26.9653393650572
667	26.9235316805274
668	26.9256073955434
669	26.9698678356871
670	27.053827359477
671	27.1714122064956
672	27.3173899875697
673	27.4877425008189
674	27.6788262382978
675	27.8861399722592
676	28.1040363923334
677	28.3277896268785
678	28.5544603879124
679	28.7816118701187
680	29.0052697474454
681	29.223537543634
682	29.4362161430136
683	29.6354671435471
684	29.806344890746
685	29.9344073172449
686	30.0110549472749
687	30.0389960803269
688	30.0279377581326
689	29.9852598020475
690	29.916700898112
691	29.8265297565871
692	29.7173043379975
693	29.5901294805836
694	29.4470374687878
695	29.2929644354659
696	29.1307588106667
697	28.9583790589919
698	28.7744117057357
699	28.5806790172196
700	28.3776045244016
701	28.1646324529536
702	27.94000413952
703	27.7017338701888
704	27.4511978904884
705	27.1912929357983
706	26.9241844279098
707	26.6513135716875
708	26.374000031888
709	26.0941808840012
710	25.8124763887724
711	25.5289150541687
712	25.2436886139067
713	24.9566540702277
714	24.6702472465265
715	24.3830065363906
716	24.0913950515456
717	23.7889048397871
718	23.4780111874095
719	23.167352151426
720	22.8578155780985
721	22.5525872363161
722	22.2550203015058
723	21.9669052926167
724	21.6887662530977
725	21.4205937607535
726	21.162306872979
727	20.9122168803596
728	20.668859488035
729	20.4336310405085
730	20.208888282564
731	19.9941334447384
732	19.7891820744456
733	19.5939842297279
734	19.4054230331588
735	19.2196818395884
736	19.0356670679013
737	18.8547947714822
738	18.6794193399093
739	18.5100585925024
740	18.3454454330553
741	18.1803130141367
742	18.0123907214012
743	17.8468441526791
744	17.6868540746381
745	17.5323797584679
746	17.3820523545808
747	17.2309404364317
748	17.074810640902
749	16.9176577101155
750	16.7641781720705
751	16.6104461221508
752	16.4541043137401
753	16.2906977594618
754	16.1098937908092
755	15.9090128783128
756	15.692978122764
757	15.4667907477097
758	15.2349788198503
759	14.9962137823028
760	14.7455200082118
761	14.4781140811278
762	14.1905034012709
763	13.8830247155388
764	13.561924545466
765	13.2388728715721
766	12.9194928942602
767	12.5978587621875
768	12.2664813754924
769	11.9233189380681
770	11.5711021765544
771	11.2155815768909
772	10.8615833584379
773	10.5155594321496
774	10.1908783180342
775	9.89661126386911
776	9.63529071068116
777	9.40781816259116
778	9.21730023762036
779	9.06458734608957
780	8.94871948278415
781	8.86593258913012
782	8.80820688555053
783	8.77129559995136
784	8.75155780567559
785	8.74535301255268
786	8.74935157827654
787	8.76256197902056
788	8.78653780113799
789	8.82009961995569
790	8.86145772704925
791	8.91079466345796
792	8.97045521614972
793	9.04276537158312
794	9.12410883185597
795	9.2132316418565
796	9.32114881691999
797	9.46087652009028
798	9.63911977210459
799	9.85576817903079
800	10.0962805122109
801	10.3505116620882
802	10.6173491363119
803	10.8931614220817
804	11.1790075308818
805	11.4810594626348
806	11.8021650686566
807	12.1406642625471
808	12.4935410850253
809	12.8535975558305
810	13.218608716248
811	13.5759792519188
812	13.9071509707088
813	14.2063581035507
814	14.4805383518165
815	14.7353148398458
816	14.9674538896944
817	15.1824031739512
818	15.3839832555041
819	15.5679901375055
820	15.7378452524665
821	15.8989517819766
822	16.0533989009758
823	16.2026765797773
824	16.3477830319784
825	16.4902015395507
826	16.6305742315893
827	16.7700023633159
828	16.908731669565
829	17.0460955770246
830	17.1810686342636
831	17.3094188550988
832	17.429156266825
833	17.542303998812
834	17.6511747998348
835	17.7577969960371
836	17.8524134135015
837	17.9124060427663
838	17.9199705983098
839	17.8764748465475
840	17.785309797882
841	17.6473760839059
842	17.4678650402611
843	17.2498329063556
844	16.9931439999027
845	16.7000748633512
846	16.3719154916246
847	16.0095063950349
848	15.6182818271816
849	15.2001472024549
850	14.7587291388519
851	14.3006164473166
852	13.8297022473087
853	13.3501982840724
854	12.8679617316033
855	12.3870432888362
856	11.9110476151971
857	11.4440571330721
858	10.9894785285314
859	10.5515248232123
860	10.1325031758943
861	9.73429124902763
862	9.3611342064872
863	9.01370480377659
864	8.69085304102221
865	8.39472054621624
866	8.12504509620968
867	7.87943686252517
868	7.65514217207725
869	7.44979603487784
870	7.26114341127682
871	7.08749978915561
872	6.92869037730485
873	6.78468943368014
874	6.65610380763824
875	6.54093484830704
876	6.43467370483198
877	6.33487600937005
878	6.24158652086026
879	6.15719680482284
880	6.08730241307625
881	6.03354962486819
882	5.99797620635995
883	5.99093714223962
884	6.01933876371187
885	6.08154176090418
886	6.16817155285986
887	6.26214404739914
888	6.3489585931134
889	6.42508709312253
890	6.48787782830909
891	6.53288391600132
892	6.55956963233407
893	6.57594821992569
894	6.58565704537211
895	6.57864631095448
896	6.54207744531733
897	6.46510056699254
898	6.34083300841114
899	6.16536575624125
900	5.93908269687925
901	5.66510124256415
902	5.34682302039021
903	4.99215560132413
904	4.60991758529153
905	4.20654596326213
906	3.79077572033483
907	3.370599626429
908	2.95124016775033
909	2.53762201805553
910	2.13321955862587
911	1.74027530455783
912	1.36155268127786
913	0.999006287436617
914	0.651006462578053
915	0.317641279269592
916	0.0015552555210163
917	-0.29698774964753
918	-0.57878162152403
919	-0.839462825365382
920	-1.06409252060252
921	-1.23844979270124
922	-1.35069916418384
923	-1.39976450637909
924	-1.40250769819939
925	-1.37470861361191
926	-1.32241331231726
927	-1.24058868397584
928	-1.12996020920725
929	-1.00413039326407
930	-0.87594386562881
931	-0.752548764483982
932	-0.630822144440508
933	-0.493880700250754
934	-0.330876373471664
935	-0.15662804611342
936	0.0134362449118628
937	0.180130004180061
938	0.35996128255113
939	0.562108759830453
940	0.785521314608724
941	1.02090980750388
942	1.25423975989325
943	1.4861418285909
944	1.72754150765923
945	1.98464146278425
946	2.24554141985193
947	2.49347955698437
948	2.71617041844442
949	2.9020547365637
950	3.04122529984763
951	3.12680261769265
952	3.15452430754041
953	3.11711372307338
954	3.01060294163282
955	2.85740424791059
956	2.68767286863251
957	2.50968029881461
958	2.3169050425906
959	2.10259474851472
960	1.8646215885262
961	1.60580159454976
962	1.3303759662446
963	1.04013586556041
964	0.734664034363778
965	0.416196848937643
966	0.092915800123619
967	-0.216947047589085
968	-0.493888705210507
969	-0.725991996960546
970	-0.898750968003598
971	-1.00766983661256
972	-1.07125807295338
973	-1.11057823733857
974	-1.13692439129041
975	-1.1586387731921
976	-1.18334912136754
977	-1.21625774132703
978	-1.25914666004755
979	-1.3103898555262
980	-1.36867712811286
981	-1.43221808992474
982	-1.49853144362228
983	-1.56412438694249
984	-1.62520249717662
985	-1.6748998737416
986	-1.70241340953874
987	-1.69890727965334
988	-1.65192757209656
989	-1.55489112849957
990	-1.41291329291786
991	-1.2388245820317
992	-1.04763808090998
993	-0.850840676539765
994	-0.659398745747941
995	-0.483845113228413
996	-0.327935298904645
997	-0.193080124963338
998	-0.084054407081602
999	-0.00028729799517279
1000	0.0673913749426876
1001	0.13110064023853
1002	0.201306805936071
1003	0.287480688540525
1004	0.393184765956859
1005	0.515979801676975
1006	0.654799904086313
1007	0.811384088694836
1008	0.986935415906811
1009	1.18465973437422
1010	1.40096565475665
1011	1.62648791539813
1012	1.85527525556697
1013	2.09227421392445
1014	2.34919102870831
1015	2.63197198604701
1016	2.94240599314897
1017	3.27523841206016
1018	3.63399995468158
1019	4.01855189136912
1020	4.42363341561349
1021	4.84892459525182
1022	5.291108499775
1023	5.75102177274919
1024	6.22848605509147
1025	6.72080745170258
1026	7.22184146404161
1027	7.72482983741635
1028	8.2207207065657
1029	8.70037693051839
1030	9.1488694262347
1031	9.54518328795268
1032	9.88150359203722
1033	10.1664902958963
1034	10.4133195544246
1035	10.6267303410439
1036	10.820115013703
1037	11.0178879805382
1038	11.2391861608579
1039	11.4977829945916
1040	11.7986631274628
1041	12.1313375221028
1042	12.4880634640249
1043	12.8646166806242
1044	13.24738578153
1045	13.6341240518903
1046	14.0278723534021
1047	14.4154905561749
1048	14.7754999471742
1049	15.1010179491403
1050	15.39613550805
1051	15.6704327695456
1052	15.9342422603909
1053	16.198937659958
1054	16.4767630240479
1055	16.7709596806228
1056	17.081914388488
1057	17.4092080129156
1058	17.7495625987005
1059	18.096105628594
1060	18.4420549356739
1061	18.7833729997017
1062	19.1121281092976
1063	19.4175330714343
1064	19.6899257575393
1065	19.9156843419773
1066	20.0794380787118
1067	20.1744047383371
1068	20.2085841131635
1069	20.2059210455108
1070	20.191426672534
1071	20.1819922742554
1072	20.1888203892759
1073	20.2201075099978
1074	20.2832145929221
1075	20.3789364957812
1076	20.5039645758565
1077	20.6542332883583
1078	20.8263744026849
1079	21.0158124453523
1080	21.2172569069933
1081	21.425412683089
1082	21.636263908734
1083	21.8462089672353
1084	22.0513413454674
1085	22.2499064440205
1086	22.4395955949388
1087	22.6198273132005
1088	22.7908689007552
1089	22.952414650853
1090	23.1049733631906
1091	23.2476910283926
1092	23.3785481581155
1093	23.4963823142812
1094	23.6024909709848
1095	23.6992036080539
1096	23.7889711047062
1097	23.8761604974656
1098	23.9639769176306
1099	24.0527841498418
1100	24.1409327258935
1101	24.2254512453988
1102	24.2965896881798
1103	24.3383025533057
1104	24.3397557622972
1105	24.2996316220898
1106	24.2166253655659
1107	24.0880663960126
1108	23.9144087691172
1109	23.6948587754522
1110	23.4278843940336
1111	23.1139763240848
1112	22.7524437186749
1113	22.3452222085825
1114	21.8959733156928
1115	21.4082493991404
1116	20.8872099276583
1117	20.3375125078788
1118	19.7630397287336
1119	19.1690721813927
1120	18.5642721390816
1121	17.9549300872476
1122	17.349691667693
1123	16.7631908396912
1124	16.2032818453626
1125	15.6725475102779
1126	15.178139952428
1127	14.7344868460734
1128	14.3402567657505
1129	13.9891805718572
1130	13.6835099937297
1131	13.4133166925302
1132	13.1685407209371
1133	12.9445682925979
1134	12.7375901049932
1135	12.5434622282993
1136	12.3553355437704
1137	12.1701017485111
1138	11.9899391959523
1139	11.8142647943492
1140	11.6436718673577
1141	11.4795190552657
1142	11.3212641997987
1143	11.1702787548291
1144	11.027171436529
1145	10.8893306047762
1146	10.7543816139692
1147	10.6233231480598
1148	10.4967639562405
1149	10.3760666428023
1150	10.2614656590622
1151	10.1532668314058
1152	10.0558962178789
1153	9.97366663825232
1154	9.91213999717477
1155	9.87987084806339
1156	9.88320614101002
1157	9.92942337039054
1158	10.0238489997015
1159	10.1675114780378
1160	10.3624835847796
1161	10.6098439621421
1162	10.9092885221614
1163	11.2581184068401
1164	11.6544630651882
1165	12.0879925353072
1166	12.547401685838
1167	13.0305745965718
1168	13.5278378917924
1169	14.0355904569275
1170	14.5548546930357
1171	15.0784525203459
1172	15.6027071829042
1173	16.1290443943216
1174	16.6582011959004
1175	17.1846733051782
1176	17.697053545919
1177	18.1808837157326
1178	18.6289866956546
1179	19.0442551267308
1180	19.429714259778
1181	19.7868892748244
1182	20.1212179319811
1183	20.4425988736242
1184	20.7552107899516
1185	21.0610178980778
1186	21.3604949288251
1187	21.6470638163611
1188	21.9189950060393
1189	22.1748664305774
1190	22.4108755767123
1191	22.621861565784
1192	22.804154690452
1193	22.9558165754906
1194	23.0712338650649
1195	23.1457587222123
1196	23.1791080773145
1197	23.1749930803597
1198	23.139628278766
1199	23.0775284509512
1200	22.9935023673512
1201	22.8899279700881
1202	22.7729368058929
1203	22.6548847050557
1204	22.5301817821049
1205	22.3857300001546
1206	22.2239214664544
1207	22.0514693373965
1208	21.8670449820715
1209	21.6716572868369
1210	21.4663341846401
1211	21.2476492816281
1212	21.0138748484066
1213	20.7646566237922
1214	20.5034270637651
1215	20.2325174952516
1216	19.9487038882233
1217	19.6512864142564
1218	19.3431920813465
1219	19.0274742810893
1220	18.7051781222602
1221	18.3771608401931
1222	18.0461106431145
1223	17.713733547656
1224	17.3817724355978
1225	17.051996910849
1226	16.7259277104466
1227	16.4029926536024
1228	16.0806663065107
1229	15.7584835293362
1230	15.4473188758623
1231	15.1577954372186
1232	14.8899108478624
1233	14.64423868319
1234	14.423768975704
1235	14.2242512748241
1236	14.036287946567
1237	13.854989426865
1238	13.6785321805007
1239	13.5165811666446
1240	13.3790028329141
1241	13.2693508510717
1242	13.1891012494705
1243	13.125534173331
1244	13.0637353345989
1245	13.0026774555337
1246	12.9507335645255
1247	12.9152822428969
1248	12.8891586417029
1249	12.8579363032982
1250	12.8144344277338
1251	12.7672552197962
1252	12.7353229994911
1253	12.7261916622885
1254	12.7277545016757
1255	12.7204231115786
1256	12.6990312463227
1257	12.6745689155941
1258	12.6618725187818
1259	12.6613774873939
1260	12.657886069675
1261	12.6396014909188
1262	12.6100141311072
1263	12.5839169143442
1264	12.5694203011723
1265	12.5584862505895
1266	12.5362073209643
1267	12.4994039337799
1268	12.4605661095208
1269	12.434528174811
1270	12.4256347354639
1271	12.4212575985928
1272	12.4044045538306
1273	12.3739585279639
1274	12.3454788119574
1275	12.3366659313907
1276	12.353886945967
1277	12.3860969792605
1278	12.4131999011817
1279	12.4252254513627
1280	12.4298543298049
1281	12.4381265400717
1282	12.4490348448192
1283	12.4569644460938
1284	12.4609909956358
1285	12.4623275482119
1286	12.459871971926
1287	12.4527819540358
1288	12.4412369113961
1289	12.4266294057634
1290	12.411508336961
1291	12.3978940620586
1292	12.3857795593448
1293	12.3730638352313
1294	12.3612789636244
1295	12.3481879598604
1296	12.3249843701655
1297	12.2897329871749
1298	12.2521485910617
1299	12.2264607508339
1300	12.2176806539017
1301	12.22143245644
1302	12.2283084236808
1303	12.2278769812386
1304	12.2167659781115
1305	12.1984152760011
1306	12.1825385465544
1307	12.1761544700198
1308	12.1729674142411
1309	12.1604982010817
1310	12.1364577704787
1311	12.1098530183943
1312	12.0922261762268
1313	12.0885122780606
1314	12.0981436607072
1315	12.1151971607372
1316	12.1281196399908
1317	12.1320715766616
1318	12.1319537325852
1319	12.1341725341977
1320	12.1357403898413
1321	12.1278787517214
1322	12.1052769565343
1323	12.070297404421
1324	12.0317609374307
1325	11.9946692949299
1326	11.957041067674
1327	11.9150994445477
1328	11.8679584530957
1329	11.8174141099695
1330	11.7656922297811
1331	11.716324834715
1332	11.673714455744
1333	11.6412110100798
1334	11.6205989660697
1335	11.6111729407974
1336	11.6077780032721
1337	11.6040579146842
1338	11.5977805814141
1339	11.5921578323927
1340	11.588492831586
1341	11.5793837535454
1342	11.5561252904825
1343	11.5137736453375
1344	11.4558191628701
1345	11.391729251782
1346	11.3281673562175
1347	11.2679765111546
1348	11.2135678837423
1349	11.1639051785623
1350	11.1141335314067
1351	11.064070484642
1352	11.0147563009274
1353	10.9649227326606
1354	10.9131052735204
1355	10.8584713427981
1356	10.7989341511415
1357	10.7312028161911
1358	10.6531602974404
1359	10.558608036931
1360	10.4427060428027
1361	10.3074080989263
1362	10.1535004107545
1363	9.98160120795016
1364	9.79371250986049
1365	9.59035956664448
1366	9.37356755860267
1367	9.14630190969553
1368	8.91162524622716
1369	8.67430671834323
1370	8.43556504032545
1371	8.1975924623417
1372	7.96370683255676
1373	7.73443735631993
1374	7.51078727686273
1375	7.29426217849395
1376	7.08764305331886
1377	6.89241591227506
1378	6.70704312281472
1379	6.52976124479574
1380	6.35957690108348
1381	6.197574439146
1382	6.04386271031013
1383	5.89650703291873
1384	5.75517425787203
1385	5.6187368585035
1386	5.48828463524848
1387	5.37177808888893
1388	5.27015778036286
1389	5.17402283223693
1390	5.06857154848684
1391	4.94014535092335
1392	4.77921907552174
1393	4.57897963163995
1394	4.33714157383325
1395	4.05645122837788
1396	3.74162944023586
1397	3.39936081204653
1398	3.03614902657803
1399	2.65831866291004
1400	2.27333829389304
1401	1.88710323559109
1402	1.50501738924878
1403	1.1303814318371
1404	0.766112570413004
1405	0.416581652547867
1406	0.0826854156492258
1407	-0.234951160181415
1408	-0.535571433451916
1409	-0.821231337762934
1410	-1.09364734385674
1411	-1.35202219095429
1412	-1.59568010619184
1413	-1.82740109232582
1414	-2.04801984857975
1415	-2.25766100976613
1416	-2.45902429590878
1417	-2.65280855715814
1418	-2.83916258754363
1419	-3.01900051518884
1420	-3.19162113759296
1421	-3.35521180343425
1422	-3.50915100891683
1423	-3.65296821619167
1424	-3.78768192029965
1425	-3.91778132851421
1426	-4.0452722162517
1427	-4.170057251881
1428	-4.29271799936377
1429	-4.4138076911362
1430	-4.53259646668948
1431	-4.64957914933788
1432	-4.76560694506491
1433	-4.87970500273706
1434	-4.99085892515055
1435	-5.09854597353163
1436	-5.2017287486343
1437	-5.30094035571791
1438	-5.39745881286986
1439	-5.48967218506193
1440	-5.57760746461081
1441	-5.66227968153608
1442	-5.7450055900096
1443	-5.82620677221004
1444	-5.9058687625795
1445	-5.98497595937257
1446	-6.06127644914966
1447	-6.12729064976595
1448	-6.17138756233242
1449	-6.17625875942347
1450	-6.12004533673404
1451	-5.9901682491614
1452	-5.78173551877091
1453	-5.492842858883
1454	-5.12552564008632
1455	-4.68157290652479
1456	-4.16387418442817
1457	-3.57809737634444
1458	-2.9277357585257
1459	-2.2201378781407
1460	-1.47039382793248
1461	-0.693737470142379
1462	0.0959216512465841
1463	0.89052300758498
1464	1.68358065801945
1465	2.46463789058404
1466	3.22302550658267
1467	3.95222257939324
1468	4.64906942245894
1469	5.30683871135185
1470	5.92197753460115
1471	6.49604226077901
1472	7.03141031782816
1473	7.52888499648817
1474	7.99189551179918
1475	8.42209735886168
1476	8.81888480897367
1477	9.18594750644107
1478	9.52614203020683
1479	9.84089747502933
1480	10.1332340767177
1481	10.408149983391
1482	10.6686906480239
1483	10.9141783998921
1484	11.1454105090099
1485	11.3651929732252
1486	11.5736763629813
1487	11.7663314702143
1488	11.9382268486075
1489	12.0826693480561
1490	12.1950989423542
1491	12.2661460974386
1492	12.2895436293994
1493	12.2801211738069
1494	12.2572375494377
1495	12.235050005432
1496	12.2242542198811
1497	12.2323494917806
1498	12.2655234225026
1499	12.3273083416302
1500	12.4183412968551
1501	12.5370682365113
1502	12.6797658594614
1503	12.8442639028941
1504	13.0260604703597
1505	13.2201228012139
1506	13.426134578427
1507	13.6395694785865
1508	13.8522133709388
1509	14.0624507433512
1510	14.2704870289707
1511	14.4691066401426
1512	14.6407369077115
1513	14.7787498649579
1514	14.8965056368285
1515	14.9891270867825
1516	15.0451794196197
1517	15.0665046044192
1518	15.0574180532298
1519	15.020452564998
1520	14.956506148872
1521	14.8667105110392
1522	14.7504308467391
1523	14.6083697272588
1524	14.443652443534
1525	14.258113439251
1526	14.0526776869157
1527	13.8279103550857
1528	13.5842381270949
1529	13.3225762554191
1530	13.0431397417296
1531	12.7484146588502
1532	12.4396527451398
1533	12.116219892954
1534	11.78141528983
1535	11.4400652257802
1536	11.0944893110762
1537	10.7453849022259
1538	10.3941583517664
1539	10.0426257309267
1540	9.69284846455647
1541	9.34880058137965
1542	9.0125700430629
1543	8.68687890390667
1544	8.3742762698362
1545	8.07569660159758
1546	7.79599855493261
1547	7.54367425852054
1548	7.32234646217162
1549	7.13677289597164
1550	6.9849726187525
1551	6.86523822504954
1552	6.78082675802274
1553	6.72695213009786
1554	6.69672683094714
1555	6.68438425348895
1556	6.69161750850994
1557	6.72012059821253
1558	6.76477739388676
1559	6.82042665254018
1560	6.88426253746465
1561	6.95622119708552
1562	7.03598614411881
1563	7.12152275438327
1564	7.21273026851834
1565	7.31163185514874
1566	7.41945249709091
1567	7.53289576359049
1568	7.64614339831085
1569	7.75685982783697
1570	7.86673453063054
1571	7.98032325218326
1572	8.09965343429401
1573	8.22267758388982
1574	8.34440250562555
1575	8.46139286332154
1576	8.57271096125
1577	8.6787821369203
1578	8.78179454101956
1579	8.88188406634446
1580	8.97796122754141
1581	9.06831547803625
1582	9.15592374468258
1583	9.24360227105657
1584	9.32701287908277
1585	9.39909905664748
1586	9.46148922206861
1587	9.52341438594802
1588	9.59010072822274
1589	9.66502439487617
1590	9.75195145088907
1591	9.85549391082463
1592	9.98036263276746
1593	10.129609789183
1594	10.2997211939581
1595	10.4763312172289
1596	10.6525107261128
1597	10.8194472606616
1598	10.9698879730887
1599	11.1047946213428
1600	11.2317219303688
1601	11.3574551416153
1602	11.4794717945572
1603	11.5939739511335
1604	11.7016787282751
1605	11.8096740289532
1606	11.9237188843969
1607	12.050509905642
1608	12.1933613747492
1609	12.3509051160448
1610	12.5222227791221
1611	12.7074461773608
1612	12.904428262398
1613	13.1102090187626
1614	13.3207508128526
1615	13.5331119816586
1616	13.7456892503007
1617	13.9537586673695
1618	14.1524019943179
1619	14.337833084119
1620	14.5029510039704
1621	14.6401039972266
1622	14.7424786223261
1623	14.8084236752141
1624	14.8367161432979
1625	14.824004821787
1626	14.7746755908547
1627	14.6943068816679
1628	14.5840685966523
1629	14.442652018418
1630	14.2742626001875
1631	14.0856406248782
1632	13.8754920262046
1633	13.6374650378073
1634	13.3664537281566
1635	13.0604367243306
1636	12.7180840804089
1637	12.3398783067577
1638	11.9278449019373
1639	11.4856199620734
1640	11.0203597557031
1641	10.5358770440576
1642	10.0370467729596
1643	9.53189056047953
1644	9.02512185052182
1645	8.52271456196719
1646	8.03122613964006
1647	7.55396339836161
1648	7.09612459065109
1649	6.66350108458382
1650	6.25907387852383
1651	5.88558209485638
1652	5.54379497904231
1653	5.23195478182138
1654	4.94646819616244
1655	4.68385090668519
1656	4.44332932536582
1657	4.22589094621951
1658	4.03746753643699
1659	3.88853521456708
1660	3.7837068377708
1661	3.72989182988758
1662	3.7369417959054
1663	3.80883621288291
1664	3.94770952464115
1665	4.15399258171915
1666	4.42501142611397
1667	4.75667674299501
1668	5.1478584847426
1669	5.59755957989915
1670	6.10424773002106
1671	6.66586527411498
1672	7.27587576655964
1673	7.92610211519099
1674	8.61006161197263
1675	9.31990514055406
1676	10.0447249068457
1677	10.7756385046578
1678	11.5027001481458
1679	12.2151565088855
1680	12.905666215755
1681	13.5684368631863
1682	14.1980360218229
1683	14.7901029110653
1684	15.3407977227169
1685	15.8505211320021
1686	16.3225208430147
1687	16.7555261882232
1688	17.1498344986744
1689	17.5098890158026
1690	17.8400377950469
1691	18.1424841777909
1692	18.417898719904
1693	18.6668894530048
1694	18.8926700133499
1695	19.0954523607487
1696	19.2712236250541
1697	19.415707296511
1698	19.5226894832442
1699	19.5819948894745
1700	19.589251421542
1701	19.541369520049
1702	19.4297016438468
1703	19.2532133538367
1704	19.0132681519531
1705	18.7079085515716
1706	18.3339082786714
1707	17.8906059922711
1708	17.381440371592
1709	16.8063544001451
1710	16.1695477729817
1711	15.4778224481975
1712	14.7403327464548
1713	13.9679859397229
1714	13.1689702233376
1715	12.3574698813863
1716	11.5479212395951
1717	10.7512263884544
1718	9.97606268836265
1719	9.22993028508242
1720	8.52077834776977
1721	7.85523834177299
1722	7.23563301556472
1723	6.66125762730038
1724	6.13179920383787
1725	5.64506755004792
1726	5.19681454917882
1727	4.78243104513317
1728	4.39977939313225
1729	4.0479715716546
1730	3.72481578991894
1731	3.42670248279127
1732	3.14900851674515
1733	2.88852952963814
1734	2.64642323884885
1735	2.42712104861509
1736	2.2396224362884
1737	2.09064282180999
1738	1.98867096694707
1739	1.94434150922844
1740	1.95281674411069
1741	2.01087799095576
1742	2.12254740640029
1743	2.28734424733257
1744	2.50662223304607
1745	2.77920765162755
1746	3.0994946203305
1747	3.46016374167595
1748	3.84689362684289
1749	4.24261219150515
1750	4.63484352500874
1751	5.03026387620266
1752	5.44069489701701
1753	5.86422196461755
1754	6.28601158086844
1755	6.70091662228008
1756	7.1135955647641
1757	7.52637271899807
1758	7.94404332318794
1759	8.36249367619652
1760	8.76576204691234
1761	9.14991519573619
1762	9.5150292036045
1763	9.86779831237128
1764	10.2140700188691
1765	10.5325461214452
1766	10.8089278999404
1767	11.0456575929024
1768	11.2563777888352
1769	11.4575808015013
1770	11.6579920145867
1771	11.8696194407104
1772	12.1041605839912
1773	12.3675891430896
1774	12.6629100706064
1775	12.9901356379732
1776	13.3471282634815
1777	13.731338339907
1778	14.1408808013861
1779	14.5689412957104
1780	15.0080608192604
1781	15.4555674108102
1782	15.9073235072786
1783	16.3575289193749
1784	16.8004190957668
1785	17.2326355654087
1786	17.6506218559313
1787	18.0445372180119
1788	18.4047874477135
1789	18.7282888335041
1790	19.0154029821968
1791	19.2681324712914
1792	19.48598544237
1793	19.6742929302837
1794	19.8400006998017
1795	19.9820452764416
1796	20.1035609887431
1797	20.2022818956667
1798	20.2766068861724
1799	20.3187651623267
1800	20.3211848686549
1801	20.2925927299417
1802	20.2415375071446
1803	20.1650248861988
1804	20.0487868341293
1805	19.8809487168569
1806	19.6678318346421
1807	19.4288799317833
1808	19.1665192580805
1809	18.8780443652513
1810	18.5587268186433
1811	18.2013335743106
1812	17.8093372761447
1813	17.382880927877
1814	16.9204287634852
1815	16.42775400598
1816	15.9101350711308
1817	15.3685186184299
1818	14.8026962298423
1819	14.2137754112901
1820	13.603905736435
1821	12.9745407681781
1822	12.3286183875628
1823	11.6718724863761
1824	11.0112463909197
1825	10.3527170848737
1826	9.70038094419626
1827	9.06070758063793
1828	8.44107885988467
1829	7.844216395955
1830	7.27064651728552
1831	6.72332187350136
1832	6.20501402477774
1833	5.71758594652061
1834	5.26296429196378
1835	4.83862614043516
1836	4.44406673937838
1837	4.08117138816992
1838	3.75747424139351
1839	3.49184297358528
1840	3.28684334796872
1841	3.13616724562166
1842	3.02307420067954
1843	2.91982262981106
1844	2.81020670234939
1845	2.6901392750783
1846	2.57144199208343
1847	2.46588547400915
1848	2.37457400269134
1849	2.28858893803316
1850	2.20221775014559
1851	2.11690678068444
1852	2.03708552701309
1853	1.97077062956236
1854	1.91678570009931
1855	1.86597098043124
1856	1.81102541387791
1857	1.74708316354228
1858	1.6814113342579
1859	1.62800301158938
1860	1.58750308439529
1861	1.55108687698164
1862	1.51228633985603
1863	1.47344322533259
1864	1.4439512031866
1865	1.43117123297529
1866	1.43407135762246
1867	1.44686549436585
1868	1.46835295769611
1869	1.50008015062673
1870	1.54831123648619
1871	1.61186253774618
1872	1.68337329060304
1873	1.75930472140343
1874	1.84015597072307
1875	1.92657644632279
1876	2.01768604082014
1877	2.10680753014111
1878	2.18199289062019
1879	2.24261709548182
1880	2.29041117945348
1881	2.32562133617234
1882	2.35261724194754
1883	2.37598228041291
1884	2.39553775939958
1885	2.40869971510106
1886	2.41483815551147
1887	2.41732518925519
1888	2.42280211413858
1889	2.43291396399948
1890	2.44439570117072
1891	2.45761903129535
1892	2.47636962229862
1893	2.50549424894252
1894	2.54425101268416
1895	2.58776672351944
1896	2.63335295056284
1897	2.680143529712
1898	2.73480168316583
1899	2.79965750087237
1900	2.87020931598958
1901	2.94334476204631
1902	3.01781646907452
1903	3.0935445562932
1904	3.17392290557136
1905	3.26732617655151
1906	3.3782347625484
1907	3.50632156301693
1908	3.65255225865424
1909	3.81590226454452
1910	3.98741055575846
1911	4.15960431831456
1912	4.32779185896531
1913	4.48258170443509
1914	4.61150089973728
1915	4.70268383501427
1916	4.74573582245914
1917	4.73501377862073
1918	4.66646495476787
1919	4.5367659733727
1920	4.34852002707605
1921	4.10742087072718
1922	3.81649259174419
1923	3.47837655385558
1924	3.10034903514153
1925	2.69171837538
1926	2.25904180086697
1927	1.80817340002267
1928	1.34759609328355
1929	0.885793926977646
1930	0.428863548146231
1931	-0.0160854397662998
1932	-0.44167207899758
1933	-0.840769110120144
1934	-1.20543222037703
1935	-1.52610466461364
1936	-1.78700398742913
1937	-1.97950869863777
1938	-2.10512555253639
1939	-2.1822263838733
1940	-2.23188906302603
1941	-2.26403254865133
1942	-2.27976298016834
1943	-2.26391380222347
1944	-2.20749630291357
1945	-2.12503287183994
1946	-2.03866700444518
1947	-1.96499550811265
1948	-1.90277804308499
1949	-1.82979464115715
1950	-1.72869776804987
1951	-1.60591971285998
1952	-1.48182413612199
1953	-1.37230388657087
1954	-1.27298658833853
1955	-1.16466941985129
1956	-1.03671507070075
1957	-0.902846315513136
1958	-0.785059541077113
1959	-0.679904387465801
1960	-0.55866833753555
1961	-0.404788807124574
1962	-0.232284863103088
1963	-0.0678484852236573
1964	0.0787172547316504
1965	0.229918170307572
1966	0.41159597582608
1967	0.627518526104956
1968	0.866088441171505
1969	1.10779425214668
1970	1.33813645315694
1971	1.56255253001388
1972	1.80191385226474
1973	2.06531506126946
1974	2.34238599354661
1975	2.6146324481394
1976	2.86306108810341
1977	3.07513004983234
1978	3.24346888347175
1979	3.36467995168361
1980	3.43631740566275
1981	3.45545973536518
1982	3.42415422751033
1983	3.34605221837341
1984	3.22193661595867
1985	3.05396951623402
1986	2.84797781305664
1987	2.60834021303532
1988	2.33703724381431
1989	2.03766949334836
1990	1.71379600064284
1991	1.36850267603333
1992	1.0066751754753
1993	0.634683467244935
1994	0.259526138169288
1995	-0.113793015402921
1996	-0.483259655056377
1997	-0.845399102090513
1998	-1.19249728960112
1999	-1.51097022476453
2000	-1.7818760003
2001	-1.98651705566094
2002	-2.12668441900736
2003	-2.22500045516304
2004	-2.30394504375142
2005	-2.3813686206914
2006	-2.4727503575568
2007	-2.58961774205394
2008	-2.73978885656908
2009	-2.92413388974508
2010	-3.13869643369719
2011	-3.37857325522476
2012	-3.63842855834554
2013	-3.91106706765712
2014	-4.18488574229771
2015	-4.44945831640125
2016	-4.69504574465981
2017	-4.90803998047645
2018	-5.08149665801814
2019	-5.21711678510063
2020	-5.31281998759756
2021	-5.3631924526211
2022	-5.36575688061455
2023	-5.31732572535088
2024	-5.20815430091327
2025	-5.03614298517671
2026	-4.80683964747046
2027	-4.53170644993371
2028	-4.2239691348872
2029	-3.89161828291959
2030	-3.54205897138377
2031	-3.17983102448839
2032	-2.80589626201658
2033	-2.42082390661763
2034	-2.03003738358245
2035	-1.63320830156901
2036	-1.21367936811156
2037	-0.777001066424817
2038	-0.334375274997246
2039	0.113724108237559
2040	0.556872636235508
2041	0.986108098464518
2042	1.39651886399251
2043	1.79286094222661
2044	2.18540102159054
2045	2.57598401879551
2046	2.96070025558451
2047	3.34839870151983
2048	3.74802384936375
2049	4.15360421648021
2050	4.56436189323372
2051	4.98217264617485
2052	5.39933866197406
2053	5.80534625641904
2054	6.1933643682141
2055	6.56205588989767
2056	6.91464005869648
2057	7.2516252904818
2058	7.57367586173483
2059	7.8810760464179
2060	8.17402504331211
2061	8.453503097863
2062	8.71931113908526
2063	8.97249448463879
2064	9.21552180980179
2065	9.4490272944136
2066	9.67093504621045
2067	9.88075160330374
2068	10.0823235619186
2069	10.2788153518728
2070	10.4701319954707
2071	10.6550770635952
2072	10.8332122859494
2073	11.0047468350036
2074	11.1641143366609
2075	11.3013895594458
2076	11.4122538363366
2077	11.5008471478404
2078	11.5764279506344
2079	11.6408590691657
2080	11.6913112146657
2081	11.7291717232448
2082	11.7540285410434
2083	11.7688933733017
2084	11.776256710365
2085	11.7762435176497
2086	11.770428428316
2087	11.7613675313674
2088	11.7512266778195
2089	11.7411695245355
2090	11.7323739317203
2091	11.7269592788841
2092	11.7255094429703
2093	11.727142210019
2094	11.7309517649886
2095	11.7367056257657
2096	11.7445036421115
2097	11.7536677961724
2098	11.7638228536658
2099	11.7744709125417
2100	11.7865299405589
2101	11.8005976251961
2102	11.8158810232642
2103	11.8317050660448
2104	11.8487906974157
2105	11.8675233086418
2106	11.8874503046054
2107	11.9083919708843
2108	11.930174294553
2109	11.9532119244547
2110	11.9767982871217
2111	12.0003910763883
2112	12.0246836281926
2113	12.0491532853475
2114	12.0737558502691
2115	12.0984230669323
2116	12.1225956481015
2117	12.146904246033
2118	12.1717411897149
2119	12.1973428954201
2120	12.2253351960711
2121	12.2545516704033
2122	12.2827608292596
2123	12.3100675482814
2124	12.3359969509314
2125	12.3598332571219
2126	12.3803398816595
2127	12.3961124720243
2128	12.4075992753969
2129	12.4157531503678
2130	12.420148183529
2131	12.420254741334
2132	12.4163583114367
2133	12.4093794803725
2134	12.3993499054151
2135	12.38694708592
2136	12.3721616518373
2137	12.3551415127441
2138	12.3377589747179
2139	12.322841939547
2140	12.3172331189964
2141	12.3251338889397
2142	12.3453076660845
2143	12.3774930217032
2144	12.4235790068122
2145	12.4850429110916
2146	12.5627563840265
2147	12.6567873925078
2148	12.7667034901575
2149	12.8899567154364
2150	13.024656274762
2151	13.1694109367635
2152	13.3206712830361
2153	13.4768574801744
2154	13.6366708178377
2155	13.798248144928
2156	13.9599101941853
2157	14.1194462671156
2158	14.2768801715348
2159	14.4317350992977
2160	14.5817009136707
2161	14.7259467348816
2162	14.8636473188796
2163	14.9945345209873
2164	15.1196071521741
2165	15.2383095545778
2166	15.3499517655922
2167	15.4551634314549
2168	15.5541953362139
2169	15.6470391421789
2170	15.7340459234495
2171	15.8156752947795
2172	15.8919260235088
2173	15.9635623012161
2174	16.0316029189105
2175	16.0958831825518
2176	16.1558979733257
2177	16.2114996772416
2178	16.2627322203445
2179	16.3100062094022
2180	16.3540623979889
2181	16.3956142622392
2182	16.4346189937569
2183	16.4707534172804
2184	16.503777677374
2185	16.5330630242027
2186	16.5576252550074
2187	16.5772366954919
2188	16.5934984118364
2189	16.6070079669841
2190	16.616339304519
2191	16.6198076581954
2192	16.6162969483267
2193	16.6058729742189
2194	16.5890782868211
2195	16.5657465234846
2196	16.5338435981178
2197	16.4879092640174
2198	16.4243198721363
2199	16.3440108322478
2200	16.2509279757416
2201	16.1517600878961
2202	16.0554979632629
2203	15.9711871104093
2204	15.903635187144
2205	15.8548233642511
2206	15.8258716921018
2207	15.8169977762812
2208	15.8281856253173
2209	15.8608305859823
2210	15.9143306054488
2211	15.9865459660639
2212	16.0753499459782
2213	16.1779268979011
2214	16.290517447576
2215	16.40764345597
2216	16.5275683619736
2217	16.6492178042709
2218	16.7707282929424
2219	16.8908554760535
2220	17.0085219328333
2221	17.1226827874009
2222	17.2318242652411
2223	17.3341846879941
2224	17.429263941462
2225	17.5201738059402
2226	17.6092681392754
2227	17.6943718191643
2228	17.7740299627165
2229	17.8493366506875
2230	17.9191199078364
2231	17.9814960109497
2232	18.0368920217082
2233	18.0876129370956
2234	18.1344427136026
2235	18.1777317467132
2236	18.2163848958727
2237	18.2442241751376
2238	18.2566760357615
2239	18.2522827358994
2240	18.2298719397654
2241	18.1902559255006
2242	18.1337510798178
2243	18.0580250460979
2244	17.9617771705004
2245	17.8495986383529
2246	17.7286381576832
2247	17.601694941036
2248	17.4668491694616
2249	17.3226691460895
2250	17.1720741024613
2251	17.0183580551185
2252	16.8618996731385
2253	16.7015427074459
2254	16.5346150169021
2255	16.3621329567836
2256	16.1848653033238
2257	16.0006038737161
2258	15.8132174341002
2259	15.6216490687529
2260	15.4223402915781
2261	15.2157232741021
2262	15.0014594600856
2263	14.7802750654099
2264	14.5530217096529
2265	14.3207653936185
2266	14.0843272220145
2267	13.8448912943438
2268	13.6037105495419
2269	13.3628401225268
2270	13.1230699729181
2271	12.8860644633306
2272	12.6541368142541
2273	12.4274129542836
2274	12.2086291099695
2275	12.0012328556151
2276	11.8059219439661
2277	11.6220810976636
2278	11.4482133960298
2279	11.284842760376
2280	11.1318054627312
2281	10.9885232455129
2282	10.8558044892195
2283	10.7349712954808
2284	10.6276195154301
2285	10.5336079279209
2286	10.4532863458971
2287	10.3886549063993
2288	10.3391260188888
2289	10.3028153231464
2290	10.2797540076756
2291	10.2662377701676
2292	10.2584380122267
2293	10.25755195681
2294	10.2628409789505
2295	10.276870286103
2296	10.3074363725554
2297	10.3597234683131
2298	10.4366716115904
2299	10.538079165254
2300	10.6644485415135
2301	10.8169942111901
2302	10.9934759595284
2303	11.1926615758672
2304	11.414797587137
2305	11.6593478146908
2306	11.9244367821734
2307	12.2069778164052
2308	12.5039855358761
2309	12.8117265908443
2310	13.1282223468712
2311	13.4516807338932
2312	13.7790012180034
2313	14.1076632358443
2314	14.4333103223065
2315	14.7520569963694
2316	15.0612794003704
2317	15.3576500721396
2318	15.6396522633744
2319	15.9060615262765
2320	16.1554723042217
2321	16.3885013195335
2322	16.6045690014885
2323	16.8034900659628
2324	16.9851727967822
2325	17.1480674920985
2326	17.2928573107367
2327	17.4229424689556
2328	17.5416148402619
2329	17.6487286607041
2330	17.7433596434001
2331	17.8261055002503
2332	17.8977843682684
2333	17.9591013605657
2334	18.0114792287865
2335	18.0550866922599
2336	18.0893746338128
2337	18.1158396017179
2338	18.1330881639236
2339	18.1399816875168
2340	18.1398770161996
2341	18.1336757099926
2342	18.1190784910973
2343	18.0938122049631
2344	18.0564897581497
2345	18.0078233886606
2346	17.950075256098
2347	17.8852678299108
2348	17.8155479094569
2349	17.7406409871838
2350	17.6584592922203
2351	17.5722030059421
2352	17.489021657261
2353	17.4120762269351
2354	17.3331871929736
2355	17.2420788728399
2356	17.1437387206753
2357	17.0520168573871
2358	16.9761704806483
2359	16.9222622508358
2360	16.892467110889
2361	16.8862273856101
2362	16.9056661888721
2363	16.9510352608602
2364	17.0207233743117
2365	17.111752705147
2366	17.2203395712564
2367	17.3428334037206
2368	17.4779579313538
2369	17.6251438386606
2370	17.7806710039143
2371	17.9418889922924
2372	18.1062315976664
2373	18.2705385027256
2374	18.4333622041058
2375	18.5931555629319
2376	18.7482460032938
2377	18.8976724808816
2378	19.0407247414362
2379	19.1761757950143
2380	19.3021602488635
2381	19.4196702567143
2382	19.5308930676346
2383	19.6365799229116
2384	19.7354213607723
2385	19.82599405752
2386	19.9091898553664
2387	19.9841607297796
2388	20.0498738265813
2389	20.1064728935412
2390	20.1545279812652
2391	20.1952785826015
2392	20.2293760553259
2393	20.2571640992543
2394	20.2795992840539
2395	20.29663833932
2396	20.3055912042743
2397	20.3047511568523
2398	20.2902502016651
2399	20.2538228292756
2400	20.1914566063113
2401	20.0968136877959
2402	19.9650509446276
2403	19.8009059354245
2404	19.6103534549934
2405	19.3994998185125
2406	19.1747008934299
2407	18.9406892613045
2408	18.6978717337563
2409	18.4428636196172
2410	18.1757210813853
2411	17.8971865787863
2412	17.6037712466625
2413	17.29790835175
2414	16.9850959829877
2415	16.6578261176098
2416	16.3181707545788
2417	15.9772432885125
2418	15.6405120420662
2419	15.3057990336093
2420	14.9681094371623
2421	14.6217775688718
2422	14.2632450435577
2423	13.8941149232469
2424	13.5158091958804
2425	13.1302715396036
2426	12.7387410274086
2427	12.3458505820985
2428	11.9610635995637
2429	11.5982020987425
2430	11.2600647766223
2431	10.9438551951777
2432	10.6558078946116
2433	10.3911036099814
2434	10.1417188025375
2435	9.90755352910296
2436	9.68519963052677
2437	9.47199206863066
2438	9.2683145184036
2439	9.07458994230323
2440	8.89041005162063
2441	8.71489257111129
2442	8.5477398595454
2443	8.38735614776302
2444	8.23231572209092
2445	8.08335349356357
2446	7.94110814814219
2447	7.80452806747315
2448	7.67224322119043
2449	7.54387098899908
2450	7.41913772180139
2451	7.2967676065557
2452	7.17713607781248
2453	7.06040224861151
2454	6.94600296353671
2455	6.83439294251017
2456	6.7258673723781
2457	6.62426097036153
2458	6.53465894442711
2459	6.46619888845908
2460	6.43270285917907
2461	6.449005014866
2462	6.52663331484794
2463	6.67052596170878
2464	6.88438762318614
2465	7.17206179383122
2466	7.5334823707375
2467	7.96604444889408
2468	8.46694964799045
2469	9.02988772954112
2470	9.64819963657489
2471	10.3121218287309
2472	11.009989110691
2473	11.7326914889454
2474	12.4688896636501
2475	13.2069790032055
2476	13.9363385936068
2477	14.6436019091953
2478	15.3184899308807
2479	15.9554747349738
2480	16.5543831278328
2481	17.113174039161
2482	17.6272713666018
2483	18.0967774882487
2484	18.5184242061967
2485	18.8913657840188
2486	19.2222687307494
2487	19.5151924257408
2488	19.7661049340967
2489	19.9647299230783
2490	20.1048064829626
2491	20.1866992061338
2492	20.210382718081
2493	20.1799265511921
2494	20.100564693982
2495	19.9792957263816
2496	19.8269509111452
2497	19.6495625309255
2498	19.4524851117552
2499	19.2426934739944
2500	19.0157564668744
2501	18.7725048721641
2502	18.5211778463325
2503	18.2666006589539
2504	18.0120167882361
2505	17.7608051886303
2506	17.5134981627879
2507	17.2693877169266
2508	17.0267934033547
2509	16.7792241779297
2510	16.5217126199327
2511	16.2532680754695
2512	15.9806562693984
2513	15.7177327141635
2514	15.4799985470107
2515	15.2793104789976
2516	15.1159699338051
2517	14.9826145077476
2518	14.8730440250925
2519	14.7838712706326
2520	14.7123180399153
2521	14.6520716924277
2522	14.5944599154534
2523	14.529888101228
2524	14.4488474977652
2525	14.3392525991309
2526	14.1926744039719
2527	14.0083574359047
2528	13.7893866894898
2529	13.545088174291
2530	13.2856802354405
2531	13.0283752189122
2532	12.7828808407562
2533	12.5541551307785
2534	12.3517689589612
2535	12.1764138870699
2536	12.0267283933189
2537	11.9039305804766
2538	11.8105000470947
2539	11.7424374622655
2540	11.6946367082962
2541	11.6648561547401
2542	11.6497509457573
2543	11.6485215364622
2544	11.6602268850052
2545	11.6823612591416
2546	11.7127121747906
2547	11.7500638182398
2548	11.7933607730711
2549	11.8431921309212
2550	11.8995529222358
2551	11.9585103195378
2552	12.0133655363367
2553	12.0553546162752
2554	12.0783344171899
2555	12.0753953753264
2556	12.0394684828498
2557	11.9713313897637
2558	11.8767829082592
2559	11.7605841532733
2560	11.62693424019
2561	11.4793718102801
2562	11.3205827888216
2563	11.1541732613367
2564	10.9821931160549
2565	10.8060521085139
2566	10.6273054208925
2567	10.4460870768749
2568	10.2642098786745
2569	10.0843811321641
2570	9.90767977879884
2571	9.73429647627547
2572	9.56413122285273
2573	9.39724859088616
2574	9.23374536114289
2575	9.07429511736385
2576	8.91983756999798
2577	8.77124952224968
2578	8.62797204786186
2579	8.4869389172362
2580	8.34758081734007
2581	8.21184016896504
2582	8.08047065250121
2583	7.9539869572414
2584	7.83233274102728
2585	7.71461734337283
2586	7.60256740495606
2587	7.49649982589836
2588	7.39518506225652
2589	7.29841784857298
2590	7.20564468541547
2591	7.11845712158371
2592	7.03917602274839
2593	6.97002636407729
2594	6.91157189954569
2595	6.86221339072578
2596	6.81670087018138
2597	6.7650926282479
2598	6.69789046703399
2599	6.60782595499566
2600	6.48923117578692
2601	6.33897812193193
2602	6.15776930614813
2603	5.9461897573409
2604	5.7072188516761
2605	5.44629083301383
2606	5.16859468662959
2607	4.87660870789732
2608	4.5737890842421
2609	4.26479247296841
2610	3.95155174082141
2611	3.63594985479774
2612	3.32091801272635
2613	3.01098946582092
2614	2.70753266352023
2615	2.41129037331278
2616	2.12564594886226
2617	1.85167921034968
2618	1.58814239539436
2619	1.33494106827902
2620	1.09410034226144
2621	0.866479579393483
2622	0.651300357005462
2623	0.447528326727746
2624	0.253089280115263
2625	0.0671936358782938
2626	-0.110243682098
2627	-0.278975827196627
2628	-0.438352213922167
2629	-0.589143497780876
2630	-0.732879142823853
2631	-0.870431717798577
2632	-1.00035569761191
2633	-1.12209061463419
2634	-1.23758092063218
2635	-1.34822508147604
2636	-1.45113284345719
2637	-1.53951656837378
2638	-1.60302260683453
2639	-1.63616323961432
2640	-1.64220560673003
2641	-1.63036206764969
2642	-1.60999189591338
2643	-1.58671101073407
2644	-1.56447388120408
2645	-1.54747644637146
2646	-1.53893657158214
2647	-1.53957035288887
2648	-1.55072248252846
2649	-1.5696940219983
2650	-1.59458764742969
2651	-1.62329066822111
2652	-1.65503413234637
2653	-1.6880930096685
2654	-1.71831750845758
2655	-1.74530735176084
2656	-1.76415327705154
2657	-1.77016441309
2658	-1.76288782974661
2659	-1.74041417864396
2660	-1.70106035202946
2661	-1.6441419759391
2662	-1.56842751822584
2663	-1.47417135776474
2664	-1.35778917185136
2665	-1.21578881245838
2666	-1.05462397678123
2667	-0.879751201109397
2668	-0.694053945382505
2669	-0.498473613733649
2670	-0.293772191388625
2671	-0.0795698962045728
2672	0.145322988077546
2673	0.378079894711905
2674	0.617499936985796
2675	0.865145319029257
2676	1.12181449358465
2677	1.38397277424431
2678	1.64935308022645
2679	1.91745792699806
2680	2.18576576231192
2681	2.45080834026309
2682	2.71057168839171
2683	2.9652125171515
2684	3.21323529563291
2685	3.45270093125242
2686	3.6819559521343
2687	3.89789728152037
2688	4.09921338006701
2689	4.28599794694318
2690	4.45709829343272
2691	4.61181311236087
2692	4.75220251961899
2693	4.88069036692492
2694	5.00261494121029
2695	5.12380614986716
2696	5.25233179911898
2697	5.39361698648745
2698	5.5456382899361
2699	5.71521080461875
2700	5.91966225136396
2701	6.17511313987926
2702	6.49335531510738
2703	6.87760177239947
2704	7.32525611389192
2705	7.82922305612193
2706	8.38128885034351
2707	8.9723811394542
2708	9.59220348345278
2709	10.231726953102
2710	10.8816719263733
2711	11.533292050486
2712	12.1798225828062
2713	12.8155091192822
2714	13.4342194869151
2715	14.0318341114822
2716	14.6077136925207
2717	15.1602342450527
2718	15.6863390470214
2719	16.1843721767245
2720	16.654202206315
2721	17.0973370520595
2722	17.5155407526542
2723	17.9100778221119
2724	18.282788583789
2725	18.6345282483844
2726	18.9663965053877
2727	19.2799731422499
2728	19.5772028224293
2729	19.860921321911
2730	20.1324859495574
2731	20.3928692674578
2732	20.6431843503917
2733	20.8836764183763
2734	21.1140983473059
2735	21.3345767688583
2736	21.5453270523655
2737	21.7468809262195
2738	21.9395139518582
2739	22.1239359602197
2740	22.3019702593426
2741	22.474469116699
2742	22.642143673989
2743	22.8053646010893
2744	22.964458732114
2745	23.1169209218532
2746	23.2608985965547
2747	23.3931059887231
2748	23.5053467849961
2749	23.5919669268303
2750	23.64643403791
2751	23.6604895559721
2752	23.6225501179567
2753	23.5238416041737
2754	23.3596317266094
2755	23.1276282086458
2756	22.8280147313791
2757	22.4605688293737
2758	22.0259213733807
2759	21.5259668505718
2760	20.9670347876653
2761	20.3501185259679
2762	19.6728014925112
2763	18.9398176650634
2764	18.158662419938
2765	17.3397211874257
2766	16.4948495647575
2767	15.6354281775501
2768	14.7785836529566
2769	13.9409757005289
2770	13.1352467419333
2771	12.3751549117657
2772	11.6765571429692
2773	11.0469222384456
2774	10.476644247097
2775	9.94922013156554
2776	9.45610973920129
2777	8.9947392371478
2778	8.56413688091385
2779	8.16229641739429
2780	7.78301660930202
2781	7.41813088589247
2782	7.06385198587597
2783	6.72057521635868
2784	6.38897072917694
2785	6.06984288202676
2786	5.7632490134748
2787	5.46681167722349
2788	5.17897449546876
2789	4.90094251313194
2790	4.63321880278406
2791	4.376340771405
2792	4.13303509376596
2793	3.90731539773016
2794	3.70445615335359
2795	3.53036117475217
2796	3.39143571607785
2797	3.29637925503698
2798	3.24013075659047
2799	3.21195184054156
2800	3.2125815004715
2801	3.2391081212737
2802	3.29006562809321
2803	3.37054656817654
2804	3.48750677068715
2805	3.64761817341454
2806	3.85342205902434
2807	4.10918017920864
2808	4.41483077174248
2809	4.76886178950449
2810	5.17043483137814
2811	5.61656905025131
2812	6.1049825077495
2813	6.6314336372869
2814	7.19580963865676
2815	7.79303482558311
2816	8.4166251827008
2817	9.05978319987234
2818	9.69622886103087
2819	10.2984981456782
2820	10.8453639885445
2821	11.3213629553619
2822	11.7232128092835
2823	12.0646911103364
2824	12.3686276754947
2825	12.6430449549834
2826	12.8900851444705
2827	13.1084123907893
2828	13.2929092651743
2829	13.43894367702
2830	13.545450528189
2831	13.6129757981127
2832	13.6382726129261
2833	13.6273681703404
2834	13.5916603443696
2835	13.5288051170288
2836	13.4272051841334
2837	13.2805892648651
2838	13.0835973031379
2839	12.8356215151067
2840	12.5411287713047
2841	12.2098180003179
2842	11.8531249564878
2843	11.4743910022714
2844	11.0777416478808
2845	10.6651851886278
2846	10.2399815439514
2847	9.8123061533367
2848	9.38497714836985
2849	8.95001295408513
2850	8.49752596374379
2851	8.0242451193636
2852	7.53297159905083
2853	7.02825174605371
2854	6.51604377494458
2855	6.00103671735774
2856	5.48864721831603
2857	4.98487081881525
2858	4.49502573991226
2859	4.02402906608708
2860	3.57496236070433
2861	3.14989065877399
2862	2.74996975009705
2863	2.37490927668948
2864	2.02525948672429
2865	1.70141829041327
2866	1.40405598982267
2867	1.13309898510038
2868	0.885911895497428
2869	0.65943728637988
2870	0.453231474459577
2871	0.272927910702964
2872	0.132062595036651
2873	0.0417043524407714
2874	0.00147099872160651
2875	0.000843739319335277
2876	0.0268945239079361
2877	0.0662974740076987
2878	0.108381189963069
2879	0.147097823614359
2880	0.178430404480964
2881	0.199979259825596
2882	0.212100849708682
2883	0.216214109307812
2884	0.213058929122285
2885	0.202928407504058
2886	0.187171393076239
2887	0.167932868238937
2888	0.146095779410228
2889	0.123115787748744
2890	0.0986076312849297
2891	0.0728842204905175
2892	0.0475863040522152
2893	0.0240786251744431
2894	0.00357884054245446
2895	-0.0137607103766351
2896	-0.0262952224647055
2897	-0.0325669262423805
2898	-0.0322076609303865
2899	-0.0249983472130454
2900	-0.0118165667073695
2901	0.00560624913015353
2902	0.0274087320589652
2903	0.0545618930323483
2904	0.0878943109509751
2905	0.128043167266034
2906	0.175658454032225
2907	0.229240716316619
2908	0.284962258567006
2909	0.342022679023236
2910	0.400766130845714
2911	0.462087793503879
2912	0.526860300380841
2913	0.594134224403511
2914	0.663852292623116
2915	0.736645121574426
2916	0.810117009608211
2917	0.882858019569009
2918	0.95534786426816
2919	1.02807394199793
2920	1.11023233155173
2921	1.21624132789174
2922	1.35198115603119
2923	1.51624525975273
2924	1.70463695033782
2925	1.91204953718343
2926	2.13705562179798
2927	2.37908666849579
2928	2.63363071850396
2929	2.89735192301608
2930	3.17055502051868
2931	3.45404099141918
2932	3.74603824790985
2933	4.041140238442
2934	4.33512873238073
2935	4.62492581890552
2936	4.9103368807047
2937	5.19001039380669
2938	5.46198815057463
2939	5.7253339206606
2940	5.97809445584574
2941	6.2193747563907
2942	6.44870913807419
2943	6.6667079867121
2944	6.87180997240556
2945	7.06382702026118
2946	7.24468643684303
2947	7.41389509394679
2948	7.57220168643105
2949	7.72066389224306
2950	7.86081504179159
2951	7.99370641492185
2952	8.11823828922324
2953	8.23569058549472
2954	8.34664312940432
2955	8.45151559159232
2956	8.55072958495236
2957	8.64361064298063
2958	8.7313862323609
2959	8.81515517137413
2960	8.89441136633484
2961	8.96808152124152
2962	9.03718257747195
2963	9.10630293569421
2964	9.18131298943116
2965	9.26775264739037
2966	9.36652343365929
2967	9.4708807638806
2968	9.57828615472033
2969	9.69679190865138
2970	9.83205621401393
2971	9.98670729237226
2972	10.1620319320186
2973	10.3586136945874
2974	10.57625473727
2975	10.8112465986306
2976	11.0587252519551
2977	11.3157715962148
2978	11.581010655463
2979	11.8523162144789
2980	12.1258690219203
2981	12.3970655462791
2982	12.6653464218863
2983	12.9321388359888
2984	13.195676269778
2985	13.4544505683152
2986	13.7056430752297
2987	13.9474759666041
2988	14.1801357908182
2989	14.4018759643842
2990	14.6125831204617
2991	14.8132115705673
2992	15.0052713648294
2993	15.1880534111677
2994	15.3596842515881
2995	15.517554340178
2996	15.6585576167565
2997	15.7799525177971
2998	15.8806790741436
2999	15.9621019063411
3000	16.023738487836
3001	16.0646774594827
3002	16.0859338517119
3003	16.0912306826459
3004	16.0827447076694
3005	16.0593067098907
3006	16.0195774584863
3007	15.9672966460223
3008	15.905798892007
3009	15.8365400172444
3010	15.7613969055149
3011	15.6843853930749
3012	15.6103444801596
3013	15.5421684946224
3014	15.482890256363
3015	15.4330853854282
3016	15.3938065238415
3017	15.3672556464146
3018	15.3559516255863
3019	15.3607276536985
3020	15.3807780802854
3021	15.4153810619421
3022	15.4590334625744
3023	15.5044122589574
3024	15.5420299346794
3025	15.5636620239031
3026	15.5599715201858
3027	15.5226041519246
3028	15.4537823173105
3029	15.3597157929068
3030	15.2440206330149
3031	15.1070459764158
3032	14.9510487427257
3033	14.7800166171495
3034	14.5958831395121
3035	14.4055590366622
3036	14.2145684480432
3037	14.0220632363854
3038	13.8276181630385
3039	13.6312284653676
3040	13.4459542500882
3041	13.2894792150386
3042	13.1692972530715
3043	13.0787550216339
3044	12.9969939198428
3045	12.9124361748882
3046	12.8220995829973
3047	12.7230385030829
3048	12.6200367115982
3049	12.510941270161
3050	12.3892597297013
3051	12.2534693421535
3052	12.0947120133975
3053	11.9003511365027
3054	11.6604353023395
3055	11.3700027268053
3056	11.0294960407474
3057	10.6418983957073
3058	10.2109585030242
3059	9.74377352684124
3060	9.24900272054614
3061	8.73499074476688
3062	8.21076336375433
3063	7.68407228749393
3064	7.16160345869279
3065	6.64915976854647
3066	6.15186724204743
3067	5.67219216037747
3068	5.21330405733877
3069	4.77770096062786
3070	4.36531775628986
3071	3.97811295136296
3072	3.61577266290122
3073	3.27507075019272
3074	2.95339270023765
3075	2.6507816551507
3076	2.36710847111745
3077	2.10094228560891
3078	1.84971109020519
3079	1.6117444756037
3080	1.38651083055293
3081	1.17630571968092
3082	0.990931927475804
3083	0.840284830506191
3084	0.734795250706741
3085	0.682071067947887
3086	0.674164559535583
3087	0.692598854432964
3088	0.720787571706142
3089	0.748662461120176
3090	0.771673119894783
3091	0.788023996180018
3092	0.794520270395031
3093	0.789953553510078
3094	0.774895890754134
3095	0.749577906175332
3096	0.717110621197093
3097	0.68093470187423
3098	0.642587375809979
3099	0.603028496443189
3100	0.563439446980391
3101	0.524466218559087
3102	0.48605465092625
3103	0.448287138090139
3104	0.410995005738121
3105	0.375764296517289
3106	0.345911424953934
3107	0.32339512218198
3108	0.307561851443163
3109	0.295857930051876
3110	0.287995073610372
3111	0.285517043808619
3112	0.289929180602102
3113	0.301793926020384
3114	0.320134198990589
3115	0.343896094512211
3116	0.372161345612651
3117	0.404541007326443
3118	0.441350457547172
3119	0.480098656807305
3120	0.520755371600836
3121	0.56585572584899
3122	0.616224927543884
3123	0.673675333816576
3124	0.737110154920717
3125	0.802829150389163
3126	0.866516151513413
3127	0.925250979543282
3128	0.988022950632525
3129	1.0752946567408
3130	1.20426586807281
3131	1.38478920297955
3132	1.62704221955492
3133	1.93843476323608
3134	2.32126340888692
3135	2.77706492499297
3136	3.30178095685501
3137	3.88715335359023
3138	4.52090989943659
3139	5.18680878543592
3140	5.87309384011918
3141	6.56934695367066
3142	7.26151093486647
3143	7.93750610072421
3144	8.58996035411588
3145	9.21266029620471
3146	9.80194846307292
3147	10.3549208634872
3148	10.8700647586695
3149	11.3483170541944
3150	11.7914288902208
3151	12.2010708454842
3152	12.5785515356996
3153	12.9288022314962
3154	13.2557674159586
3155	13.5597766372963
3156	13.8432072367562
3157	14.1104684792979
3158	14.3641925452797
3159	14.6044913979424
3160	14.8299139780192
3161	15.0406157022346
3162	15.2404961408895
3163	15.4327836474446
3164	15.6177546231055
3165	15.7947885334791
3166	15.9629691180776
3167	16.1226917988204
3168	16.2746676705508
3169	16.4209086137664
3170	16.5620496291636
3171	16.6976836562721
3172	16.8294992630671
3173	16.9580765451485
3174	17.0831132428556
3175	17.2048959449697
3176	17.3231913673364
3177	17.4358467598807
3178	17.5414722633601
3179	17.6403515542239
3180	17.733453810448
3181	17.8249870228889
3182	17.9193209347544
3183	18.0173381555431
3184	18.1153374549837
3185	18.1992905906496
3186	18.2567833046737
3187	18.2917109206656
3188	18.314639727259
3189	18.3336898189365
3190	18.3515332266162
3191	18.3687432575878
3192	18.3866609988664
3193	18.405697706902
3194	18.4260854788714
3195	18.4468344209339
3196	18.4682841181488
3197	18.4901865918787
3198	18.5098010995841
3199	18.5266807177262
3200	18.5417831142057
3201	18.5544628104314
3202	18.5640544411648
3203	18.5700302258579
3204	18.5718425695981
3205	18.5699207620912
3206	18.5651238220063
3207	18.5562537608124
3208	18.5417492577761
3209	18.5214412783579
3210	18.4965437631911
3211	18.4671907519908
3212	18.4323496993198
3213	18.3911481870285
3214	18.3435301196718
3215	18.2905965543902
3216	18.2322594594572
3217	18.1680673017487
3218	18.0990950887259
3219	18.0262137444239
3220	17.9482818799399
3221	17.8644762009928
3222	17.774755153917
3223	17.6797102347491
3224	17.5801296350158
3225	17.4753313515542
3226	17.3643089628988
3227	17.2478001489324
3228	17.1275357877162
3229	17.0049039792686
3230	16.8801766735531
3231	16.7531146550219
3232	16.6236467680294
3233	16.4924255581812
3234	16.3583099193625
3235	16.2201690942016
3236	16.0803910935481
3237	15.9400294832491
3238	15.7984602430875
3239	15.6549039522818
3240	15.5055659387762
3241	15.3454031885862
3242	15.1665860884963
3243	14.9562537759517
3244	14.7095968899231
3245	14.4254371567536
3246	14.1030627722506
3247	13.7458098878674
3248	13.3565129286485
3249	12.938419121554
3250	12.4974784486517
3251	12.0420487953172
3252	11.5787028029742
3253	11.1131608382166
3254	10.6512584305838
3255	10.1983081114291
3256	9.7581186304246
3257	9.33223370467654
3258	8.92007012986483
3259	8.52299166586619
3260	8.1448077992484
3261	7.78651428541562
3262	7.44742246537917
3263	7.12655889317644
3264	6.82252116256509
3265	6.53435878046002
3266	6.26148725985216
3267	6.0036217196526
3268	5.76005251928222
3269	5.53228970974851
3270	5.32280952895353
3271	5.13239521918889
3272	4.96265638152269
3273	4.81437753154073
3274	4.68504583473183
3275	4.56951742509065
3276	4.46386357233021
3277	4.36610962563514
3278	4.27988799839314
3279	4.20827128811786
3280	4.15054589605639
3281	4.1062596386127
3282	4.0722209141517
3283	4.04697175743167
3284	4.03146292430546
3285	4.02622925282239
3286	4.03315306027815
3287	4.05297348400227
3288	4.08368528294054
3289	4.12367900384473
3290	4.17202439790673
3291	4.22880924014321
3292	4.29301814954785
3293	4.36440517597229
3294	4.44928148961657
3295	4.55210187858664
3296	4.67094105868352
3297	4.80495324152486
3298	4.95145471735518
3299	5.1079552943424
3300	5.27520416369037
3301	5.45347587376875
3302	5.64110554267637
3303	5.83493172151241
3304	6.0334408900694
3305	6.23661164367667
3306	6.44484746341372
3307	6.65869770036184
3308	6.87923092826971
3309	7.10573543637875
3310	7.33454770740107
3311	7.56430545412281
3312	7.79586737965434
3313	8.02756790108938
3314	8.25795279345204
3315	8.48654537089419
3316	8.71188595097048
3317	8.93150258764046
3318	9.1430913757417
3319	9.34515555363693
3320	9.53745726835294
3321	9.72068510414789
3322	9.89476253031415
3323	10.0589313421972
3324	10.2118188282235
3325	10.3508556757141
3326	10.4743369805156
3327	10.5794722034715
3328	10.6611616138604
3329	10.717055103879
3330	10.7494867728734
3331	10.7575327512603
3332	10.7346340851602
3333	10.6690502949378
3334	10.5492636858418
3335	10.3720394371817
3336	10.1361000005487
3337	9.84101757315028
3338	9.48787748547135
3339	9.07896121964019
3340	8.618198719161
3341	8.11442007689858
3342	7.57588178878236
3343	7.01020591755425
3344	6.42616372940393
3345	5.83457422417743
3346	5.2463313237017
3347	4.66835808647316
3348	4.1092454499067
3349	3.57642467863517
3350	3.07267922174671
3351	2.59944934430561
3352	2.15644682106033
3353	1.74243107133151
3354	1.35825396595648
3355	1.00435670225075
3356	0.678357805780004
3357	0.375503189684939
3358	0.0927119227125616
3359	-0.170632941830206
3360	-0.41332385726447
3361	-0.634576466918078
3362	-0.836296634926615
3363	-1.0214054784625
3364	-1.19355738818959
3365	-1.3556022694371
3366	-1.50928681678122
3367	-1.65419251551002
3368	-1.7888861944461
3369	-1.9141746899125
3370	-2.02959482558838
3371	-2.1348759493711
3372	-2.23151959833831
3373	-2.32110023731978
3374	-2.40522396227599
3375	-2.48544052855711
3376	-2.56306390741837
3377	-2.63925844929175
3378	-2.71301354792681
3379	-2.78293243704838
3380	-2.84828540042877
3381	-2.90766974879156
3382	-2.96218310049795
3383	-3.01380037488329
3384	-3.06198828295763
3385	-3.1061195169202
3386	-3.14669535072131
3387	-3.18176080182835
3388	-3.20737558720994
3389	-3.21552919524665
3390	-3.19204482499517
3391	-3.11922160058586
3392	-2.98246010640156
3393	-2.77255830718854
3394	-2.4848680365408
3395	-2.11791309856791
3396	-1.66915542440891
3397	-1.13624089240101
3398	-0.523968070781859
3399	0.161450397734879
3400	0.913279817456733
3401	1.71624480736258
3402	2.55161707262347
3403	3.40339048761464
3404	4.25901921781377
3405	5.1069678983795
3406	5.93652264497003
3407	6.73957382805149
3408	7.50773876899119
3409	8.23266666955453
3410	8.91413594733068
3411	9.5533967651199
3412	10.1484064478557
3413	10.7002675770866
3414	11.2114784054423
3415	11.682751686506
3416	12.1188131598968
3417	12.5248914124746
3418	12.9014632504111
3419	13.2507241404314
3420	13.5755646128313
3421	13.8775813162405
3422	14.1600551695817
3423	14.427565399117
3424	14.6840470860998
3425	14.9297459427668
3426	15.1639454774905
3427	15.3868940567541
3428	15.5992446744801
3429	15.8034709555021
3430	16.00201731461
3431	16.1926384220854
3432	16.3693948434536
3433	16.5238629010355
3434	16.6492792142696
3435	16.7354181886033
3436	16.7774192541189
3437	16.7834557125704
3438	16.7692220141138
3439	16.7504701965342
3440	16.7380213162888
3441	16.7403375455445
3442	16.7625696183478
3443	16.8087883679127
3444	16.8805277522131
3445	16.9753841180681
3446	17.0913002838827
3447	17.2253937516169
3448	17.3743886570247
3449	17.5349690273333
3450	17.7018867508422
3451	17.8723803413286
3452	18.0446946331492
3453	18.2158574197954
3454	18.3826868533645
3455	18.5430965583835
3456	18.6969996534399
3457	18.8426289853883
3458	18.9780152647844
3459	19.1029229738143
3460	19.217370019922
3461	19.3211855623236
3462	19.4147605327347
3463	19.4993622406103
3464	19.5759511345362
3465	19.6458246456074
3466	19.7115776259183
3467	19.7739172428373
3468	19.8313627493543
3469	19.8828151749806
3470	19.9284671797048
3471	19.967867441615
3472	20.000081382814
3473	20.0260280483756
3474	20.0495963214436
3475	20.0748085744267
3476	20.0997920248454
3477	20.1147060483843
3478	20.1047180865342
3479	20.0557464394584
3480	19.9576440605099
3481	19.8017286557529
3482	19.5830491821167
3483	19.2962974838293
3484	18.9378963000738
3485	18.5089997299077
3486	18.0099002262315
3487	17.4461894636713
3488	16.826189024689
3489	16.1534744223957
3490	15.4364501033129
3491	14.6880068578211
3492	13.9183035497436
3493	13.1368885160227
3494	12.3540640638239
3495	11.5798330656964
3496	10.8234379953348
3497	10.0951142362713
3498	9.40086997746956
3499	8.74464631080734
3500	8.1284357957488
3501	7.55174164287836
3502	7.01457456623986
3503	6.51575078716617
3504	6.0549913975244
3505	5.63179874201715
3506	5.24093381279883
3507	4.87707394194928
3508	4.53989352657424
3509	4.22784276714816
3510	3.93800554509795
3511	3.66657101632759
3512	3.40917898133846
3513	3.16384596856562
3514	2.9303618623919
3515	2.7090787786742
3516	2.50088754414978
3517	2.30299128747134
3518	2.11248254158178
3519	1.92882834468811
3520	1.75017449309943
3521	1.57593511006501
3522	1.40705654294976
3523	1.24230942716665
3524	1.07895506828933
3525	0.917422687803528
3526	0.759507858171783
3527	0.606066256474063
3528	0.457532294271383
3529	0.313012002715018
3530	0.173265618094114
3531	0.0393898752110435
3532	-0.0902543930847172
3533	-0.216653667942797
3534	-0.337098163733113
3535	-0.446227335079466
3536	-0.5320252888562
3537	-0.581773884683355
3538	-0.590011533120206
3539	-0.55877746773914
3540	-0.493553869710437
3541	-0.401218434692579
3542	-0.289613831248426
3543	-0.163820507461911
3544	-0.0257876654164662
3545	0.122617383364421
3546	0.279372091481806
3547	0.44401166599449
3548	0.615199456593696
3549	0.793031243536889
3550	0.978066922018597
3551	1.17102093241539
3552	1.37151456811469
3553	1.57873253482631
3554	1.79297208703065
3555	2.01495483329789
3556	2.24638912398515
3557	2.48694596711461
3558	2.73377092076507
3559	2.98509536441476
3560	3.24150461259669
3561	3.50287201790035
3562	3.7671639455442
3563	4.03278931974641
3564	4.29777156868312
3565	4.55980958639896
3566	4.81844168663589
3567	5.0736602938655
3568	5.32503505569646
3569	5.57050906510113
3570	5.80843266385586
3571	6.03804549665716
3572	6.25707601270445
3573	6.46427778240465
3574	6.65926223268303
3575	6.84177072475071
3576	7.01199517379802
3577	7.16911431492295
3578	7.31348709473498
3579	7.44650490971845
3580	7.57032991049898
3581	7.68699832979395
3582	7.80096594514971
3583	7.92063598846323
3584	8.04754686176706
3585	8.17869183079643
3586	8.30741578116008
3587	8.42169535106616
3588	8.50476269258482
3589	8.54045270472213
3590	8.52150658289007
3591	8.4445171673453
3592	8.30539602742481
3593	8.10167024929209
3594	7.83364080408499
3595	7.50657668069351
3596	7.13532212078521
3597	6.7272365561983
3598	6.28312731794935
3599	5.81993648317755
3600	5.35365918575437
3601	4.88399713774609
3602	4.40541136714782
3603	3.91217303302285
3604	3.4081164028041
3605	2.90631847155841
3606	2.41715940232192
3607	1.94479405498638
3608	1.48914080236291
3609	1.05132568303428
3610	0.633589989805742
3611	0.235180057535689
3612	-0.139727368159572
3613	-0.482830560474338
3614	-0.78624740921185
3615	-1.04886699815952
3616	-1.27257641927817
3617	-1.45853949774445
3618	-1.60903454072604
3619	-1.7242798343239
3620	-1.80599933718899
3621	-1.85515745944854
3622	-1.8764475511442
3623	-1.87891053283201
3624	-1.87038522662495
3625	-1.8512764564422
3626	-1.81423172963401
3627	-1.75334911764649
3628	-1.6681943176473
3629	-1.56360960527312
3630	-1.4365912645696
3631	-1.27975156865669
3632	-1.0957447739095
3633	-0.888707397133644
3634	-0.658125241598684
3635	-0.407040331465257
3636	-0.140542455709985
3637	0.130278659980093
3638	0.391484655673955
3639	0.636474320103101
3640	0.859434526537824
3641	1.05473876636392
3642	1.21786321282454
3643	1.34733186731436
3644	1.44505663486294
3645	1.51274973636828
3646	1.54861194355844
3647	1.54859719441802
3648	1.51308152339088
3649	1.44765032535592
3650	1.36125621422135
3651	1.26802160486752
3652	1.18527952007124
3653	1.1369248119142
3654	1.14272101662023
3655	1.20007073010404
3656	1.30282956806315
3657	1.45322804310347
3658	1.65299420937834
3659	1.90121178292168
3660	2.19281755318158
3661	2.52329308806499
3662	2.88616704800902
3663	3.27441306255272
3664	3.68250305186602
3665	4.10257177276882
3666	4.52959572681253
3667	4.95639554081982
3668	5.37556918713411
3669	5.78234458887022
3670	6.17406078614246
3671	6.54884267545725
3672	6.90460041766631
3673	7.24217955606726
3674	7.56273484142964
3675	7.86866389865312
3676	8.16233569233331
3677	8.44402402753554
3678	8.71303454027191
3679	8.96857782377168
3680	9.21257925797124
3681	9.44457526988951
3682	9.66368070605527
3683	9.87001654583486
3684	10.0645974520601
3685	10.2502469994319
3686	10.4299084325096
3687	10.6045888387816
3688	10.7753322099215
3689	10.9447979566687
3690	11.1164414262726
3691	11.2929961775639
3692	11.4717174399951
3693	11.6404351439907
3694	11.7902003251727
3695	11.9247617347336
3696	12.0462085635528
3697	12.150812637471
3698	12.2336760189741
3699	12.2903650185494
3700	12.3191346912531
3701	12.3214404516122
3702	12.2998247133015
3703	12.2570992814412
3704	12.1939480328094
3705	12.1123004838911
3706	12.0149412348085
3707	11.9035505884797
3708	11.7794851968946
3709	11.6428390771017
3710	11.4962872326235
3711	11.3424057999734
3712	11.1821445117249
3713	11.0167743587057
3714	10.8468909770136
3715	10.6728036865551
3716	10.4941536116697
3717	10.312014626038
3718	10.1283957275176
3719	9.94337716008192
3720	9.75686514851444
3721	9.56857137615148
3722	9.37915785172494
3723	9.18950874080495
3724	8.99956183983748
3725	8.80964134928281
3726	8.62055810940332
3727	8.43225164519284
3728	8.24437667218825
3729	8.05730065193788
3730	7.87177709347224
3731	7.69139059190009
3732	7.52199556911033
3733	7.3672644829912
3734	7.22936231525024
3735	7.11102517285795
3736	7.02290110827839
3737	6.98323878448034
3738	7.00745453624824
3739	7.10621022347524
3740	7.28436743217986
3741	7.54365165688876
3742	7.88456356988091
3743	8.30365918094888
3744	8.79386397346263
3745	9.34320657373486
3746	9.93984184419651
3747	10.5721226555474
3748	11.2255750532199
3749	11.8882442121329
3750	12.5491076314081
3751	13.1979049744178
3752	13.8262421700453
3753	14.4271262571395
3754	14.9957369896216
3755	15.528686505273
3756	16.0254249227573
3757	16.4862534705003
3758	16.9119560876871
3759	17.3096269882735
3760	17.6875503986987
3761	18.0507586585403
3762	18.4008986740711
3763	18.7299801046806
3764	19.0232638984775
3765	19.2778393129508
3766	19.4994819130017
3767	19.6998396491085
3768	19.8930613896555
3769	20.0873278875492
3770	20.2856226547274
3771	20.482189509417
3772	20.6721906089023
3773	20.8503591681903
3774	21.0107482199574
3775	21.1565168093258
3776	21.2932981438443
3777	21.42305987828
3778	21.5468574230664
3779	21.6583922498727
3780	21.7493986643143
3781	21.8178171058288
3782	21.8650602622691
3783	21.8941196836427
3784	21.90592483808
3785	21.902141249293
3786	21.8881770392004
3787	21.866200508484
3788	21.8370273340467
3789	21.7983356884983
3790	21.7457537183895
3791	21.6783065468016
3792	21.5975516357332
3793	21.5124636140804
3794	21.4321083496993
3795	21.363478238961
3796	21.3063487817917
3797	21.2534531608056
3798	21.1977350796342
3799	21.131851342267
3800	21.0559557078605
3801	20.9712389559208
3802	20.8767809628011
3803	20.7751625217283
3804	20.6704286322557
3805	20.5637359982043
3806	20.4558520457148
3807	20.3488831790789
3808	20.2431496219816
3809	20.1366480048001
3810	20.0271955866846
3811	19.9132784238569
3812	19.7901487203665
3813	19.6524704520734
3814	19.499233571297
3815	19.3317614754061
3816	19.1580639973388
3817	18.9905527083552
3818	18.8427245327821
3819	18.7283394883525
3820	18.6545907006637
3821	18.6261417560269
3822	18.6458348302729
3823	18.7120417473161
3824	18.8243082473187
3825	18.9783441701723
3826	19.1652110109301
3827	19.3809717259803
3828	19.6219249194225
3829	19.8830209890331
3830	20.1600347190454
3831	20.4470270682144
3832	20.7384259482678
3833	21.0329819487021
3834	21.3272729927265
3835	21.6140860790345
3836	21.8856256613659
3837	22.1359132078602
3838	22.3584577309321
3839	22.539458051058
3840	22.6766647485686
3841	22.7853843778163
3842	22.8790122830153
3843	22.9671370582915
3844	23.058729307561
3845	23.159170396045
3846	23.2707483193559
3847	23.3944223161906
3848	23.5317627200148
3849	23.680814665672
3850	23.8400772132756
3851	24.0091563869527
3852	24.183439038788
3853	24.3587931622774
3854	24.5335472155417
3855	24.7039955177867
3856	24.8677315597466
3857	25.0208016404205
3858	25.1575746238687
3859	25.2745724236072
3860	25.3645256043156
3861	25.4240857276486
3862	25.4518852203444
3863	25.4432630186819
3864	25.395572750644
3865	25.3042068495871
3866	25.16617623401
3867	24.9861133702737
3868	24.7702319447446
3869	24.5251194530284
3870	24.2619638646787
3871	23.9866514955028
3872	23.7046374237854
3873	23.4218608504909
3874	23.1406801883907
3875	22.8654581354093
3876	22.5996416190404
3877	22.3471685983318
3878	22.1105783820097
3879	21.8921592062314
3880	21.6937001780776
3881	21.517961865895
3882	21.3683387736186
3883	21.2435134451162
3884	21.1414380790175
3885	21.0601806669153
3886	20.9979852070525
3887	20.9533074021707
3888	20.9231631130952
3889	20.9037057531631
3890	20.8880005195624
3891	20.8662194957226
3892	20.8273109230877
3893	20.7584960848645
3894	20.6443423926706
3895	20.4698523232947
3896	20.2285102021556
3897	19.9189093482377
3898	19.5399075141832
3899	19.0949571807856
3900	18.5944182939346
3901	18.0482337988402
3902	17.4658644862864
3903	16.8603546938143
3904	16.2444145491588
3905	15.6284569714107
3906	15.0209681056521
3907	14.4283454590416
3908	13.8552666260043
3909	13.304287504947
3910	12.7765975670394
3911	12.2735343437775
3912	11.7968691798965
3913	11.3443790833547
3914	10.9137277826681
3915	10.5057890681015
3916	10.1188834342094
3917	9.74952184033554
3918	9.39616478345192
3919	9.0585497650035
3920	8.73481751913714
3921	8.42276786707213
3922	8.12045997222758
3923	7.82687944669163
3924	7.54211467509158
3925	7.2675918327992
3926	7.00270599761167
3927	6.74402068058422
3928	6.48992727834043
3929	6.24122236657911
3930	5.99716883990368
3931	5.7561389979976
3932	5.5193968988687
3933	5.28781642785367
3934	5.06014678212486
3935	4.83572243217326
3936	4.61737103217539
3937	4.41120872657911
3938	4.22530604508195
3939	4.06786563663899
3940	3.95058405036278
3941	3.881798277567
3942	3.85264216299784
3943	3.85678992495854
3944	3.8920819332558
3945	3.95320458300573
3946	4.03342328683424
3947	4.12629265153573
3948	4.22621377880808
3949	4.32657140645791
3950	4.42675760036185
3951	4.53731593669766
3952	4.66667275452208
3953	4.81536465906109
3954	4.98071606929625
3955	5.15175148563688
3956	5.32433151257829
3957	5.50923358070294
3958	5.70959493502579
3959	5.92274783413936
3960	6.14641192803371
3961	6.37378037957475
3962	6.60608561729862
3963	6.84702358508989
3964	7.09906043147235
3965	7.36167164726959
3966	7.6241218900389
3967	7.87544023395502
3968	8.10556622868344
3969	8.31119461214469
3970	8.49924327186232
3971	8.68128662752441
3972	8.86302736318196
3973	9.03513829112939
3974	9.18092185470439
3975	9.28575186056104
3976	9.34487299394948
3977	9.36373797288901
3978	9.3419691099869
3979	9.27642647275015
3980	9.17659896862187
3981	9.06084286010446
3982	8.94021986192314
3983	8.81297965811232
3984	8.67442520676549
3985	8.52309608490285
3986	8.35668026186224
3987	8.17036331983801
3988	7.96435114767629
3989	7.73909334465995
3990	7.49739468738022
3991	7.24728152592646
3992	7.00095042412079
3993	6.76908416129948
3994	6.55506205885777
3995	6.35427227999345
3996	6.15102303973792
3997	5.93589634291062
3998	5.70389183329102
3999	5.44858949091402
4000	5.16499843239754
4001	4.84813266339996
4002	4.49829984739607
4003	4.11907409225836
4004	3.71629339529668
4005	3.29705436809664
4006	2.87093582732466
4007	2.44647241769576
4008	2.03972197376616
4009	1.67360547119266
4010	1.36164645050102
4011	1.11049388986151
4012	0.923059667715112
4013	0.792156076481339
4014	0.710093322152434
4015	0.663747686298578
4016	0.647231425588737
4017	0.663086097346558
4018	0.705740059930879
4019	0.763001232980677
4020	0.825483579841565
4021	0.903944889613169
4022	1.01473245030333
4023	1.15439524215575
4024	1.31864962436168
4025	1.50785715401459
4026	1.70775414635241
4027	1.90176960174025
4028	2.08043708262399
4029	2.24038087881448
4030	2.37755274508247
4031	2.48704923233257
4032	2.56683707237498
4033	2.61867201319454
4034	2.64401061323242
4035	2.64334185466937
4036	2.62125934958305
4037	2.58221361744138
4038	2.52632326910488
4039	2.45469002008357
4040	2.3739609468822
4041	2.2931249567781
4042	2.23056090189983
4043	2.2076914101426
4044	2.24594651798598
4045	2.36573917986248
4046	2.57984390498219
4047	2.89973922545555
4048	3.33132740478737
4049	3.87340531270378
4050	4.51920949137214
4051	5.26004202262157
4052	6.08128836744794
4053	6.96175791050549
4054	7.88071961598493
4055	8.82417671505628
4056	9.78698350550622
4057	10.7529365567939
4058	11.6806324752778
4059	12.5475785985523
4060	13.3684979873382
4061	14.1483521662334
4062	14.8750803691732
4063	15.5384597193051
4064	16.1318278345978
4065	16.6579964296519
4066	17.135408152238
4067	17.5867374565709
4068	18.0285529612538
4069	18.466643740696
4070	18.8973497296201
4071	19.3156885828604
4072	19.7146012740201
4073	20.0907234657322
4074	20.4440146629456
4075	20.7696954739239
4076	21.0607138252648
4077	21.3111784386
4078	21.517481768324
4079	21.6727659341784
4080	21.7759547555588
4081	21.8421273805336
4082	21.8858300864509
4083	21.9164397533139
4084	21.9419465221776
4085	21.9693110564633
4086	22.0062060035905
4087	22.0544140757483
4088	22.1101860671769
4089	22.1695266750723
4090	22.2280355341972
4091	22.2839937461926
4092	22.33524578279
4093	22.3701638244369
4094	22.3817333160941
4095	22.3831967640035
4096	22.3871696286729
4097	22.3946962681442
4098	22.3976216690514
4099	22.3885038738663
4100	22.3698838345995
4101	22.3525509650822
4102	22.3441328153605
4103	22.3394562676076
4104	22.3249737022001
4105	22.2926326756059
4106	22.251198632058
4107	22.2161098093521
4108	22.1943414313978
4109	22.1821567868595
4110	22.1665813468324
4111	22.1366526644379
4112	22.0959050840136
4113	22.0584113418732
4114	22.0337439718097
4115	22.0184386153343
4116	22.0036029981253
4117	21.9849794408199
4118	21.9676699213021
4119	21.9603537411919
4120	21.9638600398846
4121	21.9690798992451
4122	21.9676635770438
4123	21.9613025819925
4124	21.9603176501726
4125	21.9713029399825
4126	21.9932792038585
4127	22.0170027756843
4128	22.0324831537312
4129	22.0404126695012
4130	22.0517990597776
4131	22.0750146699826
4132	22.1101523325663
4133	22.1502498003985
4134	22.1875322437674
4135	22.2211217226316
4136	22.2562105471507
4137	22.2961425965804
4138	22.3419463929111
4139	22.3901033275762
4140	22.4363371991621
4141	22.4821901801934
4142	22.5283016489649
4143	22.5728511870788
4144	22.6184758088052
4145	22.6671634257109
4146	22.7149692484653
4147	22.7600174700777
4148	22.8012170865563
4149	22.8360542271313
4150	22.863029326147
4151	22.88124089102
4152	22.8965650047951
4153	22.9179835858458
4154	22.9445004508895
4155	22.9680173117379
4156	22.9826206865945
4157	22.982728935108
4158	22.9637105057603
4159	22.9233757496656
4160	22.8603669331921
4161	22.7746511430099
4162	22.6641558629643
4163	22.5296421730319
4164	22.375234068896
4165	22.2050766227274
4166	22.0211477122028
4167	21.8284599378994
4168	21.6344524735702
4169	21.4489957890414
4170	21.281362020012
4171	21.1392286295331
4172	21.026760970494
4173	20.9415596232317
4174	20.8831879803999
4175	20.8498033013176
4176	20.8364786304482
4177	20.84167609249
4178	20.8684716861239
4179	20.9172252845506
4180	20.9877300950985
4181	21.0785957487662
4182	21.1849464214414
4183	21.3014463652584
4184	21.4309311550374
4185	21.5779591692928
4186	21.7421548826496
4187	21.918819928676
4188	22.0977382401689
4189	22.2676484609691
4190	22.4235984800971
4191	22.5663436575152
4192	22.696436946153
4193	22.8162039998981
4194	22.9290420833966
4195	23.0362028092028
4196	23.1401977309518
4197	23.2446891726322
4198	23.3497313756397
4199	23.455710993916
4200	23.5642502682302
4201	23.6725809913653
4202	23.7783314866111
4203	23.8823036980049
4204	23.9829663623475
4205	24.0766988073269
4206	24.1624679592164
4207	24.2407664847633
4208	24.312163270352
4209	24.3773304702263
4210	24.4362696780224
4211	24.4898620635923
4212	24.5382935110636
4213	24.582390123451
4214	24.6245750801192
4215	24.6665908613037
4216	24.7103486204619
4217	24.7569229076088
4218	24.805811068654
4219	24.8567197624487
4220	24.9091707395115
4221	24.9628889719005
4222	25.0187803098985
4223	25.0786857412957
4224	25.142566955221
4225	25.2096517358038
4226	25.2820430667699
4227	25.3646601192799
4228	25.4632984776156
4229	25.5794899127268
4230	25.7123778357654
4231	25.8583643351909
4232	26.0154171107968
4233	26.1825444330754
4234	26.3573619191947
4235	26.5369564721768
4236	26.7165413661902
4237	26.894169329587
4238	27.0686418602196
4239	27.2385245936386
4240	27.4030767898358
4241	27.5615631287424
4242	27.7144282192991
4243	27.8623031061531
4244	28.0046181349568
4245	28.1421583613742
4246	28.2745290370624
4247	28.4019452339101
4248	28.5256965180724
4249	28.6474278101839
4250	28.7683406373701
4251	28.8884527112847
4252	29.0074700813006
4253	29.1246726735839
4254	29.2385011875866
4255	29.349638597069
4256	29.4593910918044
4257	29.5671629459197
4258	29.6722076031873
4259	29.772710004614
4260	29.8692016676547
4261	29.9637026795801
4262	30.0573841826236
4263	30.1533384432691
4264	30.2545543331832
4265	30.3605111592474
4266	30.4686908757234
4267	30.5763024509235
4268	30.6821862498583
4269	30.7885470989243
4270	30.8981931714375
4271	31.0106995793379
4272	31.1222765550041
4273	31.2321210208648
4274	31.3431684401018
4275	31.4571275630233
4276	31.5731165456726
4277	31.6892538662931
4278	31.8025960220909
4279	31.9120155073644
4280	32.0195070554443
4281	32.1244996358728
4282	32.222691323495
4283	32.3060702486741
4284	32.3664095601672
4285	32.3983581823752
4286	32.4002451628231
4287	32.372037185114
4288	32.3135287423218
4289	32.22676994531
4290	32.1133258767324
4291	31.9739593235061
4292	31.8107937517544
4293	31.6268136645117
4294	31.4248107755773
4295	31.2066105127081
4296	30.9740789497829
4297	30.7302583395678
4298	30.4798063109541
4299	30.224318194673
4300	29.9635021968197
4301	29.6986694411763
4302	29.4311227488286
4303	29.1626366535073
4304	28.8945542970427
4305	28.6290606921974
4306	28.3701809626264
4307	28.1221428708636
4308	27.8931962675981
4309	27.6922405646925
4310	27.5318219253595
4311	27.4224250064031
4312	27.3576224684124
4313	27.3221360744491
4314	27.3025925217379
4315	27.2869221470957
4316	27.2638381863073
4317	27.2248440227849
4318	27.1637480746596
4319	27.0756662616143
4320	26.9606266189735
4321	26.8223708119952
4322	26.6637437657709
4323	26.4863849141121
4324	26.2934930186575
4325	26.0897319297128
4326	25.8777610850345
4327	25.6605738721265
4328	25.442987365385
4329	25.227433557211
4330	25.0152204889361
4331	24.809511234545
4332	24.6128325233769
4333	24.4262815182423
4334	24.2523291322515
4335	24.0930172527059
4336	23.9485993337917
4337	23.8184511198862
4338	23.7016848111054
4339	23.597641303895
4340	23.5082711835838
4341	23.4381270108198
4342	23.3910630150399
4343	23.3711957935605
4344	23.3787207057443
4345	23.4141302447616
4346	23.482020770614
4347	23.5867266989347
4348	23.7332442886217
4349	23.9229390608389
4350	24.1542211361092
4351	24.4244573352702
4352	24.7275632480426
4353	25.0566992029073
4354	25.4154256894298
4355	25.8087875845209
4356	26.2362991961311
4357	26.6970382565505
4358	27.1851839805511
4359	27.6966666173702
4360	28.2276690158212
4361	28.7691479976345
4362	29.3154271240813
4363	29.859569141226
4364	30.3884197305785
4365	30.8945006688726
4366	31.3768786955913
4367	31.8334708721861
4368	32.2633888599113
4369	32.6674569968213
4370	33.0460446714974
4371	33.3990140938564
4372	33.7266392577875
4373	34.0293488239655
4374	34.3062391332337
4375	34.5515484287701
4376	34.7639969356204
4377	34.9485085653363
4378	35.1099487829966
4379	35.2560144911431
4380	35.3847496985901
4381	35.4846287798074
4382	35.547061002214
4383	35.5698535603489
4384	35.5571240101848
4385	35.5140779081471
4386	35.4467848680632
4387	35.3616386090587
4388	35.2646553836319
4389	35.1587491957721
4390	35.0438059367547
4391	34.9191181925929
4392	34.7892127125869
4393	34.662664675387
4394	34.5446905432582
4395	34.4377194743322
4396	34.3371048709872
4397	34.236266866722
4398	34.1340582974301
4399	34.0322419699888
4400	33.9381761753149
4401	33.8571081979033
4402	33.7906224072319
4403	33.7403692817122
4404	33.7055343256286
4405	33.6824779557886
4406	33.669368163728
4407	33.6688982071261
4408	33.681994558905
4409	33.7076338292942
4410	33.7454942499359
4411	33.7929608829195
4412	33.848180346039
4413	33.9141011477312
4414	33.9920327832256
4415	34.0788804693268
4416	34.1725895559099
4417	34.2740797920446
4418	34.3845739063725
4419	34.5042244176411
4420	34.6290260451948
4421	34.7539829373108
4422	34.8782211321293
4423	35.0039007509844
4424	35.1375493816791
4425	35.2832131581796
4426	35.4397852269342
4427	35.6068606412068
4428	35.7809821153094
4429	35.959436345846
4430	36.1422413005505
4431	36.3290432765115
4432	36.518814064111
4433	36.7104048917506
4434	36.9030614738244
4435	37.0944257567011
4436	37.2831114287292
4437	37.4703077936466
4438	37.6573850813684
4439	37.8435588150764
4440	38.0325979484283
4441	38.229061053015
4442	38.4276648593239
4443	38.6226011343453
4444	38.8113850035367
4445	38.9912090500436
4446	39.165331084715
4447	39.3377071408862
4448	39.508308258819
4449	39.6725021430411
4450	39.829297961723
4451	39.9813319576051
4452	40.1263928369733
4453	40.2677057186354
4454	40.4121397702517
4455	40.5592876230657
4456	40.7028531214435
4457	40.8419652547433
4458	40.9834208787199
4459	41.1317215170565
4460	41.2886512565709
4461	41.4562455504697
4462	41.6354251514028
4463	41.8258907607605
4464	42.0277562859658
4465	42.2398410080599
4466	42.4597369950177
4467	42.6870275571226
4468	42.9209702061731
4469	43.1601932872427
4470	43.4042222478719
4471	43.6519060837046
4472	43.9014105574696
4473	44.1512538212121
4474	44.3994134135186
4475	44.6448273634199
4476	44.8865740565586
4477	45.1235722908178
4478	45.3551875128952
4479	45.5807912857282
4480	45.7991385895106
4481	46.0095286476028
4482	46.2130290978926
4483	46.4103912870013
4484	46.6020227667655
4485	46.7900233198338
4486	46.9781588404623
4487	47.1686733978737
4488	47.3558024401157
4489	47.5341633556412
4490	47.7003341192124
4491	47.8512672904894
4492	47.9898181680305
4493	48.1139373603621
4494	48.2172814022792
4495	48.301139613219
4496	48.3752667055662
4497	48.4460868411149
4498	48.5127526716451
4499	48.5709679630313
4500	48.6166011267913
4501	48.6537003233955
4502	48.6891827752216
4503	48.7251089051206
4504	48.7601945521073
4505	48.7914326177632
4506	48.8161611372293
4507	48.8378796395769
4508	48.8612251506633
4509	48.8868658294586
4510	48.9123958777495
4511	48.933150647155
4512	48.9479192620983
4513	48.9609834126298
4514	48.9751634327297
4515	48.9913746924287
4516	49.0087557151917
4517	49.0233689264225
4518	49.0331388187449
4519	49.0408013922865
4520	49.0499226762578
4521	49.0604122241629
4522	49.0700916004853
4523	49.0760042777641
4524	49.0786389834155
4525	49.081479627383
4526	49.087214695297
4527	49.0952305207377
4528	49.101487715492
4529	49.1031309748878
4530	49.1031669972129
4531	49.1050462708129
4532	49.1078997799569
4533	49.1114883798265
4534	49.1144228948547
4535	49.11357971431
4536	49.111122794503
4537	49.1104876128646
4538	49.1116797363382
4539	49.1125747876659
4540	49.1099649430895
4541	49.1042599894947
4542	49.0994687383984
4543	49.0976293757219
4544	49.097439718538
4545	49.0964012480364
4546	49.09246537063
4547	49.0846738074589
4548	49.0753213841697
4549	49.0666270426455
4550	49.0593996216414
4551	49.0542386248345
4552	49.0498408585072
4553	49.0453483119265
4554	49.0412023268688
4555	49.037995366274
4556	49.0350393204568
4557	49.0312808610685
4558	49.0270580432992
4559	49.023741889557
4560	49.021939974806
4561	49.0213000107558
4562	49.0212135094502
4563	49.0197199362212
4564	49.016295660037
4565	49.0125643982029
4566	49.0091173605268
4567	49.0063767964541
4568	49.0027247430915
4569	48.9970502421293
4570	48.9916966513032
4571	48.9879897214433
4572	48.9853025166767
4573	48.9823329572786
4574	48.9765493914034
4575	48.9674665705703
4576	48.9584849159255
4577	48.9518181444454
4578	48.9476527665476
4579	48.9427094215557
4580	48.932244409669
4581	48.9161924615258
4582	48.8984475151504
4583	48.8821596405062
4584	48.8662980197538
4585	48.8486954483789
4586	48.8253293322678
4587	48.7940810077897
4588	48.7603582937212
4589	48.7288532248012
4590	48.7000835252524
4591	48.6738079241447
4592	48.6489463294388
4593	48.6245941604369
4594	48.6016793828539
4595	48.5808973603804
4596	48.5623288842032
4597	48.5456882386551
4598	48.529739773448
4599	48.5137631980734
4600	48.4983183412489
4601	48.4838504134148
4602	48.4699591803369
4603	48.4579469395239
4604	48.4483952016745
4605	48.4380544511014
4606	48.4242769045155
4607	48.4084083542871
4608	48.3922043250479
4609	48.3768895262026
4610	48.3630537911203
4611	48.3503627642609
4612	48.3381371489728
4613	48.3249614106983
4614	48.3092692782218
4615	48.2919042543433
4616	48.2754256708165
4617	48.2624386288443
4618	48.2533393728171
4619	48.2464603270342
4620	48.2404276769099
4621	48.2338226098672
4622	48.2258295230466
4623	48.2155439777441
4624	48.2013743887092
4625	48.1823873403078
4626	48.1568890496482
4627	48.1237576445449
4628	48.0838640890254
4629	48.0380625607242
4630	47.9857551266335
4631	47.9261002743588
4632	47.860355374321
4633	47.7902455217014
4634	47.7160208440279
4635	47.6366109110716
4636	47.5530075062098
4637	47.4675243442472
4638	47.3828347140873
4639	47.3014243922875
4640	47.2240564528494
4641	47.1499271513278
4642	47.0794275232081
4643	47.014454569821
4644	46.9554841789375
4645	46.9058701049894
4646	46.8715633060591
4647	46.8558393866252
4648	46.8607045850717
4649	46.8887802576071
4650	46.9431042137111
4651	47.0253606077535
4652	47.1351664368977
4653	47.270979676149
4654	47.4300028520287
4655	47.6101915383525
4656	47.8116737291905
4657	48.0323599041381
4658	48.2677752461867
4659	48.5145125844977
4660	48.7697822495165
4661	49.0327659918553
4662	49.301034279192
4663	49.5692470501643
4664	49.8338908238693
4665	50.0892933388889
4666	50.3268614489452
4667	50.5428658943141
4668	50.7335056757242
4669	50.8923805687089
4670	51.0207160396472
4671	51.1213776606685
4672	51.1967005113313
4673	51.2538245650802
4674	51.3010514327484
4675	51.3430818976098
4676	51.3788720547253
4677	51.406212412284
4678	51.425258373567
4679	51.4400422572592
4680	51.453942394543
4681	51.4668031709948
4682	51.4778592741019
4683	51.4864816362691
4684	51.4930575814034
4685	51.4990002139575
4686	51.5046671486801
4687	51.5087431730419
4688	51.5107611104901
4689	51.5094761388136
4690	51.5050160767146
4691	51.49916252301
4692	51.4904128642407
4693	51.4778996649364
4694	51.4626222986953
4695	51.4447163455666
4696	51.4247083982515
4697	51.4045751476462
4698	51.3853384123726
4699	51.3668469884618
4700	51.3475276320678
4701	51.3261739904187
4702	51.3032351828491
4703	51.279283705981
4704	51.2553799544669
4705	51.2317298911275
4706	51.2075344638553
4707	51.1818984533661
4708	51.1546852973424
4709	51.1270569546625
4710	51.1001943380781
4711	51.0729188211154
4712	51.0442410889876
4713	51.0147969670397
4714	50.9854555167814
4715	50.9563590870222
4716	50.925591206467
4717	50.892048651279
4718	50.8572863132814
4719	50.823127997175
4720	50.789135530281
4721	50.7536557984448
4722	50.7157512799972
4723	50.6754610143153
4724	50.6335176898972
4725	50.5911855843121
4726	50.5488847252458
4727	50.5048622492583
4728	50.4570709720185
4729	50.404159946977
4730	50.3434259692496
4731	50.2702294791313
4732	50.1830534984664
4733	50.0825582056085
4734	49.9685554393864
4735	49.841517163359
4736	49.702870064327
4737	49.5539544549128
4738	49.3966825287702
4739	49.2332247821643
4740	49.0677985436367
4741	48.9049618094852
4742	48.7459745810281
4743	48.5920264903646
4744	48.4447498167247
4745	48.3033447599122
4746	48.1628845777286
4747	48.0181225739259
4748	47.8658926602098
4749	47.7037132278544
4750	47.5303112373772
4751	47.3461014150979
4752	47.1523757903888
4753	46.9497832800321
4754	46.739709913602
4755	46.5245530267955
4756	46.3060468640624
4757	46.0855288664883
4758	45.8645127002429
4759	45.6440234675345
4760	45.4239870327371
4761	45.2052583099816
4762	44.9899955664329
4763	44.7799303824092
4764	44.5766790727042
4765	44.3820208493497
4766	44.1969495376231
4767	44.0231674793118
4768	43.8645731797695
4769	43.7272515005105
4770	43.6190312119155
4771	43.5414503705665
4772	43.4879453028759
4773	43.4557043250596
4774	43.4443285127868
4775	43.4514938585096
4776	43.475093901298
4777	43.5142108856031
4778	43.5679794124878
4779	43.6359598892716
4780	43.717710800327
4781	43.8113482211948
4782	43.9147596700884
4783	44.026577420742
4784	44.1467263520722
4785	44.2751267990025
4786	44.4110112127855
4787	44.5532068766282
4788	44.7006002027385
4789	44.8527596482545
4790	45.0096474837328
4791	45.1703543737547
4792	45.3339952845243
4793	45.5007156404922
4794	45.6702889927872
4795	45.8410144376091
4796	46.0131473189005
4797	46.1875246149691
4798	46.3628326135562
4799	46.5380329301139
4800	46.7129521381957
4801	46.8876113247874
4802	47.0633515089256
4803	47.2397804862864
4804	47.4148078193991
4805	47.5876372799401
4806	47.7594232309264
4807	47.9310947001448
4808	48.0971194270754
4809	48.2521916525501
4810	48.3973921501523
4811	48.5385345702342
4812	48.6761451573004
4813	48.8041220605923
4814	48.9208169602988
4815	49.0259173734993
4816	49.1178562864018
4817	49.196032554134
4818	49.2598429805355
4819	49.3089467806771
4820	49.3436890627017
4821	49.365774053721
4822	49.3774461977957
4823	49.3799679555651
4824	49.3735755296117
4825	49.3578485809857
4826	49.333458439975
4827	49.3024330204408
4828	49.266574974183
4829	49.2272905903083
4830	49.186431252829
4831	49.1440505024097
4832	49.0987830622046
4833	49.0500816662158
4834	48.9980829406041
4835	48.9425419390927
4836	48.8839085920675
4837	48.8233247069504
4838	48.760797945036
4839	48.6955031002369
4840	48.6277298893941
4841	48.5582800232412
4842	48.4864487715158
4843	48.4125958273036
4844	48.3392044322773
4845	48.2690145567686
4846	48.2017395309837
4847	48.1343162516503
4848	48.0615836293869
4849	47.9779181336621
4850	47.8780613199308
4851	47.7582688624146
4852	47.6166446973982
4853	47.4519383864281
4854	47.2633108802578
4855	47.0508549866257
4856	46.8150245238655
4857	46.5567829941105
4858	46.2790241525018
4859	45.9852059312724
4860	45.6810443852727
4861	45.3706382273304
4862	45.0557472318173
4863	44.7398606860227
4864	44.4251533702075
4865	44.1138271174922
4866	43.8089824843799
4867	43.5130992217973
4868	43.2283374779609
4869	42.9562781655698
4870	42.6977366566863
4871	42.4538770613415
4872	42.2250417951687
4873	42.0100530296118
4874	41.8072734087543
4875	41.6162714204045
4876	41.4379366783401
4877	41.2748424305951
4878	41.1326411695744
4879	41.0184677881464
4880	40.9405169952654
4881	40.9023512059023
4882	40.8983907918835
4883	40.9217136559956
4884	40.9685930750963
4885	41.0363987595453
4886	41.1229877841916
4887	41.2267442556303
4888	41.3450432793999
4889	41.4754514309393
4890	41.6169922007789
4891	41.7678476026466
4892	41.9263457961119
4893	42.0925473439518
4894	42.2667392187422
4895	42.4483633021434
4896	42.6369202534686
4897	42.8317848207032
4898	43.0318605835857
4899	43.2356926318553
4900	43.4427843249172
4901	43.6538226605265
4902	43.8696327166118
4903	44.0900966792986
4904	44.314332121797
4905	44.5417682593494
4906	44.7717431231227
4907	45.0038068161941
4908	45.2373148466518
4909	45.4707996515584
4910	45.7023244599371
4911	45.930389269521
4912	46.1538000570249
4913	46.370921287918
4914	46.5803376227875
4915	46.7812000344397
4916	46.971270072249
4917	47.1463624991249
4918	47.3053436601889
4919	47.4504195557225
4920	47.588790758258
4921	47.7276650514927
4922	47.8695728705852
4923	48.0195911897357
4924	48.1826596744001
4925	48.3642362067217
4926	48.5695706867133
4927	48.7953398998982
4928	49.0302947334726
4929	49.2652801295413
4930	49.5014155045449
4931	49.7440327581889
4932	49.9930742135065
4933	50.241182885294
4934	50.4773756025539
4935	50.6970493462576
4936	50.9091354850403
4937	51.1191181483855
4938	51.3192213068574
4939	51.5018351908936
4940	51.6699698994456
4941	51.8332949470432
4942	51.99758682358
4943	52.1582552804496
4944	52.3053777075444
4945	52.4355755163396
4946	52.5549009710361
4947	52.6718951126572
4948	52.7921999482043
4949	52.9159370448978
4950	53.0385553985836
4951	53.1561783811688
4952	53.2675796463535
4953	53.3736741610312
4954	53.4756416255195
4955	53.573426144661
4956	53.6656579356871
4957	53.7511265508464
4958	53.831202174004
4959	53.907496408073
4960	53.9797039152253
4961	54.0482443469997
4962	54.1121754692048
4963	54.1697431878501
4964	54.2201793404731
4965	54.2638253324123
4966	54.3027026692347
4967	54.3388948022468
4968	54.3731855064153
4969	54.403292312145
4970	54.4236335445069
4971	54.4320122627813
4972	54.4345850026706
4973	54.4391204434495
4974	54.4448826875
4975	54.4433616274727
4976	54.4277500962673
4977	54.399212749493
4978	54.3632864344608
4979	54.3248526319005
4980	54.2830648133758
4981	54.2311436946888
4982	54.1659157609254
4983	54.091355623259
4984	54.014450967836
4985	53.9401372714351
4986	53.8694875679403
4987	53.7995170738188
4988	53.7260895006437
4989	53.6476919324656
4990	53.5647931551418
4991	53.4767653036847
4992	53.3830946879187
4993	53.2842829391188
4994	53.1796848150061
4995	53.0700432337156
4996	52.9582495132804
4997	52.8464955891699
4998	52.7362645121377
4999	52.6269759407619
5000	52.5161000335973
5001	52.4029216368487
5002	52.2866377425535
5003	52.1649700587098
5004	52.0359987758113
5005	51.9001465876456
5006	51.7580296511025
5007	51.6088816850283
5008	51.4529695613019
5009	51.2903916884115
5010	51.1221378061488
5011	50.9499680131812
5012	50.7746885205665
5013	50.5974253197651
5014	50.4203383028009
5015	50.2450868700865
5016	50.0710329648151
5017	49.8973837952026
5018	49.7241268518696
5019	49.5521056194757
5020	49.3823757526465
5021	49.2150591434556
5022	49.0520420958099
5023	48.8956007344113
5024	48.7469960663191
5025	48.6083290983701
5026	48.4789093146866
5027	48.3585472282032
5028	48.2489141826968
5029	48.1463568076187
5030	48.0498436415759
5031	47.9624261907403
5032	47.8840613289257
5033	47.8118391636795
5034	47.7449312559984
5035	47.684975585935
5036	47.6324728232506
5037	47.587110888847
5038	47.5485708516152
5039	47.5163838486107
5040	47.4901336947091
5041	47.4694549931546
5042	47.455135480555
5043	47.4486384831568
5044	47.4483712505775
5045	47.4520856139841
5046	47.4589450251278
5047	47.4682182088335
5048	47.4811003288539
5049	47.4990427242695
5050	47.5188154933267
5051	47.5382701809804
5052	47.5577563868443
5053	47.5770085333681
5054	47.5975397749725
5055	47.6201792115637
5056	47.6416195202438
5057	47.6621956531877
5058	47.6837212136235
5059	47.7050405801715
5060	47.7268787624531
5061	47.74984084319
5062	47.7724959948943
5063	47.7958246241994
5064	47.8201745082695
5065	47.8440644108131
5066	47.8690367566362
5067	47.8947184035367
5068	47.9191482495771
5069	47.9432372861266
5070	47.9683811995586
5071	47.9941456687135
5072	48.0199289010624
5073	48.0460479634278
5074	48.0716406438273
5075	48.0957942932343
5076	48.1206038052353
5077	48.1484903491477
5078	48.1807326610801
5079	48.2153986388918
5080	48.2492548996285
5081	48.2822420073682
5082	48.3189929100601
5083	48.3646451514743
5084	48.4184252069394
5085	48.4758516425011
5086	48.5332813669687
5087	48.5918285177207
5088	48.6560443572688
5089	48.7294120455217
5090	48.8136331789057
5091	48.9096520115445
5092	49.0172685597674
5093	49.135393903868
5094	49.2635332376062
5095	49.4007189579624
5096	49.5456260205612
5097	49.6979613787585
5098	49.8564740551867
5099	50.0157589356286
5100	50.1675592922193
5101	50.3120840139326
5102	50.4526216756244
5103	50.5924713442572
5104	50.7377204077434
5105	50.8879781983733
5106	51.0363492780716
5107	51.1779872059012
5108	51.313930497772
5109	51.444171440258
5110	51.5685050655727
5111	51.6885054727401
5112	51.8040465377402
5113	51.9145822825661
5114	52.0193569163835
5115	52.1184263690077
5116	52.2131654180774
5117	52.3044499150156
5118	52.3938828120694
5119	52.4820551464913
5120	52.5676954642813
5121	52.6500375474615
5122	52.7287899381585
5123	52.803874412716
5124	52.8748941968499
5125	52.9412942812437
5126	53.0034332884078
5127	53.0616215856513
5128	53.1166947999242
5129	53.1692748549558
5130	53.2190158932043
5131	53.2659713394887
5132	53.3100264224389
5133	53.3507614765131
5134	53.3875166975764
5135	53.4191042012521
5136	53.4435300975182
5137	53.460057934984
5138	53.4688564523692
5139	53.4682223785059
5140	53.4568668026996
5141	53.4364800858852
5142	53.4085376846281
5143	53.3737418330418
5144	53.3333321629123
5145	53.2882648388791
5146	53.2397808438202
5147	53.1884307682164
5148	53.134468146653
5149	53.078738235562
5150	53.0228211648842
5151	52.9670091220159
5152	52.9110297865722
5153	52.8550459296064
5154	52.7995655156958
5155	52.7449546916881
5156	52.6910621728669
5157	52.6378323210064
5158	52.5855517238719
5159	52.5342946654314
5160	52.483616975659
5161	52.4343120542678
5162	52.3864691121685
5163	52.3399089019955
5164	52.2943133880288
5165	52.2489154068613
5166	52.2040008229373
5167	52.1598926177291
5168	52.1161137973295
5169	52.0729143943783
5170	52.0311249438278
5171	51.9909245036668
5172	51.9521450862753
5173	51.9150145910294
5174	51.8793886813759
5175	51.8445096097052
5176	51.8098560376651
5177	51.7757803732248
5178	51.7428365719869
5179	51.7110721301639
5180	51.6800083190458
5181	51.6499935803437
5182	51.6220598991949
5183	51.5972430842084
5184	51.5756574199946
5185	51.5578841295436
5186	51.5457199331059
5187	51.5398149077191
5188	51.5401052518573
5189	51.5453776269014
5190	51.554226998768
5191	51.5658751518278
5192	51.578792492776
5193	51.5916159041498
5194	51.6034941876574
5195	51.6120261939587
5196	51.6156872506431
5197	51.6148205078691
5198	51.6096940794528
5199	51.5997105723819
5200	51.5843990908696
5201	51.5647633235354
5202	51.5414308873618
5203	51.5150045029216
5204	51.4860122883051
5205	51.4539700358781
5206	51.4196795544768
5207	51.3846354519867
5208	51.3481097371638
5209	51.3087367212962
5210	51.2666355367418
5211	51.2218397393064
5212	51.1740660754424
5213	51.123671776105
5214	51.0706440826978
5215	51.0154132300667
5216	50.9590551407483
5217	50.9014501159984
5218	50.8424336677294
5219	50.7832986183215
5220	50.7247192912946
5221	50.6669918028253
5222	50.6108260407685
5223	50.5561979031433
5224	50.5022575163282
5225	50.4487773509286
5226	50.3970112112913
5227	50.3479279678773
5228	50.3013403648948
5229	50.2569342061914
5230	50.215046097513
5231	50.1754870305587
5232	50.138642332813
5233	50.1054211819547
5234	50.0757586143643
5235	50.0487599532747
5236	50.0234100782011
5237	49.9997783143465
5238	49.9781713275552
5239	49.9576440157867
5240	49.9385602546381
5241	49.9219436172093
5242	49.9074218308317
5243	49.8959505287437
5244	49.8889254776651
5245	49.8853738935315
5246	49.8835475733474
5247	49.8830549140738
5248	49.8833019555437
5249	49.8828785449781
5250	49.8802944644257
5251	49.8735938304637
5252	49.8641625817661
5253	49.8560148624915
5254	49.8514316575694
5255	49.8511895063832
5256	49.854731284108
5257	49.8627826687077
5258	49.8772951448982
5259	49.8984058885444
5260	49.9254566330964
5261	49.9582112491205
5262	49.9961485569617
5263	50.038998614578
5264	50.0867537100005
5265	50.1388771046538
5266	50.1948694925929
5267	50.2543181940649
5268	50.3172684955094
5269	50.3843362265937
5270	50.4535565848432
5271	50.5244647851473
5272	50.5988798228509
5273	50.6760633110496
5274	50.7548737807923
5275	50.8350657759476
5276	50.9163679249874
5277	50.998686656383
5278	51.0819931273847
5279	51.165460002946
5280	51.2477920368983
5281	51.3281607070052
5282	51.4067116534091
5283	51.4832789814443
5284	51.5570693528695
5285	51.6276342760078
5286	51.694895298502
5287	51.7590921857758
5288	51.8199509416465
5289	51.8776445528219
5290	51.9325730184
5291	51.9838461887342
5292	52.0302013333019
5293	52.0715074098972
5294	52.1086686009965
5295	52.1426393734557
5296	52.1747416612548
5297	52.2044824906337
5298	52.2307539378873
5299	52.25538159947
5300	52.2807552471384
5301	52.3065565535423
5302	52.3320270017316
5303	52.3567907946376
5304	52.3788904380735
5305	52.3953620337442
5306	52.4030104151432
5307	52.3987920445986
5308	52.3797415234953
5309	52.3441302110824
5310	52.2910370369732
5311	52.2186024965493
5312	52.1252469714805
5313	52.0106191734827
5314	51.8750259496261
5315	51.7202056190246
5316	51.5487987628515
5317	51.3624759090653
5318	51.1632118100137
5319	50.9524489467456
5320	50.7309425803216
5321	50.5011079216001
5322	50.2652549526263
5323	50.0251362338132
5324	49.7812456641867
5325	49.5341179526748
5326	49.2861255282648
5327	49.0392373367058
5328	48.7941670109233
5329	48.5520227260904
5330	48.3139189905789
5331	48.0798779893144
5332	47.8499719796971
5333	47.6249557320657
5334	47.4075233239942
5335	47.1998320386515
5336	47.0014716627669
5337	46.8130640663662
5338	46.6342860313964
5339	46.4635144016849
5340	46.3007104915961
5341	46.1458774039493
5342	45.9992318651014
5343	45.8615707163369
5344	45.7332236796533
5345	45.6133834710175
5346	45.5014170589393
5347	45.3965029720713
5348	45.2979657793231
5349	45.2055490541042
5350	45.1186466037131
5351	45.037302977038
5352	44.9617496372718
5353	44.8935928836939
5354	44.8371772119027
5355	44.7970005947253
5356	44.7718966469658
5357	44.7555179261257
5358	44.7423831126218
5359	44.7284394103378
5360	44.7114432667876
5361	44.6893807592513
5362	44.6606987056791
5363	44.625312705577
5364	44.5841421849082
5365	44.5376990229779
5366	44.4853364916108
5367	44.4276140601403
5368	44.365727522244
5369	44.3014750903248
5370	44.2364510960207
5371	44.1711815518247
5372	44.1050765145953
5373	44.0384385392319
5374	43.9723247561533
5375	43.9080282888618
5376	43.8471400849766
5377	43.7912139218754
5378	43.7408258067116
5379	43.6961088732356
5380	43.658730891308
5381	43.6314700177064
5382	43.6171303696598
5383	43.61793073423
5384	43.6359641265549
5385	43.6736068608638
5386	43.7343047131006
5387	43.8204509268586
5388	43.9332243842122
5389	44.0743766245366
5390	44.2453732553582
5391	44.447250762526
5392	44.6798339184881
5393	44.9420175280193
5394	45.2337419719054
5395	45.5538124327933
5396	45.899962274563
5397	46.2707858767504
5398	46.6642430392569
5399	47.0778280932444
5400	47.5078771696039
5401	47.9495023025366
5402	48.3974900492318
5403	48.845030419566
5404	49.2829840873633
5405	49.7021146143393
5406	50.0922623133471
5407	50.4487360996339
5408	50.7695302872247
5409	51.0539349524207
5410	51.3010205649682
5411	51.5145635487322
5412	51.7009165503949
5413	51.8618961255463
5414	52.0024167426648
5415	52.1269735087392
5416	52.241234131911
5417	52.3520714136474
5418	52.4634604706332
5419	52.5753422774875
5420	52.6851673770476
5421	52.7889651826431
5422	52.8853151596905
5423	52.9751623666816
5424	53.0577367021726
5425	53.1308150789687
5426	53.1928962204856
5427	53.245469797749
5428	53.2903598198078
5429	53.3296922735675
5430	53.3654654229474
5431	53.3995083678206
5432	53.4357176488197
5433	53.4773079650991
5434	53.5258698910348
5435	53.5813609916679
5436	53.643797163339
5437	53.7132122624488
5438	53.7898539955015
5439	53.874794691572
5440	53.967756709646
5441	54.067523317335
5442	54.1732991654599
5443	54.2841680208776
5444	54.3991402099851
5445	54.5177269641235
5446	54.6396938595826
5447	54.7642655627888
5448	54.8904296753181
5449	55.0170645060084
5450	55.1423783495612
5451	55.2653266554231
5452	55.3847117368561
5453	55.5010507691555
5454	55.6157383752647
5455	55.7273187007539
5456	55.8339407812087
5457	55.9342418749944
5458	56.02320525725
5459	56.0971391831321
5460	56.1537487333162
5461	56.1875005732862
5462	56.1920097427029
5463	56.1616367469564
5464	56.0913232218186
5465	55.9766904673946
5466	55.8167685424342
5467	55.6111288063168
5468	55.3580682460289
5469	55.0586772301835
5470	54.7149480053985
5471	54.3284081277563
5472	53.9027713420575
5473	53.4422696191981
5474	52.950681700109
5475	52.4321324273424
5476	51.8919913263075
5477	51.3358609888899
5478	50.769101641414
5479	50.198284670345
5480	49.6291354565609
5481	49.0663747602955
5482	48.5140884639403
5483	47.9762980125661
5484	47.4573392084787
5485	46.9607332358582
5486	46.4883376625367
5487	46.0402157081499
5488	45.6163549526142
5489	45.2171011719613
5490	44.8418785633658
5491	44.4895705143157
5492	44.1592292466635
5493	43.8502788153709
5494	43.5622823452489
5495	43.2940211770494
5496	43.0440628903186
5497	42.812863435658
5498	42.6038076391337
5499	42.4205609904429
5500	42.2673528635489
5501	42.1467822864872
5502	42.0568619467111
5503	41.9947819205452
5504	41.9563960376507
5505	41.9361415687121
5506	41.9351793413932
5507	41.9582406137602
5508	42.0069734378836
5509	42.0827616758355
5510	42.1860674660146
5511	42.3174545049561
5512	42.4773272808409
5513	42.6657711979822
5514	42.8829303875746
5515	43.1274208667044
5516	43.3977543823353
5517	43.6941956379487
5518	44.0178250828567
5519	44.36823021398
5520	44.7440430948587
5521	45.1428776148314
5522	45.5610565797251
5523	45.9957545809989
5524	46.4447123983951
5525	46.9045280982853
5526	47.3720112490151
5527	47.8442302912262
5528	48.3173913492242
5529	48.7863353780631
5530	49.2476907143977
5531	49.6997522377136
5532	50.1402378487274
5533	50.566911155799
5534	50.9788536700742
5535	51.3762358182789
5536	51.7583435432663
5537	52.123430877094
5538	52.4683096971823
5539	52.7906226109568
5540	53.0876698599134
5541	53.3553417757178
5542	53.5893531775656
5543	53.7877650518699
5544	53.9488271154827
5545	54.0755264088492
5546	54.1770700869066
5547	54.2608055237592
5548	54.3332348681098
5549	54.4016348180758
5550	54.4674842737285
5551	54.5230154532398
5552	54.5641769331716
5553	54.5950513023124
5554	54.6214140382453
5555	54.6484635790409
5556	54.6752878779371
5557	54.6950779860728
5558	54.7048553628611
5559	54.7077857831158
5560	54.7095231031059
5561	54.7148539293242
5562	54.7223744550327
5563	54.7261006161513
5564	54.7237907527134
5565	54.7170361756349
5566	54.7091264181832
5567	54.7051207229778
5568	54.7049524472303
5569	54.7027627357733
5570	54.6945697753292
5571	54.680731458749
5572	54.6653072654213
5573	54.6533912097247
5574	54.6457718305659
5575	54.6363436330744
5576	54.6198016696706
5577	54.5971799754505
5578	54.5724935783868
5579	54.5505073727007
5580	54.5332871626204
5581	54.517328298561
5582	54.4978496666987
5583	54.4748093130841
5584	54.4520448545577
5585	54.4333423770168
5586	54.415561590846
5587	54.3933242569864
5588	54.3669549418655
5589	54.33998939339
5590	54.316228331974
5591	54.2953801472753
5592	54.2721171539093
5593	54.2439242032991
5594	54.2132936318595
5595	54.1832607555181
5596	54.1559631289951
5597	54.1290384242996
5598	54.0981167506934
5599	54.0618347245984
5600	54.0218976497399
5601	53.9817285383679
5602	53.9436182038386
5603	53.9049868727988
5604	53.8624803681284
5605	53.8169391381615
5606	53.7713119307029
5607	53.7307770333728
5608	53.6972944852203
5609	53.6658919799845
5610	53.6323480177938
5611	53.5974612820419
5612	53.5661378059038
5613	53.5416013479629
5614	53.5195019636589
5615	53.4915405511159
5616	53.4552334628106
5617	53.4139156925621
5618	53.3712950678495
5619	53.3292964974584
5620	53.2852796690882
5621	53.2353047724149
5622	53.1798281345742
5623	53.1228508792939
5624	53.0681551081854
5625	53.0167933834754
5626	52.9668983973413
5627	52.9178232172821
5628	52.8702355489063
5629	52.824001339572
5630	52.7798722434483
5631	52.7376464853117
5632	52.6959160546135
5633	52.6550661152572
5634	52.6161544212609
5635	52.5794672223438
5636	52.5447078339
5637	52.5124457934652
5638	52.4820918310753
5639	52.4505866295303
5640	52.4169247286318
5641	52.3811114177575
5642	52.3424612094663
5643	52.3006653011203
5644	52.2555781124511
5645	52.2079865000376
5646	52.1597408257063
5647	52.1121548249854
5648	52.0664512768448
5649	52.0234074014881
5650	51.9816453833155
5651	51.9404350680914
5652	51.8995313966851
5653	51.8573585732268
5654	51.8127695126661
5655	51.7661874232261
5656	51.7195699324162
5657	51.6742158588271
5658	51.6301289799803
5659	51.5876040787758
5660	51.5463899247449
5661	51.5056473286047
5662	51.4648538891576
5663	51.4236073242557
5664	51.3817045140487
5665	51.3396528894929
5666	51.2976490686892
5667	51.255804601108
5668	51.2149078224127
5669	51.1751708582857
5670	51.1361213704176
5671	51.0975377147222
5672	51.0600428020007
5673	51.0229081506986
5674	50.9857202466088
5675	50.9489545602038
5676	50.9126654680287
5677	50.8761509462518
5678	50.8386089504031
5679	50.8002932170014
5680	50.7628466469719
5681	50.7276813744748
5682	50.6930956920681
5683	50.6553859367761
5684	50.6115295548491
5685	50.558780581461
5686	50.4959105881294
5687	50.4219637103445
5688	50.3359795769871
5689	50.2388277017821
5690	50.13128145206
5691	50.0140463643904
5692	49.8878008825941
5693	49.7531054828295
5694	49.6102806599804
5695	49.4598639020168
5696	49.3033291109758
5697	49.1434443720595
5698	48.9825991105897
5699	48.8224620420644
5700	48.6634866032984
5701	48.5055939841188
5702	48.3498062293062
5703	48.1969040986431
5704	48.0471968802098
5705	47.9016867809106
5706	47.7614580329257
5707	47.6258882620782
5708	47.4950239906759
5709	47.3706821801363
5710	47.2531904619512
5711	47.1423240602266
5712	47.0374656114565
5713	46.9382515421373
5714	46.8440687738119
5715	46.7538801364375
5716	46.6683547214673
5717	46.5881896283774
5718	46.5128648531582
5719	46.4421103621048
5720	46.3760671768058
5721	46.3137850994724
5722	46.2552073777375
5723	46.2012309514574
5724	46.1516080948849
5725	46.1057598473026
5726	46.0639374803665
5727	46.0270782974865
5728	45.9949129366224
5729	45.9674149955372
5730	45.9448044927874
5731	45.9273128455362
5732	45.9152865159116
5733	45.9072983621834
5734	45.9027247410166
5735	45.9015701648865
5736	45.9049609315139
5737	45.9146636280229
5738	45.9318973801833
5739	45.9588101788275
5740	45.9973986672626
5741	46.0522140283959
5742	46.1296197263462
5743	46.232752373583
5744	46.3634241008377
5745	46.5231363449703
5746	46.7125590790866
5747	46.9333238898005
5748	47.1859206301272
5749	47.4702130453574
5750	47.7861875522731
5751	48.130783444007
5752	48.499313175458
5753	48.8881786133264
5754	49.293764230594
5755	49.712197254189
5756	50.1397708317032
5757	50.572209501435
5758	51.0064792130693
5759	51.4400650678527
5760	51.8698425524855
5761	52.2930262761392
5762	52.7060975413406
5763	53.1050531016091
5764	53.4876171830238
5765	53.8536484344279
5766	54.2039504401032
5767	54.5388940115071
5768	54.8576810278788
5769	55.1605516701481
5770	55.4475956476945
5771	55.7173687675679
5772	55.9701029351031
5773	56.2068454187891
5774	56.4282392806558
5775	56.6351871164671
5776	56.8286624148324
5777	57.0096985523599
5778	57.1795795320335
5779	57.3391207054508
5780	57.4889896015419
5781	57.6294516188715
5782	57.76000230286
5783	57.8811652449275
5784	57.9936007427219
5785	58.0970627646994
5786	58.1921858720732
5787	58.2808600704247
5788	58.3635677143611
5789	58.4400167352741
5790	58.5110278787022
5791	58.5767081367709
5792	58.6376023084651
5793	58.6942760877563
5794	58.7465435869544
5795	58.7952531626445
5796	58.8403397479292
5797	58.8812321682042
5798	58.9185289395029
5799	58.9524667159353
5800	58.9827942082173
5801	59.0079594340828
5802	59.0256102179168
5803	59.0334454365539
5804	59.0284975147877
5805	59.0073192281679
5806	58.9653148598202
5807	58.8998008590659
5808	58.8104896109971
5809	58.6973635076033
5810	58.5604200757416
5811	58.3998309013995
5812	58.2162077367411
5813	58.0102361339935
5814	57.7820230934398
5815	57.5318727892284
5816	57.2597704017284
5817	56.9656892935874
5818	56.6516029198653
5819	56.3199761364838
5820	55.9729547681582
5821	55.6124546335572
5822	55.2391546336897
5823	54.8554117332991
5824	54.4654488171431
5825	54.0733987169686
5826	53.6825173511038
5827	53.2945718923139
5828	52.9114021132186
5829	52.5351196076699
5830	52.1674371768601
5831	51.8105381270021
5832	51.466884800811
5833	51.1379246095753
5834	50.8240608713552
5835	50.52533320919
5836	50.2418316941974
5837	49.973789799982
5838	49.7208315585214
5839	49.4833007745623
5840	49.2615573021754
5841	49.0540230072593
5842	48.8585843646032
5843	48.6741009236975
5844	48.5003625186899
5845	48.3366865587097
5846	48.1818098743362
5847	48.0349291269064
5848	47.895612207956
5849	47.7633003574252
5850	47.6375953592816
5851	47.5173485350059
5852	47.401904569747
5853	47.2922473350585
5854	47.1887035406273
5855	47.0904740931589
5856	46.9969352215165
5857	46.9077783802847
5858	46.8233951425628
5859	46.7454346219865
5860	46.6754804869274
5861	46.6158274628257
5862	46.5713444317583
5863	46.5489082878709
5864	46.553957078125
5865	46.590379312079
5866	46.6618956608584
5867	46.7717308667751
5868	46.9208201663966
5869	47.1090284811941
5870	47.3370783703657
5871	47.6050340687868
5872	47.9115017810623
5873	48.2549049333947
5874	48.6349338538632
5875	49.0504299924407
5876	49.4987833195191
5877	49.9765659847767
5878	50.4785806628005
5879	50.9988605712161
5880	51.5337892814416
5881	52.0794624453982
5882	52.630222422795
5883	53.18132590004
5884	53.7280194123265
5885	54.2648514233357
5886	54.787122764923
5887	55.2905140029371
5888	55.7728615841434
5889	56.2328515886658
5890	56.6694215885153
5891	57.0825747725631
5892	57.4717160181653
5893	57.8374445221605
5894	58.1807624111843
5895	58.5023741063286
5896	58.8034370411215
5897	59.0848795587236
5898	59.3468885302185
5899	59.5897749792915
5900	59.8152471573904
5901	60.025724079432
5902	60.221377600741
5903	60.4006824897674
5904	60.5616394650513
5905	60.7007887862869
5906	60.8151170367198
5907	60.9017848979446
5908	60.9587815935807
5909	60.9827663849054
5910	60.9725438461848
5911	60.9302391399167
5912	60.859336487756
5913	60.7656700981592
5914	60.6530998536754
5915	60.5239639700542
5916	60.3806991810493
5917	60.2253029276269
5918	60.0595395089235
5919	59.88516085679
5920	59.7036612616446
5921	59.5164359167635
5922	59.3242059612873
5923	59.127073845358
5924	58.9243828108236
5925	58.7149023781036
5926	58.4991035347522
5927	58.2788490024245
5928	58.0555883549573
5929	57.8297160556237
5930	57.6015214008075
5931	57.3711149352102
5932	57.1381762587149
5933	56.9032938868231
5934	56.6673284183621
5935	56.4312323324524
5936	56.1962302822285
5937	55.9625157682332
5938	55.7308567620454
5939	55.5022301010232
5940	55.276863036086
5941	55.0549456797166
5942	54.8371817861291
5943	54.6248074958223
5944	54.4187999312993
5945	54.2194665670061
5946	54.0275050571365
5947	53.8425537438646
5948	53.6671167471095
5949	53.5042896230247
5950	53.3517307263628
5951	53.2095793041031
5952	53.0790628822734
5953	52.9597806468361
5954	52.8514584784802
5955	52.7527533677331
5956	52.663293356207
5957	52.5820140254203
5958	52.5069682854691
5959	52.4377006887807
5960	52.3723359951859
5961	52.3087762410426
5962	52.2472953644692
5963	52.1888542045689
5964	52.1353229735539
5965	52.0878616811159
5966	52.0448462912364
5967	52.005031779042
5968	51.9691308697815
5969	51.9370495442763
5970	51.9082981951655
5971	51.881959819662
5972	51.8569501152928
5973	51.831911982271
5974	51.8065755309422
5975	51.7799357990505
5976	51.7513983309517
5977	51.7222873769244
5978	51.6934500560437
5979	51.6657281975681
5980	51.6394842505305
5981	51.613588069764
5982	51.5858544602873
5983	51.5552481596787
5984	51.5232212777465
5985	51.4913187100635
5986	51.4608316613938
5987	51.4312911858816
5988	51.4002860469748
5989	51.3673391876921
5990	51.3339504688002
5991	51.3006374061188
5992	51.2671054729176
5993	51.2345584908281
5994	51.2028262684122
5995	51.1709580249686
5996	51.1395239496858
5997	51.1081427458694
5998	51.0763877546008
5999	51.0454357859528
6000	51.0149612259807
6001	50.9831979425773
6002	50.9502702895704
6003	50.915981897053
6004	50.8801762891929
6005	50.8436206628873
6006	50.8045128461134
6007	50.7619273717087
6008	50.7178036576016
6009	50.6727417205247
6010	50.6273684563802
6011	50.5830396303958
6012	50.540339917792
6013	50.4997193276965
6014	50.4601153840293
6015	50.4189086723751
6016	50.3760899083036
6017	50.3335992649467
6018	50.2903899504934
6019	50.2451373507064
6020	50.1978628303167
6021	50.1504871023462
6022	50.1056012812741
6023	50.0633015598371
6024	50.0233552443256
6025	49.9864965980096
6026	49.95302897678
6027	49.9216291373626
6028	49.8909366204647
6029	49.8612306513624
6030	49.8317700951565
6031	49.8019022754781
6032	49.7718573012095
6033	49.7407768058927
6034	49.7085359864656
6035	49.67608394637
6036	49.644685574208
6037	49.6148272219287
6038	49.5864868846381
6039	49.5600665935932
6040	49.5342478099178
6041	49.5073128936336
6042	49.4785143671228
6043	49.4484688919869
6044	49.4173962413152
6045	49.3863337015766
6046	49.3573518328024
6047	49.330101150901
6048	49.3049163698181
6049	49.2831353368417
6050	49.2647298522231
6051	49.2486940963325
6052	49.2338099675293
6053	49.219723840877
6054	49.2049927117945
6055	49.1869636367043
6056	49.1638719458182
6057	49.1378506605897
6058	49.1118401188066
6059	49.0845267180254
6060	49.0527933252615
6061	49.0144183364026
6062	48.9682491113366
6063	48.913843439909
6064	48.8528071021142
6065	48.7868686821368
6066	48.7177696287954
6067	48.6473147743065
6068	48.5754384926613
6069	48.5031413545099
6070	48.4317734961673
6071	48.35997749111
6072	48.2859883043529
6073	48.2091225352003
6074	48.1282182198528
6075	48.0415857520796
6076	47.9513627078586
6077	47.8616721008253
6078	47.7737903716524
6079	47.6885286472762
6080	47.606192387809
6081	47.5263024793585
6082	47.4477884390588
6083	47.3694442535077
6084	47.2913816591267
6085	47.2138201731395
6086	47.1362614695006
6087	47.05994491692
6088	46.9864987211716
6089	46.9171999345848
6090	46.852612682114
6091	46.7904961384105
6092	46.7277997628077
6093	46.6625542855401
6094	46.5937445412844
6095	46.5236772722388
6096	46.4557301121964
6097	46.3914602967454
6098	46.3301787425233
6099	46.2682952846438
6100	46.2007302966754
6101	46.1219960961589
6102	46.028157838903
6103	45.9179376497848
6104	45.7914210728189
6105	45.6486909966921
6106	45.4920945892531
6107	45.3275503980042
6108	45.1618665448273
6109	44.9990969824993
6110	44.8412041794596
6111	44.6922106334806
6112	44.5563596793269
6113	44.4353717472449
6114	44.3301373901558
6115	44.2424780939911
6116	44.1722473741094
6117	44.1168014257749
6118	44.0736565975464
6119	44.0390019545376
6120	44.0067216574954
6121	43.9709565055112
6122	43.9270365887783
6123	43.8714715423218
6124	43.802692766236
6125	43.7201137510377
6126	43.6231471913803
6127	43.5125077924215
6128	43.3901467519151
6129	43.2581885682807
6130	43.1210900896998
6131	42.9823792556566
6132	42.8437167027548
6133	42.7075516501725
6134	42.5783879350782
6135	42.4650338489223
6136	42.3780184272352
6137	42.3202039153005
6138	42.2856767002325
6139	42.2691544935136
6140	42.2665269500199
6141	42.2758876347318
6142	42.2958057703734
6143	42.3235449861903
6144	42.3556563371576
6145	42.3872898499433
6146	42.4138212326004
6147	42.4351463472219
6148	42.4539639631477
6149	42.4705604453622
6150	42.4864433824843
6151	42.5033922645121
6152	42.5211827018351
6153	42.5410523623551
6154	42.5639870220366
6155	42.5897382280981
6156	42.6184733331363
6157	42.6499569086468
6158	42.6838752394246
6159	42.7223525451666
6160	42.7654389205399
6161	42.8111203519205
6162	42.8592960446192
6163	42.9104069535103
6164	42.9659089039854
6165	43.026767648004
6166	43.0927087608869
6167	43.1633528402736
6168	43.2394432399483
6169	43.3230190019895
6170	43.4146225265173
6171	43.5116010553087
6172	43.6113953968006
6173	43.713137798826
6174	43.8149462478852
6175	43.9148255078901
6176	44.0119339165672
6177	44.1064826231359
6178	44.1986832565841
6179	44.2882842301228
6180	44.3761385696363
6181	44.4631620656431
6182	44.549856365118
6183	44.6362894406589
6184	44.7249496496579
6185	44.8184743842416
6186	44.9157746332359
6187	45.0153126295387
6188	45.1169066862498
6189	45.2203344139793
6190	45.3243366363741
6191	45.4271861125066
6192	45.525053528153
6193	45.6162481208206
6194	45.7010507733969
6195	45.7768683148129
6196	45.8426081209899
6197	45.8992552817813
6198	45.9473603798224
6199	45.9868510152858
6200	46.0184999514598
6201	46.0426435694148
6202	46.0573650597993
6203	46.0614219389524
6204	46.0565839862856
6205	46.0458217525975
6206	46.0318517015592
6207	46.0158785627642
6208	45.9973856283691
6209	45.9760289739563
6210	45.9523219552971
6211	45.9272612334586
6212	45.9033913706574
6213	45.885104711751
6214	45.8756663680646
6215	45.8771534724993
6216	45.891857929078
6217	45.9209437411004
6218	45.9635806615186
6219	46.0183221570027
6220	46.0847238701543
6221	46.1631914139646
6222	46.2528202516695
6223	46.3527477055509
6224	46.4615064963263
6225	46.5767105587375
6226	46.6963829379796
6227	46.8199728330755
6228	46.9472722246517
6229	47.0771192387025
6230	47.2094921874463
6231	47.3448812654107
6232	47.4829646930633
6233	47.6213766374635
6234	47.7589224096039
6235	47.8952559639074
6236	48.0307313569688
6237	48.165447045911
6238	48.2975958519158
6239	48.4270148954798
6240	48.5537343935059
6241	48.6774797172699
6242	48.7974784979853
6243	48.9130252274888
6244	49.023411864409
6245	49.1281718096653
6246	49.2287144451512
6247	49.3257267355503
6248	49.4197423225895
6249	49.5103098954855
6250	49.5970407685761
6251	49.6810887362695
6252	49.7613911682282
6253	49.837665236135
6254	49.911681155444
6255	49.9835479461596
6256	50.0533614284953
6257	50.1206955182246
6258	50.1850150352001
6259	50.2470308228709
6260	50.307205781598
6261	50.3647583374566
6262	50.4192719041611
6263	50.471353774687
6264	50.5207016205596
6265	50.5671688045064
6266	50.6100620626625
6267	50.649031485762
6268	50.684184327885
6269	50.7134205963791
6270	50.7338095682806
6271	50.7436709443386
6272	50.7436049049904
6273	50.7354304615852
6274	50.721819786272
6275	50.7053644305119
6276	50.6885478846026
6277	50.6732625937485
6278	50.6608147432175
6279	50.6531665698427
6280	50.6528129579267
6281	50.6609805049294
6282	50.6773070100801
6283	50.701033468184
6284	50.7308992490756
6285	50.7652875903646
6286	50.8032618578767
6287	50.8455672198548
6288	50.8912317436153
6289	50.9386313440038
6290	50.9880482451497
6291	51.0389275679259
6292	51.0900418989774
6293	51.1413832558959
6294	51.1932011403102
6295	51.245192321065
6296	51.2971797645974
6297	51.3487258226534
6298	51.4002602923217
6299	51.4519384821188
6300	51.5022425794277
6301	51.5502453293342
6302	51.5956101918845
6303	51.6388340237862
6304	51.6807001639615
6305	51.7213314969005
6306	51.7602453838013
6307	51.797050386378
6308	51.8323731862219
6309	51.8657542038354
6310	51.8966980350823
6311	51.9261505630305
6312	51.9540148827663
6313	51.979562939371
6314	52.0031211485489
6315	52.0247228796991
6316	52.0443957450805
6317	52.0633042494561
6318	52.0815516013503
6319	52.0991425568158
6320	52.1166055833785
6321	52.1340069547735
6322	52.1501890323583
6323	52.1635275188126
6324	52.1739234382451
6325	52.1832343447865
6326	52.193897174765
6327	52.2075120968745
6328	52.2234964181385
6329	52.2390290150254
6330	52.2509977931417
6331	52.2556057150341
6332	52.2479916878364
6333	52.2250508585138
6334	52.1853677845774
6335	52.1270212610497
6336	52.0486934300459
6337	51.9500184672074
6338	51.8300864937407
6339	51.6881564257484
6340	51.5249003933102
6341	51.3415011679262
6342	51.139135617077
6343	50.9183888263523
6344	50.6807049501528
6345	50.4286288100974
6346	50.1640379946031
6347	49.8893039739096
6348	49.6072219135228
6349	49.3205936026125
6350	49.0316775467518
6351	48.7429155433346
6352	48.457106292704
6353	48.1749539164999
6354	47.8964287535145
6355	47.622237876262
6356	47.3535746851167
6357	47.0925477242592
6358	46.8395013597913
6359	46.5952662429831
6360	46.3612041631311
6361	46.1366698018094
6362	45.920945215808
6363	45.7146717021113
6364	45.5186983922147
6365	45.3336997734725
6366	45.1607114513201
6367	44.9995191123259
6368	44.8492272965055
6369	44.7082175698663
6370	44.5761385686277
6371	44.4543762056305
6372	44.3425296630072
6373	44.2392880393687
6374	44.1449114785395
6375	44.060291672405
6376	43.9852612113581
6377	43.9183964882566
6378	43.8579198759718
6379	43.8041753297006
6380	43.7589935771295
6381	43.7252246013569
6382	43.7064656312718
6383	43.706375300013
6384	43.7289174156892
6385	43.7760554514725
6386	43.8478462400152
6387	43.9440834111505
6388	44.0634806436802
6389	44.2049811597357
6390	44.3687075719522
6391	44.5526502678882
6392	44.7538134321137
6393	44.9718585767069
6394	45.2066875833948
6395	45.4568988595384
6396	45.7212008829673
6397	45.9987729069622
6398	46.2883701136411
6399	46.5880176667885
6400	46.8958640048072
6401	47.2096613080611
6402	47.5270949953264
6403	47.8472140605045
6404	48.168979983869
6405	48.4896656405754
6406	48.806837157841
6407	49.1186714723006
6408	49.422586425339
6409	49.7165700078992
6410	49.999050157255
6411	50.2691395231662
6412	50.5276526568369
6413	50.7742582698411
6414	51.008694908922
6415	51.2312733759135
6416	51.441267579032
6417	51.6384809642835
6418	51.8227983148161
6419	51.9940059251403
6420	52.1525707718524
6421	52.2995076358907
6422	52.4366795125295
6423	52.5658771916923
6424	52.6871321713145
6425	52.8002070334584
6426	52.904306877962
6427	52.9997025248539
6428	53.0881978438267
6429	53.1697982036986
6430	53.2436114988348
6431	53.3105026420978
6432	53.3725840458309
6433	53.4315754903836
6434	53.4878838468383
6435	53.5425649532765
6436	53.5962794469986
6437	53.6460503630598
6438	53.6884757142419
6439	53.721915440358
6440	53.7486798621982
6441	53.7740295506504
6442	53.801209728375
6443	53.8320625679469
6444	53.8690327013848
6445	53.9117976471612
6446	53.9589713478852
6447	54.0116798498868
6448	54.0700211535467
6449	54.1330218973356
6450	54.1991079437493
6451	54.2667635597562
6452	54.3363358877949
6453	54.4078122594991
6454	54.4800495402884
6455	54.5521309280509
6456	54.6238233787985
6457	54.6952746178218
6458	54.7661991580447
6459	54.835304376367
6460	54.9004500067973
6461	54.9605587185549
6462	55.0161853725697
6463	55.067140463113
6464	55.1128637240766
6465	55.1540266076242
6466	55.1908735475531
6467	55.2235193776631
6468	55.2521714400245
6469	55.2770235643883
6470	55.2984291934228
6471	55.3159882271063
6472	55.3285524633057
6473	55.335543869218
6474	55.3379821143609
6475	55.3364755092061
6476	55.3311009040951
6477	55.3222690275775
6478	55.3099306333596
6479	55.2937757929406
6480	55.2735847688085
6481	55.2496902090954
6482	55.2215489645888
6483	55.1892568023153
6484	55.1548684904411
6485	55.1194714065177
6486	55.0821379072455
6487	55.041531129732
6488	54.9982111385667
6489	54.952881731079
6490	54.9042719024261
6491	54.8518693563451
6492	54.7968818176294
6493	54.7400416543539
6494	54.6807762203247
6495	54.6178845053324
6496	54.5511347674342
6497	54.4811090756875
6498	54.4080725579082
6499	54.3320830842183
6500	54.2523177381549
6501	54.1671560239931
6502	54.0753076602095
6503	53.9751504684985
6504	53.8616204120945
6505	53.7254112240038
6506	53.5571685015412
6507	53.3513472085514
6508	53.1047121402839
6509	52.8151492118568
6510	52.4829398405726
6511	52.1101242993049
6512	51.6998575325632
6513	51.2551330190002
6514	50.7799369394904
6515	50.2810477142359
6516	49.766052726108
6517	49.2406965404703
6518	48.711695971809
6519	48.1858927936987
6520	47.6676964620924
6521	47.1613789208922
6522	46.6703768572492
6523	46.196938274608
6524	45.7418938442481
6525	45.3059198105283
6526	44.8906000650549
6527	44.4966978609506
6528	44.1239033061001
6529	43.7721632397306
6530	43.440574182378
6531	43.1272117001429
6532	42.8303562512356
6533	42.5491172310995
6534	42.2832710391417
6535	42.0315601194296
6536	41.7924466924452
6537	41.5649685182353
6538	41.3482783857053
6539	41.1419950603605
6540	40.9482624676924
6541	40.7702499614973
6542	40.6094483163698
6543	40.4672424768006
6544	40.3469315302665
6545	40.2519514440146
6546	40.184083502611
6547	40.1445617802402
6548	40.1328451675293
6549	40.1479138540495
6550	40.186671467755
6551	40.2434264406019
6552	40.3125332730055
6553	40.3900614131796
6554	40.4749428165511
6555	40.5677342052052
6556	40.6682293773548
6557	40.7749660996962
6558	40.8899371466802
6559	41.0171461599488
6560	41.1563955210266
6561	41.308760172029
6562	41.4767404503452
6563	41.6550198355426
6564	41.8351066403801
6565	42.0129858865767
6566	42.184676763106
6567	42.3455626286926
6568	42.4932436436316
6569	42.6277481510018
6570	42.7497884958092
6571	42.8607234104848
6572	42.9618538537067
6573	43.0538056568416
6574	43.1372635107181
6575	43.2114453180619
6576	43.2757811112868
6577	43.3306125159992
6578	43.3772724380744
6579	43.4165675158601
6580	43.4494287550639
6581	43.4764422738708
6582	43.497820174978
6583	43.5141962781154
6584	43.5255726466821
6585	43.531539937245
6586	43.5340005561532
6587	43.5391881775941
6588	43.5534515653348
6589	43.5807171525748
6590	43.6249518179478
6591	43.69007075093
6592	43.7779578173591
6593	43.8888762459139
6594	44.023706015509
6595	44.1834152527284
6596	44.3676489792145
6597	44.5754550840144
6598	44.8044233725723
6599	45.0515316749505
6600	45.3135069321706
6601	45.5878034454772
6602	45.8725580361748
6603	46.1648063908204
6604	46.4611160620022
6605	46.7584455902971
6606	47.055134353249
6607	47.3493545163595
6608	47.6386741283307
6609	47.9217949497921
6610	48.1977420110254
6611	48.4649273671755
6612	48.7234213782777
6613	48.9737229313515
6614	49.2143634701488
6615	49.4446026902048
6616	49.665300923213
6617	49.8770256073581
6618	50.0790546201354
6619	50.2703807949742
6620	50.4503469168527
6621	50.6200728510055
6622	50.7817215334811
6623	50.9372651116526
6624	51.0876387133375
6625	51.2316387883424
6626	51.3703872936393
6627	51.5043883654781
6628	51.6324110105402
6629	51.7536943206192
6630	51.8641675521209
6631	51.9600226624239
6632	52.0393517930959
6633	52.1039652426152
6634	52.160654833315
6635	52.2125457546657
6636	52.2609838908673
6637	52.3037258021965
6638	52.3380231367642
6639	52.3665548651761
6640	52.3921021768194
6641	52.4159588635576
6642	52.4361377725359
6643	52.4509967731989
6644	52.4597852777194
6645	52.4643720236876
6646	52.4685849827577
6647	52.4731596666599
6648	52.4781143967215
6649	52.4826444164233
6650	52.4858617295132
6651	52.4885297080696
6652	52.4903700309464
6653	52.4916164669754
6654	52.4920944388395
6655	52.4898101257596
6656	52.4850707530636
6657	52.4796407511228
6658	52.4732997274788
6659	52.4658606702009
6660	52.4572947990474
6661	52.4453443364133
6662	52.4299807804383
6663	52.413443417009
6664	52.3971306171424
6665	52.3797849537847
6666	52.3591618867416
6667	52.3348345553238
6668	52.308075869594
6669	52.2809770390863
6670	52.2528809745893
6671	52.2204646574573
6672	52.180878369727
6673	52.1341947308821
6674	52.084784675802
6675	52.0351344873605
6676	51.9848563090155
6677	51.9311082546078
6678	51.8687192983504
6679	51.7953883170411
6680	51.7131651331827
6681	51.6264921195872
6682	51.5388235710484
6683	51.4501490227604
6684	51.3560984123095
6685	51.2536008609398
6686	51.1453231417243
6687	51.0350088920715
6688	50.9239351806373
6689	50.8097325212305
6690	50.686132205577
6691	50.547475752518
6692	50.3896094261743
6693	50.2090829909248
6694	50.0029773985573
6695	49.7706217184609
6696	49.5135256687106
6697	49.2330389344178
6698	48.9335851610368
6699	48.6214629707398
6700	48.3042395412198
6701	47.9940058810335
6702	47.6983030909447
6703	47.4175638709713
6704	47.1515081236649
6705	46.9008791233732
6706	46.6681659118338
6707	46.4552679101742
6708	46.2633373103584
6709	46.0944722644787
6710	45.9490704219026
6711	45.8255081389589
6712	45.7255907409495
6713	45.6499470829148
6714	45.5922672479339
6715	45.546643077074
6716	45.5085284863678
6717	45.4750389897747
6718	45.4457043432979
6719	45.4186866245335
6720	45.3920388905205
6721	45.3654473663284
6722	45.3396164623855
6723	45.3144618993901
6724	45.2903385990079
6725	45.2665309338638
6726	45.242655176347
6727	45.2189483941372
6728	45.195657513438
6729	45.1726957998502
6730	45.1482808594968
6731	45.1233259121442
6732	45.0995436659832
6733	45.0771079932632
6734	45.0553605921386
6735	45.0336419704203
6736	45.0131917725267
6737	44.9947582045317
6738	44.9779472866956
6739	44.9640746006828
6740	44.9566225480824
6741	44.9616007220476
6742	44.9857443570734
6743	45.0338788568105
6744	45.1105449820257
6745	45.218650138101
6746	45.35936055259
6747	45.5349178420972
6748	45.7472203498604
6749	45.9968368881445
6750	46.2820153915303
6751	46.5989756792069
6752	46.944892016192
6753	47.3169090713296
6754	47.7101696437794
6755	48.1200155417647
6756	48.5429333764548
6757	48.9743557798665
6758	49.4094234231815
6759	49.84452049204
6760	50.276503072573
6761	50.7016288871307
6762	51.1156032507576
6763	51.5158719679772
6764	51.9006142276626
6765	52.2676318348554
6766	52.6157579453038
6767	52.9437688277526
6768	53.2514846311529
6769	53.5398999347406
6770	53.8091024642458
6771	54.058819860914
6772	54.2895496718994
6773	54.5024731289314
6774	54.698811504757
6775	54.8798742356219
6776	55.0466693202195
6777	55.2012063311699
6778	55.3455819554128
6779	55.4805294099821
6780	55.6073117702211
6781	55.7261161363582
6782	55.8367452416148
6783	55.9399540858655
6784	56.0361273694761
6785	56.1262091621474
6786	56.2110326524287
6787	56.2900608641774
6788	56.3625549697188
6789	56.4283365177267
6790	56.4876028413962
6791	56.5414011447233
6792	56.5917382777869
6793	56.6412314612597
6794	56.6920231316052
6795	56.7432767210506
6796	56.7885492648227
6797	56.8192458713083
6798	56.830049048619
6799	56.8198136121282
6800	56.7890398706104
6801	56.737971671679
6802	56.6661927979771
6803	56.5742315532749
6804	56.4632491066004
6805	56.3342764278124
6806	56.1877104425107
6807	56.0232321437389
6808	55.8409789697267
6809	55.6412740204944
6810	55.4253449306096
6811	55.1946294065101
6812	54.9504510085337
6813	54.6932286333784
6814	54.423267439691
6815	54.1418520355671
6816	53.8505109110105
6817	53.5528388533268
6818	53.2516775506933
6819	52.9475338378019
6820	52.6422131267589
6821	52.3367139829666
6822	52.0309044498215
6823	51.7253786878908
6824	51.4220904967733
6825	51.1232981553713
6826	50.8300594651023
6827	50.5437710958643
6828	50.2655482403606
6829	49.9961233446951
6830	49.7361353292537
6831	49.4864204738842
6832	49.2486474499762
6833	49.0243817818227
6834	48.8141281082299
6835	48.6183792273771
6836	48.4367700479041
6837	48.2694838488935
6838	48.1190896276998
6839	47.9871092186499
6840	47.87060659936
6841	47.7669203069781
6842	47.6762862918894
6843	47.5981514045812
6844	47.5315227243003
6845	47.4751600061748
6846	47.427479268248
6847	47.3866044111221
6848	47.3492931219636
6849	47.3112433449285
6850	47.2675008153013
6851	47.2138056072897
6852	47.1477569784993
6853	47.0685619404855
6854	46.9766807013514
6855	46.8722880688787
6856	46.7553880235333
6857	46.6266812182877
6858	46.4866161948739
6859	46.3360264154633
6860	46.1783214848305
6861	46.0166036179423
6862	45.8548559786836
6863	45.6998308149276
6864	45.5585915074677
6865	45.4354062572237
6866	45.3342617013214
6867	45.2620816327799
6868	45.2197780197299
6869	45.2009395218314
6870	45.2009864945819
6871	45.218735821346
6872	45.2523477361039
6873	45.3006606069866
6874	45.3670755768343
6875	45.4555776951878
6876	45.5650187469215
6877	45.6903199233577
6878	45.8284218366645
6879	45.979132845184
6880	46.1406861770476
6881	46.3116729332363
6882	46.4928447775297
6883	46.6851212152712
6884	46.8889138047463
6885	47.1078470736546
6886	47.3476099744015
6887	47.6125401079281
6888	47.9072923964309
6889	48.2351059514013
6890	48.5956925572063
6891	48.9874465780497
6892	49.4086156809578
6893	49.8547962797944
6894	50.3180535683252
6895	50.7880982720567
6896	51.2532914963794
6897	51.701621285405
6898	52.1300902309654
6899	52.5326990570674
6900	52.8992301891654
6901	53.2249605635453
6902	53.5112619679922
6903	53.7631939870096
6904	53.9872755270011
6905	54.1928395154931
6906	54.3848250053157
6907	54.5667809369442
6908	54.7411541361192
6909	54.9099035776714
6910	55.0747144079608
6911	55.2357159339534
6912	55.3925538131761
6913	55.5448600695372
6914	55.6914280429529
6915	55.8309234338062
6916	55.9645134918236
6917	56.0939065075742
6918	56.2190276243336
6919	56.3394262666894
6920	56.4554182905303
6921	56.567563285532
6922	56.6747300524325
6923	56.7779535190565
6924	56.8798757869457
6925	56.9816849357707
6926	57.082338794307
6927	57.1755997905981
6928	57.2548486081202
6929	57.3137017422275
6930	57.3459180232398
6931	57.3482242358726
6932	57.3178299027918
6933	57.2531605585649
6934	57.1527228094814
6935	57.0150502082776
6936	56.8397857725223
6937	56.6271068067922
6938	56.3775016440133
6939	56.0908434082103
6940	55.767778722627
6941	55.4092809594535
6942	55.0163922598299
6943	54.5917908246649
6944	54.1411602013793
6945	53.6735011411047
6946	53.1988510768762
6947	52.7238894735358
6948	52.251062829137
6949	51.7826811767296
6950	51.3213791615591
6951	50.8696292815895
6952	50.4306315490087
6953	50.0070255697313
6954	49.6011476937422
6955	49.215061973808
6956	48.849043197459
6957	48.5063118361818
6958	48.1896406506078
6959	47.9000647647673
6960	47.6382321062424
6961	47.4022351330481
6962	47.1889799855959
6963	46.9942396915412
6964	46.8139594985725
6965	46.6457336281877
6966	46.4898415372309
6967	46.3472276365639
6968	46.217770947733
6969	46.1006968360501
6970	45.995816256559
6971	45.9044848442203
6972	45.8274353915191
6973	45.7642653331552
6974	45.7137342876026
6975	45.6733164925665
6976	45.6396904287198
6977	45.6104691423476
6978	45.5852019763097
6979	45.5657463480869
6980	45.5564229654969
6981	45.5597252116997
6982	45.5713966816681
6983	45.5845318971684
6984	45.5964771194647
6985	45.6064127456683
6986	45.61394120696
6987	45.621411210406
6988	45.6326870155004
6989	45.6505132637805
6990	45.6755382688082
6991	45.7065523312916
6992	45.7448801613774
6993	45.7926857282982
6994	45.8487648682163
6995	45.9118958769584
6996	45.9813690688339
6997	46.0555465240297
6998	46.1339620382453
6999	46.2143978035959
7000	46.2927939361351
7001	46.3664248316859
7002	46.4324464281723
7003	46.4885479083509
7004	46.5337438141061
7005	46.5672861585423
7006	46.5874812321222
7007	46.5962950124813
7008	46.5964962426975
7009	46.5887654296294
7010	46.5755614363165
7011	46.5599476250326
7012	46.5436272295606
7013	46.5283842720816
7014	46.5169466192364
7015	46.5121767890378
7016	46.5161924935405
7017	46.5298866391222
7018	46.5542037902
7019	46.5910051287803
7020	46.6422770543843
7021	46.7105853942302
7022	46.8000664322401
7023	46.9144726625179
7024	47.058210153332
7025	47.2366597177818
7026	47.4528164178759
7027	47.7075526809552
7028	48.0017331348476
7029	48.3351998410916
7030	48.7050039864884
7031	49.1076811000547
7032	49.5397223881977
7033	49.9959079778492
7034	50.4700084470157
7035	50.9565300731671
7036	51.4494296623408
7037	51.9427477271137
7038	52.4287469742591
7039	52.8969390874996
7040	53.3364602657159
7041	53.740339627482
7042	54.1033813804656
7043	54.4195450313756
7044	54.6898084765179
7045	54.9211396256485
7046	55.1223265148525
7047	55.3033139473826
7048	55.4743251684207
7049	55.6443305528153
7050	55.8183145252405
7051	55.9979086231033
7052	56.1830391671423
7053	56.3735340157764
7054	56.5702629718234
7055	56.774299792848
7056	56.9836166302591
7057	57.1940252396998
7058	57.3987417056314
7059	57.5911610442147
7060	57.7663522958529
7061	57.9231565574046
7062	58.06698141097
7063	58.2035061861325
7064	58.3332466183544
7065	58.4532908222764
7066	58.5609990413465
7067	58.6550680625461
7068	58.7362897667272
7069	58.8051533626342
7070	58.8616744117346
7071	58.9077930753737
7072	58.9461482868509
7073	58.9777507806726
7074	59.0012088277682
7075	59.0166850819158
7076	59.0273121599016
7077	59.0353316189227
7078	59.0388080445852
7079	59.0359765229164
7080	59.0280948299458
7081	59.0172003295458
7082	59.0037734327523
7083	58.9830659934971
7084	58.9499256654344
7085	58.9035320238328
7086	58.8479199352283
7087	58.7894682912057
7088	58.731146845286
7089	58.6729805613483
7090	58.6137561166255
7091	58.5517255890678
7092	58.4863598082515
7093	58.4170020419301
7094	58.3416261818235
7095	58.2592846377982
7096	58.1698170815434
7097	58.071909354513
7098	57.9666060209126
7099	57.8569500144287
7100	57.744168056814
7101	57.6270514108209
7102	57.505774459207
7103	57.3824933127976
7104	57.2579060938249
7105	57.1324822474259
7106	57.0056407001164
7107	56.8779563686872
7108	56.7526368146862
7109	56.6324676692054
7110	56.5190372083872
7111	56.4146362702162
7112	56.3224060901052
7113	56.2424890471805
7114	56.1733035975083
7115	56.1118484165608
7116	56.0549846417603
7117	56.0004826399835
7118	55.9434689784388
7119	55.8774685456907
7120	55.7979222667662
7121	55.7028005105623
7122	55.5892183194125
7123	55.4519327428173
7124	55.2899370265938
7125	55.1086500633776
7126	54.9176404102854
7127	54.7239455655519
7128	54.5294615740006
7129	54.3351492396413
7130	54.1404399703659
7131	53.9445230927594
7132	53.7476301807026
7133	53.5540524128035
7134	53.3668736678014
7135	53.1890947189146
7136	53.0276200192852
7137	52.886531132035
7138	52.7680978437186
7139	52.6738971380295
7140	52.6048938254459
7141	52.5623271976468
7142	52.5467993364693
7143	52.5568541568719
7144	52.5895869956781
7145	52.6428983643378
7146	52.7159004834675
7147	52.8073622588229
7148	52.9148906972898
7149	53.035827509663
7150	53.1675589449485
7151	53.3062192519099
7152	53.4452989461175
7153	53.5790619988426
7154	53.7005002192292
7155	53.8038684526716
7156	53.8892727255441
7157	53.962172260773
7158	54.0313562395769
7159	54.1043681176101
7160	54.1872348892022
7161	54.2850779958742
7162	54.4001571639816
7163	54.5336780589173
7164	54.6881499119894
7165	54.86446600812
7166	55.0622706934392
7167	55.2812043014054
7168	55.5195449881702
7169	55.7757529355062
7170	56.0484614820112
7171	56.3313625699363
7172	56.6143843325287
7173	56.8880603624402
7174	57.1421356640732
7175	57.37204426424
7176	57.5786051870581
7177	57.759656457511
7178	57.9174305315072
7179	58.0548484531162
7180	58.1697346338194
7181	58.2617338350161
7182	58.33365940787
7183	58.3878661202098
7184	58.4259850846908
7185	58.4514789750238
7186	58.4683318300277
7187	58.4779979711338
7188	58.482709089616
7189	58.4846153542521
7190	58.482930951579
7191	58.4766152671733
7192	58.4637022871251
7193	58.4409573473786
7194	58.4053141520702
7195	58.3555683016777
7196	58.2896424903348
7197	58.2058252966058
7198	58.1048583446282
7199	57.9871292632593
7200	57.8532794765432
7201	57.7050463291186
7202	57.545706104675
7203	57.3793361490089
7204	57.2077380316787
7205	57.0312472662415
7206	56.8506014683153
7207	56.668101809583
7208	56.4863437676313
7209	56.3062184124696
7210	56.1287725412423
7211	55.9554813468916
7212	55.7866455004674
7213	55.6226541663555
7214	55.4647443664432
7215	55.3120111785889
7216	55.1589237911818
7217	55.0018015815114
7218	54.8443265757069
7219	54.6905489248536
7220	54.5448631381559
7221	54.4128161507432
7222	54.2990849451103
7223	54.2065565925812
7224	54.1366752351355
7225	54.0912105716153
7226	54.0710782246653
7227	54.0760868113366
7228	54.1061733534708
7229	54.1618015261445
7230	54.2418883551519
7231	54.3447259214262
7232	54.4689284702027
7233	54.6122242767318
7234	54.7725365245356
7235	54.9484529938435
7236	55.1377409551123
7237	55.3374704840108
7238	55.5453773533119
7239	55.7594471150619
7240	55.9771649988329
7241	56.196210722238
7242	56.4148873441765
7243	56.6307864789717
7244	56.841797816337
7245	57.0478395277381
7246	57.2486539752936
7247	57.4419310038008
7248	57.6256397349696
7249	57.7971578295377
7250	57.9522548047017
7251	58.0865143001861
7252	58.195680358861
7253	58.2737885926804
7254	58.314237387763
7255	58.3166315746258
7256	58.2853599525805
7257	58.2232105390424
7258	58.1323408377115
7259	58.0159326324271
7260	57.8764579553718
7261	57.7153655065699
7262	57.5333999808303
7263	57.3308937210801
7264	57.1083647021366
7265	56.8670430206012
7266	56.6095181397225
7267	56.3385695948798
7268	56.0562302216253
7269	55.7644448916999
7270	55.466017527818
7271	55.1624574591482
7272	54.8531731072786
7273	54.5391662117687
7274	54.2223619751346
7275	53.9059761356278
7276	53.5956420621797
7277	53.29209941967
7278	52.997054020351
7279	52.7153167413997
7280	52.448009692519
7281	52.1939122864507
7282	51.9523980199159
7283	51.7215072553789
7284	51.499501014105
7285	51.2870306920429
7286	51.082893029499
7287	50.8864294851871
7288	50.6974730001877
7289	50.5155428143791
7290	50.3408136133403
7291	50.1725758446442
7292	50.0108435382801
7293	49.856319268504
7294	49.707586347279
7295	49.5632971901379
7296	49.4229613482481
7297	49.285728232737
7298	49.1519186862425
7299	49.0228545913099
7300	48.9005574632826
7301	48.78712784491
7302	48.683224689953
7303	48.5855549008379
7304	48.4874286961017
7305	48.3824394738375
7306	48.2650380588582
7307	48.1311539663322
7308	47.9780615560456
7309	47.8027586427327
7310	47.604669950355
7311	47.3884392738617
7312	47.1604982511914
7313	46.9253258311299
7314	46.6909806323787
7315	46.4671533640175
7316	46.2556598073781
7317	46.0545490770494
7318	45.8616588008291
7319	45.6743306604283
7320	45.4920161021195
7321	45.3141508791751
7322	45.1407279446745
7323	44.9728008168391
7324	44.810793342261
7325	44.6566320065859
7326	44.5122896419367
7327	44.3777668174446
7328	44.2541891516324
7329	44.1428291957476
7330	44.0436109880236
7331	43.9569148838428
7332	43.8833124006676
7333	43.8225046124455
7334	43.7747836737572
7335	43.741575419155
7336	43.7224872658541
7337	43.7166986222153
7338	43.7232454109872
7339	43.7382910421857
7340	43.759060023115
7341	43.7841684253677
7342	43.8116695669659
7343	43.8397881275862
7344	43.8663153819649
7345	43.8906654654921
7346	43.9139405196704
7347	43.9363966240927
7348	43.958593846046
7349	43.9822440515574
7350	44.008300660978
7351	44.0365888226815
7352	44.0668541720789
7353	44.0987492006537
7354	44.1323408914369
7355	44.1685281878701
7356	44.2072454718109
7357	44.2478822310505
7358	44.2902585975158
7359	44.3357448808914
7360	44.3859581424612
7361	44.4406876646424
7362	44.4999061711229
7363	44.5638753853414
7364	44.6342083756657
7365	44.7132512510774
7366	44.799491208385
7367	44.8864110954079
7368	44.968758627079
7369	45.0416715523005
7370	45.1000315902613
7371	45.1418831679839
7372	45.1672979204568
7373	45.1767413870862
7374	45.1704209921653
7375	45.1490972989176
7376	45.1121068940111
7377	45.059543343162
7378	44.9940155378721
7379	44.9181106122111
7380	44.8342395056537
7381	44.7430433563288
7382	44.6442197319133
7383	44.5392986682956
7384	44.4311456167465
7385	44.3214487640919
7386	44.2107597404211
7387	44.0998302667705
7388	43.9886043923792
7389	43.8759495372236
7390	43.761621926109
7391	43.6471431174624
7392	43.533522363192
7393	43.4212475494387
7394	43.3112996916218
7395	43.2047173461574
7396	43.1024800771345
7397	43.0047478848983
7398	42.9121175021569
7399	42.8257275056809
7400	42.7454776777083
7401	42.6705223275487
7402	42.6006719511529
7403	42.5362770534432
7404	42.477526582864
7405	42.4252523736287
7406	42.379312349476
7407	42.3377791958317
7408	42.2996928119049
7409	42.26598207605
7410	42.2381515247103
7411	42.2162787097215
7412	42.1998797408757
7413	42.187669948032
7414	42.1788243100549
7415	42.1735395118292
7416	42.1716014242785
7417	42.1726427251025
7418	42.1757364426308
7419	42.1803944066302
7420	42.1864686048896
7421	42.1956760068121
7422	42.2131429646844
7423	42.2464473971685
7424	42.3021593928386
7425	42.3814094045709
7426	42.4832338775901
7427	42.6090179342219
7428	42.7607538266494
7429	42.9391627140569
7430	43.1440112736219
7431	43.3751365800279
7432	43.6319489575909
7433	43.9136076163097
7434	44.2181025324517
7435	44.5419908667016
7436	44.8823882638882
7437	45.2367220750355
7438	45.6006867912225
7439	45.9691337311788
7440	46.3393564573049
7441	46.7084895345881
7442	47.0738147354863
7443	47.4326105726356
7444	47.7801121260351
7445	48.1141863030289
7446	48.4355331087556
7447	48.7441292603197
7448	49.0399514532861
7449	49.322079461825
7450	49.5894675871376
7451	49.8431284541927
7452	50.0835529674339
7453	50.311105255962
7454	50.527398434096
7455	50.7336438960875
7456	50.9292553835537
7457	51.1139337220197
7458	51.2890720733285
7459	51.4553551921303
7460	51.6127559256145
7461	51.7615176846571
7462	51.9024207894595
7463	52.0360936480718
7464	52.1621174041547
7465	52.281434799193
7466	52.3949632704066
7467	52.502474401998
7468	52.6039982227886
7469	52.6999136609825
7470	52.7919361548258
7471	52.8810039521144
7472	52.9671320655013
7473	53.0505518156541
7474	53.1309734151699
7475	53.2083342637517
7476	53.2831804084178
7477	53.3570110407071
7478	53.4318099196178
7479	53.5071236124631
7480	53.5783499585951
7481	53.6424317706864
7482	53.6997441583889
7483	53.753252633419
7484	53.8067501495003
7485	53.8632205810759
7486	53.9233561151687
7487	53.9867250707207
7488	54.0533760258405
7489	54.1234149754135
7490	54.1972328286474
7491	54.2742521923935
7492	54.3532653644547
7493	54.4321817517638
7494	54.510010393619
7495	54.5869273138504
7496	54.6627184772171
7497	54.7382230174226
7498	54.8147782775367
7499	54.8920965790737
7500	54.969738574493
7501	55.0464551541286
7502	55.1205521539985
7503	55.1916360964794
7504	55.260215039098
7505	55.3269588359399
7506	55.3911840537023
7507	55.4516237401825
7508	55.5083214803801
7509	55.5615174018624
7510	55.6102660830075
7511	55.6541051744732
7512	55.6934068199229
7513	55.7283933454142
7514	55.7599732109165
7515	55.7873303963787
7516	55.8094910652259
7517	55.8271280415994
7518	55.8409299109784
7519	55.8517336347986
7520	55.8594967207201
7521	55.8641033747791
7522	55.866217583205
7523	55.8662571386968
7524	55.8643818779891
7525	55.8601986300521
7526	55.8529167771047
7527	55.8431253263994
7528	55.8316894520777
7529	55.8187052495335
7530	55.8037549303667
7531	55.7865587161348
7532	55.7668689353212
7533	55.7439683050056
7534	55.7177395511704
7535	55.6879584530743
7536	55.6546135059959
7537	55.6175469571033
7538	55.5728005899635
7539	55.5159375518628
7540	55.4444669148094
7541	55.3568011692091
7542	55.254322042065
7543	55.1400310431083
7544	55.0163857661619
7545	54.886327064475
7546	54.7514721459303
7547	54.6119501497361
7548	54.4684384043434
7549	54.3221516997493
7550	54.174390380653
7551	54.0247346884182
7552	53.8732255510789
7553	53.7212641942893
7554	53.5698203331092
7555	53.4202487303908
7556	53.2727579152237
7557	53.1263007508334
7558	52.9806420072453
7559	52.8363049398263
7560	52.6933627475149
7561	52.5514836651913
7562	52.4113472417147
7563	52.2740386875194
7564	52.139322090191
7565	52.0076151127511
7566	51.8792568409101
7567	51.7542220261055
7568	51.6326728654581
7569	51.5134695991145
7570	51.3959123254369
7571	51.280675606315
7572	51.1689732249721
7573	51.0613107211618
7574	50.9581616997384
7575	50.8600056161673
7576	50.7661608897586
7577	50.6758949975434
7578	50.5891004298325
7579	50.5055063795838
7580	50.4252125278113
7581	50.3481402729109
7582	50.2733976608928
7583	50.2015708230649
7584	50.1332901891383
7585	50.0689184098404
7586	50.007824003362
7587	49.948673842152
7588	49.8918036254724
7589	49.8373517495878
7590	49.784654715014
7591	49.734802765258
7592	49.68938219274
7593	49.6485526945919
7594	49.6119811649033
7595	49.5799905794096
7596	49.5536678267962
7597	49.5321670359968
7598	49.5136336024851
7599	49.4966860873001
7600	49.4824521062208
7601	49.4735306354087
7602	49.470723442439
7603	49.4740033468366
7604	49.4829904377992
7605	49.4980643398256
7606	49.5197412719178
7607	49.5475113751759
7608	49.579956227779
7609	49.6168347050112
7610	49.6583475180628
7611	49.7027940472889
7612	49.7498328435455
7613	49.7995964332686
7614	49.8518054132479
7615	49.906894613275
7616	49.9644241957103
7617	50.023123952137
7618	50.0823548861495
7619	50.142041375479
7620	50.2019157224246
7621	50.2615716092799
7622	50.3201017230075
7623	50.3771671182908
7624	50.4326499947404
7625	50.4863995268892
7626	50.5382107861878
7627	50.5873534683609
7628	50.6340286255341
7629	50.6786528256413
7630	50.7214045375582
7631	50.7624633357866
7632	50.8014582839691
7633	50.8389516271695
7634	50.875566579536
7635	50.9108594639244
7636	50.9446727323757
7637	50.9770862649258
7638	51.0071950639168
7639	51.033506241206
7640	51.0561138999525
7641	51.0754723167506
7642	51.0915814993094
7643	51.1055200418632
7644	51.1178219357815
7645	51.1274649784082
7646	51.1340647652063
7647	51.1389864900213
7648	51.1419537272209
7649	51.1422181316147
7650	51.1402668127741
7651	51.1359103716072
7652	51.1297084586483
7653	51.122346093695
7654	51.1136706130591
7655	51.1035869206013
7656	51.0920045973676
7657	51.0774025781513
7658	51.059422237419
7659	51.0397087052031
7660	51.0180967295436
7661	50.9937576557297
7662	50.9662601304093
7663	50.9328002579839
7664	50.8917039762993
7665	50.8416669412173
7666	50.7795337598421
7667	50.7014151198456
7668	50.6032954886247
7669	50.4822067850549
7670	50.3367799349868
7671	50.16635638812
7672	49.971111368426
7673	49.7529642072898
7674	49.5141757694762
7675	49.2581382558474
7676	48.9882525002639
7677	48.7067344230547
7678	48.4164948531969
7679	48.1207778304046
7680	47.8220235971208
7681	47.5237475482263
7682	47.2300803504088
7683	46.943210779117
7684	46.6640665467878
7685	46.3931548605886
7686	46.1314792266214
7687	45.8799610709154
7688	45.6396425316046
7689	45.4106500069918
7690	45.1923293992923
7691	44.9837871216559
7692	44.7837854787346
7693	44.5918452894996
7694	44.4069863186238
7695	44.228447518768
7696	44.0557078417526
7697	43.887915266381
7698	43.7260166338206
7699	43.5714698235679
7700	43.4243631127635
7701	43.284769686009
7702	43.1523391556579
7703	43.0265466215363
7704	42.9072745388393
7705	42.7935606837222
7706	42.6845194068336
7707	42.5800238044113
7708	42.4795772029116
7709	42.3834175975353
7710	42.2920921151137
7711	42.2055518715332
7712	42.1235460727155
7713	42.0451088487515
7714	41.9699750104752
7715	41.8981379404773
7716	41.8296181041801
7717	41.764627319822
7718	41.7029822616644
7719	41.6446222963065
7720	41.5895916421402
7721	41.5371419774809
7722	41.4875181006663
7723	41.4443857170798
7724	41.4119575831461
7725	41.39576461192
7726	41.4023519003402
7727	41.43615240788
7728	41.4996329676168
7729	41.59438291586
7730	41.7208187975906
7731	41.8787727751277
7732	42.0691584033533
7733	42.2916998958982
7734	42.5469051089418
7735	42.8356685744729
7736	43.1567606325962
7737	43.5084660099725
7738	43.8889012757638
7739	44.294901863403
7740	44.7222185523807
7741	45.1683564640919
7742	45.629817497792
7743	46.1011335053041
7744	46.5793091778384
7745	47.0603221248655
7746	47.539101217735
7747	48.0122888984318
7748	48.4775372550549
7749	48.9325391751602
7750	49.3742583882468
7751	49.7990880562967
7752	50.2046404162785
7753	50.5894562910536
7754	50.9525632768011
7755	51.2948510908917
7756	51.6173692133021
7757	51.9202393775484
7758	52.2029561722728
7759	52.4656075770468
7760	52.7098875154757
7761	52.9373663365876
7762	53.1483816793882
7763	53.3430461299689
7764	53.5214410221001
7765	53.6849926052167
7766	53.836944600533
7767	53.9787008876498
7768	54.1098818877432
7769	54.2310127177323
7770	54.3429715860373
7771	54.4465880205933
7772	54.5420897366564
7773	54.6291261749617
7774	54.7085304444968
7775	54.7823050920277
7776	54.8504968419578
7777	54.9117921552674
7778	54.9673959584595
7779	55.0170085178988
7780	55.0579091490268
7781	55.0865064693759
7782	55.0987113191537
7783	55.0909348408662
7784	55.0609540446474
7785	55.0096249013981
7786	54.9381436703265
7787	54.847564031198
7788	54.7375696331597
7789	54.6080497141422
7790	54.462125863809
7791	54.3020109641212
7792	54.1286358224327
7793	53.9423688367931
7794	53.7426959141472
7795	53.5308885380314
7796	53.3083220095769
7797	53.0754678554378
7798	52.8330335578032
7799	52.5816381010767
7800	52.3222971932257
7801	52.056037776382
7802	51.7835715920684
7803	51.5058033625941
7804	51.2241839069921
7805	50.940471510305
7806	50.6562530822645
7807	50.3736412996224
7808	50.0938847767285
7809	49.8181834954026
7810	49.5481891739094
7811	49.2854854664087
7812	49.0309867867348
7813	48.7849469917884
7814	48.5479599659459
7815	48.3201439417843
7816	48.1021091511538
7817	47.8950593249623
7818	47.6996026335407
7819	47.5152103947624
7820	47.3422779629062
7821	47.1801614092765
7822	47.0270882573525
7823	46.8834093141393
7824	46.7494775685023
7825	46.6241868491409
7826	46.5070453742864
7827	46.3976740353378
7828	46.2946958268263
7829	46.1976296139394
7830	46.1057301236626
7831	46.018538213505
7832	45.9372274084619
7833	45.8621056220475
7834	45.7929366500362
7835	45.7299213112723
7836	45.6718868962456
7837	45.6180254739448
7838	45.5683242381326
7839	45.522697933277
7840	45.4812943356102
7841	45.4447061649128
7842	45.4147000709369
7843	45.3938239584589
7844	45.3840408070915
7845	45.3870793400485
7846	45.4044936114161
7847	45.4373654485828
7848	45.4878994333395
7849	45.5578274402242
7850	45.648584510087
7851	45.7612076839632
7852	45.89605395202
7853	46.0529585825047
7854	46.2310781093006
7855	46.4292437364288
7856	46.6459448868008
7857	46.8796924443861
7858	47.1289392376488
7859	47.3921429653091
7860	47.6676125415552
7861	47.9535992607182
7862	48.2485673277227
7863	48.5501483220434
7864	48.8558794953078
7865	49.1640122267523
7866	49.4727200605768
7867	49.7802387538211
7868	50.0855127348309
7869	50.3875343841082
7870	50.6842658130019
7871	50.9742068513503
7872	51.2556406888956
7873	51.5262432000494
7874	51.7844823442824
7875	52.0294709295362
7876	52.2611681391299
7877	52.4793085395335
7878	52.6832090853622
7879	52.872668261131
7880	53.0477439576953
7881	53.2092450460003
7882	53.3579698814755
7883	53.4951212380467
7884	53.6220576755643
7885	53.7378283785894
7886	53.8429900098884
7887	53.9394871146662
7888	54.0280162757834
7889	54.1085914163874
7890	54.1806464928401
7891	54.2449011756743
7892	54.3032673462872
7893	54.3572752050814
7894	54.4074605684724
7895	54.452962932843
7896	54.4930196464031
7897	54.5278347354575
7898	54.5579848975652
7899	54.5837241850175
7900	54.6051008204133
7901	54.6222463152954
7902	54.6343349882426
7903	54.6414351104324
7904	54.6438313322569
7905	54.6419511684702
7906	54.6355059473873
7907	54.6233354411677
7908	54.6020986030304
7909	54.5684356638604
7910	54.5208829927359
7911	54.4561353074063
7912	54.3730339107421
7913	54.2712441381852
7914	54.1486676588567
7915	54.0045479009607
7916	53.8394468117715
7917	53.6537505518359
7918	53.4475286843728
7919	53.2206918722606
7920	52.9746411846713
7921	52.7118278934421
7922	52.4331651584936
7923	52.1391593385869
7924	51.8328153944178
7925	51.5175418424884
7926	51.1959903262359
7927	50.8696724962191
7928	50.5402154187111
7929	50.2105809563605
7930	49.8835400514077
7931	49.5601626110243
7932	49.241465605747
7933	48.9299859142107
7934	48.6274495832368
7935	48.3351333603595
7936	48.0552426997301
7937	47.7884232779781
7938	47.533770665458
7939	47.2912431113468
7940	47.0607218783077
7941	46.8427473882766
7942	46.6376886832478
7943	46.4458440363754
7944	46.2671695929303
7945	46.1001185475596
7946	45.9441672356529
7947	45.7993931683559
7948	45.6646440658
7949	45.538571334573
7950	45.4204802364882
7951	45.3109469869427
7952	45.2102510597211
7953	45.1166377065911
7954	45.0285126998068
7955	44.9457703383457
7956	44.8691043890998
7957	44.7988502550656
7958	44.7341827895158
7959	44.6741384152134
7960	44.6184050389165
7961	44.5664646092764
7962	44.5183102912011
7963	44.4743614910965
7964	44.4334274755638
7965	44.3960543967777
7966	44.363682785154
7967	44.3352665937788
7968	44.3105292845651
7969	44.2918591057431
7970	44.2823070610154
7971	44.2839051619946
7972	44.3002085809075
7973	44.3346046371776
7974	44.3893150641489
7975	44.4665093080103
7976	44.5671295365334
7977	44.6922629502491
7978	44.8435078889542
7979	45.0208573516012
7980	45.2238370629267
7981	45.4518590696357
7982	45.7038014943262
7983	45.9778639600149
7984	46.2718532758174
7985	46.5851986906122
7986	46.9168699505817
7987	47.2631911921339
7988	47.6212571597795
7989	47.9894476280189
7990	48.3644624698308
7991	48.7434645620816
7992	49.1244567835143
7993	49.5048836972225
7994	49.8821150611919
7995	50.2528151934613
7996	50.6144053435552
7997	50.9647457990998
7998	51.301815441463
7999	51.6246045400125
8000	51.9334890009795
8001	52.2287639515068
8002	52.5098667964167
8003	52.7764350743803
8004	53.0279110039549
8005	53.2647945334628
8006	53.4873986293516
8007	53.6947440581061
8008	53.8861565478467
8009	54.0610764006646
8010	54.220230161943
8011	54.3659764609857
8012	54.4995159505378
8013	54.6200925764314
8014	54.7279117768886
8015	54.8234263569126
8016	54.9070423497147
8017	54.9804472311606
8018	55.0451705348652
8019	55.1013295885416
8020	55.147803539257
8021	55.1846078025655
8022	55.2131767296492
8023	55.23302235076
8024	55.243287387646
8025	55.2437144873938
8026	55.2312146184074
8027	55.202096496488
8028	55.1526099579263
8029	55.0793469415429
8030	54.9818291199357
8031	54.8618416008571
8032	54.7211645261906
8033	54.5607302073973
8034	54.3811819696663
8035	54.1839994207338
8036	53.9721380609208
8037	53.7487211494108
8038	53.5168900940075
8039	53.2770870739163
8040	53.0276090114708
8041	52.7677134613203
8042	52.497348683077
8043	52.2181498272017
8044	51.9324556242697
8045	51.6407111842047
8046	51.3430649572177
8047	51.0404263479324
8048	50.7354737608156
8049	50.4305787110278
8050	50.1266248597644
8051	49.82605943669
8052	49.530264517663
8053	49.239458328345
8054	48.9542471271724
8055	48.6752489701918
8056	48.4034614593159
8057	48.1394262266709
8058	47.8829349898163
8059	47.634145562749
8060	47.3928998345187
8061	47.1589856320232
8062	46.9331098645623
8063	46.71456090661
8064	46.502410226849
8065	46.2968595351788
8066	46.0985632345176
8067	45.906707241966
8068	45.7198147428464
8069	45.5382518967896
8070	45.3625907402898
8071	45.1916836867783
8072	45.0251947288857
8073	44.8645531666554
8074	44.7086608197914
8075	44.5564105810857
8076	44.4085468701519
8077	44.2652669758999
8078	44.1279652020767
8079	43.9974282063923
8080	43.8759124972917
8081	43.7640615546259
8082	43.6548853113737
8083	43.5410823695537
8084	43.418729741124
8085	43.2848175217553
8086	43.137332853503
8087	42.9752898237989
8088	42.798819786644
8089	42.609218850153
8090	42.4075355053712
8091	42.1950544048692
8092	41.9725651308012
8093	41.7408356835967
8094	41.5027682358506
8095	41.2617924882718
8096	41.0188083269117
8097	40.7743114557361
8098	40.5299114439883
8099	40.2861387115368
8100	40.0426740451773
8101	39.7995982109062
8102	39.5572113093649
8103	39.3166606431565
8104	39.0794582721958
8105	38.8459716832426
8106	38.6179654980414
8107	38.3970630072879
8108	38.1824173334496
8109	37.973701390028
8110	37.771954833328
8111	37.577287002396
8112	37.387977770939
8113	37.2025809763144
8114	37.0209075093802
8115	36.8431902447834
8116	36.6697571208015
8117	36.5010435566641
8118	36.3377143261685
8119	36.1788764305636
8120	36.0235652288671
8121	35.8725927412604
8122	35.7276404566976
8123	35.5900784553252
8124	35.4645046133963
8125	35.354820389026
8126	35.260343767442
8127	35.1801039031697
8128	35.1101180521675
8129	35.0461029136876
8130	34.9853904648486
8131	34.9246831408722
8132	34.8611159936881
8133	34.7943111023991
8134	34.7250073739416
8135	34.6532863404981
8136	34.5799215994871
8137	34.5053216867698
8138	34.4287850937341
8139	34.350305007172
8140	34.2706381216484
8141	34.1905000451698
8142	34.1109967019004
8143	34.0321581783838
8144	33.9539329473544
8145	33.8758797570897
8146	33.7978867070054
8147	33.7209649417875
8148	33.6451666480581
8149	33.5694082984839
8150	33.4936728091621
8151	33.418990808807
8152	33.3449607019747
8153	33.2708651287799
8154	33.1975191005094
8155	33.1251979447281
8156	33.0530736955037
8157	32.9815503312338
8158	32.9117783858948
8159	32.8445423655266
8160	32.7807212832002
8161	32.7196469118921
8162	32.6593772613503
8163	32.5982837020432
8164	32.5358600139391
8165	32.4731942699086
8166	32.4107054171059
8167	32.3481565129088
8168	32.2859018914337
8169	32.2266132992872
8170	32.1732360459172
8171	32.1290247480161
8172	32.0969827830111
8173	32.079062701317
8174	32.0794033453888
8175	32.1042187603304
8176	32.1583183367209
8177	32.2444379965211
8178	32.3639145495876
8179	32.5171231760936
8180	32.705071031542
8181	32.928671731428
8182	33.1877437521813
8183	33.479718475513
8184	33.8030033703609
8185	34.1564387290043
8186	34.5362355470508
8187	34.9394112062186
8188	35.3618293791083
8189	35.7990517064638
8190	36.2461191689814
8191	36.6972016829074
8192	37.149520318098
8193	37.5995765128346
8194	38.0429659615672
8195	38.4762229313949
8196	38.8959702061302
8197	39.2986589229928
8198	39.6805164273891
8199	40.0390725050171
8200	40.3727796766625
8201	40.6809523974352
8202	40.965219887225
8203	41.2273191795584
8204	41.4684359578891
8205	41.6899878963781
8206	41.8929914859411
8207	42.0788966810243
8208	42.2489715126034
8209	42.4047745509552
8210	42.5472155674337
8211	42.6764221293087
8212	42.7921252111016
8213	42.8941820177144
8214	42.9829710546072
8215	43.0583484190611
8216	43.1210062164464
8217	43.1722290064418
8218	43.2119075211308
8219	43.2400988397296
8220	43.2582214666759
8221	43.2658632698545
8222	43.2617869301326
8223	43.244803359239
8224	43.2119586328429
8225	43.1583840556273
8226	43.0784929702399
8227	42.9662885777135
8228	42.8161181019866
8229	42.6257907865556
8230	42.3970294960496
8231	42.1321894308392
8232	41.8329296220217
8233	41.501749296868
8234	41.1405504763683
8235	40.7517164342364
8236	40.3379565007828
8237	39.9005805798495
8238	39.4438067328722
8239	38.9722382390171
8240	38.4882974157494
8241	37.9969530044773
8242	37.5030678687896
8243	37.0110136764282
8244	36.526026411397
8245	36.0506888906707
8246	35.5871925504066
8247	35.1376244674541
8248	34.7037504553664
8249	34.2869733558232
8250	33.8871591836435
8251	33.5044040624932
8252	33.1391725466984
8253	32.7910476525484
8254	32.4594217177086
8255	32.1449855007299
8256	31.8487376111119
8257	31.5700442244567
8258	31.3069473924772
8259	31.0574526787421
8260	30.8210487702675
8261	30.5988517471935
8262	30.390271427432
8263	30.1929007785294
8264	30.0058627695088
8265	29.8291189494875
8266	29.6611660142591
8267	29.4998045841575
8268	29.3442828661193
8269	29.1934530989583
8270	29.0461838504309
8271	28.9019612443864
8272	28.7595268713078
8273	28.6183607914666
8274	28.4780905555301
8275	28.3388724287771
8276	28.2019199414751
8277	28.0671122503699
8278	27.9352702676116
8279	27.8087440627128
8280	27.6880027452966
8281	27.5747227513121
8282	27.4674144289718
8283	27.3624081326503
8284	27.2601394995802
8285	27.1587281073497
8286	27.0553847842597
8287	26.9499169510381
8288	26.842443406089
8289	26.7332415042616
8290	26.6224565288416
8291	26.5090459154319
8292	26.3916517950834
8293	26.2695884949921
8294	26.1442481478737
8295	26.0165404068246
8296	25.8866665038722
8297	25.7557116265836
8298	25.6238973150709
8299	25.4917440218656
8300	25.3595223451671
8301	25.2284347441778
8302	25.0998883387032
8303	24.9740249502349
8304	24.8509139824012
8305	24.7302955505861
8306	24.6117641544419
8307	24.4953423591589
8308	24.3819203602001
8309	24.2705822006946
8310	24.1603085938495
8311	24.0504702001932
8312	23.9401584601311
8313	23.8298700011248
8314	23.7195546965285
8315	23.6088570567372
8316	23.4978887926899
8317	23.3869691259026
8318	23.2756791498598
8319	23.1630147802003
8320	23.0492473647285
8321	22.935156430575
8322	22.8207519942327
8323	22.7063080654712
8324	22.5932252210496
8325	22.4821133970401
8326	22.3740340108633
8327	22.2686026698042
8328	22.1644890334126
8329	22.0613140644257
8330	21.9591770038538
8331	21.8589060225407
8332	21.7599667103399
8333	21.6622945865795
8334	21.5699572830668
8335	21.4890931883997
8336	21.4181529419743
8337	21.3515415043583
8338	21.287468559482
8339	21.2256675713217
8340	21.1671377076114
8341	21.1116957934183
8342	21.0576229538232
8343	21.0035144125107
8344	20.9507925154176
8345	20.9003338301978
8346	20.8502794325961
8347	20.8005446647486
8348	20.7510958997235
8349	20.7028116226338
8350	20.6559337098157
8351	20.6088063212512
8352	20.5610310101475
8353	20.5128523716126
8354	20.4640430134571
8355	20.4151964875523
8356	20.3667551109851
8357	20.3188487774812
8358	20.271773124362
8359	20.2254857646108
8360	20.1804372249892
8361	20.1363377754385
8362	20.0925005667926
8363	20.0467344105641
8364	20.0001419015503
8365	19.9552958919137
8366	19.9117119019719
8367	19.8696695367064
8368	19.8286706911259
8369	19.7870940405109
8370	19.7443425895187
8371	19.7013291355901
8372	19.6581115193961
8373	19.6140494450773
8374	19.5702983276973
8375	19.5277362491176
8376	19.484923347729
8377	19.4418656215065
8378	19.4000199566005
8379	19.3588030101445
8380	19.3168183059584
8381	19.2748851380169
8382	19.2355118589218
8383	19.1990906764722
8384	19.1660683852572
8385	19.1384103987423
8386	19.1177811782286
8387	19.1036689443309
8388	19.0955405889115
8389	19.0948359314758
8390	19.1007834719657
8391	19.1127838863523
8392	19.1308887430626
8393	19.1557014748447
8394	19.1855638265182
8395	19.2182166754327
8396	19.2556516410679
8397	19.2968535884838
8398	19.3385837282504
8399	19.3802883999466
8400	19.4208784877398
8401	19.4601003804676
8402	19.4983193677634
8403	19.5360383587422
8404	19.573116182371
8405	19.608325916974
8406	19.6405708330292
8407	19.6705334558339
8408	19.6978460584005
8409	19.7217304971235
8410	19.7424358076198
8411	19.7598067186498
8412	19.7736697141433
8413	19.784474313954
8414	19.7930221553879
8415	19.7989609764864
8416	19.8019695964362
8417	19.8016679912209
8418	19.7981021559943
8419	19.7925597212927
8420	19.7854808723165
8421	19.7767166255674
8422	19.7663609720475
8423	19.7544150892161
8424	19.7388677988738
8425	19.7170577119769
8426	19.6896282873338
8427	19.657925816978
8428	19.6237428096081
8429	19.5894902704324
8430	19.5560023966605
8431	19.5227811555786
8432	19.4895978659986
8433	19.4560688699839
8434	19.4203737236026
8435	19.3820000501926
8436	19.3407979362104
8437	19.2969527489861
8438	19.2510058024146
8439	19.2031457668449
8440	19.1535700290299
8441	19.1010656429185
8442	19.046825776922
8443	18.9926700116589
8444	18.9389466381755
8445	18.8855830628422
8446	18.8330880219703
8447	18.7794581931722
8448	18.7233877951085
8449	18.6666039161232
8450	18.6097707533251
8451	18.5534697211996
8452	18.4969728885872
8453	18.4397000028764
8454	18.3803847702825
8455	18.3164638033237
8456	18.2437619224885
8457	18.1603751214873
8458	18.0684124098465
8459	17.9741222210153
8460	17.8895464088025
8461	17.828045983541
8462	17.8011231126276
8463	17.8158515540999
8464	17.8781890639072
8465	17.9927899541581
8466	18.1578493500037
8467	18.3714029797361
8468	18.6318814074497
8469	18.9341792879207
8470	19.2723662366673
8471	19.6396427384039
8472	20.0314672796638
8473	20.4428368005808
8474	20.8661040946167
8475	21.2942986530894
8476	21.7221742794952
8477	22.1457755230228
8478	22.5617384301331
8479	22.9659574880919
8480	23.353298463164
8481	23.719919052542
8482	24.064191719889
8483	24.3842303613547
8484	24.6785983443107
8485	24.9488532544745
8486	25.196276945988
8487	25.4203153771239
8488	25.6220040477099
8489	25.8039910891976
8490	25.9681200891102
8491	26.1162271134934
8492	26.2499396000319
8493	26.3682176690868
8494	26.4704386651174
8495	26.5577198048946
8496	26.6318822738449
8497	26.6955947518099
8498	26.7504022514822
8499	26.7960729154058
8500	26.8315485220585
8501	26.8575374098845
8502	26.874216251865
8503	26.8819492590791
8504	26.8808467085604
8505	26.8704912432404
8506	26.8528669946182
8507	26.8292238460256
8508	26.8001103500982
8509	26.7666093877082
8510	26.7278453814067
8511	26.6827302304267
8512	26.6313621796987
8513	26.5733728239857
8514	26.5093167313996
8515	26.4418196209333
8516	26.3742566461002
8517	26.3046105910506
8518	26.2190536120632
8519	26.1041521458559
8520	25.955099173215
8521	25.7754781130324
8522	25.5723792903038
8523	25.3495996863798
8524	25.1096601144547
8525	24.854176416854
8526	24.5845096667619
8527	24.3027210481898
8528	24.0102262598079
8529	23.7095037490741
8530	23.4027554079409
8531	23.0909536988067
8532	22.7758826204677
8533	22.4589994616983
8534	22.1406094712056
8535	21.8223766409693
8536	21.5071258286203
8537	21.1964763583947
8538	20.8930237790853
8539	20.5992506741683
8540	20.3155718263113
8541	20.0415215390008
8542	19.7776543561052
8543	19.5245135795641
8544	19.2828746278683
8545	19.0535434817744
8546	18.8354055960479
8547	18.6264327744629
8548	18.4268519182839
8549	18.2370692588596
8550	18.0561919906048
8551	17.883773691018
8552	17.7209156377454
8553	17.5690185317567
8554	17.4269786165861
8555	17.2935835738711
8556	17.1686760706883
8557	17.0520843526026
8558	16.9443920543201
8559	16.8446712083906
8560	16.7514501331562
8561	16.6648825750167
8562	16.5858732455236
8563	16.5151829680156
8564	16.4507840002503
8565	16.3899113699847
8566	16.3329595456833
8567	16.2802247545113
8568	16.2311054946655
8569	16.1850838621783
8570	16.1378246424683
8571	16.0823493821803
8572	16.0127118815744
8573	15.9262796863289
8574	15.8282088318255
8575	15.7314558637049
8576	15.6480797181575
8577	15.5862514923511
8578	15.552045920759
8579	15.5487157136942
8580	15.5761473241457
8581	15.6341361530574
8582	15.7212174489042
8583	15.8355657087764
8584	15.9750067257508
8585	16.1371504558683
8586	16.3179647367808
8587	16.5135528485819
8588	16.7224035324604
8589	16.9429359474577
8590	17.1736594930129
8591	17.4122286398843
8592	17.6561440063114
8593	17.9036596175647
8594	18.1534647291501
8595	18.403141430203
8596	18.6516646026315
8597	18.8984665933628
8598	19.1420880816235
8599	19.3815019737511
8600	19.6144090306731
8601	19.8379821333856
8602	20.0506444299044
8603	20.2508195543436
8604	20.4380342393194
8605	20.6126680968585
8606	20.7750778197954
8607	20.9249537710172
8608	21.0607821252525
8609	21.1812873247579
8610	21.2853950120545
8611	21.3722159881732
8612	21.4416570292363
8613	21.4944634740784
8614	21.5313732356671
8615	21.5532567326645
8616	21.5601662540338
8617	21.5503778177915
8618	21.5232512882546
8619	21.4781447337659
8620	21.4143606172548
8621	21.3303662056258
8622	21.2243274233017
8623	21.0975369530986
8624	20.9516540679292
8625	20.7864180597585
8626	20.6034152288296
8627	20.4082286190787
8628	20.205253149733
8629	19.9989626005376
8630	19.7890866505397
8631	19.566031376552
8632	19.3128325331293
8633	19.0276091619456
8634	18.7147082375823
8635	18.3699690815686
8636	17.9903574558527
8637	17.5794791457476
8638	17.1606029519779
8639	16.7554966114348
8640	16.3737477104707
8641	16.0248604307109
8642	15.7130036126988
8643	15.436112108827
8644	15.1908026903971
8645	14.9720011979802
8646	14.7790766239074
8647	14.6193794951057
8648	14.4992071250553
8649	14.4213696181052
8650	14.3868250969167
8651	14.3924860527919
8652	14.4307116930505
8653	14.4916322031977
8654	14.5645232046709
8655	14.646627962992
8656	14.7422168012652
8657	14.8551178267676
8658	14.9892892471886
8659	15.1472030863817
8660	15.3243917138981
8661	15.5136172835183
8662	15.7059409791388
8663	15.8891790986123
8664	16.0576037151636
8665	16.2091744400111
8666	16.3421400514796
8667	16.4575479317245
8668	16.5568007861955
8669	16.638783770741
8670	16.7029830100496
8671	16.7504091812814
8672	16.778122800514
8673	16.7860007817092
8674	16.7756499502908
8675	16.7485091006191
8676	16.7057073668999
8677	16.6467986701716
8678	16.5736328170241
8679	16.4863321029865
8680	16.3849443883027
8681	16.271266221724
8682	16.1407121794951
8683	15.988204540939
8684	15.8170617571733
8685	15.6249721311747
8686	15.4081253344745
8687	15.1681496002581
8688	14.9112321570729
8689	14.6447460366309
8690	14.3751174951618
8691	14.1038121212789
8692	13.8293631501591
8693	13.5540531322161
8694	13.2810255051653
8695	13.0132509058119
8696	12.7513858297604
8697	12.4949128618897
8698	12.2449970074742
8699	12.0046526137562
8700	11.7724312740524
8701	11.5499390294204
8702	11.3371041306409
8703	11.1253205285062
8704	10.9125544975971
8705	10.6946706043323
8706	10.4670806334999
8707	10.2330332083911
8708	9.99755979703607
8709	9.76466249019754
8710	9.53700197429824
8711	9.31683090719415
8712	9.11026440211099
8713	8.92038711137244
8714	8.74401151547317
8715	8.57801862861064
8716	8.41739009355363
8717	8.25287797127241
8718	8.07264109522246
8719	7.86777992903161
8720	7.63475932371228
8721	7.37317988804409
8722	7.0837233575002
8723	6.77071920184071
8724	6.43847709805395
8725	6.09157492102609
8726	5.73566308867069
8727	5.37416283719999
8728	5.01133072271704
8729	4.65132596564563
8730	4.29650741390838
8731	3.94884191660816
8732	3.60899845095839
8733	3.27774420117128
8734	2.95937426302165
8735	2.65823631072999
8736	2.37762986031841
8737	2.1264897488722
8738	1.92095166966279
8739	1.7652727087397
8740	1.64109930516049
8741	1.53327026035074
8742	1.43413870263265
8743	1.3434854015182
8744	1.27518714130529
8745	1.23486820616375
8746	1.21400957214014
8747	1.20458812244382
8748	1.2093128214835
8749	1.23529388349989
8750	1.28474970140065
8751	1.34865723944588
8752	1.41444665387447
8753	1.47091640738645
8754	1.51506253868069
8755	1.56133332717788
8756	1.62343110518335
8757	1.70241512571365
8758	1.78681107312741
8759	1.86903313621972
8760	1.95628983511675
8761	2.06180892746923
8762	2.18792954652962
8763	2.32672359602012
8764	2.47117296645275
8765	2.61671549845522
8766	2.76096659451501
8767	2.90150346723032
8768	3.03673710854155
8769	3.16571647553525
8770	3.28849128246661
8771	3.40514510638941
8772	3.51818647092559
8773	3.63171807783772
8774	3.74750497476229
8775	3.86395125536727
8776	3.98188741445286
8777	4.10394667295681
8778	4.23156258767462
8779	4.36866388439453
8780	4.51840173500188
8781	4.68027794505958
8782	4.85225642851664
8783	5.03435441001571
8784	5.22655853485565
8785	5.42909616354525
8786	5.6409034128711
8787	5.86039653165689
8788	6.08602024879149
8789	6.31476389313001
8790	6.54890908092032
8791	6.78860010274488
8792	7.03234746300785
8793	7.2783446419998
8794	7.5255795600672
8795	7.77476030492172
8796	8.02800628373133
8797	8.28617435099352
8798	8.54639814552941
8799	8.81044956119633
8800	9.07711453476442
8801	9.3410893574301
8802	9.59654014633827
8803	9.83547438255382
8804	10.0492503802202
8805	10.2274350527758
8806	10.3629118961621
8807	10.4694701967483
8808	10.5776337151839
8809	10.7149591244367
8810	10.8830047037909
8811	11.0548822513773
8812	11.2127230549728
8813	11.3693700504567
8814	11.5417636947489
8815	11.7315330018185
8816	11.9363148733014
8817	12.1507410812348
8818	12.3660587921462
8819	12.5798787808803
8820	12.7963340114327
8821	13.0132514182353
8822	13.2159837771515
8823	13.3901397378154
8824	13.529744244885
8825	13.637217578167
8826	13.7245861677732
8827	13.8103847494427
8828	13.9109244279088
8829	14.0341885205874
8830	14.1772838085636
8831	14.327197233077
8832	14.4646142606823
8833	14.5756461395226
8834	14.6570272196686
8835	14.7070801540596
8836	14.7357184941467
8837	14.7556738439901
8838	14.7683046801874
8839	14.7778518160808
8840	14.7932298531227
8841	14.8216222928695
8842	14.8602754239405
8843	14.898739485301
8844	14.9257006520167
8845	14.9332580406089
8846	14.9181524800817
8847	14.8789493238326
8848	14.8160704718321
8849	14.7280390778767
8850	14.610757474079
8851	14.4602545087936
8852	14.2719222587779
8853	14.0385460026009
8854	13.752776395159
8855	13.4108449306436
8856	13.0140633441246
8857	12.5692908826283
8858	12.0837806734447
8859	11.5635354425943
8860	11.0141180625123
8861	10.4433440862836
8862	9.86551259743234
8863	9.29993034615432
8864	8.76120889383919
8865	8.25347449007622
8866	7.77878872024383
8867	7.34230709340193
8868	6.93788893680887
8869	6.5600416202364
8870	6.20859733713638
8871	5.88331880873034
8872	5.58398809583306
8873	5.31171021393138
8874	5.06102630423015
8875	4.82135548707895
8876	4.589495865114
8877	4.36501148689207
8878	4.15237258391526
8879	3.95639497606972
8880	3.77770729675045
8881	3.61469800345494
8882	3.46732535074072
8883	3.33529646540108
8884	3.21679587889066
8885	3.11055959556664
8886	3.01907277511785
8887	2.94486807283554
8888	2.88496472441968
8889	2.83116817375054
8890	2.77930994026871
8891	2.7313751333012
8892	2.69008704579377
8893	2.65780198118656
8894	2.63249300428909
8895	2.61146170159438
8896	2.59384640278831
8897	2.5782666636119
8898	2.56598032086469
8899	2.55762010033464
8900	2.55313821989093
8901	2.55397584050995
8902	2.5604931858004
8903	2.57037373388486
8904	2.58114967958153
8905	2.59264035687105
8906	2.60643518356355
8907	2.62846592583703
8908	2.66314601677164
8909	2.70168242942389
8910	2.73311880733323
8911	2.75639068548019
8912	2.77662540590802
8913	2.7962063807208
8914	2.8123521259612
8915	2.82488930652187
8916	2.83787537464409
8917	2.85604917521884
8918	2.88522186442139
8919	2.93286868199461
8920	3.00256615379535
8921	3.09419406254086
8922	3.20535444479515
8923	3.33263073290762
8924	3.47399505894804
8925	3.62543142826604
8926	3.78463625885294
8927	3.95261524303046
8928	4.12934103653774
8929	4.31313093485698
8930	4.50188253195191
8931	4.69386318885964
8932	4.88847447842267
8933	5.08574038445789
8934	5.2822403817988
8935	5.47354909363126
8936	5.65466932978757
8937	5.81952307137721
8938	5.96714659093193
8939	6.10557444101506
8940	6.23890309709692
8941	6.35678206686648
8942	6.45154028906662
8943	6.51817939771676
8944	6.5481432743942
8945	6.53540341555406
8946	6.47556596888923
8947	6.36949937441793
8948	6.21878886731536
8949	6.0244520352802
8950	5.79066589416271
8951	5.52113036547098
8952	5.22094831388854
8953	4.8966334524599
8954	4.55479731655862
8955	4.19997774781474
8956	3.83584453291676
8957	3.46749248184054
8958	3.10083618867819
8959	2.74078133279301
8960	2.39101470814291
8961	2.05534640534329
8962	1.73612655551232
8963	1.43421322465531
8964	1.14965777418058
8965	0.883175102587247
8966	0.635867911577542
8967	0.40829084943235
8968	0.201801333283278
8969	0.0164628542114486
8970	-0.150975192410955
8971	-0.300603733068031
8972	-0.431179372226675
8973	-0.544250575191013
8974	-0.642302225704451
8975	-0.72678038821272
8976	-0.799842300761738
8977	-0.864689899407238
8978	-0.921895040765197
8979	-0.971701251238633
8980	-1.01220477154253
8981	-1.04061132581282
8982	-1.05092010507426
8983	-1.03330301549961
8984	-0.973398471477989
8985	-0.855796245677312
8986	-0.669032794143685
8987	-0.402083531152175
8988	-0.0493295711931188
8989	0.390965630367521
8990	0.919663521892519
8991	1.53372762946039
8992	2.22672909475264
8993	2.98688087210477
8994	3.80205620775213
8995	4.66263478849383
8996	5.5579894806413
8997	6.47706823595533
8998	7.40462229627419
8999	8.32539991254027
9000	9.22695077870979
9001	10.0969531918833
9002	10.9261997280097
9003	11.7078236185874
9004	12.4379710716411
9005	13.1165069640973
9006	13.7429196010331
9007	14.3193896053424
9008	14.8512821701198
9009	15.342160646911
9010	15.7958957498669
9011	16.2168303175404
9012	16.6085462677529
9013	16.9734799577113
9014	17.3149681863108
9015	17.6365735984397
9016	17.9384896838777
9017	18.2210137473054
9018	18.487320586064
9019	18.7391372067887
9020	18.9788200351663
9021	19.2093674049427
9022	19.431352811571
9023	19.6450546219641
9024	19.8511967032226
9025	20.0504340071818
9026	20.2405923086403
9027	20.4206548243413
9028	20.592886625433
9029	20.7574362204819
9030	20.9144052683859
9031	21.0650474452244
9032	21.2086001255283
9033	21.3434488399305
9034	21.4687393459569
9035	21.5835170870349
9036	21.685533119231
9037	21.7728455387457
9038	21.8392755494546
9039	21.8755334488036
9040	21.8731998639599
9041	21.8187734006897
9042	21.6979968133777
9043	21.5018207019701
9044	21.2247426235851
9045	20.8622429167287
9046	20.4111538796623
9047	19.8691393542262
9048	19.2375412665443
9049	18.523581001255
9050	17.7364013054726
9051	16.8945681019814
9052	16.0177280705799
9053	15.1233490346233
9054	14.2225847088627
9055	13.3284960926339
9056	12.4610259259758
9057	11.6321789924405
9058	10.8502722471817
9059	10.1165978544518
9060	9.42795098216464
9061	8.79294061470337
9062	8.22112035020682
9063	7.70818603048488
9064	7.24164037746153
9065	6.80964718070709
9066	6.40678903012384
9067	6.03363347282622
9068	5.69538120265489
9069	5.39786610365848
9070	5.14038417366875
9071	4.92111163807857
9072	4.74715364314476
9073	4.61945382995979
9074	4.52226477614178
9075	4.44293185311474
9076	4.37611230789736
9077	4.31646144995308
9078	4.26087579635697
9079	4.20854535186951
9080	4.16032456983825
9081	4.11734846172501
9082	4.08095796033026
9083	4.05214638301949
9084	4.0327076309309
9085	4.02423250120409
9086	4.02851646887994
9087	4.04778359969214
9088	4.08298102935904
9089	4.13401067293211
9090	4.20020221482314
9091	4.28022725182606
9092	4.37039096867448
9093	4.46625060643748
9094	4.56577995312582
9095	4.66937009094609
9096	4.7839710872807
9097	4.92361519638467
9098	5.09272792152786
9099	5.29255024860772
9100	5.52887322872115
9101	5.80647629653005
9102	6.1290703311376
9103	6.49858859261319
9104	6.91715154366197
9105	7.38289144245539
9106	7.88784578120398
9107	8.42272880090763
9108	8.98002246002268
9109	9.54952670864465
9110	10.1167082770366
9111	10.6634757294313
9112	11.1766624915886
9113	11.6386236460196
9114	12.0339794163691
9115	12.3704789838321
9116	12.651251542244
9117	12.88308333506
9118	13.0811490272647
9119	13.2540388580207
9120	13.41747015419
9121	13.5802810926331
9122	13.7376625322244
9123	13.8822376983616
9124	14.0082031938192
9125	14.1127430996715
9126	14.1984284765454
9127	14.2782501066524
9128	14.3598020672445
9129	14.4344165548087
9130	14.4920399504506
9131	14.528781724913
9132	14.5526594015916
9133	14.5763556635608
9134	14.6087984858818
9135	14.6485008190683
9136	14.6823036438688
9137	14.7028038255472
9138	14.7098875881753
9139	14.7042551074564
9140	14.6895404039164
9141	14.6689444522429
9142	14.6438374624962
9143	14.6147572924914
9144	14.5784498317085
9145	14.5318003551574
9146	14.4763487536206
9147	14.4154866003968
9148	14.3519613195024
9149	14.2886378156471
9150	14.2253816170355
9151	14.1588072213014
9152	14.0845926048629
9153	13.9944907023648
9154	13.8792890458859
9155	13.7361570733393
9156	13.570622575954
9157	13.3895531765691
9158	13.1952233336141
9159	12.9887547083984
9160	12.7714159692201
9161	12.5427595323845
9162	12.303924759051
9163	12.057866452588
9164	11.8053121416911
9165	11.5480252717641
9166	11.2886190726047
9167	11.0279936307505
9168	10.7681394594982
9169	10.5112370210636
9170	10.2575788415169
9171	10.0078396575873
9172	9.76296901408108
9173	9.52572595435533
9174	9.29839949545519
9175	9.08080672694041
9176	8.87350132639268
9177	8.67611762486168
9178	8.48829248784663
9179	8.3111219120449
9180	8.14515595740775
9181	7.99111430201176
9182	7.84968479014168
9183	7.72116106215564
9184	7.60841472283962
9185	7.51557006510546
9186	7.44496053655516
9187	7.39620070776676
9188	7.36044916576089
9189	7.32260251499393
9190	7.26862846630252
9191	7.18921426287063
9192	7.08030398017849
9193	6.93959199443663
9194	6.76685295545195
9195	6.56296854156078
9196	6.33142171402073
9197	6.07718102773779
9198	5.80435061649723
9199	5.51707709954256
9200	5.21986097782153
9201	4.91775061352003
9202	4.61378359407789
9203	4.31097439506954
9204	4.01277242876349
9205	3.72124181798301
9206	3.43931997443524
9207	3.16895649586821
9208	2.90886103979519
9209	2.6607984078693
9210	2.42777137158195
9211	2.20797989271591
9212	1.99798702007477
9213	1.79843479770699
9214	1.61104752482165
9215	1.4355186292487
9216	1.27103468205189
9217	1.11775558757811
9218	0.975990114232898
9219	0.844256315920399
9220	0.721023669833898
9221	0.604823617749709
9222	0.494995528311525
9223	0.390989298890195
9224	0.292202781522522
9225	0.198780587834756
9226	0.112910179138233
9227	0.0350236918331254
9228	-0.0369872244006154
9229	-0.104428599472615
9230	-0.168373376187084
9231	-0.227865477190689
9232	-0.282359643265724
9233	-0.331675543419429
9234	-0.376194627835393
9235	-0.416441236673898
9236	-0.450089949504099
9237	-0.471895294244969
9238	-0.474996344492445
9239	-0.446318549452352
9240	-0.373055645163851
9241	-0.251575575701517
9242	-0.0822473917879815
9243	0.135732964792945
9244	0.405463761935784
9245	0.7276680591842
9246	1.10566034984629
9247	1.53704280057006
9248	2.01758289594318
9249	2.54056907704382
9250	3.08451078187733
9251	3.63911599072967
9252	4.20700278895036
9253	4.78333351394416
9254	5.35320023093902
9255	5.89649044637912
9256	6.4149813286585
9257	6.91417989071552
9258	7.38189733670092
9259	7.80531152215435
9260	8.18405271871196
9261	8.52477743336649
9262	8.82084340646587
9263	9.06700577046133
9264	9.26551894018916
9265	9.43245874721153
9266	9.58092524179868
9267	9.71424440860862
9268	9.83536847464898
9269	9.94357691662884
9270	10.0387282395632
9271	10.1235997341302
9272	10.2006309414221
9273	10.2663683655666
9274	10.3177118802001
9275	10.353491224812
9276	10.3826766588851
9277	10.4139987783347
9278	10.4419532130108
9279	10.4589334777373
9280	10.4630176171172
9281	10.4560273692467
9282	10.4405502847981
9283	10.4172884536681
9284	10.3841244012164
9285	10.3435707158506
9286	10.2913577500834
9287	10.2105412971856
9288	10.0873657055391
9289	9.91266569696487
9290	9.67933353350343
9291	9.38176190612931
9292	9.01493680845064
9293	8.57795388991877
9294	8.07633940503073
9295	7.51671638841035
9296	6.9057963941606
9297	6.25305007085922
9298	5.56823174710779
9299	4.86267439256652
9300	4.14883743426905
9301	3.43737566683355
9302	2.74309731963956
9303	2.08390295894248
9304	1.47807219251717
9305	0.943860794623337
9306	0.4845778874978
9307	0.0852970899436674
9308	-0.27033418572673
9309	-0.591937641063952
9310	-0.885230391570722
9311	-1.15611698334687
9312	-1.41268441066374
9313	-1.65918387956841
9314	-1.89583522187903
9315	-2.12307506386673
9316	-2.34252046767139
9317	-2.55596731271291
9318	-2.76343688824482
9319	-2.96494907588516
9320	-3.15940268258742
9321	-3.34473785234196
9322	-3.51908822903033
9323	-3.68007449291956
9324	-3.82585819561152
9325	-3.95083456778641
9326	-4.0460508145031
9327	-4.10071800890325
9328	-4.10251392147326
9329	-4.03838407111685
9330	-3.89689347227114
9331	-3.67114623747184
9332	-3.35625762655884
9333	-2.94816720021322
9334	-2.44277396685552
9335	-1.83610649191897
9336	-1.1302755356005
9337	-0.333947512271697
9338	0.541213138238473
9339	1.47835092103028
9340	2.45736297726944
9341	3.45926990876032
9342	4.4670226718579
9343	5.46408581283943
9344	6.43541499355534
9345	7.36668121684493
9346	8.24583968801671
9347	9.06631039033839
9348	9.82445408163408
9349	10.522393011701
9350	11.1723205461926
9351	11.7811273670206
9352	12.3518851540748
9353	12.8818324594757
9354	13.3592176497513
9355	13.7805516437595
9356	14.1588517254643
9357	14.5076416789994
9358	14.8370708696135
9359	15.1584952053896
9360	15.4803294936506
9361	15.8034589524315
9362	16.1219587238774
9363	16.4302271355954
9364	16.7246601083035
9365	17.0021465959982
9366	17.263177361858
9367	17.5067210058001
9368	17.7280662847444
9369	17.9269975261874
9370	18.1020642470677
9371	18.2463294541786
9372	18.3593496444549
9373	18.4439888843628
9374	18.5049334751313
9375	18.5464527580185
9376	18.5714121135799
9377	18.5860551237851
9378	18.5933837053355
9379	18.5903672224433
9380	18.5763715200408
9381	18.5518190389376
9382	18.519946934327
9383	18.4830094920102
9384	18.4394283254927
9385	18.3880166772986
9386	18.3275793913807
9387	18.2617943183326
9388	18.2010250392344
9389	18.1538516533556
9390	18.1252139006986
9391	18.1207815270076
9392	18.1390188412476
9393	18.1737273830802
9394	18.2204933757262
9395	18.273341853176
9396	18.3216261603127
9397	18.3491801147141
9398	18.3406255799909
9399	18.2890106731327
9400	18.1946724126064
9401	18.0624805092234
9402	17.8936601813634
9403	17.6910307559363
9404	17.458200626751
9405	17.1959655318489
9406	16.9023562928424
9407	16.5762132611293
9408	16.2199165979837
9409	15.8335354543718
9410	15.4168259297804
9411	14.9712319285981
9412	14.5012222051221
9413	14.0116480026945
9414	13.5094120471666
9415	13.0005227862715
9416	12.4901713551052
9417	11.9847503962723
9418	11.4889004577697
9419	11.0075045012949
9420	10.5450733726437
9421	10.1037254800333
9422	9.68520109817155
9423	9.29188497466079
9424	8.92624365042464
9425	8.58758459572622
9426	8.27348845451278
9427	7.98008941911633
9428	7.7043859665042
9429	7.44711091944118
9430	7.20843304706666
9431	6.98898052836968
9432	6.78872626275632
9433	6.60659875678828
9434	6.44048791529377
9435	6.28837247111281
9436	6.14930731519648
9437	6.02419044533609
9438	5.91448106407208
9439	5.82262153421128
9440	5.75128285832702
9441	5.70693274272942
9442	5.69362608268225
9443	5.70475265180357
9444	5.73350255364275
9445	5.77621150663758
9446	5.82994203078957
9447	5.89134462142774
9448	5.95642296391811
9449	6.02404222697681
9450	6.09345025646577
9451	6.16341572841736
9452	6.23420307900507
9453	6.30644906224575
9454	6.38082244818706
9455	6.45711937055318
9456	6.53424952117194
9457	6.61302840029154
9458	6.69503614630947
9459	6.77980143114579
9460	6.86653382474836
9461	6.95358415522493
9462	7.04130916870519
9463	7.13095874421448
9464	7.22135577381618
9465	7.31083052457082
9466	7.39879940226876
9467	7.48572113925336
9468	7.57124302007217
9469	7.65540152088532
9470	7.73861483905131
9471	7.82135612903571
9472	7.90441891485429
9473	7.98722107515604
9474	8.06788533620407
9475	8.14650043556726
9476	8.22460727020444
9477	8.30024844956858
9478	8.37266364185994
9479	8.44530689307156
9480	8.51981858693848
9481	8.59472367426934
9482	8.66878493348988
9483	8.74337466523935
9484	8.81921368495747
9485	8.89558986475159
9486	8.97004794054039
9487	9.04038876996727
9488	9.10738837636429
9489	9.17268152474733
9490	9.23589130471649
9491	9.29638421523172
9492	9.35501898168972
9493	9.4123220512895
9494	9.46893324651821
9495	9.52498334876181
9496	9.58040406445431
9497	9.63507058542138
9498	9.68768750648172
9499	9.73535257384734
9500	9.778165787802
9501	9.81764817622135
9502	9.85364874437683
9503	9.8833144014175
9504	9.90220634677401
9505	9.90638556024155
9506	9.89675366267932
9507	9.87773983535276
9508	9.85143657380602
9509	9.81598559593428
9510	9.76985967812911
9511	9.71574829132482
9512	9.65719468416348
9513	9.59715458841796
9514	9.53517921301655
9515	9.4699405516865
9516	9.40289542789105
9517	9.3364163462401
9518	9.27182411421916
9519	9.2092930853521
9520	9.14969737539254
9521	9.09347285954374
9522	9.04054790991026
9523	8.99017970438773
9524	8.94096109797702
9525	8.8937658025343
9526	8.84893464379058
9527	8.8066420977015
9528	8.76691980353388
9529	8.72983855866868
9530	8.69731945582375
9531	8.66861671388231
9532	8.64233975465399
9533	8.61843088400996
9534	8.59674886181448
9535	8.57750373372216
9536	8.56125539072428
9537	8.54805709310831
9538	8.53714596193006
9539	8.52813431291083
9540	8.52124319065679
9541	8.51696491196718
9542	8.51574877000821
9543	8.51618186509593
9544	8.51660572708837
9545	8.51818019128815
9546	8.52106652372608
9547	8.52413557816026
9548	8.5277863389252
9549	8.53196869910607
9550	8.53645644597833
9551	8.54173685574077
9552	8.54821259406591
9553	8.55522397518211
9554	8.56321620769586
9555	8.57362997063853
9556	8.58535356106537
9557	8.59838342020211
9558	8.6138354626744
9559	8.6309162257803
9560	8.64856768093071
9561	8.6682604287423
9562	8.69047106653173
9563	8.71367874973491
9564	8.74086786963348
9565	8.77714965387518
9566	8.8270937290262
9567	8.89217785210313
9568	8.97123050058281
9569	9.06757128252619
9570	9.19147573892481
9571	9.35426199843604
9572	9.56373874504864
9573	9.82261697495689
9574	10.1293294203235
9575	10.4820985952278
9576	10.8787906136557
9577	11.3126888561102
9578	11.7761438173477
9579	12.2617239125676
9580	12.7610870087963
9581	13.2673187267607
9582	13.7753947715462
9583	14.2800197912687
9584	14.775730362535
9585	15.2585323343037
9586	15.7248930750885
9587	16.1705781325241
9588	16.5933254455014
9589	16.9909173216256
9590	17.3623927985184
9591	17.7113047721695
9592	18.0396555536167
9593	18.3456164425409
9594	18.6269464821435
9595	18.8858982481324
9596	19.1272791975445
9597	19.3531877816627
9598	19.5642052933113
9599	19.7609326757046
9600	19.9433169079661
9601	20.1123390773232
9602	20.269860937758
9603	20.4169222670787
9604	20.5552283111193
9605	20.686184913246
9606	20.8090144906411
9607	20.9231270873759
9608	21.0295041392257
9609	21.1294612461257
9610	21.2235912419729
9611	21.3104635434199
9612	21.3891549748182
9613	21.4587812516665
9614	21.5183050285205
9615	21.5636361015989
9616	21.5870034502414
9617	21.5794536664976
9618	21.5313032269264
9619	21.4317807572347
9620	21.2742991996209
9621	21.0543570293251
9622	20.7680585832536
9623	20.4155383523145
9624	19.9966851228804
9625	19.5101804305114
9626	18.9555080211076
9627	18.3394200109994
9628	17.6699444869394
9629	16.9542990360223
9630	16.2039845567963
9631	15.4292811344348
9632	14.6426372089222
9633	13.8572043917465
9634	13.0839390908481
9635	12.3324766298473
9636	11.6105331391873
9637	10.9246334948534
9638	10.278646488087
9639	9.67365903767787
9640	9.11106110662899
9641	8.59000932946993
9642	8.10815722008052
9643	7.66406522793188
9644	7.25328556081063
9645	6.86936698732522
9646	6.50899868312548
9647	6.1714379897744
9648	5.85578679011581
9649	5.55978406059323
9650	5.27999281689392
9651	5.01322280047818
9652	4.75830003073258
9653	4.51367425425037
9654	4.27697770962687
9655	4.04688636262149
9656	3.82314826719424
9657	3.60470518491306
9658	3.3909782474424
9659	3.18429090305017
9660	2.98730230152657
9661	2.80242116823153
9662	2.63438391678214
9663	2.49063173374681
9664	2.38522293622883
9665	2.33071776960978
9666	2.3229187851816
9667	2.35650950991028
9668	2.42709848620878
9669	2.52666764887602
9670	2.64886491885158
9671	2.78731272514123
9672	2.93872975715239
9673	3.09982134017985
9674	3.27101927105941
9675	3.45382547546543
9676	3.64741153625352
9677	3.85027336794702
9678	4.05625282518549
9679	4.26129676389351
9680	4.46659075232822
9681	4.67630539108079
9682	4.89241815345859
9683	5.11358909577018
9684	5.33613025505928
9685	5.55819109427102
9686	5.78235339188986
9687	6.00893547958558
9688	6.23629321816954
9689	6.46129210779934
9690	6.6822325611268
9691	6.9009065821259
9692	7.11952949222468
9693	7.33545361007216
9694	7.54418173293755
9695	7.74713802700583
9696	7.94775945525519
9697	8.14749754278898
9698	8.34313876151325
9699	8.53015791198466
9700	8.70953241719374
9701	8.88226326929529
9702	9.04650015208803
9703	9.19317228176577
9704	9.31450902822977
9705	9.41732671491668
9706	9.51383488637353
9707	9.6083762668464
9708	9.70567553876065
9709	9.81169108653081
9710	9.9235540937196
9711	10.0389450342519
9712	10.1546542565335
9713	10.2693514743721
9714	10.3817127341753
9715	10.4901335022869
9716	10.5942508007951
9717	10.6885286839822
9718	10.7669485604157
9719	10.8267345052564
9720	10.8713013083927
9721	10.9068911068869
9722	10.9356037806343
9723	10.9585915697097
9724	10.9793145901893
9725	10.9962681771763
9726	11.0080224649889
9727	11.0138132212091
9728	11.0129608520562
9729	11.0046589244759
9730	10.9870493580697
9731	10.9660908808362
9732	10.950453833089
9733	10.945630858671
9734	10.9570961655927
9735	10.9876870056104
9736	11.0376900790187
9737	11.1065078330019
9738	11.1942314886509
9739	11.299987622308
9740	11.4216067996657
9741	11.5575661384065
9742	11.7035255242762
9743	11.8554099084613
9744	12.0104486480752
9745	12.1653835175793
9746	12.3186520329682
9747	12.4707914091159
9748	12.6222056328325
9749	12.7707039120203
9750	12.9139119133473
9751	13.0522295317136
9752	13.1856812618727
9753	13.3139102276521
9754	13.4355179116072
9755	13.5488512209772
9756	13.6544977876399
9757	13.7542388594502
9758	13.8493675187164
9759	13.9431978711192
9760	14.0400025477359
9761	14.1415470801886
9762	14.2432811462557
9763	14.3330172596809
9764	14.3979173235027
9765	14.4304288802653
9766	14.4232580792626
9767	14.3691922511741
9768	14.2648195005368
9769	14.1090331520493
9770	13.901340254438
9771	13.6405429576747
9772	13.3272743387189
9773	12.9633323645774
9774	12.5504551033137
9775	12.0937326248157
9776	11.5982886240988
9777	11.0708790158778
9778	10.5183461477442
9779	9.94455722467615
9780	9.357242372011
9781	8.76321345397723
9782	8.16931959864602
9783	7.58421101614312
9784	7.01578356061705
9785	6.46968539360761
9786	5.94717656584911
9787	5.45227103155037
9788	4.98918668262433
9789	4.55755219342173
9790	4.15635024253302
9791	3.78502757880507
9792	3.44282556853867
9793	3.12888355173718
9794	2.84235149732866
9795	2.58219426026877
9796	2.34796366456619
9797	2.13754412548592
9798	1.94816928030834
9799	1.77767552604539
9800	1.6238949886332
9801	1.48527666966031
9802	1.35823600174735
9803	1.2405034343225
9804	1.13123805675824
9805	1.02779263745272
9806	0.928055354307521
9807	0.831439612440092
9808	0.738382811091173
9809	0.648479739008414
9810	0.56204214464703
9811	0.484518930467664
9812	0.424591074082113
9813	0.394901193736809
9814	0.403425433622032
9815	0.448111184735307
9816	0.524616037289038
9817	0.624735555660792
9818	0.739238815450385
9819	0.862310500858116
9820	0.991968375380344
9821	1.12941172902521
9822	1.27600578127386
9823	1.43161419297494
9824	1.59853829037516
9825	1.77993728962873
9826	1.97759660601615
9827	2.19470278945532
9828	2.43554978006284
9829	2.69710722678331
9830	2.98027061852411
9831	3.2931733240017
9832	3.63326849621033
9833	4.00606258046608
9834	4.41829243067201
9835	4.86536411943409
9836	5.34788724015749
9837	5.86682266502943
9838	6.42215312804431
9839	7.01544279265855
9840	7.64569057663292
9841	8.30784440432181
9842	8.99397632346266
9843	9.69415105674217
9844	10.3981176858526
9845	11.0959911008854
9846	11.7797344264159
9847	12.4421667006715
9848	13.076789432369
9849	13.680492455414
9850	14.252062113541
9851	14.7831674568646
9852	15.2683892489589
9853	15.6939314851498
9854	16.0403801300889
9855	16.2981505144432
9856	16.4707090334689
9857	16.5655920629322
9858	16.6052127176354
9859	16.6176204245344
9860	16.6337953792127
9861	16.673257993516
9862	16.7166641290403
9863	16.7392516841962
9864	16.7381662091577
9865	16.7314161744852
9866	16.7446234289569
9867	16.790922565461
9868	16.8591925596227
9869	16.9218349965889
9870	16.96310445369
9871	16.992411100853
9872	17.0301509478921
9873	17.0870398755453
9874	17.1480516711928
9875	17.1924050058766
9876	17.2211014524069
9877	17.2511264319137
9878	17.2982035768269
9879	17.3541540039286
9880	17.3957243923328
9881	17.4172894913419
9882	17.4279766953381
9883	17.4434646279553
9884	17.4781369536462
9885	17.5221032807334
9886	17.5502665305594
9887	17.5530063155654
9888	17.5434367731969
9889	17.5403232273412
9890	17.5473507448776
9891	17.5446523134397
9892	17.5131995396716
9893	17.4539434552913
9894	17.3810330302696
9895	17.3100032333089
9896	17.2417541663134
9897	17.1640481039647
9898	17.0647850455383
9899	16.9467329819652
9900	16.8216800649533
9901	16.7014374794816
9902	16.5856634042282
9903	16.4637199571988
9904	16.3333316730619
9905	16.2033892247349
9906	16.0832127902185
9907	15.9812605754224
9908	15.908721157727
9909	15.8658760951548
9910	15.8385784942883
9911	15.8127438255205
9912	15.7886586416105
9913	15.7759553287357
9914	15.7800191127684
9915	15.7951239176767
9916	15.8078696286626
9917	15.8115652727028
9918	15.8133797864523
9919	15.8273190188458
9920	15.8532027102707
9921	15.870642452211
9922	15.8636714283909
9923	15.836695071128
9924	15.804398891324
9925	15.7804375613386
9926	15.7784237029681
9927	15.8088261544079
9928	15.8658328801486
9929	15.9295540857882
9930	15.985193141492
9931	16.0291821085004
9932	16.0640974830645
9933	16.0953581930129
9934	16.1256580359611
9935	16.1491762018151
9936	16.1573690169374
9937	16.1498810696155
9938	16.1331574979223
9939	16.1071925476616
9940	16.0664093148886
9941	16.0103435645064
9942	15.9412497554187
9943	15.8592060804364
9944	15.7592203506641
9945	15.6396429955172
9946	15.5080141527964
9947	15.3703877986618
9948	15.2306282333267
9949	15.0903511503421
9950	14.952295294489
9951	14.8230848811854
9952	14.7061387299622
9953	14.6031224304742
9954	14.5156452453801
9955	14.4444238535164
9956	14.3888717632032
9957	14.34679837072
9958	14.3168394364969
9959	14.2974577717264
9960	14.283731849742
9961	14.2715399217476
9962	14.2591339519679
9963	14.2366739844679
9964	14.1867738329609
9965	14.091461862659
9966	13.9342300701007
9967	13.7037753296455
9968	13.3972416437849
9969	13.015844355781
9970	12.5610286476776
9971	12.0419813936358
9972	11.4692752373513
9973	10.8506133703631
9974	10.1980973641076
9975	9.52310395671457
9976	8.8355561937118
9977	8.14667097035388
9978	7.46644159476018
9979	6.80571996122777
9980	6.17871162535781
9981	5.59769058376007
9982	5.06941251736744
9983	4.5977745400714
9984	4.18887807541961
9985	3.84465413260502
9986	3.5616945409144
9987	3.32711899419124
9988	3.12211737392267
9989	2.93101144418412
9990	2.73971073002989
9991	2.53855971758053
9992	2.32157259729511
9993	2.08518835894748
9994	1.82976122111982
9995	1.55807146553794
9996	1.27194809205389
9997	0.975215066883117
9998	0.672551582245864
9999	0.36590251273621
10000	0.0584900419351658
10001	-0.24506476394451
10002	-0.541844074640203
10003	-0.828870903990518
10004	-1.10270715292409
10005	-1.35546191287281
10006	-1.56783214634268
10007	-1.72553181765519
10008	-1.82759197204923
10009	-1.88653508727638
10010	-1.92188671987965
10011	-1.95124389174381
10012	-1.99077278001329
10013	-2.05193581579904
10014	-2.13922784047762
10015	-2.25188396909516
10016	-2.38738254382241
10017	-2.54169658119702
10018	-2.71076917418034
10019	-2.88965777960321
10020	-3.07599332590728
10021	-3.26680400617719
10022	-3.46027524709063
10023	-3.65377445939576
10024	-3.84062097617204
10025	-4.01510998721302
10026	-4.16903739947569
10027	-4.29346306613136
10028	-4.38249530585001
10029	-4.4343878157713
10030	-4.44964429404781
10031	-4.42815673208151
10032	-4.37210967788552
10033	-4.28410740229595
10034	-4.16805630749455
10035	-4.0237752372737
10036	-3.84841793454908
10037	-3.64800343920501
10038	-3.41730973553106
10039	-3.15494533554799
10040	-2.87300609032248
10041	-2.57596863484258
10042	-2.27108597496389
10043	-1.97254634935171
10044	-1.68562380967343
10045	-1.41247475911807
10046	-1.15883798246767
10047	-0.925324327255322
10048	-0.712103909396315
10049	-0.517205778196244
10050	-0.333872485763781
10051	-0.151632333601907
10052	0.0428297005066582
10053	0.265252254658381
10054	0.523137865554307
10055	0.80120426537286
10056	1.07433598005481
10057	1.32370422043809
10058	1.53143089088442
10059	1.68090175937196
10060	1.76731523897914
10061	1.79677965375455
10062	1.77104230481488
10063	1.6852139485784
10064	1.53786234659952
10065	1.34338346468014
10066	1.11763845353659
10067	0.86605751602423
10068	0.601232611013698
10069	0.347559794581636
10070	0.123788599524673
10071	-0.0610057071327085
10072	-0.201107910922745
10073	-0.294690462889447
10074	-0.343556924330056
10075	-0.344840402670179
10076	-0.292190183590408
10077	-0.181722084400181
10078	-0.0163597170544891
10079	0.198024188841339
10080	0.458903326040557
10081	0.767165609758015
10082	1.12512234826488
10083	1.53111148875096
10084	1.97870727195554
10085	2.46108807775072
10086	2.97116425356876
10087	3.49920290040867
10088	4.038131679506
10089	4.58219009145892
10090	5.12500751762912
10091	5.66095265953072
10092	6.19016055577127
10093	6.7089755540731
10094	7.21000515645531
10095	7.69659578270342
10096	8.16630657603415
10097	8.62075953053396
10098	9.07424985712377
10099	9.53663436080884
10100	10.013004286575
10101	10.5052636059624
10102	11.0116144053237
10103	11.5278201036985
10104	12.0497534863124
10105	12.5736161711833
10106	13.0934517773102
10107	13.5994934448966
10108	14.0848685247255
10109	14.5412280163598
10110	14.9588913296792
10111	15.3343417080061
10112	15.6643262315983
10113	15.9433163090252
10114	16.1763033191639
10115	16.3583943742676
10116	16.4908084866183
10117	16.59805198913
10118	16.694101537954
10119	16.7762944071739
10120	16.8359331282016
10121	16.8723199566087
10122	16.8879986909634
10123	16.8793758458565
10124	16.8429933530213
10125	16.7781396700919
10126	16.6835072870571
10127	16.5581260754342
10128	16.4037989001577
10129	16.2235203354108
10130	16.0203928794238
10131	15.7962084224902
10132	15.5531625869084
10133	15.2912986837332
10134	15.0069057243044
10135	14.6983807423445
10136	14.366786936368
10137	14.0164198853533
10138	13.6519446601339
10139	13.2751842489201
10140	12.8872099912167
10141	12.489303176881
10142	12.0809159342704
10143	11.6629828104151
10144	11.2380774190481
10145	10.809248714761
10146	10.3816263519896
10147	9.9613902294431
10148	9.55711655475704
10149	9.17842717586951
10150	8.82730282755253
10151	8.51188508894509
10152	8.23136803294911
10153	7.97885188144978
10154	7.75548988150227
10155	7.55809729582601
10156	7.38550951425295
10157	7.23567948507745
10158	7.1107316044274
10159	7.01045531684475
10160	6.93322309289124
10161	6.88277872064828
10162	6.8574865128309
10163	6.84974884529112
10164	6.85459422436599
10165	6.86876659545904
10166	6.89406195084629
10167	6.93342000358146
10168	6.98322458237915
10169	7.04143102767732
10170	7.10605692406857
10171	7.17602589163562
10172	7.25690593736824
10173	7.35129468787758
10174	7.45043239024009
10175	7.5503878400275
10176	7.65036799833461
10177	7.75034814372171
10178	7.85663114076812
10179	7.97344990523826
10180	8.0992550706989
10181	8.22878889449068
10182	8.35879848964291
10183	8.48792047407505
10184	8.62476380349274
10185	8.77886094346817
10186	8.94396916793431
10187	9.11038589664826
10188	9.27433033395146
10189	9.44175342883123
10190	9.61940153066739
10191	9.8108721074531
10192	10.0194399848057
10193	10.2440176147687
10194	10.4767793556165
10195	10.708442514979
10196	10.9380863119643
10197	11.1675073263595
10198	11.3973293089431
10199	11.6275232157008
10200	11.8593716051631
10201	12.092385536355
10202	12.3233456776519
10203	12.5482203788313
10204	12.7627442013768
10205	12.9604350285474
10206	13.1378520118812
10207	13.3047932794113
10208	13.4664139991419
10209	13.6103479840417
10210	13.7273369612046
10211	13.8191358404843
10212	13.8910088872246
10213	13.9497483466701
10214	14.0011940305545
10215	14.0494786000109
10216	14.0975018080392
10217	14.1469492042016
10218	14.1981453763633
10219	14.2511740837439
10220	14.3060288688805
10221	14.3616973918215
10222	14.4179620615936
10223	14.4745198462171
10224	14.5310640829145
10225	14.5883452102469
10226	14.6458720577046
10227	14.7039562934647
10228	14.7644583737207
10229	14.8273562345875
10230	14.894866142476
10231	14.9661697447194
10232	15.0317754937414
10233	15.089253137424
10234	15.1483137691867
10235	15.2213157506176
10236	15.3193421585834
10237	15.4487177591855
10238	15.6108301365634
10239	15.8048943434817
10240	16.0290959604632
10241	16.2801336384902
10242	16.552944525984
10243	16.8424658038095
10244	17.1436648494604
10245	17.4518705908252
10246	17.764794658202
10247	18.079375166925
10248	18.3906796675436
10249	18.6952645423672
10250	18.9913751126508
10251	19.2776945663826
10252	19.5533291415423
10253	19.8183254959173
10254	20.0705660855096
10255	20.3069548618977
10256	20.5233884866939
10257	20.7180905880488
10258	20.8869153206686
10259	21.023611950066
10260	21.1229093589854
10261	21.1809013330208
10262	21.191255892059
10263	21.1458783332111
10264	21.0579519916062
10265	20.9382462179596
10266	20.7892685102427
10267	20.6081663702368
10268	20.3903856113502
10269	20.1439542232616
10270	19.8783789141934
10271	19.5946003968524
10272	19.2903614035372
10273	18.9695918570269
10274	18.6367635941569
10275	18.292873791208
10276	17.9373022252731
10277	17.5717992088489
10278	17.1987992328724
10279	16.8188764069812
10280	16.4338028695819
10281	16.0460326188301
10282	15.6571975293055
10283	15.2698941663865
10284	14.8873490295941
10285	14.5128642906994
10286	14.1488652727432
10287	13.7966494937277
10288	13.45700949343
10289	13.1311372637544
10290	12.8212478909717
10291	12.5293227347236
10292	12.2553043399538
10293	11.9985943178836
10294	11.7611324811979
10295	11.5457534720702
10296	11.3549751687435
10297	11.1881619334122
10298	11.0443125884264
10299	10.9150716136612
10300	10.7844256354952
10301	10.6382065361092
10302	10.4641638530135
10303	10.2535279860347
10304	10.000885278394
10305	9.70508820974983
10306	9.36663189191431
10307	8.98967618855939
10308	8.58704516242125
10309	8.17368371501177
10310	7.7565093619377
10311	7.34751065319372
10312	6.96359770686114
10313	6.60343664134199
10314	6.25575423627199
10315	5.91407256132615
10316	5.57427362092638
10317	5.23617943451344
10318	4.90073085962891
10319	4.56713679566241
10320	4.23476302456858
10321	3.90290208485237
10322	3.57388530148464
10323	3.25108185736925
10324	2.9352344845139
10325	2.62635750004276
10326	2.32423892565036
10327	2.02992301303852
10328	1.74405942029195
10329	1.46608480115948
10330	1.19709525088118
10331	0.938295739807448
10332	0.690280014384451
10333	0.452458313407151
10334	0.223181189321187
10335	0.00168049315100101
10336	-0.212950549440135
10337	-0.421030491954256
10338	-0.621767471626221
10339	-0.814633988177481
10340	-0.997657122442599
10341	-1.16315572123335
10342	-1.3008025882595
10343	-1.39518617024977
10344	-1.43119862696289
10345	-1.41385261427523
10346	-1.3621666928089
10347	-1.29354714781684
10348	-1.22192408314478
10349	-1.15566582983195
10350	-1.09626679149091
10351	-1.04720996035559
10352	-1.01298842949671
10353	-0.99371223762778
10354	-0.98596205300615
10355	-0.987268696235171
10356	-0.995199551891043
10357	-1.00858923927743
10358	-1.02513061941087
10359	-1.04193556381725
10360	-1.05962539444879
10361	-1.07558812459745
10362	-1.08771694121452
10363	-1.09527547044203
10364	-1.09740106990955
10365	-1.09464633134938
10366	-1.08601612842594
10367	-1.07065168469065
10368	-1.04840539490841
10369	-1.01866571164014
10370	-0.982627662904587
10371	-0.94206151706121
10372	-0.896131842396598
10373	-0.842924753755655
10374	-0.781457677433892
10375	-0.711636120314571
10376	-0.633018907633135
10377	-0.545357480366625
10378	-0.449262575306362
10379	-0.345001556861346
10380	-0.234167064237275
10381	-0.117539804329653
10382	0.00875343653487746
10383	0.14775512501222
10384	0.303738171664352
10385	0.483436720522641
10386	0.704715705590201
10387	0.98650685277725
10388	1.33155178399165
10389	1.73949596261892
10390	2.20926814513876
10391	2.73252267450277
10392	3.29882225041235
10393	3.9072586224962
10394	4.55248088853032
10395	5.22316093452286
10396	5.91135985953925
10397	6.60466413453139
10398	7.29156975429066
10399	7.97271576640556
10400	8.63594925894415
10401	9.27301836147171
10402	9.88840837986909
10403	10.4762675434406
10404	11.0284432557503
10405	11.5500528662989
10406	12.0458189700773
10407	12.5126722437226
10408	12.9483755032881
10409	13.355998817971
10410	13.7413344175168
10411	14.1102666350115
10412	14.4667128810025
10413	14.8113589881413
10414	15.1484174716594
10415	15.4803411031651
10416	15.8062480315208
10417	16.1217610280775
10418	16.4252956527969
10419	16.7172608089136
10420	16.9944474840596
10421	17.2577934680887
10422	17.5097977385337
10423	17.7474803705607
10424	17.9664785080343
10425	18.1678426540149
10426	18.3554216670433
10427	18.5301929798107
10428	18.6883097925245
10429	18.8292551915857
10430	18.9543489581935
10431	19.0582330470705
10432	19.1413054909437
10433	19.2067558046323
10434	19.2559794872447
10435	19.2898271885918
10436	19.3046731175524
10437	19.3029440071804
10438	19.2892595422996
10439	19.2655192171474
10440	19.2372030937924
10441	19.2129584133745
10442	19.1980067614032
10443	19.1880213435798
10444	19.1779442568016
10445	19.1606053033997
10446	19.1284396305164
10447	19.0790987638172
10448	19.0145285186184
10449	18.9367783375621
10450	18.8471141286023
10451	18.7477012570566
10452	18.6383176620942
10453	18.5188849083491
10454	18.3901358527747
10455	18.252090039026
10456	18.1060510018424
10457	17.9508334314296
10458	17.775680175436
10459	17.5676328626374
10460	17.3194959438011
10461	17.0233100088751
10462	16.6701844195613
10463	16.2550831974887
10464	15.7775656907379
10465	15.2416850146649
10466	14.6538989570404
10467	14.0210072938672
10468	13.3502586652829
10469	12.6501822495445
10470	11.9319796503099
10471	11.2059753833599
10472	10.4813904363967
10473	9.76861179395107
10474	9.07686842279331
10475	8.41323379211919
10476	7.78424883978411
10477	7.19933421768188
10478	6.67187527601825
10479	6.2128287994052
10480	5.82354739866862
10481	5.49947604045682
10482	5.22501416114976
10483	4.97428252626284
10484	4.72391604823536
10485	4.45938071041991
10486	4.17242029764845
10487	3.86117298343903
10488	3.52889227330034
10489	3.1775825086924
10490	2.81201114717644
10491	2.43780779712918
10492	2.0587741476568
10493	1.68029915332578
10494	1.30797890606822
10495	0.946219244142795
10496	0.597166940003269
10497	0.261645173625878
10498	-0.0593569986720281
10499	-0.364563907517425
10500	-0.653361074010766
10501	-0.926921193692873
10502	-1.18656612805241
10503	-1.4342577273293
10504	-1.67034921281661
10505	-1.89588180385974
10506	-2.11386167311571
10507	-2.32472483386163
10508	-2.52613098562199
10509	-2.71344889949307
10510	-2.88041932158853
10511	-3.02006427228586
10512	-3.12506015785152
10513	-3.19074652441962
10514	-3.21357972175803
10515	-3.1857047331361
10516	-3.0961721493255
10517	-2.93837744437466
10518	-2.70601778128386
10519	-2.39177865930553
10520	-1.99006271933406
10521	-1.50018881383852
10522	-0.923998522358576
10523	-0.262776714603173
10524	0.476513773790988
10525	1.28291346985129
10526	2.14846034325566
10527	3.05821784442523
10528	3.99158660952297
10529	4.93899708963069
10530	5.88884798426852
10531	6.82406390720821
10532	7.73931169571456
10533	8.6248845802062
10534	9.46364786660665
10535	10.2554050012786
10536	10.9997346849591
10537	11.6836692562816
10538	12.2941057627954
10539	12.8272534740641
10540	13.2799737895932
10541	13.6428364618631
10542	13.9262575305427
10543	14.154937041788
10544	14.3439380154165
10545	14.5045627374278
10546	14.6458844955002
10547	14.7750699366134
10548	14.8995972007542
10549	15.0263934901709
10550	15.1579353466811
10551	15.2968341335597
10552	15.4434714217665
10553	15.5902859673691
10554	15.7331432364983
10555	15.8756678879076
10556	16.0186924297043
10557	16.1552036544336
10558	16.270683819947
10559	16.3592226662195
10560	16.4222973677293
10561	16.4607931000418
10562	16.4870647677986
10563	16.5102738243306
10564	16.5323573730059
10565	16.5533028554241
10566	16.5678952621964
10567	16.5759640316491
10568	16.5800170511453
10569	16.5801414691352
10570	16.5796392953207
10571	16.5857917282306
10572	16.6058131209637
10573	16.644637778013
10574	16.7047444085541
10575	16.7858985951742
10576	16.888183387735
10577	17.0122373555873
10578	17.1553388945259
10579	17.3141975531784
10580	17.4861148184775
10581	17.6665835700624
10582	17.8527000873395
10583	18.0418999130394
10584	18.231177891019
10585	18.4183326802072
10586	18.6035616147038
10587	18.7870587925762
10588	18.9654592444067
10589	19.1348318939259
10590	19.2915149919723
10591	19.4318794968168
10592	19.5485095816063
10593	19.6338012003441
10594	19.677572954402
10595	19.6686042177635
10596	19.6097914251302
10597	19.5115997470459
10598	19.3818000304299
10599	19.2252865293011
10600	19.0450328031757
10601	18.8456019293443
10602	18.6316190627079
10603	18.406106066161
10604	18.1699088032997
10605	17.9233967872204
10606	17.6676517430522
10607	17.403043662738
10608	17.1308257006133
10609	16.8523170601911
10610	16.5684341345631
10611	16.2820600758628
10612	15.9942569130069
10613	15.7046619860035
10614	15.413624552255
10615	15.1219514298438
10616	14.8314388509065
10617	14.5431393400777
10618	14.2578376338013
10619	13.9784011112438
10620	13.7069310745025
10621	13.4427910918754
10622	13.1870852745458
10623	12.9434737636238
10624	12.7134730743235
10625	12.4954153236531
10626	12.2875829215799
10627	12.0904643342327
10628	11.9049566444677
10629	11.7314006624696
10630	11.5698484964212
10631	11.4196263946293
10632	11.2809906087896
10633	11.1556923972717
10634	11.0451967030808
10635	10.9491317509115
10636	10.8664416978832
10637	10.7969596716625
10638	10.7396195403453
10639	10.6937716649475
10640	10.6580073828335
10641	10.6321537431298
10642	10.6180989216243
10643	10.615286008511
10644	10.6223714978254
10645	10.6370951063813
10646	10.6581521930316
10647	10.6842653125639
10648	10.7167886834464
10649	10.7586379044881
10650	10.8130300858369
10651	10.880634796089
10652	10.9544381739647
10653	11.0342295389283
10654	11.1332376664338
10655	11.2639519811711
10656	11.4353456866923
10657	11.6537247201986
10658	11.9238144843005
10659	12.2480196041706
10660	12.6225184199272
10661	13.0424949579947
10662	13.5021191523889
10663	13.9938476907703
10664	14.5111259356047
10665	15.0454163616165
10666	15.5893675529597
10667	16.1386856696172
10668	16.686957632201
10669	17.2273320792854
10670	17.7548044387268
10671	18.2634981862793
10672	18.7476179604302
10673	19.2026808622412
10674	19.6288666404774
10675	20.029300565263
10676	20.4022835914672
10677	20.7458844081727
10678	21.0623745567623
10679	21.3523866734919
10680	21.6165076034514
10681	21.8572320615829
10682	22.076958839995
10683	22.2779414954324
10684	22.4603266945651
10685	22.6230026698544
10686	22.7673973151494
10687	22.8978997149122
10688	23.0169030334691
10689	23.1246654582472
10690	23.2224699297022
10691	23.3119614253072
10692	23.3928310720375
10693	23.465633223612
10694	23.5314676318367
10695	23.5897411389694
10696	23.6399400216468
10697	23.6822264080711
10698	23.7165791509037
10699	23.7423438499152
10700	23.758315334596
10701	23.7610576802103
10702	23.7446414485096
10703	23.7026285344649
10704	23.627453275285
10705	23.5095135066421
10706	23.3382720062184
10707	23.1035685717806
10708	22.795682651937
10709	22.4063501270429
10710	21.9321257700017
10711	21.3748556005962
10712	20.7416616809979
10713	20.0424129402191
10714	19.2840663853934
10715	18.4728006553679
10716	17.6178970269023
10717	16.7322978805432
10718	15.8288357149319
10719	14.9215840487937
10720	14.0247630305673
10721	13.1557614716848
10722	12.3287109291783
10723	11.5493331095052
10724	10.8329672174911
10725	10.1950943815165
10726	9.62637686900284
10727	9.10463038428978
10728	8.61917008752774
10729	8.1751950528198
10730	7.77908042934264
10731	7.42576908142117
10732	7.10536101402522
10733	6.80567938667214
10734	6.51386745745814
10735	6.22150596618996
10736	5.92236513106711
10737	5.61362873278407
10738	5.29424874266218
10739	4.96317136339291
10740	4.62121372705802
10741	4.27093635309551
10742	3.91625476420985
10743	3.56336433831094
10744	3.22478182426896
10745	2.915838402531
10746	2.65286628366321
10747	2.44568652668516
10748	2.28874541445706
10749	2.16207983232931
10750	2.04765137418646
10751	1.93275377404238
10752	1.80682714287134
10753	1.67528314372643
10754	1.55623588366266
10755	1.46285891524015
10756	1.39618535859119
10757	1.35758414614846
10758	1.35081707143336
10759	1.36555358653339
10760	1.39030399493513
10761	1.42166827823864
10762	1.45573507733468
10763	1.48979953439011
10764	1.52117943041155
10765	1.54900940742381
10766	1.57338210220845
10767	1.5948200510207
10768	1.61468024320559
10769	1.63373000499419
10770	1.6533159822113
10771	1.67406254934289
10772	1.69557077737303
10773	1.71909684432778
10774	1.74730201295778
10775	1.78171400539461
10776	1.82832471045758
10777	1.89405239975258
10778	1.98116155210525
10779	2.09656936290844
10780	2.2538714246222
10781	2.46746902254821
10782	2.74833942751018
10783	3.1050779556409
10784	3.54522664415484
10785	4.07177219955681
10786	4.68178475022269
10787	5.37038033456267
10788	6.12896810689571
10789	6.94546869714219
10790	7.8041576609919
10791	8.68479061922402
10792	9.56880551801105
10793	10.4300969787925
10794	11.2462181748564
10795	11.9948714294721
10796	12.6580176759432
10797	13.2329081641278
10798	13.7065651715255
10799	14.0739567313481
10800	14.3707882949522
10801	14.607052484878
10802	14.7614396038402
10803	14.8346854451559
10804	14.8407315484396
10805	14.795271220435
10806	14.7107536228506
10807	14.5967125802837
10808	14.4629947735108
10809	14.3181793859503
10810	14.1648844361365
10811	14.0019215688443
10812	13.831797840418
10813	13.6570759909132
10814	13.4796360423532
10815	13.3052334663088
10816	13.1405940471631
10817	12.9904479782725
10818	12.8517847912233
10819	12.7079605859385
10820	12.5419622977902
10821	12.3404907605183
10822	12.0883534864842
10823	11.7756652420565
10824	11.406343907853
10825	10.9944612256212
10826	10.5479626850062
10827	10.0631476167243
10828	9.53341923389413
10829	8.95886391830726
10830	8.35749058645738
10831	7.7585228912124
10832	7.18053903247636
10833	6.63700612329922
10834	6.13340779824914
10835	5.67163165973605
10836	5.24725385401341
10837	4.84977178867016
10838	4.47942563561168
10839	4.13990211420778
10840	3.83162305146741
10841	3.55213376476078
10842	3.29868710493589
10843	3.06544469466112
10844	2.8493856590013
10845	2.65089380579025
10846	2.46706143605395
10847	2.29582093780268
10848	2.13800327145666
10849	1.99360317837402
10850	1.8626588485598
10851	1.74536484886988
10852	1.64153705307505
10853	1.55231666138132
10854	1.48259489680528
10855	1.43795133354938
10856	1.42810172759222
10857	1.46439015729441
10858	1.5538973271192
10859	1.70163788020689
10860	1.91242355183434
10861	2.19178444857405
10862	2.54160507177758
10863	2.96170232549687
10864	3.45187451634407
10865	4.00895053718243
10866	4.62655992989566
10867	5.29698154758203
10868	6.00868356117043
10869	6.7482209967329
10870	7.5051889268804
10871	8.26895875095009
10872	9.02649920497153
10873	9.7670459762447
10874	10.4811236882952
10875	11.1602853781
10876	11.7994647801245
10877	12.3964766424269
10878	12.9493604276989
10879	13.4573788319185
10880	13.9227367571364
10881	14.3469345626919
10882	14.7309646968013
10883	15.0790908442595
10884	15.3973744263971
10885	15.6897237206071
10886	15.9588488997737
10887	16.2063081642661
10888	16.4362510428077
10889	16.6540817697024
10890	16.8636109665126
10891	17.064288090562
10892	17.2468875369502
10893	17.3965989134573
10894	17.5017597224992
10895	17.5658918010144
10896	17.5952532715259
10897	17.5902476204497
10898	17.5523593149232
10899	17.4799078225339
10900	17.3709439987225
10901	17.2286514015567
10902	17.0635462258568
10903	16.8890571575139
10904	16.7132676699709
10905	16.5350734533301
10906	16.3459567331625
10907	16.1381386590555
10908	15.9103741177808
10909	15.6651703134465
10910	15.4056091633659
10911	15.131426040408
10912	14.8414816494429
10913	14.5354822172354
10914	14.2118980195283
10915	13.8699541346324
10916	13.510488169642
10917	13.1372136622936
10918	12.7543559722485
10919	12.3606166663194
10920	11.9542583791896
10921	11.5373451210565
10922	11.1124993847897
10923	10.6866906121186
10924	10.2696871587545
10925	9.86707248207596
10926	9.4867693138221
10927	9.13265678113066
10928	8.79878514572957
10929	8.48404530401583
10930	8.19555762016881
10931	7.93195899498829
10932	7.69107893887361
10933	7.472740211195
10934	7.27459617112128
10935	7.09709028921006
10936	6.93951842253342
10937	6.80133148303625
10938	6.68166448686354
10939	6.58020299490317
10940	6.49712795914623
10941	6.43172566626013
10942	6.38270731738425
10943	6.34787937604911
10944	6.32640460291532
10945	6.32155648409801
10946	6.33164371515586
10947	6.35609070801119
10948	6.40417054951652
10949	6.48552200497956
10950	6.60184455694226
10951	6.73757355002591
10952	6.8783555028649
10953	7.02416737611528
10954	7.16937320659087
10955	7.30254719917482
10956	7.41863016347833
10957	7.51320730324757
10958	7.57954041235335
10959	7.61305244654911
10960	7.61280722774369
10961	7.57871544136474
10962	7.5081990360888
10963	7.39921138119105
10964	7.2536771665948
10965	7.07703958258867
10966	6.87383668948106
10967	6.64755401336137
10968	6.4015902264449
10969	6.13923106294854
10970	5.86691720153323
10971	5.59062658330806
10972	5.31221736384307
10973	5.03336678080502
10974	4.75423199280225
10975	4.47546163302315
10976	4.20032937548735
10977	3.93231879645883
10978	3.674519817849
10979	3.42830592131897
10980	3.19800060722845
10981	2.99050911811985
10982	2.81893375273839
10983	2.68803701821379
10984	2.58882920252171
10985	2.50430243117962
10986	2.415859658637
10987	2.3152631378439
10988	2.20215683335638
10989	2.08739479271443
10990	1.98552684592623
10991	1.90152314001319
10992	1.82351943844796
10993	1.7364005761705
10994	1.63473945853353
10995	1.51960645761159
10996	1.39872783597652
10997	1.28223974024256
10998	1.16959642636913
10999	1.05159864917735
11000	0.92368286367211
11001	0.785266882052502
11002	0.641247298779823
11003	0.504401023193164
11004	0.381916113664872
11005	0.271853322423235
11006	0.170005791740947
11007	0.0767288756575731
11008	0.00079616124917971
11009	-0.0548959898908516
11010	-0.0975081062840975
11011	-0.131247818868737
11012	-0.1572574635713
11013	-0.17180512763793
11014	-0.165576003406111
11015	-0.138363755712527
11016	-0.0985956029178481
11017	-0.0540715228700594
11018	-0.00758548205204845
11019	0.0419863417135382
11020	0.0975019649553823
11021	0.161759090169895
11022	0.234172290797293
11023	0.311713273687479
11024	0.392685889651375
11025	0.478879962196642
11026	0.571498045020884
11027	0.674405104555671
11028	0.792008421322841
11029	0.923151922402257
11030	1.06416156456667
11031	1.21450350582911
11032	1.37539837910306
11033	1.54786413987395
11034	1.73382377124708
11035	1.93050110491011
11036	2.13560530918028
11037	2.3490106692542
11038	2.57290505719928
11039	2.80773901898099
11040	3.05039548006162
11041	3.29878396391299
11042	3.54948064276423
11043	3.79928842667164
11044	4.04430246520428
11045	4.28240544477999
11046	4.5143116637716
11047	4.74027880075956
11048	4.95930348691662
11049	5.17050975960935
11050	5.37307209895237
11051	5.56612639764678
11052	5.74862891834787
11053	5.92041517572045
11054	6.08153675327225
11055	6.23223151979857
11056	6.37399641750375
11057	6.50765851718459
11058	6.63310876015736
11059	6.75053490966204
11060	6.85920847454102
11061	6.96013203451958
11062	7.05581684722543
11063	7.14661520668299
11064	7.24128979757735
11065	7.34742323824894
11066	7.46962191477164
11067	7.60471554533674
11068	7.73623364374836
11069	7.84426110272861
11070	7.91499904217942
11071	7.94118784793706
11072	7.91630796761819
11073	7.83687063688502
11074	7.70020832898933
11075	7.50808993480875
11076	7.26394038167582
11077	6.96962058973961
11078	6.6286371776932
11079	6.24328535020469
11080	5.81904637336705
11081	5.36227128808107
11082	4.87619288502196
11083	4.36823007959437
11084	3.84586558044735
11085	3.31348717195683
11086	2.77693724257986
11087	2.24266157789849
11088	1.71813856089625
11089	1.21092317324056
11090	0.725232125670342
11091	0.265446840506312
11092	-0.165579476227046
11093	-0.565433443814501
11094	-0.930432353396812
11095	-1.26195998574197
11096	-1.56180516253852
11097	-1.82938091063073
11098	-2.06750309528093
11099	-2.27939305103789
11100	-2.46337280515504
11101	-2.6121115000446
11102	-2.71434410318064
11103	-2.76158197985738
11104	-2.74849350553602
11105	-2.67570553703462
11106	-2.54665513279015
11107	-2.36646133869441
11108	-2.1534588283024
11109	-1.91845383036447
11110	-1.66900942587078
11111	-1.42305097081445
11112	-1.19858496931709
11113	-1.00873346172492
11114	-0.858574195439298
11115	-0.751658376588284
11116	-0.691220512741224
11117	-0.67559355522092
11118	-0.700788842756603
11119	-0.764845087904599
11120	-0.86372189084619
11121	-0.993716895419139
11122	-1.14994068874382
11123	-1.32612447904534
11124	-1.51795578689249
11125	-1.720690295217
11126	-1.92936520675253
11127	-2.13958147665567
11128	-2.34836986130298
11129	-2.55295492330666
11130	-2.74974293804534
11131	-2.93350298829128
11132	-3.09899337853246
11133	-3.24133937700175
11134	-3.34941695539297
11135	-3.40777615610112
11136	-3.39732388726438
11137	-3.30225682199787
11138	-3.11962045694506
11139	-2.84883550090055
11140	-2.48836805327913
11141	-2.03785643146723
11142	-1.49848477536036
11143	-0.872542692553713
11144	-0.166437953550239
11145	0.605995709627398
11146	1.43399849757329
11147	2.30939220324084
11148	3.2173066067591
11149	4.13964081878317
11150	5.05846823617642
11151	5.95772537246098
11152	6.82591236724608
11153	7.65689156878645
11154	8.44427448426111
11155	9.1838452755125
11156	9.87574506911306
11157	10.5221307586707
11158	11.1239854282955
11159	11.6840546258835
11160	12.2082642003243
11161	12.698106998684
11162	13.1554821589534
11163	13.5850860068628
11164	13.988865086915
11165	14.3683864432377
11166	14.7271665109399
11167	15.0686561221037
11168	15.3954926817236
11169	15.7081497404425
11170	16.0078873245213
11171	16.2971767800389
11172	16.5765364420606
11173	16.8472159997493
11174	17.1097609365914
11175	17.3627969210331
11176	17.6032418603956
11177	17.8259702260225
11178	18.0231009907702
11179	18.183392131607
11180	18.3017678425141
11181	18.3701889750486
11182	18.3770710387851
11183	18.3268863552775
11184	18.2261618788559
11185	18.0768892237341
11186	17.8833220708439
11187	17.6485240526161
11188	17.3742276248761
11189	17.065184468955
11190	16.7251030099206
11191	16.3557651844026
11192	15.9592318529593
11193	15.5375675966299
11194	15.0953355651635
11195	14.635103916882
11196	14.1579907223682
11197	13.6671431326566
11198	13.1654040117676
11199	12.6577615458232
11200	12.1497767916165
11201	11.6493119789317
11202	11.1676819380352
11203	10.7120488675202
11204	10.2901270575502
11205	9.9139504206062
11206	9.58442034865185
11207	9.29362303932496
11208	9.04027933228981
11209	8.82187157896189
11210	8.63096788189025
11211	8.46334978390488
11212	8.31569966308121
11213	8.18421956092467
11214	8.06727714377685
11215	7.96240622958588
11216	7.8673571624017
11217	7.78397056356133
11218	7.71255314300924
11219	7.64948298752583
11220	7.59429115452806
11221	7.54810632863824
11222	7.51011862976027
11223	7.47876646074942
11224	7.4535420425417
11225	7.43457047886018
11226	7.4220160902113
11227	7.41672011558872
11228	7.41998952299499
11229	7.43220685995656
11230	7.44927725340678
11231	7.47042779053898
11232	7.49679713119174
11233	7.53074262232332
11234	7.57481898382517
11235	7.62677906704422
11236	7.68194687513421
11237	7.73469095488497
11238	7.78096053917104
11239	7.81697896673399
11240	7.83737917510781
11241	7.84071970162851
11242	7.82805935958728
11243	7.7996945939018
11244	7.75880124602961
11245	7.70935308554464
11246	7.65219566441122
11247	7.58948769141778
11248	7.5224528273324
11249	7.45119782047702
11250	7.37705175567096
11251	7.30069317724995
11252	7.22457010559361
11253	7.15128267691968
11254	7.08090625425374
11255	7.01366332905834
11256	6.95050684795516
11257	6.89019783619228
11258	6.83263245766519
11259	6.77825629807941
11260	6.72743090749211
11261	6.68187518093097
11262	6.64317610390988
11263	6.61066952788847
11264	6.58504167812227
11265	6.5675798284039
11266	6.55624500437471
11267	6.54822177478505
11268	6.54173616420838
11269	6.53731711998414
11270	6.53597054395541
11271	6.53798572431616
11272	6.54339672458586
11273	6.55269952589216
11274	6.56662495208585
11275	6.58600856110024
11276	6.60974624131764
11277	6.63616704922912
11278	6.66539817264835
11279	6.69799533018313
11280	6.73387665870418
11281	6.77195822992828
11282	6.8130155240759
11283	6.85667030214765
11284	6.90143053711663
11285	6.94660232269901
11286	6.9913966354387
11287	7.03676161483664
11288	7.0837362608808
11289	7.1312670136176
11290	7.17950648703856
11291	7.22886791984169
11292	7.27799883175248
11293	7.32874518124236
11294	7.38366856739185
11295	7.44190750697187
11296	7.50350373576898
11297	7.56997230843916
11298	7.64451562659822
11299	7.73609051209191
11300	7.85003227140149
11301	7.99519059298321
11302	8.18232626396241
11303	8.41059883371206
11304	8.67958694023689
11305	8.9914134091169
11306	9.3439926094181
11307	9.73139199534507
11308	10.1479199895906
11309	10.5861923107784
11310	11.039930867866
11311	11.5032665238448
11312	11.9676789191877
11313	12.4271859158983
11314	12.879077753413
11315	13.3211879167863
11316	13.7484418336153
11317	14.1583237183563
11318	14.5506065835449
11319	14.9234433643441
11320	15.2773408975496
11321	15.6125946494756
11322	15.9276565004504
11323	16.2240860316284
11324	16.5024356519018
11325	16.7623232895552
11326	17.0073556349772
11327	17.2401648757807
11328	17.4599595327036
11329	17.666011924711
11330	17.8579636015675
11331	18.0361886637202
11332	18.2015212265106
11333	18.3552635819215
11334	18.4996212817972
11335	18.6367426422389
11336	18.7665736585479
11337	18.8884459083784
11338	19.0024769904524
11339	19.1094373556401
11340	19.2087879124704
11341	19.2998216127763
11342	19.383964744497
11343	19.4629328620792
11344	19.5378400290554
11345	19.60951487834
11346	19.6772000148515
11347	19.7369778974768
11348	19.7862937534135
11349	19.8221991878579
11350	19.8400039269628
11351	19.835518041605
11352	19.8049242840323
11353	19.7435975003785
11354	19.6462477970407
11355	19.5090969524663
11356	19.3323288494321
11357	19.118735918372
11358	18.8690178929274
11359	18.5828311162345
11360	18.2601505216443
11361	17.9045834630128
11362	17.5167961112137
11363	17.0963996256914
11364	16.6470306170904
11365	16.1713436982926
11366	15.6730222432812
11367	15.1579773296754
11368	14.6337553091024
11369	14.1143853991687
11370	13.6109886647403
11371	13.1264269666095
11372	12.6579991146979
11373	12.1969328995222
11374	11.7450915405041
11375	11.3155870091407
11376	10.9166642351435
11377	10.5543129506804
11378	10.2261922125267
11379	9.92803540953315
11380	9.65466288970311
11381	9.39348083461699
11382	9.13588217072201
11383	8.87605692803636
11384	8.61021280559109
11385	8.33682612337961
11386	8.05466462463989
11387	7.76393532876026
11388	7.46770267618776
11389	7.16643660100752
11390	6.86078852267913
11391	6.5540708635007
11392	6.24802837855688
11393	5.94513527787812
11394	5.64755351028013
11395	5.35643282157016
11396	5.07425083664714
11397	4.80568510400519
11398	4.55753572866331
11399	4.33839356561914
11400	4.15660023308657
11401	4.02535705937042
11402	3.94547053441246
11403	3.89365512374611
11404	3.84931570132199
11405	3.79855978442459
11406	3.72911512706357
11407	3.63254710778673
11408	3.50531772458017
11409	3.346437691524
11410	3.15875747226118
11411	2.94865473462661
11412	2.72030400658634
11413	2.47747391481308
11414	2.22572154776406
11415	1.97058639190898
11416	1.71464306150888
11417	1.46266641297316
11418	1.21913607931954
11419	0.98427349204064
11420	0.759954127660049
11421	0.549577343831756
11422	0.353910592610282
11423	0.170954167507194
11424	-0.000131529089477661
11425	-0.156678900623355
11426	-0.29920083145219
11427	-0.432299975195153
11428	-0.559583173064498
11429	-0.6813331214095
11430	-0.797832566214885
11431	-0.907938608344666
11432	-1.00835057289238
11433	-1.09661067753718
11434	-1.16706008639696
11435	-1.21091922717314
11436	-1.21663886792634
11437	-1.16720524536624
11438	-1.04568090041461
11439	-0.843201792392837
11440	-0.554395368076969
11441	-0.172838547237874
11442	0.308557253956814
11443	0.895381227916903
11444	1.58736831620529
11445	2.3794797196237
11446	3.26187670857201
11447	4.22042744453376
11448	5.23949280946902
11449	6.30013039743542
11450	7.37522572269656
11451	8.43280975464834
11452	9.44043480550602
11453	10.3954922749475
11454	11.2937800908291
11455	12.125052637943
11456	12.8939309236293
11457	13.5952429058192
11458	14.2251021161742
11459	14.7845850998308
11460	15.283197446269
11461	15.7293595339255
11462	16.1362908520229
11463	16.5163709029601
11464	16.8693274812065
11465	17.1928280542508
11466	17.4864201027538
11467	17.7488613636374
11468	17.9748785452703
11469	18.1580297800152
11470	18.2944253292325
11471	18.3876841776334
11472	18.4554374585852
11473	18.523973092805
11474	18.5990949407502
11475	18.6577667553671
11476	18.6834400857187
11477	18.6821363495504
11478	18.6683688923354
11479	18.6489561016197
11480	18.6170726947376
11481	18.5617054393129
11482	18.4883148981299
11483	18.412659846197
11484	18.3470898748058
11485	18.3029533034047
11486	18.2894961687846
11487	18.3132724003959
11488	18.3774451759496
11489	18.4818405616687
11490	18.6213772074966
11491	18.791578932526
11492	18.9899057461768
11493	19.2103000415212
11494	19.4464499729097
11495	19.6952798946487
11496	19.9541264805191
11497	20.2179459622368
11498	20.4824924330815
11499	20.7441536501087
11500	20.9998613934518
11501	21.2483613900344
11502	21.4888709805592
11503	21.7180298623822
11504	21.9330197197924
11505	22.1387143353279
11506	22.3422894832154
11507	22.5427560505962
11508	22.7297493879644
11509	22.8888780149133
11510	23.0121082291954
11511	23.1059100010316
11512	23.1857094024361
11513	23.2650689314723
11514	23.3524782111336
11515	23.4535616524886
11516	23.5707368399245
11517	23.7044100985117
11518	23.8528968664546
11519	24.0134329483466
11520	24.1834850739128
11521	24.3563308066749
11522	24.5260804563228
11523	24.6881271971094
11524	24.8345475062508
11525	24.9632028489895
11526	25.0762993312134
11527	25.1749059522861
11528	25.2577045270913
11529	25.3223442942379
11530	25.3649976967507
11531	25.3846399580795
11532	25.3821789695311
11533	25.3535983555598
11534	25.301134567984
11535	25.2237929928935
11536	25.1174340029414
11537	24.9867668637322
11538	24.8329162750492
11539	24.6581515488756
11540	24.4649380065522
11541	24.2534573006278
11542	24.0247691706511
11543	23.779293732278
11544	23.5206306396152
11545	23.2516819159354
11546	22.973462545613
11547	22.6878933953612
11548	22.3968935403541
11549	22.1029043617286
11550	21.807174712891
11551	21.5097491905375
11552	21.2109876129097
11553	20.9113029100657
11554	20.6125257878793
11555	20.3169557292653
11556	20.0269606158924
11557	19.7442710933962
11558	19.4696970755175
11559	19.2034733687018
11560	18.945729987964
11561	18.6976100620614
11562	18.4588895393936
11563	18.2288705677139
11564	18.0075067037327
11565	17.7945235256687
11566	17.588996978357
11567	17.3902137725219
11568	17.1964295314292
11569	17.0059355308514
11570	16.8159883074754
11571	16.6152383263637
11572	16.3934938445951
11573	16.1436976830595
11574	15.8610816607234
11575	15.5459534576335
11576	15.2001112156586
11577	14.8266239010151
11578	14.4296048844525
11579	14.0206345037058
11580	13.6164018220223
11581	13.2235575579011
11582	12.8394215932924
11583	12.463877476683
11584	12.1008466085261
11585	11.7547815247007
11586	11.4248824186351
11587	11.1058889406767
11588	10.7964566788936
11589	10.49908453908
11590	10.2169078000093
11591	9.95082483903382
11592	9.69653490672703
11593	9.44997372780771
11594	9.21075404493655
11595	8.98240361177732
11596	8.76604165427993
11597	8.5585606084561
11598	8.36035316854443
11599	8.17198421972712
11600	7.99310714430939
11601	7.82314279326513
11602	7.65980547070893
11603	7.5013755389992
11604	7.34974720235731
11605	7.20915257396606
11606	7.0813130696786
11607	6.96248119039431
11608	6.84793117261993
11609	6.73927411169978
11610	6.64016258487292
11611	6.5526426737267
11612	6.47531654368577
11613	6.40861883477611
11614	6.35693384948397
11615	6.32142952226952
11616	6.29734400608447
11617	6.27706329087677
11618	6.25564839004011
11619	6.23408367673498
11620	6.21758693700085
11621	6.2092329003601
11622	6.20794497380351
11623	6.20892750481943
11624	6.20629238952336
11625	6.19696451519707
11626	6.18087669141103
11627	6.15918231293265
11628	6.13366449403734
11629	6.10985386874024
11630	6.0940931385634
11631	6.09111630540477
11632	6.1057352137643
11633	6.13886746771916
11634	6.19147120620347
11635	6.26357044264819
11636	6.35161589138694
11637	6.45496308235874
11638	6.56661466204407
11639	6.66996771127385
11640	6.75553166975465
11641	6.83475548637682
11642	6.92294857292604
11643	7.02597642986886
11644	7.15628949475583
11645	7.32695659839202
11646	7.54635038659673
11647	7.8219207738333
11648	8.15589464394008
11649	8.54784723208181
11650	8.99535599989093
11651	9.4945254546114
11652	10.038523324247
11653	10.6208192355612
11654	11.2341211534151
11655	11.8678541675506
11656	12.5122984863624
11657	13.1594390406266
11658	13.802690074965
11659	14.4343374817587
11660	15.0457893129197
11661	15.6319343868321
11662	16.1878014157255
11663	16.7083810073483
11664	17.1906593408028
11665	17.6246880828272
11666	18.0003727010978
11667	18.313610126599
11668	18.5620289810781
11669	18.7427602465765
11670	18.8634147802426
11671	18.9425533909304
11672	19.0026619026478
11673	19.062996621199
11674	19.1394882623546
11675	19.2415845557459
11676	19.3601673156401
11677	19.4741302498961
11678	19.5699969267996
11679	19.6464881404926
11680	19.7026898424646
11681	19.7370361518553
11682	19.7560788038086
11683	19.7692206550418
11684	19.7761131467033
11685	19.7703505258663
11686	19.748955459103
11687	19.7166819729246
11688	19.6850215722234
11689	19.6583098314758
11690	19.6226027828581
11691	19.5654514795421
11692	19.4923982289418
11693	19.4183994714015
11694	19.3480779086793
11695	19.2656111441013
11696	19.1578640278474
11697	19.0289055654752
11698	18.8876730578532
11699	18.7345750097474
11700	18.5657703745273
11701	18.3877498877469
11702	18.2009049991903
11703	17.9939997281678
11704	17.7669271420223
11705	17.5229718054655
11706	17.2623597364975
11707	16.9882597128454
11708	16.7052084158671
11709	16.4161417776038
11710	16.1234314404659
11711	15.8295921008985
11712	15.5370246292348
11713	15.247098196221
11714	14.9580933082902
11715	14.67131082776
11716	14.3898263018822
11717	14.1154017008103
11718	13.8494975200436
11719	13.5946446541435
11720	13.3527870947474
11721	13.1247940858054
11722	12.9119266911309
11723	12.7143352371337
11724	12.5289229183456
11725	12.3532476892185
11726	12.1880695325571
11727	12.0329729481085
11728	11.886526676523
11729	11.7479303558226
11730	11.6166589597181
11731	11.4904387019191
11732	11.368848920246
11733	11.2520818979744
11734	11.1393344255846
11735	11.0323432067372
11736	10.9341649277988
11737	10.8482890360803
11738	10.7766280167872
11739	10.7210848940749
11740	10.6795283912123
11741	10.6395514272929
11742	10.5841341576931
11743	10.5000352145589
11744	10.3798673307328
11745	10.2189408356934
11746	10.0164742535736
11747	9.77506022060926
11748	9.49684858978536
11749	9.18689460865254
11750	8.8507685420879
11751	8.49428712166904
11752	8.1239336368765
11753	7.74378234280095
11754	7.35962973104831
11755	6.97707663190105
11756	6.59791222852108
11757	6.22312648755037
11758	5.8555006185496
11759	5.498839463324
11760	5.15385983318565
11761	4.82162436004899
11762	4.50553548073471
11763	4.20525181335691
11764	3.92054438081192
11765	3.65336846457077
11766	3.40194765931147
11767	3.16188373675134
11768	2.93177728737487
11769	2.71343416821383
11770	2.50679252592125
11771	2.31110240831788
11772	2.12517381445295
11773	1.94795254414716
11774	1.77930430287363
11775	1.61822607301457
11776	1.4643795034075
11777	1.31822624268663
11778	1.1797388175118
11779	1.04786898034903
11780	0.920298155221162
11781	0.795157894355821
11782	0.672847905923294
11783	0.554344527370798
11784	0.440231354800429
11785	0.331422868998374
11786	0.228397378512563
11787	0.130762044818023
11788	0.0380368088527489
11789	-0.0496417049907125
11790	-0.132774403715552
11791	-0.211949500163321
11792	-0.286145417427749
11793	-0.353668837830801
11794	-0.415007924145961
11795	-0.468022914265243
11796	-0.505691256956023
11797	-0.514890397564769
11798	-0.479035756919786
11799	-0.384332196231447
11800	-0.222943751476671
11801	0.00865107365516876
11802	0.314147685304296
11803	0.695305602552157
11804	1.15200427838021
11805	1.68351528918007
11806	2.28380929415063
11807	2.94204772092088
11808	3.64868507809452
11809	4.3942538336447
11810	5.16478843862604
11811	5.94408526828158
11812	6.72153650649861
11813	7.48782843689923
11814	8.23185370730467
11815	8.94492558841764
11816	9.61995820953001
11817	10.2512787821599
11818	10.8352901596395
11819	11.3721762652681
11820	11.8637147378338
11821	12.3149257139084
11822	12.7303859306391
11823	13.1112692357452
11824	13.4608263095732
11825	13.7842234024114
11826	14.0848763964504
11827	14.3640786297728
11828	14.6244360918773
11829	14.8692665340176
11830	15.1018799478232
11831	15.3248986631824
11832	15.538934722934
11833	15.7434886393994
11834	15.9376340080459
11835	16.1219592595634
11836	16.2987773711096
11837	16.4688110348998
11838	16.6342529799986
11839	16.800264614827
11840	16.9653018409143
11841	17.1198043795304
11842	17.2472939417661
11843	17.3423101287905
11844	17.4195265337449
11845	17.489405878143
11846	17.5558603021211
11847	17.6249061928935
11848	17.6980598412418
11849	17.7700383641035
11850	17.8400185557572
11851	17.911192219772
11852	17.9822704722438
11853	18.0497145451518
11854	18.1097879643285
11855	18.1598079754364
11856	18.2027288944044
11857	18.2403805460538
11858	18.2722686858843
11859	18.2981869779389
11860	18.3171946768815
11861	18.3295518110606
11862	18.3350766975413
11863	18.3313964088956
11864	18.3175832784287
11865	18.2955141353668
11866	18.26689255764
11867	18.2334286949081
11868	18.1950848917424
11869	18.151521830143
11870	18.1014378614009
11871	18.0437652000218
11872	17.979127637288
11873	17.9061192848943
11874	17.822363608692
11875	17.7282420819037
11876	17.6240149934979
11877	17.5110215035412
11878	17.3903303311135
11879	17.261735116857
11880	17.1256477062569
11881	16.9819316902869
11882	16.8311648357074
11883	16.6723760593484
11884	16.5034693710043
11885	16.3279398828682
11886	16.1504849668121
11887	15.976117205306
11888	15.8150213996972
11889	15.6761748786269
11890	15.5654650893448
11891	15.4868955897609
11892	15.4426660865523
11893	15.4326840141652
11894	15.4529591174271
11895	15.4934350685754
11896	15.5354575455053
11897	15.5622546023393
11898	15.5651699511901
11899	15.5415384933148
11900	15.5008208241523
11901	15.4541523543433
11902	15.4068609167357
11903	15.3650776680744
11904	15.3334483328774
11905	15.3120999342441
11906	15.3013579672122
11907	15.3044838819627
11908	15.3225467412834
11909	15.3551340119706
11910	15.4014327562663
11911	15.4596598425313
11912	15.5264877754707
11913	15.6004447506643
11914	15.6795202916902
11915	15.759830312179
11916	15.8402929218372
11917	15.9213176298989
11918	16.0031229857401
11919	16.0849850110051
11920	16.1651365770665
11921	16.2416777197931
11922	16.3137861570207
11923	16.3796445757563
11924	16.4386592288993
11925	16.4903745946023
11926	16.5334947253132
11927	16.5686173902019
11928	16.5982196606022
11929	16.6242857088419
11930	16.6482431659749
11931	16.6675374652094
11932	16.6737114641433
11933	16.6586330043429
11934	16.619516836246
11935	16.5559015253187
11936	16.4657236166685
11937	16.3463483761322
11938	16.1970576356354
11939	16.0166383659871
11940	15.8060487809969
11941	15.567795433954
11942	15.3019404398893
11943	15.0117286239422
11944	14.7019718907409
11945	14.3762895487647
11946	14.0385416428315
11947	13.6913895900799
11948	13.3383183217749
11949	12.9827867530401
11950	12.6285637284549
11951	12.2800175270256
11952	11.9398359568794
11953	11.6093470634288
11954	11.291477760042
11955	10.9896368666182
11956	10.7037141606759
11957	10.4315031212134
11958	10.1715898218333
11959	9.92463332814291
11960	9.69293806954446
11961	9.47747404136799
11962	9.27711861411325
11963	9.09031599781707
11964	8.9155814056692
11965	8.75097730787011
11966	8.59517794403604
11967	8.44716689320455
11968	8.30605014882143
11969	8.17216991710531
11970	8.04536427410449
11971	7.92549447834197
11972	7.81182410085692
11973	7.70361034166507
11974	7.60110704210568
11975	7.50396319354854
11976	7.41302204988584
11977	7.32851037003594
11978	7.2495663418913
11979	7.17626566101174
11980	7.10765674558294
11981	7.04341601298643
11982	6.98366187153787
11983	6.92599674750173
11984	6.8669943522646
11985	6.80624156771268
11986	6.74781432925165
11987	6.6924157756668
11988	6.6397723273356
11989	6.59006782214579
11990	6.54110205516294
11991	6.49260890231001
11992	6.44694792815735
11993	6.40738517939919
11994	6.37370399945922
11995	6.34382596690734
11996	6.31606325432071
11997	6.28860238286504
11998	6.2603762182554
11999	6.22736721089471
12000	6.18639158598684
12001	6.14504080172573
12002	6.11018054693799
12003	6.07615124577473
12004	6.03154935739473
12005	5.96661959452796
12006	5.87539348045468
12007	5.7560235446982
12008	5.60991487531555
12009	5.43892956078641
12010	5.24411494979158
12011	5.03048171479711
12012	4.80607126413828
12013	4.57469438274597
12014	4.33909845555719
12015	4.1018587310265
12016	3.86529674161599
12017	3.63359806016965
12018	3.40936978513872
12019	3.19464148173678
12020	2.99080018889226
12021	2.79769041759959
12022	2.61434370803509
12023	2.44072125743547
12024	2.27755481863134
12025	2.12509595868968
12026	1.98321040999902
12027	1.8504889314522
12028	1.72641091775777
12029	1.6113883637252
12030	1.50400340894135
12031	1.40238986969895
12032	1.30630123331326
12033	1.21678942892303
12034	1.13286027656758
12035	1.05251362225667
12036	0.974828452401274
12037	0.90055595625693
12038	0.832599407392746
12039	0.771007543252013
12040	0.714502308199639
12041	0.662476045896134
12042	0.614093491999364
12043	0.568447389858788
12044	0.524436939206342
12045	0.483210315800562
12046	0.446960942881091
12047	0.417174257024853
12048	0.393985898661827
12049	0.37668662913822
12050	0.364486111556132
12051	0.35686503754723
12052	0.352965543858998
12053	0.350563872850688
12054	0.348585003015633
12055	0.346882586066999
12056	0.345190539677748
12057	0.345104785827959
12058	0.347547889691364
12059	0.352973414272668
12060	0.363363498232558
12061	0.37797578622321
12062	0.396077783127828
12063	0.419186119682797
12064	0.447181173209682
12065	0.481781883469897
12066	0.52595542225196
12067	0.580131841111779
12068	0.649750006859461
12069	0.745401430511849
12070	0.874715933933969
12071	1.03579053276341
12072	1.21655169919794
12073	1.402050692977
12074	1.58148977948483
12075	1.74787825520333
12076	1.89718807924664
12077	2.02584007865589
12078	2.13203861159607
12079	2.2149381996502
12080	2.27303414834894
12081	2.30692493416904
12082	2.31920471851354
12083	2.31110682724747
12084	2.28710541869656
12085	2.25180140009581
12086	2.2067447004433
12087	2.15353937626517
12088	2.09257987364986
12089	2.02574126530463
12090	1.95570679606143
12091	1.88439252027635
12092	1.81220957590779
12093	1.73980062774861
12094	1.67002074470215
12095	1.60459154486627
12096	1.54136340693946
12097	1.48027657447134
12098	1.42287593881293
12099	1.37059928273944
12100	1.32409571622816
12101	1.28295353960705
12102	1.2477036986324
12103	1.21890910525928
12104	1.19755528434456
12105	1.18178822729242
12106	1.17064994751598
12107	1.16703698806259
12108	1.17253324614271
12109	1.1860781743651
12110	1.20496505858151
12111	1.22752973138443
12112	1.25377066733019
12113	1.28367642067636
12114	1.31901665968676
12115	1.36065484148997
12116	1.40674529533657
12117	1.45809538592825
12118	1.51540007073782
12119	1.57644369263371
12120	1.64034343861645
12121	1.70762163385189
12122	1.78004841399071
12123	1.85914694645484
12124	1.94498537371296
12125	2.03877793829832
12126	2.14088743518916
12127	2.25004570988183
12128	2.36548070497733
12129	2.48580879956446
12130	2.60749173972351
12131	2.72762741790256
12132	2.84278382881728
12133	2.95526193328293
12134	3.07897308493723
12135	3.21891824915167
12136	3.36039871317315
12137	3.49023000961162
12138	3.60014200148489
12139	3.68462015676373
12140	3.74371879043076
12141	3.77753053322237
12142	3.78587711860526
12143	3.76956873043091
12144	3.73073478673507
12145	3.67269323423098
12146	3.59789998379302
12147	3.5066159038158
12148	3.4001764204234
12149	3.28136545110608
12150	3.15554046970573
12151	3.02583631268955
12152	2.89372982596453
12153	2.76181643504026
12154	2.63015633606768
12155	2.50147577143647
12156	2.37667320000504
12157	2.25441359754586
12158	2.13796907394854
12159	2.0309122884528
12160	1.93406029340764
12161	1.84678805954012
12162	1.76881738323653
12163	1.69973883034485
12164	1.64015353172324
12165	1.59128162903882
12166	1.55210371098875
12167	1.52109645864307
12168	1.49831727333524
12169	1.48334997037644
12170	1.47611626490923
12171	1.47676394754948
12172	1.48492913736213
12173	1.4991373820429
12174	1.51903306388154
12175	1.54496735163942
12176	1.57604643190029
12177	1.6134991016518
12178	1.65626558144364
12179	1.70290861417462
12180	1.75410906039296
12181	1.8099451551946
12182	1.87089995291076
12183	1.93763522259581
12184	2.01038850375278
12185	2.08778204085044
12186	2.16890504161841
12187	2.255086587753
12188	2.34708190486619
12189	2.44557854298332
12190	2.55084871470868
12191	2.66200532960953
12192	2.77892341995783
12193	2.90290678154034
12194	3.03612586569707
12195	3.18249377613463
12196	3.34812430408617
12197	3.53736024730468
12198	3.74895302630347
12199	3.99169136531945
12200	4.28291308797422
12201	4.62852189293597
12202	5.02614403848089
12203	5.47313937624081
12204	5.96079970165443
12205	6.47702537350956
12206	7.01806373678251
12207	7.57707679767801
12208	8.14706532523493
12209	8.72804167262599
12210	9.31799340117078
12211	9.90899179432689
12212	10.4924841516456
12213	11.0666348423761
12214	11.6232619849929
12215	12.1552451855394
12216	12.6618924971943
12217	13.142091679572
12218	13.5925460321101
12219	14.0097607928333
12220	14.3926156242369
12221	14.7394111914151
12222	15.0501455605972
12223	15.3354953504932
12224	15.6043000099995
12225	15.8498774587709
12226	16.063182347325
12227	16.2487866143222
12228	16.4131048007019
12229	16.5577615634822
12230	16.6847351155517
12231	16.7883114982512
12232	16.8676906479586
12233	16.9325393344346
12234	16.9853064293907
12235	17.0232573880814
12236	17.0448894062902
12237	17.0420159820234
12238	17.011983203856
12239	16.9663114571427
12240	16.9165989991677
12241	16.8619147314457
12242	16.7970246287844
12243	16.7180977273761
12244	16.620441823546
12245	16.5035870954295
12246	16.37279447692
12247	16.2323106755852
12248	16.0813847425111
12249	15.9173419811987
12250	15.7401139709977
12251	15.5559095383377
12252	15.3694111891276
12253	15.1795416856287
12254	14.9822363908967
12255	14.7760188484137
12256	14.5616712122895
12257	14.3428799696337
12258	14.1232990920031
12259	13.9030036159787
12260	13.6843577687995
12261	13.4661136748139
12262	13.2458447243501
12263	13.0263331409309
12264	12.8090431768231
12265	12.5979395649116
12266	12.3949645642388
12267	12.1994190318888
12268	12.0110600866438
12269	11.8276891619757
12270	11.64787844589
12271	11.4703760451868
12272	11.2951318593893
12273	11.1230039564699
12274	10.9545858989204
12275	10.7899417041976
12276	10.6297110862767
12277	10.4743054622957
12278	10.3243072698242
12279	10.1806933238583
12280	10.0439739145976
12281	9.91598552994811
12282	9.79682135896748
12283	9.68561435977386
12284	9.58179707729734
12285	9.48513555813268
12286	9.39605590239905
12287	9.31874367469472
12288	9.26508798425369
12289	9.24830674888898
12290	9.2798557005262
12291	9.35662659500207
12292	9.45547590277008
12293	9.56021620408846
12294	9.67726378974529
12295	9.8237312277877
12296	10.0148691948598
12297	10.2490941571007
12298	10.5063390723909
12299	10.7662387341486
12300	11.0170768510419
12301	11.2669909157108
12302	11.5314854384986
12303	11.8066996506799
12304	12.0735464140902
12305	12.3212029381211
12306	12.54692644135
12307	12.7573700434661
12308	12.9596846766918
12309	13.1401796127032
12310	13.2787597456699
12311	13.3717341582236
12312	13.416605375239
12313	13.4039312509802
12314	13.3275223106932
12315	13.1795742904739
12316	12.9552612384239
12317	12.656851501163
12318	12.2900638808608
12319	11.8597295249386
12320	11.3735693224014
12321	10.8411316386559
12322	10.2731034557003
12323	9.67942912900945
12324	9.06949296095786
12325	8.45394896644327
12326	7.84217439056945
12327	7.2440580626446
12328	6.66624581445615
12329	6.11308863184705
12330	5.59049944505435
12331	5.10032448012918
12332	4.64083621582325
12333	4.21130046288595
12334	3.81228825895592
12335	3.44285674361212
12336	3.09915871061523
12337	2.77826188371911
12338	2.47999270745083
12339	2.20654696947144
12340	1.96223910843493
12341	1.75427161741529
12342	1.59538733237825
12343	1.49265650259812
12344	1.43494985330894
12345	1.40170054419987
12346	1.37502031866033
12347	1.34391511973855
12348	1.30257547610846
12349	1.25084354038766
12350	1.20321413739237
12351	1.17748597639833
12352	1.17724177365709
12353	1.19766358860041
12354	1.2380058335831
12355	1.29818762663129
12356	1.37261913188923
12357	1.45389827224436
12358	1.54022846626333
12359	1.64063733134772
12360	1.76555380410791
12361	1.90622121352062
12362	2.03864373517984
12363	2.15129713469054
12364	2.2603573677033
12365	2.39279074043714
12366	2.55703546313086
12367	2.74667433206535
12368	2.95807391326626
12369	3.18875201199785
12370	3.44149573731635
12371	3.7114637751577
12372	3.98441208178518
12373	4.25699498487463
12374	4.523211494011
12375	4.77706429740886
12376	5.01587847604932
12377	5.23054853921379
12378	5.4114546195272
12379	5.5511521915943
12380	5.646848760794
12381	5.70206188752908
12382	5.72009319293621
12383	5.70089862221188
12384	5.64854718513701
12385	5.56817127310495
12386	5.45967685817715
12387	5.32280999022756
12388	5.16216545353691
12389	4.98401903944144
12390	4.7902602735105
12391	4.58436252666054
12392	4.37075097502906
12393	4.15885620996664
12394	3.9640102160183
12395	3.7999539924832
12396	3.68362701840729
12397	3.6108118436136
12398	3.55831744434673
12399	3.50916403219489
12400	3.45245027765703
12401	3.38001955494371
12402	3.28567882872308
12403	3.16519939897455
12404	3.01567470048368
12405	2.8379949725956
12406	2.63545331290056
12407	2.41241555169466
12408	2.17468316302787
12409	1.92611928356528
12410	1.67064580381712
12411	1.41200110070903
12412	1.15295691610207
12413	0.897479630006217
12414	0.648796889206485
12415	0.406999627304735
12416	0.173823548482503
12417	-0.046204504823558
12418	-0.252676826333392
12419	-0.447102010914416
12420	-0.628476272135865
12421	-0.795078938946444
12422	-0.946797250561807
12423	-1.08318134791807
12424	-1.2044370041862
12425	-1.31007574146295
12426	-1.40040768198481
12427	-1.47880184458839
12428	-1.54732711238697
12429	-1.60752036797439
12430	-1.65758344364726
12431	-1.69065959744869
12432	-1.69530576802878
12433	-1.66149129418681
12434	-1.58431404458822
12435	-1.46057833721425
12436	-1.29171033807863
12437	-1.08354254982489
12438	-0.844600803823642
12439	-0.583276010572896
12440	-0.307498831022728
12441	-0.0266971727298133
12442	0.251631568227948
12443	0.523292550253793
12444	0.786279192557274
12445	1.03963067823707
12446	1.28286844899034
12447	1.51763172865821
12448	1.7451602315103
12449	1.96657587888421
12450	2.18268306759917
12451	2.39342633012425
12452	2.59745492070743
12453	2.79453494494675
12454	2.9862683696984
12455	3.17223503421094
12456	3.35436351450045
12457	3.53344854980059
12458	3.707258848155
12459	3.87619126744259
12460	4.0426678422584
12461	4.2073477584717
12462	4.36904537925406
12463	4.52700959144192
12464	4.68528934216627
12465	4.85122861403221
12466	5.02704004950486
12467	5.21615645136608
12468	5.42296699939064
12469	5.6519021977414
12470	5.89730262223799
12471	6.14800266501302
12472	6.39990331603843
12473	6.65147056093979
12474	6.90141835525365
12475	7.14693200454758
12476	7.38733661863961
12477	7.62078527119877
12478	7.84426792246813
12479	8.05903622632023
12480	8.26822371617652
12481	8.47230112136122
12482	8.66982380016994
12483	8.86033090976046
12484	9.04346912409889
12485	9.21998695009627
12486	9.39200331442581
12487	9.5600098474515
12488	9.72263588758942
12489	9.87976926071026
12490	10.0303495651184
12491	10.1733562966892
12492	10.3091630976244
12493	10.4387092253134
12494	10.5629042811907
12495	10.6823697571132
12496	10.7973370386369
12497	10.9090521442534
12498	11.0194452674558
12499	11.1278949584859
12500	11.2334744765275
12501	11.3351319572817
12502	11.430143899342
12503	11.5159630397639
12504	11.5901572522681
12505	11.6534061972711
12506	11.7061663811801
12507	11.7518232868196
12508	11.8061806327511
12509	11.8811901080918
12510	11.9715789015502
12511	12.0594493554812
12512	12.1334802298912
12513	12.2006261610669
12514	12.2680826107687
12515	12.3380080733733
12516	12.4197145579126
12517	12.5268085029052
12518	12.6662086865699
12519	12.8357921563862
12520	13.027084190393
12521	13.2325220646173
12522	13.4515961437625
12523	13.6862924881455
12524	13.9356769166101
12525	14.1990919517435
12526	14.4758555408134
12527	14.7641058270217
12528	15.0611513111511
12529	15.360235624538
12530	15.648285760493
12531	15.9200076598773
12532	16.1723668141301
12533	16.4035047128666
12534	16.6192212855274
12535	16.8175280805426
12536	17.0047088594324
12537	17.1837813548584
12538	17.3523905298906
12539	17.5084450311562
12540	17.6461438532207
12541	17.7623709424544
12542	17.8563972281525
12543	17.9240158690147
12544	17.9619702250303
12545	17.9729532069323
12546	17.9649332564967
12547	17.9478277117093
12548	17.9269033947004
12549	17.9060044214709
12550	17.8880487156136
12551	17.8750934579374
12552	17.8681251261536
12553	17.8682294225513
12554	17.8757821095385
12555	17.8899845168055
12556	17.9080737904529
12557	17.9287577554964
12558	17.9536941521911
12559	17.9829221343413
12560	18.0157635720403
12561	18.0525584908526
12562	18.0929009769379
12563	18.1363745067511
12564	18.1798737685867
12565	18.21503051368
12566	18.2357026316604
12567	18.2440432198612
12568	18.249148176005
12569	18.2573791826633
12570	18.270314595729
12571	18.2904565765931
12572	18.3189269912199
12573	18.355754278836
12574	18.4020747372091
12575	18.4580708376505
12576	18.5222702594238
12577	18.5937569491195
12578	18.669769922432
12579	18.7486065199027
12580	18.8310145336971
12581	18.9164628725845
12582	19.0036501230249
12583	19.0910796635722
12584	19.1772272625081
12585	19.2616723887849
12586	19.344155836895
12587	19.4244715711326
12588	19.5016355507452
12589	19.574823466988
12590	19.6415664430703
12591	19.6988675966104
12592	19.7414051877781
12593	19.7632500060905
12594	19.7616063712322
12595	19.7323891611911
12596	19.6731773233411
12597	19.5817546445086
12598	19.4591001903977
12599	19.3087071757232
12600	19.1315469480825
12601	18.929296475488
12602	18.7048676256803
12603	18.4621358132695
12604	18.2028297089857
12605	17.9260309687891
12606	17.6327948477581
12607	17.3267610623414
12608	17.010852626362
12609	16.6860866035345
12610	16.3553589472112
12611	16.0233153163926
12612	15.6926591968748
12613	15.366583958709
12614	15.0502678812935
12615	14.7464930510239
12616	14.4556655484611
12617	14.1811636811851
12618	13.9292447893862
12619	13.699799320879
12620	13.491109826432
12621	13.2986735536091
12622	13.1147614792103
12623	12.9352769130927
12624	12.7589688004109
12625	12.5868716237325
12626	12.4202427772713
12627	12.2660527982973
12628	12.1296865962859
12629	12.0075933671836
12630	11.8973713904395
12631	11.8006743253949
12632	11.7162021724962
12633	11.6340528085412
12634	11.5473355688969
12635	11.4527276889458
12636	11.3448962214395
12637	11.2231681837961
12638	11.0860602428735
12639	10.9322021321093
12640	10.7654690316923
12641	10.5901662990321
12642	10.4078391096528
12643	10.2193323416624
12644	10.0265578573925
12645	9.83215682225388
12646	9.63776863857676
12647	9.44368969720497
12648	9.25012019894669
12649	9.06018657311681
12650	8.87697126908484
12651	8.70051120424622
12652	8.53061557586366
12653	8.36639956386408
12654	8.20684705524295
12655	8.05091018295733
12656	7.89804407927321
12657	7.74961930265462
12658	7.60755861294334
12659	7.47561998383779
12660	7.36014554019864
12661	7.27064065577818
12662	7.21319341804902
12663	7.18381859858054
12664	7.17245926602265
12665	7.16755386779027
12666	7.1599466023591
12667	7.14347756776661
12668	7.11316425975045
12669	7.06541392291005
12670	6.99885053946907
12671	6.91519900804856
12672	6.81665885378393
12673	6.70472986951344
12674	6.58190610102935
12675	6.45118751691469
12676	6.31550597496523
12677	6.1758852956618
12678	6.0337726082786
12679	5.89064004905423
12680	5.74777999072814
12681	5.60694773697938
12682	5.47055055785778
12683	5.34020019458461
12684	5.21731363369063
12685	5.10117321313765
12686	4.98946133207188
12687	4.88301712244178
12688	4.78372733255686
12689	4.69199810245659
12690	4.60827770118784
12691	4.53215111745074
12692	4.46233585115083
12693	4.39931224361619
12694	4.3438486208265
12695	4.29557278037073
12696	4.25491598572645
12697	4.22126089623709
12698	4.19132210169847
12699	4.16423656839762
12700	4.14076110033621
12701	4.12130200197419
12702	4.10521254062707
12703	4.09251922079442
12704	4.08511642578841
12705	4.08214468140002
12706	4.08122397212357
12707	4.08419493590412
12708	4.09244921595308
12709	4.1047639516128
12710	4.12162030499768
12711	4.14357726431686
12712	4.17148406978176
12713	4.20488416336615
12714	4.24178215153134
12715	4.27971270871105
12716	4.31517070210003
12717	4.34756557495198
12718	4.37797515781154
12719	4.40929833291371
12720	4.45422522901565
12721	4.52544649641593
12722	4.62742380003329
12723	4.76130529111271
12724	4.92617348923681
12725	5.12143270640902
12726	5.34749023538569
12727	5.6029104479244
12728	5.88495888425386
12729	6.18896850751343
12730	6.5110050042139
12731	6.8488280890346
12732	7.19786509508033
12733	7.55555752721598
12734	7.91906558404739
12735	8.28474759562938
12736	8.64959000850442
12737	9.01099250946422
12738	9.36584006558857
12739	9.71016500944816
12740	10.0420731624133
12741	10.3603747122325
12742	10.6640794667428
12743	10.9523536331648
12744	11.2243915474464
12745	11.4807376184668
12746	11.7221565516987
12747	11.9473556561275
12748	12.155630681703
12749	12.3485954623738
12750	12.5283963283971
12751	12.6961140667751
12752	12.8532436561666
12753	13.0005833615173
12754	13.1364225222451
12755	13.2598969054261
12756	13.3731808894978
12757	13.4794951238306
12758	13.5795526335058
12759	13.6725014435208
12760	13.7596417393826
12761	13.8425866754331
12762	13.9218418578633
12763	13.9957767622762
12764	14.0631961527556
12765	14.1240468753342
12766	14.1787627745225
12767	14.228637431954
12768	14.2747122816272
12769	14.3187453218812
12770	14.3619365391459
12771	14.4047937289163
12772	14.4497581427944
12773	14.4983762355471
12774	14.5540674850125
12775	14.6168986340529
12776	14.6804401517668
12777	14.7353819926918
12778	14.7694351031089
12779	14.7708064860694
12780	14.7293695652821
12781	14.6360846494492
12782	14.4844054480036
12783	14.2712823053949
12784	13.9989461837889
12785	13.6697066228688
12786	13.2859587714448
12787	12.8532160637709
12788	12.3738837890179
12789	11.8523564418207
12790	11.295740111849
12791	10.7107806584687
12792	10.1066830165888
12793	9.49268773074385
12794	8.87689726234787
12795	8.26490150956796
12796	7.66134495395362
12797	7.07518637838215
12798	6.51355367286198
12799	5.97941952388223
12800	5.47575348314445
12801	5.00301791966817
12802	4.56218867680734
12803	4.15614099983635
12804	3.78315557645778
12805	3.4406356921106
12806	3.1287968479194
12807	2.84641388911241
12808	2.58923677681737
12809	2.35545737899498
12810	2.14334386288255
12811	1.9497755611013
12812	1.77327033093354
12813	1.61373779721477
12814	1.47258561077084
12815	1.34867957492212
12816	1.23881796854845
12817	1.14002233821586
12818	1.05179545887401
12819	0.977382877413836
12820	0.924086557218204
12821	0.900809969206961
12822	0.921258262701807
12823	0.997062027430406
12824	1.13133767563162
12825	1.32653792804705
12826	1.58693934583848
12827	1.91733050777681
12828	2.32278318223526
12829	2.80290683893923
12830	3.35462782643136
12831	3.97309277557312
12832	4.65018729907612
12833	5.38011429220257
12834	6.15235387543561
12835	6.95040974243441
12836	7.75943410287806
12837	8.56743716825149
12838	9.36186923048046
12839	10.1318134540951
12840	10.8689402356394
12841	11.5648096411015
12842	12.2139950873606
12843	12.8159644568356
12844	13.3717012274933
12845	13.8831800000741
12846	14.3513729169184
12847	14.7783506346058
12848	15.1701711100351
12849	15.530532666045
12850	15.862109289807
12851	16.1694210154813
12852	16.4561205477742
12853	16.7252470354911
12854	16.9789733167377
12855	17.2196806711905
12856	17.449463821748
12857	17.6703012804453
12858	17.8833831274996
12859	18.0924731109848
12860	18.2990051563571
12861	18.5041162219795
12862	18.7070242653441
12863	18.8978323632959
12864	19.0695380916834
12865	19.2203545964055
12866	19.3571908362523
12867	19.4910487382573
12868	19.6264299521544
12869	19.7642247643703
12870	19.9013993114565
12871	20.0336966927737
12872	20.1587558364033
12873	20.2754714602427
12874	20.3837134095232
12875	20.481765071802
12876	20.5693754371957
12877	20.6475268985664
12878	20.7173213611204
12879	20.7766080937853
12880	20.8228590498021
12881	20.8583885526564
12882	20.8841383926091
12883	20.9005349183509
12884	20.9071803275624
12885	20.9021983737044
12886	20.8855650852254
12887	20.8582033337798
12888	20.8208876874058
12889	20.7743713180163
12890	20.7172853132686
12891	20.6488743918945
12892	20.5707814360203
12893	20.4830167238158
12894	20.3858668028038
12895	20.279076278793
12896	20.1644289969357
12897	20.0443144081055
12898	19.9199980231329
12899	19.7914687101404
12900	19.6541128850874
12901	19.5050916945809
12902	19.3439619267884
12903	19.1750357066094
12904	19.0039022621895
12905	18.8342131241786
12906	18.6677043208744
12907	18.5067424968871
12908	18.3549625754684
12909	18.2101430833637
12910	18.0690124377035
12911	17.9258892648609
12912	17.7769569359671
12913	17.6204874486243
12914	17.4551339125199
12915	17.281778095335
12916	17.0986068290253
12917	16.9061559040378
12918	16.710328531261
12919	16.5151216779954
12920	16.3210227792039
12921	16.1317229747322
12922	15.9481132896183
12923	15.7679139003698
12924	15.5934945980122
12925	15.4265937175893
12926	15.2649980330498
12927	15.1074601242891
12928	14.9535743192509
12929	14.8017444225449
12930	14.6523869376394
12931	14.5058136039235
12932	14.3645779205693
12933	14.2292994929149
12934	14.0984263209431
12935	13.9727775281209
12936	13.8515898483103
12937	13.7338167340953
12938	13.6174086742183
12939	13.5036146154123
12940	13.3956298350764
12941	13.2914308133732
12942	13.1871687488665
12943	13.0811447441052
12944	12.9724795507959
12945	12.8601160892935
12946	12.7479985570549
12947	12.6371786385496
12948	12.5152074340217
12949	12.3659764129857
12950	12.1758060835892
12951	11.9354893685468
12952	11.6413614298843
12953	11.2926703979032
12954	10.8922991331921
12955	10.4472058702508
12956	9.96721720043826
12957	9.46222404182799
12958	8.94114297060612
12959	8.41310114705153
12960	7.88601812898779
12961	7.3658525296596
12962	6.85861915802392
12963	6.36915046998205
12964	5.90150286750669
12965	5.45739347679328
12966	5.03548212361166
12967	4.63592730230907
12968	4.2584955460239
12969	3.90097177846602
12970	3.56267725984718
12971	3.24243711888034
12972	2.93732095845091
12973	2.6443149029338
12974	2.36264848696317
12975	2.09662070977142
12976	1.85221003263078
12977	1.64092168321153
12978	1.47713610488113
12979	1.36830703978283
12980	1.30570543660608
12981	1.27381263171975
12982	1.2628701592704
12983	1.26675627599636
12984	1.29024603500135
12985	1.34083404324385
12986	1.41576635798963
12987	1.4994834339986
12988	1.57320437484614
12989	1.62418627073507
12990	1.64217956942203
12991	1.61799438384464
12992	1.55219432302549
12993	1.46305512271271
12994	1.37377294674935
12995	1.29434385031546
12996	1.22702379336649
12997	1.17562358810022
12998	1.14119587689799
12999	1.12666629252479
13000	1.14296157785585
13001	1.19988308556025
13002	1.29652706397896
13003	1.42532133833722
13004	1.5769375308572
13005	1.75540908489664
13006	1.97735339028834
13007	2.25408353889659
13008	2.59443647001026
13009	3.00598931386141
13010	3.49198255297824
13011	4.05106597166974
13012	4.68023334300493
13013	5.37380413570735
13014	6.12217859404083
13015	6.9134269861601
13016	7.73181840318859
13017	8.56344095903529
13018	9.39333094138032
13019	10.2057836046617
13020	10.9904211920978
13021	11.7379287052587
13022	12.4419435187333
13023	13.1006586523359
13024	13.7129022160686
13025	14.2755416518657
13026	14.7882230630414
13027	15.2653150249049
13028	15.7201440331765
13029	16.1561456526859
13030	16.5676012090451
13031	16.9384058556794
13032	17.2651838135579
13033	17.5576886281201
13034	17.8308479019984
13035	18.1011199469401
13036	18.3765805759189
13037	18.6555964152592
13038	18.9338893188538
13039	19.2110915017228
13040	19.4857414694173
13041	19.7551340135847
13042	20.0218779300857
13043	20.2856540622906
13044	20.5449578241483
13045	20.7950642065233
13046	21.0273776346726
13047	21.236542218308
13048	21.4231239880408
13049	21.5901973337855
13050	21.7417712994897
13051	21.8830008825169
13052	22.0091483720236
13053	22.1157592770077
13054	22.2063906656464
13055	22.2762738693695
13056	22.3187852749231
13057	22.337685173018
13058	22.3377655125017
13059	22.3206658264227
13060	22.2890854763212
13061	22.2462272057376
13062	22.1925170159645
13063	22.1302779119854
13064	22.0613393523491
13065	21.9794841614659
13066	21.8810625170633
13067	21.7656231223181
13068	21.6340251975084
13069	21.4909477126784
13070	21.3372541099902
13071	21.1725125162478
13072	20.9975893749012
13073	20.8172569837574
13074	20.6376247620192
13075	20.4636854335609
13076	20.3014797538726
13077	20.1564068453378
13078	20.0306285217985
13079	19.9245044250135
13080	19.8395678649565
13081	19.7767420837293
13082	19.7339415308713
13083	19.7078447386909
13084	19.6953720794328
13085	19.6925133138032
13086	19.6962576193412
13087	19.702804913581
13088	19.7070043248113
13089	19.704036407805
13090	19.6861435133531
13091	19.6446860096034
13092	19.5724885400834
13093	19.4585104251207
13094	19.2889397398659
13095	19.0537927796165
13096	18.7474910080256
13097	18.3653700688324
13098	17.9063141218181
13099	17.3737865004474
13100	16.7761584692422
13101	16.1249073854276
13102	15.4346645770533
13103	14.7186885984222
13104	13.988284925109
13105	13.2561188755456
13106	12.5333926931437
13107	11.829567950909
13108	11.152298932299
13109	10.5059025533523
13110	9.89489651264875
13111	9.3223793590286
13112	8.789246485447
13113	8.29268806242759
13114	7.82784572749481
13115	7.39375408863532
13116	6.98778446697458
13117	6.60484518654495
13118	6.24151965376786
13119	5.894872306493
13120	5.56409366678715
13121	5.25166267592379
13122	4.96329256344588
13123	4.70968886652039
13124	4.50355361412231
13125	4.34480705903254
13126	4.21562947088152
13127	4.09807888209126
13128	3.97959352213601
13129	3.84919724003843
13130	3.69945933164221
13131	3.52632649099449
13132	3.32979474509963
13133	3.11129514731828
13134	2.87377328960634
13135	2.62042114744376
13136	2.35514427002363
13137	2.08103953872075
13138	1.79969628716331
13139	1.51557836595509
13140	1.23305463791416
13141	0.95431222644132
13142	0.687407545704765
13143	0.445200335104339
13144	0.231921931497701
13145	0.0457268915245977
13146	-0.115322287323132
13147	-0.255723809000271
13148	-0.380780012848223
13149	-0.494901343113428
13150	-0.59581875665848
13151	-0.671357092756307
13152	-0.715439439949088
13153	-0.724335491792615
13154	-0.690805915964776
13155	-0.61407419611392
13156	-0.499277652789323
13157	-0.346969842408821
13158	-0.162017657183572
13159	0.0459378198498771
13160	0.274067232611585
13161	0.526877469020412
13162	0.808748977212842
13163	1.11943129285383
13164	1.45482221063054
13165	1.81172566188753
13166	2.18972093933361
13167	2.59097654364672
13168	3.01887335187788
13169	3.47070011327003
13170	3.93823949077222
13171	4.41595854985117
13172	4.90145576773018
13173	5.39058159192073
13174	5.8789867749768
13175	6.35993179756292
13176	6.82668265993648
13177	7.27569864172638
13178	7.70515127081053
13179	8.11254537384241
13180	8.49609975691611
13181	8.85584080855933
13182	9.1935476863513
13183	9.50881790322242
13184	9.79458295053637
13185	10.0418818208058
13186	10.2467818199527
13187	10.4096722670613
13188	10.5389484178793
13189	10.6379169678596
13190	10.7111634784406
13191	10.7673656328872
13192	10.8062962865676
13193	10.8314241821548
13194	10.8492166841454
13195	10.8640341604198
13196	10.8800192291974
13197	10.8974902877309
13198	10.9156225047549
13199	10.9346177516175
13200	10.9534648577581
13201	10.9743039721556
13202	10.9971820581123
13203	11.0194142186786
13204	11.042084256628
13205	11.0656629794797
13206	11.0896921133072
13207	11.1144571580326
13208	11.1394762258438
13209	11.1615852791286
13210	11.1808984171582
13211	11.2003604531282
13212	11.2181490762874
13213	11.230929078748
13214	11.2386901058022
13215	11.244916341745
13216	11.2534502204428
13217	11.2669384901816
13218	11.2858862107939
13219	11.3071737817255
13220	11.3280976966739
13221	11.3503350004691
13222	11.3765233875721
13223	11.4059037561507
13224	11.4340906030567
13225	11.4585938377227
13226	11.4812261017221
13227	11.5040407853471
13228	11.5272020929696
13229	11.5480162129414
13230	11.5663226673352
13231	11.5856623155848
13232	11.6057463710593
13233	11.623010823203
13234	11.6369548727753
13235	11.6513064646115
13236	11.667765301464
13237	11.6843025349185
13238	11.6985957543901
13239	11.7126447330255
13240	11.72836787901
13241	11.7445028159314
13242	11.7597382878224
13243	11.772310248276
13244	11.7826561795471
13245	11.791151912865
13246	11.798019116838
13247	11.8029818884909
13248	11.8035680773902
13249	11.7973452409948
13250	11.7836641786734
13251	11.7670255129586
13252	11.7524498125728
13253	11.7411859369416
13254	11.7282361525752
13255	11.7125977589008
13256	11.6954281953506
13257	11.6753191799096
13258	11.6509191247364
13259	11.6250241904311
13260	11.60531405879
13261	11.5950663661263
13262	11.587874039343
13263	11.5711953896395
13264	11.53953364833
13265	11.5024852183221
13266	11.471926556577
13267	11.4532962775229
13268	11.4502653256846
13269	11.4627963734377
13270	11.4917807913288
13271	11.5393602080839
13272	11.6073203535737
13273	11.7025616836439
13274	11.833494567291
13275	12.0075197814444
13276	12.2319941607128
13277	12.5111933447556
13278	12.8448501718446
13279	13.2302366431894
13280	13.6613568289532
13281	14.1310287207925
13282	14.630863296264
13283	15.1511698318311
13284	15.6837737215895
13285	16.2211883251718
13286	16.7574076399618
13287	17.2859594154018
13288	17.7965973410673
13289	18.2767307962649
13290	18.7127224008209
13291	19.0885784085214
13292	19.3904923103977
13293	19.616627833671
13294	19.7714447363209
13295	19.8691324509819
13296	19.9321423650938
13297	19.9842447212849
13298	20.0430985824431
13299	20.1039640453077
13300	20.1507243974839
13301	20.1768340035306
13302	20.1900747322156
13303	20.2054654121369
13304	20.2336154923076
13305	20.2800213837522
13306	20.3471027127107
13307	20.4327989222928
13308	20.5355997421607
13309	20.6532751342255
13310	20.7771474294232
13311	20.8940281396419
13312	20.9981860942652
13313	21.0941948333531
13314	21.1885235917204
13315	21.2843252016628
13316	21.3819452243694
13317	21.477555220879
13318	21.564567188088
13319	21.6301795838609
13320	21.6620232072294
13321	21.6613133145143
13322	21.6322392893689
13323	21.570883226382
13324	21.469879094901
13325	21.3333253666308
13326	21.1708506737566
13327	20.9876598493913
13328	20.7907023168661
13329	20.5870033305599
13330	20.3811399438435
13331	20.1758768794533
13332	19.974515935356
13333	19.7779767704659
13334	19.58574382274
13335	19.3995078700464
13336	19.2207001265066
13337	19.0491109317088
13338	18.8837099537994
13339	18.7241789811697
13340	18.5707177209454
13341	18.4214892593345
13342	18.2758205067738
13343	18.1348964238693
13344	17.9976345015705
13345	17.8621770197744
13346	17.7280614311837
13347	17.5973230059004
13348	17.4713168706825
13349	17.3510821877161
13350	17.2386789506131
13351	17.1360060601469
13352	17.0462322848153
13353	16.9703800294294
13354	16.9011816841573
13355	16.8219807989594
13356	16.712726586811
13357	16.558708382604
13358	16.3493690071853
13359	16.0768462502784
13360	15.7403727100407
13361	15.3451129225719
13362	14.895631968961
13363	14.3985648797628
13364	13.8604868799074
13365	13.2905263719747
13366	12.6993081361433
13367	12.0942917590119
13368	11.4820478776818
13369	10.8693760946684
13370	10.2646862671108
13371	9.67401225924493
13372	9.09970376583789
13373	8.54575484131116
13374	8.01618053909696
13375	7.51365375660769
13376	7.03738906745366
13377	6.58764992942854
13378	6.16624111445491
13379	5.76956625751566
13380	5.39393034774595
13381	5.03980609463189
13382	4.70562985429992
13383	4.38894043081627
13384	4.08810702567008
13385	3.80085509325729
13386	3.52634780765982
13387	3.26376335457256
13388	3.01182792127271
13389	2.76903062166539
13390	2.53535488675384
13391	2.31104744084238
13392	2.0950242088833
13393	1.88735352169671
13394	1.68792053585096
13395	1.49538402263991
13396	1.30940693013059
13397	1.13372036669698
13398	0.972527077808411
13399	0.83631076624862
13400	0.736134171835784
13401	0.683008498824011
13402	0.688821530931782
13403	0.754040164794153
13404	0.876110061794376
13405	1.05047005366968
13406	1.26969706894799
13407	1.53049285291369
13408	1.83148024480588
13409	2.16894575190482
13410	2.54168403577298
13411	2.95704847616183
13412	3.41239334386586
13413	3.90009251526019
13414	4.42087089479376
13415	4.97009985104818
13416	5.54203542432137
13417	6.14121661478016
13418	6.77406102709831
13419	7.43895606021584
13420	8.13085145032494
13421	8.84409908640907
13422	9.57028476182176
13423	10.3016137108869
13424	11.0297184546122
13425	11.7448167752649
13426	12.4394863032034
13427	13.1067571194698
13428	13.7422094663585
13429	14.345607111428
13430	14.9149588488277
13431	15.4484285329044
13432	15.9400360446679
13433	16.3759990888094
13434	16.7468319821728
13435	17.047688620547
13436	17.2724828344332
13437	17.4288040878717
13438	17.535841352048
13439	17.6152134840617
13440	17.6910540564651
13441	17.779969404603
13442	17.8926637677087
13443	18.0361773002847
13444	18.2122222567935
13445	18.4185158768
13446	18.6508851841233
13447	18.9047017827306
13448	19.1730296916737
13449	19.4521666957444
13450	19.7382015746996
13451	20.0160681717861
13452	20.2767388219576
13453	20.5203672410527
13454	20.7390122219237
13455	20.9292123022333
13456	21.0951598424503
13457	21.2395315067638
13458	21.3700751047596
13459	21.494388117569
13460	21.6162353445714
13461	21.7389374276664
13462	21.8641290784055
13463	21.9923715875929
13464	22.1264477259302
13465	22.2667566520319
13466	22.4094354217515
13467	22.5502725226581
13468	22.6835940456196
13469	22.7949724855427
13470	22.8706222026817
13471	22.9054663174608
13472	22.8937876620266
13473	22.8342172915244
13474	22.7350800710041
13475	22.6027757198206
13476	22.4386182385988
13477	22.2423725154583
13478	22.0128005558412
13479	21.7486430505536
13480	21.4500117473696
13481	21.1175066931902
13482	20.7514720718755
13483	20.35350378887
13484	19.9226609165042
13485	19.4602599926589
13486	18.9693666822647
13487	18.4544532647141
13488	17.9213044232154
13489	17.37512759287
13490	16.8231399674307
13491	16.2697022382763
13492	15.7198527434652
13493	15.1791417264586
13494	14.6500902323429
13495	14.1370824951838
13496	13.646894629598
13497	13.1822258723868
13498	12.741507027978
13499	12.3236332384765
13500	11.9295611741221
13501	11.5605462217174
13502	11.2178438789847
13503	10.9025814764903
13504	10.6178333917362
13505	10.3651687079862
13506	10.1389222815532
13507	9.94352292027903
13508	9.77507837933305
13509	9.62348560992964
13510	9.48408952155661
13511	9.35120943781079
13512	9.22437507249224
13513	9.10335412420593
13514	8.98572062206007
13515	8.8664467581456
13516	8.7435667791252
13517	8.61967391566075
13518	8.49630944103992
13519	8.37121471560887
13520	8.24923788530842
13521	8.13717347724877
13522	8.03415620584752
13523	7.93706272646878
13524	7.84478669148915
13525	7.7567899199151
13526	7.6759558941821
13527	7.6057770378518
13528	7.54624014246255
13529	7.49882077550855
13530	7.46313332626975
13531	7.43606927405776
13532	7.41322979406117
13533	7.3908065739146
13534	7.36908210756903
13535	7.35189758487957
13536	7.34101104004692
13537	7.33074597679795
13538	7.31854955460996
13539	7.30242819639483
13540	7.27914294700326
13541	7.25075723827885
13542	7.21912419051511
13543	7.18320800721764
13544	7.14511327230909
13545	7.10664507009341
13546	7.06838494624835
13547	7.03604698494524
13548	7.01036752670665
13549	6.98776319245917
13550	6.96878251366871
13551	6.95347401826185
13552	6.94051000634199
13553	6.9326219859465
13554	6.93100126926157
13555	6.9311627205295
13556	6.93214223621986
13557	6.93834364799723
13558	6.95525968899712
13559	6.99072035072992
13560	7.04625307599725
13561	7.11170205835373
13562	7.17339135516772
13563	7.23350816483082
13564	7.30484348286869
13565	7.40295821930441
13566	7.53775265744581
13567	7.69316408187982
13568	7.84940130080252
13569	8.0022998285364
13570	8.15557385863885
13571	8.32270367716992
13572	8.51590099220834
13573	8.73980625929259
13574	9.00000793480007
13575	9.30039613741677
13576	9.63936007370505
13577	10.0130608525531
13578	10.4195422151779
13579	10.8584510920504
13580	11.3278078070653
13581	11.8108448779855
13582	12.2834642299094
13583	12.7315114361472
13584	13.1565642566941
13585	13.5653449693757
13586	13.9606929681632
13587	14.3493980144147
13588	14.7341514901944
13589	15.1025998059959
13590	15.4332479500063
13591	15.7241999845557
13592	15.9852550648757
13593	16.2091057354052
13594	16.3772455485272
13595	16.4913043014467
13596	16.5622822705981
13597	16.5947799689289
13598	16.6030960338794
13599	16.5962089402538
13600	16.5797460579461
13601	16.5547193388216
13602	16.5199562472713
13603	16.4748039093058
13604	16.413142654402
13605	16.3396084427137
13606	16.2605429871844
13607	16.184783149816
13608	16.1243762028489
13609	16.0878059169395
13610	16.0851523279433
13611	16.1228162247387
13612	16.2022462914936
13613	16.3203245361461
13614	16.4723578232398
13615	16.6556776060905
13616	16.8614487712758
13617	17.0803702050673
13618	17.3055918033361
13619	17.5225990934552
13620	17.7232612324377
13621	17.9073062580575
13622	18.073320177997
13623	18.2173968118788
13624	18.3338306203988
13625	18.4144740215119
13626	18.4530221511922
13627	18.4434949798738
13628	18.3780100801045
13629	18.2545989515827
13630	18.0794468095984
13631	17.8647817111496
13632	17.6258512930552
13633	17.3600196286663
13634	17.0595189468719
13635	16.7311872021251
13636	16.3817908267058
13637	16.0145873395185
13638	15.6284329592461
13639	15.2215176029119
13640	14.7939193421384
13641	14.3486950566811
13642	13.890288975525
13643	13.4221106473096
13644	12.947990069842
13645	12.4729586079967
13646	12.0016937480394
13647	11.5391528876012
13648	11.0898857299219
13649	10.6564781837742
13650	10.2407876774782
13651	9.84531831948096
13652	9.47201170610145
13653	9.11976163094861
13654	8.78696110263462
13655	8.47282420499744
13656	8.17839659599888
13657	7.90558969273492
13658	7.65887595447809
13659	7.43653259220459
13660	7.23882145707115
13661	7.06220710752502
13662	6.89776545769289
13663	6.74452242060195
13664	6.6031439500966
13665	6.47297052391388
13666	6.35735638028332
13667	6.26251234442419
13668	6.18774091203605
13669	6.12852491996956
13670	6.08159612109973
13671	6.04383153907652
13672	6.01446655368953
13673	5.99571940559035
13674	5.98729547964073
13675	5.98982293498652
13676	6.00255760533287
13677	6.0200634036061
13678	6.04023100390849
13679	6.06172670607937
13680	6.08650022334302
13681	6.11850554725238
13682	6.15607893766443
13683	6.19389596975411
13684	6.22807518897761
13685	6.25650797024155
13686	6.28074850076479
13687	6.30310074358577
13688	6.32152809046444
13689	6.33673295628704
13690	6.35124859793141
13691	6.36879281328524
13692	6.39493771554032
13693	6.43237080516152
13694	6.47583228813567
13695	6.52172568303388
13696	6.57023210172927
13697	6.62499677902908
13698	6.69355468590272
13699	6.77548796368809
13700	6.86152057045171
13701	6.94839879262121
13702	7.0336662931324
13703	7.10759268198528
13704	7.16677768073048
13705	7.21210311386724
13706	7.24143295151346
13707	7.25164032014252
13708	7.24204854454402
13709	7.20930018236828
13710	7.15108147120184
13711	7.07192265315156
13712	6.97821596962724
13713	6.87345190853556
13714	6.75772753760678
13715	6.63314660779326
13716	6.50291169144065
13717	6.368580274275
13718	6.232141356779
13719	6.09588621003423
13720	5.96191319943494
13721	5.83465532809274
13722	5.7207772532915
13723	5.62869900262882
13724	5.56735435052873
13725	5.53353600289413
13726	5.51976616014471
13727	5.52060264753385
13728	5.52836316742329
13729	5.53982862869915
13730	5.55185986115626
13731	5.56061099456845
13732	5.56592086024726
13733	5.56867249395958
13734	5.56803653683021
13735	5.56457321349795
13736	5.55980776710686
13737	5.55405440291342
13738	5.5474915639224
13739	5.53999311564336
13740	5.53066987920997
13741	5.51893938962784
13742	5.50632641471245
13743	5.49494167441317
13744	5.48556099494884
13745	5.47760640632051
13746	5.47065813436342
13747	5.46521086173772
13748	5.46234393751193
13749	5.46263257946199
13750	5.46602359803807
13751	5.47102976834252
13752	5.47657515949752
13753	5.48370018539466
13754	5.49365682864126
13755	5.50720866567825
13756	5.52552880264796
13757	5.54814299554348
13758	5.5725511370968
13759	5.59813233188984
13760	5.62699865216018
13761	5.65962256770842
13762	5.69431292718842
13763	5.73224636864336
13764	5.77411717230879
13765	5.81529908641632
13766	5.85148691140818
13767	5.87958052726884
13768	5.90019279357478
13769	5.91727469452707
13770	5.93814931407962
13771	5.97196609023398
13772	6.02768566540616
13773	6.11138495356987
13774	6.22658392517666
13775	6.37574537124088
13776	6.55968569233179
13777	6.7777124525705
13778	7.02768962400683
13779	7.30523264320103
13780	7.60555243896283
13781	7.92362734558242
13782	8.25350772340825
13783	8.59305829333058
13784	8.9393960752852
13785	9.28773657041901
13786	9.63435899201212
13787	9.97440958573529
13788	10.3036483249046
13789	10.6202019684644
13790	10.9220354985082
13791	11.2072559087799
13792	11.4759778110338
13793	11.7288107189917
13794	11.9665432244455
13795	12.1892736694163
13796	12.396799922775
13797	12.5907905152259
13798	12.7701904449519
13799	12.9317362318434
13800	13.0756374934285
13801	13.2051240020004
13802	13.32181056524
13803	13.4273684885806
13804	13.5226697593945
13805	13.6082540813323
13806	13.6860493555408
13807	13.7569995995773
13808	13.8204549126448
13809	13.8755083095392
13810	13.9228482547494
13811	13.9636158314475
13812	13.9985427403258
13813	14.0271637975963
13814	14.0492463588608
13815	14.0662623133267
13816	14.0781931394279
13817	14.082615265316
13818	14.0795456286184
13819	14.0700508738104
13820	14.0536367096645
13821	14.0307255690333
13822	14.0019363767622
13823	13.9678248894078
13824	13.928539733358
13825	13.8842367653437
13826	13.8339199068535
13827	13.7753225516554
13828	13.7109563357345
13829	13.6455030661908
13830	13.5830213668663
13831	13.5274885774272
13832	13.4759870471928
13833	13.4239157501954
13834	13.3624813161321
13835	13.2743664721022
13836	13.145933858491
13837	12.9650086289578
13838	12.7218280657837
13839	12.4118903667811
13840	12.0334822086188
13841	11.5912135436251
13842	11.0917718473899
13843	10.5393701810264
13844	9.94315505490357
13845	9.31508924375437
13846	8.66323859106554
13847	7.99424644104206
13848	7.31829300018698
13849	6.6472904177795
13850	5.99103122619337
13851	5.35586279869208
13852	4.74604662931279
13853	4.16634033262779
13854	3.62057075041259
13855	3.10972512026025
13856	2.63406754157043
13857	2.19443230376001
13858	1.78861890216303
13859	1.41335770940534
13860	1.06835112570988
13861	0.752151635819618
13862	0.460835125987753
13863	0.193482671253206
13864	-0.0513892672455337
13865	-0.277276737488896
13866	-0.487318976737624
13867	-0.684427880232752
13868	-0.868467562349196
13869	-1.03843642623965
13870	-1.19687291313952
13871	-1.34593942218353
13872	-1.48633695221988
13873	-1.6194107000263
13874	-1.74619461853708
13875	-1.86618282523035
13876	-1.97770457666184
13877	-2.08076421550507
13878	-2.17711145617721
13879	-2.26891542431122
13880	-2.35674808784508
13881	-2.43919724098107
13882	-2.51642675656954
13883	-2.58968485103566
13884	-2.65974406708732
13885	-2.72694063855759
13886	-2.79100678579273
13887	-2.85184903481839
13888	-2.90834072573766
13889	-2.96000098444237
13890	-3.00736651700829
13891	-3.04806274494646
13892	-3.08055854633824
13893	-3.10692000178111
13894	-3.1288847170247
13895	-3.1469321813473
13896	-3.15472279931465
13897	-3.13595305249149
13898	-3.07478543858536
13899	-2.95620070809413
13900	-2.76928650882812
13901	-2.5076235472351
13902	-2.16667173447768
13903	-1.74495491031753
13904	-1.24427657781915
13905	-0.668586884258817
13906	-0.0221192772404942
13907	0.683089845847145
13908	1.43289344853766
13909	2.21631956572822
13910	3.02009770637497
13911	3.82695771102119
13912	4.62011850479873
13913	5.38850335422752
13914	6.12464492810372
13915	6.82104594188597
13916	7.47325636974628
13917	8.07968160599308
13918	8.64030972441616
13919	9.15633346377159
13920	9.63049632887478
13921	10.0670859431911
13922	10.47080362594
13923	10.8446313568584
13924	11.1915656234036
13925	11.515999167308
13926	11.821714218341
13927	12.1106318984602
13928	12.3821040111359
13929	12.6362946701503
13930	12.8755777752655
13931	13.1036850002726
13932	13.3233659141863
13933	13.5347938571564
13934	13.7373126259565
13935	13.9318486921894
13936	14.1205319587278
13937	14.3052167526757
13938	14.484280961985
13939	14.6565474663679
13940	14.8234172063631
13941	14.986782482855
13942	15.1503166293631
13943	15.3186525739414
13944	15.4942793485728
13945	15.669310300575
13946	15.8237627269259
13947	15.9411868919701
13948	16.0258922315231
13949	16.0866532658188
13950	16.1219302718612
13951	16.127958126033
13952	16.1112213529295
13953	16.0864018992985
13954	16.0601533344375
13955	16.0307075431077
13956	15.9947949080474
13957	15.9483321091873
13958	15.8923461833994
13959	15.8303386175314
13960	15.7633850595208
13961	15.6899059330808
13962	15.6049119741803
13963	15.5015387816479
13964	15.3765911268724
13965	15.2338493011833
13966	15.0806072000015
13967	14.9212326981757
13968	14.753803577392
13969	14.5745702539957
13970	14.387771225218
13971	14.2039644051128
13972	14.0271146781359
13973	13.8538750147769
13974	13.6834652816119
13975	13.5178774054174
13976	13.3583944977624
13977	13.2042248276913
13978	13.0516238670333
13979	12.9006457654245
13980	12.7531776891589
13981	12.6113508567171
13982	12.4731436206946
13983	12.3297401102452
13984	12.1749276939204
13985	12.0107205605905
13986	11.8426702449575
13987	11.6712497253298
13988	11.4900865771535
13989	11.2883792586521
13990	11.0614701830341
13991	10.8193281793695
13992	10.5750888695058
13993	10.3275207666863
13994	10.0692482345052
13995	9.79377139392352
13996	9.49441924008636
13997	9.16696176035069
13998	8.80859909141174
13999	8.42142724677568
14000	8.01002738171364
14001	7.57806154810929
14002	7.12975125660999
14003	6.67072438181637
14004	6.20612045267238
14005	5.74301583338317
14006	5.28961672338024
14007	4.85583982642975
14008	4.45145557818217
14009	4.0858384989018
14010	3.76549132510315
14011	3.49320397333582
14012	3.27157067395352
14013	3.09386832399964
14014	2.95471479710897
14015	2.85346989906937
14016	2.78045492438541
14017	2.72420715163202
14018	2.67332566704738
14019	2.61711664052733
14020	2.55118766517711
14021	2.477749973427
14022	2.40021084254448
14023	2.32003081661112
14024	2.24444778098141
14025	2.18449781384539
14026	2.15097899906276
14027	2.15596650555002
14028	2.20924410631033
14029	2.31947423894688
14030	2.49636072470414
14031	2.74207260342525
14032	3.04655249132039
14033	3.39968723252042
14034	3.79200785877977
14035	4.2176957959006
14036	4.68081212450659
14037	5.1908651608449
14038	5.75025611651573
14039	6.3540526307555
14040	6.9979473200326
14041	7.6684622678069
14042	8.34621233265046
14043	9.01002472073732
14044	9.64640514936906
14045	10.2638613705091
14046	10.8721316008134
14047	11.4597318839359
14048	12.0059084678879
14049	12.5154962026345
14050	12.9884112036529
14051	13.4076169696405
14052	13.7690505345163
14053	14.0713909906439
14054	14.3225698582981
14055	14.538777747187
14056	14.737100363528
14057	14.9349058531257
14058	15.1436836518354
14059	15.367673871632
14060	15.609288997317
14061	15.8685416605325
14062	16.1414775001806
14063	16.4245288892995
14064	16.715163084199
14065	17.0097523932364
14066	17.3044601166963
14067	17.5968436139917
14068	17.8833398082498
14069	18.1593011610594
14070	18.4235611257062
14071	18.6762488672357
14072	18.9230838652875
14073	19.1663653584094
14074	19.4042792293522
14075	19.6328889807823
14076	19.8371994222234
14077	20.0007411479186
14078	20.1155942372464
14079	20.1895378958666
14080	20.2297855486459
14081	20.2341296485869
14082	20.2051959778092
14083	20.1491857271403
14084	20.0763110079139
14085	19.9941288394254
14086	19.9077284775052
14087	19.8226930156534
14088	19.7388911915558
14089	19.6551199698442
14090	19.5700814003371
14091	19.4821248141312
14092	19.3921030679699
14093	19.301346579685
14094	19.2118209880242
14095	19.1183548248343
14096	19.0130581876617
14097	18.8993606094735
14098	18.7834543699319
14099	18.6690983994877
14100	18.5586573428914
14101	18.4518326550308
14102	18.3476739829703
14103	18.2435025195382
14104	18.1386555277211
14105	18.0289418092915
14106	17.9103624903738
14107	17.7807297418484
14108	17.6370579338804
14109	17.4802698720027
14110	17.3139077264945
14111	17.140671458232
14112	16.957768138936
14113	16.7646063887469
14114	16.5656148897762
14115	16.3700143680779
14116	16.1857930773795
14117	16.0180743859905
14118	15.874360646776
14119	15.7564516136703
14120	15.6582414320784
14121	15.5736280849531
14122	15.4967434874753
14123	15.4154605823233
14124	15.321672894319
14125	15.2161585167619
14126	15.1000917878329
14127	14.9757023929385
14128	14.8430362580339
14129	14.700710356956
14130	14.5495713315717
14131	14.390018159166
14132	14.2219866091461
14133	14.0501826008302
14134	13.8785304743359
14135	13.7082091387224
14136	13.542425592606
14137	13.3828327193614
14138	13.2294772119191
14139	13.0817580857713
14140	12.9388542177498
14141	12.8000263875881
14142	12.6631318241987
14143	12.5263057851458
14144	12.3890120543422
14145	12.250244125626
14146	12.109127859988
14147	11.966854446791
14148	11.8247276599189
14149	11.683360260321
14150	11.54600480151
14151	11.4131346281722
14152	11.2846505011419
14153	11.1605604195151
14154	11.0390244589834
14155	10.9184367946234
14156	10.7976071838615
14157	10.6760908934355
14158	10.5543085012242
14159	10.4325939722195
14160	10.3063584314693
14161	10.1776069452467
14162	10.0641120336794
14163	9.98314854082411
14164	9.94388600319946
14165	9.95521505278753
14166	10.024034470495
14167	10.1498771486228
14168	10.3298180075775
14169	10.5588285180362
14170	10.8316897908353
14171	11.1464177032077
14172	11.4971179294571
14173	11.8794061370376
14174	12.2897453122472
14175	12.7223618453666
14176	13.1717939979756
14177	13.631317326537
14178	14.0969717070034
14179	14.5642480042797
14180	15.0272483711077
14181	15.480601927334
14182	15.9185401764412
14183	16.3377587297295
14184	16.7369895192586
14185	17.1160969516073
14186	17.4733629235918
14187	17.8074058175552
14188	18.1185586411736
14189	18.4056539613329
14190	18.6672397780022
14191	18.9029037806442
14192	19.1141612022515
14193	19.3032935928089
14194	19.4733670511617
14195	19.6255253066402
14196	19.7582164043294
14197	19.871859026906
14198	19.9697683635747
14199	20.0559637557296
14200	20.1354862336325
14201	20.2125212133503
14202	20.2837666833805
14203	20.3376878874134
14204	20.3609744604743
14205	20.3440708226487
14206	20.2828859593046
14207	20.1779961509141
14208	20.0320311038431
14209	19.8449347269045
14210	19.6145374471292
14211	19.3455949036023
14212	19.0442705515651
14213	18.7194475789995
14214	18.378405022585
14215	18.0239186124833
14216	17.6596080039863
14217	17.2829065424848
14218	16.8929277262921
14219	16.4971893299516
14220	16.1055266421427
14221	15.7247079259737
14222	15.3588102482512
14223	15.0097439952662
14224	14.6773221545061
14225	14.363431828593
14226	14.0684897936584
14227	13.7908845643768
14228	13.5306369628536
14229	13.2870321559695
14230	13.0596425788379
14231	12.8481469584955
14232	12.6452412031635
14233	12.4370142551635
14234	12.2207825726594
14235	11.9979190765316
14236	11.766394868506
14237	11.5286560157146
14238	11.2891419309713
14239	11.0492404247693
14240	10.8137915985282
14241	10.5874210967656
14242	10.3678853316268
14243	10.1543906956476
14244	9.94711973770505
14245	9.7464102555211
14246	9.55241040205691
14247	9.36695447946234
14248	9.18952297492253
14249	9.02016551728037
14250	8.86074903047819
14251	8.7101989640538
14252	8.56719142627092
14253	8.43499780844267
14254	8.31708456632613
14255	8.21400882055305
14256	8.13296670962763
14257	8.07868726117176
14258	8.05384667979038
14259	8.06616298560487
14260	8.11963997222418
14261	8.21706074614759
14262	8.3616747697462
14263	8.55624671167492
14264	8.80062927042215
14265	9.09001843358486
14266	9.4208242291952
14267	9.79401480866789
14268	10.2121954303468
14269	10.667286380833
14270	11.14290635624
14271	11.628551454681
14272	12.1204465722958
14273	12.6171044690777
14274	13.1200123544097
14275	13.627517192971
14276	14.1336826690913
14277	14.6232175281772
14278	15.0693561287147
14279	15.4699393660653
14280	15.8348102890051
14281	16.162227254489
14282	16.4427831553392
14283	16.6735847034706
14284	16.8565701381672
14285	16.9942607339973
14286	17.0946712595827
14287	17.1618268573029
14288	17.2011861800959
14289	17.2132814674981
14290	17.1970405214143
14291	17.1565215589367
14292	17.0957365218715
14293	17.0176201851525
14294	16.9299049619508
14295	16.837374443202
14296	16.7378336745545
14297	16.630820384564
14298	16.5154954760136
14299	16.3879813892615
14300	16.2465925031517
14301	16.0946216999013
14302	15.9309679015102
14303	15.7534507708716
14304	15.5662598863858
14305	15.3757949600754
14306	15.1897492684574
14307	15.0175405720527
14308	14.866718955223
14309	14.739916740516
14310	14.6383263989478
14311	14.5619482242
14312	14.5110440473037
14313	14.486035883287
14314	14.4858478256072
14315	14.5074095758877
14316	14.5478437693228
14317	14.6002011331179
14318	14.6531838521084
14319	14.7002466166395
14320	14.737780776009
14321	14.762658315511
14322	14.7656628444345
14323	14.7366848695134
14324	14.6724092450746
14325	14.5707282102128
14326	14.4330043420764
14327	14.2609087675716
14328	14.0546466854179
14329	13.8169519700215
14330	13.5530037473108
14331	13.2666226782554
14332	12.9616665969155
14333	12.643434469399
14334	12.315821555149
14335	11.9829358260185
14336	11.6495302193865
14337	11.3202879065995
14338	10.9972028640816
14339	10.681293623701
14340	10.3738751649575
14341	10.0768222813319
14342	9.79228714537102
14343	9.52169942781767
14344	9.26552357597964
14345	9.02196247341188
14346	8.78900095398349
14347	8.56681335310942
14348	8.35671396922077
14349	8.15998309099472
14350	7.97679056724233
14351	7.80864649990091
14352	7.65667958754032
14353	7.52010867177488
14354	7.40322900095703
14355	7.31241087866569
14356	7.25097249671185
14357	7.22318037046648
14358	7.23451924704128
14359	7.28683155704109
14360	7.37853733741379
14361	7.51021944447917
14362	7.68309692394464
14363	7.89505714757247
14364	8.14252712643943
14365	8.42113355323204
14366	8.72881551860692
14367	9.06357185026937
14368	9.42247388560116
14369	9.80363185395312
14370	10.2031823704583
14371	10.6163708863202
14372	11.0415898066561
14373	11.476616016136
14374	11.9175902104004
14375	12.3605360324184
14376	12.7999435593785
14377	13.2310007797839
14378	13.6500005743511
14379	14.0522923932006
14380	14.4352032940975
14381	14.7972392018227
14382	15.137889655742
14383	15.4566782285388
14384	15.7511945031734
14385	16.0207800605019
14386	16.2661233988204
14387	16.4887949913167
14388	16.6907866146387
14389	16.8740338112266
14390	17.0407682045524
14391	17.1926367554927
14392	17.3306639571286
14393	17.45690074992
14394	17.5719360903165
14395	17.6752150335143
14396	17.7680426499021
14397	17.8517724823759
14398	17.9239972046417
14399	17.9823390337498
14400	18.0214854603087
14401	18.0301812373152
14402	18.00032603461
14403	17.9237121690443
14404	17.7955276321921
14405	17.6179182150993
14406	17.3930120606056
14407	17.122784952952
14408	16.8100977574919
14409	16.4574963093433
14410	16.0682829878976
14411	15.6462590173327
14412	15.1938023364568
14413	14.715139173728
14414	14.2164534903474
14415	13.7015261030803
14416	13.1769538609484
14417	12.6502206409545
14418	12.1255307643798
14419	11.6069315667876
14420	11.1007627208196
14421	10.6122115030804
14422	10.1434582775723
14423	9.69787316516034
14424	9.27732744761552
14425	8.88156147185057
14426	8.51033395789248
14427	8.16265351836902
14428	7.83769499026984
14429	7.53398774566076
14430	7.2502179971381
14431	6.98607145847784
14432	6.74031582957518
14433	6.50978215384435
14434	6.29217763753792
14435	6.08587565837628
14436	5.88839254907886
14437	5.70009338497656
14438	5.52193732769293
14439	5.35349905789935
14440	5.19595331111252
14441	5.04751764247438
14442	4.90590166347423
14443	4.77228696157476
14444	4.64532359523955
14445	4.52225445883497
14446	4.40305797588282
14447	4.28904903734228
14448	4.18436392135619
14449	4.09407124089206
14450	4.02099457560759
14451	3.97001995306873
14452	3.9422399925825
14453	3.93352878842617
14454	3.94108695765155
14455	3.96364751282275
14456	4.00161413805357
14457	4.05554258862157
14458	4.12369095550155
14459	4.20419392555406
14460	4.29459721482247
14461	4.39077654367036
14462	4.4919139771263
14463	4.59754176543581
14464	4.70778985091037
14465	4.82147532886424
14466	4.93381683999046
14467	5.04183199403706
14468	5.14800700793907
14469	5.25504063632376
14470	5.36085818089055
14471	5.463091500863
14472	5.55882077038282
14473	5.64631782181251
14474	5.73015746314039
14475	5.81443721756152
14476	5.89661749387585
14477	5.97572799806113
14478	6.05429726808205
14479	6.13323098243361
14480	6.21186644761695
14481	6.2894119078182
14482	6.36591037184465
14483	6.44025201406006
14484	6.51062803222846
14485	6.57826686861274
14486	6.64378653403323
14487	6.7048464212604
14488	6.75778349535442
14489	6.80034884137515
14490	6.83807722245457
14491	6.8811279600061
14492	6.92905319247753
14493	6.96634028748198
14494	6.97821689823774
14495	6.96431103223891
14496	6.93498343698198
14497	6.90627000265258
14498	6.88519258514678
14499	6.86004667556072
14500	6.82284408335051
14501	6.78502669268894
14502	6.75605524485574
14503	6.73736307886349
14504	6.72439776656005
14505	6.70841058871849
14506	6.68789628743065
14507	6.67072295418924
14508	6.66567979807357
14509	6.66716716417272
14510	6.6594035768189
14511	6.63554345485512
14512	6.60826874912696
14513	6.59546478263686
14514	6.6011196080791
14515	6.6135998155352
14516	6.61673321714332
14517	6.60328731009488
14518	6.57974150982343
14519	6.5599429409141
14520	6.55414888771344
14521	6.56107753810253
14522	6.56984750649694
14523	6.5687584280128
14524	6.55881001351352
14525	6.55588520152041
14526	6.57263433107487
14527	6.59982652954122
14528	6.61722815848825
14529	6.61968480144964
14530	6.62325958079985
14531	6.64368089201917
14532	6.67993131117738
14533	6.71682086241443
14534	6.73757977121418
14535	6.7418425602708
14536	6.74435369117025
14537	6.75831499986262
14538	6.78585689410078
14539	6.81755774650321
14540	6.84088127961579
14541	6.85192007510717
14542	6.85864269616022
14543	6.8695502789549
14544	6.88685437917693
14545	6.90728683499819
14546	6.92150770376865
14547	6.92468034135731
14548	6.92432591325253
14549	6.93175317344846
14550	6.95001334875707
14551	6.97193793146013
14552	6.98464411011458
14553	6.98410156259915
14554	6.98124021989448
14555	6.98904967952317
14556	7.01123266559715
14557	7.0427987146569
14558	7.0797067043937
14559	7.12358406154671
14560	7.17343424339413
14561	7.22475505673481
14562	7.27655525017726
14563	7.32849360080288
14564	7.37419059334776
14565	7.40778335049411
14566	7.42898841466011
14567	7.44067763193142
14568	7.44538717058059
14569	7.44315524643639
14570	7.43011305745766
14571	7.39617163462468
14572	7.32995864000566
14573	7.22254098558999
14574	7.06760773701483
14575	6.86004858700577
14576	6.5992308851288
14577	6.29066704279013
14578	5.94007349915319
14579	5.55283465118906
14580	5.13573626035625
14581	4.6957377181909
14582	4.23923695621955
14583	3.77333961325515
14584	3.30529137822485
14585	2.84211442246262
14586	2.38964882402936
14587	1.95131968676966
14588	1.53046309577031
14589	1.13115613466004
14590	0.757170698785642
14591	0.413841216072572
14592	0.110998787898929
14593	-0.132737795941087
14594	-0.318694568206454
14595	-0.465571880115982
14596	-0.594492743926216
14597	-0.727307584285685
14598	-0.876985471935472
14599	-1.05132045982255
14600	-1.24710495831685
14601	-1.44458105881348
14602	-1.62784713349934
14603	-1.795801069843
14604	-1.95148086494348
14605	-2.08972356974554
14606	-2.19457287703622
14607	-2.26079039391876
14608	-2.29969726642059
14609	-2.32175757120251
14610	-2.3315435009022
14611	-2.32343257004134
14612	-2.28877272066611
14613	-2.23264195444758
14614	-2.16739156174748
14615	-2.10118571919878
14616	-2.03710528615319
14617	-1.97283493243415
14618	-1.89691271226034
14619	-1.79955614426783
14620	-1.68084364476885
14621	-1.54485440236399
14622	-1.39605217725149
14623	-1.23469375921615
14624	-1.07130932384107
14625	-0.927241167854491
14626	-0.817697961411612
14627	-0.75103766481741
14628	-0.727295959060775
14629	-0.743213482740521
14630	-0.794186212520875
14631	-0.867768437416351
14632	-0.953493783924804
14633	-1.04992239818599
14634	-1.15610560519566
14635	-1.26997203719656
14636	-1.38408935182565
14637	-1.48957681613032
14638	-1.58006791955944
14639	-1.65458174762897
14640	-1.72020234667398
14641	-1.77134062742076
14642	-1.79211358346778
14643	-1.77617366811138
14644	-1.72958313003091
14645	-1.66252252095167
14646	-1.58110299797206
14647	-1.47827320151271
14648	-1.34739637650709
14649	-1.19537561073484
14650	-1.02824730081943
14651	-0.85727174007007
14652	-0.695886916677059
14653	-0.553810130945594
14654	-0.44009034106923
14655	-0.359614927432532
14656	-0.315677997224788
14657	-0.311271034037376
14658	-0.349441432533262
14659	-0.428582372771808
14660	-0.542648525247015
14661	-0.687428532341228
14662	-0.860057713271012
14663	-1.05812018287267
14664	-1.27984252716444
14665	-1.52053205286126
14666	-1.77360560273831
14667	-2.03404387577988
14668	-2.29591038452966
14669	-2.55355780133205
14670	-2.80220814130896
14671	-3.03182476156784
14672	-3.22778436878122
14673	-3.37042977977635
14674	-3.44763606958399
14675	-3.46825414847024
14676	-3.45278217653372
14677	-3.42251408304612
14678	-3.39555658182447
14679	-3.38428192676159
14680	-3.39808069862336
14681	-3.44137419635544
14682	-3.51245507896052
14683	-3.60783438852015
14684	-3.7243289693217
14685	-3.85685180000573
14686	-4.00133617159357
14687	-4.15470522100723
14688	-4.3143627895376
14689	-4.47726182363911
14690	-4.63891530282841
14691	-4.78712355066761
14692	-4.90366201775462
14693	-4.98066708819654
14694	-5.01682872528218
14695	-5.010709284151
14696	-4.9625873544496
14697	-4.87431744643843
14698	-4.74431644211251
14699	-4.57539698782481
14700	-4.36955231687139
14701	-4.1185083394457
14702	-3.80773846689762
14703	-3.42889802412698
14704	-2.98895235887975
14705	-2.49259877940568
14706	-1.93807589947616
14707	-1.32627664147228
14708	-0.661669851372417
14709	0.0477849343103077
14710	0.790670146370534
14711	1.55591717643823
14712	2.33197960200676
14713	3.10692916162764
14714	3.8709250698618
14715	4.61457560892303
14716	5.33150054051515
14717	6.01719333700983
14718	6.66688113458598
14719	7.28120177201323
14720	7.86091741915691
14721	8.40482486343039
14722	8.91409577017963
14723	9.37796975551975
14724	9.78221336092071
14725	10.1214923364539
14726	10.4010625073551
14727	10.6227138277124
14728	10.797958088494
14729	10.9441059973474
14730	11.0704812574562
14731	11.1882074547726
14732	11.3051223801201
14733	11.4261470202824
14734	11.5585137653006
14735	11.7053973970848
14736	11.8624494628419
14737	12.0284204321952
14738	12.1998685698878
14739	12.3700465823775
14740	12.5393469353877
14741	12.7081568840817
14742	12.8644877409501
14743	12.9962323759769
14744	13.1037891157369
14745	13.1938255079393
14746	13.2728864084568
14747	13.3468606239338
14748	13.4209300491928
14749	13.4984838085997
14750	13.5799038902159
14751	13.6577924329915
14752	13.726140325957
14753	13.78566624908
14754	13.8350110218457
14755	13.8730138652432
14756	13.9020341272487
14757	13.9235638788899
14758	13.9403601493707
14759	13.9539834955259
14760	13.9615981834794
14761	13.9611398819836
14762	13.9510769783974
14763	13.934161489235
14764	13.9154009450496
14765	13.8950201387188
14766	13.869829472707
14767	13.8377939638651
14768	13.7977135134313
14769	13.750446811964
14770	13.6983104640958
14771	13.6416616852166
14772	13.5787040854064
14773	13.505953481185
14774	13.4288604164549
14775	13.3647743137431
14776	13.3230353174267
14777	13.2897681286281
14778	13.2453688816942
14779	13.186468920617
14780	13.1189226995592
14781	13.0449849898918
14782	12.9703005480032
14783	12.9088297214869
14784	12.8699460228164
14785	12.8507558925258
14786	12.843166377446
14787	12.8415814291653
14788	12.8453684311803
14789	12.8561947583374
14790	12.8778667648149
14791	12.913120275242
14792	12.9593539478228
14793	13.014331655713
14794	13.0774044046135
14795	13.150336956979
14796	13.2315257778116
14797	13.3145016984304
14798	13.3949591784135
14799	13.47038407955
14800	13.5388478729902
14801	13.5954800628737
14802	13.6351659808112
14803	13.654393377564
14804	13.6547225568946
14805	13.6420592610787
14806	13.6184052827463
14807	13.5828623695077
14808	13.5390521617694
14809	13.4922330849669
14810	13.4400855264924
14811	13.3821856414397
14812	13.3181905773067
14813	13.244283569149
14814	13.1561771688661
14815	13.0495572729131
14816	12.9240043859887
14817	12.7932460750959
14818	12.6704926143257
14819	12.5589345501754
14820	12.4580892418352
14821	12.3650990027119
14822	12.2775810914966
14823	12.1942613936018
14824	12.116952361154
14825	12.046084185824
14826	11.9815088832277
14827	11.9199997396598
14828	11.8588193293639
14829	11.7957542202414
14830	11.7295124460193
14831	11.6638922498567
14832	11.5951798073402
14833	11.5140792973954
14834	11.4184045138484
14835	11.3194689092463
14836	11.2403636897144
14837	11.1979415865878
14838	11.1879499986068
14839	11.199014277251
14840	11.2260496513665
14841	11.263219279927
14842	11.3050662209824
14843	11.3451570615852
14844	11.3752771246519
14845	11.386691434275
14846	11.3718963597866
14847	11.3313892578533
14848	11.2600333446675
14849	11.1480524544554
14850	10.9914140886703
14851	10.7870642635483
14852	10.5317313085598
14853	10.2283430670304
14854	9.88479674605065
14855	9.5041555325593
14856	9.09258760470824
14857	8.65818190044829
14858	8.20634612684239
14859	7.74426995415335
14860	7.28060407237994
14861	6.82780125848003
14862	6.40152850765634
14863	6.01183127719737
14864	5.6691944149757
14865	5.36961799267591
14866	5.09862015078369
14867	4.84644491568516
14868	4.60157765092399
14869	4.35284986204682
14870	4.09334056541938
14871	3.82014790316506
14872	3.53224794953365
14873	3.2318159782992
14874	2.92166648227786
14875	2.60492266805665
14876	2.28610645922514
14877	1.96859107918868
14878	1.6596180292155
14879	1.36526361965102
14880	1.09075258266232
14881	0.846875363454148
14882	0.638338223636094
14883	0.458543596980286
14884	0.300345339841628
14885	0.156453143536533
14886	0.0178594872363951
14887	-0.123183570328282
14888	-0.270975521683272
14889	-0.425540566680035
14890	-0.5826410142504
14891	-0.732941770602596
14892	-0.866190547461095
14893	-0.972327594726087
14894	-1.04279458577637
14895	-1.06542476278677
14896	-1.02450415020747
14897	-0.914042481653943
14898	-0.731816339636615
14899	-0.484927669076286
14900	-0.193215203515534
14901	0.130489674910659
14902	0.489602147365863
14903	0.894251775113316
14904	1.34609756113713
14905	1.8428109669044
14906	2.36981111336995
14907	2.91582257854497
14908	3.48689491646904
14909	4.08238550460373
14910	4.69474266028792
14911	5.31700675867787
14912	5.94784108087114
14913	6.59108633408065
14914	7.2462753636508
14915	7.90311910913526
14916	8.53480297330596
14917	9.11713060931754
14918	9.64229270074899
14919	10.1169342259338
14920	10.5529298107469
14921	10.9508991653574
14922	11.3206806724341
14923	11.6658159893386
14924	11.9655404694117
14925	12.2137631463162
14926	12.4274731002571
14927	12.6229306868486
14928	12.8037342341727
14929	12.9783139944539
14930	13.1513948988317
14931	13.3130869640041
14932	13.4585473332443
14933	13.5966434719538
14934	13.7266798004799
14935	13.8390618923204
14936	13.9361411925896
14937	14.0216313177656
14938	14.09507091996
14939	14.1559101244024
14940	14.2074089776274
14941	14.2531902641602
14942	14.2925690985887
14943	14.3226526526624
14944	14.3438979256085
14945	14.3597573861601
14946	14.3717869874093
14947	14.3768057967184
14948	14.3702016344963
14949	14.3523124251791
14950	14.3294579693219
14951	14.3051641856846
14952	14.2753027011809
14953	14.2373850219261
14954	14.1958446748655
14955	14.1531849018337
14956	14.1073798521416
14957	14.0497329227579
14958	13.9730893740006
14959	13.8865236816749
14960	13.8019677650978
14961	13.7217123308524
14962	13.6551081209914
14963	13.6186522962114
14964	13.6216746438446
14965	13.6695312062555
14966	13.7621987301937
14967	13.8931182658711
14968	14.0506947534581
14969	14.2293548689225
14970	14.4271959629841
14971	14.6373855361806
14972	14.8533946120105
14973	15.0719270741913
14974	15.2793598287772
14975	15.4653722693066
14976	15.6232499125301
14977	15.7437920443938
14978	15.8348759476792
14979	15.9122509203852
14980	15.9913635522468
14981	16.0871525386202
14982	16.2115451520774
14983	16.3699186293998
14984	16.5637228654338
14985	16.7918303836986
14986	17.0498879045098
14987	17.3341177102718
14988	17.6383684302078
14989	17.9551402866288
14990	18.27881033828
14991	18.6040605572179
14992	18.9301845841452
14993	19.2560248982749
14994	19.5742804949824
14995	19.8777392674935
14996	20.163562065139
14997	20.4219295328407
14998	20.6390663599345
14999	20.8082573981053
15000	20.9408814758033
15001	21.0492718849774
15002	21.1382804424542
15003	21.2160427065883
15004	21.2800524647185
15005	21.324846214552
15006	21.3506064340738
15007	21.358170980359
15008	21.349384996745
15009	21.3293119110023
15010	21.3024193755306
15011	21.2655368087757
15012	21.2179000917587
15013	21.1613833559048
15014	21.0901646320002
15015	21.0008164082084
15016	20.8970248045555
15017	20.7832171256523
15018	20.6616245290728
15019	20.5316584354875
15020	20.3905154649956
15021	20.2417788946042
15022	20.0967659339877
15023	19.9659453331084
15024	19.8580660839416
15025	19.7802689920661
15026	19.7374888147433
15027	19.7333199691226
15028	19.7689940420601
15029	19.8429086464497
15030	19.9523810628233
15031	20.0937409965069
15032	20.2617584968709
15033	20.4491638638892
15034	20.6468231918588
15035	20.8497046721238
15036	21.0563268948135
15037	21.2614930745081
15038	21.4621422096657
15039	21.6506843645731
15040	21.8141299511577
15041	21.9472908198329
15042	22.0433441809449
15043	22.0937414031652
15044	22.0948319932759
15045	22.0432850559408
15046	21.9421875389435
15047	21.7942364530414
15048	21.5944669341685
15049	21.3401241829786
15050	21.0298271004967
15051	20.6653746363427
15052	20.2446563336437
15053	19.7596321974357
15054	19.2070462230735
15055	18.5877431045669
15056	17.9101291318787
15057	17.1925119889544
15058	16.4500303543355
15059	15.6912148781597
15060	14.9302712754529
15061	14.187852685295
15062	13.4765742860706
15063	12.7989886623774
15064	12.1583567369175
15065	11.5564710197027
15066	10.9925668496026
15067	10.4621681324004
15068	9.96333934318623
15069	9.5032160737962
15070	9.08623364085071
15071	8.71054112641715
15072	8.37160166182101
15073	8.06550561183609
15074	7.79197295555675
15075	7.54913383449244
15076	7.33687435125842
15077	7.15417030315106
15078	6.98814772666667
15079	6.82457740521653
15080	6.6527450176971
15081	6.46441562456386
15082	6.25195144793324
15083	6.01081262069564
15084	5.74237894267022
15085	5.44748661866619
15086	5.13370049206286
15087	4.81245700235244
15088	4.49339926913957
15089	4.19190862707548
15090	3.92467187503821
15091	3.70257761624432
15092	3.5261258003717
15093	3.38382985134302
15094	3.25758063412534
15095	3.13028287034963
15096	2.99275351574223
15097	2.83956890554427
15098	2.66601855038902
15099	2.46986667897799
15100	2.25186900387224
15101	2.0149225815281
15102	1.76290430228189
15103	1.49976847940415
15104	1.23058872059318
15105	0.957527930614563
15106	0.682399788070964
15107	0.410193506335929
15108	0.14415685983332
15109	-0.113755746319856
15110	-0.35983615833621
15111	-0.59103585945124
15112	-0.80840511561474
15113	-1.01267741159515
15114	-1.19962397202035
15115	-1.35655225423943
15116	-1.4706059217126
15117	-1.52915498241551
15118	-1.52191050313044
15119	-1.45082403287178
15120	-1.31817229716549
15121	-1.12236106660199
15122	-0.862679539039795
15123	-0.537665863047893
15124	-0.147733774362265
15125	0.304490847376862
15126	0.809500385934224
15127	1.35264061629833
15128	1.9260611919703
15129	2.52089540461014
15130	3.13686095534242
15131	3.78419741770991
15132	4.46748653074954
15133	5.18567162965762
15134	5.93093842578611
15135	6.69238562709791
15136	7.46046072966988
15137	8.22450755789262
15138	8.97529320853399
15139	9.70417905332336
15140	10.4038461242391
15141	11.0703112590068
15142	11.7006368186751
15143	12.2940568625147
15144	12.8489494168964
15145	13.3654320611733
15146	13.8481698399356
15147	14.2928677178585
15148	14.6920521790379
15149	15.0381089559576
15150	15.3189169478005
15151	15.5334162299409
15152	15.6824060519672
15153	15.792442551815
15154	15.8894545113037
15155	15.9570821672153
15156	15.9829514157419
15157	15.9643480245494
15158	15.9039115276504
15159	15.8074564292185
15160	15.6764590855116
15161	15.513957484005
15162	15.3225856513549
15163	15.1049893253684
15164	14.8659085329654
15165	14.6087864698032
15166	14.3357362331531
15167	14.0468827933592
15168	13.7405281556331
15169	13.416574935513
15170	13.0777221117586
15171	12.7261508565012
15172	12.3637844976774
15173	11.9970413455422
15174	11.6345366819724
15175	11.2760075614203
15176	10.9282198733522
15177	10.5957506769181
15178	10.2763977183138
15179	9.96850875952613
15180	9.66347578869519
15181	9.3565310205692
15182	9.04529850191703
15183	8.72889782666851
15184	8.40833720711285
15185	8.08600128770037
15186	7.76379677312335
15187	7.44303435573582
15188	7.12694085048032
15189	6.82004020393493
15190	6.5269840971096
15191	6.25148944371387
15192	6.00145139475902
15193	5.78310886683663
15194	5.60737569015302
15195	5.47964946469527
15196	5.39056934158467
15197	5.3354833124996
15198	5.30923656888459
15199	5.30549504553231
15200	5.32192699781112
15201	5.35187195164143
15202	5.38610222994553
15203	5.41724607041726
15204	5.44247603602836
15205	5.46094641718053
15206	5.46950641993125
15207	5.46601590749993
15208	5.45772832595362
15209	5.45551654321164
15210	5.45920261764552
15211	5.46174112128506
15212	5.45389630221351
15213	5.42533171608684
15214	5.36409995115803
15215	5.26023511752958
15216	5.10902724379001
15217	4.90895096052584
15218	4.6604710497284
15219	4.3680516404794
15220	4.03824215983572
15221	3.67971797031788
15222	3.302755486633
15223	2.91703675555069
15224	2.53956758302443
15225	2.18936038684948
15226	1.87546186196406
15227	1.59745116424511
15228	1.35034687996533
15229	1.12781355881315
15230	0.922148157443589
15231	0.725746518689033
15232	0.53424898444372
15233	0.345203143745912
15234	0.158348796316393
15235	-0.0259454296653095
15236	-0.207768645402636
15237	-0.386101080002158
15238	-0.559263493467957
15239	-0.726440328821727
15240	-0.887444805576943
15241	-1.03979047509798
15242	-1.17698897726341
15243	-1.28435524401352
15244	-1.34187808603802
15245	-1.33271238868411
15246	-1.25415892769089
15247	-1.10724632807519
15248	-0.891986703650604
15249	-0.615418544188394
15250	-0.287066530167175
15251	0.0894351283181069
15252	0.512623335042632
15253	0.966949489373499
15254	1.43560992618425
15255	1.91111589845724
15256	2.38524822225599
15257	2.84894218527384
15258	3.30072632283306
15259	3.74231336571873
15260	4.16978546557326
15261	4.58634843360949
15262	4.99600585636141
15263	5.38493701061448
15264	5.74528545786284
15265	6.08376029149698
15266	6.40580211041175
15267	6.7171190530483
15268	7.02015497201629
15269	7.30384285175083
15270	7.56157776460319
15271	7.81085040580845
15272	8.05578586584885
15273	8.2852186528869
15274	8.49237131949572
15275	8.67084325538279
15276	8.82171203921844
15277	8.94700547652237
15278	9.04833376159588
15279	9.12683121691378
15280	9.18484180176566
15281	9.22546116832514
15282	9.25231796667279
15283	9.26962491983166
15284	9.27828558980999
15285	9.27622632039846
15286	9.26063836923785
15287	9.23084394540134
15288	9.18894376272265
15289	9.14130718677944
15290	9.0923542327271
15291	9.04267371501015
15292	8.99518715985061
15293	8.95304747764258
15294	8.91848025894171
15295	8.8949093744608
15296	8.88266336673912
15297	8.8785855700974
15298	8.88103075686329
15299	8.88959569317276
15300	8.90810194467948
15301	8.93996441185741
15302	8.98360172700833
15303	9.03510050081234
15304	9.09318127499324
15305	9.15469619383915
15306	9.21821883831189
15307	9.29027055504619
15308	9.37213084384851
15309	9.45747634434352
15310	9.53492277765822
15311	9.59831730684196
15312	9.65230170755249
15313	9.69148293732909
15314	9.71589409304951
15315	9.73503718083764
15316	9.75508616997183
15317	9.78158117750186
15318	9.81336811870125
15319	9.84831202445955
15320	9.88257410206388
15321	9.91824997527974
15322	9.95485039191214
15323	9.97851843091764
15324	9.97813727355574
15325	9.94475347074581
15326	9.87113928507772
15327	9.75732283561794
15328	9.60470730006084
15329	9.412838185289
15330	9.18027027617832
15331	8.90438919990205
15332	8.58733081809681
15333	8.23475674328282
15334	7.85334974523958
15335	7.44997554719269
15336	7.03065599621725
15337	6.60458212798277
15338	6.17982278132094
15339	5.76479279930661
15340	5.37217153974728
15341	5.00789293429657
15342	4.67059630317873
15343	4.35819532721361
15344	4.06039685503134
15345	3.76315476602971
15346	3.45811495883328
15347	3.14008159426449
15348	2.80545613331576
15349	2.45933720011465
15350	2.11751305640181
15351	1.79441626800102
15352	1.49161894588097
15353	1.20189936358965
15354	0.924888184311169
15355	0.671653909399703
15356	0.459061739401753
15357	0.299044689542885
15358	0.194650891625949
15359	0.144793718375848
15360	0.153745682391293
15361	0.227011465646252
15362	0.352346229857858
15363	0.516055412933632
15364	0.721763910909204
15365	0.972223467732281
15366	1.26879141464421
15367	1.61882482239573
15368	2.02572410352281
15369	2.49075152093267
15370	3.01657760634871
15371	3.6027645136094
15372	4.24736948318102
15373	4.94571168558083
15374	5.6900807202461
15375	6.47013676665433
15376	7.27352740889914
15377	8.08817170133174
15378	8.90276906856262
15379	9.70488882895377
15380	10.484240652286
15381	11.2331206081701
15382	11.9456575790283
15383	12.6202582141522
15384	13.2541915556982
15385	13.8454765233242
15386	14.3985409879647
15387	14.917686868342
15388	15.402765103252
15389	15.852941860091
15390	16.2668727232911
15391	16.6332957584282
15392	16.9347777505436
15393	17.1645440457522
15394	17.3241499585235
15395	17.4112120570509
15396	17.4426096101836
15397	17.4403965793072
15398	17.4205830258979
15399	17.4111590579307
15400	17.4222617805503
15401	17.4346331330963
15402	17.4307665765707
15403	17.4183980533948
15404	17.4108638976508
15405	17.41643574279
15406	17.4445023065537
15407	17.4939301977172
15408	17.5484689607055
15409	17.5958027628487
15410	17.6410586811825
15411	17.6967126283517
15412	17.7703473858658
15413	17.8633128008857
15414	17.9697625921606
15415	18.0787215993549
15416	18.1847380904887
15417	18.2913931855761
15418	18.4081198865613
15419	18.537398086498
15420	18.6611782484598
15421	18.7612476391575
15422	18.8388514488916
15423	18.9063914284567
15424	18.9726816386278
15425	19.0295712328479
15426	19.0610681195266
15427	19.0645995963673
15428	19.0527472891279
15429	19.0435347697344
15430	19.0404624311208
15431	19.0257095559762
15432	18.9822196256645
15433	18.9130408717205
15434	18.8345303539966
15435	18.7589690828316
15436	18.6803020555855
15437	18.5832660651891
15438	18.4640906296737
15439	18.3254029835288
15440	18.1730647036893
15441	18.0137781935254
15442	17.8410678213585
15443	17.6528344285037
15444	17.4578760566418
15445	17.2670183772771
15446	17.0918554907752
15447	16.9414247931826
15448	16.8242925612012
15449	16.747541169862
15450	16.716131691016
15451	16.7307816778843
15452	16.7903949411261
15453	16.8943362400717
15454	17.0395298571941
15455	17.2198510755634
15456	17.4296851692541
15457	17.6654403501325
15458	17.9259226549867
15459	18.2101013942819
15460	18.5151022812827
15461	18.8291045856554
15462	19.1318519214407
15463	19.4072286734931
15464	19.6456256961945
15465	19.8395223285011
15466	19.9870553818377
15467	20.1000833297874
15468	20.190322486506
15469	20.2667751702714
15470	20.3421536887565
15471	20.4269744001367
15472	20.5259690856676
15473	20.6395308673509
15474	20.7669829698736
15475	20.9074614378169
15476	21.0615789157418
15477	21.226337223919
15478	21.3980156295698
15479	21.5754906141518
15480	21.7545646180134
15481	21.9318903229364
15482	22.1051748861894
15483	22.2712622098599
15484	22.4297632261908
15485	22.580947591598
15486	22.7204013200858
15487	22.8438281147345
15488	22.9417861193322
15489	23.0051074474749
15490	23.0261459186308
15491	22.9955205587614
15492	22.9057532776789
15493	22.751832360588
15494	22.5324533824151
15495	22.2485283054446
15496	21.9004342724623
15497	21.4890579006426
15498	21.0204219908146
15499	20.4987128266967
15500	19.9300257838658
15501	19.3270761484127
15502	18.7043024019082
15503	18.0792329357441
15504	17.4640756086788
15505	16.8601449988235
15506	16.2658038021961
15507	15.6801222167212
15508	15.1024286183321
15509	14.5348981748676
15510	13.9826169217631
15511	13.4490188822723
15512	12.9345872122079
15513	12.4411026674581
15514	11.9722808413463
15515	11.5298663371183
15516	11.11174963258
15517	10.7138136170331
15518	10.335196240766
15519	9.97657912780407
15520	9.63989319708998
15521	9.32904453043858
15522	9.04499120607844
15523	8.79440599615558
15524	8.57415714481201
15525	8.37554723833828
15526	8.19601368011156
15527	8.02765263995147
15528	7.86773564222673
15529	7.71880855500973
15530	7.5824809017741
15531	7.46292354666096
15532	7.36273034140033
15533	7.27548051233755
15534	7.18567697289497
15535	7.07880054503169
15536	6.94688574844263
15537	6.784673035234
15538	6.59100990517577
15539	6.36868065330759
15540	6.11915823640411
15541	5.84256910933231
15542	5.54199177271991
15543	5.22364652145671
15544	4.89255272664178
15545	4.5541705637744
15546	4.21429497203631
15547	3.87662881264112
15548	3.54391481048508
15549	3.21874114162859
15550	2.90319438472078
15551	2.59761472965025
15552	2.30115683986913
15553	2.01436815720949
15554	1.73995163035492
15555	1.47808366947044
15556	1.22658363162063
15557	0.985115092265299
15558	0.756873450534783
15559	0.548487080153669
15560	0.372126553253143
15561	0.246700099368807
15562	0.178251144999262
15563	0.148796036539193
15564	0.140970568966644
15565	0.146055017941386
15566	0.155800573878378
15567	0.167902908619919
15568	0.185726170113501
15569	0.216537320774575
15570	0.26463322362058
15571	0.32865646545026
15572	0.406453034784249
15573	0.496314969637851
15574	0.59513414602061
15575	0.701185734139854
15576	0.815767054083984
15577	0.935156979509089
15578	1.05642986713123
15579	1.18265880184907
15580	1.3154823334126
15581	1.45051184049871
15582	1.58508629071794
15583	1.71994706004082
15584	1.85876318941146
15585	2.00443636971438
15586	2.15497132583566
15587	2.31181396951863
15588	2.47802454958686
15589	2.6551032138529
15590	2.84398112055432
15591	3.04140676149699
15592	3.24296477426041
15593	3.44829558210791
15594	3.65180761773638
15595	3.84735944459516
15596	4.03565950363833
15597	4.21629353178973
15598	4.39003225050915
15599	4.55834019427231
15600	4.72387639061961
15601	4.88868093126562
15602	5.0529517418402
15603	5.21628964133406
15604	5.38227285053104
15605	5.55272308648798
15606	5.71920060635827
15607	5.87684144912919
15608	6.02696462033695
15609	6.16295826570622
15610	6.27698878120393
15611	6.36675191274536
15612	6.42715300658246
15613	6.45437926959735
15614	6.44760389504311
15615	6.40782488577295
15616	6.33839429811721
15617	6.24373623007599
15618	6.12701440948106
15619	5.98906338178528
15620	5.83108178438288
15621	5.65383779354557
15622	5.45650756841345
15623	5.24139962672638
15624	5.01235188136408
15625	4.7742005879005
15626	4.53538096263305
15627	4.31039324014239
15628	4.1159628598616
15629	3.95615822540798
15630	3.84307139216303
15631	3.78741562477783
15632	3.7878427870087
15633	3.84255501711757
15634	3.94115736397634
15635	4.07687005676865
15636	4.25037747883946
15637	4.45784955059621
15638	4.69527735844199
15639	4.9599936122587
15640	5.24390893798707
15641	5.54137045603414
15642	5.84988928967163
15643	6.16496261083577
15644	6.48354780744414
15645	6.80061035314291
15646	7.11010454615603
15647	7.41310681294426
15648	7.71408414541565
15649	8.01359744396249
15650	8.31055778800185
15651	8.6066052268659
15652	8.90321272686539
15653	9.19929229757897
15654	9.4941561969601
15655	9.78622468728007
15656	10.0720257993164
15657	10.3503805669044
15658	10.6206071801049
15659	10.8795307842322
15660	11.123754995236
15661	11.3527230920138
15662	11.565991962908
15663	11.7619651441684
15664	11.9394991758172
15665	12.0973678235728
15666	12.231900363968
15667	12.3411891439976
15668	12.428538660485
15669	12.4960601474088
15670	12.5404861143885
15671	12.5624731289219
15672	12.5669038362773
15673	12.5582292101158
15674	12.5435924515823
15675	12.5286843543099
15676	12.5153046502664
15677	12.5030178028415
15678	12.49072867645
15679	12.4788808905624
15680	12.4679658957286
15681	12.4576418864382
15682	12.4483458688637
15683	12.4395597917591
15684	12.4314902851962
15685	12.424359247776
15686	12.418834811593
15687	12.4162645122619
15688	12.4162048908701
15689	12.4167014893351
15690	12.416743968621
15691	12.4177864826585
15692	12.4198214127135
15693	12.4223253347331
15694	12.4241856217524
15695	12.4238641020879
15696	12.42257663501
15697	12.4207692060303
15698	12.4176000007407
15699	12.4155779732638
15700	12.4202447856056
15701	12.4356948851913
15702	12.4594859555238
15703	12.4868021817606
15704	12.5159226998454
15705	12.5489129257163
15706	12.5871957807383
15707	12.6305928918791
15708	12.6813867217329
15709	12.7416657239117
15710	12.8102950575394
15711	12.8851737354873
15712	12.9657115680459
15713	13.0496801615128
15714	13.1341035207167
15715	13.2181264952871
15716	13.3016397613957
15717	13.3835298722869
15718	13.4633265939365
15719	13.5435587823361
15720	13.6237310674945
15721	13.7010524980117
15722	13.7752028606327
15723	13.845528821221
15724	13.9116625101945
15725	13.9742556180308
15726	14.0331613027776
15727	14.0868808531206
15728	14.1344459588616
15729	14.1767613017194
15730	14.2147475291976
15731	14.2488996575776
15732	14.2793066786315
15733	14.3048909648028
15734	14.3251702823392
15735	14.3421153256599
15736	14.3579087586023
15737	14.3716796684888
15738	14.3821651745786
15739	14.389451758455
15740	14.3926485843439
15741	14.3912021497238
15742	14.3850767582019
15743	14.3749102028442
15744	14.3600212562661
15745	14.3395914051048
15746	14.3134796399946
15747	14.2807860178701
15748	14.2398264520524
15749	14.1911591901995
15750	14.1378331372741
15751	14.0817287405643
15752	14.0251673870332
15753	13.9684542249901
15754	13.9102218632911
15755	13.8491609895563
15756	13.7850773926082
15757	13.7187771008239
15758	13.650913512014
15759	13.5813681735122
15760	13.5104027236107
15761	13.4379730256679
15762	13.3629086808361
15763	13.2847272960138
15764	13.2040740052165
15765	13.1215123693884
15766	13.0364290392323
15767	12.9489600617365
15768	12.8596805382917
15769	12.7685713023173
15770	12.6752028133041
15771	12.5785417335699
15772	12.4745918047426
15773	12.359336446128
15774	12.2348822138213
15775	12.0980931741564
15776	11.932583986026
15777	11.720922651572
15778	11.4513800255684
15779	11.1169378116767
15780	10.7167327176335
15781	10.2560365276682
15782	9.74361776856769
15783	9.18722191576451
15784	8.59735965151963
15785	7.98805935672349
15786	7.36902383825429
15787	6.75038101773296
15788	6.14508656137255
15789	5.56156385056109
15790	5.00434186757502
15791	4.476105154832
15792	3.97901943937343
15793	3.5127258678988
15794	3.07575322173275
15795	2.66803041419766
15796	2.28867769810396
15797	1.93448380802161
15798	1.60267347357697
15799	1.29167196262979
15800	0.998773428333803
15801	0.721348195544068
15802	0.458785077861997
15803	0.210703186806174
15804	-0.02457627419529
15805	-0.248486289102213
15806	-0.461599600864512
15807	-0.663465324768447
15808	-0.85267106286579
15809	-1.0282812333704
15810	-1.19083958002843
15811	-1.34182526208049
15812	-1.48002384396065
15813	-1.59960252360538
15814	-1.69145049108701
15815	-1.7479635716992
15816	-1.76079742529575
15817	-1.7202968003603
15818	-1.61973918407124
15819	-1.46063968612803
15820	-1.25239945445065
15821	-1.00491996328118
15822	-0.730510871751959
15823	-0.441465264364034
15824	-0.141641703673119
15825	0.169853028971653
15826	0.493354051937652
15827	0.828177569984108
15828	1.17448206715358
15829	1.53384481452074
15830	1.90248977658713
15831	2.2779525001642
15832	2.6590962625303
15833	3.04248862740766
15834	3.4260035754181
15835	3.80667642280522
15836	4.1823694878262
15837	4.55106169367276
15838	4.90883293234529
15839	5.25368936541036
15840	5.5856053241685
15841	5.90375563947113
15842	6.20760326686882
15843	6.49671721131198
15844	6.77110221050699
15845	7.03074422192074
15846	7.27586741548942
15847	7.50546753438938
15848	7.7131970790242
15849	7.89445354671275
15850	8.0452753945498
15851	8.16700699178831
15852	8.2699069892372
15853	8.36690367434828
15854	8.47183551988611
15855	8.59903777408101
15856	8.76116422799782
15857	8.96525409811294
15858	9.21963648608343
15859	9.53297214568052
15860	9.88609723905457
15861	10.2393332319805
15862	10.5778911847823
15863	10.9104119314383
15864	11.2506326970954
15865	11.6022556083115
15866	11.9476812250234
15867	12.2594683661559
15868	12.5248359021295
15869	12.7518695967699
15870	12.9532696212269
15871	13.1338396557326
15872	13.295999635113
15873	13.4461665029873
15874	13.5857939558963
15875	13.7131853190549
15876	13.832410582328
15877	13.9516273272223
15878	14.0737775733543
15879	14.1959500305981
15880	14.3118623438573
15881	14.4143719768761
15882	14.5040941639063
15883	14.5947642485911
15884	14.6993003992719
15885	14.8049356461237
15886	14.8867043197777
15887	14.9379674781589
15888	14.9682153838727
15889	14.9901771750451
15890	15.0143040409245
15891	15.0488077512519
15892	15.0978031100886
15893	15.1573945938122
15894	15.2217440560369
15895	15.289867702744
15896	15.361891976322
15897	15.4327483680423
15898	15.4974330252926
15899	15.5560739455567
15900	15.6077560021185
15901	15.6493291010029
15902	15.6788363543215
15903	15.693361219992
15904	15.6912225822028
15905	15.6693747702913
15906	15.6252243139411
15907	15.5624358723958
15908	15.4880042607284
15909	15.4083437872726
15910	15.3271900640589
15911	15.2458317496597
15912	15.1579476634946
15913	15.0566305871021
15914	14.9400310222259
15915	14.8170579548039
15916	14.6966379771426
15917	14.5734483323238
15918	14.4444385716983
15919	14.3112759191578
15920	14.1735935304836
15921	14.0338802297841
15922	13.8939438810445
15923	13.7524648263103
15924	13.6057267058323
15925	13.4515106718679
15926	13.2894350181721
15927	13.1175020115333
15928	12.9360197490772
15929	12.7477242774197
15930	12.5631349362155
15931	12.3956088188099
15932	12.2531939281324
15933	12.1434681507315
15934	12.0755788576904
15935	12.0583723921456
15936	12.0990640911859
15937	12.2038629714968
15938	12.3705909315249
15939	12.5845607120054
15940	12.8317237717757
15941	13.1080393719114
15942	13.4136334278367
15943	13.7469433627788
15944	14.1075140666663
15945	14.4944582607576
15946	14.8956918974016
15947	15.2906743855501
15948	15.665936882627
15949	16.0157288665903
15950	16.3398586251364
15951	16.6400763678684
15952	16.9157880805305
15953	17.1611366037478
15954	17.3731202910906
15955	17.5580824649758
15956	17.7132770909103
15957	17.8404225387248
15958	17.9479892946864
15959	18.0415849357797
15960	18.1208293684797
15961	18.1779311971962
15962	18.2179229259189
15963	18.2464428693491
15964	18.2582091006399
15965	18.2498091644335
15966	18.2135636144451
15967	18.1468309898202
15968	18.05365494125
15969	17.9424891158878
15970	17.8228317688668
15971	17.7018488439541
15972	17.5927693888352
15973	17.5062517247878
15974	17.449584097733
15975	17.430573534135
15976	17.4520756878088
15977	17.508311414481
15978	17.5924833042005
15979	17.6982744652182
15980	17.8161829120757
15981	17.9371734277073
15982	18.0573240171669
15983	18.180151872005
15984	18.3078611551032
15985	18.4400745286628
15986	18.5740198570845
15987	18.7044519314556
15988	18.8247631903984
15989	18.9276434670748
15990	19.0065737278737
15991	19.0544899804296
15992	19.0666201321033
15993	19.0409098652899
15994	18.9755079285898
15995	18.8693289968036
15996	18.7226523682912
15997	18.5384338945166
15998	18.321432041517
15999	18.0749667466622
16000	17.8035932028571
16001	17.5111072090237
16002	17.1987216131093
16003	16.8683830322281
16004	16.5238358167685
16005	16.1689759692447
16006	15.8074509833088
16007	15.442441429943
16008	15.0768901683201
16009	14.7135148095281
16010	14.3556714117525
16011	14.0056996906724
16012	13.6665947268986
16013	13.3418569356207
16014	13.0327057658754
16015	12.7399125421376
16016	12.4639529994955
16017	12.2053817539936
16018	11.9652117411705
16019	11.7434172409441
16020	11.5410157164761
16021	11.3582310005388
16022	11.1960876198263
16023	11.0569859690981
16024	10.9404006453681
16025	10.8444533667676
16026	10.7695400492656
16027	10.7206105329585
16028	10.7087477934824
16029	10.7454296126157
16030	10.8387330019761
16031	10.9965450215095
16032	11.223345651953
16033	11.5199103735842
16034	11.8842716340269
16035	12.3155565125309
16036	12.8102528334401
16037	13.3614142846884
16038	13.962876618319
16039	14.6060900034815
16040	15.282849229846
16041	15.9844897834195
16042	16.7021180850217
16043	17.4274445059579
16044	18.1507782936805
16045	18.8615839699625
16046	19.5522064228916
16047	20.2148731025274
16048	20.8433854309339
16049	21.4346905179112
16050	21.9856949032238
16051	22.4979116762658
16052	22.972960371
16053	23.4103211928514
16054	23.8102434239058
16055	24.1763852074142
16056	24.5131222862116
16057	24.8242840734768
16058	25.1114825848449
16059	25.3739420853296
16060	25.6135817796319
16061	25.8340009855821
16062	26.037886900042
16063	26.2278594009537
16064	26.4070510825779
16065	26.5779912458909
16066	26.7426705913462
16067	26.9007952778247
16068	27.0522226226984
16069	27.1973356745553
16070	27.3366258144195
16071	27.4706540816923
16072	27.5982834235431
16073	27.7183075690416
16074	27.8303057299158
16075	27.9332772786138
16076	28.027608712811
16077	28.1156329927391
16078	28.197419111362
16079	28.27079889046
16080	28.3307889056748
16081	28.3692257664092
16082	28.3731812178945
16083	28.3285021004575
16084	28.2233649835856
16085	28.0498810977823
16086	27.8066399553178
16087	27.4934684484501
16088	27.1087015688799
16089	26.6512899291173
16090	26.1232808279138
16091	25.530453022665
16092	24.8785011418359
16093	24.1732379899137
16094	23.4244158687448
16095	22.6437120553937
16096	21.8442338898908
16097	21.0388027240876
16098	20.2377403479114
16099	19.4521145094746
16100	18.6913656842491
16101	17.9617421898714
16102	17.2696089962288
16103	16.6191446019614
16104	16.0105247170325
16105	15.4439635616194
16106	14.9195026016101
16107	14.434700988893
16108	13.9894030776787
16109	13.5849446409456
16110	13.2257343586396
16111	12.9086885144675
16112	12.6254855152205
16113	12.3668796435573
16114	12.1239815222812
16115	11.8901927285922
16116	11.6618157627446
16117	11.4354269282684
16118	11.2031329064611
16119	10.9624343594592
16120	10.7204400923464
16121	10.4884902603482
16122	10.2696904372704
16123	10.0607232016224
16124	9.86596510997708
16125	9.69239302871321
16126	9.54273788335391
16127	9.42235632003187
16128	9.34214634973605
16129	9.30683320449767
16130	9.30982136749021
16131	9.34643230926445
16132	9.41317765522017
16133	9.50387776688105
16134	9.614211235279
16135	9.74191589865215
16136	9.88761988139826
16137	10.0501606009275
16138	10.2275067817001
16139	10.4191217178108
16140	10.6245360335127
16141	10.8449331047526
16142	11.0791983951851
16143	11.3233413540791
16144	11.5778090279277
16145	11.8429501475237
16146	12.1196039197515
16147	12.4111508301874
16148	12.7161250625534
16149	13.0323322650767
16150	13.3551206129991
16151	13.6764832132598
16152	14.0009642751522
16153	14.329453043036
16154	14.6545638619116
16155	14.9632766266785
16156	15.247675494524
16157	15.5097948527699
16158	15.7639743537778
16159	16.0184192788311
16160	16.2672126312929
16161	16.5007672765358
16162	16.7101946606501
16163	16.8983492703495
16164	17.077990146904
16165	17.2567866957206
16166	17.4343480251629
16167	17.6177259323099
16168	17.8110893749688
16169	18.0116400574485
16170	18.2132192368621
16171	18.4131015710629
16172	18.6146038910507
16173	18.8184393958794
16174	19.0211948929219
16175	19.2216542689696
16176	19.4194965824305
16177	19.6155903787903
16178	19.8072015207204
16179	19.9890522853575
16180	20.1611995649078
16181	20.3238217728458
16182	20.4796198033685
16183	20.6307491344394
16184	20.7762084778388
16185	20.9161283292549
16186	21.0482262909802
16187	21.1683369070551
16188	21.276766624616
16189	21.3776209490184
16190	21.4736128520442
16191	21.5683193319255
16192	21.6656480548945
16193	21.7677691584653
16194	21.8743217734039
16195	21.9835528636533
16196	22.0918444119082
16197	22.19741800897
16198	22.294002155822
16199	22.3751938694763
16200	22.4465562834213
16201	22.5127677823004
16202	22.5733470156087
16203	22.626570676719
16204	22.6706420125094
16205	22.7050584246328
16206	22.735975360295
16207	22.7757967716576
16208	22.8357721889816
16209	22.9236877905594
16210	23.0445069412723
16211	23.1983430384088
16212	23.3821127523237
16213	23.5938309406275
16214	23.82999531837
16215	24.0851137239013
16216	24.355817975789
16217	24.6386876221505
16218	24.9295270513765
16219	25.2258332285697
16220	25.5236324070917
16221	25.8178262448272
16222	26.1051223500461
16223	26.384663770827
16224	26.6557845213452
16225	26.9164260197495
16226	27.1650994618473
16227	27.401917225377
16228	27.6304982935871
16229	27.8542861491476
16230	28.0769132816473
16231	28.2945804178797
16232	28.4945936433471
16233	28.6703351830589
16234	28.8210755986938
16235	28.9543737542738
16236	29.0799337805125
16237	29.1978634695969
16238	29.3076140823631
16239	29.409212129087
16240	29.5025269308395
16241	29.5872788634353
16242	29.6677285408343
16243	29.7473887728006
16244	29.8225781035481
16245	29.894420455157
16246	29.9631390212581
16247	30.0240841657806
16248	30.0800919614415
16249	30.1349959379456
16250	30.1882293152563
16251	30.239527387136
16252	30.2847381982201
16253	30.3211396807677
16254	30.353533556035
16255	30.3850169769945
16256	30.4139780211951
16257	30.4388512389795
16258	30.4576014939654
16259	30.4700627137224
16260	30.4816409961159
16261	30.4949979466867
16262	30.5089048784568
16263	30.5244995850861
16264	30.5394866010207
16265	30.5473868879124
16266	30.5510861359305
16267	30.5595657191171
16268	30.5759236485599
16269	30.5998035327029
16270	30.6290526976648
16271	30.6577006506772
16272	30.6826735228482
16273	30.7054941030619
16274	30.7282666876096
16275	30.7506781502961
16276	30.7675032835346
16277	30.7745374449486
16278	30.7732271231687
16279	30.7676662245358
16280	30.7610164074739
16281	30.7525902388308
16282	30.737214068452
16283	30.71510651213
16284	30.6914207305962
16285	30.6705097879859
16286	30.6509725437854
16287	30.6249194563875
16288	30.5886005218876
16289	30.5438520598222
16290	30.4934897278325
16291	30.4377337853259
16292	30.3771044163042
16293	30.3128737657348
16294	30.2447161250046
16295	30.1684015499886
16296	30.0764609196061
16297	29.9684674388079
16298	29.8556694204577
16299	29.7490497922465
16300	29.6469356394137
16301	29.5415515877149
16302	29.4300100351547
16303	29.3106679395122
16304	29.182176067349
16305	29.0446370322234
16306	28.8959414498325
16307	28.7350338631703
16308	28.5634810955136
16309	28.3833839225564
16310	28.1954223879353
16311	28.0005439490625
16312	27.8006648213764
16313	27.5976199221014
16314	27.3939150804063
16315	27.193016431973
16316	26.9972370250978
16317	26.8070164303113
16318	26.6232952190013
16319	26.4467445271713
16320	26.2775690662664
16321	26.1173230002824
16322	25.9683153430944
16323	25.83248593853
16324	25.7114360424684
16325	25.6044835561602
16326	25.5110744903102
16327	25.4310237486381
16328	25.3644242920189
16329	25.3107079514875
16330	25.2669485621435
16331	25.2301661070581
16332	25.1965118689206
16333	25.1660901077905
16334	25.1427945467263
16335	25.124064175536
16336	25.0993925124698
16337	25.0594132492764
16338	24.9981490226636
16339	24.9110000913899
16340	24.7955469397274
16341	24.6540077342533
16342	24.4894751689067
16343	24.3045476948994
16344	24.1023560412182
16345	23.8857164472639
16346	23.6591304212404
16347	23.4279077757856
16348	23.196653907363
16349	22.9679656370021
16350	22.7436395482886
16351	22.525380878381
16352	22.3136629600994
16353	22.1104444078395
16354	21.9163835520499
16355	21.7307309912095
16356	21.5546865589357
16357	21.3896521350935
16358	21.236681585269
16359	21.0952283304605
16360	20.963828644411
16361	20.841370701696
16362	20.727411931929
16363	20.6233392985106
16364	20.5300715522758
16365	20.4459462511512
16366	20.3691399547214
16367	20.2997717835071
16368	20.2370814619186
16369	20.1798943115106
16370	20.1279332028609
16371	20.0808451035128
16372	20.0386559388564
16373	20.0012660868997
16374	19.9687203374333
16375	19.9418785423518
16376	19.9211382160151
16377	19.9071398353389
16378	19.8993365765046
16379	19.8967312970824
16380	19.899943048964
16381	19.9089248602465
16382	19.9230535036546
16383	19.9420199632598
16384	19.9654184797359
16385	19.9910307255984
16386	20.01877865454
16387	20.0499888262558
16388	20.0845624732949
16389	20.1233070537947
16390	20.1669791205151
16391	20.216133034456
16392	20.27214104788
16393	20.3383247378265
16394	20.4188155601825
16395	20.5185781260805
16396	20.6430436451297
16397	20.798974186484
16398	20.9982846776152
16399	21.2543010419898
16400	21.5756880175917
16401	21.9654445454805
16402	22.4231230058642
16403	22.9493722560419
16404	23.5407284103844
16405	24.1871127417154
16406	24.8801508552338
16407	25.6106607280381
16408	26.3658197153727
16409	27.1353745864372
16410	27.9102172411761
16411	28.6796274491956
16412	29.4334674084292
16413	30.1647944450813
16414	30.8682063749317
16415	31.5386054817181
16416	32.1734736384756
16417	32.7717165411504
16418	33.3342028469354
16419	33.8631374274961
16420	34.3600627080395
16421	34.824129401377
16422	35.2551302846569
16423	35.6573551625908
16424	36.0337618258607
16425	36.3865937248303
16426	36.7196892354687
16427	37.0359282527315
16428	37.336149497311
16429	37.6203995877458
16430	37.8890695481663
16431	38.1430555364252
16432	38.384286805022
16433	38.615143865971
16434	38.8356283465018
16435	39.0415651167587
16436	39.2309094222266
16437	39.3999696243218
16438	39.5410751609553
16439	39.64748870331
16440	39.7113013348391
16441	39.7295457776376
16442	39.7194861355857
16443	39.6996721671634
16444	39.6733680502825
16445	39.6322994087988
16446	39.5714014648137
16447	39.4964053704945
16448	39.417251066995
16449	39.3448617792007
16450	39.2880145410522
16451	39.2528050915729
16452	39.2412663308123
16453	39.2535225991348
16454	39.2886082419372
16455	39.3456687525898
16456	39.4236901479206
16457	39.5215159998653
16458	39.6370488706401
16459	39.7649945231628
16460	39.9003851994132
16461	40.0425375272509
16462	40.1919336514029
16463	40.3468044981514
16464	40.5035932522256
16465	40.655122390712
16466	40.7884361324023
16467	40.8969976310693
16468	40.9823694624784
16469	41.0480571970176
16470	41.101928175411
16471	41.15079399696
16472	41.1994846433145
16473	41.2520030356117
16474	41.310502482739
16475	41.3771612237696
16476	41.452897670731
16477	41.5373431715194
16478	41.6302102917832
16479	41.7297103105907
16480	41.8324297148375
16481	41.9367272395581
16482	42.0423200020152
16483	42.1488189291765
16484	42.2552178317429
16485	42.3609411550018
16486	42.4654574752155
16487	42.567423450092
16488	42.6657340074896
16489	42.7596112191926
16490	42.8483221002012
16491	42.9306786999174
16492	43.0041011117346
16493	43.066328675439
16494	43.1136844371141
16495	43.1413657477507
16496	43.1451080731743
16497	43.1197701177294
16498	43.0600366706742
16499	42.9615724674249
16500	42.8240814346935
16501	42.6480061115433
16502	42.4324775685262
16503	42.1767714034003
16504	41.8806505121169
16505	41.5445129316578
16506	41.169776326612
16507	40.759592512021
16508	40.3190861550582
16509	39.8514474015225
16510	39.3610736984562
16511	38.8537487037846
16512	38.3333616636819
16513	37.8055586651028
16514	37.2765074131786
16515	36.7516318933054
16516	36.2360322165682
16517	35.7343140166548
16518	35.2494377398378
16519	34.7828963438037
16520	34.3365190365049
16521	33.9122418411456
16522	33.5111802164326
16523	33.1335871196852
16524	32.7802264033161
16525	32.4512987006851
16526	32.1453037012879
16527	31.8628942862871
16528	31.6052511683586
16529	31.3705447611194
16530	31.1568192026344
16531	30.9628432566016
16532	30.7878046802211
16533	30.6304032963012
16534	30.488313278684
16535	30.3595833033108
16536	30.2424782626582
16537	30.1360103475112
16538	30.0404441459905
16539	29.9571389173923
16540	29.8883340011143
16541	29.8382313554055
16542	29.8119620500392
16543	29.8127286457678
16544	29.8394940337584
16545	29.8898185557008
16546	29.9606602847946
16547	30.04871024232
16548	30.1490239455373
16549	30.2582336180625
16550	30.3776162585421
16551	30.5059932946297
16552	30.6406223599343
16553	30.7807189154127
16554	30.9245182067669
16555	31.0720371178344
16556	31.2232990540185
16557	31.3770681794886
16558	31.5327051013648
16559	31.6852049919225
16560	31.8325762217096
16561	31.9792671471953
16562	32.1277060612157
16563	32.2775484364525
16564	32.4280582733768
16565	32.5774346716448
16566	32.7246553418585
16567	32.8697991175391
16568	33.0122135166737
16569	33.1506348999501
16570	33.2843151024476
16571	33.4133946983777
16572	33.5393662845403
16573	33.6638448081229
16574	33.785203156281
16575	33.9027244271064
16576	34.0163790471903
16577	34.1241938178111
16578	34.2267597959494
16579	34.3259198000338
16580	34.4219909293683
16581	34.514190897182
16582	34.6021987318695
16583	34.6870883191834
16584	34.7677234788003
16585	34.8429237053876
16586	34.9119038456175
16587	34.973913155682
16588	35.0295317454935
16589	35.0791824409957
16590	35.1258032475054
16591	35.1747094166235
16592	35.2284833532238
16593	35.283572074684
16594	35.333781280543
16595	35.3795284305166
16596	35.4264977760583
16597	35.4778090009921
16598	35.5350243604962
16599	35.5992850564044
16600	35.6730881037676
16601	35.7615613035022
16602	35.8691501476645
16603	35.9979436478914
16604	36.1484280057187
16605	36.3196809127299
16606	36.5109666893994
16607	36.7213443833237
16608	36.9483367398801
16609	37.1901906669376
16610	37.4435624274344
16611	37.7045046607002
16612	37.9706330428082
16613	38.2376427269973
16614	38.5024204491695
16615	38.7621437087959
16616	39.0121643137113
16617	39.2463477093317
16618	39.4552067298381
16619	39.6333574190947
16620	39.7747026751674
16621	39.8719711664372
16622	39.9326041734273
16623	39.9680971619823
16624	39.9815537908933
16625	39.9747889683188
16626	39.9488332851146
16627	39.9036462907813
16628	39.8421948454524
16629	39.7689658665132
16630	39.6840755136477
16631	39.5881269728109
16632	39.4839669209608
16633	39.3749419084944
16634	39.2633640276654
16635	39.1500425904912
16636	39.0375543020897
16637	38.9246972297561
16638	38.8093879785755
16639	38.6936926071349
16640	38.5827378205998
16641	38.4800060245837
16642	38.3863427938004
16643	38.2999293132882
16644	38.2155351706663
16645	38.1305975366153
16646	38.0454101793041
16647	37.9629616250664
16648	37.8861062905552
16649	37.8113818277666
16650	37.7338469408426
16651	37.6520877595985
16652	37.5638623010713
16653	37.4653121118757
16654	37.3539022954998
16655	37.2301378148133
16656	37.0965087983593
16657	36.9548753677363
16658	36.8063337465176
16659	36.6514656897459
16660	36.4914086464388
16661	36.3270261135521
16662	36.1583033231012
16663	35.9857626834252
16664	35.8109556346124
16665	35.6346744780666
16666	35.4582231870321
16667	35.2832977725126
16668	35.1109578107353
16669	34.942858422151
16670	34.780431172225
16671	34.6250889461456
16672	34.4798822169292
16673	34.349934149577
16674	34.235639384987
16675	34.1297238932122
16676	34.0298666498011
16677	33.9384075502437
16678	33.8556191535373
16679	33.7788422481884
16680	33.7063241610865
16681	33.6417427306953
16682	33.5919147203306
16683	33.5590668137738
16684	33.5391138493729
16685	33.5273341892406
16686	33.5223926111532
16687	33.5271842124335
16688	33.5441235506445
16689	33.5731597712428
16690	33.6119332395498
16691	33.6583481866041
16692	33.7118746462765
16693	33.7700224605985
16694	33.8273013455843
16695	33.8816987958907
16696	33.9320552381833
16697	33.9741401373139
16698	34.0043162016872
16699	34.0203486821272
16700	34.0217044050651
16701	34.008264905932
16702	33.9801017290986
16703	33.9368375587561
16704	33.8782814137798
16705	33.8054996863206
16706	33.7183823858428
16707	33.6177080615222
16708	33.5050092064007
16709	33.3822670519344
16710	33.2519078041035
16711	33.1162584187564
16712	32.9777046484889
16713	32.8376881040611
16714	32.6968612356927
16715	32.5575045949833
16716	32.4223467395736
16717	32.2916937809684
16718	32.1664868551073
16719	32.0485263677742
16720	31.9403905429171
16721	31.846859667475
16722	31.7729286820961
16723	31.7265458789531
16724	31.7188466976922
16725	31.7608673545672
16726	31.8615984674344
16727	32.0264239728832
16728	32.2584635046184
16729	32.5589168379156
16730	32.9266197884046
16731	33.3603753632431
16732	33.8587773351721
16733	34.4159979878373
16734	35.0251849288183
16735	35.6786057836856
16736	36.3673279577181
16737	37.0824147823077
16738	37.8134041335051
16739	38.5494854956227
16740	39.281169782635
16741	40.000388921197
16742	40.7008270515316
16743	41.3769180390471
16744	42.0223732751216
16745	42.6327969678442
16746	43.2060654971619
16747	43.7373674534404
16748	44.2275941720704
16749	44.6799047164495
16750	45.0951441171609
16751	45.4765963950962
16752	45.8276235039353
16753	46.1515422800436
16754	46.451794929631
16755	46.7320231903761
16756	46.994384326654
16757	47.2391313813512
16758	47.4653725022557
16759	47.6727674342275
16760	47.8616055543658
16761	48.0307275045723
16762	48.1774622763177
16763	48.3008927004707
16764	48.3987188039997
16765	48.468251575789
16766	48.5074470564591
16767	48.5167605469907
16768	48.4961512386697
16769	48.4448718400971
16770	48.3655141728611
16771	48.2590892721587
16772	48.1294798342826
16773	47.9866485621963
16774	47.8397722651851
16775	47.6963387444649
16776	47.5619814244593
16777	47.4379762966999
16778	47.3247964710402
16779	47.2235404123223
16780	47.1330466698493
16781	47.0511902813987
16782	46.9782141129106
16783	46.9140503017119
16784	46.8576583327272
16785	46.8081378730168
16786	46.7647112959397
16787	46.7259661190674
16788	46.689579091489
16789	46.6540939911293
16790	46.6189353311624
16791	46.5834740274767
16792	46.5469609849855
16793	46.5087131451691
16794	46.4680207637624
16795	46.4248207462989
16796	46.3787640542276
16797	46.330259707878
16798	46.2804476802685
16799	46.2298949946269
16800	46.180483727069
16801	46.1335400025268
16802	46.0865375880419
16803	46.0319370603018
16804	45.9639123869799
16805	45.8804898894993
16806	45.7802469731831
16807	45.6640244601443
16808	45.5333169188269
16809	45.3890234398567
16810	45.2305499920252
16811	45.0579106679833
16812	44.8723429572712
16813	44.6747505024706
16814	44.467177817997
16815	44.2510621609437
16816	44.0269430551403
16817	43.7966027886427
16818	43.5610544323203
16819	43.3202008139699
16820	43.0757095805556
16821	42.8294681103098
16822	42.5824802232982
16823	42.336877384225
16824	42.095003804863
16825	41.8576047378468
16826	41.6241347183371
16827	41.394547061296
16828	41.1696692734994
16829	40.949991447603
16830	40.7350345429768
16831	40.5251792854979
16832	40.321213752581
16833	40.123603986208
16834	39.9326574464438
16835	39.7483105765562
16836	39.5714994168869
16837	39.4037569813838
16838	39.2454991350693
16839	39.0957858206936
16840	38.9527346874026
16841	38.8161304899398
16842	38.6860339267285
16843	38.5623579225978
16844	38.4461618876376
16845	38.3368591664078
16846	38.2324988515268
16847	38.1324366481088
16848	38.0369547042547
16849	37.9457200894741
16850	37.8581188552014
16851	37.7735649336419
16852	37.6912797473786
16853	37.6110363389521
16854	37.534230868598
16855	37.4613908719826
16856	37.3922494084056
16857	37.3274493169093
16858	37.2664680533169
16859	37.2086224521305
16860	37.1542469848332
16861	37.101988724839
16862	37.0516007259859
16863	37.0035066084605
16864	36.955978362733
16865	36.9069553761993
16866	36.8548138447682
16867	36.8000858848367
16868	36.743437166268
16869	36.6866829380405
16870	36.6335286383141
16871	36.5858538771692
16872	36.5422497513235
16873	36.5014061243057
16874	36.4643134719361
16875	36.4314654080058
16876	36.4026891547162
16877	36.3788527757203
16878	36.3591859537468
16879	36.3422989228319
16880	36.3287918244317
16881	36.318862531492
16882	36.3130016238661
16883	36.3114904364537
16884	36.3122376071835
16885	36.3133501810934
16886	36.3155416498877
16887	36.3196303451494
16888	36.3242577832108
16889	36.3288346420553
16890	36.3340108308512
16891	36.3401723654559
16892	36.3460203906152
16893	36.3504945413754
16894	36.3539325191771
16895	36.3577297707928
16896	36.3636783273743
16897	36.3717089890347
16898	36.3814890059477
16899	36.3925183891081
16900	36.4046731580032
16901	36.4183278721989
16902	36.4331186144011
16903	36.4484131974205
16904	36.4642348768066
16905	36.4794538237181
16906	36.4933798816239
16907	36.5069621251371
16908	36.5201597776756
16909	36.5333773662187
16910	36.5478094005342
16911	36.5633525424802
16912	36.5790402868795
16913	36.5936926284111
16914	36.6080277312202
16915	36.6229644879501
16916	36.6388580429718
16917	36.6558560483965
16918	36.6734500918265
16919	36.6926141893979
16920	36.7129706684193
16921	36.7331934949277
16922	36.7527195797656
16923	36.7713543180801
16924	36.7884110484463
16925	36.8038191109695
16926	36.8197884308325
16927	36.8380841805116
16928	36.8608367223816
16929	36.8883538777242
16930	36.916958740032
16931	36.9439229942545
16932	36.9679286982274
16933	36.9844862039824
16934	36.9886569742066
16935	36.9776316597507
16936	36.949733491293
16937	36.9054862927033
16938	36.8453717418748
16939	36.7693921306561
16940	36.6783755043236
16941	36.5735546942323
16942	36.4567279903127
16943	36.3286219287414
16944	36.190160769139
16945	36.0444356584543
16946	35.8943357320731
16947	35.740926264168
16948	35.585684053633
16949	35.4302906188863
16950	35.2745192045617
16951	35.1188252965099
16952	34.9644365222189
16953	34.8124315293455
16954	34.6648406476411
16955	34.522516654112
16956	34.3854236364191
16957	34.2541935434649
16958	34.128940033154
16959	34.0094464523312
16960	33.8958839297588
16961	33.7880600739333
16962	33.6867208350449
16963	33.5930735639018
16964	33.5082015107315
16965	33.43260303718
16966	33.3667485037241
16967	33.3095187840654
16968	33.2581990573417
16969	33.2122095533226
16970	33.1715004201097
16971	33.1358084816063
16972	33.1050851867155
16973	33.0788676646047
16974	33.0567666360995
16975	33.0391864788063
16976	33.0250346208787
16977	33.013147944035
16978	33.0042736675922
16979	32.9989666148696
16980	32.9967518129269
16981	32.9976872232807
16982	33.0022332542241
16983	33.0095477899739
16984	33.0203702838537
16985	33.0353276332249
16986	33.0539178484741
16987	33.0753414998652
16988	33.0985664176363
16989	33.1248271450435
16990	33.1540772221602
16991	33.1841645948725
16992	33.2130058097374
16993	33.2389722682016
16994	33.2642643215315
16995	33.2939324981497
16996	33.3309923348805
16997	33.3769755894877
16998	33.4318699890802
16999	33.4944863130114
17000	33.5631133530015
17001	33.6363110127263
17002	33.7130060019134
17003	33.7927019144258
17004	33.8766768883833
17005	33.9646624356542
17006	34.0560675284883
17007	34.151684143641
17008	34.2515015859044
17009	34.3550433979774
17010	34.461839140687
17011	34.5730516045608
17012	34.689129971809
17013	34.8079803770678
17014	34.9285849259267
17015	35.0508073519997
17016	35.1740708769217
17017	35.2981283661749
17018	35.4232237155441
17019	35.548351238168
17020	35.6728908013904
17021	35.7965318712384
17022	35.9185687850952
17023	36.0383116506998
17024	36.1548059892927
17025	36.2686393493634
17026	36.3803316226522
17027	36.4879516256757
17028	36.5897584280565
17029	36.6869009701026
17030	36.7800204826
17031	36.8690423186029
17032	36.9544316662746
17033	37.0368728691986
17034	37.1159304552583
17035	37.1911625500754
17036	37.2638557926982
17037	37.3334988763285
17038	37.3993615862313
17039	37.4615070559049
17040	37.5191621159452
17041	37.5716325778729
17042	37.6194841921588
17043	37.6633321704513
17044	37.7036710658318
17045	37.741614097337
17046	37.7779980249333
17047	37.8131875088742
17048	37.8460950951035
17049	37.8772085656566
17050	37.9089154614052
17051	37.9438125831823
17052	37.9845209762714
17053	38.0311248936843
17054	38.0825837558971
17055	38.1372206613006
17056	38.1930703917092
17057	38.2506381953887
17058	38.3113359704386
17059	38.3739126254175
17060	38.4366116763222
17061	38.4991816175343
17062	38.561224872705
17063	38.6215861423803
17064	38.6798380045226
17065	38.736603288574
17066	38.7925037756352
17067	38.8470666715864
17068	38.8987902921768
17069	38.9476518956636
17070	38.9941248637165
17071	39.0389746578751
17072	39.0830987575499
17073	39.1256166084908
17074	39.1651499089642
17075	39.2014653816697
17076	39.2356556143462
17077	39.2672624922252
17078	39.2944040434996
17079	39.3166011242254
17080	39.3351447669165
17081	39.3506742511656
17082	39.3650494116718
17083	39.3789584142026
17084	39.3912838213653
17085	39.402182444342
17086	39.411502542527
17087	39.4199286741552
17088	39.4275614708781
17089	39.4324648255383
17090	39.4346746613106
17091	39.4360387622021
17092	39.4361904669529
17093	39.4353410966894
17094	39.4342489326711
17095	39.4321538194734
17096	39.4283626011263
17097	39.4222400750588
17098	39.4147324287044
17099	39.4068973435194
17100	39.3988822007327
17101	39.3905542918493
17102	39.3816980929716
17103	39.3723299430317
17104	39.3629608239205
17105	39.3544890859599
17106	39.3455056935983
17107	39.3344799162107
17108	39.3216537658557
17109	39.3087654923804
17110	39.2975338234347
17111	39.2879521316798
17112	39.2799075567037
17113	39.2735603472859
17114	39.2671451742247
17115	39.2560039609275
17116	39.2375780092965
17117	39.2130678740999
17118	39.1841076125318
17119	39.1504350867781
17120	39.1105557506415
17121	39.0653347346278
17122	39.0155403327441
17123	38.9613479409112
17124	38.9042911780427
17125	38.8445751958147
17126	38.7819947464364
17127	38.7172324337978
17128	38.6502019598241
17129	38.5805742595339
17130	38.5081483457799
17131	38.4340318879348
17132	38.3597020383673
17133	38.2854847788241
17134	38.2117151661604
17135	38.139517985166
17136	38.0690070671018
17137	38.0003513956593
17138	37.9339394448985
17139	37.8691871165945
17140	37.8055927172937
17141	37.7427865812296
17142	37.6813752101284
17143	37.6217434500183
17144	37.5634669626907
17145	37.5077264759272
17146	37.4558195188796
17147	37.4068139211808
17148	37.360248400987
17149	37.3157622771581
17150	37.27302608756
17151	37.2326383912479
17152	37.1945379216334
17153	37.1575236425373
17154	37.1222402057004
17155	37.0897705243719
17156	37.0587550032682
17157	37.0294754707783
17158	37.0038266013968
17159	36.9820056350843
17160	36.963452001705
17161	36.9473915556024
17162	36.9326757789507
17163	36.9195228272238
17164	36.9102077424049
17165	36.9039856210049
17166	36.8991173478574
17167	36.8963457473264
17168	36.8956711271659
17169	36.8968380901732
17170	36.8997294082643
17171	36.9043001435048
17172	36.9116748187722
17173	36.922675644253
17174	36.9357946637975
17175	36.9490732067233
17176	36.9634809249012
17177	36.9799907433893
17178	36.9965055528326
17179	37.0125988698034
17180	37.0300988216033
17181	37.0512475364406
17182	37.0794379266039
17183	37.1167514457821
17184	37.1627298140983
17185	37.2159737232366
17186	37.2768165340684
17187	37.3442472464717
17188	37.4149457428671
17189	37.4859884192845
17190	37.5550871235738
17191	37.621061400517
17192	37.6826811443105
17193	37.7391738195279
17194	37.7910480615455
17195	37.8391410025953
17196	37.8834336614951
17197	37.9223814541077
17198	37.9560187699806
17199	37.9844005977543
17200	38.0065135252419
17201	38.0227750531275
17202	38.0336048771717
17203	38.0390298367085
17204	38.0403378575475
17205	38.0399258485535
17206	38.039202825965
17207	38.0381710763242
17208	38.0354306108309
17209	38.0299075494454
17210	38.0221276336262
17211	38.0132841326498
17212	38.0044939065341
17213	37.9960836548831
17214	37.9881656556816
17215	37.980422697169
17216	37.9725718596478
17217	37.9643304996855
17218	37.9549335936197
17219	37.9443751007979
17220	37.9342047815141
17221	37.9257710707488
17222	37.9186061430805
17223	37.9115381517367
17224	37.9045066225024
17225	37.8985880698808
17226	37.8943891711593
17227	37.8914219438528
17228	37.8892155369535
17229	37.8879336648438
17230	37.8873155715754
17231	37.8875625031629
17232	37.8897353590696
17233	37.8929064354893
17234	37.8964290678582
17235	37.9014647596464
17236	37.9079083233004
17237	37.9156804641986
17238	37.9246145436625
17239	37.9346958312046
17240	37.9464349053851
17241	37.9593775604916
17242	37.9739846168143
17243	37.9913967405097
17244	38.0102440182235
17245	38.0300123410416
17246	38.0514520764531
17247	38.0737470596071
17248	38.0943996152146
17249	38.1098098454491
17250	38.1200505946942
17251	38.1270558805872
17252	38.1312776820552
17253	38.1321635162352
17254	38.1281097732104
17255	38.1188563765924
17256	38.1059008098088
17257	38.0898348733703
17258	38.0696414129732
17259	38.0445442289743
17260	38.0145777221655
17261	37.9793033271242
17262	37.9390546125258
17263	37.8962997582804
17264	37.8528478980662
17265	37.8086617820644
17266	37.7642399765787
17267	37.7189657666078
17268	37.6710488648048
17269	37.6205674961386
17270	37.5681463340422
17271	37.5152651885167
17272	37.4638482411177
17273	37.4154706290715
17274	37.369647891959
17275	37.3259593889441
17276	37.2854855913331
17277	37.2483856921156
17278	37.2150808103461
17279	37.1861481360056
17280	37.161072353231
17281	37.1383350985097
17282	37.1168056370952
17283	37.0951993675476
17284	37.0740887120967
17285	37.05544903176
17286	37.0394995050079
17287	37.025322896913
17288	37.0121744357826
17289	37.0002042197369
17290	36.989984097143
17291	36.9815343231499
17292	36.9742326392234
17293	36.9677832601963
17294	36.9620657282307
17295	36.9568179615423
17296	36.9516537492675
17297	36.9470985519891
17298	36.9442319697253
17299	36.9424037513018
17300	36.9419175873847
17301	36.9437626535204
17302	36.9481536577846
17303	36.9561170706027
17304	36.9678758262232
17305	36.9834180735975
17306	37.0024421348896
17307	37.0249766125326
17308	37.0500855492145
17309	37.0765033210225
17310	37.1042260699008
17311	37.1340637881709
17312	37.1666881540258
17313	37.2021146747749
17314	37.2437237528454
17315	37.2927118018763
17316	37.3496778411573
17317	37.4197535333646
17318	37.5066994066119
17319	37.612574086783
17320	37.7393227340567
17321	37.8888326003077
17322	38.0631402069842
17323	38.2633734922354
17324	38.4886578060336
17325	38.7362674830145
17326	39.0031372913726
17327	39.2851719781211
17328	39.579237249109
17329	39.8812388276076
17330	40.188058925278
17331	40.4982199793268
17332	40.8082507610369
17333	41.1153894887325
17334	41.41812219259
17335	41.7140586827599
17336	42.0019495727711
17337	42.280479351541
17338	42.5469873361095
17339	42.8009590788345
17340	43.0423107203967
17341	43.2720667311326
17342	43.4916484221806
17343	43.7003368196596
17344	43.8972222955582
17345	44.0829699542268
17346	44.2583827611015
17347	44.4237929071674
17348	44.5792475107554
17349	44.7236315889035
17350	44.8565646157317
17351	44.9789116991991
17352	45.0917742816062
17353	45.1946112785983
17354	45.2872799018125
17355	45.3706755121131
17356	45.4459963698135
17357	45.5146739434661
17358	45.5776301127911
17359	45.6354167067866
17360	45.6873794378352
17361	45.7330413927311
17362	45.7733259315413
17363	45.8089448133205
17364	45.8406939548494
17365	45.8688379916882
17366	45.8925442286015
17367	45.9114554924728
17368	45.9257537826725
17369	45.9365822264957
17370	45.9447092604381
17371	45.9499938223548
17372	45.9523174043122
17373	45.9512549328454
17374	45.9471749961721
17375	45.9406009861264
17376	45.9303994027995
17377	45.9157363013383
17378	45.8932535338628
17379	45.8587915750151
17380	45.8094834142098
17381	45.7404718958046
17382	45.646004958199
17383	45.519635849155
17384	45.3553975114877
17385	45.148964950691
17386	44.8976625637933
17387	44.5993908037203
17388	44.2516051671662
17389	43.8547526671557
17390	43.4134493394893
17391	42.932792897199
17392	42.4180167810628
17393	41.8755555285002
17394	41.3117494651249
17395	40.733006918741
17396	40.147283576791
17397	39.5619427133892
17398	38.9828086327492
17399	38.4156808943427
17400	37.8652073228982
17401	37.3347162568363
17402	36.8267827876912
17403	36.3441152622394
17404	35.8881045888762
17405	35.4586811441014
17406	35.0550059880457
17407	34.6759218822945
17408	34.3217474841338
17409	33.9916501779459
17410	33.6840440217488
17411	33.3982027970285
17412	33.1331736421793
17413	32.8881331950708
17414	32.6611307167773
17415	32.4502485539818
17416	32.2541401936566
17417	32.0716657633633
17418	31.9019751662195
17419	31.7438450752397
17420	31.596201105231
17421	31.4582048439295
17422	31.3289382937472
17423	31.2074721116084
17424	31.0931691161453
17425	30.9849277316256
17426	30.8818717842673
17427	30.7832072190357
17428	30.6873995571574
17429	30.5953059285081
17430	30.5085916426007
17431	30.4276525103938
17432	30.3523303746297
17433	30.2829291600983
17434	30.221191806194
17435	30.1690263523863
17436	30.1314576414905
17437	30.1153033248599
17438	30.12910345966
17439	30.183152374747
17440	30.2856988404127
17441	30.4433357062263
17442	30.659836333936
17443	30.9376346404669
17444	31.278823389706
17445	31.6851851932503
17446	32.1579150839226
17447	32.6942555448204
17448	33.2902265902582
17449	33.9397574138561
17450	34.6347451943438
17451	35.3673528784956
17452	36.1292094158337
17453	36.91021700208
17454	37.6997849164988
17455	38.4889583844518
17456	39.2686119030214
17457	40.03018888778
17458	40.7662054061931
17459	41.471076802454
17460	42.1407382483702
17461	42.7721209012387
17462	43.3643060669879
17463	43.9174426208944
17464	44.4327737655932
17465	44.9110490330825
17466	45.3526840962391
17467	45.7596493790566
17468	46.1355890977241
17469	46.4844983048773
17470	46.8101042635524
17471	47.11424751895
17472	47.3983897306721
17473	47.6632641047998
17474	47.906857608094
17475	48.1268266831551
17476	48.3175867456519
17477	48.473146553384
17478	48.5878866768187
17479	48.6565973038858
17480	48.6806687121811
17481	48.670495296738
17482	48.6386492094678
17483	48.5953343137468
17484	48.548830546867
17485	48.505099527622
17486	48.4677585694702
17487	48.4386302454525
17488	48.4189648607701
17489	48.4087576566499
17490	48.4053344967959
17491	48.407657486334
17492	48.4167140887893
17493	48.4315847554481
17494	48.4512201174312
17495	48.4743556564595
17496	48.5001039454253
17497	48.5266146383319
17498	48.5509519978106
17499	48.5721454640315
17500	48.5901602180905
17501	48.6043192405193
17502	48.6135823946245
17503	48.6176099118721
17504	48.6158920863572
17505	48.6080019697759
17506	48.5941755581734
17507	48.5756478538834
17508	48.5538397579897
17509	48.5291014823874
17510	48.5008841594279
17511	48.4697115945423
17512	48.4374691310513
17513	48.4046778571345
17514	48.3687162429881
17515	48.3234731661644
17516	48.2605260606562
17517	48.1734097155215
17518	48.0581539274608
17519	47.9113830847858
17520	47.7287051091982
17521	47.5065586277066
17522	47.2439692230882
17523	46.9410249994244
17524	46.5986555208828
17525	46.2183502290497
17526	45.8019580896634
17527	45.3521430652654
17528	44.8730292981651
17529	44.3683471536624
17530	43.8431745017055
17531	43.3043640236242
17532	42.7563749366091
17533	42.20444486979
17534	41.6547311233339
17535	41.1114291685975
17536	40.5783885889804
17537	40.0605414729438
17538	39.5623856166844
17539	39.0858678833972
17540	38.6316436845828
17541	38.1997033147603
17542	37.7901297583222
17543	37.4035956173516
17544	37.0393664993257
17545	36.6972339071574
17546	36.378766984041
17547	36.0832317549662
17548	35.8087718459618
17549	35.5536742901884
17550	35.3158105498438
17551	35.0923849953051
17552	34.8818962464345
17553	34.6837264985305
17554	34.4964822873839
17555	34.3197545458873
17556	34.1547963455825
17557	34.0032439056338
17558	33.8671910208896
17559	33.7501811619825
17560	33.6558416997407
17561	33.5915469577051
17562	33.5629048248829
17563	33.5672579724113
17564	33.5987800912985
17565	33.6496788814692
17566	33.7144959136534
17567	33.7927285786809
17568	33.890879460524
17569	34.0174538644152
17570	34.1722460436283
17571	34.3454431276
17572	34.5244265562907
17573	34.7075325049756
17574	34.9017152950183
17575	35.1170414071972
17576	35.3636571243371
17577	35.6491364437676
17578	35.9775055752497
17579	36.3440503510474
17580	36.7369953438962
17581	37.1418438877786
17582	37.550129970358
17583	37.9582915699801
17584	38.3635815532645
17585	38.765264262667
17586	39.161304137869
17587	39.5502872471815
17588	39.9313484840893
17589	40.3018496065277
17590	40.6604207204237
17591	41.006329380355
17592	41.3372334976768
17593	41.6508526796893
17594	41.9462319195853
17595	42.2238749411692
17596	42.4819194618665
17597	42.7191321744656
17598	42.9326928194099
17599	43.1165295761506
17600	43.2678188998211
17601	43.3910109947692
17602	43.4977021877849
17603	43.6003121013807
17604	43.7078673866416
17605	43.8268758410513
17606	43.9627274634376
17607	44.1185104312648
17608	44.2952308965144
17609	44.4923364637511
17610	44.7081066884876
17611	44.9397347251772
17612	45.1808479865167
17613	45.4219539596249
17614	45.6521616263592
17615	45.8592679592478
17616	46.0344746870191
17617	46.1754983198175
17618	46.2846466130209
17619	46.3656361024271
17620	46.4192963925363
17621	46.4476781492098
17622	46.4540647351678
17623	46.4425885358896
17624	46.4173297642593
17625	46.3796778699438
17626	46.3303481796915
17627	46.2689977146122
17628	46.1971339399095
17629	46.115431778148
17630	46.023748704392
17631	45.9251557171223
17632	45.8230458677939
17633	45.7203451127694
17634	45.6187372677547
17635	45.5186195089998
17636	45.4211314698033
17637	45.3276161194071
17638	45.2387290894166
17639	45.1544089219495
17640	45.0757719146883
17641	45.003649886986
17642	44.9356667609533
17643	44.870407352166
17644	44.8091716728221
17645	44.7533791346138
17646	44.7035558305553
17647	44.6588802437466
17648	44.6173697323071
17649	44.5764830308919
17650	44.5338059253754
17651	44.486761814374
17652	44.4322689005249
17653	44.3682350690817
17654	44.2913663913555
17655	44.1958698513157
17656	44.074892217139
17657	43.9215088425521
17658	43.7296232473563
17659	43.4959811015599
17660	43.2185280673224
17661	42.8957509483756
17662	42.5283927125555
17663	42.1200415779924
17664	41.6763460479352
17665	41.2034630602151
17666	40.7076234327731
17667	40.1955758467596
17668	39.6740123125302
17669	39.1489294498878
17670	38.626465815638
17671	38.1122517116819
17672	37.611024165732
17673	37.1265636031681
17674	36.6629252664833
17675	36.2222655296191
17676	35.8045391380481
17677	35.4100654253165
17678	35.0380269655194
17679	34.6875557848058
17680	34.3580351717759
17681	34.0485169990316
17682	33.7579625133015
17683	33.484652077348
17684	33.227766025517
17685	32.9891102729431
17686	32.7693397606463
17687	32.5676804447748
17688	32.3852217002889
17689	32.2217253013958
17690	32.0759918625544
17691	31.9482809316132
17692	31.8386303008989
17693	31.7484169708647
17694	31.6801350594635
17695	31.6345955424572
17696	31.6136250892274
17697	31.6186628987778
17698	31.649143533862
17699	31.7023876665853
17700	31.7756311350926
17701	31.8671300904574
17702	31.9740646804216
17703	32.0916908173636
17704	32.2147600743577
17705	32.3426778929933
17706	32.4755504679662
17707	32.6126781656061
17708	32.7533680964011
17709	32.896232022801
17710	33.0404100162835
17711	33.1851013090691
17712	33.3320850974175
17713	33.4833979601623
17714	33.6406275113538
17715	33.805816550995
17716	33.9792755242202
17717	34.1605924318236
17718	34.3502484103189
17719	34.5479789126254
17720	34.753896115778
17721	34.9690901104153
17722	35.1938122342609
17723	35.4268102518424
17724	35.6678535786111
17725	35.9162171570371
17726	36.1707084460828
17727	36.4322108784323
17728	36.6976285406924
17729	36.9673254922689
17730	37.2373057836018
17731	37.5049004088585
17732	37.7722442747948
17733	38.034024805371
17734	38.2854882270788
17735	38.5219388493692
17736	38.7408734531347
17737	38.9438568989292
17738	39.134269490671
17739	39.3121581197964
17740	39.4746083209559
17741	39.6189853197627
17742	39.7462922772935
17743	39.8613640386983
17744	39.9666222711546
17745	40.0630634940883
17746	40.1500190084632
17747	40.223462685512
17748	40.2833114326359
17749	40.3356438794269
17750	40.384077891101
17751	40.4284982423128
17752	40.4666440557832
17753	40.4971991968288
17754	40.5223681631028
17755	40.5441737768619
17756	40.5632119208355
17757	40.5781240756545
17758	40.5864930369202
17759	40.5883937490966
17760	40.5884043717026
17761	40.5887613700041
17762	40.5872367982185
17763	40.5813968977518
17764	40.5697290981021
17765	40.5548992865664
17766	40.5402954554691
17767	40.5261909887527
17768	40.5081417114757
17769	40.4836389703483
17770	40.4553378152837
17771	40.4274892775624
17772	40.4028159087253
17773	40.3814794676078
17774	40.3624035054051
17775	40.344952477023
17776	40.3296496128512
17777	40.3168959328605
17778	40.3079037339839
17779	40.3014928882362
17780	40.2958129564229
17781	40.2905556142863
17782	40.286459224299
17783	40.2828681608161
17784	40.2784605596423
17785	40.2710086984042
17786	40.2589562250852
17787	40.2441897175698
17788	40.2287937743729
17789	40.2147015768807
17790	40.2016765057629
17791	40.1888900645027
17792	40.1771219715234
17793	40.1669247030699
17794	40.1574548290114
17795	40.1457360052697
17796	40.1297687795738
17797	40.1114338458752
17798	40.0930571405518
17799	40.075221056581
17800	40.0576851833303
17801	40.0405808070103
17802	40.0236160291338
17803	40.0078126788427
17804	39.9941851156502
17805	39.9805536462084
17806	39.966168347982
17807	39.9526638769843
17808	39.9414956335191
17809	39.9334439944515
17810	39.928285620167
17811	39.9240733105899
17812	39.9192784089234
17813	39.9138016009725
17814	39.9084852483895
17815	39.9034954935634
17816	39.8992026196536
17817	39.8935535315624
17818	39.8832157294476
17819	39.8688093874641
17820	39.853786422529
17821	39.8388822962366
17822	39.8221613064904
17823	39.8024616079015
17824	39.7781680802868
17825	39.7510744193703
17826	39.7228783006716
17827	39.6931827051976
17828	39.6645888065895
17829	39.6392666025442
17830	39.6177065776201
17831	39.5966281731434
17832	39.5701334343126
17833	39.5369329655066
17834	39.5019192369096
17835	39.4743483023273
17836	39.4606214990137
17837	39.4602524696465
17838	39.4678304606419
17839	39.4784846988755
17840	39.4884125023521
17841	39.4912688106716
17842	39.4821522184052
17843	39.4615945473824
17844	39.4344635138056
17845	39.4052871887193
17846	39.376456140002
17847	39.3486513924298
17848	39.3211553035898
17849	39.2934943782944
17850	39.2649439704744
17851	39.2350844986172
17852	39.2040855258149
17853	39.1725219495999
17854	39.1425603513234
17855	39.1144391021955
17856	39.0873059924942
17857	39.0608092147748
17858	39.0345207591886
17859	39.0053879940687
17860	38.9706018984269
17861	38.9298487975308
17862	38.8865545588269
17863	38.8444983431071
17864	38.8031611821861
17865	38.7621805415543
17866	38.7264385489787
17867	38.701287003157
17868	38.6844930158839
17869	38.6693429417695
17870	38.6525347509489
17871	38.634761576718
17872	38.6187728143989
17873	38.6068788447309
17874	38.5984448282356
17875	38.5917053366537
17876	38.5849075790099
17877	38.5773602317167
17878	38.5688369092638
17879	38.5588160692923
17880	38.5493653121149
17881	38.5422836791686
17882	38.536816482284
17883	38.5322375290358
17884	38.5284985570322
17885	38.5251421204697
17886	38.5212518643522
17887	38.5179851332563
17888	38.5145563512108
17889	38.5090334470555
17890	38.5009538716509
17891	38.4905662384189
17892	38.4795762554537
17893	38.4693161680345
17894	38.4614082830106
17895	38.4555655178715
17896	38.4499223117119
17897	38.4433462830808
17898	38.4362448306142
17899	38.4300288085837
17900	38.4252194054843
17901	38.4207591077151
17902	38.4147521687453
17903	38.4075599523393
17904	38.3988961580223
17905	38.38985592391
17906	38.3827406298614
17907	38.3770819433963
17908	38.3734540933675
17909	38.372878399869
17910	38.3751105561851
17911	38.3799176051171
17912	38.3868110181419
17913	38.3947248090333
17914	38.4040787058229
17915	38.4148690047884
17916	38.425916933757
17917	38.4361012256324
17918	38.4448558751105
17919	38.4522675247079
17920	38.4586338577173
17921	38.464317657412
17922	38.4699753288498
17923	38.4769066596454
17924	38.4837830965648
17925	38.48884891019
17926	38.4924006610025
17927	38.495753120987
17928	38.5009351224568
17929	38.5096977762249
17930	38.5209105142993
17931	38.5313950782611
17932	38.5402805399945
17933	38.5487004345368
17934	38.5586136415401
17935	38.5698403517394
17936	38.5804940972566
17937	38.5888662565741
17938	38.5962957597128
17939	38.6053186578978
17940	38.6157557030514
17941	38.6271665394548
17942	38.6392008673197
17943	38.6503242494307
17944	38.6593659268678
17945	38.6655269015465
17946	38.6697980895968
17947	38.6738457479076
17948	38.6778726504619
17949	38.6817572939856
17950	38.6848834975199
17951	38.6858955210202
17952	38.6844445179893
17953	38.6830487987734
17954	38.6827121299157
17955	38.6831664480154
17956	38.6836905273504
17957	38.6841342893379
17958	38.6853502339997
17959	38.6876125259404
17960	38.6909733519557
17961	38.6948742525624
17962	38.6980440611686
17963	38.6993029244241
17964	38.6994978406792
17965	38.7022563814697
17966	38.7088929631256
17967	38.7157772940936
17968	38.7203644141697
17969	38.7216668053
17970	38.7218660647343
17971	38.7254835908883
17972	38.7337553765613
17973	38.7443029425626
17974	38.7531911689055
17975	38.7588985598999
17976	38.7641360567129
17977	38.7723173645189
17978	38.7846654626681
17979	38.7997943128188
17980	38.8158666350223
17981	38.8322060184996
17982	38.8484605047653
17983	38.8623928968218
17984	38.8722969527451
17985	38.8809517663042
17986	38.890126673592
17987	38.8995543072311
17988	38.9100449546415
17989	38.9213783951262
17990	38.9320826498391
17991	38.9402522740581
17992	38.9458106199444
17993	38.9517633958661
17994	38.9621124865835
17995	38.9766998867652
17996	38.9913938493374
17997	39.0029540078348
17998	39.0098833494854
17999	39.0169538664511
18000	39.0302937633818
18001	39.0497890385531
18002	39.0690002418532
18003	39.0809156485488
18004	39.0853298220057
18005	39.0890011920804
18006	39.097687662309
18007	39.1107230143292
18008	39.1227187775706
18009	39.1289560041803
18010	39.1301735787864
18011	39.1316609909862
18012	39.1396730835915
18013	39.1548940471474
18014	39.1730105660732
18015	39.1903600870883
18016	39.2061192021956
18017	39.2204321548833
18018	39.2331097520332
18019	39.2445233726258
18020	39.2548332149797
18021	39.2644175025201
18022	39.2735748372541
18023	39.2826431413187
18024	39.2899276881207
18025	39.2952878688199
18026	39.2997574707994
18027	39.3024528224711
18028	39.3049580120465
18029	39.3095474462841
18030	39.3170875297467
18031	39.3280623511493
18032	39.3416145700843
18033	39.357483636653
18034	39.3772089273408
18035	39.4013670733813
18036	39.4274975369731
18037	39.4507479680779
18038	39.4680610522172
18039	39.4772667604588
18040	39.4748045840401
18041	39.4586345488264
18042	39.4290105129745
18043	39.3851208425326
18044	39.3261486035466
18045	39.252442367494
18046	39.164534975348
18047	39.0643377956873
18048	38.9547617879185
18049	38.8397950787437
18050	38.7235171576476
18051	38.6133031717547
18052	38.520285270107
18053	38.4529955070371
18054	38.4144513635621
18055	38.3990116364601
18056	38.3959957639657
18057	38.4010356194947
18058	38.4175918806
18059	38.4527983232585
18060	38.5134106028366
18061	38.6019326589147
18062	38.7185416707113
18063	38.8666261739701
18064	39.0507498385578
18065	39.2701375760733
18066	39.5223083738964
18067	39.806160787861
18068	40.1177767251792
18069	40.447433648222
18070	40.7852483727156
18071	41.1281939231124
18072	41.4764231487581
18073	41.8285787381617
18074	42.1819036985356
18075	42.5329425855389
18076	42.8799019816812
18077	43.223606180433
18078	43.5651359998649
18079	43.9025204708312
18080	44.2280804053246
18081	44.5334972232244
18082	44.8146158736329
18083	45.0631878667675
18084	45.278059518492
18085	45.470341297915
18086	45.6484725281613
18087	45.819371378261
18088	45.9871425357999
18089	46.1519905387202
18090	46.3117346834713
18091	46.4603369647622
18092	46.5945424827689
18093	46.7149561586068
18094	46.8262543147455
18095	46.9360059580138
18096	47.047821331789
18097	47.162577574297
18098	47.2785377056422
18099	47.3907882778687
18100	47.4960173660674
18101	47.5911531946713
18102	47.6746537229359
18103	47.7468195112424
18104	47.8082354914457
18105	47.8596242270935
18106	47.9000771519263
18107	47.9295990272325
18108	47.9489742575168
18109	47.9593256001177
18110	47.9614966878022
18111	47.9549407488812
18112	47.9379155836582
18113	47.9078011567074
18114	47.8633106881349
18115	47.8063112306347
18116	47.7384007564964
18117	47.6616100755934
18118	47.5777323368433
18119	47.4869412384817
18120	47.3888877737163
18121	47.2845976107482
18122	47.1766595909067
18123	47.0658169198318
18124	46.9536230353079
18125	46.8403132953904
18126	46.723409090479
18127	46.6011801728286
18128	46.4737608521644
18129	46.3431699680098
18130	46.2127039474132
18131	46.0840139692643
18132	45.9596704555208
18133	45.8417063221979
18134	45.728356039486
18135	45.6142256252116
18136	45.4938215049549
18137	45.3652185515875
18138	45.2282208020438
18139	45.0839705830555
18140	44.927889147928
18141	44.7519356673967
18142	44.5526261090384
18143	44.3270100248038
18144	44.0727345381008
18145	43.7879015041995
18146	43.4715281902242
18147	43.1243193175614
18148	42.7481465689397
18149	42.3464799548576
18150	41.921777179578
18151	41.4778278612134
18152	41.0192287590399
18153	40.5510125986027
18154	40.0790548353338
18155	39.6067137379605
18156	39.138255978956
18157	38.6789153479669
18158	38.2335627941234
18159	37.8062237414424
18160	37.3970686343442
18161	37.0069615668697
18162	36.6388262657072
18163	36.2930250948361
18164	35.9702008101541
18165	35.6724404727607
18166	35.406121952867
18167	35.1744732406923
18168	34.9790782411403
18169	34.8146442422741
18170	34.6712036613302
18171	34.541112002781
18172	34.4134608147173
18173	34.2847797386363
18174	34.1577789211977
18175	34.0365863452295
18176	33.918692529154
18177	33.7985201735751
18178	33.6754797216005
18179	33.5533177442137
18180	33.4398646670159
18181	33.3362997070699
18182	33.2370602256863
18183	33.1366494389699
18184	33.034380752757
18185	32.9369392481279
18186	32.8495922189517
18187	32.7695564161855
18188	32.6913999792462
18189	32.6135199200419
18190	32.5405046385556
18191	32.478791324464
18192	32.4275993857083
18193	32.38202253535
18194	32.3392404457165
18195	32.300376762669
18196	32.2695700914635
18197	32.2481849568956
18198	32.234841309059
18199	32.2261549219412
18200	32.2205639044922
18201	32.2216802593384
18202	32.2317110340095
18203	32.2482221236137
18204	32.2687854712224
18205	32.2918059560228
18206	32.3178432380127
18207	32.3498710262101
18208	32.3901377116546
18209	32.4342828186959
18210	32.4754600697116
18211	32.5092643204573
18212	32.5336272441266
18213	32.5525401221061
18214	32.5721316908353
18215	32.5926391881413
18216	32.6101712794249
18217	32.6242480994104
18218	32.6373642285429
18219	32.654966562709
18220	32.6814364754852
18221	32.7149410402739
18222	32.7500362788555
18223	32.7854882433821
18224	32.8266339376842
18225	32.8788343217675
18226	32.9419336992067
18227	33.0130815143995
18228	33.092095184965
18229	33.178209387108
18230	33.2684809027429
18231	33.3649242878936
18232	33.4737611784995
18233	33.5992703319117
18234	33.7451834033088
18235	33.913894269831
18236	34.1067626910675
18237	34.3254821249703
18238	34.569566294958
18239	34.8364803049183
18240	35.1226486040232
18241	35.4226348894002
18242	35.7297160233683
18243	36.038852148865
18244	36.3461725457285
18245	36.6518390590592
18246	36.9579642135485
18247	37.261683752182
18248	37.5568281750238
18249	37.8404077231826
18250	38.1121277531283
18251	38.3722546730666
18252	38.6128074777556
18253	38.8261697751068
18254	39.0122377934038
18255	39.166941918698
18256	39.2885314477749
18257	39.3794790310916
18258	39.4414310124104
18259	39.4762384943906
18260	39.4880901584813
18261	39.4818185782094
18262	39.4584610275514
18263	39.4202443004878
18264	39.3712339388912
18265	39.3134421372546
18266	39.2467925611093
18267	39.1714959558456
18268	39.0913286209308
18269	39.0094679118053
18270	38.9251389537039
18271	38.8358537119425
18272	38.7423916486691
18273	38.6480984927484
18274	38.5550581935121
18275	38.4637172903378
18276	38.3743019311307
18277	38.2864911556338
18278	38.1974263866385
18279	38.1029107937079
18280	38.003295375963
18281	37.901513994247
18282	37.7998986033309
18283	37.7037191221076
18284	37.6165450613499
18285	37.5380117218
18286	37.4690703717934
18287	37.4115459164988
18288	37.3644850926945
18289	37.3240139540493
18290	37.2891108855408
18291	37.2609213858476
18292	37.238470213568
18293	37.2185403210701
18294	37.1986747608227
18295	37.1789799232008
18296	37.161204628643
18297	37.1475617308259
18298	37.1408359945616
18299	37.1447447786469
18300	37.1645272907594
18301	37.2050685471322
18302	37.2684347044111
18303	37.355972432134
18304	37.4684402714696
18305	37.60520973027
18306	37.7631797140226
18307	37.9409948509137
18308	38.1354183174714
18309	38.3418618439039
18310	38.5516810136716
18311	38.7582595487684
18312	38.960819859229
18313	39.1549116687036
18314	39.340497540365
18315	39.5283779524676
18316	39.7270099090277
18317	39.9293805317752
18318	40.1253009122941
18319	40.312097341373
18320	40.4883678369293
18321	40.648953268145
18322	40.7904247571194
18323	40.9085408309482
18324	41.0002543444748
18325	41.0701115057544
18326	41.1210819896175
18327	41.1563869355088
18328	41.1800835927174
18329	41.1929124668012
18330	41.1952245474396
18331	41.1877213467595
18332	41.1705300502146
18333	41.144805849864
18334	41.1124256287528
18335	41.0753780239035
18336	41.0345095643144
18337	40.9884634968478
18338	40.9367188979379
18339	40.8793898687582
18340	40.8166663009418
18341	40.7493672289654
18342	40.6785871042475
18343	40.6062660174778
18344	40.5354238178705
18345	40.4688753221246
18346	40.4077492655558
18347	40.3553850668454
18348	40.3164872264112
18349	40.2945607939657
18350	40.2938787073633
18351	40.3170892819325
18352	40.365521511114
18353	40.4381795265831
18354	40.5327359020757
18355	40.6475104127684
18356	40.7799102478736
18357	40.9284455649541
18358	41.0907410502846
18359	41.2640437970369
18360	41.446760627281
18361	41.6368181659393
18362	41.8300331112596
18363	42.0215845693266
18364	42.209305350067
18365	42.3912435633124
18366	42.5661696418727
18367	42.7335922971243
18368	42.8912347082113
18369	43.0360669713729
18370	43.1670465031959
18371	43.2839299208208
18372	43.3886024739606
18373	43.4823995993076
18374	43.5640916327478
18375	43.6343160329027
18376	43.6940168844062
18377	43.7439398278992
18378	43.7834236375184
18379	43.8126781754627
18380	43.8336110380128
18381	43.8458727956998
18382	43.8489204873977
18383	43.8426521846262
18384	43.8282157468725
18385	43.8067491885897
18386	43.7791919742701
18387	43.7457641970564
18388	43.7049906260824
18389	43.657031134471
18390	43.6023722858278
18391	43.5412442465152
18392	43.4752477099661
18393	43.4033881352078
18394	43.3244915629359
18395	43.2408020849431
18396	43.1521159661919
18397	43.0597797966686
18398	42.9667922097894
18399	42.8740213921755
18400	42.7826814227614
18401	42.6931074233835
18402	42.6046310966699
18403	42.5157304766346
18404	42.4266448956165
18405	42.3383183241324
18406	42.2496785347409
18407	42.1583480538578
18408	42.0645227785838
18409	41.9709315526341
18410	41.8773086095982
18411	41.7832186552585
18412	41.6878873101961
18413	41.5895647316797
18414	41.490112899163
18415	41.3941947582689
18416	41.3089183098815
18417	41.2419754242223
18418	41.1977213791442
18419	41.1786269608035
18420	41.1880192024798
18421	41.2278111438534
18422	41.2947196854551
18423	41.3838349534487
18424	41.4897536694781
18425	41.6074086943266
18426	41.7325774781232
18427	41.8574213026395
18428	41.9760365364221
18429	42.0870320445294
18430	42.1912146882273
18431	42.2961377542044
18432	42.4076321509486
18433	42.5260796922687
18434	42.6547843660567
18435	42.798087372232
18436	42.9581375961512
18437	43.1356629201479
18438	43.3303554008036
18439	43.5417974377645
18440	43.7691083444222
18441	44.0098630848959
18442	44.2616587956588
18443	44.5239443374026
18444	44.7966834725739
18445	45.0774181013828
18446	45.3589641752901
18447	45.6279796592691
18448	45.8721740368054
18449	46.0862801605237
18450	46.2749873851039
18451	46.4468840750166
18452	46.6104404504907
18453	46.7725650472949
18454	46.9379345039203
18455	47.1110336435072
18456	47.2937080875851
18457	47.4862086979268
18458	47.6877379053436
18459	47.897414836692
18460	48.1143951353687
18461	48.3372122172508
18462	48.562466487459
18463	48.7859329754119
18464	49.0036025415425
18465	49.2086170117386
18466	49.3944104994425
18467	49.5579941526629
18468	49.6977894857694
18469	49.8107706796014
18470	49.8964616837357
18471	49.9545601504239
18472	49.9824830858842
18473	49.9802568823527
18474	49.9518294030598
18475	49.901513815686
18476	49.8327656941517
18477	49.7515986996872
18478	49.6651395521105
18479	49.5779359437251
18480	49.4933459374608
18481	49.4138423488593
18482	49.3414597683118
18483	49.2781654825785
18484	49.2242726416369
18485	49.1784453559934
18486	49.1393525498722
18487	49.1066468809734
18488	49.0808919795372
18489	49.0619315632071
18490	49.0474639506154
18491	49.0332699314386
18492	49.0129816093078
18493	48.978450814931
18494	48.9223937218584
18495	48.8357513048333
18496	48.708034092368
18497	48.5330140102174
18498	48.3060660846427
18499	48.0227195464883
18500	47.6802248119241
18501	47.2778879322555
18502	46.8183837006005
18503	46.3058198859515
18504	45.7457460210118
18505	45.1452395717348
18506	44.5134057084526
18507	43.8622974328106
18508	43.2003196279805
18509	42.5356306064309
18510	41.8800316266578
18511	41.2431213603413
18512	40.6291534651175
18513	40.0397926327625
18514	39.4756570647484
18515	38.9367323624965
18516	38.4227246768313
18517	37.9328758895171
18518	37.46768099133
18519	37.0302445765073
18520	36.6252436561769
18521	36.2538129380933
18522	35.9140808392456
18523	35.6038028397293
18524	35.3216015016802
18525	35.0657373702863
18526	34.8349021374531
18527	34.6283803158992
18528	34.4444114850479
18529	34.2834134312342
18530	34.1476820284665
18531	34.0355047204428
18532	33.937588637294
18533	33.8451075386174
18534	33.7517957508924
18535	33.6524486640285
18536	33.5450614911246
18537	33.4277824684104
18538	33.2994579556721
18539	33.1608656581204
18540	33.0133669203716
18541	32.8578363846062
18542	32.6937032595823
18543	32.5214414718569
18544	32.343315825701
18545	32.1618874864891
18546	31.9791313519153
18547	31.7959654797416
18548	31.6132099745715
18549	31.4311708969759
18550	31.2511350116961
18551	31.0749075180709
18552	30.9048510980531
18553	30.745062330467
18554	30.6021507430251
18555	30.4847510759056
18556	30.401860022277
18557	30.3597431931339
18558	30.3551475550148
18559	30.3857162412972
18560	30.4512543988015
18561	30.5426371677406
18562	30.6523816330429
18563	30.7764674086085
18564	30.9182807465151
18565	31.0849394436587
18566	31.2708128966347
18567	31.4670408830291
18568	31.6695469277171
18569	31.8840774416767
18570	32.1202101932103
18571	32.3866610197077
18572	32.6927312338482
18573	33.0389191137134
18574	33.4192655354961
18575	33.830892297946
18576	34.2755095336023
18577	34.7529346165944
18578	35.2570497560271
18579	35.771432542039
18580	36.2800420580139
18581	36.7777465218586
18582	37.2664851396087
18583	37.752501083575
18584	38.2434350614934
18585	38.7368708555706
18586	39.2194226442599
18587	39.6813533176608
18588	40.1154003497218
18589	40.5175336066539
18590	40.8875079187385
18591	41.2237573083875
18592	41.5310462806815
18593	41.8144872597509
18594	42.0775724649267
18595	42.3268717607747
18596	42.5696114641925
18597	42.8099827526956
18598	43.0493277002282
18599	43.2877223359248
18600	43.5250050448049
18601	43.7610788649868
18602	43.9942431273302
18603	44.2225844732779
18604	44.4449129739224
18605	44.6611577847456
18606	44.8685624901838
18607	45.0639875643238
18608	45.2414706758089
18609	45.3928936415067
18610	45.5138771559891
18611	45.595344151845
18612	45.6291833053059
18613	45.6175256801852
18614	45.5658304090019
18615	45.477837691489
18616	45.3554762722217
18617	45.2003947534497
18618	45.0146457045566
18619	44.7990753978901
18620	44.554822100192
18621	44.2855623922818
18622	43.9945253089419
18623	43.682266328717
18624	43.3487008601564
18625	42.9946568348583
18626	42.6224855131745
18627	42.2345680590099
18628	41.8332310044687
18629	41.4220499073911
18630	41.0040278897472
18631	40.57970297638
18632	40.1509576463852
18633	39.7221551964941
18634	39.2978130347968
18635	38.8806498127623
18636	38.4710735848488
18637	38.0721954264879
18638	37.687673943406
18639	37.3198071340062
18640	36.9741735248134
18641	36.6565423838712
18642	36.3686298220652
18643	36.1105617824042
18644	35.8829674101946
18645	35.6851240986459
18646	35.5135176022578
18647	35.3649608873229
18648	35.2388384101806
18649	35.134716572357
18650	35.0518061623733
18651	34.9910794195988
18652	34.9540492306208
18653	34.9392496081409
18654	34.9460562765376
18655	34.9746339527836
18656	35.0230913097271
18657	35.0903885084573
18658	35.1766681864284
18659	35.2825194672359
18660	35.4077200237023
18661	35.5507381494328
18662	35.7101370978934
18663	35.8836302013528
18664	36.0707110957956
18665	36.2709483420476
18666	36.4822749445746
18667	36.7022270986472
18668	36.929640430644
18669	37.1653987408202
18670	37.411585889058
18671	37.6695859931227
18672	37.9375824363737
18673	38.2088324717886
18674	38.4791146554031
18675	38.7400580879211
18676	38.9827382628637
18677	39.2067587923729
18678	39.4077397705822
18679	39.5788081630226
18680	39.7206350307841
18681	39.8430474604539
18682	39.9532025030382
18683	40.0511416532056
18684	40.1316157858675
18685	40.1885246668309
18686	40.2215131612719
18687	40.2402618419316
18688	40.2524001856427
18689	40.2543036245808
18690	40.2407930616188
18691	40.2104254288582
18692	40.1685359291772
18693	40.1218148481057
18694	40.0707665375555
18695	40.0125119908638
18696	39.9427570441982
18697	39.8621331310924
18698	39.7778118320242
18699	39.6960762650365
18700	39.6160799055858
18701	39.5324283449085
18702	39.4435883804268
18703	39.3567756122166
18704	39.2775984337278
18705	39.2079901651399
18706	39.1505901799077
18707	39.1048911715145
18708	39.0685589398524
18709	39.040203488783
18710	39.0185924405321
18711	39.0036395234433
18712	38.996410141821
18713	38.9963133785658
18714	39.0031366143597
18715	39.0164303474327
18716	39.0344071074514
18717	39.056149953161
18718	39.0798748343402
18719	39.1042591122583
18720	39.129293702125
18721	39.1559012539898
18722	39.1852586159546
18723	39.2169040765396
18724	39.2495262252847
18725	39.2830121372452
18726	39.3193384163959
18727	39.3567828611927
18728	39.3930452778435
18729	39.4232836654315
18730	39.4424891216244
18731	39.4518305432272
18732	39.4561922196529
18733	39.4597519386032
18734	39.4616854432293
18735	39.4584700551845
18736	39.4485700222229
18737	39.4354853532264
18738	39.4240721867303
18739	39.416046900412
18740	39.4090328101944
18741	39.3992273754728
18742	39.386454378234
18743	39.3739098762435
18744	39.361744980087
18745	39.3503211411602
18746	39.3396231348036
18747	39.328469231057
18748	39.3175954146349
18749	39.3076125881755
18750	39.2991465585192
18751	39.2909490547867
18752	39.280427271057
18753	39.2666415926821
18754	39.2527988900493
18755	39.242332841885
18756	39.2351758180154
18757	39.2258106637201
18758	39.2086485421336
18759	39.1842780237427
18760	39.1589795609729
18761	39.1385609881705
18762	39.1202854304432
18763	39.0948944066633
18764	39.0520212840106
18765	38.9891243581427
18766	38.9189597045226
18767	38.856655658046
18768	38.8043691882986
18769	38.7542186898113
18770	38.7003725733355
18771	38.642006238619
18772	38.5775038186915
18773	38.5045421088211
18774	38.4219366532383
18775	38.3294949184905
18776	38.2257007132934
18777	38.1105165937326
18778	37.9845771542168
18779	37.8489545097018
18780	37.7055407747247
18781	37.5545376225676
18782	37.3960468564529
18783	37.2306054089583
18784	37.0588880703147
18785	36.8823794094066
18786	36.7067950278921
18787	36.5398533689193
18788	36.3868434578101
18789	36.2451404558873
18790	36.1046569966264
18791	35.9566296504934
18792	35.7932034286072
18793	35.6076330092505
18794	35.3961678029935
18795	35.156368388321
18796	34.8885766509221
18797	34.5947393756291
18798	34.2768190724622
18799	33.938319518075
18800	33.5847566835508
18801	33.2202285033872
18802	32.8483045187134
18803	32.4755982657463
18804	32.1061125447673
18805	31.7426345093826
18806	31.3902194543537
18807	31.0535088403131
18808	30.7371745449291
18809	30.4489754864273
18810	30.1965265057662
18811	29.9827016499606
18812	29.8128560457742
18813	29.6907816830967
18814	29.6070891268828
18815	29.5504341159054
18816	29.5181697448789
18817	29.5105900638144
18818	29.5253605833275
18819	29.5582282761203
18820	29.6034436372471
18821	29.6595712531195
18822	29.7359204695771
18823	29.8341075302832
18824	29.9473758892887
18825	30.071153498423
18826	30.2001924102986
18827	30.3281158451075
18828	30.4493579820281
18829	30.5617062317513
18830	30.6652740221943
18831	30.7610675879337
18832	30.8497598272648
18833	30.9301928817371
18834	31.001175023505
18835	31.0631551515884
18836	31.1163243610768
18837	31.1612990655692
18838	31.2006319295146
18839	31.2368504135309
18840	31.2703979220473
18841	31.3020604234933
18842	31.3325490444156
18843	31.3616592546737
18844	31.3903311172228
18845	31.4170742331575
18846	31.4412157739314
18847	31.4655222949068
18848	31.492786640652
18849	31.529610327283
18850	31.5851437057271
18851	31.6680177821346
18852	31.7861403940388
18853	31.9476345119007
18854	32.1604054165893
18855	32.4281176348146
18856	32.7504625739991
18857	33.124131522913
18858	33.5462228908889
18859	34.0136719384257
18860	34.5182801373859
18861	35.0519125033551
18862	35.6068956243996
18863	36.1743484768855
18864	36.745760573581
18865	37.3136145029309
18866	37.8723437708727
18867	38.4157880305572
18868	38.9396694579664
18869	39.4402063060008
18870	39.9136287605535
18871	40.3590349708955
18872	40.7767078697265
18873	41.1669426314559
18874	41.5302246632333
18875	41.8669901634062
18876	42.1795151194757
18877	42.4715556272701
18878	42.744404292179
18879	42.9981763449774
18880	43.2346131936717
18881	43.4566099242584
18882	43.6665705682474
18883	43.86582625637
18884	44.0570386901426
18885	44.2415704329374
18886	44.4185592700304
18887	44.5820295686517
18888	44.7258285332521
18889	44.8473939554518
18890	44.9460650364883
18891	45.0273463075654
18892	45.0956524062944
18893	45.1539128281042
18894	45.2075499606999
18895	45.2589425819367
18896	45.3089484466601
18897	45.3583627314536
18898	45.4069716682245
18899	45.4551707510297
18900	45.5019773302792
18901	45.5455719839268
18902	45.5852476140669
18903	45.6211564048253
18904	45.6531543036113
18905	45.6819658593704
18906	45.7087480445338
18907	45.7329307292199
18908	45.7542467850499
18909	45.7730209503739
18910	45.7898315836037
18911	45.805360016949
18912	45.8194300552344
18913	45.8315107021972
18914	45.8413080806751
18915	45.8480641833838
18916	45.851902366694
18917	45.8537703265091
18918	45.853363241751
18919	45.8497609526726
18920	45.8421109903524
18921	45.8291826991776
18922	45.8088308513894
18923	45.7792351071878
18924	45.7374466463949
18925	45.6805366384835
18926	45.6064244412611
18927	45.5100224020785
18928	45.385236704703
18929	45.2273072701547
18930	45.0331294692572
18931	44.7990141116039
18932	44.5210675659508
18933	44.1981687052734
18934	43.8307708078601
18935	43.4202786853924
18936	42.9700671339053
18937	42.4861174270074
18938	41.9734863924114
18939	41.4361444921567
18940	40.8810080514547
18941	40.3157921545632
18942	39.7468689164256
18943	39.1795476332402
18944	38.6200186976878
18945	38.0742583676133
18946	37.5466606875122
18947	37.0408808071398
18948	36.5596972643334
18949	36.1051650631445
18950	35.6774248344393
18951	35.2761582311144
18952	34.8996884356826
18953	34.5447605768348
18954	34.2090332458889
18955	33.8910657103578
18956	33.5927400000583
18957	33.3183998121487
18958	33.0724098165719
18959	32.8599505807732
18960	32.6854307223929
18961	32.5512025014922
18962	32.4520992464566
18963	32.3758332826464
18964	32.3139407270934
18965	32.2622843907924
18966	32.2171085324431
18967	32.1762942003595
18968	32.1388435149792
18969	32.1069875195088
18970	32.0844359764443
18971	32.0714186020824
18972	32.0651761456268
18973	32.0643330784046
18974	32.0706199881904
18975	32.0858269433847
18976	32.1099045075509
18977	32.1427838069109
18978	32.182518855854
18979	32.2260878181998
18980	32.2724182726233
18981	32.3224079562761
18982	32.3784990006825
18983	32.4426020417531
18984	32.514439346136
18985	32.5925676101687
18986	32.6769166102178
18987	32.7660288620473
18988	32.8569850511224
18989	32.9505781488382
18990	33.0486562171953
18991	33.1524355954411
18992	33.2619050529147
18993	33.3752761909483
18994	33.4908210140863
18995	33.6071574831644
18996	33.7218632431127
18997	33.8316782205373
18998	33.9363630302454
18999	34.0382171169117
19000	34.1397418264106
19001	34.2429170589858
19002	34.347429545147
19003	34.4530599569295
19004	34.5610239301229
19005	34.6708462526934
19006	34.7797003393318
19007	34.8860287270471
19008	34.9905044050169
19009	35.0970298740791
19010	35.2105691962068
19011	35.330450191462
19012	35.4534131889526
19013	35.5786759358978
19014	35.7052800170193
19015	35.8274602869945
19016	35.9381312439565
19017	36.0338315016375
19018	36.1107303929885
19019	36.1651553251934
19020	36.1955527290328
19021	36.2005192731702
19022	36.1788896360753
19023	36.13051831209
19024	36.0548877784585
19025	35.9520414365437
19026	35.8251376933615
19027	35.6766492087672
19028	35.506726509806
19029	35.3167452787197
19030	35.1083148277541
19031	34.882702739932
19032	34.6447885228145
19033	34.4057571718202
19034	34.1786492213665
19035	33.9799298599462
19036	33.8167023831474
19037	33.6803893822294
19038	33.5657021608524
19039	33.4709655868559
19040	33.3979327873325
19041	33.346304976368
19042	33.314612085824
19043	33.3078427831687
19044	33.3287405824229
19045	33.3767268640559
19046	33.4478796143043
19047	33.534219826727
19048	33.6276522450412
19049	33.7273427759702
19050	33.8342187590931
19051	33.944768840644
19052	34.0588563699761
19053	34.1765703966703
19054	34.2946642447716
19055	34.4123658199773
19056	34.5303951621653
19057	34.6474213527082
19058	34.7615269105566
19059	34.8714027072396
19060	34.975432606983
19061	35.0682393340594
19062	35.1445121171329
19063	35.2042032378072
19064	35.2500719903095
19065	35.2841830504929
19066	35.3089568272549
19067	35.3275541600802
19068	35.3416671676489
19069	35.3509212660032
19070	35.3545011903127
19071	35.35279746997
19072	35.3487512617942
19073	35.3448922942385
19074	35.3404473127084
19075	35.3351379092437
19076	35.3289244237683
19077	35.3227614964327
19078	35.3195064502149
19079	35.319510308977
19080	35.3192136801407
19081	35.3186234207485
19082	35.3215831192227
19083	35.3292302283694
19084	35.3412106884579
19085	35.3568022573483
19086	35.3771156148105
19087	35.4049813948199
19088	35.4409494387369
19089	35.4835741763675
19090	35.5307652632119
19091	35.5800954714001
19092	35.633105828167
19093	35.6908720938484
19094	35.7525791743555
19095	35.8196334795762
19096	35.8962338913433
19097	35.9845917167142
19098	36.0837691255236
19099	36.1966589412208
19100	36.3234508666927
19101	36.4596891843059
19102	36.6086146266035
19103	36.7689504264018
19104	36.9354930049668
19105	37.1126874308087
19106	37.3068217886862
19107	37.5238671254006
19108	37.7655900257373
19109	38.0319535108775
19110	38.3242648235277
19111	38.6412653448017
19112	38.9791401445004
19113	39.3333053630068
19114	39.7001947518114
19115	40.0766515279263
19116	40.459777379673
19117	40.8459452292366
19118	41.2305293171542
19119	41.6092852258485
19120	41.9779948782737
19121	42.3346752394835
19122	42.6800431093248
19123	43.0152291283632
19124	43.3413347346704
19125	43.6563423752497
19126	43.9505612916222
19127	44.2189422852509
19128	44.4628181161981
19129	44.6844284866313
19130	44.8882768769597
19131	45.0786049565312
19132	45.2573891587396
19133	45.4248336736034
19134	45.5828081550713
19135	45.7316228842761
19136	45.8684188557773
19137	45.9949399783576
19138	46.1138282062458
19139	46.2236462162146
19140	46.3249591251927
19141	46.422068936697
19142	46.5198395521735
19143	46.618792352696
19144	46.7173006792081
19145	46.8128768541153
19146	46.9023871974359
19147	46.9870813566183
19148	47.0684185728753
19149	47.1450256644028
19150	47.2146849510547
19151	47.276259995947
19152	47.3311817922989
19153	47.3800758155153
19154	47.4229829403869
19155	47.4612602838152
19156	47.4945285244817
19157	47.5221594326639
19158	47.5451960521675
19159	47.5642531984428
19160	47.5789947874235
19161	47.5882687867234
19162	47.5924708036835
19163	47.5928289890851
19164	47.5874620143591
19165	47.574907002114
19166	47.5563496392845
19167	47.5324790506087
19168	47.5033545770322
19169	47.4689855069811
19170	47.430407552048
19171	47.3886636750618
19172	47.3430406498862
19173	47.2919749922012
19174	47.2356472112685
19175	47.1733797099859
19176	47.1062837684214
19177	47.0383791727469
19178	46.970146953062
19179	46.8992304929797
19180	46.8253384329275
19181	46.7523413419527
19182	46.6838249944842
19183	46.6194712625093
19184	46.5567425858586
19185	46.4927085469211
19186	46.4263399526828
19187	46.3586753495883
19188	46.2917810549408
19189	46.2272060529811
19190	46.1642182150512
19191	46.0999941563582
19192	46.0314873834587
19193	45.9575996943479
19194	45.8810854305346
19195	45.8044187670094
19196	45.72556966292
19197	45.6425923389669
19198	45.5559158461278
19199	45.4663365451003
19200	45.374617436149
19201	45.2804866109162
19202	45.182533615021
19203	45.0802629958931
19204	44.9736439266835
19205	44.8621482230353
19206	44.745346942353
19207	44.6234780536627
19208	44.4941926529563
19209	44.3546570728982
19210	44.206013857607
19211	44.0499327485391
19212	43.8870549325001
19213	43.719173586846
19214	43.5506241131371
19215	43.384633385406
19216	43.2199971231609
19217	43.0546286849717
19218	42.88972919204
19219	42.7280026939189
19220	42.5689928845235
19221	42.4098251067802
19222	42.2520481962526
19223	42.0974211938333
19224	41.9467672775498
19225	41.8035446303402
19226	41.669953252941
19227	41.5452923911512
19228	41.428488259935
19229	41.3188612468455
19230	41.2151173763633
19231	41.1149835921127
19232	41.0176238611072
19233	40.9235115537005
19234	40.8325233354182
19235	40.7469601395682
19236	40.6681240336051
19237	40.5955330660709
19238	40.5283031710656
19239	40.465457045224
19240	40.4080166229882
19241	40.3562409929566
19242	40.3088525945693
19243	40.2660172174772
19244	40.2274075030688
19245	40.1915184055028
19246	40.1580242471908
19247	40.1261916663339
19248	40.0954910914121
19249	40.0665723528906
19250	40.038653962656
19251	40.0108319343995
19252	39.9816962373359
19253	39.9503436074073
19254	39.9182059199982
19255	39.8869681485247
19256	39.8603949122055
19257	39.8446182014418
19258	39.8440756630488
19259	39.8624971422657
19260	39.903600642849
19261	39.9692869504448
19262	40.0611504834461
19263	40.180114156215
19264	40.3260130277203
19265	40.4969211241483
19266	40.6896197384735
19267	40.902453425262
19268	41.1345541462432
19269	41.3848370750655
19270	41.651439211313
19271	41.9312761623365
19272	42.221903556526
19273	42.5230617477525
19274	42.8320432402032
19275	43.1431845444016
19276	43.4535533225696
19277	43.7620117793224
19278	44.0655427215721
19279	44.3619333585101
19280	44.6504960900388
19281	44.9289356328606
19282	45.194928118594
19283	45.4476744552469
19284	45.6876808133596
19285	45.9144992433895
19286	46.1269027565961
19287	46.3246267443851
19288	46.5087426010705
19289	46.6802067238686
19290	46.8394501676293
19291	46.9874075164309
19292	47.1255441509316
19293	47.2543955168596
19294	47.3735459527782
19295	47.483513749883
19296	47.5849985935424
19297	47.6770867254405
19298	47.7595148247229
19299	47.8337802072072
19300	47.9008889661669
19301	47.960794901952
19302	48.0139502810393
19303	48.0615851005557
19304	48.1041390959224
19305	48.1412513240974
19306	48.1726055906149
19307	48.1979285644174
19308	48.2162633099247
19309	48.2270824576474
19310	48.2329745636175
19311	48.2356927402356
19312	48.2356610292917
19313	48.2331043791604
19314	48.2276676438396
19315	48.2176031844086
19316	48.1967889016924
19317	48.1576637185646
19318	48.0941782277804
19319	48.0015302717449
19320	47.8764480258881
19321	47.7150527510311
19322	47.5139102954931
19323	47.2723211755907
19324	46.9898365150214
19325	46.6686240889935
19326	46.3114752056484
19327	45.9194534550024
19328	45.4960855283662
19329	45.0460035864791
19330	44.5732393927652
19331	44.0822472273553
19332	43.5772515760164
19333	43.0628038865856
19334	42.5443072513859
19335	42.0272611544034
19336	41.5167313364056
19337	41.0168848743378
19338	40.5304034116507
19339	40.0596802468092
19340	39.6067836510021
19341	39.1737787669298
19342	38.7624103825142
19343	38.3718911877563
19344	38.0012798120852
19345	37.6500549064699
19346	37.3186322003855
19347	37.0071887815533
19348	36.7138624388437
19349	36.4372579853119
19350	36.1762522339756
19351	35.9289335495725
19352	35.6947244952966
19353	35.4735331690967
19354	35.2644296981605
19355	35.0667801068182
19356	34.8795403110045
19357	34.7010597987108
19358	34.5301939542171
19359	34.3672413513604
19360	34.2131173513915
19361	34.0671760581368
19362	33.9280610468458
19363	33.7956732464152
19364	33.6693562040289
19365	33.5475800909489
19366	33.4296465215509
19367	33.3159889506796
19368	33.2071791968648
19369	33.1023719257712
19370	33.0014632131396
19371	32.9043751419456
19372	32.812230787922
19373	32.7325741344943
19374	32.6751525103714
19375	32.6437640142217
19376	32.6317293696238
19377	32.6287329278667
19378	32.6280344383228
19379	32.6237473796007
19380	32.6114624785923
19381	32.5893775584662
19382	32.558003602385
19383	32.51918651614
19384	32.4720213250192
19385	32.4161891918584
19386	32.3533376249824
19387	32.2842890214939
19388	32.2102317046684
19389	32.1344678841396
19390	32.0597236297023
19391	31.9855047556061
19392	31.9122659182109
19393	31.8410307816574
19394	31.7726492797517
19395	31.7081007569634
19396	31.6483990303484
19397	31.5942361757597
19398	31.5461942056039
19399	31.5058392282561
19400	31.4727293344985
19401	31.4452638323423
19402	31.4226135269803
19403	31.4042475258717
19404	31.3898991040517
19405	31.3795548998908
19406	31.3732151341049
19407	31.3707031731502
19408	31.3726520639243
19409	31.3792179188451
19410	31.3898727284265
19411	31.4047031552506
19412	31.4231473938966
19413	31.4454886672219
19414	31.4727812837427
19415	31.5044037968731
19416	31.5397728886672
19417	31.5784087698129
19418	31.6196760484131
19419	31.6643864685078
19420	31.712777199124
19421	31.7629864622599
19422	31.8144559539979
19423	31.8673380989115
19424	31.9219385985353
19425	31.9795358523435
19426	32.0442663838393
19427	32.1221819123958
19428	32.2161970235049
19429	32.3346292618107
19430	32.48765607101
19431	32.6821827560212
19432	32.9263825376055
19433	33.225823800553
19434	33.5814766609985
19435	33.9929554034328
19436	34.4589837349131
19437	34.9758817890477
19438	35.537059889839
19439	36.1359046744816
19440	36.765564531682
19441	37.4170859558301
19442	38.0813375328839
19443	38.7492579367405
19444	39.4129186402675
19445	40.0647729646615
19446	40.6986377801036
19447	41.3099616196024
19448	41.895196516711
19449	42.4523515777593
19450	42.9804622950268
19451	43.47950011408
19452	43.948525739199
19453	44.3869002969088
19454	44.7958150688707
19455	45.1781845361594
19456	45.5359834115051
19457	45.8708057873479
19458	46.1850500605078
19459	46.4803166026405
19460	46.7580816949147
19461	47.0204455593514
19462	47.26821890489
19463	47.501479223265
19464	47.7212562148208
19465	47.9287299630738
19466	48.1258726269166
19467	48.3141294224662
19468	48.4937535628446
19469	48.6661443195663
19470	48.831600964173
19471	48.9882626197848
19472	49.1345902501979
19473	49.268736883117
19474	49.3896031915701
19475	49.4953093777318
19476	49.5807221235253
19477	49.6390817910374
19478	49.6667550349814
19479	49.6598647855235
19480	49.6127986057916
19481	49.5278612241855
19482	49.4102191108698
19483	49.2647009250058
19484	49.0985116129182
19485	48.913471551259
19486	48.7088162303209
19487	48.4847827362077
19488	48.2423429522851
19489	47.9830844494826
19490	47.7094978365013
19491	47.4245634864905
19492	47.1266091648783
19493	46.8137692855382
19494	46.4867880337161
19495	46.1475623069548
19496	45.7978756642304
19497	45.4379194004852
19498	45.0686929828489
19499	44.6933771298326
19500	44.3143519123671
19501	43.9342617252239
19502	43.5557121275149
19503	43.1792783888239
19504	42.8064872062297
19505	42.4394675712924
19506	42.0771780088973
19507	41.7194834833256
19508	41.3664203002324
19509	41.0156984237339
19510	40.6670827716369
19511	40.3222379657769
19512	39.983143847634
19513	39.6507025067113
19514	39.326216138492
19515	39.0119688131607
19516	38.7103047265118
19517	38.4214751724121
19518	38.1442368983212
19519	37.8792335988636
19520	37.6298104953677
19521	37.4004411389895
19522	37.1933448407882
19523	37.0171320957575
19524	36.8752305873691
19525	36.7541190002213
19526	36.6445584322744
19527	36.5423750566192
19528	36.4398366505268
19529	36.3327493232123
19530	36.2229217326134
19531	36.1143588154483
19532	36.0090991933716
19533	35.9036950593638
19534	35.793896263412
19535	35.679550024801
19536	35.5636393110521
19537	35.4502414781796
19538	35.3423813588548
19539	35.2376802840633
19540	35.1327054836144
19541	35.0261160637785
19542	34.9191354566495
19543	34.8177237646223
19544	34.7263453800019
19545	34.6429555982745
19546	34.5617077459077
19547	34.481093078273
19548	34.405564119638
19549	34.3369843200445
19550	34.2736599482192
19551	34.2130342276107
19552	34.1535150251858
19553	34.0957840126058
19554	34.043297928744
19555	33.9970809841027
19556	33.9545856751843
19557	33.9148598187777
19558	33.879471803921
19559	33.8523763430297
19560	33.8343898780957
19561	33.8246847019626
19562	33.822774885057
19563	33.8264203240889
19564	33.8363480640599
19565	33.8558103037073
19566	33.8828467197786
19567	33.914175709091
19568	33.9485557799525
19569	33.9849033688441
19570	34.0255034250656
19571	34.0690737879933
19572	34.1076459945245
19573	34.1362263950727
19574	34.1546043595915
19575	34.164737395028
19576	34.1699367783848
19577	34.1746282714381
19578	34.1795766343065
19579	34.1808071434406
19580	34.1773961963581
19581	34.1736697355668
19582	34.17522475759
19583	34.1859456684131
19584	34.2042647962816
19585	34.2255546818724
19586	34.2491981554944
19587	34.2785738920726
19588	34.3180390209798
19589	34.3668364105039
19590	34.4200846470439
19591	34.4758203270411
19592	34.5370206012275
19593	34.6076737056248
19594	34.6890384474042
19595	34.7850008396993
19596	34.9057413657173
19597	35.0589320653751
19598	35.2406036263066
19599	35.4376253280796
19600	35.6444193970031
19601	35.8606982423762
19602	36.0858870243923
19603	36.3267080663519
19604	36.5863503904392
19605	36.8549030639283
19606	37.1228243182631
19607	37.382136542459
19608	37.6264227683036
19609	37.8555398466769
19610	38.0695847300446
19611	38.269257823454
19612	38.4570150838384
19613	38.6369568491933
19614	38.811641088579
19615	38.9837366757056
19616	39.1533190450547
19617	39.3122429685578
19618	39.455276155363
19619	39.5791844030699
19620	39.6844149133697
19621	39.7760698074433
19622	39.858301272883
19623	39.9366244377129
19624	40.013357920569
19625	40.0874274067906
19626	40.1535373223758
19627	40.2069559106432
19628	40.247457283534
19629	40.2795940941252
19630	40.3114271516538
19631	40.3491094905724
19632	40.3951276637051
19633	40.4468967325214
19634	40.4994958817187
19635	40.5489044220153
19636	40.5932649035988
19637	40.6326838804565
19638	40.6647042100387
19639	40.683922043216
19640	40.6890065849477
19641	40.6879766231184
19642	40.6914833091313
19643	40.7018452185099
19644	40.7102280753185
19645	40.707745252726
19646	40.6943914880143
19647	40.6793910027284
19648	40.6725829352083
19649	40.6740173249022
19650	40.6730152280955
19651	40.6588461664416
19652	40.6342083276072
19653	40.6097630285894
19654	40.5911086481044
19655	40.5705517132993
19656	40.5334808314785
19657	40.4780957678317
19658	40.4163280455188
19659	40.3576862148798
19660	40.3013616976159
19661	40.2406864247176
19662	40.1697163203564
19663	40.0808040784299
19664	39.965795324523
19665	39.8197702128575
19666	39.6387060653403
19667	39.4207940257877
19668	39.1653914142728
19669	38.873065162948
19670	38.5456451571016
19671	38.1850916128272
19672	37.7942595651703
19673	37.3787376680044
19674	36.9444323223108
19675	36.4952731485698
19676	36.0356915871421
19677	35.5700505421747
19678	35.1039909039959
19679	34.6435171689776
19680	34.1964623407537
19681	33.7708812323096
19682	33.3745987584443
19683	33.0197669207329
19684	32.7121856483052
19685	32.4528902087757
19686	32.2361370227833
19687	32.0483616669536
19688	31.8799031213312
19689	31.7244502535624
19690	31.5754915518584
19691	31.4288783865817
19692	31.2893394187747
19693	31.1671536546883
19694	31.0681556416623
19695	30.9922451318659
19696	30.9388698038951
19697	30.9023066724877
19698	30.8762073196658
19699	30.8577195862025
19700	30.8450956116265
19701	30.8420575879939
19702	30.8523265824839
19703	30.8744475221768
19704	30.9040358319396
19705	30.9398712274222
19706	30.9864592263093
19707	31.0470386981902
19708	31.1183891443774
19709	31.1947041848861
19710	31.2729103932409
19711	31.3524360622695
19712	31.43348849056
19713	31.5203837483858
19714	31.6181980842688
19715	31.7276004452187
19716	31.8448768523572
19717	31.9617075897239
19718	32.0715809304469
19719	32.1707346491009
19720	32.2543882742362
19721	32.3193731212438
19722	32.3624368816288
19723	32.3823410650406
19724	32.3787317802488
19725	32.3512034616356
19726	32.3017817263859
19727	32.2330177339832
19728	32.1526160451699
19729	32.0712973111821
19730	32.0043329235975
19731	31.966371132943
19732	31.9642901394957
19733	31.9969902091181
19734	32.0578460587361
19735	32.1417309011404
19736	32.2461537286758
19737	32.3716196693837
19738	32.5199932354934
19739	32.6929281083973
19740	32.8878909918386
19741	33.0996559375525
19742	33.3267414502276
19743	33.5684753595878
19744	33.8231128135629
19745	34.0897216870575
19746	34.3659150786389
19747	34.6478138866228
19748	34.9329854487269
19749	35.2215763381121
19750	35.5126713197301
19751	35.8054969287295
19752	36.0986483715304
19753	36.3883160906471
19754	36.671649344783
19755	36.9467032650522
19756	37.2116448149774
19757	37.4649733017411
19758	37.7065685812865
19759	37.9381558380297
19760	38.1603842499697
19761	38.3731224874387
19762	38.5775992639232
19763	38.7743044601004
19764	38.9636824645812
19765	39.1451995422226
19766	39.3186981883819
19767	39.4853857721788
19768	39.6438895614025
19769	39.7925217743116
19770	39.9291679690411
19771	40.0484653177643
19772	40.1501577891909
19773	40.2365564933559
19774	40.3118555020114
19775	40.3863776477898
19776	40.4713145040318
19777	40.5764491918383
19778	40.7091814893547
19779	40.873882789926
19780	41.0715485397543
19781	41.3008912872909
19782	41.5597592359368
19783	41.8452668875591
19784	42.1523304013122
19785	42.4764371881412
19786	42.8132269821275
19787	43.1590701427085
19788	43.5109603685723
19789	43.8651303580244
19790	44.2166691525545
19791	44.5618409255601
19792	44.898598299186
19793	45.2245469583896
19794	45.5385996061876
19795	45.8396234006046
19796	46.1271133022082
19797	46.4023654072621
19798	46.6658780034046
19799	46.9172810411833
19800	47.1559585864808
19801	47.3818185795674
19802	47.5951777861335
19803	47.7966729654701
19804	47.9884646365129
19805	48.1728765064029
19806	48.3494913320262
19807	48.515913874326
19808	48.6720071130462
19809	48.8191805535975
19810	48.9567828029015
19811	49.0802494282571
19812	49.1828901317128
19813	49.2610108144182
19814	49.3113526746296
19815	49.3279283565693
19816	49.3094616711925
19817	49.2648089590057
19818	49.2087224850798
19819	49.1492177536014
19820	49.0798515889684
19821	48.9918648878959
19822	48.8839091909921
19823	48.752627784738
19824	48.59417673056
19825	48.4084790161885
19826	48.1932809981573
19827	47.9464582249858
19828	47.6698795569565
19829	47.3658689792276
19830	47.0355279736965
19831	46.6807807010983
19832	46.3015853502118
19833	45.8981367578241
19834	45.4736331042741
19835	45.0334181875668
19836	44.5852675304839
19837	44.1376378151264
19838	43.699998554148
19839	43.276173721532
19840	42.8683833622976
19841	42.4807160316783
19842	42.115961044249
19843	41.7740894973643
19844	41.4523647078182
19845	41.1518694242048
19846	40.8707138933919
19847	40.6037886802837
19848	40.3475845274574
19849	40.1004304594497
19850	39.8631206774279
19851	39.6360545532806
19852	39.4203637992788
19853	39.2165935480663
19854	39.0241430789234
19855	38.8442673520076
19856	38.6773564034462
19857	38.5242531257938
19858	38.3872108217013
19859	38.2680105621946
19860	38.166261519162
19861	38.0822334405798
19862	38.0186242554752
19863	37.9731961876453
19864	37.9431141680764
19865	37.9268320728905
19866	37.9216358815736
19867	37.9265533666426
19868	37.9411176785565
19869	37.9645240502712
19870	37.9953662203584
19871	38.032687069543
19872	38.0767726635872
19873	38.1275508779582
19874	38.183418079072
19875	38.2432065031539
19876	38.306264144345
19877	38.3727372914999
19878	38.4423093028126
19879	38.5134404797957
19880	38.5859232737583
19881	38.6601517214222
19882	38.7366026492982
19883	38.8147022064101
19884	38.8941798059859
19885	38.9751608931669
19886	39.0559585793954
19887	39.1358492661516
19888	39.2150277411665
19889	39.2931417585494
19890	39.3692989802591
19891	39.4420244124767
19892	39.5120422461397
19893	39.5809951549638
19894	39.6486914996225
19895	39.7133313150289
19896	39.7713235079323
19897	39.8208698845713
19898	39.8642486640787
19899	39.9031827572537
19900	39.9346654971778
19901	39.9546151570066
19902	39.9617046251021
19903	39.9552764227946
19904	39.9338299418195
19905	39.8976007366086
19906	39.847372443462
19907	39.7829893128602
19908	39.7050423005189
19909	39.6145555238915
19910	39.5129242051215
19911	39.4019879672937
19912	39.2831388186831
19913	39.1574789467342
19914	39.0267299685814
19915	38.8936676465836
19916	38.7593852484379
19917	38.6238414296006
19918	38.4880883051282
19919	38.353882767017
19920	38.2220588796455
19921	38.0930086974539
19922	37.9677519723784
19923	37.8466070694137
19924	37.7293555607349
19925	37.6162759599813
19926	37.5072664588872
19927	37.4021322233819
19928	37.3010327110977
19929	37.2038831434782
19930	37.1108588565602
19931	37.0225791741731
19932	36.9394559509604
19933	36.862793842344
19934	36.7922171716058
19935	36.7259007217927
19936	36.6642374968434
19937	36.6083842900968
19938	36.5582955581616
19939	36.5126351200025
19940	36.470328783467
19941	36.430476162244
19942	36.3944505093002
19943	36.3634036798754
19944	36.3360275393051
19945	36.3120174258122
19946	36.2915051469417
19947	36.2745017009792
19948	36.2610942183313
19949	36.2507977009511
19950	36.2421405245129
19951	36.2350236555314
19952	36.230043936268
19953	36.2269741816987
19954	36.2247526369136
19955	36.224746771579
19956	36.2292646996739
19957	36.2411471672115
19958	36.264475371875
19959	36.3013918165105
19960	36.3543210990668
19961	36.4286515291838
19962	36.5302518729291
19963	36.6614701488046
19964	36.8238126428616
19965	37.0175129883228
19966	37.2424516480105
19967	37.4979703849779
19968	37.7825667330766
19969	38.0947852358162
19970	38.4324598674355
19971	38.7928176525363
19972	39.1734850064446
19973	39.5700672861142
19974	39.9780711509756
19975	40.3938043539237
19976	40.8120063369717
19977	41.2294882557047
19978	41.6436732199257
19979	42.052179223038
19980	42.4515864648533
19981	42.8374521461886
19982	43.2075340911837
19983	43.5611335037255
19984	43.8971029757836
19985	44.2146838207668
19986	44.5137348507575
19987	44.7935330245332
19988	45.0543654465074
19989	45.2979845025309
19990	45.5255582980518
19991	45.7379950694593
19992	45.9373228137409
19993	46.1245056268801
19994	46.2995739305057
19995	46.4640516426774
19996	46.6196425826846
19997	46.7669319364272
19998	46.9059883656584
19999	47.0366152781722
20000	47.159336878313
20001	47.2749715671674
20002	47.3838835417865
20003	47.486322579551
20004	47.5819713699534
20005	47.671377980658
20006	47.7565008757655
20007	47.8378403628292
20008	47.9143294961419
20009	47.985342849786
20010	48.0518130200429
20011	48.1139476121021
20012	48.1710001057226
20013	48.2224462569707
20014	48.268443599725
20015	48.3096146769558
20016	48.3465466761308
20017	48.3805014828443
20018	48.4111725667587
20019	48.4381827260866
20020	48.4618034552106
20021	48.4796753425155
20022	48.4886177413226
20023	48.4863428959228
20024	48.4699480154228
20025	48.4361300492958
20026	48.3804556138248
20027	48.2967930539842
20028	48.1791110734792
20029	48.021958619595
20030	47.821208171661
20031	47.5750588239054
20032	47.2818136318334
20033	46.9403883518705
20034	46.5519630155335
20035	46.1196647157935
20036	45.6484730008266
20037	45.1423857714269
20038	44.6062710627577
20039	44.0472003875936
20040	43.4711286562179
20041	42.8846470045804
20042	42.2945601297418
20043	41.7068684929017
20044	41.1278796740571
20045	40.5629752055934
20046	40.0166361029919
20047	39.4925732375076
20048	38.9942164191562
20049	38.5237512751056
20050	38.0810999156894
20051	37.6645772254373
20052	37.2728261390362
20053	36.9058010352352
20054	36.5618379002024
20055	36.2373017602635
20056	35.9317902920226
20057	35.6455131365261
20058	35.3767872088423
20059	35.1256481948949
20060	34.8912264536482
20061	34.6726608554936
20062	34.4689945238295
20063	34.2780819978345
20064	34.098843025502
20065	33.9307207968144
20066	33.7716802025921
20067	33.619862389051
20068	33.4743483674699
20069	33.3349378049259
20070	33.2009212938611
20071	33.0722254685582
20072	32.949755424533
20073	32.833930482956
20074	32.7269095650437
20075	32.6340131139312
20076	32.5638141511613
20077	32.5244237980104
20078	32.5221002274346
20079	32.5605531460353
20080	32.6389759912988
20081	32.7565868344546
20082	32.9139485641215
20083	33.1109448108775
20084	33.3474852879912
20085	33.6214751645022
20086	33.9305828397252
20087	34.2744786231743
20088	34.6518971261478
20089	35.0604251753974
20090	35.4989736870636
20091	35.9651026333155
20092	36.4555679670846
20093	36.9666080194647
20094	37.4930755101716
20095	38.0319797887324
20096	38.5781266906309
20097	39.1236073216226
20098	39.6639101144374
20099	40.195768557221
20100	40.7165011969224
20101	41.2211711039605
20102	41.7048078824626
20103	42.1659747991497
20104	42.6029397975741
20105	43.0155292412417
20106	43.4047718639861
20107	43.7705779370034
20108	44.1140810831704
20109	44.4367900685604
20110	44.7395381036043
20111	45.0232455010231
20112	45.288817623358
20113	45.5379595120699
20114	45.7717146155262
20115	45.9908631225597
20116	46.1955923121377
20117	46.3844861642853
20118	46.5546184114063
20119	46.7007698876147
20120	46.8165868513676
20121	46.8990661809711
20122	46.9477490146715
20123	46.9631245847497
20124	46.9490005066238
20125	46.9106922154445
20126	46.8524143566505
20127	46.7790507916302
20128	46.6944916491479
20129	46.6021554187927
20130	46.5051436958864
20131	46.4047116510279
20132	46.3013700002941
20133	46.1951583884545
20134	46.0870633131424
20135	45.9779219078915
20136	45.8684603011678
20137	45.759057595852
20138	45.6496779774323
20139	45.5400582992262
20140	45.4296249075173
20141	45.3180348846952
20142	45.2056979493049
20143	45.0930893521819
20144	44.9796368712825
20145	44.8656088726638
20146	44.7521065383674
20147	44.6389829339023
20148	44.5259337107679
20149	44.412930189329
20150	44.3000383787483
20151	44.1879596922948
20152	44.076545537401
20153	43.9654662933671
20154	43.8540199292824
20155	43.7430959681866
20156	43.6325565536231
20157	43.5219886369319
20158	43.4117484321173
20159	43.3008322780565
20160	43.1894739055108
20161	43.0789111335874
20162	42.9717049926416
20163	42.8709922608849
20164	42.7759166476808
20165	42.6802888942148
20166	42.5766980855095
20167	42.4597625756689
20168	42.3235995224698
20169	42.1617949778458
20170	41.970707301954
20171	41.7486075500328
20172	41.494712201288
20173	41.2091270907368
20174	40.8925123176163
20175	40.5487001400611
20176	40.1837189756155
20177	39.800779599737
20178	39.4020524211262
20179	38.9921960432343
20180	38.5768912085139
20181	38.161164258651
20182	37.7491960066401
20183	37.3444109768139
20184	36.9495748637245
20185	36.5667152502497
20186	36.1989289978692
20187	35.8489693786193
20188	35.5158617249245
20189	35.1987608477916
20190	34.8974982281726
20191	34.6113429563504
20192	34.3408259678345
20193	34.0861182735056
20194	33.8457067255586
20195	33.6178509302234
20196	33.402824857496
20197	33.2003051708641
20198	33.0085572890774
20199	32.8273284022036
20200	32.6573623162223
20201	32.4984777337735
20202	32.3500964461396
20203	32.2125584316816
20204	32.0884252465782
20205	31.9836940974743
20206	31.908325530209
20207	31.8710614866906
20208	31.8700491413712
20209	31.8961214057712
20210	31.9429796348531
20211	32.0081436667974
20212	32.0902018081505
20213	32.1863607052676
20214	32.2942354596491
20215	32.4127018170704
20216	32.540094602126
20217	32.6750820896739
20218	32.8174603146429
20219	32.9678454686997
20220	33.1267280152652
20221	33.2926104316426
20222	33.4646838742411
20223	33.644057743842
20224	33.8308078872479
20225	34.0249544237112
20226	34.2272660642298
20227	34.4379621591002
20228	34.6564995195757
20229	34.8816846885922
20230	35.1122744847833
20231	35.3473744264457
20232	35.5846107280082
20233	35.8225163211706
20234	36.0603792325529
20235	36.296027709514
20236	36.528627439986
20237	36.7581201376495
20238	36.9834038510438
20239	37.2025318022855
20240	37.4149925528586
20241	37.6209133699403
20242	37.8197360040291
20243	38.0136760162699
20244	38.2055823383009
20245	38.3982852370102
20246	38.5931498567649
20247	38.7851310022323
20248	38.9688985810843
20249	39.1507082331422
20250	39.3374591241282
20251	39.5301054312229
20252	39.7284176738986
20253	39.9316268668809
20254	40.1397406827619
20255	40.3516374021088
20256	40.5673387241376
20257	40.7873003980002
20258	41.0101643554019
20259	41.233296721272
20260	41.4544933012938
20261	41.6722649627377
20262	41.8864607887762
20263	42.0970156850294
20264	42.3025615681971
20265	42.5034483592871
20266	42.7002632403993
20267	42.8919885737302
20268	43.0778663328852
20269	43.2567572866234
20270	43.4281557250992
20271	43.5923132740063
20272	43.748527136591
20273	43.8963520514349
20274	44.0360703290337
20275	44.1674828927929
20276	44.2907263531014
20277	44.4040213106429
20278	44.5065348688894
20279	44.5988810221005
20280	44.6799533825185
20281	44.7473627513363
20282	44.7997609942872
20283	44.8386392459965
20284	44.8647175901261
20285	44.8781297197098
20286	44.8797460897554
20287	44.8714014394822
20288	44.8547192002403
20289	44.8299652860141
20290	44.7976293394834
20291	44.7591316540854
20292	44.7138651010207
20293	44.6599329263785
20294	44.595630335447
20295	44.5206978715496
20296	44.438230890175
20297	44.3503730910742
20298	44.2563932859195
20299	44.1551622127412
20300	44.04561616643
20301	43.9260147933957
20302	43.7949560226793
20303	43.6472292738199
20304	43.4762665905323
20305	43.2786974119905
20306	43.0528134289401
20307	42.7985946853803
20308	42.5166780434065
20309	42.2084538112959
20310	41.8747313752085
20311	41.5168484672719
20312	41.1375483631384
20313	40.7410734365702
20314	40.3317144792206
20315	39.9132926931857
20316	39.4894580488127
20317	39.0641444845648
20318	38.643231649332
20319	38.2318561204262
20320	37.832190721425
20321	37.4464876265604
20322	37.0773045729898
20323	36.7270481073204
20324	36.3969049648257
20325	36.0859700911809
20326	35.7932658951876
20327	35.5173790632787
20328	35.2582690548563
20329	35.0198689332878
20330	34.8063989926595
20331	34.625608761221
20332	34.4829064238058
20333	34.370998947764
20334	34.2774674421827
20335	34.1913575535558
20336	34.103625696461
20337	34.0072937042202
20338	33.8978170002919
20339	33.7728048611511
20340	33.6315072713324
20341	33.4745749548597
20342	33.3031743034038
20343	33.1185991963538
20344	32.9220305905397
20345	32.7145575326345
20346	32.4983385439643
20347	32.2786163724725
20348	32.0619944901803
20349	31.8513349123959
20350	31.6459827330008
20351	31.4456827449851
20352	31.2508663654614
20353	31.0630671631258
20354	30.8874369720282
20355	30.7298827993267
20356	30.5940438955766
20357	30.4822042710163
20358	30.3908888373271
20359	30.3136627179805
20360	30.251274780633
20361	30.2061922736116
20362	30.1777488326487
20363	30.1633221842018
20364	30.1614973429546
20365	30.1743794747337
20366	30.2043163191384
20367	30.2522051028458
20368	30.3175448917722
20369	30.4026956635064
20370	30.5097280076905
20371	30.6356085022336
20372	30.7748802908952
20373	30.9222077359501
20374	31.0735797159214
20375	31.2253369259401
20376	31.3764762920241
20377	31.5274257283879
20378	31.6800065685215
20379	31.8408697938264
20380	32.0153186776291
20381	32.2019709293015
20382	32.4007490786573
20383	32.6122000817173
20384	32.8289040327133
20385	33.0422048071617
20386	33.2483168963449
20387	33.442898862593
20388	33.6230668941166
20389	33.7880653559474
20390	33.9344069862429
20391	34.0580061642427
20392	34.1573109172549
20393	34.2318599331788
20394	34.2820776590063
20395	34.3098717226576
20396	34.317753168734
20397	34.3078688099446
20398	34.2826632841055
20399	34.2439164283222
20400	34.1926366874207
20401	34.1379743304312
20402	34.0969060118105
20403	34.0862309274364
20404	34.1215855563777
20405	34.2146275775585
20406	34.3733066660603
20407	34.6025646475108
20408	34.9035067348131
20409	35.2760860109735
20410	35.7152086149544
20411	36.211389559942
20412	36.7546244266647
20413	37.3330820264081
20414	37.9359102901231
20415	38.5532862870077
20416	39.1748006777813
20417	39.7908446941773
20418	40.3933460430406
20419	40.9760988188348
20420	41.5357305961039
20421	42.0699454183718
20422	42.576625047087
20423	43.0550483220938
20424	43.5051173618296
20425	43.9291533074327
20426	44.3277556499518
20427	44.7023186160172
20428	45.0576943573231
20429	45.3921839835027
20430	45.7017631591987
20431	45.9842387803694
20432	46.2419646350115
20433	46.4784773462225
20434	46.6906809561781
20435	46.8755208297847
20436	47.0332598922983
20437	47.1665320718336
20438	47.2819842292283
20439	47.3896615114511
20440	47.4970153040012
20441	47.6075937820596
20442	47.7245373553849
20443	47.8493260219182
20444	47.982604962683
20445	48.124696848175
20446	48.2742525396313
20447	48.4295493587126
20448	48.5891058607261
20449	48.751432307344
20450	48.9143866230056
20451	49.0768286828069
20452	49.2381425939257
20453	49.3958405414154
20454	49.5457135423626
20455	49.682093671828
20456	49.7979453869956
20457	49.8873790033663
20458	49.9438077692291
20459	49.9597918803794
20460	49.9300038199205
20461	49.8523979773033
20462	49.7266999306857
20463	49.5540517082776
20464	49.3387963075492
20465	49.0848800627057
20466	48.7970499112825
20467	48.4812516522834
20468	48.1386713472705
20469	47.7681115489005
20470	47.3677909787494
20471	46.937223417351
20472	46.4797089839224
20473	45.9987998839371
20474	45.4977555825625
20475	44.9834377432992
20476	44.463244598827
20477	43.9437542750333
20478	43.4311136042477
20479	42.9277190194027
20480	42.4355212370562
20481	41.9567526121877
20482	41.4920090920272
20483	41.0409843106476
20484	40.6054107153631
20485	40.1919879627914
20486	39.8060276327045
20487	39.4506968748487
20488	39.1283958211792
20489	38.8389196749854
20490	38.5808551643645
20491	38.3524366441958
20492	38.1533240650169
20493	37.9828375996386
20494	37.8364385251462
20495	37.7090493674529
20496	37.5979700769228
20497	37.4999122293985
20498	37.4128569045781
20499	37.3352186405645
20500	37.2648114843036
20501	37.1998218893429
20502	37.1375913759308
20503	37.0770027353208
20504	37.0158474525702
20505	36.9504917068689
20506	36.8800106680531
20507	36.8040454546795
20508	36.7226373486959
20509	36.6358600636671
20510	36.5432360920218
20511	36.4451695965512
20512	36.3425565976474
20513	36.2352747214242
20514	36.1238507280678
20515	36.0126788690635
20516	35.9121681189481
20517	35.8305437151302
20518	35.7699773472285
20519	35.7319618112491
20520	35.71295736068
20521	35.7083826567226
20522	35.7160400450709
20523	35.7321867833903
20524	35.753249917208
20525	35.7768302012534
20526	35.800608093681
20527	35.8234062488017
20528	35.8461141318261
20529	35.8696017413514
20530	35.8927666195403
20531	35.9146853454855
20532	35.9360891337071
20533	35.9584404265341
20534	35.982298721589
20535	36.0064575948294
20536	36.0308056172897
20537	36.0554996979742
20538	36.0809567085567
20539	36.1080490353837
20540	36.1371011166317
20541	36.1685049634721
20542	36.2028330677488
20543	36.2396485173085
20544	36.2772238898583
20545	36.3155099040529
20546	36.3549087475509
20547	36.395681342643
20548	36.4379130664986
20549	36.4809606624847
20550	36.5249900846408
20551	36.5699817003163
20552	36.6162187243734
20553	36.6640937175454
20554	36.7130189538731
20555	36.7640226436166
20556	36.8182746896119
20557	36.8756712289976
20558	36.9371650512286
20559	37.0022911135645
20560	37.0701513620606
20561	37.140022736457
20562	37.210118952422
20563	37.2807497128973
20564	37.3515752170809
20565	37.4218278831964
20566	37.4917429316568
20567	37.5617916830323
20568	37.6331258065134
20569	37.7064074593728
20570	37.7823096693093
20571	37.863306206057
20572	37.9523422573432
20573	38.0525493368722
20574	38.162685066731
20575	38.2772714269794
20576	38.3878185351541
20577	38.4839259963536
20578	38.5571049354897
20579	38.6006444060672
20580	38.6098546673499
20581	38.5800397827253
20582	38.5086208068247
20583	38.3985853429603
20584	38.2533044218889
20585	38.0736492956071
20586	37.8629475885287
20587	37.6247274448298
20588	37.362973647269
20589	37.0822940829689
20590	36.7853833059017
20591	36.4761021426601
20592	36.1577966470693
20593	35.833650862568
20594	35.509586604487
20595	35.1901468531219
20596	34.876392635876
20597	34.5706496672896
20598	34.2764229079435
20599	33.9963249769111
20600	33.7317508184717
20601	33.4833690631547
20602	33.2503258340924
20603	33.0308948783551
20604	32.8239871928101
20605	32.6284562087974
20606	32.4438826925646
20607	32.2711009907375
20608	32.1110948677989
20609	31.9646562061519
20610	31.8311374446077
20611	31.7109068378493
20612	31.6030926988694
20613	31.5054891607873
20614	31.4188088153571
20615	31.3433009886871
20616	31.2782867414539
20617	31.2262904052451
20618	31.1930316113374
20619	31.1850287921935
20620	31.2098179463212
20621	31.2761037147989
20622	31.3903690248892
20623	31.5557341075072
20624	31.7767989217123
20625	32.0577541044386
20626	32.3999753018711
20627	32.8041676776365
20628	33.2710852751326
20629	33.7985252752201
20630	34.3805948616394
20631	35.0118987453347
20632	35.6841408582489
20633	36.3863595698188
20634	37.1080785036107
20635	37.8399465199345
20636	38.5719925556112
20637	39.2946486850963
20638	39.9998494738285
20639	40.6794268663106
20640	41.327610322339
20641	41.9404562773771
20642	42.5157225641003
20643	43.0519730313787
20644	43.5500059741099
20645	44.0174494833762
20646	44.4617254880383
20647	44.8777744448463
20648	45.2545601693203
20649	45.5917443755472
20650	45.8909543688835
20651	46.1557936812433
20652	46.3940226128144
20653	46.6144524343975
20654	46.8268137660096
20655	47.0393222528075
20656	47.2579385548181
20657	47.4828439329822
20658	47.7119687808877
20659	47.9427031286062
20660	48.1710337789811
20661	48.391860847143
20662	48.6020092252774
20663	48.8012198633928
20664	48.989986517415
20665	49.1665791130878
20666	49.3313199020742
20667	49.4873829539158
20668	49.6347578296839
20669	49.7723357387729
20670	49.901383406324
20671	50.0210364369573
20672	50.1297089014009
20673	50.228116587435
20674	50.3167256669669
20675	50.3943110862846
20676	50.4593193635022
20677	50.5133576690756
20678	50.5586883663479
20679	50.5950027042881
20680	50.6205928749911
20681	50.6361671987637
20682	50.6433887654265
20683	50.6432441375751
20684	50.6368823891634
20685	50.6234077078105
20686	50.6006647595418
20687	50.5666057752022
20688	50.5214987828211
20689	50.4675388454783
20690	50.4067450409919
20691	50.3390416443809
20692	50.2633606019241
20693	50.1787907651192
20694	50.0855494572811
20695	49.985169297971
20696	49.8780089209087
20697	49.7655846953031
20698	49.6487652521454
20699	49.5280999533637
20700	49.4038997585191
20701	49.2761332415358
20702	49.145766524134
20703	49.0137311837085
20704	48.8811632330137
20705	48.746942619014
20706	48.609882897214
20707	48.4701907019477
20708	48.3289734884061
20709	48.1872667278874
20710	48.0397682706417
20711	47.8796169267596
20712	47.7056257949045
20713	47.5179486137292
20714	47.3164419628539
20715	47.1003911141994
20716	46.8689777720245
20717	46.6232958452111
20718	46.3655853235759
20719	46.0978015684055
20720	45.8210896882984
20721	45.5376985736606
20722	45.2499414414101
20723	44.9595478406557
20724	44.6688092645071
20725	44.3798197984387
20726	44.0955282941463
20727	43.8193488610963
20728	43.5519069850787
20729	43.2929219030163
20730	43.0436562513144
20731	42.8044785789706
20732	42.5755272566161
20733	42.3565844144218
20734	42.1481946871544
20735	41.9515643137218
20736	41.7659935092709
20737	41.5906865850292
20738	41.4276833681689
20739	41.2808447916158
20740	41.1449794928406
20741	41.0092202337786
20742	40.8684842756449
20743	40.7197157235318
20744	40.5601526885085
20745	40.386477333669
20746	40.1964488147487
20747	39.9895964471596
20748	39.7660767222769
20749	39.5285790810601
20750	39.2813652893739
20751	39.0263477643351
20752	38.7647249991238
20753	38.5002830755708
20754	38.2369234331423
20755	37.9772171912224
20756	37.7231825762762
20757	37.4761790962545
20758	37.2368395397039
20759	37.006334442032
20760	36.7851537909106
20761	36.571700609484
20762	36.3657910991446
20763	36.1699688117162
20764	35.9857720720815
20765	35.8148624858423
20766	35.6597962488323
20767	35.5237421158224
20768	35.4085255300571
20769	35.3126565701325
20770	35.2326411806276
20771	35.1652371107003
20772	35.1080145920528
20773	35.0594859573626
20774	35.0206966821409
20775	34.9919206164907
20776	34.9725204066212
20777	34.9631569747923
20778	34.9644862494382
20779	34.977349268697
20780	34.9996252013066
20781	35.0278485255133
20782	35.062076997882
20783	35.1031410292431
20784	35.1504075265301
20785	35.2021836537797
20786	35.2554761272937
20787	35.3087917395004
20788	35.3600571232216
20789	35.4060791261315
20790	35.4459190154398
20791	35.4802800058443
20792	35.509695191429
20793	35.5361379488022
20794	35.5627386334587
20795	35.591303794657
20796	35.6247648152207
20797	35.6648588053872
20798	35.7138734862354
20799	35.7782603895162
20800	35.8645487859004
20801	35.9797536326875
20802	36.1303457391179
20803	36.3207700199934
20804	36.555502594023
20805	36.836712333904
20806	37.1637930139613
20807	37.5353908768923
20808	37.9480484876046
20809	38.3973442231442
20810	38.8799909923568
20811	39.3910498038482
20812	39.9236030932624
20813	40.4715673044677
20814	41.0286581807308
20815	41.5883644450486
20816	42.145349614485
20817	42.6944546993788
20818	43.2305306340711
20819	43.7473893034178
20820	44.2400495561222
20821	44.7080069302535
20822	45.152227272052
20823	45.570683999737
20824	45.9604918505893
20825	46.316235491606
20826	46.6324254238754
20827	46.9032002729857
20828	47.1238630119505
20829	47.293088905983
20830	47.4187920198299
20831	47.5141166810948
20832	47.5908937781814
20833	47.6636266303923
20834	47.7431322633845
20835	47.8281724884794
20836	47.903985110708
20837	47.9599956671424
20838	48.0016350188773
20839	48.0416109874149
20840	48.0834833681162
20841	48.119103183436
20842	48.140458417829
20843	48.1493175864269
20844	48.1556835019481
20845	48.1641283159768
20846	48.167807338077
20847	48.1610118297679
20848	48.1485310970965
20849	48.1389963218545
20850	48.1340637369175
20851	48.1247437194205
20852	48.1028807080922
20853	48.0682245258573
20854	48.0274786639896
20855	47.9904644988263
20856	47.9582761945423
20857	47.9225317165455
20858	47.8756852014849
20859	47.8194108428981
20860	47.763668638281
20861	47.7139933407264
20862	47.6644326160009
20863	47.6064632535417
20864	47.5375221598414
20865	47.4627618727585
20866	47.3884307528619
20867	47.3117548539383
20868	47.2247167288154
20869	47.1272578297864
20870	47.0274551327658
20871	46.9308354510683
20872	46.8347023782363
20873	46.7332818221988
20874	46.6253165795531
20875	46.5164185518437
20876	46.4140147884814
20877	46.3173837797924
20878	46.2204744517241
20879	46.120957875747
20880	46.0231332898599
20881	45.9338469955562
20882	45.8534217130701
20883	45.7741277541825
20884	45.6879044807613
20885	45.595276018135
20886	45.5050490074926
20887	45.4260243738194
20888	45.364180380812
20889	45.3225753324419
20890	45.3015046071977
20891	45.2992623833589
20892	45.3131820164721
20893	45.3376869774265
20894	45.3663093599438
20895	45.3947797838964
20896	45.4186338260733
20897	45.4333957450923
20898	45.4365299742063
20899	45.4272194432389
20900	45.4051858084754
20901	45.3699517488723
20902	45.3220651290059
20903	45.2623531482773
20904	45.1918282408683
20905	45.1114683449486
20906	45.0208030840043
20907	44.9203536214972
20908	44.8108115541564
20909	44.6921948026375
20910	44.5644715655006
20911	44.4288855547567
20912	44.2861598893512
20913	44.1361297816575
20914	43.9800218377944
20915	43.8195213193671
20916	43.6574922689143
20917	43.4965340463247
20918	43.3364614414669
20919	43.1782200902502
20920	43.0199829006149
20921	42.8534748345366
20922	42.67291520901
20923	42.4752573247011
20924	42.2571007801603
20925	42.0151025480819
20926	41.7495473309413
20927	41.4637227418374
20928	41.1619469570246
20929	40.8505820162279
20930	40.534606620892
20931	40.2139286876734
20932	39.8873575776579
20933	39.5580365722484
20934	39.2295236138261
20935	38.9061231300954
20936	38.5924079926933
20937	38.2913599455609
20938	38.0034948309808
20939	37.7280401943021
20940	37.4659838879792
20941	37.2181888388929
20942	36.9859539990246
20943	36.7727259249448
20944	36.5809595463926
20945	36.4123088777853
20946	36.2695619586201
20947	36.1523018766354
20948	36.0541378372128
20949	35.9641793734118
20950	35.8733477898015
20951	35.7857215121345
20952	35.7130178084766
20953	35.6572236960986
20954	35.614545598244
20955	35.5830814304201
20956	35.5576516424736
20957	35.5326149274347
20958	35.5072470368022
20959	35.4827085699729
20960	35.45902395635
20961	35.4371636885841
20962	35.419471339845
20963	35.4064709203402
20964	35.397346496026
20965	35.3909017792239
20966	35.385091141018
20967	35.3781531355295
20968	35.3725586107206
20969	35.3723040797662
20970	35.37875912659
20971	35.3939571259706
20972	35.4214874082225
20973	35.4642845307041
20974	35.524904690429
20975	35.6049652080824
20976	35.7044200876932
20977	35.8232111204274
20978	35.9630379974304
20979	36.1247515986322
20980	36.3082531414242
20981	36.5126524885537
20982	36.735125274152
20983	36.9733817314881
20984	37.2253579511401
20985	37.4872935532938
20986	37.7640174048762
20987	38.0602127556521
20988	38.3736953193934
20989	38.7085881921892
20990	39.0703497219744
20991	39.4620296208582
20992	39.8846475119769
20993	40.3379526090665
20994	40.8200219285483
20995	41.3255658871595
20996	41.8474444370629
20997	42.3773324871815
20998	42.9061279272115
20999	43.423513123341
21000	43.9209612548735
21001	44.3914645103535
21002	44.8286129810738
21003	45.2284554253142
21004	45.5872317989363
21005	45.899457495201
21006	46.1632941177026
21007	46.3778651636781
21008	46.5474223801574
21009	46.6847487327843
21010	46.8021433485409
21011	46.9090796646279
21012	47.0157137751195
21013	47.1304914434939
21014	47.2543686823
21015	47.3839829255039
21016	47.5141737395073
21017	47.6402972192885
21018	47.7589868082018
21019	47.8640896693648
21020	47.9500289094652
21021	48.0139109502417
21022	48.0520246246761
21023	48.0633346791298
21024	48.0489799060977
21025	48.0111571340923
21026	47.9513044384756
21027	47.8700592034402
21028	47.7696106940554
21029	47.6512633425505
21030	47.5167163688947
21031	47.3686749124774
21032	47.2102940926109
21033	47.0427030728514
21034	46.8664065199744
21035	46.6845297846941
21036	46.5000974006926
21037	46.3137602973721
21038	46.1249723445719
21039	45.933762792833
21040	45.7399594301096
21041	45.5428239203358
21042	45.3425169914244
21043	45.1404228393217
21044	44.9348740059351
21045	44.7297393502071
21046	44.5330635114884
21047	44.3480981016138
21048	44.1790516484214
21049	44.0300446904043
21050	43.9022779513695
21051	43.7964527077913
21052	43.7141126691648
21053	43.6550396992289
21054	43.618300003371
21055	43.6012744544049
21056	43.6010233782813
21057	43.6169537931474
21058	43.6496779826213
21059	43.6980582929972
21060	43.7595475908967
21061	43.8324553503757
21062	43.9158718923919
21063	44.0093428815092
21064	44.1095144337673
21065	44.2126101289235
21066	44.3142794950339
21067	44.4073674162058
21068	44.4863433095618
21069	44.5471299335122
21070	44.5825447209754
21071	44.58746412693
21072	44.5622445092645
21073	44.5062481690546
21074	44.4165105924799
21075	44.2905731574917
21076	44.127613283148
21077	43.9297943570596
21078	43.7001742436584
21079	43.4423541479619
21080	43.1602681966237
21081	42.8559510523601
21082	42.5322676667411
21083	42.1918267537526
21084	41.8373760904351
21085	41.4734528660451
21086	41.1054545820893
21087	40.737844212844
21088	40.3729876115936
21089	40.0145035155535
21090	39.6656029780284
21091	39.327315627572
21092	39.0005125494819
21093	38.6864019392635
21094	38.3860830008006
21095	38.0998140948819
21096	37.8270444882852
21097	37.5675375387132
21098	37.3209211517625
21099	37.0870077479185
21100	36.8669029950144
21101	36.6605550059968
21102	36.4673484657444
21103	36.2883139172641
21104	36.1253987388051
21105	35.9835763703322
21106	35.8646208061191
21107	35.7668444879047
21108	35.687265296755
21109	35.6195176442523
21110	35.5578394270608
21111	35.4989834067708
21112	35.4414598664621
21113	35.3835795150337
21114	35.3249898464304
21115	35.2645881703544
21116	35.2022800617781
21117	35.138259268776
21118	35.0716540555223
21119	35.0032521400821
21120	34.934248571662
21121	34.8658364957186
21122	34.7975863654236
21123	34.7281400754647
21124	34.6579301621884
21125	34.5885603043764
21126	34.5218523065053
21127	34.4598205309146
21128	34.4034124180314
21129	34.3522948794182
21130	34.3078593399458
21131	34.2708288790294
21132	34.2382867388282
21133	34.2075471546374
21134	34.1789466603361
21135	34.1553226039319
21136	34.1400426801043
21137	34.1333818150555
21138	34.1330211507294
21139	34.1371499044725
21140	34.1456364633786
21141	34.1586359950443
21142	34.1760797563682
21143	34.1972759398533
21144	34.2229023462592
21145	34.2556319632476
21146	34.2975500608829
21147	34.3467247796497
21148	34.3989454749709
21149	34.4521175647765
21150	34.5060490156574
21151	34.5653202240159
21152	34.6339028526423
21153	34.7109139208988
21154	34.7933872262285
21155	34.8765147593142
21156	34.958051832312
21157	35.0422914086004
21158	35.1350493201781
21159	35.234016105293
21160	35.3289983816551
21161	35.4116359413369
21162	35.4758931975316
21163	35.5155167081921
21164	35.5306886667866
21165	35.5256651523549
21166	35.5010977088526
21167	35.4569404385783
21168	35.3976817276945
21169	35.3309267583261
21170	35.2647225804505
21171	35.2072798017223
21172	35.1648003048657
21173	35.1367176762902
21174	35.1175909354991
21175	35.1037939562421
21176	35.0935009025486
21177	35.0837690839545
21178	35.0725813293813
21179	35.0612276970171
21180	35.0507189476848
21181	35.0392193825591
21182	35.0265698958024
21183	35.0140228781422
21184	35.001674399822
21185	34.9904202005964
21186	34.9816658876485
21187	34.9751381299137
21188	34.9703890668543
21189	34.967028980619
21190	34.9643602078658
21191	34.9624909532782
21192	34.9613306491747
21193	34.9625244064636
21194	34.9664630390715
21195	34.9728288459095
21196	34.9823163240107
21197	34.9953838488504
21198	35.0132793243709
21199	35.0359982874541
21200	35.0631274058882
21201	35.0941657978983
21202	35.1295191770403
21203	35.1693226784597
21204	35.2121044493633
21205	35.2571599478267
21206	35.3058358202064
21207	35.3606870231933
21208	35.4243374420775
21209	35.4984294128594
21210	35.5827135932361
21211	35.6764320054242
21212	35.7810174420492
21213	35.8972095445784
21214	36.023330244625
21215	36.156135336968
21216	36.2931663318787
21217	36.4329818258967
21218	36.5745691607069
21219	36.7168328572414
21220	36.8575918442753
21221	36.9962769768405
21222	37.1335841733555
21223	37.2680331830552
21224	37.3979692446321
21225	37.5242387893575
21226	37.6472678778294
21227	37.7667382574342
21228	37.8813998588641
21229	37.990812715024
21230	38.0957470364614
21231	38.1965781593812
21232	38.2939889369166
21233	38.3886271195573
21234	38.4814109527331
21235	38.5722517166411
21236	38.6602778489534
21237	38.7449094097544
21238	38.8256415979136
21239	38.902347145462
21240	38.9753439827706
21241	39.0438738725767
21242	39.1084396662805
21243	39.1702705882957
21244	39.2293588677783
21245	39.285888571668
21246	39.3401630557048
21247	39.3916419401894
21248	39.4393744757149
21249	39.4833497567518
21250	39.523088314566
21251	39.5583397839092
21252	39.590046488104
21253	39.6184605632953
21254	39.6437987266624
21255	39.6674660840159
21256	39.6901416645384
21257	39.7124505171145
21258	39.7353320383467
21259	39.7595105180864
21260	39.7833135543962
21261	39.8057288243206
21262	39.8259773668462
21263	39.8418267712252
21264	39.8533625767642
21265	39.8602755918451
21266	39.8618295217381
21267	39.8578336072383
21268	39.849357965869
21269	39.8378741129613
21270	39.8250725551222
21271	39.8119986275991
21272	39.7977377301079
21273	39.7830009167836
21274	39.7706551101318
21275	39.7623042599018
21276	39.7588667535667
21277	39.7614607149648
21278	39.7700359815535
21279	39.7843973610557
21280	39.8047944427016
21281	39.8306669620583
21282	39.8610545093892
21283	39.8953429613256
21284	39.9319229754512
21285	39.9691594053863
21286	40.0071809095763
21287	40.0459673708619
21288	40.0846125454246
21289	40.1227256710657
21290	40.1594248437509
21291	40.1950650409939
21292	40.2300052566545
21293	40.2638143215864
21294	40.2978877067753
21295	40.3335873992582
21296	40.3723743947878
21297	40.4158399183267
21298	40.4629389496747
21299	40.5116256405445
21300	40.5616277068574
21301	40.616906140761
21302	40.6829746438329
21303	40.7625449170058
21304	40.8568398596883
21305	40.9669402148713
21306	41.0940591693323
21307	41.2376756646119
21308	41.3970708255227
21309	41.5734134027973
21310	41.7656932302275
21311	41.9697460513657
21312	42.1815331917936
21313	42.3943610713413
21314	42.5990457839886
21315	42.7875091932888
21316	42.9589569740573
21317	43.1105188796857
21318	43.2373297662959
21319	43.3438197605057
21320	43.433348305039
21321	43.5066394425331
21322	43.562143552347
21323	43.5987176939935
21324	43.6186803487768
21325	43.6251347543654
21326	43.6208055489339
21327	43.6065591347264
21328	43.5854113597321
21329	43.5606787660386
21330	43.53272843836
21331	43.5024886795143
21332	43.4722482864748
21333	43.443181479555
21334	43.4141874559279
21335	43.3841209265818
21336	43.3541871188988
21337	43.3237128488626
21338	43.2910177463687
21339	43.2553807002103
21340	43.2143006162327
21341	43.1671713737808
21342	43.1152821740467
21343	43.0586804202261
21344	42.9969394166349
21345	42.9287644648886
21346	42.8544636074426
21347	42.7747293383887
21348	42.6886208808607
21349	42.5949553212362
21350	42.493908875764
21351	42.3849839133158
21352	42.2667210927448
21353	42.1386436970188
21354	42.0007269341268
21355	41.8533757100812
21356	41.6965125966664
21357	41.5312114730229
21358	41.3586759251109
21359	41.1781520957126
21360	40.9885481196575
21361	40.791120336243
21362	40.5878044332677
21363	40.3790456558095
21364	40.1662406729359
21365	39.9506242860474
21366	39.7336932756511
21367	39.5163422944104
21368	39.2992288723756
21369	39.0855124257327
21370	38.878049132035
21371	38.6783362479806
21372	38.4922131888603
21373	38.3191015563429
21374	38.1503921202107
21375	37.9795780094776
21376	37.7984654717233
21377	37.6006468024767
21378	37.3805020592437
21379	37.1353341395678
21380	36.8667019455499
21381	36.5753758416499
21382	36.263051824119
21383	35.9345503905489
21384	35.5941687425945
21385	35.2460823346304
21386	34.8960494139981
21387	34.5488651621149
21388	34.2090341857373
21389	33.881880662029
21390	33.569136007013
21391	33.271139510405
21392	32.9878532826876
21393	32.7172624029933
21394	32.4597430862666
21395	32.2159875562978
21396	31.9879205103333
21397	31.7786571626663
21398	31.5907940025175
21399	31.4269992807561
21400	31.2881871680396
21401	31.1709188318462
21402	31.0706413676087
21403	30.9834828967177
21404	30.9080910820824
21405	30.8471696558257
21406	30.8015507577952
21407	30.7698410469026
21408	30.7493479252143
21409	30.7413932742002
21410	30.7484696824685
21411	30.7694252509275
21412	30.8032085208167
21413	30.8488206651113
21414	30.9069889547964
21415	30.977330205867
21416	31.0581363236423
21417	31.149892190872
21418	31.251932344735
21419	31.3623505280147
21420	31.4779717719575
21421	31.5974958485401
21422	31.7201721245221
21423	31.8456833631947
21424	31.9750401716372
21425	32.1070249715834
21426	32.2418226821568
21427	32.3804568406
21428	32.5231885161748
21429	32.6727070234974
21430	32.8377823254795
21431	33.023638850955
21432	33.2237454438207
21433	33.427825000614
21434	33.6264811414883
21435	33.8123952244639
21436	33.978076659976
21437	34.1167087045159
21438	34.2252978768645
21439	34.303564236628
21440	34.3505670468965
21441	34.3642779948697
21442	34.3434634073124
21443	34.2890680194344
21444	34.2050520113678
21445	34.0952463286702
21446	33.9617446304526
21447	33.8054765426828
21448	33.628873491328
21449	33.4351875626366
21450	33.2276401543583
21451	33.0104483485288
21452	32.7910569345023
21453	32.5779230175682
21454	32.380238323016
21455	32.2074134624109
21456	32.0653421826169
21457	31.960808428796
21458	31.8926230494466
21459	31.8555205802051
21460	31.8455141857561
21461	31.8562960629354
21462	31.8832380732197
21463	31.9231947720613
21464	31.9745126581446
21465	32.0370904186886
21466	32.1122033514937
21467	32.2009816565927
21468	32.3035240471873
21469	32.4197535689244
21470	32.5496109670989
21471	32.6907724936563
21472	32.8403887412549
21473	32.9973931773759
21474	33.1625738730478
21475	33.3359968914117
21476	33.5166051752986
21477	33.7044166090965
21478	33.8992699810509
21479	34.0999290076873
21480	34.3050113278135
21481	34.5133426324485
21482	34.7235763406057
21483	34.9331881656213
21484	35.1408905596338
21485	35.3478276851532
21486	35.5544617505146
21487	35.76120466891
21488	35.9666476577036
21489	36.168832035824
21490	36.3678903889748
21491	36.5647720062275
21492	36.7591336011589
21493	36.9519289698743
21494	37.1416492004936
21495	37.3240892415346
21496	37.4992996512121
21497	37.6670754078709
21498	37.8295000318636
21499	37.9900687899397
21500	38.1501620734565
21501	38.3096373186945
21502	38.4689530703779
21503	38.6314548373827
21504	38.7985047788529
21505	38.9691704032734
21506	39.1421281861812
21507	39.3156252044061
21508	39.4888981085651
21509	39.6608789047928
21510	39.8313714278189
21511	40.0027810318886
21512	40.177734706468
21513	40.3581217522466
21514	40.5409633762782
21515	40.7228719966463
21516	40.895073506071
21517	41.0463343157588
21518	41.1713982541409
21519	41.2613853876696
21520	41.3120128782826
21521	41.3368613133132
21522	41.3544150384856
21523	41.3687268504835
21524	41.3682767330997
21525	41.3426029897685
21526	41.2965896204027
21527	41.2453028673706
21528	41.1960855090533
21529	41.1435175091925
21530	41.0793660722855
21531	41.0034831568371
21532	40.927331372935
21533	40.8584503085077
21534	40.7927770032262
21535	40.720617490378
21536	40.6335488957337
21537	40.5251500110059
21538	40.3885003515036
21539	40.2220816944439
21540	40.0358422107359
21541	39.8403838202454
21542	39.638570519085
21543	39.4302889677026
21544	39.2141578645378
21545	38.9875432754858
21546	38.7489195703217
21547	38.5019782042589
21548	38.2553464121821
21549	38.0152204925302
21550	37.7801176866988
21551	37.5483477315701
21552	37.3228341066012
21553	37.1082293001681
21554	36.9046722707373
21555	36.711359810353
21556	36.5320327133496
21557	36.3694814209109
21558	36.2243728383208
21559	36.0941699087426
21560	35.9732037806173
21561	35.858918550582
21562	35.7545541093164
21563	35.6646585081636
21564	35.5905290796286
21565	35.5317896421233
21566	35.4871104512284
21567	35.4564972771546
21568	35.4418286601054
21569	35.4447141617846
21570	35.4643037971616
21571	35.4977761599868
21572	35.5450343339056
21573	35.6069756720972
21574	35.6813216702869
21575	35.765639100275
21576	35.8611462902594
21577	35.9672302511877
21578	36.0807030175988
21579	36.1997405357349
21580	36.3188615734003
21581	36.4311411353554
21582	36.5344494255171
21583	36.6248875655025
21584	36.6970362793029
21585	36.7513813049505
21586	36.7899468680855
21587	36.8125836930099
21588	36.8212998806102
21589	36.8213253301319
21590	36.8177964885985
21591	36.8139382442026
21592	36.8133579036342
21593	36.8189522222494
21594	36.8337043256879
21595	36.8645767411623
21596	36.9189989940579
21597	37.0003868100318
21598	37.1105072123575
21599	37.2529442599355
21600	37.429189508231
21601	37.6368589842007
21602	37.8735765504284
21603	38.1371501786671
21604	38.4259197160603
21605	38.7377965660713
21606	39.0706200908999
21607	39.4201892169906
21608	39.7781189030083
21609	40.1378210321819
21610	40.4935571180361
21611	40.8385421388944
21612	41.1681360817526
21613	41.4827706747303
21614	41.7832086590379
21615	42.0668212780119
21616	42.3296118507935
21617	42.5769080928677
21618	42.8139058657249
21619	43.0429845889026
21620	43.2643486703393
21621	43.4745660108708
21622	43.6728304575113
21623	43.8570656765189
21624	44.0260062500532
21625	44.1815682163311
21626	44.3246170751135
21627	44.457739736731
21628	44.5847689332492
21629	44.7052203912354
21630	44.8176463484026
21631	44.9212655997646
21632	45.0156365252448
21633	45.1018924383206
21634	45.179953534949
21635	45.250200724141
21636	45.3133534504781
21637	45.3677746066638
21638	45.4140382903031
21639	45.454147492544
21640	45.4871432513413
21641	45.5137333902247
21642	45.5361738785141
21643	45.555219170086
21644	45.572407165926
21645	45.588670527493
21646	45.602601189829
21647	45.6132624259359
21648	45.6197993505674
21649	45.6204131035537
21650	45.6142643312447
21651	45.6022677090054
21652	45.5859832125993
21653	45.5662899972874
21654	45.5443237840407
21655	45.5196748815433
21656	45.4905500482213
21657	45.4564129135253
21658	45.4167759377594
21659	45.3710472037915
21660	45.3193770018699
21661	45.2628806692767
21662	45.2043701139761
21663	45.1451329855042
21664	45.0852768495711
21665	45.0241306162556
21666	44.9619428687896
21667	44.9007096805988
21668	44.8406077290982
21669	44.7805187209585
21670	44.7199843736768
21671	44.6590128970054
21672	44.5966267189232
21673	44.5342097942663
21674	44.475152209429
21675	44.4230921377829
21676	44.3796274423295
21677	44.3463884504345
21678	44.3268524703032
21679	44.3224506103436
21680	44.3343549604045
21681	44.3634505141478
21682	44.4088085249542
21683	44.4692331806059
21684	44.5436099560958
21685	44.6293338815944
21686	44.7202362280411
21687	44.8097550306896
21688	44.8883133003496
21689	44.9469085430428
21690	44.9842143227915
21691	45.0038364685826
21692	45.0073763351905
21693	44.9956911132162
21694	44.97279558726
21695	44.9419984863731
21696	44.9046868427272
21697	44.8619245789856
21698	44.8157050461603
21699	44.7677779734778
21700	44.718557635183
21701	44.6678833771693
21702	44.6158514740034
21703	44.5626382589798
21704	44.5090656517769
21705	44.4544749429023
21706	44.3981648913794
21707	44.3400226519842
21708	44.2797481811185
21709	44.217036560119
21710	44.1524083686775
21711	44.0867214177905
21712	44.0206141008085
21713	43.955381671708
21714	43.8920661530704
21715	43.8312627122515
21716	43.7721306772719
21717	43.7141776208424
21718	43.6581086537791
21719	43.6037824177912
21720	43.5510377889534
21721	43.5006837735317
21722	43.4538041824879
21723	43.410917810376
21724	43.3715989914944
21725	43.3345639620111
21726	43.2991680152377
21727	43.2641855413224
21728	43.2288717142247
21729	43.1948156311256
21730	43.1638031239491
21731	43.1352759175132
21732	43.1077703190094
21733	43.0801060698429
21734	43.0516276490051
21735	43.022151585171
21736	42.9917670122061
21737	42.9603861202443
21738	42.927879945833
21739	42.8952360558933
21740	42.8623312046329
21741	42.8289068347235
21742	42.7960849017872
21743	42.7644350465897
21744	42.7344267060851
21745	42.7061135532139
21746	42.6786976881729
21747	42.651523748664
21748	42.6241726185635
21749	42.596926182641
21750	42.569460062935
21751	42.5413918116194
21752	42.5131244842352
21753	42.4834809607393
21754	42.452065706527
21755	42.419440815019
21756	42.3847878313851
21757	42.3492994539068
21758	42.3146422361442
21759	42.2807424965286
21760	42.2465433608398
21761	42.2114708261908
21762	42.1766578152964
21763	42.1423670275505
21764	42.1085607862602
21765	42.076277374647
21766	42.0459837558805
21767	42.0168271999536
21768	41.9877199361105
21769	41.9585416471148
21770	41.9296608344775
21771	41.902039550117
21772	41.876478730766
21773	41.852412595705
21774	41.8299306123546
21775	41.8094836270479
21776	41.7904572741086
21777	41.7719783597255
21778	41.753106988672
21779	41.7323875489786
21780	41.7096477639667
21781	41.6863528573284
21782	41.6638878965705
21783	41.642213083525
21784	41.6211142494509
21785	41.6011625949845
21786	41.5808560909397
21787	41.5596611905085
21788	41.538376446461
21789	41.5169696712335
21790	41.4944276962796
21791	41.467805883975
21792	41.4355166864278
21793	41.3972559376415
21794	41.3511993434814
21795	41.2954774314446
21796	41.2277040520826
21797	41.1453407633004
21798	41.047561585891
21799	40.9341243653975
21800	40.8056361523528
21801	40.6630065113404
21802	40.5086815252934
21803	40.3450685066562
21804	40.1723983808548
21805	39.9926814397214
21806	39.8086089648899
21807	39.6215422939659
21808	39.4334077304603
21809	39.2456770710623
21810	39.0603506260773
21811	38.8793267915124
21812	38.7045622138795
21813	38.5362035552869
21814	38.3726964827559
21815	38.2136194754046
21816	38.0589141645605
21817	37.9090937753089
21818	37.7648110506425
21819	37.6256147080467
21820	37.4911285023711
21821	37.361949812687
21822	37.2392779057877
21823	37.1245120456438
21824	37.0180945483998
21825	36.9199235466192
21826	36.8287130232528
21827	36.7429667279822
21828	36.6636591690777
21829	36.591854995383
21830	36.5268548293419
21831	36.4674393133493
21832	36.4133997546273
21833	36.3646805270217
21834	36.3205549565813
21835	36.2814564834849
21836	36.2487453077494
21837	36.2229587292591
21838	36.2018202726641
21839	36.1831950872406
21840	36.1661230403186
21841	36.150677201665
21842	36.1380546917446
21843	36.1289074785693
21844	36.1235951194204
21845	36.1223676190606
21846	36.1249730199742
21847	36.1301048181055
21848	36.1374484062708
21849	36.1471593530296
21850	36.1583784291852
21851	36.1701951853932
21852	36.1834460650294
21853	36.199029428468
21854	36.2158480504126
21855	36.2323945831166
21856	36.2499110174573
21857	36.270952988107
21858	36.29873046937
21859	36.3364996940785
21860	36.3857873855777
21861	36.45046487205
21862	36.5350557829784
21863	36.6445341268403
21864	36.7847640672341
21865	36.9582756692332
21866	37.1679025963466
21867	37.4163127622015
21868	37.7026821221475
21869	38.0241616258914
21870	38.37800628341
21871	38.76249958924
21872	39.1722123468525
21873	39.6009242955423
21874	40.0435702631056
21875	40.4962193746978
21876	40.9550531735596
21877	41.4150298894032
21878	41.8721083005553
21879	42.3222857049641
21880	42.7629401564962
21881	43.1916274946628
21882	43.6051284955321
21883	44.0004457389548
21884	44.3750998623322
21885	44.729240806308
21886	45.0649352127807
21887	45.3826162654313
21888	45.6828465618665
21889	45.9667152052789
21890	46.2334824204136
21891	46.4824707414255
21892	46.7146913819879
21893	46.9296884727276
21894	47.1270536571212
21895	47.3074176520836
21896	47.4711891959856
21897	47.6192337341012
21898	47.7536932507156
21899	47.8781553195975
21900	47.9949078608623
21901	48.1044988078711
21902	48.2069356284034
21903	48.301968537873
21904	48.3892580714439
21905	48.4695081844795
21906	48.5428928678836
21907	48.6110327679463
21908	48.6753758418656
21909	48.7349977360584
21910	48.7883561649017
21911	48.8346400285349
21912	48.8742902042181
21913	48.9075654764661
21914	48.9348343046433
21915	48.9564638527251
21916	48.9729293652759
21917	48.9842822719795
21918	48.9914358022662
21919	48.994699815591
21920	48.9919180633484
21921	48.9800913393981
21922	48.9554341700712
21923	48.9132613417826
21924	48.8487715006933
21925	48.7585166698686
21926	48.6403623285686
21927	48.493317302926
21928	48.3173387621557
21929	48.1132305306902
21930	47.8811406185229
21931	47.622573023984
21932	47.3402610112851
21933	47.037062964229
21934	46.7151505001713
21935	46.3754271125778
21936	46.0204801478281
21937	45.6530549129813
21938	45.2748803541825
21939	44.8890189144561
21940	44.4980630940647
21941	44.1031094234602
21942	43.7059041494107
21943	43.3093327059619
21944	42.9171593201849
21945	42.5341610180792
21946	42.1627904742463
21947	41.8041496954271
21948	41.4595365598581
21949	41.1289574360812
21950	40.812608648128
21951	40.5108592430916
21952	40.2237065778109
21953	39.951595525371
21954	39.695424463064
21955	39.4541326710692
21956	39.2260660989795
21957	39.0114761799101
21958	38.809677505431
21959	38.6190306331142
21960	38.4380038362109
21961	38.2650574019731
21962	38.0997420960902
21963	37.942376015475
21964	37.791845131979
21965	37.6483660977218
21966	37.512228945203
21967	37.3824138902698
21968	37.258635742808
21969	37.1404698875769
21970	37.0277327443433
21971	36.9196783670807
21972	36.8160676484765
21973	36.7167180504395
21974	36.6213826283631
21975	36.5301779136281
21976	36.4434777362801
21977	36.3609088712038
21978	36.282998800073
21979	36.212596327469
21980	36.1545745229966
21981	36.1134643502112
21982	36.0887634105013
21983	36.0761934826637
21984	36.0706403311807
21985	36.0686582268182
21986	36.0673742257934
21987	36.0632136064062
21988	36.0533987220973
21989	36.0366535664034
21990	36.0128589287989
21991	35.9813790084195
21992	35.9425212825696
21993	35.8972244438339
21994	35.8455263844596
21995	35.788162601994
21996	35.727075675455
21997	35.662956911545
21998	35.5955827033277
21999	35.5260374266549
22000	35.4557634439017
22001	35.3850545321663
22002	35.3141309228891
22003	35.2436727427422
22004	35.1741052870403
22005	35.1061161835185
22006	35.0406217641013
22007	34.9782368419587
22008	34.9191184054349
22009	34.8638138309399
22010	34.8120779593241
22011	34.7633320175128
22012	34.7184478112299
22013	34.6787831995752
22014	34.6440011057727
22015	34.6129219595925
22016	34.5849713624912
22017	34.5592174730651
22018	34.5352479886692
22019	34.5130803918485
22020	34.4941096911944
22021	34.479217098435
22022	34.4686400120637
22023	34.4622110244273
22024	34.4590793833518
22025	34.4594056600971
22026	34.463780641885
22027	34.4717798233622
22028	34.4831071307117
22029	34.4961389670526
22030	34.508952263385
22031	34.5228392090432
22032	34.5414208063465
22033	34.5703168590765
22034	34.6150330285593
22035	34.6782830134384
22036	34.7616755812129
22037	34.8664993310808
22038	34.993762115421
22039	35.1453832863565
22040	35.322826008951
22041	35.5264279476044
22042	35.7550862401325
22043	36.007273787815
22044	36.281438671477
22045	36.5758240366601
22046	36.8864299742238
22047	37.2091825509554
22048	37.5425260496224
22049	37.884618281281
22050	38.2323842240084
22051	38.5821761964067
22052	38.9314732289318
22053	39.2769515868028
22054	39.6152258581924
22055	39.943506772468
22056	40.2594329573682
22057	40.5622917292605
22058	40.851092856789
22059	41.1249497055475
22060	41.3837182256467
22061	41.6263673648317
22062	41.8515363519563
22063	42.0586292438932
22064	42.2477245311723
22065	42.4191461924627
22066	42.5733407680167
22067	42.7121445387165
22068	42.8373008572628
22069	42.9502225872982
22070	43.0535831428935
22071	43.149045125962
22072	43.2377304366973
22073	43.3212819984464
22074	43.3992169329381
22075	43.471270506707
22076	43.5346315374292
22077	43.5834422990458
22078	43.6137249282497
22079	43.6221052167208
22080	43.6042137198277
22081	43.5569798225378
22082	43.4824202838349
22083	43.387955985909
22084	43.2807786954843
22085	43.1600263145739
22086	43.0223413510978
22087	42.870546498409
22088	42.7105863990776
22089	42.5466794499662
22090	42.3810122863972
22091	42.2129171674636
22092	42.0408163338177
22093	41.8663168406762
22094	41.6913574334334
22095	41.5129544494999
22096	41.3276394337884
22097	41.134726741234
22098	40.9359439887215
22099	40.7381694367715
22100	40.5445902715492
22101	40.3533865781021
22102	40.1639245254396
22103	39.9770214416884
22104	39.7945151868529
22105	39.6136165589921
22106	39.4306999351306
22107	39.2489387290641
22108	39.0760627598417
22109	38.9153855725281
22110	38.7661410843742
22111	38.6254836681811
22112	38.4889959531327
22113	38.3528809257818
22114	38.2154049824343
22115	38.0762781398227
22116	37.9334950581909
22117	37.7860936573542
22118	37.6345522871209
22119	37.479439926594
22120	37.3214120694232
22121	37.1622153239889
22122	37.0030950567407
22123	36.8456259719819
22124	36.6915649325371
22125	36.5411639051897
22126	36.3934833953956
22127	36.2491523620062
22128	36.109110572534
22129	35.9723072960137
22130	35.8396515894643
22131	35.7140434374942
22132	35.6016712724494
22133	35.5087010625482
22134	35.4426102739751
22135	35.4125395799491
22136	35.4225985277228
22137	35.4771279588744
22138	35.5815105581584
22139	35.737798487448
22140	35.9455090310451
22141	36.205966267179
22142	36.5186188681463
22143	36.8748771587139
22144	37.2674191616754
22145	37.6949211274985
22146	38.1580182972542
22147	38.6559747249988
22148	39.1836331698614
22149	39.7314420432463
22150	40.290906844595
22151	40.8577207669418
22152	41.4282231737978
22153	41.994655066145
22154	42.5427059820411
22155	43.058628400505
22156	43.5369507538154
22157	43.9743988177501
22158	44.3722061192688
22159	44.7369554452232
22160	45.0699224292567
22161	45.3758457406378
22162	45.6625846924334
22163	45.9336014500309
22164	46.1891687613441
22165	46.4290398488621
22166	46.6523072711463
22167	46.8569749743927
22168	47.0421064429726
22169	47.2053061432741
22170	47.3432199292704
22171	47.4518956775873
22172	47.5288070415519
22173	47.5727548388533
22174	47.5825668169494
22175	47.5611724141107
22176	47.5136605905369
22177	47.4426855216266
22178	47.3522892890182
22179	47.2466876666657
22180	47.1234989618061
22181	46.98094614277
22182	46.8203249918435
22183	46.6422257620001
22184	46.4482506474295
22185	46.2410332034992
22186	46.0224032470941
22187	45.7936785691108
22188	45.5564131385526
22189	45.3112141964047
22190	45.0595550274611
22191	44.8027261051693
22192	44.5399611768089
22193	44.2732264251663
22194	44.0054349894875
22195	43.737117132913
22196	43.470776616926
22197	43.2118807096059
22198	42.9630486639937
22199	42.7239254950882
22200	42.4953414141243
22201	42.2793225818695
22202	42.0758751889529
22203	41.8847929578391
22204	41.7036528630363
22205	41.5288928032323
22206	41.3602616367297
22207	41.1975089977647
22208	41.0431096048857
22209	40.8973667290246
22210	40.7595346024862
22211	40.630817335456
22212	40.5112379305788
22213	40.40163944678
22214	40.3016905564771
22215	40.2103794680529
22216	40.1272329744546
22217	40.0529149840535
22218	39.9880790452568
22219	39.9326482298061
22220	39.8857526659151
22221	39.8444533324151
22222	39.8044983536935
22223	39.7609409951863
22224	39.7085372802535
22225	39.6433517630044
22226	39.5625664942189
22227	39.466514191006
22228	39.3579904050595
22229	39.2385445393716
22230	39.1097889735546
22231	38.975192497995
22232	38.8418345874913
22233	38.716272136057
22234	38.5998005125239
22235	38.4921763090736
22236	38.3960410461968
22237	38.3130253200996
22238	38.2446633383224
22239	38.1977629952319
22240	38.1755277247099
22241	38.1765264447862
22242	38.2022854583636
22243	38.2544131580864
22244	38.3320889138264
22245	38.4356808316696
22246	38.5663467127441
22247	38.7234339869276
22248	38.9066524579701
22249	39.1165436707062
22250	39.3529161564669
22251	39.6147058000688
22252	39.8995341194618
22253	40.2043066634599
22254	40.5266152116386
22255	40.863602846113
22256	41.2114292331809
22257	41.5647264650585
22258	41.917089581963
22259	42.2590051385902
22260	42.579007757227
22261	42.873499502648
22262	43.1353011736589
22263	43.3615682335823
22264	43.5615078356046
22265	43.7408915512089
22266	43.9024857804009
22267	44.051109792529
22268	44.1939571972049
22269	44.3339498862843
22270	44.4687452101622
22271	44.5928133421876
22272	44.7021661474714
22273	44.7977977580852
22274	44.8843808615567
22275	44.9648894734409
22276	45.0376189239483
22277	45.0997133425596
22278	45.149156978956
22279	45.1875585182713
22280	45.2198788697789
22281	45.2487626553621
22282	45.2716738909395
22283	45.2830536893746
22284	45.2821151641868
22285	45.2750843001261
22286	45.2689169161129
22287	45.2633592801499
22288	45.2517523933985
22289	45.2306591337868
22290	45.2021710210686
22291	45.1702035725907
22292	45.1353518847985
22293	45.0947863883071
22294	45.0466510277855
22295	44.9917766866404
22296	44.9315891435717
22297	44.8662825288268
22298	44.7967992605926
22299	44.7243828773091
22300	44.648442770287
22301	44.5700512216133
22302	44.4920858888244
22303	44.4144576036009
22304	44.3344873921302
22305	44.2497082119223
22306	44.1588114794508
22307	44.0616826818733
22308	43.9585619967428
22309	43.8503797925758
22310	43.7382247401313
22311	43.6218201801702
22312	43.5000278483978
22313	43.3727936186966
22314	43.239847603343
22315	43.1001340492324
22316	42.9528884226328
22317	42.7981529637584
22318	42.6372897167675
22319	42.4705714811369
22320	42.2983428635405
22321	42.1231249027489
22322	41.9484116735092
22323	41.7760756297101
22324	41.6053363540326
22325	41.438262293819
22326	41.2764076477561
22327	41.1215518897655
22328	40.9807854923001
22329	40.8589546488791
22330	40.7606285902468
22331	40.6889324924366
22332	40.642321895826
22333	40.6199469673828
22334	40.6211921564466
22335	40.6477532343438
22336	40.7007289827019
22337	40.7782719386528
22338	40.880310000071
22339	41.006663147695
22340	41.1552872322099
22341	41.3235280189774
22342	41.5086739654388
22343	41.7085617395476
22344	41.9213920899598
22345	42.1443255132516
22346	42.3746212383569
22347	42.6105734708768
22348	42.8499636603125
22349	43.0913431085995
22350	43.3344430906251
22351	43.5771290422012
22352	43.8180968468718
22353	44.0575013416365
22354	44.2937409551984
22355	44.5176386494295
22356	44.7247214947203
22357	44.9169379357563
22358	45.0955840409567
22359	45.2663981937425
22360	45.4366468640772
22361	45.6107473854583
22362	45.7869032443085
22363	45.9616252477959
22364	46.1335118321764
22365	46.2991104664979
22366	46.4552352853011
22367	46.5998014490876
22368	46.7315789344995
22369	46.8521199837544
22370	46.9602770738508
22371	47.0534767871413
22372	47.1336830041997
22373	47.2043435622494
22374	47.2648759005624
22375	47.3144880213777
22376	47.3545002006374
22377	47.3833894715166
22378	47.4006619585502
22379	47.4090865326253
22380	47.4107688230705
22381	47.4062566022258
22382	47.3967606442125
22383	47.3815718085726
22384	47.3608465301884
22385	47.3357308530507
22386	47.3053676262842
22387	47.2705933757635
22388	47.2286426682355
22389	47.1776455879735
22390	47.1199771868888
22391	47.0565297051723
22392	46.9881778453319
22393	46.9168325684384
22394	46.8422743644918
22395	46.763666223166
22396	46.6802319361906
22397	46.5922760896956
22398	46.5019813159398
22399	46.4077935925004
22400	46.3077880803602
22401	46.202339253043
22402	46.0910900896496
22403	45.9758475985315
22404	45.8568627907421
22405	45.7340819373582
22406	45.6079050240501
22407	45.4797141693056
22408	45.352451147318
22409	45.22658382925
22410	45.1017282006692
22411	44.9755036015345
22412	44.8464734245193
22413	44.716948686426
22414	44.5897262844008
22415	44.4651318314162
22416	44.3421578097174
22417	44.2208285164578
22418	44.1010849289136
22419	43.9815683748962
22420	43.8615194553765
22421	43.7410659048401
22422	43.6204246395264
22423	43.5003491013701
22424	43.3821927881142
22425	43.2670094967139
22426	43.1552356044697
22427	43.0453912058227
22428	42.9357722779239
22429	42.8243426942562
22430	42.7099305019224
22431	42.5927637787964
22432	42.4759172449956
22433	42.364298044936
22434	42.2555502084056
22435	42.1450440778652
22436	42.0330629093011
22437	41.9196369834811
22438	41.8043466233303
22439	41.6876247357907
22440	41.569398031987
22441	41.44948293877
22442	41.3292592511622
22443	41.2115171800832
22444	41.0972615909632
22445	40.9858442447845
22446	40.8755782442007
22447	40.7668680609465
22448	40.6632439261164
22449	40.5654271472459
22450	40.4717416151258
22451	40.3820868739502
22452	40.2956604247415
22453	40.2117094906418
22454	40.1303668778598
22455	40.0502221922525
22456	39.9695738111744
22457	39.890623425787
22458	39.816976346479
22459	39.7498923604462
22460	39.6893317204576
22461	39.6349083878308
22462	39.5868567419411
22463	39.5449978712955
22464	39.5094082880679
22465	39.4804269888239
22466	39.4586820722117
22467	39.4449326169096
22468	39.4374608800647
22469	39.4358634793814
22470	39.44234418547
22471	39.4591850184194
22472	39.485819555204
22473	39.5177717219598
22474	39.5509504972661
22475	39.5838583501098
22476	39.614544365615
22477	39.6429326234955
22478	39.6704254553568
22479	39.6978251651795
22480	39.7268030630199
22481	39.7571092170237
22482	39.7862449086689
22483	39.8103657942791
22484	39.8305274456016
22485	39.8516747299887
22486	39.8753837052486
22487	39.8991132820599
22488	39.9157827775178
22489	39.919949923527
22490	39.9170155976771
22491	39.9168342741152
22492	39.9250168634918
22493	39.9435780456852
22494	39.9700376663769
22495	39.9964786005083
22496	40.0176622743129
22497	40.0350469070865
22498	40.0504517096844
22499	40.0670368191147
22500	40.0871725336574
22501	40.108640781218
22502	40.1289360244111
22503	40.1473586864891
22504	40.1646840858527
22505	40.1830733001322
22506	40.2057876479628
22507	40.2358568862466
22508	40.2730316535969
22509	40.3146278594052
22510	40.3571831616052
22511	40.3980233164507
22512	40.4354780313718
22513	40.4704696745434
22514	40.5063279972419
22515	40.5450634283954
22516	40.5877840422058
22517	40.6353301119956
22518	40.6896023399376
22519	40.7515306283228
22520	40.818499898685
22521	40.8859604584196
22522	40.9520480172651
22523	41.0178651079042
22524	41.083696438096
22525	41.151028063591
22526	41.2204724761505
22527	41.2900241647227
22528	41.3576338352794
22529	41.4205096945178
22530	41.4769819726855
22531	41.5265338749186
22532	41.5676575221969
22533	41.5993399004377
22534	41.6214374621191
22535	41.6352163433154
22536	41.6432834554558
22537	41.6482665647145
22538	41.6517403610614
22539	41.6544464821147
22540	41.6582218194496
22541	41.6652208691698
22542	41.6754489347047
22543	41.6871414899064
22544	41.6992121667114
22545	41.7103398270901
22546	41.71762937965
22547	41.718423316515
22548	41.7098651174131
22549	41.6893546788976
22550	41.6538777660887
22551	41.5980815024233
22552	41.5173153407002
22553	41.4101265944667
22554	41.2762597753347
22555	41.1150648985477
22556	40.926028338471
22557	40.7097934033374
22558	40.4668948232229
22559	40.197407146229
22560	39.9035200488223
22561	39.5907010232283
22562	39.2645756150433
22563	38.9284094612021
22564	38.585704024518
22565	38.2411333406563
22566	37.8990936554282
22567	37.5630032180244
22568	37.2348879271608
22569	36.9157151851517
22570	36.6073770348826
22571	36.3121019651776
22572	36.0336661860137
22573	35.7768561307159
22574	35.5448439688961
22575	35.3394383680956
22576	35.1653621245226
22577	35.0211359688271
22578	34.9005017649408
22579	34.7992565329194
22580	34.7130873882423
22581	34.6409511460389
22582	34.5819877342333
22583	34.5336519678804
22584	34.4938210876144
22585	34.4613453912283
22586	34.434672238667
22587	34.413250133707
22588	34.3969215311323
22589	34.3854777731207
22590	34.3792955133344
22591	34.378210325214
22592	34.383086892357
22593	34.3949093854931
22594	34.4133587420393
22595	34.4389523709911
22596	34.4716394609954
22597	34.5115637486808
22598	34.5582780316686
22599	34.6106108624577
22600	34.6683689039106
22601	34.7304014807757
22602	34.795733057076
22603	34.8651935581461
22604	34.9390588882859
22605	35.0175107343053
22606	35.1018512880214
22607	35.1925901212558
22608	35.2899890603045
22609	35.3940263438073
22610	35.5035469575446
22611	35.6145128972988
22612	35.7187929826372
22613	35.8094684335247
22614	35.8879875471333
22615	35.9640613212617
22616	36.0519869282785
22617	36.1600855428107
22618	36.2828426798242
22619	36.4088313984563
22620	36.5302361681227
22621	36.644934996732
22622	36.7495490460901
22623	36.8391932721456
22624	36.9116028492528
22625	36.9662053153192
22626	37.0018281139251
22627	37.0165862595334
22628	37.0100789070567
22629	36.9812452651548
22630	36.929341429684
22631	36.855767706876
22632	36.7615745916494
22633	36.6499294801021
22634	36.5242390809059
22635	36.3852651671431
22636	36.2339623440644
22637	36.0733299497414
22638	35.9063994476092
22639	35.7364202079214
22640	35.5676720572318
22641	35.4034609830146
22642	35.2469817770198
22643	35.1042248619468
22644	34.9777398028917
22645	34.8625636590271
22646	34.7510670050555
22647	34.6324827885846
22648	34.4973877814113
22649	34.3403263500077
22650	34.1580858560259
22651	33.9494836165549
22652	33.7151435877836
22653	33.4573963515335
22654	33.1786834542668
22655	32.8831127473974
22656	32.575271589658
22657	32.259133002486
22658	31.9392504296848
22659	31.6213964935435
22660	31.3094711393674
22661	31.006311991631
22662	30.7180471425701
22663	30.4488772613285
22664	30.1985496391212
22665	29.9670934397708
22666	29.7558030343603
22667	29.5654346052278
22668	29.3984253078523
22669	29.2553952416407
22670	29.1306359466269
22671	29.0211506914313
22672	28.9272747094313
22673	28.8501366136968
22674	28.7923761265882
22675	28.7535743158369
22676	28.733010228501
22677	28.7274111917513
22678	28.7348142208795
22679	28.7579908439713
22680	28.7995507728617
22681	28.8601153877219
22682	28.9373572135889
22683	29.0299810072173
22684	29.1383629115418
22685	29.2604653304698
22686	29.3924387105869
22687	29.5310311145989
22688	29.6746842198344
22689	29.8218215959906
22690	29.9692837108196
22691	30.1172157297116
22692	30.2684603902125
22693	30.4255331019986
22694	30.5923452595971
22695	30.7732572369085
22696	30.9719023872604
22697	31.1922051245331
22698	31.4403447837347
22699	31.7179871991534
22700	32.0232156552962
22701	32.3559431194377
22702	32.7144452135865
22703	33.0965705302533
22704	33.50076410367
22705	33.9259354078557
22706	34.3678941477831
22707	34.8195556443565
22708	35.2756931831088
22709	35.7341164245222
22710	36.1949442644574
22711	36.6571956391721
22712	37.1151319021006
22713	37.5576802338307
22714	37.97616489962
22715	38.3695896973765
22716	38.7405744732769
22717	39.0896674041302
22718	39.4150708326132
22719	39.7119966688697
22720	39.9870799924227
22721	40.2431568985417
22722	40.4766788735283
22723	40.692628370599
22724	40.8925183982324
22725	41.0782000677024
22726	41.2550167929099
22727	41.4224072666181
22728	41.5759073403584
22729	41.7155813788026
22730	41.8450336106339
22731	41.9656659232992
22732	42.073373059026
22733	42.1669781398643
22734	42.2488337721045
22735	42.3242192663754
22736	42.395096988319
22737	42.4634068429199
22738	42.5318148498626
22739	42.5989571583511
22740	42.6659150271544
22741	42.7327918660598
22742	42.7972965988921
22743	42.8582495321897
22744	42.9157968614107
22745	42.9701312981328
22746	43.0215512183713
22747	43.0705059364378
22748	43.1186651506726
22749	43.168877329235
22750	43.2219845538682
22751	43.2757343466733
22752	43.3277667988892
22753	43.3803439061598
22754	43.4368930576989
22755	43.5001873938081
22756	43.5724583657045
22757	43.6486554344602
22758	43.7219980294503
22759	43.789419952183
22760	43.8519443942276
22761	43.9127873848839
22762	43.9704137782371
22763	44.0226770657597
22764	44.0700760242529
22765	44.1136042272562
22766	44.1533035503749
22767	44.1882089189098
22768	44.2153726747298
22769	44.2375046960874
22770	44.2623249200656
22771	44.2928709761376
22772	44.3295053483456
22773	44.3725745645153
22774	44.4210932089453
22775	44.4716511784325
22776	44.5212790835678
22777	44.568175647944
22778	44.6118570710471
22779	44.6509716621521
22780	44.684686077762
22781	44.7145947155137
22782	44.7424672986527
22783	44.7688969551977
22784	44.7915980128566
22785	44.8079922926441
22786	44.8175638532428
22787	44.8198125842412
22788	44.8147094934914
22789	44.8022341639492
22790	44.7840000867509
22791	44.7624927848939
22792	44.7377533296903
22793	44.7081886232769
22794	44.6723944129296
22795	44.629346575554
22796	44.5782824300701
22797	44.5189974805832
22798	44.4515864514263
22799	44.3776653775723
22800	44.3001437856266
22801	44.220675972338
22802	44.138362044892
22803	44.0544176726536
22804	43.970229453962
22805	43.8852998659181
22806	43.7987682681224
22807	43.7101934919529
22808	43.6199756096032
22809	43.5284258373561
22810	43.4351823056218
22811	43.3392006585007
22812	43.2386420083645
22813	43.1311614014713
22814	43.0177943236296
22815	42.9012857677955
22816	42.7803052012446
22817	42.6536791633745
22818	42.5252118737011
22819	42.3976074089722
22820	42.2706539097222
22821	42.1445988190746
22822	42.019899316199
22823	41.897112927302
22824	41.7771160808108
22825	41.6598016096645
22826	41.5452199156276
22827	41.4348047245597
22828	41.3302447463752
22829	41.2317754304662
22830	41.1393281921054
22831	41.0530170130323
22832	40.9727379527271
22833	40.898583380016
22834	40.8297840232643
22835	40.7656237075862
22836	40.707456450787
22837	40.6558281548085
22838	40.6104695654614
22839	40.5697118367858
22840	40.5307337593043
22841	40.4911524701013
22842	40.4481883514543
22843	40.4010848336699
22844	40.35044700841
22845	40.2940338786158
22846	40.2238926977376
22847	40.1322637484012
22848	40.0133631288626
22849	39.8639415152977
22850	39.683097493219
22851	39.4702765715906
22852	39.2276484464542
22853	38.9591026309695
22854	38.6675001820212
22855	38.3560542150571
22856	38.0306430620202
22857	37.6961735486666
22858	37.3562719906844
22859	37.0156106023782
22860	36.6765393262884
22861	36.3407218577023
22862	36.0111241275513
22863	35.6914629688941
22864	35.384209723207
22865	35.0900138837669
22866	34.8096727923725
22867	34.5427101491485
22868	34.2873766653191
22869	34.0436877837345
22870	33.8122077411042
22871	33.5921175919983
22872	33.3835485552572
22873	33.1871841667607
22874	33.0026998385721
22875	32.829219618253
22876	32.6672547554489
22877	32.515947715196
22878	32.3735878061444
22879	32.2411986503175
22880	32.1188715104749
22881	32.006155564128
22882	31.9028822647992
22883	31.8071148434338
22884	31.7183670117399
22885	31.6370766446028
22886	31.561871141554
22887	31.4903821097611
22888	31.4214190816253
22889	31.3556407902643
22890	31.2946196831152
22891	31.2374165554339
22892	31.1829869974442
22893	31.1332712217501
22894	31.0900997036947
22895	31.0568231796494
22896	31.0394592530747
22897	31.0451808098688
22898	31.081814882332
22899	31.1557501780222
22900	31.2713920835679
22901	31.4318685891588
22902	31.6407681007853
22903	31.8993876476263
22904	32.2065668574452
22905	32.5639162706727
22906	32.973091911357
22907	33.4310586352386
22908	33.932952633372
22909	34.4744648909452
22910	35.0504095841426
22911	35.6547729333568
22912	36.2795399517459
22913	36.918602673575
22914	37.5649825354488
22915	38.2108858588909
22916	38.8513312574819
22917	39.4808927675742
22918	40.0927357298454
22919	40.6809319359546
22920	41.2425856539684
22921	41.7765986373812
22922	42.2803818215827
22923	42.7518802779598
22924	43.191317120801
22925	43.5960506188541
22926	43.962320673476
22927	44.2851683684788
22928	44.5584482149362
22929	44.7817761706319
22930	44.9549320998342
22931	45.0830168080595
22932	45.1791030655041
22933	45.2529628435066
22934	45.3131610105523
22935	45.3692286821442
22936	45.4273004006621
22937	45.4898184127875
22938	45.5570696004697
22939	45.6272141495026
22940	45.6966352588361
22941	45.7594360465105
22942	45.812498888347
22943	45.8547826021425
22944	45.8844075681268
22945	45.9019176219591
22946	45.9105526257871
22947	45.9128211507156
22948	45.9097077794606
22949	45.9015039527575
22950	45.8872747164633
22951	45.8643667723814
22952	45.8321288480975
22953	45.7918279008848
22954	45.7420007292717
22955	45.6829311002113
22956	45.6165807457597
22957	45.5416615288886
22958	45.4548955414803
22959	45.3541515583433
22960	45.2390533761044
22961	45.1101045248116
22962	44.9680909852565
22963	44.8107072121235
22964	44.635758232797
22965	44.4422545521013
22966	44.2290434147964
22967	43.9970309384056
22968	43.7465862818024
22969	43.4772246282233
22970	43.1896754582205
22971	42.8857382366663
22972	42.5675524964972
22973	42.2380942517963
22974	41.9004889819528
22975	41.5584162074604
22976	41.2146679841516
22977	40.8713696340067
22978	40.5311292180766
22979	40.196579849104
22980	39.8703739560194
22981	39.5539978490768
22982	39.2495506335717
22983	38.9575598521139
22984	38.6776552248406
22985	38.4116053671645
22986	38.1621545580038
22987	37.9324669760661
22988	37.7257047736427
22989	37.543910408371
22990	37.393445925662
22991	37.2786530332949
22992	37.1959776531452
22993	37.1449482206993
22994	37.1250500951712
22995	37.132412477036
22996	37.1618193889498
22997	37.2084720395978
22998	37.2691707993882
22999	37.3416043896537
23000	37.4241575188223
23001	37.5153276313843
23002	37.6149791107184
23003	37.7228888869941
23004	37.8365241305155
23005	37.9522898092695
23006	38.0679755533463
23007	38.1860148725321
23008	38.3095596840846
23009	38.4381605473244
23010	38.5729246739928
23011	38.7143452903253
23012	38.861111218144
23013	39.0147296713073
23014	39.1733347464238
23015	39.3351922634478
23016	39.4978730575773
23017	39.6590320463671
23018	39.8175994289037
23019	39.9752138659815
23020	40.1356957117308
23021	40.3030117739527
23022	40.4806249806974
23023	40.6672884972924
23024	40.8603659091343
23025	41.0580842434721
23026	41.2563487707513
23027	41.4506159095038
23028	41.641968065483
23029	41.8310520174206
23030	42.0173876638762
23031	42.1978554267253
23032	42.3681441958929
23033	42.5275143835945
23034	42.6763037469686
23035	42.8159942684977
23036	42.948469600689
23037	43.0721821049085
23038	43.1842978853675
23039	43.2844849560008
23040	43.374706864414
23041	43.4569661381832
23042	43.5329670200897
23043	43.6030053262459
23044	43.6654622200813
23045	43.7208319703054
23046	43.7685452877972
23047	43.8070296132083
23048	43.8342148376083
23049	43.84803241563
23050	43.850282166536
23051	43.8428996227668
23052	43.8261798729161
23053	43.8024167464571
23054	43.7724213071489
23055	43.7350798313869
23056	43.6910829077773
23057	43.642203795696
23058	43.589576019015
23059	43.5314058963142
23060	43.4655699782479
23061	43.3897799427201
23062	43.3041271278669
23063	43.2115623519971
23064	43.1161532026591
23065	43.0205332230752
23066	42.926831866291
23067	42.8392363467754
23068	42.7598270943137
23069	42.6880920467725
23070	42.6226488092
23071	42.5624067373732
23072	42.5065812751151
23073	42.4536256914116
23074	42.4021819265788
23075	42.3501257460881
23076	42.2958201910794
23077	42.2391012576749
23078	42.1789440827593
23079	42.115166047603
23080	42.0486925434178
23081	41.9794982181916
23082	41.9077148143221
23083	41.8328633714593
23084	41.7536829724936
23085	41.669688663002
23086	41.5819477456923
23087	41.4904188050961
23088	41.3923394936968
23089	41.2856791820638
23090	41.1704535393174
23091	41.0478479819514
23092	40.9219608005636
23093	40.7958028638857
23094	40.6663287155584
23095	40.5314611347037
23096	40.3907728675781
23097	40.2419466897086
23098	40.0824945411336
23099	39.9110813926782
23100	39.7269911010054
23101	39.5295195147854
23102	39.3194876156218
23103	39.098395679924
23104	38.8675350304257
23105	38.628830675297
23106	38.3841150603157
23107	38.1356739758325
23108	37.8860883648948
23109	37.6374162524334
23110	37.3922323164048
23111	37.1542993146269
23112	36.9291860301842
23113	36.7278117617766
23114	36.5595849475661
23115	36.4187638396959
23116	36.2991039491993
23117	36.2000519673708
23118	36.1172333567273
23119	36.0509523247457
23120	36.0042044028859
23121	35.9793547883579
23122	35.9788022597285
23123	36.000154837337
23124	36.034289702977
23125	36.0740924989413
23126	36.1195690285719
23127	36.1747341313506
23128	36.2441547302705
23129	36.3250398376494
23130	36.4076203534937
23131	36.4871650558779
23132	36.5665679778645
23133	36.6509963321817
23134	36.7467371062412
23135	36.8538389362025
23136	36.9664423968595
23137	37.077537761217
23138	37.1865187830806
23139	37.299110359938
23140	37.417887388736
23141	37.5389975173638
23142	37.6526790957711
23143	37.7539297865511
23144	37.8396031970185
23145	37.9099705324507
23146	37.9667183742929
23147	38.0069111252209
23148	38.0336940979102
23149	38.0511272100141
23150	38.0603701201656
23151	38.0632369767775
23152	38.0599288942561
23153	38.0520055366644
23154	38.0426532193979
23155	38.0367345690842
23156	38.0379700706152
23157	38.0450560765419
23158	38.0541181997335
23159	38.0627641677264
23160	38.0725857400652
23161	38.0883683608111
23162	38.1127656588489
23163	38.1431511154755
23164	38.1731163724367
23165	38.1987984418476
23166	38.2230559886321
23167	38.2509786024176
23168	38.2841348373285
23169	38.3190955689043
23170	38.3545396162799
23171	38.3897646760428
23172	38.4215459625203
23173	38.4509783624455
23174	38.4804861819978
23175	38.5089043823388
23176	38.5329728120721
23177	38.5517982280478
23178	38.5664445993771
23179	38.5790174081233
23180	38.5910776523308
23181	38.6013545309484
23182	38.6093654259752
23183	38.615598439259
23184	38.621092683726
23185	38.6266629994533
23186	38.6320986805041
23187	38.6376647311397
23188	38.6436921772028
23189	38.6504931937994
23190	38.6578443004469
23191	38.6659406008163
23192	38.6761512502199
23193	38.6886347247684
23194	38.7032747011812
23195	38.7201929409392
23196	38.7392370256663
23197	38.7584501837968
23198	38.7761017416041
23199	38.7928872755853
23200	38.8093620793218
23201	38.8246470772754
23202	38.8384717734221
23203	38.8500222828938
23204	38.8583008620585
23205	38.8620531025259
23206	38.8592697186351
23207	38.850954532065
23208	38.8386809697134
23209	38.8233721146356
23210	38.8088186514363
23211	38.7961612792443
23212	38.7838197123856
23213	38.7716549851465
23214	38.7582727489109
23215	38.7429105337534
23216	38.7269988836038
23217	38.7162998362198
23218	38.7172970915801
23219	38.7328065380068
23220	38.7620937859151
23221	38.8033539230195
23222	38.8565736468814
23223	38.9205376694653
23224	38.9936513690267
23225	39.0735335667559
23226	39.1573978439682
23227	39.2444615177475
23228	39.3318526309517
23229	39.4168287577043
23230	39.5012025556777
23231	39.5888127359859
23232	39.682276756974
23233	39.7834983900546
23234	39.8938798887428
23235	40.0138855850893
23236	40.1437055999488
23237	40.2830650097174
23238	40.4316820202384
23239	40.5892708892848
23240	40.7550114221114
23241	40.9257764663789
23242	41.0979023689424
23243	41.2708714970216
23244	41.4445613265167
23245	41.6175851337208
23246	41.7895407543633
23247	41.9593949100182
23248	42.1256428445405
23249	42.2874700207836
23250	42.4442948490426
23251	42.5951412575976
23252	42.7411613540786
23253	42.8818900936149
23254	43.0123965965974
23255	43.1239102272137
23256	43.2046341350882
23257	43.2495290429203
23258	43.2549854704576
23259	43.2131453871164
23260	43.1201298186048
23261	42.9834927773754
23262	42.8172022353799
23263	42.6290351358095
23264	42.4196997209957
23265	42.1876044945315
23266	41.930836182301
23267	41.6517786609828
23268	41.3589758861796
23269	41.0585389010202
23270	40.7487026471963
23271	40.4231237194007
23272	40.0844704450868
23273	39.7447079727079
23274	39.4115046248179
23275	39.0858519805593
23276	38.7658103056501
23277	38.4476551407026
23278	38.1329022489844
23279	37.8268861752931
23280	37.5338639021947
23281	37.2550580695817
23282	36.9849736002879
23283	36.7176849210051
23284	36.4539309367999
23285	36.2035779814317
23286	35.9745165262028
23287	35.7680288198915
23288	35.581217969749
23289	35.4073425238545
23290	35.2415153962663
23291	35.0847810753635
23292	34.9443923542263
23293	34.8252281434463
23294	34.7259245518141
23295	34.6406518922299
23296	34.5653863488096
23297	34.502869922142
23298	34.4564608564765
23299	34.4254912631945
23300	34.4031800279802
23301	34.3831823177996
23302	34.3657376000255
23303	34.355878766258
23304	34.3569724076214
23305	34.3645372364269
23306	34.3721274907077
23307	34.379793462594
23308	34.3963664693983
23309	34.4290311943321
23310	34.4726919353811
23311	34.5161421462472
23312	34.5532965044815
23313	34.5902571285286
23314	34.637429034297
23315	34.6949305084812
23316	34.7530371065088
23317	34.8011451731524
23318	34.8354828470756
23319	34.8602729988988
23320	34.8819547016162
23321	34.9055815513692
23322	34.9337040562909
23323	34.9655431721136
23324	34.9966818630892
23325	35.0245409617911
23326	35.0523889463821
23327	35.0837621800178
23328	35.1187613261824
23329	35.1570944949954
23330	35.1996144311547
23331	35.2475744830067
23332	35.3024168627261
23333	35.3658154288338
23334	35.4369033673878
23335	35.5096331328821
23336	35.5797021263693
23337	35.6493200198425
23338	35.7227829968647
23339	35.8036154241995
23340	35.8936716559954
23341	35.9926084250771
23342	36.0997273343333
23343	36.2208132185902
23344	36.3609629651409
23345	36.5201872824791
23346	36.6993373624007
23347	36.9004335479114
23348	37.1246152890711
23349	37.3734182484819
23350	37.6474418641228
23351	37.9463583502094
23352	38.2676098032105
23353	38.6053611154512
23354	38.9554112564037
23355	39.3130709887799
23356	39.6714797321725
23357	40.0220543213796
23358	40.3590922364775
23359	40.6760675987353
23360	40.9648154805199
23361	41.2185024589793
23362	41.4422319035248
23363	41.6452282963828
23364	41.8345754800348
23365	42.0191919084214
23366	42.2040165802766
23367	42.3930397694314
23368	42.5896260284615
23369	42.7947419177333
23370	43.0083994487784
23371	43.2301189239436
23372	43.4574912917219
23373	43.6884201633247
23374	43.9210081390788
23375	44.1519373190254
23376	44.3787491527092
23377	44.6004948246121
23378	44.8167516344022
23379	45.0265758176478
23380	45.2294305299938
23381	45.4278319772658
23382	45.6235424547967
23383	45.8135825640595
23384	45.9927736543515
23385	46.1578736769565
23386	46.3010329978171
23387	46.4153978815352
23388	46.5067836961489
23389	46.5824019769247
23390	46.6429673948461
23391	46.6907045773316
23392	46.7275417145726
23393	46.7522319336862
23394	46.7625855021652
23395	46.7559186137413
23396	46.7326588036399
23397	46.6973677386042
23398	46.6507075449352
23399	46.5920989027938
23400	46.5221869828731
23401	46.4398812852748
23402	46.3445149072074
23403	46.2406843753005
23404	46.1313162244605
23405	46.0183661893428
23406	45.9088989965118
23407	45.8066943947958
23408	45.7141208934636
23409	45.6332074442807
23410	45.5642604920124
23411	45.5069880092219
23412	45.4608816929911
23413	45.4253739256627
23414	45.3994457409853
23415	45.3823657827677
23416	45.3730227642156
23417	45.369683579595
23418	45.3698529743324
23419	45.3692695544183
23420	45.3634423630863
23421	45.3487140462269
23422	45.3229654801252
23423	45.2845593000523
23424	45.2322571869069
23425	45.1648646148218
23426	45.0801270587434
23427	44.9774521358708
23428	44.8577207941417
23429	44.7221658878186
23430	44.5730146117215
23431	44.4139887230692
23432	44.2472435110302
23433	44.0739175434056
23434	43.8974030500095
23435	43.718109677393
23436	43.5368808346139
23437	43.3552192867618
23438	43.1738584879551
23439	42.9955133991221
23440	42.8221699154506
23441	42.6562377097791
23442	42.4997956761163
23443	42.3533446209144
23444	42.2169245892019
23445	42.0907157337694
23446	41.9750202252698
23447	41.8695401829581
23448	41.7741451436718
23449	41.6880320851203
23450	41.6090579447012
23451	41.5363801526838
23452	41.4706475493495
23453	41.4123234953677
23454	41.3609340633264
23455	41.3159244703169
23456	41.2766544579334
23457	41.2431199863726
23458	41.2159829516376
23459	41.1951509721996
23460	41.1799365151662
23461	41.1700979030922
23462	41.1649186119037
23463	41.163653352097
23464	41.1655121180803
23465	41.1719009926501
23466	41.1842202938516
23467	41.1988227535945
23468	41.2123599473511
23469	41.2236305844918
23470	41.2311476873003
23471	41.2331594324777
23472	41.2290366488975
23473	41.2194581580282
23474	41.2053183659058
23475	41.1865998811169
23476	41.1625178956292
23477	41.1322000375989
23478	41.0959160726986
23479	41.0549227060464
23480	41.0093309766919
23481	40.9592284794988
23482	40.9058201834852
23483	40.8489542310695
23484	40.7873939725388
23485	40.7219973823957
23486	40.6552074973439
23487	40.588103054619
23488	40.5205499345403
23489	40.4523292741635
23490	40.3839389366194
23491	40.3154203658488
23492	40.2463683002014
23493	40.1770730535419
23494	40.1082968331098
23495	40.0406160536088
23496	39.9728110648736
23497	39.9039923321056
23498	39.8350848572015
23499	39.7679014498244
23500	39.7040778819938
23501	39.6436176867904
23502	39.5856474589688
23503	39.5303501035866
23504	39.4786599438546
23505	39.4300112583751
23506	39.3826082312907
23507	39.3359162748846
23508	39.2900249447051
23509	39.2444131797232
23510	39.1999447495477
23511	39.1577693004993
23512	39.116995219844
23513	39.0777721294937
23514	39.0408090510097
23515	39.0064684834697
23516	38.9750429512205
23517	38.9453259934051
23518	38.9168779404859
23519	38.890115415809
23520	38.8659703267871
23521	38.8451522190904
23522	38.8255989341325
23523	38.8063745331016
23524	38.786829325581
23525	38.7658585214133
23526	38.7430137789363
23527	38.7193202318861
23528	38.6976411769601
23529	38.6814007100696
23530	38.6740245127936
23531	38.6767176894782
23532	38.6896236663576
23533	38.7133811799373
23534	38.7473369214269
23535	38.7897909921195
23536	38.8406089037524
23537	38.8995694648353
23538	38.9660850069235
23539	39.0402777571707
23540	39.1221991960908
23541	39.2104640015252
23542	39.3047178611643
23543	39.405052397793
23544	39.5093314851606
23545	39.6155635366934
23546	39.722906142099
23547	39.8317135042141
23548	39.9424495520877
23549	40.0547383610272
23550	40.1673378868775
23551	40.2805151664654
23552	40.3946538502912
23553	40.5077011152155
23554	40.6175206185154
23555	40.7240898361576
23556	40.8282327099148
23557	40.9297115419231
23558	41.0287993203588
23559	41.1261267017091
23560	41.2214818731731
23561	41.3136633206089
23562	41.4023621930892
23563	41.4881634507967
23564	41.5702033351802
23565	41.6478823170824
23566	41.7218215911911
23567	41.7935153866135
23568	41.8631295363401
23569	41.9294528411017
23570	41.9920913216014
23571	42.0507311400664
23572	42.1049231980209
23573	42.1556073130067
23574	42.2031918221148
23575	42.2471395568261
23576	42.2880762370779
23577	42.3251644771669
23578	42.3571991836169
23579	42.3853617983618
23580	42.4112659912726
23581	42.4362685479918
23582	42.4620976161332
23583	42.4882639914598
23584	42.5114839326649
23585	42.5268599490321
23586	42.5297391011482
23587	42.5156925842554
23588	42.481545366047
23589	42.4248812667833
23590	42.3429634301864
23591	42.2325780233505
23592	42.091871059904
23593	41.9202208766096
23594	41.7171139153935
23595	41.4851784653633
23596	41.2291005515688
23597	40.9514514120055
23598	40.6538739611123
23599	40.3393205942903
23600	40.0103877679806
23601	39.6706684734052
23602	39.3245271733557
23603	38.9743836884482
23604	38.6227427574634
23605	38.2732626087204
23606	37.9293185219215
23607	37.592440607867
23608	37.2633984316482
23609	36.9437132382756
23610	36.6350706411609
23611	36.3397510520836
23612	36.060317214206
23613	35.7982173539446
23614	35.552977583487
23615	35.3242370623034
23616	35.1117588309733
23617	34.9162155175512
23618	34.7390615722715
23619	34.5794769528462
23620	34.4355978568199
23621	34.3057049137625
23622	34.1882557982155
23623	34.0817642939829
23624	33.9850285696914
23625	33.8962339471251
23626	33.8150634130732
23627	33.7417263968353
23628	33.6749947783094
23629	33.6141699798435
23630	33.5600152464035
23631	33.5120911758945
23632	33.4694680330445
23633	33.4325260917702
23634	33.4006258702668
23635	33.3727819603963
23636	33.3496807660879
23637	33.3324428894035
23638	33.321208804763
23639	33.314851099191
23640	33.3104795594906
23641	33.3068268269277
23642	33.3045571073963
23643	33.303389796444
23644	33.3041837199416
23645	33.3085009178237
23646	33.3173678602485
23647	33.3369186022271
23648	33.3739620575032
23649	33.4315690411508
23650	33.5116995310245
23651	33.6146236580617
23652	33.7389242761361
23653	33.8849069212071
23654	34.052717148674
23655	34.2404733252187
23656	34.4478197000867
23657	34.6733348536993
23658	34.9160682491444
23659	35.1756954609276
23660	35.4489431268702
23661	35.7337513999105
23662	36.0292038597543
23663	36.3332590937894
23664	36.6446571905268
23665	36.9606781680818
23666	37.2784295867897
23667	37.5962310349184
23668	37.9114586253554
23669	38.2213668324348
23670	38.5239856243227
23671	38.8179403970097
23672	39.1022257378935
23673	39.3765335097374
23674	39.6406209152487
23675	39.8930249478661
23676	40.1317512350189
23677	40.3566656065165
23678	40.5687015878802
23679	40.7678325874411
23680	40.9541031973141
23681	41.1274588362984
23682	41.2874903094868
23683	41.4327100026786
23684	41.5630004683257
23685	41.6796817018086
23686	41.7830051371912
23687	41.8732504992967
23688	41.9519480042188
23689	42.0211570150617
23690	42.0815098491335
23691	42.1338333761877
23692	42.179992130999
23693	42.2206086684193
23694	42.2560894923633
23695	42.286859792279
23696	42.3132209714416
23697	42.3365594948247
23698	42.3571463091307
23699	42.3745380170319
23700	42.3884264541635
23701	42.3987552379051
23702	42.4060766328982
23703	42.4110327883068
23704	42.4133480984955
23705	42.4150870360161
23706	42.4201830663719
23707	42.4310112116529
23708	42.447891419225
23709	42.4661658005612
23710	42.4804768166284
23711	42.4895149448794
23712	42.4944994005936
23713	42.4969975211892
23714	42.4982675099254
23715	42.4979500394258
23716	42.4950119408763
23717	42.4900989514772
23718	42.4834545339814
23719	42.4752767196657
23720	42.4660058391149
23721	42.4550545974582
23722	42.4415422494064
23723	42.4255845539781
23724	42.4070867463526
23725	42.3847829868318
23726	42.3585002310013
23727	42.3291003964971
23728	42.2966556487056
23729	42.2608202565406
23730	42.2214699767106
23731	42.1803925326937
23732	42.1390923983076
23733	42.097831727367
23734	42.0559501963923
23735	42.0128897620813
23736	41.9696740392393
23737	41.9257690189161
23738	41.8800252658456
23739	41.8323497891055
23740	41.7839349450957
23741	41.7355618884483
23742	41.6872848102924
23743	41.6389276178023
23744	41.5915317946305
23745	41.546521243481
23746	41.503260709106
23747	41.4608769806579
23748	41.4188723708804
23749	41.3782202529343
23750	41.3392049839985
23751	41.3008915607425
23752	41.2624553960607
23753	41.2239444764404
23754	41.1853892949778
23755	41.1467733779152
23756	41.1081754250343
23757	41.0691567614548
23758	41.0298816529769
23759	40.9886986915843
23760	40.9455728811613
23761	40.9018322090232
23762	40.8574946998524
23763	40.812856953785
23764	40.7675469572843
23765	40.7213601253233
23766	40.6753333803483
23767	40.6296611573419
23768	40.5836403642538
23769	40.538736826322
23770	40.4954390997872
23771	40.4539935669136
23772	40.4131035369209
23773	40.3678655067267
23774	40.3170275550931
23775	40.2602257074023
23776	40.1974541944473
23777	40.1302032322356
23778	40.0568628363507
23779	39.9763542401442
23780	39.8884350876483
23781	39.7929915949041
23782	39.69036156531
23783	39.5809882180715
23784	39.4646830036248
23785	39.3410999959855
23786	39.2125779477157
23787	39.0808605187169
23788	38.9466982008568
23789	38.8112649411925
23790	38.67569773408
23791	38.5409069446742
23792	38.4081066567724
23793	38.2775179742408
23794	38.1481366040541
23795	38.0201569356371
23796	37.8948143155173
23797	37.7729763735973
23798	37.6552055478709
23799	37.5426789774899
23800	37.435509326949
23801	37.3335123633992
23802	37.2376629057792
23803	37.1482125179563
23804	37.0641811373178
23805	36.9848707170068
23806	36.9092000191877
23807	36.8360074382639
23808	36.7657055292485
23809	36.699644165808
23810	36.6384153562907
23811	36.5816657766547
23812	36.529362059539
23813	36.4807422698282
23814	36.4349303259418
23815	36.3924297623978
23816	36.3528549209391
23817	36.3150792764636
23818	36.2785720542901
23819	36.2439933027684
23820	36.2128360716173
23821	36.184892404934
23822	36.1586321742697
23823	36.1323288952552
23824	36.1066395568377
23825	36.0841265888301
23826	36.0642631725318
23827	36.0472940972702
23828	36.0338832728843
23829	36.0229717024203
23830	36.0142041696686
23831	36.0062591757638
23832	35.999481298407
23833	35.9950263219444
23834	35.992322894889
23835	35.9925222136853
23836	36.0007100867391
23837	36.0213622570022
23838	36.0559573370538
23839	36.1067397611638
23840	36.1741656614363
23841	36.254942460468
23842	36.3461254570055
23843	36.446527945772
23844	36.5534726145295
23845	36.6649518426509
23846	36.7811687922868
23847	36.9008485666481
23848	37.0234860093934
23849	37.1488391494989
23850	37.2752917492288
23851	37.4033386181421
23852	37.5338446284975
23853	37.6655368068758
23854	37.7974820068273
23855	37.9293915118153
23856	38.061301968097
23857	38.1935301844614
23858	38.325213405398
23859	38.4555152291896
23860	38.5836073048842
23861	38.7097308192908
23862	38.8336535173454
23863	38.9546818585047
23864	39.0730558743155
23865	39.1874759961781
23866	39.2971699465238
23867	39.402327402257
23868	39.5041839338562
23869	39.6037731149019
23870	39.700272004571
23871	39.7927299235684
23872	39.8797687695743
23873	39.9601406888802
23874	40.0350518380793
23875	40.1053868875229
23876	40.1709010726746
23877	40.2321833668929
23878	40.2893970171578
23879	40.3423229899164
23880	40.3900680933824
23881	40.4331971325998
23882	40.4735546982614
23883	40.5114021071827
23884	40.5466655231869
23885	40.5786211270663
23886	40.6054904150708
23887	40.627682876886
23888	40.647374160476
23889	40.6661666038217
23890	40.684121194205
23891	40.7004415673045
23892	40.7144150201676
23893	40.7256439033275
23894	40.7335296847239
23895	40.7367368063467
23896	40.7335993691066
23897	40.722315713174
23898	40.7028136632965
23899	40.6770790834625
23900	40.647175881188
23901	40.6143485410622
23902	40.5789420539826
23903	40.5411434874926
23904	40.5018156141621
23905	40.4622323985733
23906	40.4222921304841
23907	40.3805492549362
23908	40.3370797705708
23909	40.2943981170568
23910	40.2531673390964
23911	40.213001430035
23912	40.1747053275021
23913	40.1378138947858
23914	40.1030740664745
23915	40.071384726877
23916	40.0427989983784
23917	40.0181769920996
23918	39.9969302959977
23919	39.9778677601409
23920	39.9603284318138
23921	39.9446312469037
23922	39.9311346062471
23923	39.9186409555147
23924	39.9059148708404
23925	39.8938085902016
23926	39.8823627358983
23927	39.8695234260797
23928	39.8564205817303
23929	39.844066556201
23930	39.8323654128902
23931	39.8223360124549
23932	39.8144626158102
23933	39.8075759272179
23934	39.8003143970677
23935	39.7929117046182
23936	39.7858784623651
23937	39.7794439532
23938	39.7740916497047
23939	39.7696947826452
23940	39.7648876982136
23941	39.7593509690291
23942	39.7536651216086
23943	39.7482316160913
23944	39.7443082623865
23945	39.7422720063599
23946	39.741138437282
23947	39.7414305821455
23948	39.7427390987381
23949	39.7462385492817
23950	39.7548368849219
23951	39.7700775869568
23952	39.7931322923035
23953	39.8231428364029
23954	39.8593310297214
23955	39.9001371714792
23956	39.941112226333
23957	39.9791411642987
23958	40.0107362381097
23959	40.0317674440231
23960	40.0410736769488
23961	40.0380524632842
23962	40.0218400227596
23963	39.9920762920325
23964	39.948750117319
23965	39.8932256228497
23966	39.8261910369602
23967	39.7483581510052
23968	39.660636685083
23969	39.5639144240561
23970	39.4599702295109
23971	39.3501412928968
23972	39.2360274050165
23973	39.1188065380349
23974	38.9988709013882
23975	38.8765089344169
23976	38.7526836898322
23977	38.628332369113
23978	38.5046651966735
23979	38.3820917614575
23980	38.2603312064253
23981	38.1410378225408
23982	38.0266437305246
23983	37.9185974926754
23984	37.8177292735759
23985	37.7243672968223
23986	37.6389951868036
23987	37.5618928385974
23988	37.4923560210944
23989	37.4291449233798
23990	37.3710430692469
23991	37.3186116586131
23992	37.272624940166
23993	37.233952660362
23994	37.2031961415979
23995	37.1788605387293
23996	37.1601800663531
23997	37.1469688137392
23998	37.139526420264
23999	37.1378573576268
24000	37.1404377299434
24001	37.147228501948
24002	37.1532465892512
24003	37.1548378744424
24004	37.1547219854473
24005	37.1550316542863
24006	37.147109007974
24007	37.1304006045435
24008	37.1158122241693
24009	37.1045271946431
24010	37.0987247162281
24011	37.1045460945825
24012	37.1241531509867
24013	37.1564535053562
24014	37.1993262152502
24015	37.2495442445604
24016	37.3027473534204
24017	37.3559387797043
24018	37.4078424257156
24019	37.4554405077439
24020	37.4949196312041
24021	37.5242916295696
24022	37.5409235070287
24023	37.5407563123608
24024	37.5213800340006
24025	37.4807810841711
24026	37.4175842431448
24027	37.3312335407725
24028	37.2209023369497
24029	37.0872499114013
24030	36.93133440319
24031	36.7542517075866
24032	36.5574349589315
24033	36.3412809714461
24034	36.1060089853185
24035	35.8529221689492
24036	35.5826240393312
24037	35.2941773593919
24038	34.9871053174847
24039	34.6610306631892
24040	34.3156686059059
24041	33.9530607648102
24042	33.5754910735869
24043	33.1843163123776
24044	32.7812576528402
24045	32.3679557404266
24046	31.9454179242297
24047	31.5148877466431
24048	31.0768088337134
24049	30.6327764235714
24050	30.1843709253656
24051	29.7322693273616
24052	29.2761639164502
24053	28.8169178700082
24054	28.3551501724619
24055	27.8898051501015
24056	27.4220043109211
24057	26.9510170963636
24058	26.4759981037978
24059	25.9963734460098
24060	25.5101507806033
24061	25.0164093043423
24062	24.5155961352456
24063	24.0083578285062
24064	23.4934144284456
24065	22.9723492705289
24066	22.4483216099622
24067	21.9226273156139
24068	21.3958050479906
24069	20.8693828309188
24070	20.3435028809274
24071	19.8194258107409
24072	19.2992800497325
24073	18.7827157522778
24074	18.2697788444092
24075	17.7591998249129
24076	17.2513580742676
24077	16.7495507052645
24078	16.2553553840756
24079	15.7656870876798
24080	15.2787592088923
24081	14.7966455243617
24082	14.3214251389235
24083	13.8532067041895
24084	13.3913511258957
24085	12.9345504975867
24086	12.4809967040138
24087	12.0325886479532
24088	11.5891703407395
24089	11.1455891742327
24090	10.7004367335474
24091	10.2555583587028
24092	9.81097621589666
24093	9.3678683903537
24094	8.92729710180361
24095	8.4882571693589
24096	8.05128037215738
24097	7.61759570876703
24098	7.18786762101062
24099	6.76312296855822
24100	6.34305969972722
24101	5.92396648361088
24102	5.50541773369397
24103	5.08820147205578
24104	4.67072668276279
24105	4.25615621249071
24106	3.84909075030834
24107	3.44859574998435
24108	3.05360988200765
24109	2.66652354689915
24110	2.28600049854556
24111	1.91405311731545
24112	1.55478294592285
24113	1.20589628981305
24114	0.860872887786248
24115	0.518891771784984
24116	0.182655307974655
24117	-0.144422465599989
24118	-0.459317001137975
24119	-0.769120966159297
24120	-1.07507975832911
24121	-1.37375646403555
24122	-1.66413211524528
24123	-1.94263678915687
24124	-2.20647764391238
24125	-2.45821464427561
24126	-2.70349160707854
24127	-2.94065591982676
24128	-3.16781740899365
24129	-3.38680185917563
24130	-3.59486763181543
24131	-3.78992256124047
24132	-3.97447167192285
24133	-4.14028361976144
24134	-4.27962271020615
24135	-4.3905279427947
24136	-4.47446482956688
24137	-4.52358738440631
24138	-4.51413517576317
24139	-4.43256179517192
24140	-4.24249241343403
24141	-3.89254206407888
24142	-3.41265220608219
24143	-2.8753869757965
24144	-2.24651247730279
24145	-1.34542368360614
24146	-0.383202250783331
24147	0.0803216541689283
24148	0.229566297551229
24149	0.477729580784417
24150	0.870721937918688
24151	1.37247619453705
24152	1.96958586488481
24153	2.60653629341557
24154	3.27561122422205
24155	3.97198393524841
24156	4.65487567386179
24157	5.31170274883974
24158	5.94566981468738
24159	6.55997126243478
24160	7.1521008695097
24161	7.71781654826301
24162	8.25236271215812
24163	8.75122060985796
24164	9.21319517649195
24165	9.64036866493371
24166	10.0363644145954
24167	10.4003735515472
24168	10.7294245688993
24169	11.0252883419471
24170	11.2910404494801
24171	11.5216466784653
24172	11.6950979201866
24173	11.7957588057408
24174	11.8156053196694
24175	11.748765442704
24176	11.5898009855054
24177	11.3332509113876
24178	10.9711244664461
24179	10.5012536643674
24180	9.93046561334752
24181	9.25857811708348
24182	8.47933646772826
24183	7.58988301834307
24184	6.61940751971278
24185	5.61944805988547
24186	4.59078781224472
24187	3.56272014879554
24188	2.60825140457823
24189	1.72874891288447
24190	0.924311471300677
24191	0.195712760230989
24192	-0.467382782422179
24193	-1.05534415516306
24194	-1.56387140697984
24195	-1.99470378520708
24196	-2.35424426345124
24197	-2.64826814641781
24198	-2.87902752910462
24199	-3.0470128655922
24200	-3.156115521005
24201	-3.22916002341233
24202	-3.27114686437037
24203	-3.28334636143381
24204	-3.2752442569192
24205	-3.25381749802567
24206	-3.2369068387244
24207	-3.24091969443852
24208	-3.25794230536324
24209	-3.28751438692183
24210	-3.33184742244713
24211	-3.3909259890098
24212	-3.46585634330728
24213	-3.54949065601549
24214	-3.64557125584905
24215	-3.76202666130763
24216	-3.90435818340122
24217	-4.07755746883158
24218	-4.28446908514515
24219	-4.52190277787537
24220	-4.78365320442652
24221	-5.05634524566722
24222	-5.32666162206725
24223	-5.58659098552396
24224	-5.82339416599457
24225	-6.02717862690823
24226	-6.19886968944693
24227	-6.33556039795627
24228	-6.43279040521618
24229	-6.49391111956748
24230	-6.51867672863223
24231	-6.50487129447753
24232	-6.45717019993918
24233	-6.38175689910537
24234	-6.28039417511668
24235	-6.15312726270534
24236	-6.00482767129462
24237	-5.84094402967397
24238	-5.65297431809802
24239	-5.44767597154807
24240	-5.24740710048956
24241	-5.06351377831825
24242	-4.9041713666993
24243	-4.77146253243958
24244	-4.66226221255889
24245	-4.57911690928817
24246	-4.52021725797882
24247	-4.47579950868727
24248	-4.44075805643751
24249	-4.41946804094407
24250	-4.41401046987507
24251	-4.41474479550605
24252	-4.41982493675413
24253	-4.43131580812806
24254	-4.43905341665961
24255	-4.43109799546961
24256	-4.40627344707789
24257	-4.36432195053217
24258	-4.30372589735987
24259	-4.218663229816
24260	-4.09342816079874
24261	-3.90970248773024
24262	-3.64919253733366
24263	-3.29661223238862
24264	-2.843678306125
24265	-2.28815959324188
24266	-1.63166568677972
24267	-0.878662570012188
24268	-0.0350395802054995
24269	0.88654166277306
24270	1.86939019977113
24271	2.88942080891098
24272	3.91981196735017
24273	4.93900094313286
24274	5.91048471537729
24275	6.81834483211109
24276	7.6639733270021
24277	8.45781267166047
24278	9.21845672829364
24279	9.94362937670377
24280	10.6324380363156
24281	11.2953586443862
24282	11.9331307121287
24283	12.5384418115993
24284	13.1132816982941
24285	13.6603386493186
24286	14.1770514364211
24287	14.6642373398197
24288	15.12153457166
24289	15.5458468698837
24290	15.935766734701
24291	16.2881749705692
24292	16.6057883097696
24293	16.8897797446642
24294	17.1381144114477
24295	17.3546690733754
24296	17.5421611058595
24297	17.6960129955208
24298	17.8162846783654
24299	17.9042904426876
24300	17.9518898576434
24301	17.9607084142525
24302	17.9380731036881
24303	17.8846110951457
24304	17.8072115889401
24305	17.7140356384945
24306	17.6106662715702
24307	17.500642844243
24308	17.3895492317143
24309	17.2829643980874
24310	17.1811738331586
24311	17.083469442871
24312	16.9891253552516
24313	16.9000483966714
24314	16.8171415310016
24315	16.738013665185
24316	16.6623660560131
24317	16.5905038898181
24318	16.519662019509
24319	16.4484133704596
24320	16.3791210074047
24321	16.3140010650341
24322	16.2529559773135
24323	16.1938584255857
24324	16.1346222209453
24325	16.0739026479458
24326	16.0097971269501
24327	15.942108027539
24328	15.8665641397985
24329	15.7781722127572
24330	15.6746189186257
24331	15.5471280755825
24332	15.3859284493179
24333	15.190453592999
24334	14.9614237272745
24335	14.6985780291935
24336	14.4048197792107
24337	14.082043338926
24338	13.7315730279993
24339	13.3563784210961
24340	12.9598933645994
24341	12.546762468951
24342	12.12397314391
24343	11.6972250475373
24344	11.2691824629316
24345	10.8438928649158
24346	10.4280766757237
24347	10.0258357950753
24348	9.64062351448219
24349	9.2759441245613
24350	8.93361337489645
24351	8.6132345710764
24352	8.31609413962547
24353	8.0423121665394
24354	7.78938880838822
24355	7.55542003651261
24356	7.33835175280576
24357	7.13673742458349
24358	6.95085820876826
24359	6.78112826047347
24360	6.62656017857821
24361	6.48798964467025
24362	6.36633110341563
24363	6.25826991052335
24364	6.16227178673432
24365	6.07770245845247
24366	6.0018769703008
24367	5.93315840463329
24368	5.86979598874469
24369	5.81245948908045
24370	5.76357146679196
24371	5.72301645290656
24372	5.69551716595955
24373	5.68678458865882
24374	5.70272211079597
24375	5.74879135912869
24376	5.8259289745717
24377	5.93516303521971
24378	6.07484713653321
24379	6.24024036037562
24380	6.42964290778777
24381	6.64520041766916
24382	6.88366945344252
24383	7.14338589172812
24384	7.42490815656094
24385	7.72494134856717
24386	8.04140856546
24387	8.37177668600054
24388	8.71328949156134
24389	9.06528024934564
24390	9.42526235681439
24391	9.79069549025253
24392	10.1610900822843
24393	10.535185423461
24394	10.9088345699748
24395	11.2786883499676
24396	11.6435768295498
24397	12.0014586086933
24398	12.3494261097051
24399	12.684048093634
24400	13.0043635827511
24401	13.3107761792418
24402	13.6025347751002
24403	13.8790187353664
24404	14.1408697512648
24405	14.3881194834548
24406	14.6204835507084
24407	14.8370565361264
24408	15.0378712788793
24409	15.224529054935
24410	15.4004804128914
24411	15.5679707761669
24412	15.7256962125378
24413	15.8742685623734
24414	16.0159988252832
24415	16.1518378439127
24416	16.2815880462392
24417	16.4055529878512
24418	16.5251348013743
24419	16.6404078571989
24420	16.7505336802921
24421	16.8560530437956
24422	16.9584393237776
24423	17.0579551983558
24424	17.1552061697861
24425	17.2516782546522
24426	17.3460427267757
24427	17.4349759510031
24428	17.5190290188912
24429	17.5998822307291
24430	17.6774601339774
24431	17.7528956241316
24432	17.8256157646125
24433	17.8942593114873
24434	17.9599378296968
24435	18.0240710236731
24436	18.088298498555
24437	18.1517614294306
24438	18.2120359048
24439	18.269370740171
24440	18.3254854645179
24441	18.3815729171302
24442	18.4370323822208
24443	18.4913386903369
24444	18.5411913767839
24445	18.5821271812646
24446	18.6055123864462
24447	18.6053419015707
24448	18.5789549503056
24449	18.5199962057976
24450	18.4238435486843
24451	18.2880180536703
24452	18.1121770918047
24453	17.8980710443379
24454	17.6478864407339
24455	17.3630963053594
24456	17.0453348018157
24457	16.7001389858512
24458	16.3313178303232
24459	15.9426305594179
24460	15.5389813866703
24461	15.1233390011915
24462	14.7018376197703
24463	14.2800834665546
24464	13.8609254809204
24465	13.4508618964284
24466	13.0554643076121
24467	12.6762485791298
24468	12.3150006107463
24469	11.9744379654497
24470	11.6583260408869
24471	11.3665028131597
24472	11.0963554905289
24473	10.8487485668394
24474	10.623048778814
24475	10.4171224608326
24476	10.2305919854288
24477	10.0626914532572
24478	9.91145328437723
24479	9.77418749682074
24480	9.6510432662649
24481	9.54414136798704
24482	9.45248737046751
24483	9.37151746979952
24484	9.29957628407079
24485	9.23759334734334
24486	9.18710553122328
24487	9.14844190567181
24488	9.11969422090753
24489	9.09956772897193
24490	9.08689485831207
24491	9.08144978191108
24492	9.0822962991111
24493	9.08965715548526
24494	9.103659489363
24495	9.12241906200656
24496	9.1462278331381
24497	9.1773131578887
24498	9.21510098624497
24499	9.25993748829919
24500	9.31234478072207
24501	9.37659862014952
24502	9.45953185281121
24503	9.56664706989817
24504	9.70338966377989
24505	9.87831610983832
24506	10.1076063444909
24507	10.4042273324502
24508	10.7777726919878
24509	11.2341906140691
24510	11.7733392857834
24511	12.3921954785005
24512	13.0825614660718
24513	13.8339363046718
24514	14.634097238166
24515	15.4673083884719
24516	16.3182062037594
24517	17.1728047273003
24518	18.0223302339956
24519	18.8537633702399
24520	19.6550613039345
24521	20.4176685308839
24522	21.1391663145571
24523	21.8150429667812
24524	22.4427520880933
24525	23.0271270442048
24526	23.5620826942876
24527	24.0489402383338
24528	24.4960093638155
24529	24.9092649209045
24530	25.2942177673784
24531	25.658022371585
24532	26.0058427929249
24533	26.3349950290723
24534	26.6449970949214
24535	26.9329700164888
24536	27.1942426079286
24537	27.4292749792786
24538	27.6424772517527
24539	27.8377338027274
24540	28.0147485190085
24541	28.1716021130937
24542	28.3071259801975
24543	28.4191832197552
24544	28.5062436519079
24545	28.5703113405441
24546	28.6151866179845
24547	28.6463983267196
24548	28.6668453163645
24549	28.6799362472884
24550	28.689592114257
24551	28.6931717734226
24552	28.686289432787
24553	28.6677049683319
24554	28.633714497921
24555	28.577160477569
24556	28.4945884078433
24557	28.3889796847363
24558	28.2624543866343
24559	28.1203993581612
24560	27.966943523591
24561	27.8009078684473
24562	27.618798741744
24563	27.413493255463
24564	27.1795563629699
24565	26.9112683209495
24566	26.6028976472838
24567	26.2494203171237
24568	25.8478590984375
24569	25.3983336119297
24570	24.9018439642398
24571	24.360981476206
24572	23.7824303090625
24573	23.1742637898071
24574	22.5438384889982
24575	21.9002440771881
24576	21.2515278497995
24577	20.6055013542353
24578	19.9729862772146
24579	19.3633365841501
24580	18.7816093860468
24581	18.2293893871939
24582	17.7108390877403
24583	17.23737064687
24584	16.8225362483352
24585	16.4725650508791
24586	16.1877211111145
24587	15.9585715106885
24588	15.7599520952835
24589	15.5667108570142
24590	15.36460009584
24591	15.1436185512406
24592	14.898633009907
24593	14.6368823962129
24594	14.3778643698528
24595	14.1319290489858
24596	13.8957349594184
24597	13.6655068972002
24598	13.435438935985
24599	13.2005768072054
24600	12.9586838974083
24601	12.7130174814967
24602	12.4735940415606
24603	12.2518043266725
24604	12.0503833352275
24605	11.8634507362133
24606	11.6833906897968
24607	11.5058256842357
24608	11.3388434634546
24609	11.1932617331282
24610	11.0734255189635
24611	10.9783916868854
24612	10.9006757027956
24613	10.8344063118108
24614	10.7791390925907
24615	10.7352735832375
24616	10.7061169270653
24617	10.688943872328
24618	10.6770467831043
24619	10.6688037856922
24620	10.666382862227
24621	10.6753758938467
24622	10.7025511721144
24623	10.7535045241238
24624	10.8278685938419
24625	10.9235553004654
24626	11.0392004083283
24627	11.1757653664956
24628	11.3339884102195
24629	11.5104436024338
24630	11.6987309704709
24631	11.8933505259941
24632	12.0925791787614
24633	12.2981808230604
24634	12.5151419525594
24635	12.7467926644479
24636	13.000626946954
24637	13.2810170850183
24638	13.5778548635997
24639	13.884721008196
24640	14.2171810773334
24641	14.5834439080365
24642	14.9762092913833
24643	15.382352651279
24644	15.7842433520669
24645	16.1743804252103
24646	16.5514202226051
24647	16.9147655801763
24648	17.2634202785081
24649	17.5922356753181
24650	17.897143688136
24651	18.1790694223114
24652	18.4367681673421
24653	18.6698587456227
24654	18.8827025408868
24655	19.0767229134537
24656	19.2523589122312
24657	19.4127593575764
24658	19.5606055495846
24659	19.6987090852631
24660	19.8289882071559
24661	19.951730536717
24662	20.0688280608936
24663	20.1803893123466
24664	20.2861637414915
24665	20.3860898077763
24666	20.4771072826601
24667	20.5529965938142
24668	20.6112291065841
24669	20.6625028152156
24670	20.7226551249309
24671	20.8054170250326
24672	20.9218111980605
24673	21.0820111077406
24674	21.2936535048921
24675	21.5605056887155
24676	21.8823861950515
24677	22.2536440609723
24678	22.6679548629137
24679	23.117863016962
24680	23.5947703804911
24681	24.0890013740737
24682	24.5899119382746
24683	25.0913855251421
24684	25.5879766115568
24685	26.0737376071459
24686	26.5444741502411
24687	26.9960668761124
24688	27.426039128361
24689	27.8352788429233
24690	28.2243574744827
24691	28.5940474678633
24692	28.9474090468682
24693	29.2856952458117
24694	29.6099584137662
24695	29.9214855452411
24696	30.2207514639816
24697	30.5085383836316
24698	30.7849515571467
24699	31.0506368695793
24700	31.3059454081343
24701	31.5531910398213
24702	31.7953281642842
24703	32.0329007939497
24704	32.2659214788527
24705	32.4929838808622
24706	32.7141609575807
24707	32.9292401701997
24708	33.1367212623951
24709	33.3371097387485
24710	33.53270737375
24711	33.7248383357654
24712	33.9136912607064
24713	34.0997779723699
24714	34.2840633403975
24715	34.4667699952999
24716	34.6467051361883
24717	34.8240455218977
24718	34.999691506038
24719	35.1761349038613
24720	35.3560237069073
24721	35.5402029131332
24722	35.7263366860773
24723	35.9043047596235
24724	36.0595555665014
24725	36.1780834318548
24726	36.2532611302293
24727	36.2784164589621
24728	36.2533489912713
24729	36.1998428473625
24730	36.1404508108008
24731	36.0825268538661
24732	36.0162617320028
24733	35.9367413946758
24734	35.8498570868506
24735	35.7599902591588
24736	35.6763849390692
24737	35.6087600536645
24738	35.5662035432493
24739	35.558800892293
24740	35.5897583251538
24741	35.6561684129121
24742	35.7520264736453
24743	35.8629924850578
24744	35.9762681959779
24745	36.0892834205839
24746	36.2021192384309
24747	36.3136441863846
24748	36.4200471078747
24749	36.5189487642732
24750	36.6099936537646
24751	36.7002549341694
24752	36.8018879804028
24753	36.9230786554288
24754	37.0689956459864
24755	37.2420859887957
24756	37.4415285686275
24757	37.6642481157788
24758	37.9071074529852
24759	38.1668561094056
24760	38.4408518736197
24761	38.726220781595
24762	39.018845352773
24763	39.315845823769
24764	39.6147292326541
24765	39.912430049374
24766	40.2044484042465
24767	40.4850127999014
24768	40.7472412878462
24769	40.982316999709
24770	41.1822545848406
24771	41.3400496171544
24772	41.4494681827398
24773	41.5074984544272
24774	41.5127715013788
24775	41.4665560399605
24776	41.3770258605817
24777	41.2550351224975
24778	41.1054469602748
24779	40.9317630722085
24780	40.7379204937343
24781	40.5257680299114
24782	40.2952078697363
24783	40.0488398639448
24784	39.7896711133396
24785	39.5167975940199
24786	39.2317664161506
24787	38.9357895914427
24788	38.6340417797815
24789	38.3299759169343
24790	38.0206238935888
24791	37.7039269761148
24792	37.3731356622756
24793	37.0257778836362
24794	36.6659437081444
24795	36.2945260033557
24796	35.9130582227565
24797	35.5224777563378
24798	35.1245307077309
24799	34.7230238133817
24800	34.3281791169787
24801	33.9475858392742
24802	33.5874300991819
24803	33.25520269511
24804	32.9582467925336
24805	32.7011418411063
24806	32.4799846122485
24807	32.2968050900935
24808	32.1563466224651
24809	32.0597636266827
24810	32.0051043868402
24811	31.9875212534054
24812	32.0009719320258
24813	32.0405677932109
24814	32.1046289886605
24815	32.1926034518767
24816	32.3012278800589
24817	32.4278219445829
24818	32.5735564156686
24819	32.7369972295187
24820	32.9124009558144
24821	33.0938358174523
24822	33.279802700516
24823	33.4697663000192
24824	33.6567422916287
24825	33.8284918474614
24826	33.9828931197152
24827	34.123687152512
24828	34.2517171910716
24829	34.366284302212
24830	34.4646443992285
24831	34.5444833681582
24832	34.6042209688263
24833	34.6444678273524
24834	34.6674074310356
24835	34.6748891093582
24836	34.6672204096519
24837	34.6441457208543
24838	34.6059844822085
24839	34.554455835374
24840	34.4907244018527
24841	34.4141672551106
24842	34.3260662727654
24843	34.2303275021194
24844	34.1292800485225
24845	34.0235134884746
24846	33.9120364705815
24847	33.7949407464452
24848	33.6738973454228
24849	33.5491585076434
24850	33.4203011697439
24851	33.2880443147787
24852	33.1532712481821
24853	33.0154244474555
24854	32.875186383675
24855	32.7342753279298
24856	32.6013876021359
24857	32.4908318805241
24858	32.4151803665033
24859	32.3853261714155
24860	32.4097249870007
24861	32.494379845178
24862	32.6423192660279
24863	32.8548631783046
24864	33.131900450252
24865	33.4712374426909
24866	33.8695994426385
24867	34.3215890232701
24868	34.8196305275851
24869	35.3559268378692
24870	35.9239357113821
24871	36.5156100661663
24872	37.1211177809118
24873	37.7164250163245
24874	38.2725591231703
24875	38.7827247317789
24876	39.2551288535224
24877	39.7031042520099
24878	40.1304286304391
24879	40.5222667773126
24880	40.8674763003947
24881	41.1679054515148
24882	41.4265614418827
24883	41.65115297928
24884	41.8530186470758
24885	42.041436015993
24886	42.2259601354584
24887	42.4129757277763
24888	42.6052902540462
24889	42.8043209377594
24890	43.0101877063523
24891	43.2211230627502
24892	43.4354057173635
24893	43.6520768829132
24894	43.8679648578449
24895	44.0781545510651
24896	44.2788395936393
24897	44.4599373204507
24898	44.6119130578963
24899	44.7254017508453
24900	44.789486869129
24901	44.7950377181484
24902	44.7358851892375
24903	44.6160728450919
24904	44.444160681763
24905	44.2308201141809
24906	43.9828552853435
24907	43.6964322634177
24908	43.3729975238535
24909	43.0206592623435
24910	42.640865426042
24911	42.2404743481458
24912	41.8263013920812
24913	41.3991735768461
24914	40.9601294067426
24915	40.5107866418588
24916	40.0543775310249
24917	39.5902820510975
24918	39.1183738470094
24919	38.6436953429419
24920	38.1711944820483
24921	37.7038343395777
24922	37.2466894377301
24923	36.805698936897
24924	36.3831836566067
24925	35.9794800742221
24926	35.5932661316018
24927	35.2237853802388
24928	34.8725106124035
24929	34.5417533557978
24930	34.2320829045341
24931	33.9430581321308
24932	33.6733722313287
24933	33.4212724707749
24934	33.1858324718299
24935	32.9658814548512
24936	32.7607250836278
24937	32.5726823581886
24938	32.4033248927179
24939	32.2542018151741
24940	32.1169630728262
24941	31.9763373268693
24942	31.8220675104632
24943	31.6466946572354
24944	31.4457859595588
24945	31.2170662962317
24946	30.9623029315629
24947	30.6834877540787
24948	30.381248695979
24949	30.0614578793847
24950	29.7347025916001
24951	29.4099257743982
24952	29.0901042517607
24953	28.774153037948
24954	28.4615401379049
24955	28.1536500601153
24956	27.8562386742732
24957	27.5753593961205
24958	27.3101413581685
24959	27.0567436048683
24960	26.8138456812474
24961	26.5849126801642
24962	26.3740986089597
24963	26.1783778765502
24964	25.9907560726389
24965	25.8058674608648
24966	25.6199877767661
24967	25.433799820099
24968	25.2507058897162
24969	25.0743640437141
24970	24.9050360179714
24971	24.7433202156619
24972	24.5924690918995
24973	24.4575242918317
24974	24.3432371722852
24975	24.2454516105451
24976	24.1558423747507
24977	24.0725764112618
24978	24.0018149148293
24979	23.9499727701865
24980	23.9150104731081
24981	23.8888211884797
24982	23.866872907079
24983	23.8520000101348
24984	23.852447715854
24985	23.873563233636
24986	23.906585306035
24987	23.9375460011043
24988	23.9578515255678
24989	23.9611985762717
24990	23.9443640662929
24991	23.9080779175975
24992	23.8536459791115
24993	23.7870087315995
24994	23.717942188611
24995	23.6544935729991
24996	23.6055440243483
24997	23.5768498302549
24998	23.5684011653207
24999	23.575753220526
25000	23.6001299798541
25001	23.6439774405813
25002	23.7048704283378
25003	23.7822828801259
25004	23.872095185646
25005	23.9684664439192
25006	24.0752180055342
25007	24.2011818022123
25008	24.3492675946838
25009	24.5142912614341
25010	24.676496478043
25011	24.8173094257766
25012	24.9459266157475
25013	25.0800776604225
25014	25.2257309611785
25015	25.3790434511781
25016	25.5417091854674
25017	25.7222163589211
25018	25.9163157941518
25019	26.1165080835967
25020	26.3216326956578
25021	26.5419709595865
25022	26.7862519801286
25023	27.0594618052776
25024	27.363185533924
25025	27.6874762451933
25026	28.0205458317612
25027	28.3547505414483
25028	28.6846563875264
25029	29.0036597083661
25030	29.3157664656832
25031	29.6235892818439
25032	29.9272311724047
25033	30.2312110413486
25034	30.5349761004014
25035	30.8347742822156
25036	31.1275955938529
25037	31.4122221272731
25038	31.6871632485133
25039	31.9493987494159
25040	32.1993309025036
25041	32.4429474412534
25042	32.6842371930246
25043	32.9272048484251
25044	33.171761821974
25045	33.4060757502399
25046	33.6315426586138
25047	33.8506041522725
25048	34.0533382917105
25049	34.2268709389577
25050	34.3666527552545
25051	34.4834765154289
25052	34.5931148733086
25053	34.7046231406561
25054	34.8092578996415
25055	34.8984559376999
25056	34.9741005720324
25057	35.0474491893107
25058	35.1234703085902
25059	35.1973931780936
25060	35.2614702113369
25061	35.3104809302241
25062	35.3517993463609
25063	35.3954623452207
25064	35.4444976874079
25065	35.4923804115634
25066	35.5348505868331
25067	35.5761854671718
25068	35.6193785773081
25069	35.6658574944494
25070	35.714324101243
25071	35.7578504550093
25072	35.7931763446639
25073	35.82671226867
25074	35.8629794336325
25075	35.9036845745254
25076	35.943446812595
25077	35.9751539653081
25078	36.0006132359488
25079	36.0262117935471
25080	36.0556701884365
25081	36.0888366667897
25082	36.1200938324677
25083	36.1456313254151
25084	36.1696555244067
25085	36.1956826355833
25086	36.2250645996743
25087	36.2563430590763
25088	36.2833300349112
25089	36.3021042486309
25090	36.3188125283984
25091	36.3382822695111
25092	36.3610744874784
25093	36.38301873077
25094	36.3984179161627
25095	36.408175508174
25096	36.418595472859
25097	36.4329724546191
25098	36.4486240781968
25099	36.4595741270959
25100	36.460873043161
25101	36.4575323151325
25102	36.4556502542224
25103	36.4562262152071
25104	36.4560219785368
25105	36.4511501336005
25106	36.442743904394
25107	36.43580140224
25108	36.433037828523
25109	36.4345682888069
25110	36.4392399341961
25111	36.4461538198803
25112	36.4580391921028
25113	36.4755749699193
25114	36.498201215831
25115	36.5258748726398
25116	36.5545668412112
25117	36.5825690625004
25118	36.6127671033511
25119	36.6455694344561
25120	36.6798186610048
25121	36.711069068278
25122	36.7356267451624
25123	36.7571288666046
25124	36.77893860177
25125	36.8011402060664
25126	36.8205107114748
25127	36.8300705274234
25128	36.8265456772501
25129	36.8177125189904
25130	36.8109484932385
25131	36.8045504398185
25132	36.7930006177053
25133	36.7689640542605
25134	36.7305826737337
25135	36.6846603267147
25136	36.6377739403223
25137	36.5888259222814
25138	36.5255514828522
25139	36.438018019807
25140	36.3375273782367
25141	36.2425480234601
25142	36.1599815300366
25143	36.0957294845913
25144	36.0574412370566
25145	36.046317743123
25146	36.0576862049896
25147	36.082457521596
25148	36.1133981376503
25149	36.1495400487255
25150	36.1891319305277
25151	36.2295533576634
25152	36.2711759846762
25153	36.3170474232875
25154	36.3635863216623
25155	36.3974159714298
25156	36.4065633108836
25157	36.3812270636128
25158	36.3134253467484
25159	36.2002122706139
25160	36.043245755108
25161	35.8447349860625
25162	35.6048390417603
25163	35.3314171595676
25164	35.0426810635433
25165	34.751873901448
25166	34.4633507416513
25167	34.1901386119124
25168	33.9378275859624
25169	33.699614792006
25170	33.4685513246434
25171	33.239700810738
25172	33.0162409246243
25173	32.7994047994404
25174	32.588495304765
25175	32.382308929246
25176	32.17920990609
25177	31.9806021096861
25178	31.7887360811804
25179	31.6033932413323
25180	31.4249450980449
25181	31.2547624390899
25182	31.0917365128034
25183	30.9341553064714
25184	30.784262956828
25185	30.645145801731
25186	30.5163922198454
25187	30.3976092721415
25188	30.289670847081
25189	30.1938417906266
25190	30.1094563729435
25191	30.0355041201192
25192	29.9701312797571
25193	29.9104577045961
25194	29.8584072947522
25195	29.8172921136457
25196	29.790701387852
25197	29.7825977780325
25198	29.7989381446182
25199	29.8442335032629
25200	29.9169036818509
25201	30.0151384278286
25202	30.1384317733027
25203	30.2849753718826
25204	30.4527005362371
25205	30.6410169541468
25206	30.848626612267
25207	31.0740987808234
25208	31.3167779604014
25209	31.5761426528977
25210	31.8517365687709
25211	32.1425443276666
25212	32.4459830647101
25213	32.7575886000026
25214	33.0751677047549
25215	33.396809518191
25216	33.7202707018905
25217	34.0458193010746
25218	34.3721806278338
25219	34.6953436668212
25220	35.0115448888114
25221	35.3193452505767
25222	35.6175799558157
25223	35.9061336892886
25224	36.184044196451
25225	36.448445366009
25226	36.6985269542092
25227	36.9339759420159
25228	37.152895284317
25229	37.3545628154831
25230	37.539279795966
25231	37.7075015445578
25232	37.8596992605118
25233	37.9964280364662
25234	38.1196939547568
25235	38.229060284015
25236	38.3239141882098
25237	38.405674613724
25238	38.4760453906375
25239	38.5370851833585
25240	38.5905704033618
25241	38.6376241746509
25242	38.6781193663371
25243	38.7104960329819
25244	38.7345207811903
25245	38.751472404652
25246	38.7614738964669
25247	38.7668806650298
25248	38.7695040393681
25249	38.7679775164467
25250	38.7603381012607
25251	38.7436832496917
25252	38.7155007224403
25253	38.6769566166397
25254	38.6302404510997
25255	38.57417042906
25256	38.5038943797991
25257	38.4157414605889
25258	38.3082946451689
25259	38.1799309971095
25260	38.0306651074103
25261	37.8621987589568
25262	37.6757294374988
25263	37.4716028013592
25264	37.2507465959277
25265	37.0147576080686
25266	36.7655015171404
25267	36.5053499469019
25268	36.2368187139017
25269	35.9601392834717
25270	35.6771423040635
25271	35.3911870477184
25272	35.1050156058093
25273	34.8219848815199
25274	34.544709641964
25275	34.2747733867119
25276	34.0128830723152
25277	33.7612492428535
25278	33.5200353984658
25279	33.2891814009197
25280	33.0701783951403
25281	32.8640983300543
25282	32.6717625169376
25283	32.4920391216273
25284	32.3247756141136
25285	32.170515733777
25286	32.0298099418166
25287	31.9020890375058
25288	31.7855328726772
25289	31.678669869135
25290	31.5808050954743
25291	31.494145651089
25292	31.4216231144937
25293	31.3653523109352
25294	31.327929888628
25295	31.3132069280769
25296	31.326575226222
25297	31.3735466453162
25298	31.4591541436609
25299	31.5882229548754
25300	31.7655236528485
25301	31.9950793191005
25302	32.2778645618257
25303	32.6145793019834
25304	33.0073823476812
25305	33.454970139418
25306	33.9515844949654
25307	34.492477575297
25308	35.0722990147304
25309	35.6830452950337
25310	36.3161946868565
25311	36.960144302524
25312	37.6045070975373
25313	38.2387810170994
25314	38.8475386500369
25315	39.4202648831574
25316	39.9551198353875
25317	40.4487296076348
25318	40.8955656882139
25319	41.2911357791802
25320	41.6407468580898
25321	41.9428774375557
25322	42.1953522874765
25323	42.4062695240571
25324	42.5812153041447
25325	42.7216645360562
25326	42.8275790542797
25327	42.9078596771028
25328	42.9755475963731
25329	43.0389405366793
25330	43.0928746456053
25331	43.1311563857084
25332	43.1561903033419
25333	43.1709175878135
25334	43.1844112367978
25335	43.2071541684127
25336	43.2364237211851
25337	43.2639281617449
25338	43.2822061136368
25339	43.2841957260698
25340	43.2739115041314
25341	43.2624394591442
25342	43.2495320742979
25343	43.2280046884446
25344	43.1952626770955
25345	43.1510850981635
25346	43.0926492786409
25347	43.0164962994546
25348	42.926421057186
25349	42.8281044190514
25350	42.7240203754284
25351	42.6155206459869
25352	42.4970138598895
25353	42.3642249087923
25354	42.2171074478556
25355	42.0494337456796
25356	41.8519784022324
25357	41.6160272978068
25358	41.3350344214837
25359	41.0058181321112
25360	40.627079759451
25361	40.1998855929531
25362	39.7258671008876
25363	39.2098130036946
25364	38.6577405057394
25365	38.0754675671685
25366	37.4724358730716
25367	36.8576718400439
25368	36.2377178758557
25369	35.6226218371703
25370	35.0226262493953
25371	34.443371421891
25372	33.8889659160326
25373	33.3668915984635
25374	32.8894958205231
25375	32.4642189537743
25376	32.0909803725645
25377	31.7705394961013
25378	31.4968272010254
25379	31.2601917089713
25380	31.0502150515279
25381	30.8598918039207
25382	30.6891372446816
25383	30.5362543852547
25384	30.4014524247996
25385	30.2843479712653
25386	30.1777082139027
25387	30.0763211563755
25388	29.9835906165574
25389	29.9052039810685
25390	29.8391064811977
25391	29.7800149297266
25392	29.7326635637918
25393	29.705609105506
25394	29.696117278261
25395	29.6912850587814
25396	29.6832716317123
25397	29.6814532183901
25398	29.7028736072049
25399	29.7510226332933
25400	29.8131797739637
25401	29.8732864962749
25402	29.9246171522762
25403	29.9747658697889
25404	30.0387874091561
25405	30.1230388501185
25406	30.2182912762544
25407	30.3097035745123
25408	30.3845273537118
25409	30.4344377141964
25410	30.453385333516
25411	30.4360706575821
25412	30.3822854647357
25413	30.2989614005322
25414	30.2019766638052
25415	30.1139381440285
25416	30.0534908634519
25417	30.0275586953293
25418	30.0387962614716
25419	30.0840334921222
25420	30.1563696899871
25421	30.2523537587118
25422	30.3689828084067
25423	30.5053285895282
25424	30.6561002716933
25425	30.8155648549887
25426	30.9805481674971
25427	31.1451075749805
25428	31.3104988815821
25429	31.4773862712264
25430	31.6407735216043
25431	31.7965395223553
25432	31.9332394726814
25433	32.0443441879089
25434	32.1321897443397
25435	32.1966311697217
25436	32.2419673275859
25437	32.2775011759677
25438	32.3180173501225
25439	32.3734593858503
25440	32.4448229059102
25441	32.5320898753737
25442	32.6347676734055
25443	32.7531724600951
25444	32.8819252871127
25445	33.014557007308
25446	33.1563243595716
25447	33.3144424772994
25448	33.4900903267852
25449	33.6842860964297
25450	33.9007065491357
25451	34.1424933422508
25452	34.4100606667177
25453	34.7027986915959
25454	35.0192142989726
25455	35.3564958100234
25456	35.7106887868775
25457	36.077067072256
25458	36.4507519042521
25459	36.8273534391802
25460	37.2024756885763
25461	37.5734069759083
25462	37.9379531872001
25463	38.2920798525424
25464	38.6313803865258
25465	38.9539288707102
25466	39.2600622570086
25467	39.5498155823509
25468	39.8250664734029
25469	40.0880375873425
25470	40.3387234709901
25471	40.5791460253417
25472	40.8137525060113
25473	41.0457565275371
25474	41.2726512247306
25475	41.4897268921513
25476	41.6846628372181
25477	41.8474872402018
25478	41.9842314316945
25479	42.0987834171055
25480	42.1902893413334
25481	42.2554361158208
25482	42.2874857039184
25483	42.2903685839814
25484	42.2790324770331
25485	42.2636679686192
25486	42.2423057214421
25487	42.2072641737838
25488	42.1567991428779
25489	42.0995314020454
25490	42.0454330658334
25491	41.9977068106267
25492	41.9523335659053
25493	41.9046326261563
25494	41.8536433922372
25495	41.8025072759278
25496	41.7541537300366
25497	41.7095793991776
25498	41.6672778297161
25499	41.6224577571541
25500	41.5745872139445
25501	41.5278533968066
25502	41.4858570573317
25503	41.4484465923918
25504	41.4106215649395
25505	41.3680163312542
25506	41.3241882862434
25507	41.2842591107381
25508	41.247997925738
25509	41.2128801842073
25510	41.1770479323904
25511	41.139171628366
25512	41.1007529318863
25513	41.0650299435597
25514	41.0334626329826
25515	41.0033359753031
25516	40.9684859641123
25517	40.9275202247957
25518	40.8865706429566
25519	40.8490974548268
25520	40.8152333893905
25521	40.7840976469113
25522	40.754215292925
25523	40.7283192689702
25524	40.7082790590904
25525	40.6940368686234
25526	40.6847260411013
25527	40.6783997382916
25528	40.6751972296631
25529	40.6758408091395
25530	40.6789298699282
25531	40.6838655758461
25532	40.6893994991289
25533	40.69443925415
25534	40.7009735734553
25535	40.7095745393403
25536	40.720837541805
25537	40.7335335159298
25538	40.7435909867469
25539	40.7509626112418
25540	40.7589597760447
25541	40.7667359643199
25542	40.7733198605164
25543	40.7785287268662
25544	40.7823726147709
25545	40.7850017085859
25546	40.78617597572
25547	40.7876309504697
25548	40.7892182996612
25549	40.7881784380137
25550	40.7802305391221
25551	40.7651152778282
25552	40.747244278054
25553	40.7302019160973
25554	40.7132922815101
25555	40.6920108821596
25556	40.6630791578186
25557	40.6290054559157
25558	40.5958161006006
25559	40.564878092905
25560	40.527025657615
25561	40.4704212586986
25562	40.3976120548165
25563	40.3226092435668
25564	40.252206690731
25565	40.1884115901559
25566	40.1348962481418
25567	40.0962969490461
25568	40.0701375352183
25569	40.048536093544
25570	40.0294966657012
25571	40.0139243546134
25572	40.0021540710539
25573	39.9926256693113
25574	39.983180242131
25575	39.9716234080895
25576	39.950058733572
25577	39.9171665290619
25578	39.8796221127355
25579	39.8384303367834
25580	39.7923414170382
25581	39.7473881532059
25582	39.7128242884659
25583	39.6889297812462
25584	39.6689052382349
25585	39.6483045655096
25586	39.6267145133509
25587	39.6025609050169
25588	39.5745079616481
25589	39.5456652377608
25590	39.518978161328
25591	39.4955952374236
25592	39.4743302621176
25593	39.4516654627428
25594	39.4243287722592
25595	39.3911932316149
25596	39.3556859128009
25597	39.3194734075429
25598	39.2808509224524
25599	39.2400017601747
25600	39.1992566725986
25601	39.1599263541596
25602	39.1228193997812
25603	39.0883880190157
25604	39.0556464564041
25605	39.0251412826126
25606	38.9999561666968
25607	38.9814257104213
25608	38.9685454617695
25609	38.9611267726441
25610	38.9576216755598
25611	38.9548839940647
25612	38.9517483475556
25613	38.9470498951846
25614	38.9385666954406
25615	38.9261831298062
25616	38.91415071394
25617	38.9056875137734
25618	38.8985431390423
25619	38.8902014287758
25620	38.8810619605198
25621	38.8730793610293
25622	38.8638842176944
25623	38.8513220901848
25624	38.8379253668136
25625	38.8251620159977
25626	38.8134100192797
25627	38.8031933620709
25628	38.793990715895
25629	38.7855073707979
25630	38.7789746361078
25631	38.7762240688406
25632	38.7778656586891
25633	38.7815689241971
25634	38.7839184804055
25635	38.7839596760207
25636	38.7821101734534
25637	38.7785433266222
25638	38.7738316854843
25639	38.7675850313157
25640	38.7611676054972
25641	38.7572735594541
25642	38.7569135773183
25643	38.7586830018197
25644	38.7623077997847
25645	38.7680453478904
25646	38.7736388675811
25647	38.7797753576708
25648	38.788316221911
25649	38.7981227956412
25650	38.8075641252581
25651	38.8166101152984
25652	38.8250562486682
25653	38.8332136274352
25654	38.8422403238539
25655	38.8522963929663
25656	38.862233508314
25657	38.8710782456115
25658	38.8803184031757
25659	38.8904131724789
25660	38.9007428002713
25661	38.9138972294822
25662	38.9302852894918
25663	38.944593745775
25664	38.9555014747874
25665	38.967402803608
25666	38.9824790481241
25667	39.0000473126182
25668	39.0203918094608
25669	39.0430572398528
25670	39.0671721714743
25671	39.0923294623624
25672	39.1163255565996
25673	39.1357165708967
25674	39.150779345372
25675	39.1641551156052
25676	39.1762956268261
25677	39.1880459013143
25678	39.1995480073762
25679	39.2094037501485
25680	39.2141013867097
25681	39.2150980759556
25682	39.2177498672712
25683	39.2252191663107
25684	39.2342620277187
25685	39.2393067402908
25686	39.2358423029228
25687	39.2250809278701
25688	39.2153565655089
25689	39.209728989591
25690	39.2030696790018
25691	39.1868537980726
25692	39.1596001087679
25693	39.1244907306718
25694	39.0883518460757
25695	39.0557887483349
25696	39.0216176420379
25697	38.9805918652192
25698	38.9304951293704
25699	38.8737267494289
25700	38.8174032214568
25701	38.765964562768
25702	38.7199687292591
25703	38.6829371826268
25704	38.6576937117957
25705	38.6415149510346
25706	38.6309462422416
25707	38.6250928209359
25708	38.6239414382591
25709	38.6286270240914
25710	38.6419708080265
25711	38.6626601793617
25712	38.6867541085479
25713	38.7120767968645
25714	38.7362685268638
25715	38.7578024754875
25716	38.7761830546545
25717	38.7909126640131
25718	38.8018758860314
25719	38.8094988741904
25720	38.8144240728278
25721	38.816716596247
25722	38.8172428653206
25723	38.8174817869651
25724	38.8180793973617
25725	38.8187840152753
25726	38.8204097459053
25727	38.8238875756079
25728	38.828133103658
25729	38.8314638082128
25730	38.8340514376344
25731	38.8363805826033
25732	38.8386978874091
25733	38.8407369583718
25734	38.8422748227078
25735	38.8433139158108
25736	38.8426503973307
25737	38.8403532930431
25738	38.837585352377
25739	38.8364138173802
25740	38.8393482878471
25741	38.8499246850137
25742	38.8707011910248
25743	38.9015424993204
25744	38.941653585837
25745	38.9906317862837
25746	39.0480456150264
25747	39.1123632508792
25748	39.1827714658102
25749	39.2577042558589
25750	39.3344864074871
25751	39.412156073156
25752	39.491902033209
25753	39.5732762463325
25754	39.6543444413748
25755	39.7341063329029
25756	39.8117967285325
25757	39.8876076403819
25758	39.9627788452323
25759	40.0375480683539
25760	40.1114155711184
25761	40.1849335601246
25762	40.257002109728
25763	40.3260168244384
25764	40.3915139789514
25765	40.454089089354
25766	40.5148165159749
25767	40.5734767577869
25768	40.6296649565352
25769	40.6838132892776
25770	40.7364390396952
25771	40.7877121533274
25772	40.8370047849925
25773	40.8829785876002
25774	40.9257543434859
25775	40.9647472698306
25776	40.9987866253181
25777	41.0280130134043
25778	41.0527904552
25779	41.074262535125
25780	41.0929078712526
25781	41.1072476439999
25782	41.1174179125545
25783	41.1248788204441
25784	41.1294968258338
25785	41.1312977442809
25786	41.1298155749674
25787	41.1233977571128
25788	41.1094889727753
25789	41.0859563231483
25790	41.0529306908989
25791	41.0133389353821
25792	40.9709078886113
25793	40.9279655571712
25794	40.8877814229144
25795	40.8557871424828
25796	40.8356157983083
25797	40.8285612486434
25798	40.83440224986
25799	40.8532085478468
25800	40.8851288831341
25801	40.931036735099
25802	40.9920943447974
25803	41.0660283382784
25804	41.1516144907943
25805	41.2484526976668
25806	41.3555384263035
25807	41.4711649913306
25808	41.5912367102619
25809	41.7124633623966
25810	41.8337378889358
25811	41.9547184951679
25812	42.0748623323931
25813	42.1937410107752
25814	42.3111434218257
25815	42.4269014471732
25816	42.5415381193834
25817	42.6557281543224
25818	42.7686467910365
25819	42.8764870515367
25820	42.9764442165309
25821	43.0641348389265
25822	43.130476326789
25823	43.1662275905876
25824	43.1625332957923
25825	43.112016118347
25826	43.0087222816685
25827	42.8479737036785
25828	42.6268307205449
25829	42.3427272882649
25830	41.9958633276242
25831	41.5908476539808
25832	41.133275081517
25833	40.6265747123496
25834	40.0784040428539
25835	39.5061091162045
25836	38.9278416442428
25837	38.3505240830264
25838	37.7739680651946
25839	37.1997644617881
25840	36.633615996077
25841	36.0874505771488
25842	35.5745183022191
25843	35.104301629927
25844	34.6803181665417
25845	34.3013618563355
25846	33.9669963556109
25847	33.6786247827286
25848	33.4332406717114
25849	33.2241400206627
25850	33.0404583639907
25851	32.8737320926208
25852	32.7184462077556
25853	32.5691229299268
25854	32.4250197308847
25855	32.2879285083506
25856	32.1593358373166
25857	32.0394182759972
25858	31.9255879814315
25859	31.8169909513765
25860	31.7175979341741
25861	31.6315927090373
25862	31.561312697795
25863	31.5039593759525
25864	31.4562682209529
25865	31.4161148509043
25866	31.3849959351336
25867	31.3659672419385
25868	31.3590938274125
25869	31.3611175714977
25870	31.3672409519109
25871	31.3762063664147
25872	31.3898977221454
25873	31.4109665125137
25874	31.4447102684501
25875	31.4965858776404
25876	31.5669017509912
25877	31.6541894642991
25878	31.7569907885301
25879	31.8727829049869
25880	31.9970896343541
25881	32.127552488254
25882	32.2620149645972
25883	32.3975398630537
25884	32.5327606880441
25885	32.6670929585808
25886	32.8017576854898
25887	32.9356279738154
25888	33.0715318029717
25889	33.2172921531654
25890	33.3809730044417
25891	33.5671630211384
25892	33.7716811178807
25893	33.9876451368731
25894	34.2059858568493
25895	34.4206617548795
25896	34.6281013069836
25897	34.8229197719166
25898	35.0003380262891
25899	35.156688173297
25900	35.2909605450111
25901	35.4036171525678
25902	35.4963426364992
25903	35.5691840049442
25904	35.6219958810106
25905	35.655168516053
25906	35.6692707655831
25907	35.6648617788491
25908	35.6427789306168
25909	35.6036559313553
25910	35.5482404846313
25911	35.4795201046851
25912	35.4024928989812
25913	35.3233301387995
25914	35.2502220847587
25915	35.1901717130166
25916	35.1537573713712
25917	35.1563035005796
25918	35.2084140672361
25919	35.3178201669342
25920	35.4911432624782
25921	35.7296156614697
25922	36.0305828156328
25923	36.3899746487505
25924	36.7983477608322
25925	37.243170325391
25926	37.7198638269445
25927	38.2291423981919
25928	38.7675588153313
25929	39.3304603127617
25930	39.9098815408188
25931	40.4938361887533
25932	41.0695090533729
25933	41.6262305734742
25934	42.1583861400557
25935	42.6644690559419
25936	43.1442900318161
25937	43.6012827700244
25938	44.0408642265432
25939	44.4654747216538
25940	44.8767898101587
25941	45.2755654376798
25942	45.6625915208454
25943	46.0396730601855
25944	46.4063440807817
25945	46.7618133342588
25946	47.1063964482719
25947	47.4395051046082
25948	47.7605490154839
25949	48.069318168051
25950	48.3664563892804
25951	48.6518544413006
25952	48.9208562491977
25953	49.1698354399266
25954	49.3931173919247
25955	49.5848490444363
25956	49.7417320872423
25957	49.8602409977293
25958	49.9390142016561
25959	49.9789566408195
25960	49.9863913735979
25961	49.970074032367
25962	49.9268452009061
25963	49.8485736944927
25964	49.7337631816484
25965	49.5887952801917
25966	49.4245752633798
25967	49.2445611551344
25968	49.0493947787497
25969	48.8430594129557
25970	48.6237975776055
25971	48.3888698649444
25972	48.1363550275283
25973	47.8647954374406
25974	47.5730081256351
25975	47.2587210914844
25976	46.9221896108576
25977	46.5636027420245
25978	46.1845751725297
25979	45.7880500540032
25980	45.3752373793242
25981	44.948755718638
25982	44.5136364841787
25983	44.0733971142792
25984	43.6299322123856
25985	43.1857285522848
25986	42.7452631399537
25987	42.3145388227111
25988	41.90281369382
25989	41.5247914453942
25990	41.1801140527396
25991	40.8659651881259
25992	40.5815744827144
25993	40.3231908137401
25994	40.0907867963854
25995	39.8812120770172
25996	39.6933267367726
25997	39.5270609917349
25998	39.3822740515293
25999	39.2607171698226
26000	39.162565864098
26001	39.0983991126958
26002	39.0635150653261
26003	39.0365352244108
26004	38.9946910451448
26005	38.9342116287601
26006	38.8573040369663
26007	38.7702398437724
26008	38.6963722393595
26009	38.6534841750624
26010	38.6399765796835
26011	38.6471021634853
26012	38.6651046130729
26013	38.6867656554703
26014	38.7061025110101
26015	38.7197218145264
26016	38.7235847276472
26017	38.7192463215511
26018	38.7096146586762
26019	38.6893432967081
26020	38.6555549158231
26021	38.6139196180283
26022	38.5733779862534
26023	38.5411883671853
26024	38.5223411077113
26025	38.5181442521549
26026	38.5261037949063
26027	38.5440902948813
26028	38.5729214824427
26029	38.6136641677899
26030	38.6672221285896
26031	38.7358885517708
26032	38.8213754827611
26033	38.9245232923443
26034	39.0444599407018
26035	39.1805360300638
26036	39.3332517416253
26037	39.5019863056175
26038	39.6853008011304
26039	39.8813691623049
26040	40.0885650844829
26041	40.304577569884
26042	40.5280748196977
26043	40.7590061946165
26044	40.9970879071895
26045	41.2426714764696
26046	41.4965750658312
26047	41.7587779503523
26048	42.0283751843116
26049	42.3049429532176
26050	42.5886879802005
26051	42.8794180404466
26052	43.1760315557238
26053	43.4760353086344
26054	43.7754006906628
26055	44.0708887034305
26056	44.3596907441872
26057	44.6385338441408
26058	44.9067407025229
26059	45.1651720391826
26060	45.4141573437773
26061	45.6543919624372
26062	45.8850580234427
26063	46.0995946334375
26064	46.2930007726086
26065	46.4632936740041
26066	46.6133384937791
26067	46.7477966206092
26068	46.8710489633522
26069	46.9890618451093
26070	47.1042512541379
26071	47.2152552886427
26072	47.3216371131231
26073	47.4245218425186
26074	47.5227547715962
26075	47.6157517400247
26076	47.7043995786549
26077	47.789276707734
26078	47.8692123299071
26079	47.9426126368438
26080	48.0083014527615
26081	48.0641929137903
26082	48.1103059329317
26083	48.1483141514306
26084	48.1780810395272
26085	48.1993659126576
26086	48.212788429489
26087	48.2166867400711
26088	48.2088461296346
26089	48.1903968293148
26090	48.1627460735588
26091	48.1258229387294
26092	48.0813658178558
26093	48.0307721010771
26094	47.9741891896675
26095	47.9124212894112
26096	47.8440851382167
26097	47.7695646362136
26098	47.6893813504927
26099	47.6021473792316
26100	47.5077141441169
26101	47.406646513668
26102	47.2992640180971
26103	47.1858202254578
26104	47.0642523174908
26105	46.9329183746966
26106	46.7938846865819
26107	46.6486827471766
26108	46.4983689588352
26109	46.3430177629436
26110	46.1822350018835
26111	46.0141915810664
26112	45.837921886925
26113	45.6540453436651
26114	45.4634748309925
26115	45.2670525914072
26116	45.0656564079978
26117	44.8580911089118
26118	44.6454296229148
26119	44.434193446098
26120	44.229188782876
26121	44.0341792345703
26122	43.8490818809835
26123	43.6684537120592
26124	43.4922652497444
26125	43.3255461017095
26126	43.1650447357121
26127	43.0073085049889
26128	42.8518476147014
26129	42.6940848141551
26130	42.5322902292167
26131	42.3669808586793
26132	42.1980766500323
26133	42.026192912385
26134	41.8516936982311
26135	41.6739703785026
26136	41.4931539903669
26137	41.3099585686835
26138	41.1246550895175
26139	40.9377966735897
26140	40.7504047898663
26141	40.5652371214365
26142	40.384984584179
26143	40.2093447206194
26144	40.0368522262094
26145	39.8683959444048
26146	39.7064710626484
26147	39.5521977575452
26148	39.4047197088523
26149	39.2637506397106
26150	39.1295007517554
26151	39.0025995859337
26152	38.8846097565441
26153	38.7769889594834
26154	38.677063193396
26155	38.5800693414623
26156	38.480172333863
26157	38.3706974585014
26158	38.2472949783312
26159	38.1071316616575
26160	37.950822592239
26161	37.7796909576288
26162	37.5934611411082
26163	37.392747779403
26164	37.1797389321538
26165	36.9572040149134
26166	36.7272836133344
26167	36.4926567503308
26168	36.2566798916999
26169	36.0206117148932
26170	35.785022489538
26171	35.5515406315924
26172	35.3219540907515
26173	35.0981174559582
26174	34.8814606816536
26175	34.6724374294394
26176	34.4716869588791
26177	34.2802379520464
26178	34.0977026136375
26179	33.9230423731679
26180	33.7552891822509
26181	33.5931977803612
26182	33.437863077617
26183	33.288286721793
26184	33.1430259287967
26185	33.0032765206679
26186	32.8703999502909
26187	32.7444128074586
26188	32.6232161492277
26189	32.5057243404772
26190	32.3923737968165
26191	32.2836027646477
26192	32.1802026530549
26193	32.0841664419257
26194	31.9953155620058
26195	31.9127681180014
26196	31.8392689531244
26197	31.7796979263711
26198	31.7398640541909
26199	31.7262074474226
26200	31.7463056606809
26201	31.8070876406018
26202	31.9126672559818
26203	32.066792943778
26204	32.2717902810093
26205	32.5283278168083
26206	32.8365004082147
26207	33.1956179552384
26208	33.6062550335295
26209	34.0675044745195
26210	34.5753685956631
26211	35.125614561986
26212	35.7127640906149
26213	36.3319399883901
26214	36.9771779142127
26215	37.64095677386
26216	38.3170254871064
26217	38.9966312116821
26218	39.671617315807
26219	40.3362596758181
26220	40.9834390499018
26221	41.6065865440844
26222	42.2025164017984
26223	42.7688740700505
26224	43.3027204513187
26225	43.8035165852191
26226	44.2731956208481
26227	44.7141352030972
26228	45.1284082831632
26229	45.5161410630127
26230	45.8755926464646
26231	46.2058245058877
26232	46.5042293027202
26233	46.7689166347349
26234	46.9978694055773
26235	47.188117252579
26236	47.3348723151633
26237	47.4370600170637
26238	47.5014105182577
26239	47.5382309297121
26240	47.5596707987957
26241	47.5788668885584
26242	47.605703425067
26243	47.6453664205712
26244	47.7035104837209
26245	47.7854302974928
26246	47.8898957025391
26247	48.0074800111229
26248	48.1281747592947
26249	48.2440194142203
26250	48.3443212991786
26251	48.4203284615264
26252	48.4708366756547
26253	48.4959891610023
26254	48.4931807564678
26255	48.4656540057816
26256	48.4256565113012
26257	48.3808457441469
26258	48.3252257353835
26259	48.2478201423996
26260	48.1483599915949
26261	48.0314788237914
26262	47.8971186425767
26263	47.7465827519237
26264	47.5824705380703
26265	47.405297137668
26266	47.2160481897807
26267	47.015124550013
26268	46.8022534443408
26269	46.5787375158671
26270	46.3446313911285
26271	46.0990719153113
26272	45.8429378862062
26273	45.5776406250593
26274	45.304039745947
26275	45.0246293838998
26276	44.741140548254
26277	44.4548021923742
26278	44.1665803984902
26279	43.8771936360835
26280	43.5888667180951
26281	43.3033965167991
26282	43.0225747914
26283	42.7480345051838
26284	42.4811413520721
26285	42.2224297666014
26286	41.9723797776772
26287	41.7320313879861
26288	41.5011439615027
26289	41.2801986041894
26290	41.0712803649106
26291	40.8751640529722
26292	40.6924486333587
26293	40.5252677928952
26294	40.3716505880712
26295	40.2339960653032
26296	40.1197313207838
26297	40.0316717489322
26298	39.9734259069239
26299	39.9493135124819
26300	39.9611639869995
26301	40.0094132807922
26302	40.0927951490696
26303	40.2094500520707
26304	40.3564860148946
26305	40.5323213956827
26306	40.7378651433317
26307	40.9712944039538
26308	41.2296382757739
26309	41.5107739921232
26310	41.8109557501933
26311	42.1260503514912
26312	42.4537163657796
26313	42.7926997888526
26314	43.1410114917147
26315	43.4964256638933
26316	43.8570929251816
26317	44.2204099946927
26318	44.5826665643907
26319	44.9405327773326
26320	45.2916459558088
26321	45.6330160037098
26322	45.9616814869176
26323	46.275141307578
26324	46.5721261339355
26325	46.8522741449251
26326	47.1144752696333
26327	47.3564899987385
26328	47.5769027474643
26329	47.7738593672628
26330	47.945654127591
26331	48.0937783013731
26332	48.2189554784652
26333	48.3215422053668
26334	48.4020646767828
26335	48.4604439455857
26336	48.4951127984569
26337	48.5043338260039
26338	48.4894618277736
26339	48.4506913706856
26340	48.3869380246152
26341	48.2987184724269
26342	48.1900863949061
26343	48.0677868977282
26344	47.9363524113348
26345	47.7928883657517
26346	47.62871474365
26347	47.4395369255861
26348	47.2260896615652
26349	46.9900359382439
26350	46.7346889507618
26351	46.4685061930588
26352	46.1962267883389
26353	45.9130048450381
26354	45.6150192654033
26355	45.3010667691379
26356	44.9728422816176
26357	44.6324998526288
26358	44.2854343170465
26359	43.9373118947313
26360	43.5889157739146
26361	43.2389592974259
26362	42.8861579521185
26363	42.5312659275305
26364	42.1753410257872
26365	41.82309565798
26366	41.4782784131765
26367	41.1411001144192
26368	40.8111982129263
26369	40.4885900922014
26370	40.17220523487
26371	39.8630477333538
26372	39.5638102812066
26373	39.2765098291754
26374	39.0042208599341
26375	38.7489993921878
26376	38.512659233216
26377	38.295158809715
26378	38.094069997167
26379	37.9037411945836
26380	37.7177304155378
26381	37.5363232056341
26382	37.3627983766627
26383	37.2022264127141
26384	37.0568400269587
26385	36.9223027225637
26386	36.7944632440692
26387	36.6731628004061
26388	36.5620882659847
26389	36.4649416695557
26390	36.3829736599735
26391	36.313439298434
26392	36.2544655310261
26393	36.2079679954896
26394	36.1734184492329
26395	36.1474438006136
26396	36.1301805873931
26397	36.1213635143998
26398	36.119110590742
26399	36.121445972622
26400	36.1287356129908
26401	36.1398889895863
26402	36.1498358114998
26403	36.1569010165444
26404	36.1609682837483
26405	36.1627374428287
26406	36.1651369904323
26407	36.168840128584
26408	36.1735614875183
26409	36.1789238775377
26410	36.1850670099705
26411	36.1927090184365
26412	36.2023713449502
26413	36.213482590874
26414	36.225081375582
26415	36.2372202328144
26416	36.2490120203144
26417	36.2610200407978
26418	36.2739906809277
26419	36.2876002689291
26420	36.3030897121956
26421	36.320388276047
26422	36.3367534408361
26423	36.3510906665047
26424	36.3650487940341
26425	36.3786519209402
26426	36.3885001821786
26427	36.3933332143432
26428	36.3944063448229
26429	36.3930472697619
26430	36.3908614616627
26431	36.3883131271286
26432	36.3838791252252
26433	36.3765106473937
26434	36.3687498080466
26435	36.3640662857482
26436	36.3618535248976
26437	36.3604609239361
26438	36.3590132887799
26439	36.3570706630818
26440	36.3577368164728
26441	36.363581461166
26442	36.3737277905809
26443	36.3846149988842
26444	36.394058595108
26445	36.4029131927203
26446	36.413070081749
26447	36.4250839289108
26448	36.4394264210789
26449	36.4569860297918
26450	36.4785449017106
26451	36.5034760866542
26452	36.5263244686766
26453	36.5424229459368
26454	36.5498276994114
26455	36.5470335221002
26456	36.5340994481209
26457	36.5136496671839
26458	36.4888957640406
26459	36.4639535089659
26460	36.4421278826903
26461	36.423917590169
26462	36.4106990734024
26463	36.4029519709863
26464	36.3985022926763
26465	36.3967178603247
26466	36.3976770227974
26467	36.3997640547797
26468	36.4028063203129
26469	36.4070891372517
26470	36.4147942660928
26471	36.4329583890817
26472	36.4652849073479
26473	36.514380495643
26474	36.5818898678859
26475	36.6667565858218
26476	36.7682155531291
26477	36.8857008774389
26478	37.0170612115691
26479	37.1581605067797
26480	37.305979878822
26481	37.45820009489
26482	37.6157445008649
26483	37.7859877217917
26484	37.9740475409903
26485	38.1769765785405
26486	38.3891715785841
26487	38.6078716509027
26488	38.8347489305122
26489	39.067840552964
26490	39.3037809483988
26491	39.5415661007911
26492	39.769882258655
26493	39.980501190896
26494	40.1756820398192
26495	40.3593255805131
26496	40.5303367198149
26497	40.6876539639383
26498	40.8313144195596
26499	40.9614975478492
26500	41.0813592467056
26501	41.1901979094461
26502	41.2871023156935
26503	41.3717844794472
26504	41.4437960643342
26505	41.5050263695607
26506	41.5582039709504
26507	41.6030866844108
26508	41.6405039825588
26509	41.6721209954696
26510	41.6972597596646
26511	41.7153706351445
26512	41.7266797261101
26513	41.7314110934998
26514	41.7311233122602
26515	41.7266878259872
26516	41.7187537371759
26517	41.707767741289
26518	41.6937743584513
26519	41.6767787595751
26520	41.6570322066389
26521	41.6356714538644
26522	41.6129111614393
26523	41.5867180295763
26524	41.5562201498101
26525	41.5230402168995
26526	41.4879815977034
26527	41.4500635965015
26528	41.4059292061761
26529	41.3540103919682
26530	41.294790958711
26531	41.230842420278
26532	41.1668897391066
26533	41.1098087259507
26534	41.0676009559355
26535	41.0455735513176
26536	41.0477666667184
26537	41.0775334936195
26538	41.1370509127115
26539	41.2269163861521
26540	41.3446115232105
26541	41.4873850493861
26542	41.654024479106
26543	41.8411473296148
26544	42.0434484010734
26545	42.257543274572
26546	42.4810538876495
26547	42.709401460209
26548	42.93825352584
26549	43.1647883734744
26550	43.3863202739627
26551	43.6019634182438
26552	43.8113864866316
26553	44.0136362947146
26554	44.2079115032523
26555	44.3921464288425
26556	44.5654378690167
26557	44.7281186242589
26558	44.8795284042182
26559	45.0208807437595
26560	45.1531237154045
26561	45.2763146341041
26562	45.3911054812182
26563	45.4978070227606
26564	45.5968199289063
26565	45.6883162261052
26566	45.7742265699647
26567	45.8552689853237
26568	45.9305965631331
26569	46.000334293351
26570	46.0635538214787
26571	46.1193290807543
26572	46.1680679824003
26573	46.2104577197457
26574	46.2465585521186
26575	46.2771911701951
26576	46.3027826169684
26577	46.3231744615498
26578	46.3387435429343
26579	46.3490402749957
26580	46.3548165202147
26581	46.357157647617
26582	46.3564765995158
26583	46.3540321799987
26584	46.3503751319054
26585	46.345792091925
26586	46.3406510616655
26587	46.3350797623375
26588	46.3285350909782
26589	46.3224692918348
26590	46.3189245798827
26591	46.3184368644123
26592	46.3177483192242
26593	46.3073292805606
26594	46.2775310553176
26595	46.2208399816876
26596	46.1329233293635
26597	46.0120557984252
26598	45.8561108242721
26599	45.661848874349
26600	45.4261688499449
26601	45.1474362992353
26602	44.8276223502382
26603	44.4703569698533
26604	44.0773858091389
26605	43.6525895045167
26606	43.2008890259333
26607	42.7267267497665
26608	42.2345547607377
26609	41.7290286273873
26610	41.2166794060464
26611	40.7023000762264
26612	40.1908790219591
26613	39.6890041668225
26614	39.2003487306408
26615	38.7266169949979
26616	38.2705476212783
26617	37.8356520404734
26618	37.4232290799809
26619	37.0330737002945
26620	36.6649009209357
26621	36.3191691263616
26622	35.996321259671
26623	35.6957836411282
26624	35.4162090335381
26625	35.1554026105977
26626	34.911231349596
26627	34.6826154585705
26628	34.4684577045672
26629	34.2669792577158
26630	34.0764747850163
26631	33.8960243274905
26632	33.724840335485
26633	33.5615544676741
26634	33.4060700406348
26635	33.2589303135665
26636	33.1192180229148
26637	32.9870201340717
26638	32.8626251405511
26639	32.7447390508184
26640	32.6323385605228
26641	32.5259318520729
26642	32.4250338666855
26643	32.3284024389066
26644	32.2356639912059
26645	32.1471848499841
26646	32.0635665337236
26647	31.9843025977873
26648	31.9094566310644
26649	31.8388748406789
26650	31.7721409718919
26651	31.709704236451
26652	31.6547165615055
26653	31.6151017738966
26654	31.5989542733048
26655	31.6082039504038
26656	31.6387939822342
26657	31.6877151074269
26658	31.7523962037878
26659	31.829023925874
26660	31.9154684750384
26661	32.0090834265948
26662	32.1079126441516
26663	32.2119933956677
26664	32.3215624253752
26665	32.4364591502776
26666	32.5566773651474
26667	32.6827769839879
26668	32.8147665359011
26669	32.9525509032017
26670	33.0957419469474
26671	33.2437292874382
26672	33.3961407610538
26673	33.551762932713
26674	33.7109318962575
26675	33.8748336742966
26676	34.0423516030448
26677	34.2130251047941
26678	34.3859763965347
26679	34.559914394818
26680	34.7345485141682
26681	34.9097370451801
26682	35.0853454648758
26683	35.2602341457292
26684	35.4335928479044
26685	35.6050102644363
26686	35.7739512624096
26687	35.9397707051886
26688	36.1030193711088
26689	36.2643746913291
26690	36.4222530440973
26691	36.5755471329266
26692	36.7245116485928
26693	36.8686714872088
26694	37.005586286828
26695	37.1332980205949
26696	37.251750834732
26697	37.3608659740243
26698	37.461781123233
26699	37.5563749888744
26700	37.6453488140394
26701	37.7292658577166
26702	37.8082858677711
26703	37.8831601860807
26704	37.9544862486873
26705	38.0220314865282
26706	38.0864404373365
26707	38.1497309036917
26708	38.2151640256833
26709	38.2836437781228
26710	38.3562224935158
26711	38.4354032447169
26712	38.5203640290311
26713	38.610480316527
26714	38.7066261951818
26715	38.8084410454205
26716	38.9163218164444
26717	39.0286837888152
26718	39.1441562047708
26719	39.2632611410011
26720	39.3850393939835
26721	39.5076688160791
26722	39.6297408325284
26723	39.7516742458409
26724	39.8740421132099
26725	39.9954225394127
26726	40.1137329693639
26727	40.2290442142244
26728	40.3412590233793
26729	40.4502799965582
26730	40.557212438748
26731	40.6621519057007
26732	40.7642873316334
26733	40.8630223613393
26734	40.9584168845344
26735	41.0507334054469
26736	41.1401052188898
26737	41.2262683938704
26738	41.3080957624765
26739	41.3858430949649
26740	41.459669072308
26741	41.5285917791841
26742	41.5920198903953
26743	41.6499624978093
26744	41.7034129023211
26745	41.7527603433147
26746	41.7980787159445
26747	41.8396429947897
26748	41.8781193263573
26749	41.9133741314601
26750	41.9458379896158
26751	41.9763422359602
26752	42.0042177429647
26753	42.0295966002201
26754	42.0527793831155
26755	42.0740912937042
26756	42.0937136492302
26757	42.1107927706383
26758	42.1252824078154
26759	42.1378353895989
26760	42.1493662216526
26761	42.1590013390157
26762	42.1633857424541
26763	42.1607473537936
26764	42.1493211566029
26765	42.1263495074844
26766	42.0912032099437
26767	42.0418568539396
26768	41.9743102045932
26769	41.8847851060019
26770	41.7705920101538
26771	41.6310500671848
26772	41.4663689745112
26773	41.2752093713049
26774	41.0570965964722
26775	40.8134660725238
26776	40.544364897166
26777	40.2491732414276
26778	39.9296734929656
26779	39.5907719602128
26780	39.2366478098339
26781	38.870442434184
26782	38.4966135969027
26783	38.1194748652111
26784	37.742984637216
26785	37.3713291692458
26786	37.0073805504415
26787	36.6535436586106
26788	36.3113083245331
26789	35.9818970969035
26790	35.6665968402373
26791	35.3669235781483
26792	35.0839773876221
26793	34.8190981791135
26794	34.5730237929968
26795	34.3466198258302
26796	34.1426081581875
26797	33.9643994317735
26798	33.8134467323285
26799	33.6912640338899
26800	33.6053924374039
26801	33.5609544989201
26802	33.5573478105564
26803	33.5941704615125
26804	33.6723532675708
26805	33.7887331956442
26806	33.9353102175825
26807	34.1065690326258
26808	34.2965708579558
26809	34.5021225258913
26810	34.7260885216966
26811	34.970067160742
26812	35.2349783120594
26813	35.5190279437964
26814	35.8182709628139
26815	36.1261323291081
26816	36.438931041221
26817	36.7528199885996
26818	37.0656322060106
26819	37.3791531397766
26820	37.6916791972882
26821	38.0050653595379
26822	38.321646405341
26823	38.6417008270286
26824	38.9559818585158
26825	39.2611508072622
26826	39.5624047288533
26827	39.8591024198084
26828	40.1539463786649
26829	40.4495009439702
26830	40.7477542186267
26831	41.0495742970231
26832	41.3508189444125
26833	41.6458427887657
26834	41.9323773967914
26835	42.2090295722342
26836	42.4714386255418
26837	42.716374804206
26838	42.9405738343198
26839	43.1419317298712
26840	43.3215505670578
26841	43.4811399549172
26842	43.6221530489232
26843	43.7449880470738
26844	43.8531819059913
26845	43.9540918276379
26846	44.0501038655596
26847	44.1410428402016
26848	44.2261818106338
26849	44.3035744534574
26850	44.3700532180096
26851	44.4222796879723
26852	44.4561250871067
26853	44.4639249708312
26854	44.441185892684
26855	44.3878748112412
26856	44.3018434848141
26857	44.1808275959764
26858	44.0262633663573
26859	43.8407623544236
26860	43.6278484141502
26861	43.3900101230146
26862	43.1265699469509
26863	42.8361521550144
26864	42.5191690959696
26865	42.1794851452503
26866	41.8210528615634
26867	41.4458326829578
26868	41.056332661064
26869	40.6555611020944
26870	40.246476831832
26871	39.8328846672641
26872	39.4177384260966
26873	39.0032516126374
26874	38.5923467800036
26875	38.1885375630278
26876	37.7953280691612
26877	37.4158458025593
26878	37.0521980841233
26879	36.7047940318687
26880	36.372859985485
26881	36.0556614389388
26882	35.7543117576732
26883	35.472801770271
26884	35.2151377641632
26885	34.9895177370387
26886	34.7975858821063
26887	34.6309999364561
26888	34.4828527469448
26889	34.3436822169728
26890	34.2045824484318
26891	34.0604574970797
26892	33.9085358123529
26893	33.7462739806892
26894	33.5735244731295
26895	33.3952706136129
26896	33.2207251554062
26897	33.0558966998271
26898	32.900490157924
26899	32.754912258645
26900	32.6188539580658
26901	32.4904336548868
26902	32.3705632348579
26903	32.261417162523
26904	32.1620565236581
26905	32.0687549076715
26906	31.9792941380742
26907	31.8946130937189
26908	31.8183850703193
26909	31.7519773704411
26910	31.6912353670652
26911	31.6332592710652
26912	31.578769975759
26913	31.5292541541094
26914	31.486913237562
26915	31.4535877911554
26916	31.4273732428234
26917	31.4067967259509
26918	31.3918675731162
26919	31.38274933458
26920	31.3826173338842
26921	31.3955742397363
26922	31.4210690029862
26923	31.4516232452855
26924	31.4809504823207
26925	31.5127180153109
26926	31.5551637160058
26927	31.6104771573603
26928	31.6704682511257
26929	31.7262973735249
26930	31.7794098128899
26931	31.8366074694448
26932	31.906258886954
26933	31.9908454941294
26934	32.0824373521886
26935	32.1715803201859
26936	32.258781809391
26937	32.3565815681095
26938	32.4731854889822
26939	32.606299261947
26940	32.7517586519528
26941	32.9079316335718
26942	33.0758878888458
26943	33.2500365949093
26944	33.4275894589393
26945	33.6135006896281
26946	33.8044676746557
26947	33.9937581358952
26948	34.1758026842517
26949	34.3460742271801
26950	34.5024640425541
26951	34.6422475756929
26952	34.7625933704064
26953	34.8618873849177
26954	34.9398235677588
26955	34.9969054408647
26956	35.0326453036169
26957	35.047571753989
26958	35.0444094477759
26959	35.0261921632549
26960	34.9953481145361
26961	34.951517424112
26962	34.8949011780462
26963	34.8272933474563
26964	34.7499835298836
26965	34.6659102499994
26966	34.5785245382516
26967	34.4951634049182
26968	34.4284257427351
26969	34.3854126847634
26970	34.3631792865529
26971	34.3589553751992
26972	34.3704487256519
26973	34.3934409417718
26974	34.4259728317671
26975	34.4674750487273
26976	34.5156999281651
26977	34.5696207171903
26978	34.6297520256563
26979	34.6948880327854
26980	34.7637704992402
26981	34.8358357887164
26982	34.9108376039215
26983	34.9886163581024
26984	35.0703455198988
26985	35.1554532442829
26986	35.2431238968686
26987	35.3344051523001
26988	35.428110360342
26989	35.5227469499887
26990	35.6182672322018
26991	35.7138908995029
26992	35.8102587679548
26993	35.9084057076293
26994	36.0072166020612
26995	36.1054578030186
26996	36.2029224037059
26997	36.2985774216509
26998	36.3912150151213
26999	36.4812770372092
27000	36.5687643072928
27001	36.652788437249
27002	36.7327775078346
27003	36.8094889829195
27004	36.8834135215978
27005	36.9537008789408
27006	37.0202407698682
27007	37.0840961245295
27008	37.1454048333536
27009	37.2043453791894
27010	37.2620122090899
27011	37.3182346506475
27012	37.3718019985135
27013	37.4214950162637
27014	37.4680499518979
27015	37.512219820901
27016	37.5539093550119
27017	37.5935689915201
27018	37.6310669785695
27019	37.6672660548768
27020	37.7030941244408
27021	37.7391737961933
27022	37.7770205461326
27023	37.8201146678927
27024	37.8705767422777
27025	37.9303896270832
27026	38.0023239651788
27027	38.0828620728145
27028	38.1650582418662
27029	38.243107215163
27030	38.3145552802642
27031	38.3776295259407
27032	38.4289143135332
27033	38.4683048286941
27034	38.4968743528613
27035	38.5148809660137
27036	38.5212959159867
27037	38.5161808936373
27038	38.5021644924616
27039	38.480444459222
27040	38.4521773958526
27041	38.4194204512289
27042	38.3820508520471
27043	38.3392248549897
27044	38.2920478921182
27045	38.2414984369245
27046	38.187963555842
27047	38.1305576908125
27048	38.068735053167
27049	38.0042324930446
27050	37.9383413507473
27051	37.8714577640496
27052	37.8046752157005
27053	37.738376793795
27054	37.6733699962427
27055	37.6101666692118
27056	37.5491927846346
27057	37.4902890476247
27058	37.4331505345405
27059	37.3781727314789
27060	37.3251276842917
27061	37.2745151965969
27062	37.2270192360755
27063	37.1834921681351
27064	37.1444281953782
27065	37.1092413009499
27066	37.0772997203294
27067	37.0484453243232
27068	37.0227741973342
27069	36.9992800131508
27070	36.9776511235124
27071	36.9589297277159
27072	36.9438981580129
27073	36.9324280607479
27074	36.9244653440095
27075	36.920956446077
27076	36.9222269825573
27077	36.9280767339814
27078	36.9372749832026
27079	36.9497070007027
27080	36.9660796587804
27081	36.9866034655082
27082	37.0110298082581
27083	37.0372468490564
27084	37.063137861445
27085	37.086880685838
27086	37.108930470324
27087	37.1325999769156
27088	37.1616075544775
27089	37.1982153042059
27090	37.2426843227777
27091	37.2952138779042
27092	37.3565422569729
27093	37.4271292626471
27094	37.5060758353548
27095	37.5930292679443
27096	37.6876199136881
27097	37.7863527221744
27098	37.8870056905146
27099	37.9904711735119
27100	38.0956569903313
27101	38.2022626399882
27102	38.3111418622949
27103	38.420767790101
27104	38.5306399535505
27105	38.6415408434908
27106	38.7526340641737
27107	38.8615961533532
27108	38.9674914353323
27109	39.0703149814037
27110	39.1700962299235
27111	39.2668831005314
27112	39.3607003502202
27113	39.4520026655378
27114	39.5412373142681
27115	39.6281976449879
27116	39.7135549488883
27117	39.7982638179528
27118	39.8813927877822
27119	39.9622319587847
27120	40.0404399125281
27121	40.1159404197142
27122	40.1892776334553
27123	40.2606452461614
27124	40.3306572593773
27125	40.4001524129196
27126	40.4684588777294
27127	40.5353072227127
27128	40.6009119258293
27129	40.6644382732756
27130	40.725036435708
27131	40.7827853982743
27132	40.8376636048445
27133	40.889300413844
27134	40.9378075064158
27135	40.9839334479911
27136	41.0274664389423
27137	41.0686606357114
27138	41.108950249797
27139	41.1482753263963
27140	41.1863399387509
27141	41.2231083889275
27142	41.2589855718266
27143	41.2938158266422
27144	41.326696334173
27145	41.3579751283007
27146	41.388331650326
27147	41.4207020619423
27148	41.4588888414482
27149	41.5038511216179
27150	41.5514013518394
27151	41.5950132984781
27152	41.6306406670682
27153	41.6529402706428
27154	41.657264104944
27155	41.6418446644003
27156	41.6063163861345
27157	41.551054595517
27158	41.4764465630812
27159	41.3822453063904
27160	41.2678902811841
27161	41.1346817050812
27162	40.9836762082983
27163	40.815182691641
27164	40.6318046185326
27165	40.4347655606192
27166	40.2240161656109
27167	40.0019514258475
27168	39.7703655869643
27169	39.5304156511686
27170	39.2847452908826
27171	39.037006169612
27172	38.7888331137613
27173	38.5394115808884
27174	38.288788556958
27175	38.0387574856753
27176	37.7919673861209
27177	37.549491076882
27178	37.3126081350883
27179	37.0833566104124
27180	36.8635953745374
27181	36.6556259035137
27182	36.4590874683968
27183	36.2734982116719
27184	36.1003870483715
27185	35.9407217309488
27186	35.7954911939009
27187	35.6653620500905
27188	35.5498316175121
27189	35.448776481157
27190	35.362386263016
27191	35.2905543813476
27192	35.2310238622129
27193	35.1815784571398
27194	35.1407509894319
27195	35.1067240703611
27196	35.0784424453532
27197	35.0555685012848
27198	35.0390164659529
27199	35.0297895620816
27200	35.0282584755938
27201	35.0336932749152
27202	35.0455753140147
27203	35.063279198352
27204	35.0854575334533
27205	35.1117379562684
27206	35.1428931137791
27207	35.1789726563058
27208	35.2198357912919
27209	35.2645433243881
27210	35.3100420699121
27211	35.3556387531005
27212	35.402387861022
27213	35.4526389117316
27214	35.5130060080263
27215	35.5892025352254
27216	35.6817233770561
27217	35.7902523959156
27218	35.914488719829
27219	36.0538058261583
27220	36.2089957530445
27221	36.3816533041174
27222	36.5717101144918
27223	36.7775874885689
27224	36.9975703752211
27225	37.2296937439505
27226	37.473001484206
27227	37.7264969048098
27228	37.9889377615454
27229	38.2586305571982
27230	38.5331657399817
27231	38.8081818483302
27232	39.0800475701707
27233	39.348299491921
27234	39.6116178979592
27235	39.8679211469789
27236	40.1159376424061
27237	40.3548716135896
27238	40.5837489159905
27239	40.801752915154
27240	41.0082844994839
27241	41.2022572600813
27242	41.3822686051072
27243	41.5489563382939
27244	41.7042523169586
27245	41.849187522757
27246	41.9856802053744
27247	42.1148403932607
27248	42.2369648993754
27249	42.3527270222436
27250	42.4622718738646
27251	42.5666737707082
27252	42.6664605632288
27253	42.760239167061
27254	42.8470363154656
27255	42.9275278399093
27256	43.0021078488104
27257	43.0720158213587
27258	43.1385971721784
27259	43.201647822352
27260	43.2602485048759
27261	43.313931624724
27262	43.3633109502192
27263	43.4092833789392
27264	43.4528727789493
27265	43.4939323124806
27266	43.5320278842482
27267	43.5671600204157
27268	43.5991331835948
27269	43.6289965132449
27270	43.6573292201992
27271	43.6840775230136
27272	43.7108396595735
27273	43.7384034534349
27274	43.7681354065697
27275	43.800699353432
27276	43.8330283148604
27277	43.8599842188558
27278	43.8749917955158
27279	43.8706546925952
27280	43.8412372889202
27281	43.783674245444
27282	43.6960672274552
27283	43.5775700248443
27284	43.428139658641
27285	43.2483113134819
27286	43.0384281190309
27287	42.7974114880445
27288	42.5263060689116
27289	42.2281989879987
27290	41.9049958291296
27291	41.5598857049056
27292	41.1958085758664
27293	40.8153693698608
27294	40.4223343486875
27295	40.019516988267
27296	39.6113446185644
27297	39.2035445369495
27298	38.7993966980621
27299	38.4009327023296
27300	38.0109891831874
27301	37.633166996166
27302	37.2705523363159
27303	36.9247349353512
27304	36.5959112592412
27305	36.283834023712
27306	35.9881387439826
27307	35.7085876296701
27308	35.4448327820065
27309	35.1969836936042
27310	34.9668914658895
27311	34.7550201750225
27312	34.5602764431011
27313	34.3812254469973
27314	34.2159243405607
27315	34.0626771983335
27316	33.9208632830296
27317	33.7894768872096
27318	33.6663656732427
27319	33.5523178428883
27320	33.4491593855165
27321	33.3598957338861
27322	33.2938543457734
27323	33.2589877194538
27324	33.2544918078527
27325	33.2739890847251
27326	33.3140105364663
27327	33.3745282106076
27328	33.4535173953061
27329	33.5469038654537
27330	33.6529359060485
27331	33.7717644984897
27332	33.9026451979374
27333	34.0462517387951
27334	34.2031805008353
27335	34.3732563086801
27336	34.5547238813348
27337	34.7443296590851
27338	34.9405976011014
27339	35.1423746060551
27340	35.351950862933
27341	35.5728676652767
27342	35.8052175366328
27343	36.0459645899469
27344	36.2925721316881
27345	36.5440994870731
27346	36.7983377611133
27347	37.0517353616251
27348	37.3011844347894
27349	37.5459794076407
27350	37.7868373526029
27351	38.0243992399363
27352	38.2558424443724
27353	38.4789276254242
27354	38.6951543095328
27355	38.9042663799061
27356	39.1051038337034
27357	39.2963438232865
27358	39.4785514522541
27359	39.652827929321
27360	39.8159205573593
27361	39.9654323652524
27362	40.0995867223799
27363	40.2200863867487
27364	40.3321849173793
27365	40.4365372927343
27366	40.5278746967045
27367	40.6055516573685
27368	40.6777545573157
27369	40.752631161933
27370	40.8356104013258
27371	40.9299156887898
27372	41.0383383437349
27373	41.1618709568009
27374	41.2998497988223
27375	41.4506568529682
27376	41.6121253888098
27377	41.7813120989521
27378	41.955047183512
27379	42.1309307925211
27380	42.3082046757993
27381	42.4861958522021
27382	42.6627132957138
27383	42.8361632078238
27384	43.0058292316017
27385	43.1705843399997
27386	43.3288212882398
27387	43.4792977406127
27388	43.622839023743
27389	43.7614115179582
27390	43.8960665090463
27391	44.0284556584177
27392	44.1618541696581
27393	44.2943799744548
27394	44.4192401875537
27395	44.5256492893025
27396	44.6028432627794
27397	44.6455359091857
27398	44.6490191187989
27399	44.6096235703953
27400	44.5255465961044
27401	44.3981879406867
27402	44.2304781434126
27403	44.0221123087829
27404	43.7711878402558
27405	43.4807750555148
27406	43.1562768798306
27407	42.7990368085992
27408	42.4122368221629
27409	42.0058797890609
27410	41.5885409040472
27411	41.1610187505986
27412	40.7221159110395
27413	40.2710211004166
27414	39.8085409057587
27415	39.337800899366
27416	38.8620676321962
27417	38.3856739791249
27418	37.9116014045872
27419	37.4427500517022
27420	36.9827317398988
27421	36.5338045929611
27422	36.0982894470446
27423	35.6793557079836
27424	35.2794440574224
27425	34.9002731243035
27426	34.5450314075366
27427	34.2157869656054
27428	33.915112145471
27429	33.6487526725398
27430	33.4202911181683
27431	33.231797651555
27432	33.0832348057172
27433	32.9710467929905
27434	32.8949321963428
27435	32.8544041058131
27436	32.843715763589
27437	32.8583043281541
27438	32.896754819064
27439	32.9570785997954
27440	33.0351834088073
27441	33.1280946338141
27442	33.2352525629952
27443	33.3531536161046
27444	33.4791872278926
27445	33.6125878533031
27446	33.7516893511501
27447	33.8922555015527
27448	34.0296772197333
27449	34.1632314685141
27450	34.2925068564295
27451	34.4160213867217
27452	34.5343609394399
27453	34.6491952946431
27454	34.7616487604527
27455	34.8727476239202
27456	34.9836862626736
27457	35.0953332672507
27458	35.2071250754412
27459	35.3185488211194
27460	35.4275622423814
27461	35.5316135642883
27462	35.632503053612
27463	35.7337562704424
27464	35.8398057027148
27465	35.9615015080058
27466	36.1108856085474
27467	36.2958694220451
27468	36.5217492898877
27469	36.7923080525555
27470	37.1095589175884
27471	37.4728269304328
27472	37.8799017042696
27473	38.3260086789855
27474	38.8039710718959
27475	39.3072416593525
27476	39.828660999209
27477	40.3607110603909
27478	40.8961432883556
27479	41.4275143596907
27480	41.94839074499
27481	42.4532196765261
27482	42.9380538648576
27483	43.4001366483343
27484	43.8383077889378
27485	44.2518878874685
27486	44.640247165745
27487	45.0037635333706
27488	45.3430851704329
27489	45.6593114458959
27490	45.9537564426457
27491	46.2279765927622
27492	46.4832530679219
27493	46.7204365817528
27494	46.9404313238433
27495	47.145140212819
27496	47.3367130788174
27497	47.517191922912
27498	47.6878549196818
27499	47.8499376413019
27500	48.0034080487782
27501	48.1477678084778
27502	48.2838957991718
27503	48.4127484905451
27504	48.5354261068761
27505	48.6523841297865
27506	48.7629321610682
27507	48.8678342307715
27508	48.9691349476933
27509	49.0674276420596
27510	49.1625705839942
27511	49.2550506168304
27512	49.3465093411512
27513	49.4368052774309
27514	49.5192693695069
27515	49.5822636821481
27516	49.6139949913787
27517	49.6076209978965
27518	49.560371929996
27519	49.4689817339465
27520	49.3298549073966
27521	49.1408537177806
27522	48.9011043644067
27523	48.6104328509007
27524	48.2679403010361
27525	47.8731068994212
27526	47.4274892782644
27527	46.9387940345616
27528	46.4182415635428
27529	45.8714250021045
27530	45.2992852196912
27531	44.7027286104023
27532	44.0844578376061
27533	43.4507825244169
27534	42.8079616686627
27535	42.1616083792578
27536	41.5198535576049
27537	40.8931480936893
27538	40.2921182094062
27539	39.7239115024446
27540	39.1907065380624
27541	38.6911366151117
27542	38.2222758167646
27543	37.7821572795577
27544	37.3698757192776
27545	36.9845075364289
27546	36.6248200771589
27547	36.2887594923314
27548	35.9745922549729
27549	35.6819482355986
27550	35.4091364573287
27551	35.1542795130346
27552	34.9160416376724
27553	34.6922608075161
27554	34.4825137428638
27555	34.284998094033
27556	34.0981113602252
27557	33.9219446945752
27558	33.7555948284953
27559	33.5976881445923
27560	33.4488120375797
27561	33.3094136152349
27562	33.1784696639322
27563	33.055748460459
27564	32.9435856526607
27565	32.8473905911725
27566	32.7758959792024
27567	32.7369948880293
27568	32.730541582292
27569	32.7477022550261
27570	32.7799868922913
27571	32.8230067528289
27572	32.8726614922516
27573	32.9253183233263
27574	32.979436998747
27575	33.0333027687019
27576	33.0860116841549
27577	33.1384061777085
27578	33.1906614046815
27579	33.2430754252436
27580	33.2960158594201
27581	33.3501036499746
27582	33.4050523373213
27583	33.4610636918515
27584	33.5179302969141
27585	33.575496533648
27586	33.6337787117492
27587	33.6935821431773
27588	33.7559553586876
27589	33.8220470465211
27590	33.894946794344
27591	33.9770050435666
27592	34.0694344497247
27593	34.1731534684853
27594	34.2898535396515
27595	34.4209943657478
27596	34.5642301543683
27597	34.7156056134137
27598	34.8735432654229
27599	35.0381564265654
27600	35.2081570982399
27601	35.3754171856661
27602	35.5342868964595
27603	35.6887201443477
27604	35.8429730592791
27605	35.9957934004729
27606	36.1431576943563
27607	36.2782800281833
27608	36.3935897863784
27609	36.4876974704756
27610	36.5608727562398
27611	36.6103357169178
27612	36.6347739510802
27613	36.6360097720808
27614	36.6150366740292
27615	36.574019127575
27616	36.5201556564062
27617	36.4609106934193
27618	36.4031672904719
27619	36.3580891302771
27620	36.3360540184919
27621	36.3404048465375
27622	36.3726001445552
27623	36.4358274931264
27624	36.5331858183232
27625	36.6656502661236
27626	36.8310051853381
27627	37.0269274961239
27628	37.2503166761675
27629	37.4956507249398
27630	37.7592649744576
27631	38.0390005515561
27632	38.3327771775397
27633	38.6383899700167
27634	38.9520868384144
27635	39.2688182182054
27636	39.5835172530329
27637	39.8945065929433
27638	40.2017819616025
27639	40.5056086091381
27640	40.8059180014824
27641	41.1020993205949
27642	41.3896726158876
27643	41.6614716461934
27644	41.9110912132315
27645	42.1412716395838
27646	42.3562216994357
27647	42.5577532160567
27648	42.7494282187589
27649	42.9309595535206
27650	43.1005323105699
27651	43.2577734363864
27652	43.4033370521579
27653	43.5379222667397
27654	43.6622723403868
27655	43.7753036524157
27656	43.8748118546195
27657	43.9611886215462
27658	44.0357323721219
27659	44.0996347161022
27660	44.1553688426523
27661	44.205380287365
27662	44.2495078170257
27663	44.2856898638341
27664	44.3124189099326
27665	44.3313140705919
27666	44.3456734060005
27667	44.3580224603031
27668	44.367796796009
27669	44.3734991937151
27670	44.3754287536778
27671	44.3743587842787
27672	44.3697363751021
27673	44.3608376937555
27674	44.3502550265505
27675	44.3392476586934
27676	44.3256101328333
27677	44.3073095507796
27678	44.2843916019749
27679	44.2572504606737
27680	44.2255489691807
27681	44.1906618400223
27682	44.1538931801745
27683	44.1132311140964
27684	44.062976477428
27685	44.0010161207836
27686	43.9329064973961
27687	43.8684336681533
27688	43.8114727237454
27689	43.7526905775163
27690	43.6798327665624
27691	43.5852779588183
27692	43.464584471674
27693	43.3131205409922
27694	43.12627324915
27695	42.9020029433427
27696	42.6390679825961
27697	42.33795473359
27698	42.0004905512313
27699	41.6289483995116
27700	41.2265070703074
27701	40.7966030091601
27702	40.3439074472188
27703	39.8728858632105
27704	39.3878964910821
27705	38.8949296163604
27706	38.4030142621632
27707	37.9230295621981
27708	37.4654589083308
27709	37.0404662555907
27710	36.6564167260674
27711	36.3138851175052
27712	36.0059298374262
27713	35.7224176327015
27714	35.4521953559356
27715	35.1866298561303
27716	34.9205050955899
27717	34.6507580559619
27718	34.3783201152158
27719	34.11057994525
27720	33.8562586992372
27721	33.6219881233026
27722	33.4130520275278
27723	33.2315269431225
27724	33.0763225587403
27725	32.946888954675
27726	32.8433738614942
27727	32.7619813875212
27728	32.6936333008243
27729	32.6341160069809
27730	32.5845282884197
27731	32.5442032230454
27732	32.5140940402425
27733	32.4957172973129
27734	32.4897339390943
27735	32.4942378336475
27736	32.5063402401705
27737	32.5250422088672
27738	32.5514335136725
27739	32.5896633110959
27740	32.6425341584716
27741	32.7100948015211
27742	32.7910863398693
27743	32.8842278736241
27744	32.993584515577
27745	33.1229870094894
27746	33.2724688798911
27747	33.4451943467272
27748	33.6432907194728
27749	33.864747047794
27750	34.1074705600968
27751	34.3708767752135
27752	34.6575989354688
27753	34.9722707088786
27754	35.3170302769656
27755	35.6854496948607
27756	36.0736499649116
27757	36.4793665652208
27758	36.8921225191898
27759	37.3058260941439
27760	37.7222359609195
27761	38.1390629934529
27762	38.5473542291677
27763	38.9404101545617
27764	39.3216498898404
27765	39.6927639658412
27766	40.0492444578469
27767	40.3970989167189
27768	40.7426952951767
27769	41.0833821657103
27770	41.4134959297107
27771	41.7228368051207
27772	42.0094676025516
27773	42.2776816321935
27774	42.5216646255864
27775	42.737278061405
27776	42.9283256294303
27777	43.099055329039
27778	43.2507215426633
27779	43.3828250617144
27780	43.4953658194515
27781	43.5894224264142
27782	43.6658612484026
27783	43.7247828225348
27784	43.7670562538866
27785	43.793562584731
27786	43.8057441255891
27787	43.8056345065887
27788	43.7960894821149
27789	43.7796098861576
27790	43.7562753765162
27791	43.7255860125445
27792	43.6861588111249
27793	43.637224295394
27794	43.576973029523
27795	43.5037001795026
27796	43.4208442786663
27797	43.3323550814941
27798	43.2420298140408
27799	43.1565158491906
27800	43.0820753592897
27801	43.0211585613354
27802	42.9750747439827
27803	42.945914431738
27804	42.9352702337741
27805	42.9457154793439
27806	42.9788317309216
27807	43.0290516397746
27808	43.0866222569358
27809	43.1450305508181
27810	43.2053818646058
27811	43.2709597600776
27812	43.339758069009
27813	43.4066057760735
27814	43.4682149752912
27815	43.5266398438024
27816	43.586994504389
27817	43.6512406808723
27818	43.7138870103951
27819	43.7694929416186
27820	43.8214878725692
27821	43.8753783169431
27822	43.9296458978462
27823	43.9776504681
27824	44.0163344910911
27825	44.0472594410981
27826	44.0756747189628
27827	44.1054944893139
27828	44.1343184744717
27829	44.1569408848578
27830	44.1713755029247
27831	44.1802671332573
27832	44.1885000015336
27833	44.1975415045344
27834	44.2028366048626
27835	44.1997519582453
27836	44.1902735571637
27837	44.1809206018709
27838	44.1722866421874
27839	44.1588418304789
27840	44.1368070096721
27841	44.1070468900441
27842	44.0758422975512
27843	44.0490810241172
27844	44.0235982959784
27845	43.9909174564185
27846	43.9463774815455
27847	43.8952428817172
27848	43.8501208774193
27849	43.8214287432819
27850	43.807299144691
27851	43.7992275389202
27852	43.7947828388939
27853	43.7978572557214
27854	43.8123499607957
27855	43.8362333843297
27856	43.8587869142526
27857	43.8690998658437
27858	43.8677105543117
27859	43.8640926558248
27860	43.8668347172297
27861	43.8725784098446
27862	43.8686095121357
27863	43.8472389614383
27864	43.8132458415479
27865	43.7771621802644
27866	43.7448439966407
27867	43.7127271572168
27868	43.6740109186474
27869	43.6300998145244
27870	43.5874954581907
27871	43.5480234765791
27872	43.5122873270104
27873	43.481040695137
27874	43.4546358874558
27875	43.4338007320608
27876	43.4180197564107
27877	43.4080702324485
27878	43.4024805023505
27879	43.4003653100593
27880	43.4016223112976
27881	43.4040601216162
27882	43.4057149494783
27883	43.4044926616354
27884	43.3972428908279
27885	43.3810503835549
27886	43.354500994147
27887	43.3163644998131
27888	43.2658862665322
27889	43.2032657176363
27890	43.1302862656625
27891	43.0487638902839
27892	42.9610607441084
27893	42.8688608911764
27894	42.769270014599
27895	42.6588820380341
27896	42.5370010305825
27897	42.3998693525741
27898	42.2441825543932
27899	42.0678536784101
27900	41.8678285102945
27901	41.6436581112619
27902	41.3959614888446
27903	41.1251566610072
27904	40.8327203271363
27905	40.5207428936772
27906	40.1924732640254
27907	39.851032024414
27908	39.4987442479497
27909	39.1383479031915
27910	38.7722936555978
27911	38.4048155211532
27912	38.0405301612711
27913	37.683970350024
27914	37.3411424537512
27915	37.0196823183558
27916	36.7271437301043
27917	36.4718753672681
27918	36.2543545972529
27919	36.0644418751739
27920	35.8931419937969
27921	35.7350090432304
27922	35.5837202731483
27923	35.4341300363508
27924	35.2849502689935
27925	35.1374989632283
27926	34.9935096272765
27927	34.8506744296055
27928	34.7042954404791
27929	34.5521657888439
27930	34.3984321006966
27931	34.2507574302872
27932	34.1138615703164
27933	33.987700570571
27934	33.870047933201
27935	33.7621383947686
27936	33.6668479187531
27937	33.5813498048135
27938	33.5003717958745
27939	33.4242685638981
27940	33.3591619606877
27941	33.3073251987077
27942	33.264217657322
27943	33.225568342872
27944	33.1920043844996
27945	33.168527352346
27946	33.1562220634743
27947	33.150279188569
27948	33.1484349915863
27949	33.1524335295428
27950	33.1630230415374
27951	33.1781446024236
27952	33.1974763653538
27953	33.2240057252593
27954	33.2578685870711
27955	33.296823464838
27956	33.3417502660882
27957	33.3965087127954
27958	33.4626850426524
27959	33.537202254912
27960	33.6162530038551
27961	33.6982766823359
27962	33.7842424577639
27963	33.8781821583527
27964	33.9836517922552
27965	34.0944856459721
27966	34.2013306647957
27967	34.3010722489288
27968	34.3935264296883
27969	34.4809449894842
27970	34.5694354145094
27971	34.6650369875688
27972	34.7671649940089
27973	34.8698311769749
27974	34.967270424934
27975	35.0587390092856
27976	35.1480223275086
27977	35.2401774525417
27978	35.3389623507587
27979	35.4450633547938
27980	35.5568756571738
27981	35.6751487672566
27982	35.8040766306111
27983	35.9436563937227
27984	36.0893542992648
27985	36.2354867902001
27986	36.375423813562
27987	36.5024862672661
27988	36.6108475094289
27989	36.695536782103
27990	36.7527092658151
27991	36.7834874453046
27992	36.7888178028032
27993	36.767087141203
27994	36.7179942590064
27995	36.6473492656365
27996	36.5653020491256
27997	36.4774084526887
27998	36.3917613497337
27999	36.3183465432774
28000	36.2608894952271
