Time	IMU_Yaw_Data
0	0
1	0.000828361607967878
2	0.00149126821995935
3	0.00354197302831363
4	0.00896121130847057
5	0.0166495497637449
6	0.0212626934158617
7	0.0232613101614542
8	0.0314090057999833
9	0.0441345896232311
10	0.0627688261970765
11	0.05143150702715
12	-0.0183485953709574
13	-0.110666828419593
14	-0.193503904770785
15	-0.260430654015686
16	-0.31013346265567
17	-0.340500928418673
18	-0.350388266359184
19	-0.344062879767296
20	-0.339421220526854
21	-0.353684848298757
22	-0.39794534975931
23	-0.479723100682866
24	-0.575235773231135
25	-0.659633003661146
26	-0.769024297215232
27	-0.916053020892814
28	-1.06519790405991
29	-1.21092972425392
30	-1.33449815331844
31	-1.41937138873854
32	-1.49719191461966
33	-1.55977918464792
34	-1.59355246088085
35	-1.59987680782359
36	-1.56750396074232
37	-1.48421020471893
38	-1.30945883005884
39	-1.01064185604854
40	-0.576457928646051
41	-0.013574127843857
42	0.655581460879731
43	1.40798622824577
44	2.22095713082414
45	3.07311261346879
46	3.94528111478203
47	4.82128064498222
48	5.68836640485523
49	6.53732399231062
50	7.36226910416837
51	8.16023583287861
52	8.93064666864421
53	9.67474723981481
54	10.3950668534029
55	11.0949230285637
56	11.753470297054
57	12.365971459129
58	12.948047792501
59	13.4869031701793
60	13.9668941783866
61	14.380201254769
62	14.7287978521756
63	15.0153791955054
64	15.2530317537753
65	15.4730871160626
66	15.6920003669232
67	15.8784131884254
68	15.9480393104495
69	15.8931219133043
70	15.8348436042129
71	15.8790379661287
72	16.0901842561582
73	16.4746491200744
74	16.9840373765442
75	17.579069704251
76	18.2293671029434
77	18.9127389500054
78	19.614013805108
79	20.3235905697842
80	21.0359325033707
81	21.7481961432165
82	22.4591174644072
83	23.1681982262219
84	23.8751770119793
85	24.5797303451404
86	25.2813459204379
87	25.9793074156021
88	26.6727462166169
89	27.3607287288705
90	28.0423543000923
91	28.7168455976713
92	29.383620676442
93	30.0423397653797
94	30.6929239396984
95	31.333001219966
96	31.9596400164758
97	32.5777696831614
98	33.186180885837
99	33.7679128813682
100	34.3187642621751
101	34.8479488005288
102	35.356740663524
103	35.8088299265508
104	36.146509668289
105	36.3217934042222
106	36.3224329095072
107	36.1743637820144
108	35.9052041702521
109	35.5494060440808
110	35.1321483913784
111	34.6578580786017
112	34.1276139450444
113	33.5399199518438
114	32.8924360713637
115	32.1838402035313
116	31.4147870987162
117	30.5882440418315
118	29.7094513048384
119	28.7856419227169
120	27.8256110619995
121	26.8392011657059
122	25.8367558500141
123	24.8285848295812
124	23.8244696400248
125	22.8332283868866
126	21.8623457761471
127	20.9192966606091
128	20.0106087008784
129	19.1435560924985
130	18.3222328397118
131	17.5445089399255
132	16.8347624245529
133	16.2397868414976
134	15.7569537279404
135	15.3265566560996
136	14.8965909832021
137	14.445547662761
138	13.9715625750349
139	13.4761564084478
140	12.959817298818
141	12.432956821939
142	11.8972497942925
143	11.3549716176485
144	10.809998039402
145	10.2651828123309
146	9.73455612730077
147	9.20838274087792
148	8.69707521734036
149	8.21651769628692
150	7.76439372260139
151	7.35690958206924
152	6.98758962364508
153	6.63750009687046
154	6.30853087326818
155	6.00301717894468
156	5.71134778241352
157	5.42512485032415
158	5.13757657904544
159	4.84210422692839
160	4.53650089438894
161	4.21690198977136
162	3.8811531047242
163	3.54085830585871
164	3.22622850474365
165	2.96740801976282
166	2.78931652374818
167	2.70162790851789
168	2.70018843419189
169	2.7730781227734
170	2.89947376086598
171	3.07742458056729
172	3.31365368259045
173	3.60285798456478
174	3.9465030543467
175	4.34402148164694
176	4.77745792011554
177	5.22072690618399
178	5.67413912005771
179	6.16073814572075
180	6.68722169037792
181	7.26366962408662
182	7.90860745160714
183	8.63504424429824
184	9.46209505795802
185	10.3963063776569
186	11.4242647815758
187	12.5253555301954
188	13.6584958110005
189	14.7978898739038
190	15.926206265657
191	17.0166358403378
192	18.0562714815536
193	19.0524022741041
194	20.0026860422084
195	20.8996573150043
196	21.7484532314175
197	22.5547854933452
198	23.3246763919574
199	24.0642309294829
200	24.7794457664734
201	25.4760478583599
202	26.1593583593158
203	26.8341830795568
204	27.5047327082143
205	28.1745745036495
206	28.8466152651457
207	29.5231156298665
208	30.2057303938712
209	30.8955676455388
210	31.5932628161694
211	32.2990613195416
212	33.0129026854803
213	33.7345018617153
214	34.4634254124915
215	35.2051956418574
216	35.9661847598209
217	36.7401691501539
218	37.5151511657353
219	38.2852028752377
220	39.0519428310881
221	39.8167806575915
222	40.5818688869316
223	41.3587547651239
224	42.1638476886157
225	43.0116616114436
226	43.8976731194142
227	44.8033169012838
228	45.6591283407406
229	46.3749145297968
230	46.901270662919
231	47.2970757050709
232	47.6372279441705
233	47.8882631914961
234	48.0721427547683
235	48.1955591727679
236	48.2586210142462
237	48.2746507730924
238	48.2416470792481
239	48.1619222308856
240	48.0400751092888
241	47.8784353527638
242	47.6828115220263
243	47.4622610898099
244	47.2110161147744
245	46.9379260404144
246	46.6510924685257
247	46.3560949894095
248	46.053011611648
249	45.741942098844
250	45.4216814514768
251	45.0893873239438
252	44.7473585127202
253	44.3930521475189
254	44.0260751687387
255	43.6522173936023
256	43.2751808619889
257	42.8914337198527
258	42.492098162965
259	42.0707342035349
260	41.6370953643823
261	41.2053714345052
262	40.7795827938002
263	40.3485860919943
264	39.8908934417348
265	39.3872274126607
266	38.8714977246918
267	38.3812996907801
268	37.9052332816565
269	37.4589946117863
270	37.0411765071779
271	36.6345264365148
272	36.2617610202739
273	35.9363416327071
274	35.641560459394
275	35.3453638559059
276	35.0153583848761
277	34.6323846053593
278	34.185001680629
279	33.670428947874
280	33.0969199921022
281	32.4759219112274
282	31.8183314780845
283	31.1339947257563
284	30.4316180356068
285	29.7186975528305
286	29.0020063526667
287	28.2873786088061
288	27.5790783125777
289	26.880271548324
290	26.1927113804967
291	25.5166923478583
292	24.8514613295794
293	24.1959241073929
294	23.5487154810031
295	22.9082750964114
296	22.272844350667
297	21.6406377289225
298	21.0101710444619
299	20.3792002409547
300	19.746396363479
301	19.1113467494416
302	18.4721948681114
303	17.8269850371998
304	17.1767827909134
305	16.5232387164431
306	15.866085074115
307	15.2044265270087
308	14.5379011304872
309	13.8658870932417
310	13.1879021610834
311	12.5035634140434
312	11.8124954576672
313	11.1145166114717
314	10.4093286922437
315	9.69670642561475
316	8.97553360247055
317	8.2442580657554
318	7.50330385023041
319	6.75699547984611
320	6.00744265445293
321	5.25151789568805
322	4.4853917763057
323	3.71182020449545
324	2.93584456602249
325	2.15777357637256
326	1.37501158955074
327	0.58108233462485
328	-0.22613540221749
329	-1.03665989722289
330	-1.8453528216693
331	-2.65503040065851
332	-3.46872305297654
333	-4.28900849843092
334	-5.12264037205225
335	-5.97590892521733
336	-6.83954741851016
337	-7.70039398161397
338	-8.55690326888654
339	-9.41365775582848
340	-10.2766540256672
341	-11.1515927714266
342	-12.0382467257213
343	-12.9381614368297
344	-13.8552659347305
345	-14.7849986232746
346	-15.7155595396385
347	-16.6363353711981
348	-17.54022153901
349	-18.4233256152212
350	-19.284244963201
351	-20.1232313859307
352	-20.9414640857844
353	-21.740520415272
354	-22.5220453728621
355	-23.2875743194926
356	-24.0384625821361
357	-24.7738505846704
358	-25.4942223670142
359	-26.2012108170462
360	-26.8936744967674
361	-27.575626466628
362	-28.2540420471631
363	-28.9299253230537
364	-29.5948312796949
365	-30.1935007501291
366	-30.6637278398202
367	-31.0270253663253
368	-31.3059677717377
369	-31.5030729487453
370	-31.6210088832611
371	-31.6728401847066
372	-31.713952340755
373	-31.7800913856
374	-31.8715876412428
375	-31.9846143882804
376	-32.1174836379026
377	-32.2834124091811
378	-32.4698878777759
379	-32.6848131715273
380	-32.9148527322299
381	-33.152869023425
382	-33.4017160765443
383	-33.6505379026357
384	-33.9130042214465
385	-34.1797605080534
386	-34.4540198395407
387	-34.7273677052456
388	-34.9873995274201
389	-35.2486772683498
390	-35.5128561009777
391	-35.7671686710407
392	-36.004756659526
393	-36.2312523629855
394	-36.4491018455124
395	-36.6451270304548
396	-36.8117624294754
397	-36.955699797316
398	-37.0702396932821
399	-37.1295935628325
400	-37.0860256189974
401	-36.9138317533733
402	-36.6204732602485
403	-36.2401701144409
404	-35.8213147835959
405	-35.4007829966036
406	-35.0045273982593
407	-34.6465521807314
408	-34.3347827007621
409	-34.0670475668109
410	-33.8579128567729
411	-33.6870891506384
412	-33.5259170032732
413	-33.3653695027301
414	-33.1758278312025
415	-32.9744722171916
416	-32.7837179702635
417	-32.5818608868178
418	-32.3552080941712
419	-32.1083880916442
420	-31.8413341567466
421	-31.550066122367
422	-31.2312792170695
423	-30.8924036631784
424	-30.5559635450887
425	-30.2438152894707
426	-29.9568518889767
427	-29.6935377222881
428	-29.4367908254206
429	-29.1558303022416
430	-28.8212434031261
431	-28.4143763179279
432	-27.9294692688057
433	-27.3972954346645
434	-26.8709459473138
435	-26.3397747769011
436	-25.7985885085161
437	-25.2465523480525
438	-24.6945102905039
439	-24.1778617528249
440	-23.6544097970124
441	-23.0633100355452
442	-22.4001711249739
443	-21.6859460859705
444	-20.9455001927052
445	-20.1912336961863
446	-19.4195374065578
447	-18.6315409723908
448	-17.8461578990888
449	-17.0795010381352
450	-16.3381923998281
451	-15.6246146077375
452	-14.9361478844324
453	-14.270528557843
454	-13.6255218217438
455	-12.99838460446
456	-12.3858393822525
457	-11.7842770717027
458	-11.1899986836491
459	-10.5994477815292
460	-10.0094018443031
461	-9.41710522714479
462	-8.8203403231834
463	-8.21744312871534
464	-7.60727569198281
465	-6.98916765368212
466	-6.36284033106943
467	-5.72832298585853
468	-5.08586810804488
469	-4.43587400955806
470	-3.77881484743707
471	-3.11518184413797
472	-2.44543776874526
473	-1.76998283556478
474	-1.08913128345354
475	-0.403098288557803
476	0.2880043640199
477	0.984165553055298
478	1.68546672138188
479	2.39206999253378
480	3.1042039362065
481	3.82214831740728
482	4.5462188968685
483	5.27675310633957
484	6.01409726033814
485	6.75859576329849
486	7.51250399630806
487	8.28831956594948
488	9.09975927175079
489	9.95443665222765
490	10.8611706390124
491	11.8129928588672
492	12.7923717595692
493	13.7846529757017
494	14.7769972057241
495	15.7591562885696
496	16.7238418923652
497	17.6665270580528
498	18.5849143905121
499	19.4783117800323
500	20.347068552306
501	21.1921411490063
502	22.0147891166057
503	22.816386731347
504	23.598313386067
505	24.3619015837362
506	25.10842131265
507	25.8390800766216
508	26.5550323435796
509	27.2573913839095
510	27.9472372099564
511	28.6256182980198
512	29.2935482171336
513	29.951998065194
514	30.6018862704171
515	31.244067618232
516	31.8793232665377
517	32.5083531552692
518	33.1317717267127
519	33.7501073786038
520	34.3638055425874
521	34.9732348837401
522	35.5786959657249
523	36.1804315389386
524	36.7786375687256
525	37.3734741835054
526	37.965075850773
527	38.5535602580419
528	39.1390355629216
529	39.7216058614951
530	40.3013748906688
531	40.8784481163301
532	41.4529334578589
533	42.0249409583306
534	42.5945817303576
535	43.1619664950247
536	43.72720399318
537	44.2903994929875
538	44.8516535537451
539	45.4110611412784
540	45.9687111310326
541	46.5246861857492
542	47.0790629578887
543	47.6319125435375
544	48.1833011037449
545	48.7332905693283
546	49.2819393537388
547	49.8293030178807
548	50.3754348518262
549	50.9203863205596
550	51.4642073684306
551	52.0069465983146
552	52.5486513412847
553	53.0893676393197
554	53.6291401667932
555	54.1680121165423
556	54.706025073873
557	55.2432188977039
558	55.7796316229614
559	56.3152993930115
560	56.8502564259227
561	57.3845350141037
562	57.9181655536082
563	58.4511765972257
564	58.9835949243708
565	59.515445620593
566	60.0467521600882
567	60.5775364856644
568	61.1078190819916
569	61.6376190394417
570	62.1669541072396
571	62.6958407358753
572	63.2242941096973
573	63.7523281712859
574	64.2799556395836
575	64.8071880238822
576	65.3340356356695
577	65.860507600081
578	66.3866118683474
579	66.9106271199716
580	67.4255635353394
581	67.9280230632839
582	68.4191723461937
583	68.8944135101284
584	69.3397628444846
585	69.7475991180403
586	70.1136621213543
587	70.4243539991032
588	70.6739678119649
589	70.867679480039
590	71.0071977851393
591	71.0957819316478
592	71.1323319117463
593	71.1155161945364
594	71.0597877626738
595	70.9792807630582
596	70.87197071758
597	70.7306999044366
598	70.5571238699263
599	70.362420980473
600	70.1560650855526
601	69.9348150820345
602	69.7063836161224
603	69.4825736254201
604	69.2678294415765
605	69.0608452189885
606	68.8618091677701
607	68.6795819458891
608	68.5082829927438
609	68.3394001633192
610	68.1570576999546
611	67.9496992114099
612	67.7195490773823
613	67.4520237506613
614	67.129263234199
615	66.7732844152666
616	66.4244441065961
617	66.0801696095545
618	65.7300966437262
619	65.3679152458486
620	64.9889464394803
621	64.6025757889278
622	64.2084777719316
623	63.8080682015382
624	63.4056942963521
625	63.0009956971933
626	62.5944155053708
627	62.1904980920932
628	61.7912203221884
629	61.3963219372659
630	61.0095675166124
631	60.6309447831553
632	60.2587410241688
633	59.8863076428526
634	59.5088149001836
635	59.1345922644507
636	58.7708121446073
637	58.4100928472509
638	58.0471946229954
639	57.6794195102871
640	57.3053315413179
641	56.9186424530625
642	56.5090285299087
643	56.0812858931181
644	55.6514153790822
645	55.2260939333325
646	54.8063203307346
647	54.3982086622704
648	54.0138816026068
649	53.6583121530844
650	53.3261067309507
651	53.005838419703
652	52.6933874638837
653	52.3901998832624
654	52.0930431289839
655	51.8030179487205
656	51.5207720620052
657	51.2478738622232
658	50.9802545535448
659	50.7013517603663
660	50.4037221453653
661	50.0888397173814
662	49.7624391038511
663	49.4180097736591
664	49.045422011582
665	48.6405569924399
666	48.2027595038849
667	47.7394156652456
668	47.2554680326586
669	46.7556564247237
670	46.2431160633448
671	45.7207416371153
672	45.190813244092
673	44.6550492458539
674	44.1147158688564
675	43.5707491006502
676	43.0238461569077
677	42.4745319875619
678	41.9232044252697
679	41.3701626508926
680	40.8156238107677
681	40.2597323331945
682	39.7025653300966
683	39.1441368660842
684	38.5844022675083
685	38.0232636530621
686	37.4609098506609
687	36.8979533035473
688	36.3356960947474
689	35.7752106551372
690	35.2149672581922
691	34.6542654369742
692	34.0936638103991
693	33.5347116328481
694	32.9784603199264
695	32.4273639318754
696	31.8848119406018
697	31.3469748394164
698	30.8122273167595
699	30.2827463345444
700	29.7559564177494
701	29.2317059109286
702	28.7101125942527
703	28.1851786247026
704	27.6528333312926
705	27.115702026187
706	26.5746271339046
707	26.0275506074553
708	25.4785531976964
709	24.9394098957405
710	24.4286393151276
711	23.9542589396077
712	23.4986495274174
713	23.0453638184856
714	22.5966012881292
715	22.1607184606241
716	21.7432411063219
717	21.3426045550409
718	20.9794573972971
719	20.6663665767778
720	20.3849811396077
721	20.1386767663866
722	19.9318638908048
723	19.7481942351727
724	19.5789768274245
725	19.4145398773868
726	19.2129463876876
727	18.9252640831801
728	18.5873425111885
729	18.2332915474836
730	17.8407001560159
731	17.4297876493961
732	17.0170318094178
733	16.5808864618761
734	16.1231958890156
735	15.6576172748329
736	15.1878496189684
737	14.7538445856174
738	14.3637721315783
739	13.9481083375409
740	13.4714137212855
741	12.9433160820833
742	12.3756575498403
743	11.8249491084974
744	11.3382896540249
745	10.9389747948743
746	10.6325226951333
747	10.3961174769559
748	10.1987510148341
749	9.9957413046204
750	9.76910004196001
751	9.51259134700383
752	9.23259934404378
753	8.97720174471776
754	8.77923302101762
755	8.6565452118441
756	8.58846917362082
757	8.54275854746037
758	8.51504583009439
759	8.48942902024609
760	8.47132106876458
761	8.47094158903045
762	8.4858807730073
763	8.51050323393714
764	8.52353619718707
765	8.54970880555274
766	8.62047362137671
767	8.73057629592993
768	8.89279512233984
769	9.13168481830226
770	9.46307901215752
771	9.86456823077675
772	10.308377058931
773	10.7803570075989
774	11.2741764063483
775	11.7991526179948
776	12.3629362989129
777	12.9633442688816
778	13.6048931601008
779	14.3084137576611
780	15.0678990826096
781	15.8560010321451
782	16.6702268394552
783	17.5130638516532
784	18.371134319213
785	19.2061131743435
786	19.9864485686937
787	20.716622924944
788	21.3924339813438
789	22.0122400426806
790	22.6169881839308
791	23.2410378551568
792	23.8492553110882
793	24.4398326447891
794	25.0266435694339
795	25.6090506197444
796	26.1998202771519
797	26.7954576721643
798	27.3934668314012
799	27.9920289317314
800	28.5897892083715
801	29.1857279363369
802	29.7790890298471
803	30.369343549731
804	30.9563574794738
805	31.5456719696785
806	32.1420157947404
807	32.7467099743845
808	33.3562723819263
809	33.9641315534618
810	34.56952041645
811	35.175167775275
812	35.7870204570939
813	36.4097393068142
814	37.0327857678524
815	37.6540496365804
816	38.2786519368748
817	38.8964177263089
818	39.499158839314
819	40.0862303853146
820	40.6670747877054
821	41.2495607596156
822	41.8349651753479
823	42.427844185295
824	43.0294448836267
825	43.6408481553793
826	44.2489519063567
827	44.8390171315663
828	45.4113247433277
829	45.9685999408217
830	46.5210460734571
831	47.0681679714323
832	47.6012718315645
833	48.1300383203847
834	48.6658793378308
835	49.1967568303306
836	49.7241188614879
837	50.2514119936116
838	50.7723774280965
839	51.29211785064
840	51.8192289982953
841	52.3578173012339
842	52.8954008227767
843	53.4211712887931
844	53.9379692401599
845	54.4300947393716
846	54.8899697063049
847	55.3136227058233
848	55.6968708616587
849	56.0404530321593
850	56.3404553231467
851	56.6010498728682
852	56.8174540886805
853	56.9796502650584
854	57.1167908256599
855	57.2483159842008
856	57.3687955838685
857	57.4691896721425
858	57.552683606324
859	57.6137806536767
860	57.6489137845852
861	57.6687166971628
862	57.6760513722314
863	57.6787678544809
864	57.6693575037434
865	57.6598880375648
866	57.6758828500108
867	57.742422408191
868	57.8778065048927
869	58.0654407199212
870	58.2842093569051
871	58.5038520518707
872	58.7071210874288
873	58.902737991622
874	59.0958061704012
875	59.2834566855631
876	59.4569331388171
877	59.6109321594508
878	59.7394659746302
879	59.8419228084085
880	59.9160130337253
881	59.9591464699206
882	59.9936505856114
883	60.0425750415473
884	60.1117331355214
885	60.2045272275249
886	60.2988898350861
887	60.3782497386736
888	60.4390702394171
889	60.4569709502085
890	60.4146195724528
891	60.3065485338842
892	60.1342002262618
893	59.9100750603209
894	59.6558837779152
895	59.3798422509696
896	59.0731221081925
897	58.7110171937687
898	58.2752217285571
899	57.7692560656652
900	57.198634716431
901	56.5710995487267
902	55.8940761803871
903	55.1748488838286
904	54.4214759998741
905	53.6428421995404
906	52.8608272874882
907	52.0941247340429
908	51.3440587333278
909	50.6144170602676
910	49.9118169206861
911	49.2483212647151
912	48.6403558389642
913	48.0994660499505
914	47.6279424455404
915	47.2277096560213
916	46.8991165819199
917	46.635424131535
918	46.4303958283368
919	46.2788588333894
920	46.1689138664973
921	46.0856847862099
922	46.0152084025587
923	45.9271725556303
924	45.7916640527881
925	45.5943193316436
926	45.3306638955757
927	45.0069348139118
928	44.6335762647286
929	44.2207121692208
930	43.7766973206602
931	43.3082938666291
932	42.8208959620321
933	42.3187745283186
934	41.8053150908469
935	41.2832283897642
936	40.7547219091303
937	40.2216287498084
938	39.6854967040391
939	39.1476437038657
940	38.6091879940194
941	38.0710612897571
942	37.5340118949761
943	36.9992159346429
944	36.4686205410644
945	35.9434615143513
946	35.4244267853255
947	34.9207076578446
948	34.4317529755828
949	33.9665005244507
950	33.517930281366
951	33.0699500752238
952	32.6253220919332
953	32.1761293027309
954	31.717326179495
955	31.2503917415567
956	30.7760588987482
957	30.2946891066835
958	29.8064869183669
959	29.3116816417051
960	28.8104842439306
961	28.3204027215982
962	27.8740336983547
963	27.4860229223392
964	27.1429243381578
965	26.8169769602007
966	26.4890741375309
967	26.1535298905905
968	25.8244109444488
969	25.5160993943679
970	25.2288207029811
971	24.9508642590065
972	24.6716463910098
973	24.4168996148306
974	24.1935620921806
975	23.9770763762613
976	23.7781740637857
977	23.6104962132767
978	23.4695992207709
979	23.3592279414127
980	23.2803055462726
981	23.2258222281683
982	23.183252292226
983	23.1452974126941
984	23.1177164622492
985	23.1170170942547
986	23.1446737157133
987	23.1857248576248
988	23.2742451233627
989	23.4636754567751
990	23.7682670453827
991	24.1820413134535
992	24.6963605557555
993	25.3047099676668
994	26.0003441056493
995	26.7753847815556
996	27.6206114934532
997	28.5255711803087
998	29.4788597733356
999	30.4684954371152
1000	31.4823308617313
1001	32.5084721386138
1002	33.5356824209926
1003	34.5537620092003
1004	35.5539015629967
1005	36.5290020170022
1006	37.4734490446121
1007	38.3828396860595
1008	39.2492436563488
1009	40.0715463374322
1010	40.8546571435692
1011	41.5947092297544
1012	42.2866091912179
1013	42.9327823449172
1014	43.5043459928267
1015	43.9812741546754
1016	44.4103444201635
1017	44.8225244303857
1018	45.2131781806075
1019	45.602682695394
1020	46.0200356659694
1021	46.4401475506591
1022	46.8014827104259
1023	47.0801606641471
1024	47.2860502605954
1025	47.4249017063308
1026	47.5244369782973
1027	47.6139061116865
1028	47.7064227879832
1029	47.8068723703161
1030	47.9058594699212
1031	47.9803044708808
1032	48.0426145707071
1033	48.1163156170599
1034	48.2226716997616
1035	48.3645848151229
1036	48.50937293091
1037	48.6326826312693
1038	48.7486341033046
1039	48.8898358382821
1040	49.0770624829657
1041	49.3227042054743
1042	49.6248012389135
1043	49.9611988867571
1044	50.3087049951928
1045	50.6600178476488
1046	50.9972164526136
1047	51.3114186427113
1048	51.6047202112185
1049	51.8643303615586
1050	52.0813503232017
1051	52.2447143801852
1052	52.3290858756058
1053	52.3434288822316
1054	52.3283568545619
1055	52.2799801732547
1056	52.1880798038456
1057	52.0656397602698
1058	51.9309249859434
1059	51.8107614830253
1060	51.7295977122562
1061	51.7181865936723
1062	51.7758311426398
1063	51.8661848019997
1064	51.9637196366033
1065	52.0549259685541
1066	52.1392471140628
1067	52.2261671038158
1068	52.3114461859034
1069	52.3920462835847
1070	52.4559178897227
1071	52.4882018236884
1072	52.4694092859043
1073	52.3814916502043
1074	52.2391093717236
1075	52.0686971817123
1076	51.8778776898212
1077	51.6659695307763
1078	51.4259570641597
1079	51.1476229561604
1080	50.8470162326984
1081	50.5361430828874
1082	50.2253442780387
1083	49.92929023258
1084	49.6504733937662
1085	49.3851009641089
1086	49.1211527727758
1087	48.8577798120332
1088	48.6022360852298
1089	48.3527474589996
1090	48.1062929437303
1091	47.8592344202412
1092	47.6088897422123
1093	47.3542871129542
1094	47.0970024472104
1095	46.8375417786056
1096	46.5751119862644
1097	46.3188685722203
1098	46.0850907725001
1099	45.8839744701488
1100	45.7093352834144
1101	45.5385924028792
1102	45.3581235121739
1103	45.1541539897253
1104	44.8910063226405
1105	44.5535616422393
1106	44.147099021938
1107	43.6727454118944
1108	43.1381927866816
1109	42.5656178377709
1110	41.963973598421
1111	41.331135183156
1112	40.6860930243764
1113	40.0493232403909
1114	39.4153443763838
1115	38.7734793153526
1116	38.1262547338836
1117	37.4782385827341
1118	36.8328230390326
1119	36.1923487570745
1120	35.5582538714119
1121	34.931234324263
1122	34.3110143917997
1123	33.6969940755663
1124	33.0884209414313
1125	32.48388015141
1126	31.882590714731
1127	31.2841694290447
1128	30.688873162576
1129	30.0979831269064
1130	29.5125694683145
1131	28.9331830507972
1132	28.3600026797278
1133	27.7929003045337
1134	27.231604799988
1135	26.6759659451995
1136	26.125192982332
1137	25.5782866403475
1138	25.0349194144673
1139	24.4942304470235
1140	23.9533447031456
1141	23.4103076429301
1142	22.8655440517789
1143	22.3201898448803
1144	21.7758364504818
1145	21.233251132639
1146	20.6917582565039
1147	20.1494835843235
1148	19.6048384452191
1149	19.0569717879241
1150	18.506428107691
1151	17.956131239342
1152	17.4075931574553
1153	16.8566039478035
1154	16.3004712964719
1155	15.7404193087607
1156	15.1773684698351
1157	14.6119835185515
1158	14.0447163693241
1159	13.4758475289729
1160	12.905524201096
1161	12.3337935607873
1162	11.7606303128338
1163	11.1859583845262
1164	10.6101465812138
1165	10.0333929205659
1166	9.45465344419505
1167	8.87314419688495
1168	8.28934871434463
1169	7.70436672861591
1170	7.11759776887164
1171	6.52754008851256
1172	5.93360683876353
1173	5.33572051284377
1174	4.7353678125926
1175	4.13478510876878
1176	3.53439769839702
1177	2.93388303711081
1178	2.33169199927499
1179	1.72396653457099
1180	1.10878391491486
1181	0.486848885917663
1182	-0.141113821726296
1183	-0.774765016215937
1184	-1.41371264665142
1185	-2.05766435565984
1186	-2.70641326415316
1187	-3.35982414984225
1188	-4.01782057478921
1189	-4.67741751299154
1190	-5.33603035524302
1191	-5.98963454973203
1192	-6.63411733177716
1193	-7.26984059321191
1194	-7.89407417305338
1195	-8.48427172221351
1196	-9.05623884251456
1197	-9.63290286775982
1198	-10.2103590464467
1199	-10.7883848469317
1200	-11.3621574828594
1201	-11.9327922565388
1202	-12.4997282872012
1203	-13.0642125055994
1204	-13.6274761006664
1205	-14.1905920282249
1206	-14.7544139508496
1207	-15.3195678457747
1208	-15.8864741387647
1209	-16.4553829053768
1210	-17.0264136478264
1211	-17.6013856609634
1212	-18.1825757563907
1213	-18.7740809959107
1214	-19.378981709734
1215	-19.9747256439549
1216	-20.4888519696995
1217	-20.8744871091288
1218	-21.1927874424518
1219	-21.4500054689636
1220	-21.6590194312841
1221	-21.8714121288886
1222	-22.0684343983925
1223	-22.2210796034882
1224	-22.2977694025555
1225	-22.2754827841279
1226	-22.1536873387137
1227	-21.9747194047566
1228	-21.7866772925128
1229	-21.5969398099124
1230	-21.3997590003633
1231	-21.1997064062176
1232	-20.9923039575682
1233	-20.7489492088169
1234	-20.4485922004785
1235	-20.0935074604741
1236	-19.7050370887817
1237	-19.3096511835176
1238	-18.9197667698337
1239	-18.5259511239399
1240	-18.1199150999528
1241	-17.7085362583858
1242	-17.2938572818322
1243	-16.8792559674423
1244	-16.467630025899
1245	-16.0631356096241
1246	-15.6712758694099
1247	-15.2834104010202
1248	-14.8952842016368
1249	-14.5050723652754
1250	-14.1226646890907
1251	-13.7684100828215
1252	-13.4403006650077
1253	-13.1368132292202
1254	-12.8509080050641
1255	-12.557925812697
1256	-12.1976155268699
1257	-11.7255036687237
1258	-11.159504363313
1259	-10.5300020737309
1260	-9.85209899353963
1261	-9.13660515807164
1262	-8.40293491211292
1263	-7.66615130317603
1264	-6.93720499648396
1265	-6.22340813721245
1266	-5.52901946453781
1267	-4.85585734812145
1268	-4.20388553543692
1269	-3.57174650838563
1270	-2.95722156314131
1271	-2.35761697417296
1272	-1.7700725025296
1273	-1.19179454569746
1274	-0.620224810406432
1275	-0.0531491717406527
1276	0.511245060950324
1277	1.07435234660697
1278	1.63716369916162
1279	2.20030552570241
1280	2.76580518876359
1281	3.33844864521302
1282	3.92554010984811
1283	4.5238884170784
1284	5.09453155586158
1285	5.57468885940522
1286	5.90812847080009
1287	6.15754378422002
1288	6.34437750716441
1289	6.4693373701199
1290	6.56502303112412
1291	6.59777091079697
1292	6.52974196872933
1293	6.34020192124334
1294	6.03835098155053
1295	5.62235069284958
1296	5.09480457217563
1297	4.48586511315831
1298	3.79138371218748
1299	2.99777614317888
1300	2.1164033664768
1301	1.15584813581767
1302	0.126585895604258
1303	-0.955377413333686
1304	-2.06908389068087
1305	-3.1955904234598
1306	-4.32548478527343
1307	-5.4518373331834
1308	-6.56278319886103
1309	-7.64859936910047
1310	-8.69652088389288
1311	-9.70310412112069
1312	-10.6732848890859
1313	-11.6015736758479
1314	-12.4883312541571
1315	-13.3423849447399
1316	-14.1682403853968
1317	-14.9633187733683
1318	-15.7277281923541
1319	-16.4639995671148
1320	-17.1733354187447
1321	-17.8593848513336
1322	-18.5216295728328
1323	-19.1373911846044
1324	-19.7281082829336
1325	-20.3336200987396
1326	-20.9549049332524
1327	-21.5860671673141
1328	-22.2267761165856
1329	-22.8801873142769
1330	-23.5442279034159
1331	-24.2131605224493
1332	-24.8805574066618
1333	-25.5448351175209
1334	-26.2097132567535
1335	-26.8746307548925
1336	-27.5355084956194
1337	-28.1909442665482
1338	-28.8294120275855
1339	-29.4529215122513
1340	-30.0784872943509
1341	-30.7189347762667
1342	-31.3746032600243
1343	-32.0276501007025
1344	-32.6697721546451
1345	-33.3141011109958
1346	-33.9672896286515
1347	-34.6281742405463
1348	-35.2987250734656
1349	-35.9709229522239
1350	-36.6341945700647
1351	-37.2847733755429
1352	-37.8994670082279
1353	-38.4459913929251
1354	-38.9704172748375
1355	-39.5235401711119
1356	-40.1034568402089
1357	-40.6866518670231
1358	-41.2450701041135
1359	-41.8083357507002
1360	-42.4037827587685
1361	-43.0238481894628
1362	-43.6620174878375
1363	-44.305759065356
1364	-44.9483499912996
1365	-45.5835949352197
1366	-46.1760862511186
1367	-46.7232803614799
1368	-47.2282933567679
1369	-47.6745423887556
1370	-48.0849577920324
1371	-48.4876956096731
1372	-48.9083316806528
1373	-49.3637338779248
1374	-49.8495476742128
1375	-50.3595394634565
1376	-50.8865037142017
1377	-51.4257338778242
1378	-51.9780179390167
1379	-52.540954833979
1380	-53.1090828794045
1381	-53.6661248989027
1382	-54.191083119835
1383	-54.6586528469311
1384	-55.0311029651757
1385	-55.2811925717555
1386	-55.3873085630226
1387	-55.3764405708125
1388	-55.3282276485615
1389	-55.3259185861144
1390	-55.4412413218615
1391	-55.6864915473778
1392	-56.0330711797187
1393	-56.4573343488062
1394	-56.9396463970642
1395	-57.4637359487796
1396	-58.0162136617771
1397	-58.5861950585962
1398	-59.1649940679654
1399	-59.7458649654951
1400	-60.3237746753694
1401	-60.8951906632656
1402	-61.4578730131729
1403	-62.010665899556
1404	-62.5532885255011
1405	-63.0861291668127
1406	-63.6100486463307
1407	-64.1265783023261
1408	-64.6376837199405
1409	-65.1454656232338
1410	-65.652574188349
1411	-66.1457747246452
1412	-66.5941475809123
1413	-66.9785912783958
1414	-67.2890822074307
1415	-67.5123366340793
1416	-67.6349349316798
1417	-67.6383487003492
1418	-67.5246905229586
1419	-67.3144489623071
1420	-67.0216299375965
1421	-66.6552786807759
1422	-66.220681202384
1423	-65.7202598445807
1424	-65.1543390773785
1425	-64.5224986618859
1426	-63.8250013539636
1427	-63.0635695772616
1428	-62.2417253303015
1429	-61.3648541435297
1430	-60.4400710587112
1431	-59.4759396941581
1432	-58.4820859293618
1433	-57.4687463016906
1434	-56.446285927815
1435	-55.4247172564012
1436	-54.4132385902313
1437	-53.4198067711778
1438	-52.4507506506366
1439	-51.5104396167823
1440	-50.6011479049272
1441	-49.7233225084688
1442	-48.8760060338814
1443	-48.0572387383294
1444	-47.2647453759745
1445	-46.4977229771784
1446	-45.7573489782358
1447	-45.0476708517926
1448	-44.3769223426123
1449	-43.7492711318743
1450	-43.1576305431559
1451	-42.5979292224101
1452	-42.068987699748
1453	-41.5615876948576
1454	-41.0523773055029
1455	-40.5263799105803
1456	-39.9933494608498
1457	-39.4716649236417
1458	-38.9688221180185
1459	-38.4818759347294
1460	-38.0075598318221
1461	-37.5426214310832
1462	-37.0840538532396
1463	-36.6292298248599
1464	-36.175956696833
1465	-35.7224775793483
1466	-35.2674390132054
1467	-34.8098410476935
1468	-34.3489829015179
1469	-33.8844078084502
1470	-33.4140493580934
1471	-32.9328392818226
1472	-32.4402751188267
1473	-31.9427549638123
1474	-31.4444901668738
1475	-30.9451956609287
1476	-30.4428237070289
1477	-29.9351814520509
1478	-29.4217989949461
1479	-28.9054921455788
1480	-28.3860857178157
1481	-27.8616481956807
1482	-27.3306144736046
1483	-26.7902050073695
1484	-26.2433848212413
1485	-25.694392001793
1486	-25.1455780973275
1487	-24.6014607850884
1488	-24.0600217638111
1489	-23.5125799986555
1490	-22.9478023937959
1491	-22.3744466882072
1492	-21.822629831789
1493	-21.3176762264462
1494	-20.8806982316551
1495	-20.4883524034864
1496	-20.0929976317419
1497	-19.6740601669095
1498	-19.2069682623954
1499	-18.6971277372113
1500	-18.1536645585399
1501	-17.5678456278748
1502	-16.9859300396585
1503	-16.4010798961467
1504	-15.7793179726146
1505	-15.1675862130299
1506	-14.6229706781217
1507	-14.1817387299893
1508	-13.8420837555815
1509	-13.5545357662643
1510	-13.2996127720622
1511	-13.1105529683034
1512	-12.978562837686
1513	-12.8895096061769
1514	-12.8599441088694
1515	-12.8767926487257
1516	-12.9361958746988
1517	-13.0516024483949
1518	-13.2226683038947
1519	-13.4444713810387
1520	-13.6851572098558
1521	-13.8648591998919
1522	-13.96590886207
1523	-13.9594320997243
1524	-13.8458889634887
1525	-13.6857378733977
1526	-13.521296972465
1527	-13.4332470970152
1528	-13.4718820442389
1529	-13.6312841641611
1530	-13.919050568208
1531	-14.3379332827465
1532	-14.8818532591315
1533	-15.5544383620521
1534	-16.344548479184
1535	-17.2383400391334
1536	-18.2148167993132
1537	-19.2548539583487
1538	-20.3426852530988
1539	-21.4565218462521
1540	-22.5754258396702
1541	-23.6805839229555
1542	-24.756388994626
1543	-25.7912489784573
1544	-26.7780788908491
1545	-27.7094290306648
1546	-28.558322331353
1547	-29.3209274445994
1548	-29.9869549044532
1549	-30.5645997155804
1550	-31.0728204762988
1551	-31.4874302092346
1552	-31.8018228921153
1553	-32.0424620464577
1554	-32.2550651372795
1555	-32.4814903973619
1556	-32.7346221068423
1557	-33.00328427028
1558	-33.2821811570371
1559	-33.5695915609461
1560	-33.8672672546252
1561	-34.1792412526646
1562	-34.503491084051
1563	-34.8326924972657
1564	-35.1643580952679
1565	-35.4998618813409
1566	-35.8373867418036
1567	-36.1809428909972
1568	-36.5404377902151
1569	-36.9199028037395
1570	-37.3152487635358
1571	-37.7118910365897
1572	-38.1045910408134
1573	-38.4927310421329
1574	-38.8631604482022
1575	-39.1744946505328
1576	-39.386290225126
1577	-39.4336420823584
1578	-39.3329853510111
1579	-39.1872752045886
1580	-39.0840933958682
1581	-39.1175842293445
1582	-39.3257429569895
1583	-39.6812994994715
1584	-40.1441024617755
1585	-40.6815977090529
1586	-41.268555860436
1587	-41.8874619105999
1588	-42.5261586916835
1589	-43.174906117859
1590	-43.8303268595865
1591	-44.490724580336
1592	-45.1533656470988
1593	-45.8167870151004
1594	-46.4801838521808
1595	-47.1428110998663
1596	-47.8027942498398
1597	-48.4599384798705
1598	-49.1130455286753
1599	-49.7595144944941
1600	-50.3738917681746
1601	-50.9411070004033
1602	-51.4375998475987
1603	-51.8356950218408
1604	-52.1394580974542
1605	-52.3591352783074
1606	-52.5107279478437
1607	-52.6031210088058
1608	-52.6486162811036
1609	-52.6645200197408
1610	-52.656679576209
1611	-52.6225133816511
1612	-52.5642207507046
1613	-52.4916600371728
1614	-52.4068210734553
1615	-52.302229291809
1616	-52.1759744862415
1617	-52.0379690560558
1618	-51.9019634685171
1619	-51.7745788866977
1620	-51.6487595854322
1621	-51.5125780713408
1622	-51.3558317633468
1623	-51.1678391167476
1624	-50.9414223302399
1625	-50.6762041825168
1626	-50.3749167574259
1627	-50.0376510896387
1628	-49.6591002249942
1629	-49.2239139466742
1630	-48.7098586602525
1631	-48.1048721582895
1632	-47.4145961855135
1633	-46.6701462497581
1634	-45.8901253532199
1635	-45.0704534221959
1636	-44.2139627010505
1637	-43.3262982298812
1638	-42.4297340534257
1639	-41.5424254709049
1640	-40.6725988863114
1641	-39.8311514736163
1642	-39.0305761708787
1643	-38.2765870829787
1644	-37.5593291447814
1645	-36.8811673309371
1646	-36.2448386010842
1647	-35.6425437186164
1648	-35.0694770331959
1649	-34.5168928196325
1650	-33.9748191819371
1651	-33.4352522481177
1652	-32.8925094126498
1653	-32.3428178672671
1654	-31.7809345331159
1655	-31.2090368728006
1656	-30.6299595110391
1657	-30.0531766270926
1658	-29.4840296641145
1659	-28.9218275965556
1660	-28.355370290485
1661	-27.7718351404934
1662	-27.1848005315237
1663	-26.6210952370409
1664	-26.0926926482012
1665	-25.6171257832125
1666	-25.2165364293
1667	-24.888718785601
1668	-24.6028641337212
1669	-24.3157890231934
1670	-23.9838983335481
1671	-23.5847470293721
1672	-23.1158058263693
1673	-22.5817087412308
1674	-21.9976778957856
1675	-21.3766713449014
1676	-20.7276278771275
1677	-20.081940672058
1678	-19.5004368889346
1679	-19.040805840469
1680	-18.7039814026126
1681	-18.4397449164818
1682	-18.2371950683963
1683	-18.1127290315268
1684	-18.0388728001148
1685	-18.0098617421855
1686	-18.0330549367805
1687	-18.1000690341445
1688	-18.2247549323754
1689	-18.3877898603527
1690	-18.4893847113639
1691	-18.444123449076
1692	-18.2499800932008
1693	-17.9315068748272
1694	-17.5110578713376
1695	-17.0459615418829
1696	-16.6384932001314
1697	-16.3829616704378
1698	-16.3247102635699
1699	-16.4541808304599
1700	-16.743091419062
1701	-17.1710217606169
1702	-17.7241906316836
1703	-18.3894284060807
1704	-19.1622572781754
1705	-20.0172998892168
1706	-20.9438478668532
1707	-21.9155650315559
1708	-22.9159934404607
1709	-23.928994459611
1710	-24.9356372616844
1711	-25.9572720026165
1712	-26.9683377774068
1713	-27.9619310726678
1714	-28.9505510302179
1715	-29.9110512245887
1716	-30.8364486309841
1717	-31.7346339898642
1718	-32.5975612513049
1719	-33.423379337251
1720	-34.2068041778702
1721	-34.9244783414677
1722	-35.5441494839394
1723	-36.0353970664288
1724	-36.3234711357925
1725	-36.3831683708988
1726	-36.26445422605
1727	-36.0024527546389
1728	-35.6218394036265
1729	-35.148546320857
1730	-34.6308964918913
1731	-34.1286821651753
1732	-33.6941287673807
1733	-33.3531405284263
1734	-33.0979102455506
1735	-32.9265297187162
1736	-32.8177255963347
1737	-32.7381974338308
1738	-32.6531739422317
1739	-32.5588541457426
1740	-32.4718322835037
1741	-32.3599940112603
1742	-32.2033523574684
1743	-32.0164591793197
1744	-31.7955944797116
1745	-31.5289412308197
1746	-31.2243844190191
1747	-30.8677885891867
1748	-30.4267877979574
1749	-29.8796748596215
1750	-29.2230480579179
1751	-28.4974243954097
1752	-27.7680140356938
1753	-27.058957224114
1754	-26.3922903973284
1755	-25.791763766824
1756	-25.259379257128
1757	-24.7939549321352
1758	-24.3819584876601
1759	-23.986552273687
1760	-23.5796122502366
1761	-23.1639322075239
1762	-22.7543127286386
1763	-22.3588575496547
1764	-21.9638231120184
1765	-21.5634443258877
1766	-21.1592267551639
1767	-20.7382752100419
1768	-20.2929317227045
1769	-19.8305713739736
1770	-19.3650862149875
1771	-18.9007130510003
1772	-18.4349647258383
1773	-17.9430564051257
1774	-17.3590265060953
1775	-16.6651045433563
1776	-15.903605110444
1777	-15.1439393382695
1778	-14.4632464250346
1779	-13.9500107947521
1780	-13.6383765046248
1781	-13.5238368610402
1782	-13.5890638413703
1783	-13.7776073775666
1784	-14.0809490380358
1785	-14.4807560198094
1786	-14.8792530553568
1787	-15.267460826361
1788	-15.6415522683242
1789	-16.0110801161315
1790	-16.4360850780474
1791	-16.9153713416686
1792	-17.4584921252917
1793	-18.0756819723939
1794	-18.7293590375224
1795	-19.3829510066188
1796	-20.0332631599112
1797	-20.6713456960579
1798	-21.2693081904045
1799	-21.8274284399002
1800	-22.323676660247
1801	-22.6702449752216
1802	-22.8140754892565
1803	-22.7627335239308
1804	-22.531599798533
1805	-22.1332861503949
1806	-21.5817936604158
1807	-20.8938634842392
1808	-20.0887667333518
1809	-19.1877782572572
1810	-18.2134294893285
1811	-17.1885965328982
1812	-16.1354990772663
1813	-15.0746947781814
1814	-14.0241472661413
1815	-12.99842764574
1816	-12.0080994028094
1817	-11.0593732628329
1818	-10.1543953319737
1819	-9.29210198066444
1820	-8.46915482784241
1821	-7.66695705780354
1822	-6.87542856642631
1823	-6.08792536517804
1824	-5.29018556556867
1825	-4.47897428053113
1826	-3.65778941394102
1827	-2.84333053306736
1828	-2.06255906925124
1829	-1.32359004948826
1830	-0.603723895504216
1831	0.128670986101988
1832	0.882705951808736
1833	1.65122141638336
1834	2.42749046277772
1835	3.20577139250763
1836	3.98157475845381
1837	4.75168158413901
1838	5.51399879945671
1839	6.26733783745771
1840	7.01118442189216
1841	7.74549317937433
1842	8.47052668952072
1843	9.18673483765022
1844	9.89467200969331
1845	10.5949437522672
1846	11.2881713655634
1847	11.9749718923684
1848	12.6559477018277
1849	13.3316794192585
1850	14.0027213151572
1851	14.6695980429121
1852	15.3328017871769
1853	15.9927896618974
1854	16.6488331701523
1855	17.2979613243216
1856	17.9427474587905
1857	18.5877118963529
1858	19.2328906040501
1859	19.8742031413865
1860	20.5138391379935
1861	21.1556189593467
1862	21.7962160033311
1863	22.4286763583919
1864	23.0488158958958
1865	23.6547003814083
1866	24.2493023335801
1867	24.8294221966516
1868	25.3888685605761
1869	25.944714038251
1870	26.5136627812759
1871	27.0986254897344
1872	27.6946457070727
1873	28.2997107899973
1874	28.9171918381002
1875	29.5385437584889
1876	30.1454598595038
1877	30.7324424622163
1878	31.3091544628611
1879	31.8721913086415
1880	32.4158782921744
1881	32.9522193486115
1882	33.4808747989103
1883	33.993096947412
1884	34.4836916400264
1885	34.9220284001981
1886	35.294428994901
1887	35.6164815559125
1888	35.902227219409
1889	36.1517563650064
1890	36.3543139713254
1891	36.5024011280749
1892	36.5877451734956
1893	36.6137372744989
1894	36.6078470402577
1895	36.5889779141752
1896	36.5595568824891
1897	36.5207477443366
1898	36.4851829319725
1899	36.4759183518999
1900	36.5244060562092
1901	36.678522130314
1902	36.9512674004551
1903	37.3200106941828
1904	37.7651311982896
1905	38.2697869107095
1906	38.8198505454386
1907	39.3952128948575
1908	39.9565580674136
1909	40.475804713407
1910	40.9638063886378
1911	41.4230972823881
1912	41.8433249328751
1913	42.2422418020645
1914	42.6543654761948
1915	43.1095733044646
1916	43.6080985589565
1917	44.1301923154344
1918	44.6568796238102
1919	45.1785189262953
1920	45.6913384444971
1921	46.1900102306426
1922	46.6722949764636
1923	47.1429517501363
1924	47.6098789134835
1925	48.07928402513
1926	48.5532117706259
1927	49.0286182231439
1928	49.503579848526
1929	49.9819003376204
1930	50.4662890060109
1931	50.9616699596342
1932	51.474347407331
1933	52.0037651445292
1934	52.5466498502314
1935	53.0992076854994
1936	53.6574068486107
1937	54.2173979771338
1938	54.7756954752292
1939	55.3313984736818
1940	55.8861262657562
1941	56.4373241700096
1942	56.9823232897133
1943	57.5164587785384
1944	58.0362502354374
1945	58.529752343255
1946	58.998325988393
1947	59.4433346723816
1948	59.8557247462389
1949	60.2464302251573
1950	60.6088275414068
1951	60.9249666435041
1952	61.1978257697397
1953	61.4326210777751
1954	61.6361765704085
1955	61.8206666608559
1956	61.9938430078787
1957	62.156719656165
1958	62.30967013351
1959	62.4558927192952
1960	62.5957554742408
1961	62.7230502126829
1962	62.8346987157596
1963	62.9311531358864
1964	63.0215013288257
1965	63.1193536686776
1966	63.2283942379992
1967	63.3501944730806
1968	63.4883032689015
1969	63.6481054281184
1970	63.837144019227
1971	64.0538410007433
1972	64.286898775997
1973	64.5301965353863
1974	64.7774283104322
1975	65.0262388572936
1976	65.2765000872445
1977	65.516673929006
1978	65.7351317128748
1979	65.924736495376
1980	66.0835614448671
1981	66.2104180829226
1982	66.3051831706915
1983	66.3682880907483
1984	66.4025653246643
1985	66.4200864851514
1986	66.4313802742159
1987	66.4434600626477
1988	66.4592524640052
1989	66.4807101992495
1990	66.5084543180871
1991	66.5448377312538
1992	66.5938730769389
1993	66.6553174627676
1994	66.7315335979064
1995	66.826047207248
1996	66.9400939954388
1997	67.0752130419951
1998	67.2288171276533
1999	67.3954037004903
2000	67.5831619318267
2001	67.7981905598367
2002	68.0361550224451
2003	68.2995561529933
2004	68.588176530923
2005	68.904550755335
2006	69.2501786318993
2007	69.6192488304625
2008	70.0062253604531
2009	70.4123038936868
2010	70.8405794564131
2011	71.2897181428738
2012	71.7538487272562
2013	72.2269097560244
2014	72.7039058452979
2015	73.1769248528183
2016	73.6411238792862
2017	74.0916608848993
2018	74.515065823399
2019	74.9019844787076
2020	75.249575533159
2021	75.55711510705
2022	75.8190502666364
2023	76.0417087240849
2024	76.2328691192847
2025	76.397079464586
2026	76.553577407324
2027	76.7177899623792
2028	76.8999104924923
2029	77.1024739178239
2030	77.3178242764279
2031	77.5359981455888
2032	77.7501068035063
2033	77.9609738717645
2034	78.1670816143426
2035	78.3664284206187
2036	78.5566341015906
2037	78.7218942333885
2038	78.8465492748854
2039	78.9298764025223
2040	78.9680911292036
2041	78.9482395838712
2042	78.8757931060746
2043	78.7706227802787
2044	78.6474874369048
2045	78.5032576617965
2046	78.3234141942786
2047	78.1077109372932
2048	77.8642067271017
2049	77.5952720265174
2050	77.3028935625982
2051	76.9879695684512
2052	76.6469094604484
2053	76.2762881767883
2054	75.8765665846724
2055	75.4506634416717
2056	75.0008596390801
2057	74.523119411942
2058	74.0228822499124
2059	73.5018669096779
2060	72.9654295259221
2061	72.4197735420627
2062	71.8706001240145
2063	71.3260822637745
2064	70.7845409000271
2065	70.2548058541525
2066	69.7415669813066
2067	69.2392795109004
2068	68.7500677617654
2069	68.279954625024
2070	67.8297270958918
2071	67.3998500289447
2072	66.9771381469733
2073	66.5612395324646
2074	66.1501336672764
2075	65.7428602536144
2076	65.3421928537025
2077	64.9478290071042
2078	64.5648579370153
2079	64.1851578460203
2080	63.8062470529383
2081	63.4315296703259
2082	63.0535556586733
2083	62.668462250314
2084	62.2789862894871
2085	61.8836714267066
2086	61.4820417006726
2087	61.0779864643316
2088	60.677812151261
2089	60.2823516918989
2090	59.8905622374768
2091	59.5085756792192
2092	59.1377132470159
2093	58.7731549025635
2094	58.4088787077002
2095	58.0415805630993
2096	57.6632331535859
2097	57.2690808886662
2098	56.8624397760482
2099	56.4446883354159
2100	56.0186792720199
2101	55.5867450363273
2102	55.151141960769
2103	54.7133400050662
2104	54.2745593524682
2105	53.8356450072652
2106	53.3971838743604
2107	52.9592640464123
2108	52.521278815437
2109	52.0830584185094
2110	51.6450591522343
2111	51.2072627510324
2112	50.7692031339861
2113	50.3305026936571
2114	49.890572982021
2115	49.4482130917426
2116	49.0029575759461
2117	48.5557255887368
2118	48.1066912768442
2119	47.6557409628014
2120	47.2031180997351
2121	46.748952227576
2122	46.2933094395132
2123	45.8362118069549
2124	45.3779898879757
2125	44.9188406994099
2126	44.4590385529249
2127	43.9987103673499
2128	43.5376095497876
2129	43.075021681685
2130	42.609710340884
2131	42.1414288879502
2132	41.6713595456547
2133	41.2006723204176
2134	40.7296808095548
2135	40.2591875605434
2136	39.7882451559056
2137	39.3170376912297
2138	38.8482812775682
2139	38.3930375504703
2140	37.9467679445537
2141	37.51064666222
2142	37.0881904747574
2143	36.6662351580562
2144	36.2479046195243
2145	35.8436797200625
2146	35.4615086340654
2147	35.1042450948806
2148	34.7758652369237
2149	34.4806034796116
2150	34.221798292217
2151	34.0021267470601
2152	33.8122149324357
2153	33.6403939834526
2154	33.4700510545692
2155	33.271419374265
2156	33.0425899148541
2157	32.7897122993518
2158	32.4957910396045
2159	32.16987262804
2160	31.8231870454294
2161	31.4616766446292
2162	31.1063428520556
2163	30.770805281243
2164	30.4588131693809
2165	30.1678095336277
2166	29.8963902606136
2167	29.6451131462831
2168	29.4140749427281
2169	29.1988745551184
2170	28.9809276662191
2171	28.72778834991
2172	28.4387573126921
2173	28.1352326335325
2174	27.8313766163846
2175	27.5330042812892
2176	27.2448640641181
2177	26.9724935770022
2178	26.7164438135378
2179	26.4765200946836
2180	26.2561375709533
2181	26.0564778681745
2182	25.8718225680291
2183	25.6988070978427
2184	25.5348677424507
2185	25.3641255356026
2186	25.1731943143277
2187	24.9557474234538
2188	24.7186257335842
2189	24.4591484841962
2190	24.1534781148591
2191	23.7942298230337
2192	23.3789014854651
2193	22.9157822545755
2194	22.4353457866998
2195	21.9469348014495
2196	21.4472136705438
2197	20.9572423668054
2198	20.506701792543
2199	20.1253574191521
2200	19.8339533509375
2201	19.6255791111748
2202	19.4679998894103
2203	19.3562267614912
2204	19.2926151735453
2205	19.2482149456062
2206	19.2075434689895
2207	19.1746151459277
2208	19.1482134284811
2209	19.1281209806748
2210	19.1101120933862
2211	19.0885572081767
2212	19.0646704407185
2213	19.0498529003429
2214	19.0533822301671
2215	19.0574828317138
2216	19.0341579425235
2217	18.944903764028
2218	18.7651889398055
2219	18.4993250891372
2220	18.1628598918765
2221	17.7761189587813
2222	17.3488208341422
2223	16.8731084767901
2224	16.3432687636151
2225	15.7776689526134
2226	15.1934920040229
2227	14.5870982646977
2228	13.9626454964499
2229	13.3396352972641
2230	12.7228639483002
2231	12.1056882041659
2232	11.4873641629171
2233	10.8780683872451
2234	10.2743734803187
2235	9.68113427865502
2236	9.10441321763292
2237	8.53661395514628
2238	7.9915208904277
2239	7.48440717608357
2240	7.00982798369778
2241	6.56386085930646
2242	6.15171312995683
2243	5.7735778193666
2244	5.42129474336876
2245	5.09118751314175
2246	4.79194095210331
2247	4.5407154108151
2248	4.33746085005743
2249	4.15887718581765
2250	3.99585923799745
2251	3.8978654340318
2252	3.92283938611936
2253	4.04665433670368
2254	4.26245287039919
2255	4.59710566834659
2256	5.04325094274555
2257	5.58914918936677
2258	6.22786172425246
2259	6.95354457320429
2260	7.75886581873463
2261	8.63418886328745
2262	9.56763034541694
2263	10.5455911364895
2264	11.5535296806509
2265	12.5768098800798
2266	13.6014983780557
2267	14.6150350702778
2268	15.6067438061011
2269	16.5681779687656
2270	17.4933175382931
2271	18.3786357002576
2272	19.2230434164275
2273	20.0276374212561
2274	20.7974749614709
2275	21.5441009198374
2276	22.2831217773571
2277	23.0221152140839
2278	23.7529187983215
2279	24.4353315099032
2280	24.9955477005669
2281	25.4023118279937
2282	25.7198589237874
2283	26.0320889945008
2284	26.3521801310662
2285	26.648813515549
2286	26.8986010524363
2287	27.1090009342366
2288	27.2920069320841
2289	27.4499599382391
2290	27.6098750441551
2291	27.7997150612089
2292	28.0312126307494
2293	28.3002442212063
2294	28.5835675501663
2295	28.8730558766449
2296	29.1729632107438
2297	29.4899696857412
2298	29.8397523266375
2299	30.2288157948761
2300	30.6584406897596
2301	31.120357310828
2302	31.5946203099746
2303	32.0686078820948
2304	32.5400698039321
2305	33.0092173243253
2306	33.4648333952827
2307	33.8921490694606
2308	34.2699884061401
2309	34.5753832435771
2310	34.8147579173705
2311	34.9801107744238
2312	35.0615056106155
2313	35.0766265678048
2314	35.0487442685104
2315	34.9967087149447
2316	34.9331657419558
2317	34.8648615970911
2318	34.7866441996058
2319	34.6836492028255
2320	34.5526027633486
2321	34.3664584256655
2322	34.1069931873569
2323	33.7903291493803
2324	33.3890511046507
2325	32.8783919391487
2326	32.2680950838018
2327	31.5757544363736
2328	30.8203914827493
2329	30.0079733258758
2330	29.1508007225042
2331	28.2632909658653
2332	27.3603931321852
2333	26.4569101370278
2334	25.5679990726673
2335	24.7041069425088
2336	23.8703329449436
2337	23.0758603663305
2338	22.3181337172171
2339	21.5974388414904
2340	20.9234055223734
2341	20.2952335218293
2342	19.7061635824162
2343	19.140886577309
2344	18.5922266902513
2345	18.0630406300165
2346	17.5525901772509
2347	17.059352512789
2348	16.5824265044244
2349	16.1162537682526
2350	15.6500725183664
2351	15.1897044107984
2352	14.7588016848402
2353	14.3725929806616
2354	14.0347284768713
2355	13.7004467400648
2356	13.3774193553646
2357	13.0958085393768
2358	12.869193902606
2359	12.7181441895473
2360	12.6183781444831
2361	12.5490929416957
2362	12.5121125197379
2363	12.4974133258345
2364	12.4768539635647
2365	12.4506688786537
2366	12.4388120974865
2367	12.4636569771048
2368	12.5615147909502
2369	12.7369856839469
2370	12.9286704032804
2371	13.1002785889144
2372	13.2537187419101
2373	13.3918865995029
2374	13.5190471054234
2375	13.6062247770693
2376	13.6361131678542
2377	13.6306389666308
2378	13.6091334269073
2379	13.5953662925645
2380	13.6065132737878
2381	13.6119679457878
2382	13.5935851085651
2383	13.5837871343164
2384	13.6068767574016
2385	13.6706766484554
2386	13.7618228762072
2387	13.8419393336604
2388	13.8968656205161
2389	13.9515562186669
2390	14.0147643095466
2391	14.0455188221808
2392	14.022565551695
2393	13.9770601604649
2394	13.9289633697805
2395	13.8656970841219
2396	13.74825413175
2397	13.553829105646
2398	13.2952672745539
2399	12.9782486667167
2400	12.6181053890149
2401	12.2519679635763
2402	11.8789810980522
2403	11.4634926060061
2404	10.9901589628316
2405	10.4794717260628
2406	9.93182209203825
2407	9.34004896423756
2408	8.70801230290807
2409	8.03844318280567
2410	7.34604232239672
2411	6.6424579144356
2412	5.93540293368047
2413	5.23124488540662
2414	4.53434683216298
2415	3.8474300163351
2416	3.17191279481445
2417	2.50821343984705
2418	1.85601296592671
2419	1.22513791211245
2420	0.620382275542509
2421	0.042511999588828
2422	-0.503809825009866
2423	-1.03075686788457
2424	-1.54411385889008
2425	-2.05157994366915
2426	-2.57089210361707
2427	-3.0974138187401
2428	-3.63023313628229
2429	-4.1672174401064
2430	-4.67368383336116
2431	-5.09680494277964
2432	-5.40675809372493
2433	-5.66458218101819
2434	-5.89553336901841
2435	-6.06877042389979
2436	-6.16186214626252
2437	-6.14678732274429
2438	-6.00733987179429
2439	-5.73656976919052
2440	-5.34678451269169
2441	-4.85285426501606
2442	-4.26082499233942
2443	-3.57308638790853
2444	-2.79294351151436
2445	-1.9274445101821
2446	-0.9882752284532
2447	0.021346352908331
2448	1.08908850858685
2449	2.19226636456808
2450	3.3212476375014
2451	4.46062632372409
2452	5.58811708524969
2453	6.68498152249286
2454	7.74960120742619
2455	8.79399868101977
2456	9.81917221740633
2457	10.8186515694503
2458	11.7885826292239
2459	12.7272136034916
2460	13.6344307496521
2461	14.5113283001765
2462	15.359829011571
2463	16.1823683536777
2464	16.9816454783817
2465	17.7595720956929
2466	18.5184341934522
2467	19.2626590923836
2468	19.9918657333921
2469	20.7051809517993
2470	21.4019818542032
2471	22.0845837659437
2472	22.7559766138154
2473	23.4132153387957
2474	24.0484625509994
2475	24.6308112626702
2476	25.1103693570313
2477	25.461799414366
2478	25.7172818958513
2479	25.8918382246568
2480	26.0032700019693
2481	26.0888316697322
2482	26.1886686813969
2483	26.3503322479352
2484	26.6032259941029
2485	26.9542046987453
2486	27.3938922405782
2487	27.8916879526362
2488	28.4144549006709
2489	28.9466156250366
2490	29.4153857987126
2491	29.7704766334228
2492	30.0128825557809
2493	30.1467651987438
2494	30.1589713110382
2495	30.0267973367981
2496	29.768839092647
2497	29.3933374092694
2498	28.9105049709613
2499	28.3463944565981
2500	27.7249327367901
2501	27.0631920072627
2502	26.3693388995504
2503	25.6505682631738
2504	24.9256419019505
2505	24.1953065425752
2506	23.4627642228133
2507	22.7364442032029
2508	22.0142418073684
2509	21.3105858477534
2510	20.6227466800949
2511	19.9542052624099
2512	19.307008956258
2513	18.6741619193402
2514	18.0627048793681
2515	17.477694117593
2516	16.9158406807928
2517	16.3808022710414
2518	15.8692826514223
2519	15.3708181766085
2520	14.8916016164322
2521	14.4357950729027
2522	13.9971624932347
2523	13.5654682811821
2524	13.1392743318607
2525	12.7247172085571
2526	12.319436143604
2527	11.9182110589605
2528	11.5224085192901
2529	11.1333058747399
2530	10.7548765574992
2531	10.3935022263057
2532	10.0652816235025
2533	9.734777696066
2534	9.41422231930834
2535	9.15477890814826
2536	8.9887990171933
2537	8.94846770281859
2538	9.02051392548328
2539	9.16943605773288
2540	9.36192464193049
2541	9.59167318789636
2542	9.88355204641464
2543	10.2416730763962
2544	10.6604291907324
2545	11.1214429938005
2546	11.5819441350216
2547	12.0124660738358
2548	12.3796850401739
2549	12.6786090224907
2550	12.9333361223325
2551	13.1290472549228
2552	13.2075434618304
2553	13.1287809685349
2554	12.8947434564231
2555	12.523364966976
2556	12.0334139606632
2557	11.4416869115395
2558	10.7650122782712
2559	10.0197414624534
2560	9.22138112949003
2561	8.38432177126536
2562	7.52160664676387
2563	6.6447072651443
2564	5.76329332063204
2565	4.88510774138449
2566	4.01820538909831
2567	3.1665221147621
2568	2.32971574340793
2569	1.51178062630072
2570	0.712861341807704
2571	-0.0705721365843813
2572	-0.839361413818657
2573	-1.59214264333666
2574	-2.32818346900557
2575	-3.05085513832911
2576	-3.76536450656492
2577	-4.4741996370492
2578	-5.17667698143653
2579	-5.87127123675483
2580	-6.5592891398554
2581	-7.24690535121371
2582	-7.93837210055377
2583	-8.63428559575293
2584	-9.33488912809088
2585	-10.0415225757485
2586	-10.7559595117949
2587	-11.4779498935203
2588	-12.2072217508944
2589	-12.9435096654163
2590	-13.6865764559169
2591	-14.4362280104418
2592	-15.1923217281659
2593	-15.9547696304115
2594	-16.7193981506311
2595	-17.4830208974377
2596	-18.2454782822313
2597	-19.0050092626537
2598	-19.7598627262232
2599	-20.5103409280801
2600	-21.2596836148148
2601	-22.0110335036619
2602	-22.7629739389022
2603	-23.5118376548868
2604	-24.2462104428664
2605	-24.9548565680367
2606	-25.5993427788995
2607	-26.1749792071516
2608	-26.6893394405295
2609	-27.1176005062802
2610	-27.485311425681
2611	-27.8016135545719
2612	-28.0733631616408
2613	-28.2715944223156
2614	-28.4331661667016
2615	-28.6473956159913
2616	-28.8658735750179
2617	-29.0517876923038
2618	-29.227369051225
2619	-29.4691860848696
2620	-29.7987807934504
2621	-30.1818181456459
2622	-30.6018215110371
2623	-31.0439285513654
2624	-31.4898332724575
2625	-31.8875650618081
2626	-32.2253991470213
2627	-32.5356326044169
2628	-32.8172731416529
2629	-33.0189919391713
2630	-33.0981181665895
2631	-33.1028080022762
2632	-33.0798364153265
2633	-33.0449468108737
2634	-32.9911332399929
2635	-32.8929909074933
2636	-32.7643461038351
2637	-32.6485205390475
2638	-32.5716656171848
2639	-32.5267326729598
2640	-32.520704615298
2641	-32.586728803169
2642	-32.7311950013342
2643	-32.9764223989352
2644	-33.352548829779
2645	-33.8455312392987
2646	-34.4311996914115
2647	-35.0840114536297
2648	-35.7805818302516
2649	-36.5016458713119
2650	-37.2340272339209
2651	-37.968149937722
2652	-38.6991606121009
2653	-39.4226109743034
2654	-40.1286400009647
2655	-40.8114763283124
2656	-41.4714465291061
2657	-42.1103830757947
2658	-42.7310279339918
2659	-43.3365261314899
2660	-43.9300381737999
2661	-44.5144733837867
2662	-45.092957791181
2663	-45.6676778043439
2664	-46.2397307899846
2665	-46.812009429954
2666	-47.3863490009703
2667	-47.9608407119531
2668	-48.5334444843772
2669	-49.1060347309889
2670	-49.6813987280329
2671	-50.2618635451148
2672	-50.8374073742043
2673	-51.3515623033101
2674	-51.7723127838832
2675	-52.1250484880018
2676	-52.4194788289228
2677	-52.6702129930766
2678	-52.895653500289
2679	-53.1130145629231
2680	-53.3650989589364
2681	-53.6843783922739
2682	-54.0735380947736
2683	-54.5206455298846
2684	-55.0110675656964
2685	-55.5331094882125
2686	-56.0780815822267
2687	-56.6396948685286
2688	-57.2134899067414
2689	-57.7963294048032
2690	-58.3859774522252
2691	-58.9807755626257
2692	-59.5794123609382
2693	-60.1796205648028
2694	-60.776186776395
2695	-61.3535267867223
2696	-61.8649802822683
2697	-62.2466065706918
2698	-62.4875644743105
2699	-62.5813928543742
2700	-62.5596879203079
2701	-62.4749372313499
2702	-62.3604604468553
2703	-62.2742869334222
2704	-62.257910478731
2705	-62.3275584330921
2706	-62.4815052444796
2707	-62.7174931375473
2708	-63.0132790744963
2709	-63.3496518418032
2710	-63.7226173530921
2711	-64.0959269973884
2712	-64.4430345968889
2713	-64.7861251802119
2714	-65.1228650073646
2715	-65.4275867117844
2716	-65.694377675174
2717	-65.9224019134641
2718	-66.1162080084064
2719	-66.277961431756
2720	-66.4090245519495
2721	-66.5006449866432
2722	-66.5129922313214
2723	-66.412501361436
2724	-66.2025766138012
2725	-65.8989504833995
2726	-65.5124266042044
2727	-65.0492735293158
2728	-64.5130450222923
2729	-63.9077165101288
2730	-63.2360016940158
2731	-62.5030930931337
2732	-61.7151287258351
2733	-60.8775845011389
2734	-59.9994168583215
2735	-59.0895733460735
2736	-58.1578683377886
2737	-57.2142002304509
2738	-56.2679128169776
2739	-55.3274854647166
2740	-54.4002795305746
2741	-53.4923341915636
2742	-52.6095526312261
2743	-51.7583846007069
2744	-50.9451086826449
2745	-50.1764169720061
2746	-49.4530435235836
2747	-48.7764013179825
2748	-48.1668406815663
2749	-47.6120579872759
2750	-47.077799578969
2751	-46.5564167358076
2752	-46.0591793435769
2753	-45.5856906817074
2754	-45.1059810855196
2755	-44.6035223123197
2756	-44.0998721456799
2757	-43.6304584079185
2758	-43.2187996730454
2759	-42.882475953775
2760	-42.6243517911053
2761	-42.4256425268469
2762	-42.255849016576
2763	-42.0843994354026
2764	-41.8951039510693
2765	-41.6551497707206
2766	-41.3437835674732
2767	-40.9650528704211
2768	-40.5232087132525
2769	-40.0473977020285
2770	-39.5708170464804
2771	-39.0815500819872
2772	-38.5609939911872
2773	-38.0113129104501
2774	-37.4360480495262
2775	-36.8699972037099
2776	-36.3224314564638
2777	-35.7686674289651
2778	-35.2203226914557
2779	-34.7252620293331
2780	-34.3131719503812
2781	-33.9874035239892
2782	-33.7318722991501
2783	-33.5042965037714
2784	-33.2651226693994
2785	-32.9832337431897
2786	-32.6659557559577
2787	-32.3283529762125
2788	-31.9985170872278
2789	-31.7020957745573
2790	-31.4061628439159
2791	-31.0848469075386
2792	-30.754539867836
2793	-30.398760081488
2794	-29.9869560379263
2795	-29.5215859840567
2796	-29.0143497581664
2797	-28.4655937587579
2798	-27.8793755018366
2799	-27.2897205789439
2800	-26.7043517231468
2801	-26.1111541470345
2802	-25.5388658092002
2803	-25.0056222634686
2804	-24.5073681901204
2805	-24.0454279745292
2806	-23.5927973001985
2807	-23.1582347644334
2808	-22.7768925449564
2809	-22.4183781377904
2810	-22.0665797744374
2811	-21.704259375003
2812	-21.3190170546847
2813	-20.9170338941389
2814	-20.4725806351141
2815	-19.9704940911957
2816	-19.4113667532926
2817	-18.828130373258
2818	-18.2814184950892
2819	-17.7890897986662
2820	-17.3221764455592
2821	-16.8719859253241
2822	-16.4443208599967
2823	-16.0279676302678
2824	-15.6191283710777
2825	-15.2260108300445
2826	-14.8404029177676
2827	-14.4717895020566
2828	-14.1412744561302
2829	-13.8337324679417
2830	-13.5113168188552
2831	-13.1729370512634
2832	-12.848232456237
2833	-12.5575622691019
2834	-12.2624299421112
2835	-11.9331058485745
2836	-11.5982519923411
2837	-11.2979342203475
2838	-11.0711770562423
2839	-10.9061043131728
2840	-10.7521276205406
2841	-10.5786888079994
2842	-10.3854645210775
2843	-10.1350242490185
2844	-9.80365424419861
2845	-9.41576906388882
2846	-8.9774217587878
2847	-8.51864345995163
2848	-8.07281628480751
2849	-7.62714303701517
2850	-7.15100926481701
2851	-6.65376695969031
2852	-6.16452001192851
2853	-5.66373101972443
2854	-5.13150271882681
2855	-4.59234964784618
2856	-4.06745691826252
2857	-3.56239820116636
2858	-3.07470641843578
2859	-2.60396619960874
2860	-2.14573151164251
2861	-1.70017995526202
2862	-1.2647799036041
2863	-0.839871609685623
2864	-0.418946739185238
2865	0.00432384701588426
2866	0.435952563543747
2867	0.88158162494916
2868	1.32897106098422
2869	1.774556359536
2870	2.22750959027593
2871	2.67625714132008
2872	3.10725116957082
2873	3.53126861367626
2874	3.94714321053351
2875	4.34452395622713
2876	4.73251474075228
2877	5.12742250108539
2878	5.51228269636903
2879	5.88035623587915
2880	6.21514138992591
2881	6.50747564030615
2882	6.80322704790767
2883	7.1348891329762
2884	7.52102193469502
2885	7.98034941753141
2886	8.49127312834545
2887	9.03060691412048
2888	9.58673130338619
2889	10.1534584341731
2890	10.7318931702867
2891	11.3170490117545
2892	11.9052546193837
2893	12.493886421761
2894	13.0811685892288
2895	13.6660166530862
2896	14.247907755882
2897	14.8267648052346
2898	15.4045612407532
2899	15.9896762697866
2900	16.5822147428699
2901	17.1753729426374
2902	17.7699032669362
2903	18.3662727113646
2904	18.9630478358892
2905	19.5594076036902
2906	20.1576539591459
2907	20.759691443915
2908	21.3613922107941
2909	21.960115747576
2910	22.5619150832157
2911	23.1746295332694
2912	23.7910255976488
2913	24.4005744896172
2914	25.0021172602361
2915	25.5997689117113
2916	26.1992434036177
2917	26.8048793160775
2918	27.4192213946194
2919	28.0381805683909
2920	28.6589787678155
2921	29.2877102264038
2922	29.93211701755
2923	30.5896951631869
2924	31.2403568631036
2925	31.8719223596395
2926	32.4881313763905
2927	33.0919254500618
2928	33.6859536966775
2929	34.2734085617406
2930	34.8567200474278
2931	35.4378239339025
2932	36.0183804817175
2933	36.5997776994429
2934	37.1831420113102
2935	37.770812516625
2936	38.3642957079943
2937	38.9657408150832
2938	39.5798564331755
2939	40.2080219245912
2940	40.8500608608143
2941	41.484195444702
2942	42.0871621556524
2943	42.6907815635716
2944	43.3049868117874
2945	43.9188721643782
2946	44.5405642927243
2947	45.1764594509239
2948	45.8264529054267
2949	46.481507564088
2950	47.1351155627422
2951	47.7828889354488
2952	48.4221142847559
2953	49.0513302783835
2954	49.6699624277249
2955	50.2780285708249
2956	50.8759131713937
2957	51.4642044654575
2958	52.043580233234
2959	52.6147338502473
2960	53.1783299363906
2961	53.7349797705324
2962	54.2852316278949
2963	54.8295711861842
2964	55.3684268873472
2965	55.9012359757455
2966	56.4238365588098
2967	56.9297053230822
2968	57.4130559114012
2969	57.8691298675382
2970	58.296892718573
2971	58.6979076631732
2972	59.0580028035313
2973	59.3570397105529
2974	59.5758341943413
2975	59.7023722085507
2976	59.731655905127
2977	59.6557869882658
2978	59.4808505156697
2979	59.2223612247001
2980	58.8916084911687
2981	58.4966821014299
2982	58.0430982693483
2983	57.5341717694915
2984	56.9713837689916
2985	56.3553997268658
2986	55.6872170985274
2987	54.9688115267044
2988	54.2034274511523
2989	53.3956355870078
2990	52.5512981871783
2991	51.6779466373006
2992	50.7840526737438
2993	49.8778566181941
2994	48.9679476155404
2995	48.0637756212424
2996	47.1738938913616
2997	46.3052902014346
2998	45.4636573846841
2999	44.6526468644041
3000	43.8733248059265
3001	43.1242660789539
3002	42.4019946114516
3003	41.7042461449088
3004	41.0310930607184
3005	40.38061686911
3006	39.7503230576804
3007	39.1387239732082
3008	38.5441531190024
3009	37.9648649302107
3010	37.3991080856969
3011	36.8451774697691
3012	36.3014498040829
3013	35.7664065536078
3014	35.2386474056892
3015	34.7168967609548
3016	34.2000047152052
3017	33.6869444174649
3018	33.1768065023142
3019	32.6687913397403
3020	32.1622001642855
3021	31.6564253225979
3022	31.1509399261601
3023	30.6452876162413
3024	30.1390727219195
3025	29.6319509398263
3026	29.1238515069947
3027	28.6147547040544
3028	28.1043213204387
3029	27.5919715974379
3030	27.0774260962791
3031	26.5612736554843
3032	26.0434599167784
3033	25.5231138420156
3034	24.9998997621257
3035	24.4742080997251
3036	23.9468069290089
3037	23.4196608859948
3038	22.8940774883821
3039	22.3694676668738
3040	21.8465809001714
3041	21.3266334004869
3042	20.8096050746164
3043	20.2952865733518
3044	19.7801774167963
3045	19.2586382181945
3046	18.7301078779982
3047	18.1976324009273
3048	17.66145309497
3049	17.1195398256168
3050	16.5740264910046
3051	16.0273456323265
3052	15.4845654584965
3053	14.959651346327
3054	14.4519770466484
3055	13.9411219719499
3056	13.4340245501363
3057	12.9346284600156
3058	12.4189987045645
3059	11.8782335383518
3060	11.3177611908648
3061	10.7418507277829
3062	10.1537848706826
3063	9.55602529173187
3064	8.95036839295742
3065	8.33808825266208
3066	7.720062160618
3067	7.09687612449754
3068	6.4689101791326
3069	5.83640329896986
3070	5.20028070220888
3071	4.5615601640101
3072	3.923999517841
3073	3.2942239951328
3074	2.67662620660364
3075	2.07232592964215
3076	1.48082758736932
3077	0.909440088957873
3078	0.354476257519746
3079	-0.194727295310516
3080	-0.739314278211642
3081	-1.28081908187307
3082	-1.82087556355432
3083	-2.36100388312268
3084	-2.90248256715623
3085	-3.44629311515602
3086	-3.99311723081719
3087	-4.54336619565912
3088	-5.09722722612295
3089	-5.65471480491216
3090	-6.21613139924273
3091	-6.78234818911178
3092	-7.35434326093504
3093	-7.93318159396401
3094	-8.51763859722802
3095	-9.10789170893489
3096	-9.70645538304516
3097	-10.3106220849313
3098	-10.9154588497165
3099	-11.5214063237602
3100	-12.1282220904712
3101	-12.7347888780944
3102	-13.3442126698902
3103	-13.9585666316463
3104	-14.574453558324
3105	-15.1874859346273
3106	-15.7973180609429
3107	-16.4050114045082
3108	-17.0106818703865
3109	-17.6149269160478
3110	-18.2190950595325
3111	-18.8268686072448
3112	-19.4419063518808
3113	-20.0674796835655
3114	-20.703711923593
3115	-21.3263827853187
3116	-21.9066180299289
3117	-22.4758824931637
3118	-23.0688226577446
3119	-23.6821020188687
3120	-24.3094785649563
3121	-24.9461194618971
3122	-25.5884378269173
3123	-26.2338994696282
3124	-26.8808135996053
3125	-27.528128443957
3126	-28.1752494301143
3127	-28.8218889537429
3128	-29.4679513704205
3129	-30.1134496505235
3130	-30.7584503903819
3131	-31.4030399168745
3132	-32.0473064353004
3133	-32.691333862918
3134	-33.335201688332
3135	-33.9789885287766
3136	-34.6227773976607
3137	-35.2666605208485
3138	-35.9107424072649
3139	-36.5551410977282
3140	-37.1999875350075
3141	-37.8444796217008
3142	-38.4866777196992
3143	-39.118952978513
3144	-39.7161288327849
3145	-40.233885055883
3146	-40.6253899436397
3147	-40.866782215639
3148	-40.9649487347955
3149	-40.9242922755604
3150	-40.7629244190783
3151	-40.5416468454933
3152	-40.3309974430981
3153	-40.1318716655809
3154	-39.9282736978975
3155	-39.7437275463657
3156	-39.6174300806288
3157	-39.6045330336623
3158	-39.7417624824464
3159	-40.0245824735629
3160	-40.4263056946891
3161	-40.9224333673777
3162	-41.4906119976558
3163	-42.1107718599212
3164	-42.765334936152
3165	-43.4394120486136
3166	-44.1209266390034
3167	-44.8006218458346
3168	-45.4722089274667
3169	-46.1318488154184
3170	-46.7789133013195
3171	-47.4128678259317
3172	-48.0373024412371
3173	-48.6606228428874
3174	-49.2818808412715
3175	-49.8551396995934
3176	-50.3289557114505
3177	-50.67631287444
3178	-50.8889209514377
3179	-50.9779984171021
3180	-50.9473038640755
3181	-50.7968153849415
3182	-50.537841964156
3183	-50.1860755403796
3184	-49.75108461119
3185	-49.2379211259349
3186	-48.6483373569897
3187	-47.9825439746704
3188	-47.2527032187322
3189	-46.4662170739716
3190	-45.6334178429833
3191	-44.7695362342895
3192	-43.8743938040462
3193	-42.962890124091
3194	-42.0446127083985
3195	-41.1187413776134
3196	-40.1940851965514
3197	-39.2734039084685
3198	-38.3716468643737
3199	-37.4953382885531
3200	-36.6412465853331
3201	-35.8161506834574
3202	-35.0204680133674
3203	-34.2552290355031
3204	-33.5186353457328
3205	-32.8045180727196
3206	-32.1090973354106
3207	-31.4368046665963
3208	-30.786899951287
3209	-30.1527128587493
3210	-29.5275286351628
3211	-28.9124336439722
3212	-28.3145028569803
3213	-27.7432189704176
3214	-27.1992551213729
3215	-26.6735396285086
3216	-26.1507146475555
3217	-25.6310473042622
3218	-25.1182525061567
3219	-24.6025553056286
3220	-24.0642506086907
3221	-23.4918587032114
3222	-22.9017368212389
3223	-22.3190606410707
3224	-21.7557255497749
3225	-21.2105643147132
3226	-20.6726711804361
3227	-20.1229044100461
3228	-19.5488242955512
3229	-18.9503768896832
3230	-18.3336525127388
3231	-17.6997316930852
3232	-17.0537003468084
3233	-16.4134386639457
3234	-15.7827430569081
3235	-15.1670272454557
3236	-14.5775021027715
3237	-14.0091606565945
3238	-13.4590212442199
3239	-12.9260164138315
3240	-12.406008589801
3241	-11.8950101934858
3242	-11.3894354017085
3243	-10.8862357775867
3244	-10.3829458499031
3245	-9.87767021909753
3246	-9.36773192093877
3247	-8.84984518215542
3248	-8.31970970569668
3249	-7.77482627240425
3250	-7.20967191845116
3251	-6.62657405908714
3252	-6.04234138941673
3253	-5.46602081620433
3254	-4.89630668077563
3255	-4.32741904797802
3256	-3.74641865451719
3257	-3.14762594488175
3258	-2.52612282717558
3259	-1.88009345822661
3260	-1.21641269330877
3261	-0.560074363983671
3262	0.0728653618235302
3263	0.685598181410873
3264	1.2786406800376
3265	1.85825350571621
3266	2.42791553353117
3267	2.98696504545163
3268	3.53860942865862
3269	4.08579173525808
3270	4.63108352387625
3271	5.17663049405036
3272	5.72414053711411
3273	6.27490203824478
3274	6.83246941475491
3275	7.40202475399565
3276	7.98893278626668
3277	8.59063347234712
3278	9.20989351437994
3279	9.85571368040467
3280	10.5264725974957
3281	11.1605215605878
3282	11.7166693287123
3283	12.2502279140037
3284	12.7913607104984
3285	13.3429924754177
3286	13.9162323004521
3287	14.5015991974998
3288	15.093330805859
3289	15.6896310239369
3290	16.2838288168962
3291	16.8780856844502
3292	17.4705439079136
3293	18.0704220515389
3294	18.6881765486387
3295	19.2769631700829
3296	19.8469705417592
3297	20.4452695495587
3298	21.065398486829
3299	21.6865079968578
3300	22.301067105291
3301	22.9237707662996
3302	23.5306163366736
3303	24.0650229184299
3304	24.4727419544581
3305	24.7212398876707
3306	24.8158568805648
3307	24.8060123310622
3308	24.7621323435125
3309	24.7221567343233
3310	24.7092725211883
3311	24.7402313447617
3312	24.806701264862
3313	24.8845563674822
3314	24.9537158606334
3315	25.013497910386
3316	25.0817978805334
3317	25.1435611538677
3318	25.1850147285906
3319	25.2337274816977
3320	25.2965813661305
3321	25.3628150321602
3322	25.4363930953769
3323	25.5250296736014
3324	25.628625432378
3325	25.7436114110977
3326	25.8797263033178
3327	26.0422224408566
3328	26.2227863187498
3329	26.4093627310396
3330	26.5908614209646
3331	26.7640011280858
3332	26.9257769340857
3333	27.0642530400032
3334	27.1649033695304
3335	27.2348787001208
3336	27.2801710843057
3337	27.2948492842823
3338	27.2784299984633
3339	27.2361610539972
3340	27.1773459267485
3341	27.1170971666954
3342	27.0564272377649
3343	26.9810767014248
3344	26.8896604515896
3345	26.7852446032086
3346	26.6621875757992
3347	26.523769412365
3348	26.3770520163934
3349	26.2219769993868
3350	26.0566593889019
3351	25.8743619667244
3352	25.6620268588697
3353	25.4157880641442
3354	25.1435932598164
3355	24.8536618922975
3356	24.5515152772719
3357	24.2313127924438
3358	23.8809346514856
3359	23.4919131199866
3360	23.0988306465207
3361	22.7241400461411
3362	22.3945935671901
3363	22.1254854373064
3364	21.9003571693718
3365	21.7472617438463
3366	21.7036312092235
3367	21.8014642132025
3368	22.049806495083
3369	22.4320987344832
3370	22.9327203147035
3371	23.537357980751
3372	24.2280957135917
3373	24.9866772442968
3374	25.7951014857417
3375	26.6379404482711
3376	27.500476358982
3377	28.3675716448581
3378	29.2334775553558
3379	30.0912777525699
3380	30.9420702789508
3381	31.7838231733702
3382	32.5599245940596
3383	33.2073886155721
3384	33.7039670544786
3385	34.0250805609038
3386	34.2083999190369
3387	34.2979309917649
3388	34.2900224421136
3389	34.216253090662
3390	34.1271835104771
3391	34.0617666048892
3392	34.0353359908842
3393	34.043914754208
3394	34.0659780530766
3395	34.0874361446783
3396	34.1179594938974
3397	34.1683652532174
3398	34.2337599189866
3399	34.2874382002805
3400	34.3092301634956
3401	34.3112076516612
3402	34.3107664236005
3403	34.3354667149006
3404	34.4306295346385
3405	34.6208313985317
3406	34.9088190396919
3407	35.2843299629758
3408	35.7306714634659
3409	36.2326776087147
3410	36.7767582242591
3411	37.3509577006876
3412	37.9449938258786
3413	38.5502601184754
3414	39.1597857609907
3415	39.768150797968
3416	40.3713610320879
3417	40.9666895973681
3418	41.5524942200211
3419	42.128023785714
3420	42.69322414349
3421	43.2485533337329
3422	43.7958678897259
3423	44.3396559351533
3424	44.8849603643703
3425	45.4394224194993
3426	46.0057631309954
3427	46.5491589068155
3428	47.0126798683267
3429	47.3933851505337
3430	47.7180556165408
3431	48.0071222343863
3432	48.2916959568895
3433	48.5907063645654
3434	48.9175968396857
3435	49.2834175658939
3436	49.6905475060979
3437	50.1344035799873
3438	50.5964324151929
3439	51.0413818103515
3440	51.42913303461
3441	51.7261526004367
3442	51.9313076211846
3443	52.0460063930849
3444	52.0688971264037
3445	52.0212890524756
3446	51.9273290349362
3447	51.7849339011031
3448	51.6025289737878
3449	51.4003821559379
3450	51.1697034713231
3451	50.9072631500321
3452	50.6228359119965
3453	50.3040563895152
3454	49.9358419646527
3455	49.5298387628884
3456	49.0849202831436
3457	48.5880810103254
3458	48.0422661363518
3459	47.4717230610187
3460	46.8962353056627
3461	46.3108204035978
3462	45.7073063111251
3463	45.0766851402967
3464	44.4077569973336
3465	43.7101262968273
3466	43.017298888363
3467	42.3580809976421
3468	41.7504398007797
3469	41.2005240531178
3470	40.6968789618142
3471	40.2232004400732
3472	39.7796905531209
3473	39.3739916943419
3474	39.0047002469198
3475	38.6608815874543
3476	38.3233014016102
3477	37.9882063564528
3478	37.6620512724795
3479	37.3474211862118
3480	37.0498837585113
3481	36.7664316352698
3482	36.4909048477732
3483	36.200761247036
3484	35.8957454508147
3485	35.5620072849157
3486	35.1863392686166
3487	34.8048952519556
3488	34.4356277784576
3489	34.0614702206927
3490	33.6717433447427
3491	33.272410423175
3492	32.8673384716112
3493	32.4645907535506
3494	32.0754291678002
3495	31.6990632851101
3496	31.3326275269429
3497	30.9772288043964
3498	30.6171089343554
3499	30.234583250802
3500	29.8227797544105
3501	29.3765453317909
3502	28.8967804738455
3503	28.3967539088612
3504	27.9010613178118
3505	27.419813632957
3506	26.9377509505557
3507	26.4414590428916
3508	25.9366187231928
3509	25.4218192412283
3510	24.8925252270861
3511	24.3542996251
3512	23.8061038701706
3513	23.2466031779187
3514	22.6787307882548
3515	22.1059925859405
3516	21.5331483526453
3517	20.96220269389
3518	20.3894798741334
3519	19.8124721953122
3520	19.2320331111529
3521	18.6487884941174
3522	18.06318022413
3523	17.4754981534784
3524	16.8872635507958
3525	16.3015601624999
3526	15.718424263175
3527	15.1335242816357
3528	14.5442309844198
3529	13.9508192338411
3530	13.3535579754271
3531	12.7541142751778
3532	12.1552857770785
3533	11.557591628792
3534	10.9595051458876
3535	10.3618599098415
3536	9.76594659206595
3537	9.16779084978875
3538	8.56270114779
3539	7.94972948219968
3540	7.32936321393247
3541	6.702305019412
3542	6.07481427459791
3543	5.45440167804306
3544	4.83761847006513
3545	4.21649525901777
3546	3.59023711028176
3547	2.96258447911803
3548	2.33701937892958
3549	1.71715071627535
3550	1.11501336939738
3551	0.522575292385694
3552	-0.0779650639403149
3553	-0.689799445619474
3554	-1.30518980972578
3555	-1.89444962585466
3556	-2.46929332792285
3557	-3.04492336557596
3558	-3.61177047970269
3559	-4.15705487629265
3560	-4.67122447214447
3561	-5.18760335447978
3562	-5.72615583774807
3563	-6.27632695442156
3564	-6.8345625811857
3565	-7.39769337628267
3566	-7.964130699944
3567	-8.53289062607282
3568	-9.10335790239268
3569	-9.67514129703182
3570	-10.2479906434926
3571	-10.8217508745044
3572	-11.3963383255475
3573	-11.9717274450016
3574	-12.5479419445785
3575	-13.1250478917821
3576	-13.7032311703276
3577	-14.2841891165051
3578	-14.8718988993842
3579	-15.4712798189509
3580	-16.0828030847308
3581	-16.6553060238087
3582	-17.1214836466933
3583	-17.5010506430765
3584	-17.8090342948251
3585	-18.0696017355994
3586	-18.3456441527986
3587	-18.6518400849396
3588	-18.9889782026208
3589	-19.3464702301337
3590	-19.6344847809569
3591	-19.776546324935
3592	-19.783416810015
3593	-19.6696924882217
3594	-19.477595138236
3595	-19.2391202366244
3596	-18.9686912199716
3597	-18.6916215666608
3598	-18.4350393786542
3599	-18.1942161647383
3600	-17.9502357859812
3601	-17.7111969693337
3602	-17.5168068796348
3603	-17.4265718408918
3604	-17.4681143866106
3605	-17.6573446506341
3606	-17.9939275620402
3607	-18.4581907739282
3608	-19.0303724271601
3609	-19.6916266966823
3610	-20.4243400333567
3611	-21.2124240315907
3612	-22.0414969493994
3613	-22.8989796080406
3614	-23.77034261207
3615	-24.6463099266598
3616	-25.5230952235778
3617	-26.3874140709669
3618	-27.2357443047718
3619	-28.0598548208488
3620	-28.8522546314654
3621	-29.6346242383916
3622	-30.4212135832615
3623	-31.208819193173
3624	-31.9952704809847
3625	-32.7791164667343
3626	-33.5568605807572
3627	-34.3209227538437
3628	-35.0664226672615
3629	-35.7790624212103
3630	-36.4082567249813
3631	-36.897782355423
3632	-37.238513535225
3633	-37.4987656311831
3634	-37.7496167190983
3635	-38.0217115372023
3636	-38.3528638922514
3637	-38.7556152376971
3638	-39.2126884530133
3639	-39.7106878434922
3640	-40.2389928612344
3641	-40.7890456159347
3642	-41.3541129114728
3643	-41.9288446904912
3644	-42.5082888656995
3645	-43.0916269257107
3646	-43.6769958628984
3647	-44.2649262246646
3648	-44.8589765370848
3649	-45.4258446472772
3650	-45.8957315653451
3651	-46.2680599687959
3652	-46.5874571891786
3653	-46.8669634326123
3654	-47.0736765472762
3655	-47.1407213473134
3656	-47.0538158472518
3657	-46.839904777666
3658	-46.5477346326284
3659	-46.243740543985
3660	-45.9438181927499
3661	-45.6392875609761
3662	-45.3442721645103
3663	-45.0617101876046
3664	-44.7746974490073
3665	-44.4384728786824
3666	-44.0216443715289
3667	-43.5093129105734
3668	-42.8874097855412
3669	-42.1804499737339
3670	-41.4290509273971
3671	-40.6678418059363
3672	-39.9426685147217
3673	-39.2646008041377
3674	-38.5651872035983
3675	-37.8062187577799
3676	-37.0207385469453
3677	-36.2746522328351
3678	-35.641827280011
3679	-35.1596637583315
3680	-34.7912297333442
3681	-34.5116239786059
3682	-34.3274219767088
3683	-34.2093932806757
3684	-34.1345196825363
3685	-34.1098342822959
3686	-34.1171991511537
3687	-34.1297118281269
3688	-34.1521766245532
3689	-34.1890460667321
3690	-34.2318191602706
3691	-34.2611360560358
3692	-34.2748514498249
3693	-34.2827573102908
3694	-34.2898754815132
3695	-34.2906635193868
3696	-34.2578058032565
3697	-34.1683600646562
3698	-34.0166764070426
3699	-33.8006793924026
3700	-33.5097673134736
3701	-33.1329271565506
3702	-32.6620040488096
3703	-32.1012179285847
3704	-31.4819592793959
3705	-30.8459540879107
3706	-30.2052227023206
3707	-29.5564706749663
3708	-28.9211639077863
3709	-28.3193678866472
3710	-27.7425820997099
3711	-27.1744572486805
3712	-26.6056859461649
3713	-26.0119144297763
3714	-25.3696819622106
3715	-24.6850665071815
3716	-24.0220549876335
3717	-23.4266248138091
3718	-22.9026540068307
3719	-22.4718234226609
3720	-22.165163023943
3721	-21.9842580477444
3722	-21.8930325185946
3723	-21.8683020366602
3724	-21.9005080445829
3725	-21.976954857578
3726	-22.0921409837729
3727	-22.2339654401587
3728	-22.3952156710034
3729	-22.6006543433676
3730	-22.8852156087526
3731	-23.2608310196545
3732	-23.7016354091113
3733	-24.1696933782229
3734	-24.6506399951352
3735	-25.1299874114042
3736	-25.5785642289428
3737	-25.9497072661535
3738	-26.2479062045336
3739	-26.5111513919672
3740	-26.7326098857065
3741	-26.8797024910554
3742	-26.9219076568355
3743	-26.8644563718622
3744	-26.7494719242271
3745	-26.630929756792
3746	-26.5336667939229
3747	-26.4441944891217
3748	-26.3453634952183
3749	-26.2254063790014
3750	-26.0607064162505
3751	-25.8226029589519
3752	-25.4974222635899
3753	-25.0761093587126
3754	-24.5478400505009
3755	-23.9125098326311
3756	-23.1825012175023
3757	-22.3967815390625
3758	-21.6022731520516
3759	-20.8090612967146
3760	-20.002345151909
3761	-19.1918019616997
3762	-18.3972091808857
3763	-17.623818117412
3764	-16.8611297421301
3765	-16.1064370954764
3766	-15.3869853703696
3767	-14.7157840143573
3768	-14.07118912999
3769	-13.4241759555393
3770	-12.7465816240216
3771	-12.0333506900192
3772	-11.2974072832332
3773	-10.5531054803558
3774	-9.80799129587094
3775	-9.05071707363041
3776	-8.27829835493804
3777	-7.50906588635867
3778	-6.7630055176822
3779	-6.0597742591509
3780	-5.41080731202868
3781	-4.8096960054799
3782	-4.22699550380872
3783	-3.65197851935377
3784	-3.09184847814692
3785	-2.52667404742476
3786	-1.93818609892008
3787	-1.32085792291626
3788	-0.669056783660785
3789	0.0176393405443222
3790	0.721187969713082
3791	1.40319829244284
3792	2.04242701006207
3793	2.64097902911865
3794	3.20373241972526
3795	3.73716010532458
3796	4.24825964242197
3797	4.74375141799311
3798	5.22957825929937
3799	5.71066659858406
3800	6.19087594266204
3801	6.67306369328784
3802	7.15920859592163
3803	7.65055295093266
3804	8.14774617867428
3805	8.65097348678209
3806	9.16007110370371
3807	9.6746261970034
3808	10.1940600881074
3809	10.7176994936119
3810	11.2448365709691
3811	11.7747775172727
3812	12.3068805021893
3813	12.8405833736362
3814	13.3754220926241
3815	13.91104040505
3816	14.4471913485208
3817	14.9837317780907
3818	15.5206113412228
3819	16.0578574869116
3820	16.5955581408986
3821	17.1338436100131
3822	17.6728691043634
3823	18.2127990101492
3824	18.753793739203
3825	19.2981580688908
3826	19.8515500297903
3827	20.4204370422484
3828	21.0133802566833
3829	21.6301796470619
3830	22.2110520026915
3831	22.7458366217401
3832	23.2991033937301
3833	23.8780185463888
3834	24.4713248508813
3835	25.0868710541188
3836	25.7228051876489
3837	26.3717205988177
3838	27.0279564199061
3839	27.6873685389649
3840	28.3470643256586
3841	29.0051326895163
3842	29.6603961655514
3843	30.3121988466454
3844	30.9602379799053
3845	31.6044356032526
3846	32.2448486492991
3847	32.8816072993827
3848	33.5148171681786
3849	34.1447351060448
3850	34.7715413922386
3851	35.395417837804
3852	36.0165488498169
3853	36.6277450374679
3854	37.222369990539
3855	37.802405931638
3856	38.3744231938845
3857	38.9377634473511
3858	39.4912523603439
3859	40.032747779752
3860	40.5546386452259
3861	41.0604669482207
3862	41.5469695660242
3863	41.9730336430933
3864	42.3477558810111
3865	42.6849889979182
3866	42.984028181254
3867	43.2871000680412
3868	43.6198235227122
3869	43.9817683803242
3870	44.36718798426
3871	44.7715016106165
3872	45.1910742516886
3873	45.6229098530611
3874	46.0644691828065
3875	46.5135909142915
3876	46.9717743098379
3877	47.4391521012795
3878	47.9135172258925
3879	48.397869794568
3880	48.8962234686493
3881	49.3988852666349
3882	49.8790458784862
3883	50.3344083674568
3884	50.7597242537219
3885	51.1589771567764
3886	51.5482108228257
3887	51.9398817671481
3888	52.3543718064741
3889	52.7932363035484
3890	53.2582063434068
3891	53.7500022444152
3892	54.261261154556
3893	54.7862611071494
3894	55.3206601253022
3895	55.8612384757479
3896	56.4056564481984
3897	56.950997987877
3898	57.4950302296356
3899	58.0339081426448
3900	58.5630461784776
3901	59.0775999319033
3902	59.5658788423854
3903	59.999400665845
3904	60.363728383266
3905	60.6637384780149
3906	60.9140145874753
3907	61.1340139191888
3908	61.3351784498593
3909	61.5362350600172
3910	61.7558793784354
3911	62.0077704651635
3912	62.2980137851122
3913	62.6195346794785
3914	62.9661451650204
3915	63.3352499124381
3916	63.722647210749
3917	64.1258791702544
3918	64.5447961598354
3919	64.9737271764929
3920	65.3854346837314
3921	65.7512694848231
3922	66.0641740342301
3923	66.3197938527876
3924	66.5141680937063
3925	66.6548478828856
3926	66.7419599978733
3927	66.7701804455835
3928	66.7342595920626
3929	66.6308630515262
3930	66.4672473437782
3931	66.2490295531147
3932	65.9855837158036
3933	65.6819046435195
3934	65.3345074336235
3935	64.9485971418417
3936	64.5366701472441
3937	64.103860576111
3938	63.6466732874458
3939	63.1603632105385
3940	62.6328460589117
3941	62.0542289947321
3942	61.4257682980418
3943	60.7527478183686
3944	60.0414614129964
3945	59.2986143450024
3946	58.531177554334
3947	57.746223147358
3948	56.951557670503
3949	56.15399822272
3950	55.3586738074608
3951	54.5713151006934
3952	53.7968768108567
3953	53.0393924160695
3954	52.3018538265212
3955	51.586127800419
3956	50.8929883564538
3957	50.2243321906816
3958	49.5823295228126
3959	48.9706017026704
3960	48.3938530128895
3961	47.8519853453099
3962	47.3401888705157
3963	46.8541764657797
3964	46.3934717804549
3965	45.9563023562886
3966	45.5340784609811
3967	45.1290061200834
3968	44.7433172494097
3969	44.3759874843233
3970	44.017225642098
3971	43.6643394978901
3972	43.3249530827526
3973	42.9984364217912
3974	42.680929582876
3975	42.369795949234
3976	42.0623372303653
3977	41.7624576835088
3978	41.4694031400805
3979	41.1768673284468
3980	40.8832261324812
3981	40.5857755879109
3982	40.285969292433
3983	39.9831779791941
3984	39.6774941782013
3985	39.3755020411127
3986	39.0785009668418
3987	38.7807962795602
3988	38.4795761760301
3989	38.1768127633527
3990	37.8727480719903
3991	37.5625447651018
3992	37.2505248341075
3993	36.9487242438961
3994	36.6584087713696
3995	36.3744108344167
3996	36.0914980907939
3997	35.8100196344587
3998	35.5278146203041
3999	35.2447014695351
4000	34.9676675411469
4001	34.7016235782832
4002	34.4505743538024
4003	34.2111782406347
4004	33.980226567032
4005	33.7535708093136
4006	33.5259145247982
4007	33.2985792734854
4008	33.0670048871651
4009	32.8303072788228
4010	32.5943163594121
4011	32.3572509554872
4012	32.1248215758513
4013	31.9043478216273
4014	31.7094141049718
4015	31.5534188350267
4016	31.4404635797415
4017	31.3634945571926
4018	31.3248615127879
4019	31.3278071750369
4020	31.3586283243883
4021	31.4245225397965
4022	31.5200595920717
4023	31.61786794664
4024	31.7037733298023
4025	31.7806378150114
4026	31.8385020477676
4027	31.8886325760326
4028	31.96260918476
4029	32.0626960966353
4030	32.1949612130247
4031	32.3921317436398
4032	32.6791586819192
4033	33.0658155075968
4034	33.5556584442327
4035	34.1405926657644
4036	34.8117397758408
4037	35.5592547775331
4038	36.372424778083
4039	37.2398986606033
4040	38.1499792229173
4041	39.0909379855064
4042	40.0513299766821
4043	41.0202967058125
4044	41.9878542879506
4045	42.9451690032813
4046	43.8848195037603
4047	44.8010372629987
4048	45.6898028711395
4049	46.5490676843258
4050	47.371118434571
4051	48.1487940992319
4052	48.8784338895375
4053	49.5608220396329
4054	50.2011156936624
4055	50.8021126353749
4056	51.3681066211346
4057	51.9037429506022
4058	52.4136178981916
4059	52.9084219689511
4060	53.4039245032332
4061	53.9064708871373
4062	54.4047844492408
4063	54.8782805104332
4064	55.330666793737
4065	55.7748596010645
4066	56.2124730512534
4067	56.6446370667224
4068	57.0724580512539
4069	57.4970814644366
4070	57.9207178858823
4071	58.3453220783928
4072	58.7704629328991
4073	59.1965376195333
4074	59.6249344519222
4075	60.0549527329634
4076	60.4877252002399
4077	60.9263938934634
4078	61.3701684681559
4079	61.807164913201
4080	62.2213065693795
4081	62.5864744335756
4082	62.8861957240736
4083	63.1418528107302
4084	63.3730960198716
4085	63.5703957601414
4086	63.7247563836541
4087	63.8542719561341
4088	63.9764107522333
4089	64.0928085352818
4090	64.2076909057036
4091	64.321363395994
4092	64.4305958292136
4093	64.528597132936
4094	64.6060567539529
4095	64.6578788580018
4096	64.6767871317074
4097	64.6550122593386
4098	64.5849157877723
4099	64.4589172879365
4100	64.2751899697998
4101	64.0393783837329
4102	63.7538604780053
4103	63.4196390056638
4104	63.0465805274301
4105	62.6396969206366
4106	62.207606496161
4107	61.7610983531202
4108	61.3052317361731
4109	60.8438746455873
4110	60.3770212950508
4111	59.9058406125938
4112	59.4339358493851
4113	58.9706605785369
4114	58.5278878954289
4115	58.114160950552
4116	57.7284665712679
4117	57.3609498464696
4118	57.0071789321132
4119	56.665152700699
4120	56.3234780525338
4121	55.9798755377867
4122	55.6391454026378
4123	55.3015784486179
4124	54.9697126378048
4125	54.6457763275381
4126	54.3132700955002
4127	53.9789773197234
4128	53.6700103186413
4129	53.3839143061958
4130	53.1248083527495
4131	52.905618995705
4132	52.7229525644144
4133	52.5780570156222
4134	52.4808884954875
4135	52.4378274684858
4136	52.4531535752012
4137	52.5346947791655
4138	52.6891367279212
4139	52.9165762139199
4140	53.2169872421073
4141	53.5860399836162
4142	54.0089900245682
4143	54.4487053275005
4144	54.8661806252933
4145	55.2663836930683
4146	55.6510631623476
4147	56.0064747830382
4148	56.3372523288068
4149	56.6383175985881
4150	56.9059456027486
4151	57.133732177464
4152	57.3294900603731
4153	57.5027034439242
4154	57.6591951883366
4155	57.8056845863736
4156	57.9397614252784
4157	58.0479508860491
4158	58.1142425700238
4159	58.1430256818964
4160	58.1489861687909
4161	58.142059238759
4162	58.1165583181687
4163	58.0674463022005
4164	58.0009924228399
4165	57.9258292738331
4166	57.8372425291454
4167	57.7264156860568
4168	57.5833185195379
4169	57.4055058912358
4170	57.2062953558891
4171	56.9962808466854
4172	56.7775050283911
4173	56.545365878772
4174	56.28810794802
4175	55.9958040618313
4176	55.6706193845323
4177	55.3236860523137
4178	54.9560900227782
4179	54.5775348992858
4180	54.2031373184996
4181	53.8246522840534
4182	53.43933195722
4183	53.039626368099
4184	52.6332792291084
4185	52.2337479482056
4186	51.8460872032934
4187	51.4863386836229
4188	51.1557776694824
4189	50.839609482116
4190	50.5270559450962
4191	50.2157895599812
4192	49.8961919179773
4193	49.5595245410308
4194	49.2093926109864
4195	48.8511365567748
4196	48.4923890120967
4197	48.1449614279838
4198	47.8136504670391
4199	47.4983775626495
4200	47.1955772858751
4201	46.9028852521775
4202	46.6231174829588
4203	46.3644897559462
4204	46.1305465993727
4205	45.9071910586068
4206	45.7018285950495
4207	45.5055164751124
4208	45.2908682147043
4209	45.0639334128711
4210	44.8224461831513
4211	44.5609960865418
4212	44.2786436990345
4213	43.9696955265479
4214	43.6436875570976
4215	43.3088938973587
4216	42.9723371474076
4217	42.626524523453
4218	42.256289036124
4219	41.8596167191697
4220	41.436547195642
4221	41.0084933579533
4222	40.5961023075823
4223	40.2130720668701
4224	39.8606438822195
4225	39.5288249233592
4226	39.2247121935828
4227	38.9476034000193
4228	38.6763965412856
4229	38.4024789236255
4230	38.1218961996293
4231	37.8271965310485
4232	37.5199665321581
4233	37.2044602043648
4234	36.9008763344497
4235	36.6269424512762
4236	36.3705523998092
4237	36.1200091876053
4238	35.8761598944241
4239	35.6397881116196
4240	35.4013092269975
4241	35.1474855992766
4242	34.876668447762
4243	34.5942399135729
4244	34.3116641116715
4245	34.0423444773296
4246	33.784190535353
4247	33.5183773359226
4248	33.2346872302357
4249	32.939829732612
4250	32.6522788320382
4251	32.3822526290219
4252	32.1267744565179
4253	31.8730704067833
4254	31.6070331779323
4255	31.3237869588816
4256	31.0353262274218
4257	30.7584189699156
4258	30.49202448057
4259	30.2062983429249
4260	29.8800822744407
4261	29.503487943324
4262	29.070426615089
4263	28.5969691398637
4264	28.1137040688376
4265	27.6392184297575
4266	27.185671806291
4267	26.7497258847044
4268	26.3380640913954
4269	25.974746126502
4270	25.6741250944615
4271	25.4257596548912
4272	25.219147939842
4273	25.0469293248388
4274	24.8897431208544
4275	24.7512035693893
4276	24.6341778665644
4277	24.5334001554167
4278	24.4471614413183
4279	24.375806166513
4280	24.3192010619923
4281	24.2682839165501
4282	24.2135783106711
4283	24.1540218036256
4284	24.0950528129617
4285	24.0441639671089
4286	24.00309507109
4287	23.9656104993298
4288	23.928541841163
4289	23.8963923834731
4290	23.8671313714292
4291	23.8381539376333
4292	23.8130758234247
4293	23.7934623253059
4294	23.7790854299871
4295	23.7748251784697
4296	23.7919904225668
4297	23.8475254634341
4298	23.9711820328733
4299	24.1836606738731
4300	24.5005467398391
4301	24.9311158274921
4302	25.4675823787022
4303	26.100570236285
4304	26.8198330616303
4305	27.6141812716064
4306	28.4716627661476
4307	29.379856959366
4308	30.3262143545862
4309	31.298401981583
4310	32.2846321395578
4311	33.2739675674322
4312	34.2566021655794
4313	35.2241215022176
4314	36.1697413050492
4315	37.088513350765
4316	37.9774076988034
4317	38.835084813572
4318	39.6615377450163
4319	40.4577575384869
4320	41.2254394313983
4321	41.9667378155255
4322	42.6840699339161
4323	43.3799636230249
4324	44.0569426478164
4325	44.7174428853888
4326	45.3637532082366
4327	45.9979761762196
4328	46.622004593961
4329	47.237510805641
4330	47.8459462078632
4331	48.4485488480292
4332	49.0463572079309
4333	49.6402284238603
4334	50.2308593255749
4335	50.8188088253392
4336	51.4045203719423
4337	51.9883434033812
4338	52.5705529755599
4339	53.1513669974912
4340	53.7309607496237
4341	54.3094785861106
4342	54.8870429122866
4343	55.4637606774553
4344	56.0397277266614
4345	56.6146216321998
4346	57.1882667094813
4347	57.757634929851
4348	58.317439909718
4349	58.8675718589805
4350	59.4065489735194
4351	59.9339745903098
4352	60.4519692396807
4353	60.9589796582157
4354	61.4543253322868
4355	61.9365640547956
4356	62.4101844311172
4357	62.8820417244595
4358	63.345934216037
4359	63.7967956087987
4360	64.2370439158819
4361	64.6669967250002
4362	65.0833315932942
4363	65.4778443604486
4364	65.8376575759837
4365	66.1442536040121
4366	66.3819830155702
4367	66.5452066307148
4368	66.6625040421407
4369	66.7601558440052
4370	66.8600109842029
4371	66.997997819614
4372	67.1913813380308
4373	67.4326509028506
4374	67.696896038771
4375	67.9622949442865
4376	68.2362379571098
4377	68.5361933504849
4378	68.8667609869982
4379	69.2239226143198
4380	69.589640849217
4381	69.9404432702563
4382	70.2803002084223
4383	70.6317942717773
4384	71.0012692689269
4385	71.3836540238865
4386	71.7748226569507
4387	72.1729269334799
4388	72.5767990397025
4389	72.9860321488912
4390	73.4006934149208
4391	73.8195801684689
4392	74.2407166923666
4393	74.6556210218409
4394	75.0526825424339
4395	75.432287735708
4396	75.7958567309304
4397	76.1410257696449
4398	76.4715227038691
4399	76.7900084076121
4400	77.1003401876872
4401	77.40504213949
4402	77.6927128675236
4403	77.9472704850263
4404	78.1609007002614
4405	78.33558199512
4406	78.4795296139855
4407	78.596670155064
4408	78.6913527932823
4409	78.7698516304926
4410	78.8392783098024
4411	78.9072563515014
4412	78.9711347097032
4413	79.0261798385876
4414	79.071084372517
4415	79.1062845680025
4416	79.1323421729644
4417	79.1461334450775
4418	79.147469294935
4419	79.1391108480916
4420	79.1260125647367
4421	79.1100666275407
4422	79.0941630822511
4423	79.0746319341232
4424	79.0360609976146
4425	78.9655252937125
4426	78.8610560064725
4427	78.7310666427708
4428	78.5863226106573
4429	78.4379895805289
4430	78.2910891257183
4431	78.1426467239394
4432	77.9875987279674
4433	77.821447068615
4434	77.642787352528
4435	77.4548757199951
4436	77.2613667528373
4437	77.063445355452
4438	76.8613559704133
4439	76.6519534150712
4440	76.4240908059617
4441	76.1693589474804
4442	75.8944164931241
4443	75.6079802662614
4444	75.3140727944855
4445	75.0150416332378
4446	74.7110559717804
4447	74.407792823604
4448	74.1193548313796
4449	73.8491682665273
4450	73.5914644451074
4451	73.3462559731847
4452	73.1098195122116
4453	72.8808518032869
4454	72.668047167001
4455	72.4688699638691
4456	72.2734858061269
4457	72.0794342199283
4458	71.8840094626262
4459	71.6877748931876
4460	71.4881116025427
4461	71.2740580537794
4462	71.0383933700587
4463	70.7844800106485
4464	70.5254807214561
4465	70.2679986419834
4466	70.0160325404262
4467	69.7763417881925
4468	69.5446874892065
4469	69.3163591313621
4470	69.093020243683
4471	68.8750024786577
4472	68.6631042488921
4473	68.4590038968518
4474	68.2623081910625
4475	68.0784272430767
4476	67.902737742908
4477	67.7218796396277
4478	67.5320748368783
4479	67.336592961068
4480	67.1375825645858
4481	66.9357472030011
4482	66.7370449386859
4483	66.5467979460812
4484	66.3663564181192
4485	66.1975471309597
4486	66.0408018346095
4487	65.8879381239595
4488	65.7313243522826
4489	65.5691728992662
4490	65.4040426218525
4491	65.2393064446205
4492	65.0717062910448
4493	64.8967540170661
4494	64.7167235510115
4495	64.5369112164231
4496	64.3595831136573
4497	64.1854320936715
4498	64.0157395962039
4499	63.8484047294094
4500	63.6809956772423
4501	63.5154946961435
4502	63.3532842264738
4503	63.1943804773983
4504	63.0399146060247
4505	62.8878724895241
4506	62.7287674331363
4507	62.557758056525
4508	62.3827527886719
4509	62.216689624314
4510	62.0515690810921
4511	61.8727754309427
4512	61.6909671583102
4513	61.5258179471194
4514	61.3880653958709
4515	61.2809635498877
4516	61.2110271181326
4517	61.1806514369372
4518	61.1819971650609
4519	61.202083821603
4520	61.2342273813193
4521	61.2736361120525
4522	61.3084719288607
4523	61.3324432309571
4524	61.3378449461018
4525	61.3048221518659
4526	61.230386028971
4527	61.1306591416898
4528	61.0288029124546
4529	60.9451394434988
4530	60.8915600505176
4531	60.8576619461802
4532	60.8178626562752
4533	60.7676113802431
4534	60.7037379282168
4535	60.6172237411996
4536	60.5105847578308
4537	60.3866565391513
4538	60.2446753767612
4539	60.0806394187205
4540	59.889297506684
4541	59.6803678579961
4542	59.4661465979227
4543	59.2524267900314
4544	59.0508099419882
4545	58.8731265882168
4546	58.7284024671964
4547	58.6216618037407
4548	58.5572902780429
4549	58.5353938270252
4550	58.5616692665717
4551	58.6487865927366
4552	58.7983318618357
4553	58.9986605963195
4554	59.2297300212617
4555	59.4815360691605
4556	59.7539013870758
4557	60.0441199572703
4558	60.342382471063
4559	60.6333917003545
4560	60.9105173419469
4561	61.1658375417263
4562	61.3869892044338
4563	61.5542327630183
4564	61.6695853134096
4565	61.7522288301538
4566	61.8086360599546
4567	61.8548963066507
4568	61.9074258682598
4569	61.9748512035851
4570	62.0636973514652
4571	62.178218796452
4572	62.3167089733118
4573	62.4731755904949
4574	62.6333601527977
4575	62.7837846336451
4576	62.9132677324792
4577	63.0133068712129
4578	63.0735020079942
4579	63.0843534815509
4580	63.0421088502797
4581	62.9372923284132
4582	62.7714135677843
4583	62.5684128345868
4584	62.3493318062528
4585	62.1247833351682
4586	61.8999343841065
4587	61.6804390460732
4588	61.474363861433
4589	61.2894858359736
4590	61.1288295090173
4591	60.9823578481959
4592	60.8499170360794
4593	60.7364407025963
4594	60.6541142685311
4595	60.619725287813
4596	60.6441086524444
4597	60.7318771381235
4598	60.8864582046715
4599	61.1179883199907
4600	61.4309661548949
4601	61.8221493657319
4602	62.2809848323639
4603	62.8005469655406
4604	63.3764543628818
4605	64.0002093974138
4606	64.6631158268168
4607	65.3564601788781
4608	66.0717288018908
4609	66.8007298646863
4610	67.5358663220559
4611	68.2702817844998
4612	68.9980139652158
4613	69.7146570070411
4614	70.4174901388878
4615	71.1065026333555
4616	71.7804571649368
4617	72.4289184787607
4618	73.0371973789542
4619	73.6042405026359
4620	74.1331216411973
4621	74.6248428519797
4622	75.0928200250273
4623	75.554399512882
4624	76.0190250590801
4625	76.4892829424463
4626	76.9639263082711
4627	77.4399986197466
4628	77.9152840391007
4629	78.3881861036208
4630	78.8575003765487
4631	79.3225555773944
4632	79.782204889618
4633	80.2349909497732
4634	80.6812606548128
4635	81.1151679428009
4636	81.5317825625874
4637	81.9347015420539
4638	82.3287862174967
4639	82.7135687935086
4640	83.0865055585042
4641	83.4426942583663
4642	83.7822332675608
4643	84.1100553828016
4644	84.4239379314204
4645	84.7227637156489
4646	85.0077175261501
4647	85.2767601166428
4648	85.5265275642943
4649	85.7555624931738
4650	85.9658937893828
4651	86.1569380289488
4652	86.3263457478333
4653	86.4735013727528
4654	86.5933812235869
4655	86.6859974478538
4656	86.7575213134091
4657	86.8049068874829
4658	86.8198948984499
4659	86.7991110711226
4660	86.7449547926798
4661	86.6662309931307
4662	86.5624326782329
4663	86.429683493453
4664	86.2693623730087
4665	86.0826139563273
4666	85.8723210912914
4667	85.6349767801592
4668	85.3685781844337
4669	85.0765868503564
4670	84.7549034570805
4671	84.4016964229882
4672	84.0217717407824
4673	83.6199318865124
4674	83.2033913916452
4675	82.7748369615315
4676	82.3383627369916
4677	81.897205853402
4678	81.457067059578
4679	81.0314940477778
4680	80.6260481727241
4681	80.2442040093216
4682	79.8932571556814
4683	79.5769968679489
4684	79.2967822885066
4685	79.0518253223378
4686	78.8342136740162
4687	78.6345880483242
4688	78.449685661408
4689	78.2746795461717
4690	78.1071861673314
4691	77.948707943246
4692	77.7919048799078
4693	77.629658823157
4694	77.4536415712335
4695	77.2519972373952
4696	77.0113960310119
4697	76.7339913086967
4698	76.4335458374995
4699	76.1185216510708
4700	75.8010089872282
4701	75.4915872801054
4702	75.2005502043978
4703	74.9356177800384
4704	74.7014874160799
4705	74.5020086077814
4706	74.3336527360695
4707	74.1896345553372
4708	74.0705625458115
4709	73.9815437027764
4710	73.9219545729667
4711	73.8798413060232
4712	73.8411934650796
4713	73.798285279562
4714	73.742033821408
4715	73.6674704349031
4716	73.5746480614068
4717	73.4643975140795
4718	73.3362030808794
4719	73.1893565333394
4720	73.0276784213373
4721	72.8541918687916
4722	72.6692927379515
4723	72.4736424402369
4724	72.2705852284192
4725	72.0594662667283
4726	71.8354158617622
4727	71.5932444902609
4728	71.3324273890237
4729	71.0552944144185
4730	70.7552350907863
4731	70.4288943831251
4732	70.0886009346136
4733	69.7447995478322
4734	69.399068292714
4735	69.0484122607087
4736	68.6931634152876
4737	68.3392560786639
4738	67.9857280827977
4739	67.632104166224
4740	67.2810857445528
4741	66.9321627958004
4742	66.588059259734
4743	66.2465832255866
4744	65.9043666246889
4745	65.5660467468283
4746	65.2334489315973
4747	64.9041096177979
4748	64.5722848878674
4749	64.2396557262893
4750	63.9122382413415
4751	63.5964309055128
4752	63.3016114330718
4753	63.0242774613725
4754	62.7604688282043
4755	62.5154525319706
4756	62.2928457058151
4757	62.091737233941
4758	61.9083091199944
4759	61.7356878950197
4760	61.5630182915832
4761	61.3842192024271
4762	61.1992729356727
4763	61.0075692065841
4764	60.8092186929698
4765	60.6034085339326
4766	60.383840181402
4767	60.1494266162345
4768	59.9020947740031
4769	59.6282126012162
4770	59.3257947210369
4771	59.0135205554872
4772	58.6905056952384
4773	58.363664916828
4774	58.0513347190606
4775	57.7662163428349
4776	57.5098064217375
4777	57.2788069293621
4778	57.0765378512696
4779	56.9028752410998
4780	56.7503359518564
4781	56.6072425094167
4782	56.4675856276482
4783	56.327591447984
4784	56.1862196135885
4785	56.0469926320016
4786	55.9081441886201
4787	55.7603955154435
4788	55.5953721032373
4789	55.4153213932111
4790	55.2260108525475
4791	55.029779997379
4792	54.825302355573
4793	54.6106355452183
4794	54.3822918106614
4795	54.1357923910895
4796	53.8793470530542
4797	53.6207924069049
4798	53.3503246595385
4799	53.0610758258335
4800	52.7515717395181
4801	52.4221959073205
4802	52.0793507731717
4803	51.7197153086197
4804	51.34180246581
4805	50.9501733651989
4806	50.5464053192253
4807	50.1363723119547
4808	49.7157573112581
4809	49.2892054701728
4810	48.858102822573
4811	48.4205109090893
4812	47.9906896625861
4813	47.5731344160112
4814	47.1619773897597
4815	46.7562050259359
4816	46.3552331595451
4817	45.953828009865
4818	45.5496902937425
4819	45.1437450813655
4820	44.7364236635855
4821	44.3307048187275
4822	43.9305102871457
4823	43.5376128998502
4824	43.1530772392444
4825	42.7763998794456
4826	42.4096977487428
4827	42.0574007247581
4828	41.7197236444884
4829	41.3946725415858
4830	41.0844850057294
4831	40.7853066929491
4832	40.4877345731224
4833	40.1749800596727
4834	39.859111763663
4835	39.5481749288677
4836	39.2257830102846
4837	38.9034623455231
4838	38.5843630956262
4839	38.2559108778563
4840	37.9272691379864
4841	37.6128018021406
4842	37.3150335749871
4843	37.0341276829767
4844	36.771562095912
4845	36.5255738033343
4846	36.3018029681082
4847	36.1033618242086
4848	35.920406769825
4849	35.7487716211154
4850	35.5797596150084
4851	35.4044514163982
4852	35.2242052069149
4853	35.0450246812968
4854	34.8558184607754
4855	34.6508222316902
4856	34.4362836682457
4857	34.2130963230194
4858	33.9808213659585
4859	33.7290529048002
4860	33.4747466287214
4861	33.2256331745136
4862	32.9519368378963
4863	32.6516820890982
4864	32.3268654659418
4865	31.9771400184158
4866	31.5965043169891
4867	31.2028263808859
4868	30.8354085306877
4869	30.4862824525839
4870	30.1333108471538
4871	29.795815141944
4872	29.4845772176541
4873	29.1626163083174
4874	28.8126749094363
4875	28.4406698802307
4876	28.0413300079608
4877	27.6175161382061
4878	27.1800065126809
4879	26.7394891507599
4880	26.304893421343
4881	25.8713132651563
4882	25.4369175228369
4883	25.0135392692236
4884	24.6238960030067
4885	24.2550354952806
4886	23.8870442484046
4887	23.5330369900364
4888	23.198673045089
4889	22.8864723392497
4890	22.5945519403577
4891	22.3053966708425
4892	22.0091068309312
4893	21.7121501446063
4894	21.4166095747211
4895	21.1179721429906
4896	20.8144201633039
4897	20.5065542079138
4898	20.1985214006785
4899	19.8945149093256
4900	19.5946788907341
4901	19.294929315741
4902	18.9919085817043
4903	18.6817668088818
4904	18.3621608280301
4905	18.0361458939999
4906	17.7088483930738
4907	17.3912941879718
4908	17.096736310573
4909	16.8202948061929
4910	16.5606868720922
4911	16.2920182170216
4912	16.0043113015474
4913	15.6972321579137
4914	15.3636987642449
4915	15.0064025782674
4916	14.6193513242825
4917	14.2004022087994
4918	13.743238936231
4919	13.2651628035006
4920	12.7628200784489
4921	12.2218358594384
4922	11.6521740705256
4923	11.0615845962302
4924	10.4562839614845
4925	9.84146435356137
4926	9.22075291025839
4927	8.59597628063265
4928	7.96635832791261
4929	7.33180009501623
4930	6.69536883623832
4931	6.06370572645932
4932	5.44130070607411
4933	4.83858764784659
4934	4.25287706310446
4935	3.66825013709505
4936	3.0749002413146
4937	2.46944777611993
4938	1.85638725313452
4939	1.24235824506146
4940	0.630325663135879
4941	0.0167300539591083
4942	-0.60270035244312
4943	-1.22842417725005
4944	-1.8593505414585
4945	-2.49470523843352
4946	-3.13395965468645
4947	-3.77676749365471
4948	-4.42291078373423
4949	-5.07114534605976
4950	-5.71867538359466
4951	-6.36331256356771
4952	-7.0024602131394
4953	-7.63596138365202
4954	-8.26347097216778
4955	-8.85420150080932
4956	-9.37612781225047
4957	-9.86093394219975
4958	-10.3271934008635
4959	-10.7366320668475
4960	-11.0954396535526
4961	-11.4031872923832
4962	-11.6344186948483
4963	-11.7964326644762
4964	-11.9291045178375
4965	-12.0834004399778
4966	-12.2971630860665
4967	-12.6012297659864
4968	-13.0079965240987
4969	-13.5045864564439
4970	-14.0708959454534
4971	-14.6903258645963
4972	-15.3492578507953
4973	-16.0366970144189
4974	-16.7453587045943
4975	-17.4607416790601
4976	-18.1820138047771
4977	-18.9143655098157
4978	-19.6499840157952
4979	-20.3723873335189
4980	-21.0492909245505
4981	-21.6389327730873
4982	-22.1073809308142
4983	-22.4723100456126
4984	-22.800167770004
4985	-23.1540701886354
4986	-23.5624983335662
4987	-24.0241594300812
4988	-24.5273052560629
4989	-25.0627398385092
4990	-25.6229533992145
4991	-26.2016215976933
4992	-26.7933367865252
4993	-27.3934751817404
4994	-27.9981369549841
4995	-28.6041212022895
4996	-29.2089107776739
4997	-29.8106528513417
4998	-30.4081254241729
4999	-31.0006846465105
5000	-31.5881932487863
5001	-32.1709331109152
5002	-32.7495070795793
5003	-33.3263160057715
5004	-33.9052410293227
5005	-34.4885315890954
5006	-35.0604102471666
5007	-35.5868184706646
5008	-36.0525518506326
5009	-36.4526047856894
5010	-36.7557927712269
5011	-36.9121197285753
5012	-36.9012869800512
5013	-36.7451373402786
5014	-36.471109534387
5015	-36.1237558041028
5016	-35.7727242107706
5017	-35.465114416205
5018	-35.2070497793131
5019	-34.9995141368546
5020	-34.8351435183261
5021	-34.6823612620963
5022	-34.4879360349718
5023	-34.2370961613
5024	-33.9627092799754
5025	-33.6996351856763
5026	-33.486986401453
5027	-33.3447206000603
5028	-33.2803452253127
5029	-33.3127261883511
5030	-33.4508184082005
5031	-33.6787688757982
5032	-33.9747447723635
5033	-34.3321858597732
5034	-34.7545939692416
5035	-35.2315086883674
5036	-35.7421650795259
5037	-36.2836761267166
5038	-36.8456436405436
5039	-37.385532117452
5040	-37.8527825289412
5041	-38.1924475641525
5042	-38.3443162975746
5043	-38.2981944545918
5044	-38.0877881964418
5045	-37.7478635310026
5046	-37.2933447892153
5047	-36.7231416927732
5048	-36.0497556231843
5049	-35.3261354290238
5050	-34.6415888281995
5051	-34.0656044137124
5052	-33.6096222038187
5053	-33.1943115525756
5054	-32.6905834810914
5055	-32.0549614552515
5056	-31.3645291540588
5057	-30.6775845415118
5058	-30.0339353791867
5059	-29.4900446996776
5060	-29.0813104655477
5061	-28.8260460666773
5062	-28.7124118265103
5063	-28.718128055455
5064	-28.8523698921541
5065	-29.1275892637247
5066	-29.523734368901
5067	-30.0372304788564
5068	-30.671880054901
5069	-31.4131722392018
5070	-32.2446401177968
5071	-33.1482850317173
5072	-34.1052962617582
5073	-35.096903594861
5074	-36.1052369424689
5075	-37.1140996456038
5076	-38.1095988427544
5077	-39.0806086351872
5078	-40.0190622131119
5079	-40.9200733299556
5080	-41.7805040098654
5081	-42.5867952273376
5082	-43.3235125048273
5083	-43.9809981750181
5084	-44.5518563555456
5085	-45.0286045558503
5086	-45.4144856354447
5087	-45.7141488407017
5088	-45.8938107619451
5089	-45.9159505564861
5090	-45.7899015970073
5091	-45.5428121166936
5092	-45.1915372910844
5093	-44.7432811154115
5094	-44.2033879087233
5095	-43.5768591946911
5096	-42.8657281503457
5097	-42.0725783098517
5098	-41.2057860667951
5099	-40.278544655025
5100	-39.3035278989525
5101	-38.2930577716114
5102	-37.2578243401787
5103	-36.2116101460448
5104	-35.1705059966748
5105	-34.1457288824839
5106	-33.1465401279628
5107	-32.1799683192298
5108	-31.250673929342
5109	-30.3605875311065
5110	-29.509238604975
5111	-28.6939103999951
5112	-27.9090432979286
5113	-27.1457263163596
5114	-26.3910848308094
5115	-25.6354310195347
5116	-24.8779260737365
5117	-24.1217790353437
5118	-23.3685546918955
5119	-22.6192016740588
5120	-21.8746827724292
5121	-21.1359002489924
5122	-20.4035623764271
5123	-19.678110115843
5124	-18.9597052340686
5125	-18.248261228831
5126	-17.5434950255588
5127	-16.8449829181936
5128	-16.1522099346415
5129	-15.464609258694
5130	-14.7815896562102
5131	-14.1025554168574
5132	-13.4269168283506
5133	-12.7540979677137
5134	-12.0835414477062
5135	-11.4147100952797
5136	-10.7470894303002
5137	-10.0801904737244
5138	-9.41355233112227
5139	-8.74674460376283
5140	-8.0793695589203
5141	-7.41106435882459
5142	-6.74150273036983
5143	-6.07039568762638
5144	-5.39749121234861
5145	-4.72257288629522
5146	-4.04545756199745
5147	-3.36599223873543
5148	-2.68405036722947
5149	-1.99952783515705
5150	-1.31233888622292
5151	-0.622412201933477
5152	0.070312666455093
5153	0.765888381006006
5154	1.46257621118108
5155	2.15768090744997
5156	2.84910015549877
5157	3.52855062953558
5158	4.18150117212354
5159	4.79942257242989
5160	5.38495687895318
5161	5.94406538848234
5162	6.48322055330051
5163	7.00386329214426
5164	7.50638340056545
5165	7.99542353151268
5166	8.47572192210195
5167	8.95166537261802
5168	9.4269933329999
5169	9.90465628922793
5170	10.3867975543232
5171	10.87481726653
5172	11.3697147432979
5173	11.876370242099
5174	12.3967664662048
5175	12.9358286537213
5176	13.4947687257753
5177	14.0604842072917
5178	14.6295654075501
5179	15.2084242284149
5180	15.8022239920275
5181	16.41702073446
5182	17.0525704004326
5183	17.6842528387156
5184	18.2925580537094
5185	18.8803695361501
5186	19.4505954569026
5187	20.0062159596313
5188	20.5502416987832
5189	21.0855876520576
5190	21.614947999682
5191	22.1409782738444
5192	22.6685048419898
5193	23.2057885152624
5194	23.758011324761
5195	24.3282661228832
5196	24.9146952548093
5197	25.5102501269786
5198	26.1195248012499
5199	26.7469193423468
5200	27.373747725137
5201	27.9846798515444
5202	28.5785700077891
5203	29.1591989038784
5204	29.7377551998679
5205	30.3176585837986
5206	30.8983468931304
5207	31.4839657946711
5208	32.076007431131
5209	32.6798021183244
5210	33.2939866756485
5211	33.9121494332577
5212	34.5381143430676
5213	35.1674185246081
5214	35.7814583526162
5215	36.3719605944118
5216	36.9533914367494
5217	37.5348818000576
5218	38.1122099590142
5219	38.6866796775619
5220	39.2650628746357
5221	39.8474211297864
5222	40.4201952589238
5223	40.9750133136101
5224	41.513856277976
5225	42.0428286496314
5226	42.5663821670629
5227	43.0847776043283
5228	43.6016938521163
5229	44.1194735657613
5230	44.6380144255395
5231	45.1590684586183
5232	45.6858667750843
5233	46.2231576109421
5234	46.7740830814266
5235	47.3312982766635
5236	47.893581240265
5237	48.4642710757403
5238	49.0358393076998
5239	49.6046530916415
5240	50.1732316175917
5241	50.7419173852547
5242	51.3056659660472
5243	51.8582903006621
5244	52.3982795226107
5245	52.931104711058
5246	53.4662970983721
5247	54.0068618344366
5248	54.5505694888212
5249	55.0955469051572
5250	55.6402867520257
5251	56.1836290123539
5252	56.7247238410746
5253	57.2627577602503
5254	57.7969432779027
5255	58.3261624772098
5256	58.8501408515424
5257	59.3701018932647
5258	59.8862812478756
5259	60.3987178299245
5260	60.908488840685
5261	61.416419441838
5262	61.9211934821567
5263	62.4217362447865
5264	62.9191530285941
5265	63.4147236059418
5266	63.9071185678428
5267	64.3957975974583
5268	64.8802927992466
5269	65.3605674105676
5270	65.8397419707322
5271	66.3169305871114
5272	66.7890528807742
5273	67.2591130800995
5274	67.7264682970384
5275	68.1848712310519
5276	68.6252576664844
5277	69.0494427403477
5278	69.458013136569
5279	69.8549726942928
5280	70.2468884414194
5281	70.6342014535177
5282	71.019466764101
5283	71.4040967056349
5284	71.7888730282762
5285	72.1737404722307
5286	72.5589059530184
5287	72.9439492521726
5288	73.3301877899396
5289	73.7184981709083
5290	74.1100954627976
5291	74.5072400201394
5292	74.9124081684576
5293	75.3254605454289
5294	75.7288568499745
5295	76.1143569396995
5296	76.4828304352197
5297	76.8293258956173
5298	77.1570727371292
5299	77.4753778323602
5300	77.7977858021664
5301	78.129008174272
5302	78.4747295487851
5303	78.8421005554981
5304	79.2281994672494
5305	79.6281793192932
5306	80.0378452236109
5307	80.4539303250385
5308	80.8752522363302
5309	81.3000870956916
5310	81.7252344900324
5311	82.1445090924605
5312	82.5506570928248
5313	82.9335310382356
5314	83.2789877963231
5315	83.5835701725324
5316	83.8478869128647
5317	84.070481562324
5318	84.2589898403893
5319	84.4154240739868
5320	84.5369213554351
5321	84.6297051422417
5322	84.6973224718187
5323	84.7398164801043
5324	84.7517734228715
5325	84.7322069389338
5326	84.6934049243657
5327	84.6415410987808
5328	84.5726131060999
5329	84.4848632808947
5330	84.3823289737028
5331	84.2692216221199
5332	84.1456742750709
5333	84.0107481892111
5334	83.8725047093172
5335	83.7385676969993
5336	83.6057481877558
5337	83.4704520633061
5338	83.3283969729355
5339	83.1753612822019
5340	83.0063535132191
5341	82.8058941553506
5342	82.5652348357756
5343	82.2892690668159
5344	81.9895734726536
5345	81.6703054427841
5346	81.3217650126548
5347	80.9369613523378
5348	80.5142826072612
5349	80.0531299953412
5350	79.5533484741309
5351	79.0161613488056
5352	78.4449488661231
5353	77.8448631615945
5354	77.221046257215
5355	76.5785603995329
5356	75.922317220993
5357	75.2570087343639
5358	74.5870416013838
5359	73.9164747645709
5360	73.2489612219565
5361	72.5876942064674
5362	71.9353591631773
5363	71.2944628715966
5364	70.6675147581213
5365	70.056356139377
5366	69.4618137548389
5367	68.8850616098648
5368	68.3271955060592
5369	67.7964310140609
5370	67.2899603169825
5371	66.7981718551751
5372	66.3207366067958
5373	65.8547981556985
5374	65.3981143938011
5375	64.9496167747598
5376	64.5074435850366
5377	64.0700947089199
5378	63.6373437892034
5379	63.2093407794615
5380	62.7884020604544
5381	62.3782162990975
5382	61.9791734023138
5383	61.591285573333
5384	61.2160646943253
5385	60.8536036526
5386	60.5011690814916
5387	60.1534596397796
5388	59.8102587322556
5389	59.4732440390069
5390	59.1417840150845
5391	58.8164371035284
5392	58.493395363213
5393	58.1672213803454
5394	57.8399645583351
5395	57.5131635025942
5396	57.1872283306065
5397	56.8625009342109
5398	56.5346501135097
5399	56.2035984481738
5400	55.871629166545
5401	55.5398271250039
5402	55.2114940435144
5403	54.882965456068
5404	54.551826117307
5405	54.2212537152516
5406	53.8949258375806
5407	53.577319765845
5408	53.2633398052632
5409	52.9487867362327
5410	52.6313760065548
5411	52.3114518402407
5412	51.9949738645587
5413	51.6857922828601
5414	51.3813857584735
5415	51.0738694892054
5416	50.7642840472814
5417	50.457914697134
5418	50.1553158635679
5419	49.857249540533
5420	49.5678142001425
5421	49.2865392680574
5422	49.0077987860455
5423	48.7281595685523
5424	48.4475389740918
5425	48.17126339236
5426	47.9003746778752
5427	47.6291408360911
5428	47.3554058270544
5429	47.0783167935662
5430	46.7981245088833
5431	46.5153115284095
5432	46.2364294840915
5433	45.9594581355622
5434	45.6796857227828
5435	45.4032031904349
5436	45.1332169949072
5437	44.8583528480955
5438	44.5701129637209
5439	44.2717050622397
5440	43.9645347482436
5441	43.6359778287609
5442	43.2785410710962
5443	42.8964289954296
5444	42.485631139495
5445	42.0451073673089
5446	41.5802777472606
5447	41.1008174339353
5448	40.6110518949141
5449	40.1207225989882
5450	39.629161376707
5451	39.1354185218816
5452	38.6398132656162
5453	38.1357874676771
5454	37.6256784818312
5455	37.1113064491833
5456	36.5940718239538
5457	36.07503391221
5458	35.5549737929169
5459	35.03444464702
5460	34.5138125618565
5461	33.9932901268745
5462	33.4729644793379
5463	32.9528215777238
5464	32.4327670003594
5465	31.912875453726
5466	31.393605794224
5467	30.8762029664842
5468	30.3629191641414
5469	29.8546223094079
5470	29.3506722111258
5471	28.8618559469897
5472	28.4013994572003
5473	27.9610251578575
5474	27.5260173222216
5475	27.0848283534586
5476	26.631832871032
5477	26.1690027268407
5478	25.6977581367716
5479	25.2191502889324
5480	24.7339947251672
5481	24.2429605389209
5482	23.7466241850836
5483	23.2454974031065
5484	22.7396809878154
5485	22.2293874550353
5486	21.714288316808
5487	21.1935908136178
5488	20.6668635494029
5489	20.1354135089697
5490	19.6010233877
5491	19.0636553432441
5492	18.5230322217817
5493	17.9839513555076
5494	17.4540716307324
5495	16.9426953526605
5496	16.4517854767461
5497	15.9759789152618
5498	15.5125973794914
5499	15.056206723665
5500	14.621845219696
5501	14.2216048689599
5502	13.8547861809627
5503	13.5352053742923
5504	13.2693416365741
5505	13.0601612543392
5506	12.9297909825487
5507	12.8921491061343
5508	12.95135221686
5509	13.1128619392098
5510	13.3567850639997
5511	13.6488832303703
5512	13.9517701724746
5513	14.2325723383903
5514	14.468900274277
5515	14.6381083281954
5516	14.7373779231981
5517	14.7944514118276
5518	14.8865641678539
5519	15.0572053441751
5520	15.3384126502523
5521	15.7551367360215
5522	16.2938415665672
5523	16.9501597583278
5524	17.7073268901855
5525	18.5413912963983
5526	19.4373200437383
5527	20.3678824546761
5528	21.3193116573746
5529	22.2686649879669
5530	23.1506655339357
5531	23.9175411250331
5532	24.5756844521719
5533	25.121860037372
5534	25.5344170741169
5535	25.8512358810524
5536	26.1091920074424
5537	26.3410865964814
5538	26.5484562303837
5539	26.7511908006258
5540	26.9965339904646
5541	27.2717622879815
5542	27.5221191969738
5543	27.6837931549521
5544	27.7659056677244
5545	27.8298086269084
5546	27.9258122577972
5547	28.1109850499432
5548	28.4174154050277
5549	28.8320290588061
5550	29.3084052998395
5551	29.8334983145773
5552	30.4173778743414
5553	31.0448167761504
5554	31.7033479707531
5555	32.3830117903538
5556	33.076002898687
5557	33.7762861984701
5558	34.4792357707446
5559	35.1813274331455
5560	35.8798939240598
5561	36.5729420503851
5562	37.2590186678053
5563	37.9371143451303
5564	38.6065939653712
5565	39.267141947907
5566	39.9187160159327
5567	40.561505335619
5568	41.1958895907675
5569	41.822397230096
5570	42.4395807086384
5571	43.0431307302855
5572	43.6306508173973
5573	44.2018750546024
5574	44.758299069288
5575	45.2991433180998
5576	45.821366706981
5577	46.3237829207648
5578	46.8085302598674
5579	47.2737394340094
5580	47.7083770980457
5581	48.0960174148033
5582	48.4278600428225
5583	48.7162431402656
5584	48.9579155901614
5585	49.1553333076896
5586	49.3303283886484
5587	49.5057798813381
5588	49.6982755932083
5589	49.9096536933416
5590	50.1368828823288
5591	50.3696131161262
5592	50.5908751333823
5593	50.7859843680651
5594	50.9672239767833
5595	51.1606484936884
5596	51.3615070956745
5597	51.541476881904
5598	51.6933856487043
5599	51.8359457578709
5600	51.9821012785968
5601	52.1314625330473
5602	52.2732284325269
5603	52.3965107543543
5604	52.4968284192935
5605	52.5757064713447
5606	52.6384873770503
5607	52.6920532480426
5608	52.7382617034695
5609	52.7707032040119
5610	52.7928631400826
5611	52.8069908134197
5612	52.8174045285308
5613	52.8286452941544
5614	52.8355207286032
5615	52.832119766085
5616	52.8283823874836
5617	52.8476626912539
5618	52.902751088747
5619	52.9969379151479
5620	53.1121933162129
5621	53.2290416497388
5622	53.3423669876614
5623	53.4555756202509
5624	53.5766837379167
5625	53.70218947626
5626	53.8243829151768
5627	53.9358680063506
5628	54.0375904434013
5629	54.1311272356251
5630	54.2154977385413
5631	54.289106931772
5632	54.3418878902559
5633	54.3839254807236
5634	54.4479076203463
5635	54.5598799723455
5636	54.7247951323361
5637	54.9270472452668
5638	55.1445705925913
5639	55.355496288697
5640	55.5604242003797
5641	55.756094894902
5642	55.940385185747
5643	56.11611246777
5644	56.2833020108829
5645	56.4507108800616
5646	56.6226569118453
5647	56.7914378356397
5648	56.9464846115011
5649	57.090094383558
5650	57.2188793736697
5651	57.329673225431
5652	57.422952757707
5653	57.4908175380462
5654	57.5237491592117
5655	57.5202466285977
5656	57.4903621119108
5657	57.4412722131848
5658	57.3809946546337
5659	57.3268100559101
5660	57.2967689323191
5661	57.3003826929766
5662	57.3514072815488
5663	57.4626479180397
5664	57.6423254390413
5665	57.9009890427926
5666	58.2347122470047
5667	58.6306526283482
5668	59.0773093014978
5669	59.5645329177254
5670	60.0834966580502
5671	60.6266262898753
5672	61.1874973452218
5673	61.76071291795
5674	62.3417754505213
5675	62.9269647797494
5676	63.5132285914612
5677	64.0980892329379
5678	64.6795669725113
5679	65.2561165321896
5680	65.826574804134
5681	66.3901164083488
5682	66.9448747598206
5683	67.4873594022478
5684	68.0141628528733
5685	68.5182128374284
5686	68.9793799936588
5687	69.3812880896742
5688	69.7235697657284
5689	70.0118395540615
5690	70.254420867675
5691	70.4664568479575
5692	70.6659047474208
5693	70.8642799606248
5694	71.0740474551772
5695	71.3037015681474
5696	71.5504730172826
5697	71.8083816947527
5698	72.0700987385962
5699	72.3358952776309
5700	72.6068172071288
5701	72.8781274374655
5702	73.137218653698
5703	73.3726182335855
5704	73.5879131417329
5705	73.784084703105
5706	73.9559090997132
5707	74.095264403589
5708	74.2035398679036
5709	74.2919830960658
5710	74.361427112265
5711	74.4058238162814
5712	74.4224980898044
5713	74.4226291269592
5714	74.4174124915374
5715	74.406854614233
5716	74.384588393163
5717	74.3447170778791
5718	74.2839599933973
5719	74.2028805371108
5720	74.1093625703117
5721	74.0108257001249
5722	73.9150176174159
5723	73.8247824074102
5724	73.7311693495508
5725	73.6246361205315
5726	73.5037560268338
5727	73.3727936492182
5728	73.2347392324732
5729	73.0955842574386
5730	72.9638635772145
5731	72.8472859970001
5732	72.7456482210433
5733	72.6411883346319
5734	72.5161707569879
5735	72.3627313368263
5736	72.1809467331982
5737	71.9652445148805
5738	71.7053942005271
5739	71.4045880692292
5740	71.0682963715046
5741	70.6954607904371
5742	70.2928896623495
5743	69.8661727586198
5744	69.4145894406336
5745	68.9419297572156
5746	68.452804637271
5747	67.9535685933445
5748	67.4468434541462
5749	66.9339943541973
5750	66.4206732718556
5751	65.9109903780963
5752	65.4050646850886
5753	64.9010532175208
5754	64.4007337048938
5755	63.9057809998356
5756	63.4154299363743
5757	62.9312990033617
5758	62.4587240943529
5759	62.0026947879107
5760	61.5705956894247
5761	61.1649684510817
5762	60.7727241674466
5763	60.3974292229162
5764	60.0335497091612
5765	59.6813526873886
5766	59.3520484370583
5767	59.0485183878741
5768	58.7632028187931
5769	58.4884425987657
5770	58.2314188895663
5771	57.9909522023371
5772	57.7655663681241
5773	57.5525801150424
5774	57.3498231954296
5775	57.1600349218681
5776	56.9877880364852
5777	56.8324226860729
5778	56.688171210962
5779	56.5506308198561
5780	56.4161790604859
5781	56.2799660878051
5782	56.1392811068074
5783	55.9959427209541
5784	55.8500831540422
5785	55.6965122846326
5786	55.5344863598791
5787	55.3733410976192
5788	55.214811750212
5789	55.0551851069959
5790	54.8946951029034
5791	54.7301840113144
5792	54.563759346511
5793	54.3969971977509
5794	54.2282393260287
5795	54.0605852966843
5796	53.8949703906699
5797	53.7291434468146
5798	53.5633539382251
5799	53.3985595274712
5800	53.2354994123408
5801	53.0672103315429
5802	52.886158601035
5803	52.6989319804115
5804	52.5056671267723
5805	52.3010997302914
5806	52.085884427441
5807	51.8655780078983
5808	51.6464832059403
5809	51.4267285079381
5810	51.2010226479568
5811	50.9687484091223
5812	50.7337330054127
5813	50.497108899261
5814	50.2537404246002
5815	50.0083712950221
5816	49.7635275289432
5817	49.514701879549
5818	49.264763048861
5819	49.0122358366653
5820	48.7550328754717
5821	48.4930698727626
5822	48.2194288759211
5823	47.9338552779457
5824	47.6446568276525
5825	47.3606218701813
5826	47.0851470252507
5827	46.8274425113726
5828	46.5881985053977
5829	46.3566037428231
5830	46.1164646371322
5831	45.8538404622408
5832	45.5746435936626
5833	45.28464964002
5834	44.9779947036668
5835	44.6714273109852
5836	44.382263605822
5837	44.0996825907748
5838	43.8219509946456
5839	43.5571710772229
5840	43.3003467509506
5841	43.0466154809302
5842	42.7821475681198
5843	42.4980023310144
5844	42.1966025049924
5845	41.8696277739982
5846	41.5107552237859
5847	41.1217390948045
5848	40.7078231324549
5849	40.2758112590929
5850	39.835854002228
5851	39.3910584387535
5852	38.9388557757697
5853	38.4802237465499
5854	38.0161933561618
5855	37.5481396995178
5856	37.0808176633205
5857	36.6183406318023
5858	36.1660361465153
5859	35.7277963341058
5860	35.2996322012683
5861	34.8817404134311
5862	34.4801576891661
5863	34.0994300887311
5864	33.7371952770905
5865	33.3977899032233
5866	33.1105225776318
5867	32.872876522996
5868	32.6651689379915
5869	32.5075169375433
5870	32.3979154333291
5871	32.3326908173282
5872	32.3107323215765
5873	32.3059753690865
5874	32.308128733763
5875	32.327841368046
5876	32.3829292554086
5877	32.4829575474833
5878	32.6256841146708
5879	32.8009511952769
5880	32.9990069132827
5881	33.2088278908984
5882	33.4323902417433
5883	33.6902616444231
5884	33.9849028070208
5885	34.3054331568458
5886	34.6548274997319
5887	35.0359413228116
5888	35.423840649728
5889	35.7881714094177
5890	36.1255003481619
5891	36.4497097488789
5892	36.7685022431204
5893	37.0973780114543
5894	37.4446010463792
5895	37.7895211968443
5896	38.119645898716
5897	38.4378744437681
5898	38.7419312263851
5899	39.0375756637422
5900	39.353464685693
5901	39.7000199955488
5902	40.0653205038603
5903	40.4244634633687
5904	40.7797376640542
5905	41.1327015256266
5906	41.450054275773
5907	41.7329597885303
5908	41.99109260427
5909	42.2173286950141
5910	42.4114123892154
5911	42.5824129408104
5912	42.7459847501299
5913	42.9187339163941
5914	43.1024783798441
5915	43.2911586414642
5916	43.4825789672884
5917	43.6614689516466
5918	43.8082430527861
5919	43.8954591390232
5920	43.9072265626615
5921	43.8473223993015
5922	43.7106350900744
5923	43.4887231853737
5924	43.2053866563163
5925	42.8708428941688
5926	42.4793020854749
5927	42.0383759866448
5928	41.5554093955135
5929	41.0427205812158
5930	40.4964742232982
5931	39.9270244049537
5932	39.3757449669046
5933	38.8850429805611
5934	38.4802558255576
5935	38.1413169019547
5936	37.8222628401942
5937	37.4845431264501
5938	37.1013650752735
5939	36.6588885836161
5940	36.1611021054304
5941	35.6107548059451
5942	35.0182175502539
5943	34.3972606815239
5944	33.7560201207096
5945	33.111678003287
5946	32.4621751175655
5947	31.8224168304622
5948	31.2127800583119
5949	30.6315092162568
5950	30.0846149724185
5951	29.576985956723
5952	29.1082166202297
5953	28.6730095165276
5954	28.2607780565871
5955	27.8722826878422
5956	27.5384676209843
5957	27.2812492122695
5958	27.0926987306722
5959	26.9436967653155
5960	26.8184876671572
5961	26.7057367701245
5962	26.593232999602
5963	26.4810536874205
5964	26.3601547463396
5965	26.2202675174829
5966	26.049983394788
5967	25.8461359375644
5968	25.6381721481479
5969	25.4679541955269
5970	25.3294660945161
5971	25.1846946430937
5972	25.0190122341241
5973	24.8318858037382
5974	24.6291338355385
5975	24.4126758506172
5976	24.1764889455549
5977	23.9200780538626
5978	23.6485039653037
5979	23.3672775718576
5980	23.0825661443562
5981	22.8040994741612
5982	22.5230672809375
5983	22.2306793173245
5984	21.9293343601596
5985	21.6318151115939
5986	21.3762659117263
5987	21.1726035602194
5988	21.0094818345286
5989	20.8962178710706
5990	20.8461988215685
5991	20.844030029459
5992	20.8665566956272
5993	20.8991579107845
5994	20.9415606238357
5995	20.9987915927269
5996	21.0949651563006
5997	21.2492082925007
5998	21.4661234043674
5999	21.7488525735731
6000	22.1055628631603
6001	22.5141553595271
6002	22.9659836000845
6003	23.5149371662738
6004	24.1757655892042
6005	24.928100594857
6006	25.754206635721
6007	26.6359073075548
6008	27.5561138311799
6009	28.5078608836372
6010	29.4893114743481
6011	30.4912795832295
6012	31.5016973669764
6013	32.5102202214307
6014	33.5081109633036
6015	34.4883936662432
6016	35.4460903822773
6017	36.3781629605716
6018	37.2831536356617
6019	38.1608183796886
6020	39.0118071930727
6021	39.837399650573
6022	40.6392939352491
6023	41.4194411431957
6024	42.1799183481909
6025	42.9228328823893
6026	43.6502497091085
6027	44.3641389541887
6028	45.0663397092273
6029	45.7585355100429
6030	46.442240885714
6031	47.1187973799584
6032	47.7893756136134
6033	48.4549825380418
6034	49.1164732652347
6035	49.7745657095982
6036	50.4298560438015
6037	51.0812442060341
6038	51.7285323109417
6039	52.374231155059
6040	53.0170378068163
6041	53.6533147857013
6042	54.2761890131763
6043	54.8769658075106
6044	55.4470624541406
6045	55.9854198853013
6046	56.5065985200884
6047	57.0101130464524
6048	57.4865495309519
6049	57.9526507765565
6050	58.4284408792743
6051	58.9163072431739
6052	59.4127039825077
6053	59.9186372017942
6054	60.4292568419372
6055	60.9341412409713
6056	61.4199048127807
6057	61.8838816029031
6058	62.327539461605
6059	62.7479539294327
6060	63.1440015276953
6061	63.5212876993503
6062	63.882508809727
6063	64.2324586367511
6064	64.5928655302328
6065	64.975842749044
6066	65.3812340188536
6067	65.8076472751302
6068	66.2499619495787
6069	66.6983342573501
6070	67.14153471908
6071	67.5686406272461
6072	67.967619036123
6073	68.3326761749566
6074	68.6747569492446
6075	69.0002293273789
6076	69.3067181019707
6077	69.6079794168411
6078	69.9221803054078
6079	70.2618333367103
6080	70.6293410716474
6081	71.0040235669266
6082	71.3608215842663
6083	71.6842997650734
6084	71.9686968998894
6085	72.2174573642379
6086	72.4468464828333
6087	72.6746222234003
6088	72.9027505257666
6089	73.124630839424
6090	73.3384074192624
6091	73.542038239533
6092	73.7363026469924
6093	73.9293788446951
6094	74.1274613500918
6095	74.3297636489699
6096	74.5276516221657
6097	74.7161394712852
6098	74.8957402286387
6099	75.0690188880762
6100	75.2321331297872
6101	75.3729114687539
6102	75.4892892493786
6103	75.5935431373409
6104	75.6904909851908
6105	75.7743337956104
6106	75.8447730057428
6107	75.9048965543717
6108	75.9528499347279
6109	75.9814637082509
6110	75.9962553926837
6111	76.0110205283186
6112	76.0306149755815
6113	76.0516698520795
6114	76.0739304713546
6115	76.1041123622366
6116	76.1365927962401
6117	76.1536794603403
6118	76.1446915185098
6119	76.1106790258299
6120	76.0614022874143
6121	76.0013032716909
6122	75.926801911625
6123	75.834958974857
6124	75.7287166174302
6125	75.6165418504235
6126	75.497739046677
6127	75.3712313187243
6128	75.2411137129224
6129	75.1070046001153
6130	74.97310077867
6131	74.8415026417304
6132	74.7049460901872
6133	74.5576118482841
6134	74.4002042680662
6135	74.2355665063552
6136	74.0695162164171
6137	73.9073985357414
6138	73.7467166517136
6139	73.5785608575713
6140	73.3885217466599
6141	73.1699647425495
6142	72.9309356539416
6143	72.6826181120372
6144	72.4315180307863
6145	72.1769571711437
6146	71.9122194700645
6147	71.6351024023317
6148	71.3473240662262
6149	71.0486641742867
6150	70.7401611245234
6151	70.4232896336724
6152	70.1005085976985
6153	69.769688006112
6154	69.4310892541645
6155	69.0832307379613
6156	68.7288651234287
6157	68.372173986578
6158	68.0136884964421
6159	67.6621937907761
6160	67.3183933109172
6161	66.9769038732968
6162	66.6366526542023
6163	66.3008321331968
6164	65.9736989546797
6165	65.6579214826546
6166	65.3537433386782
6167	65.0624799197555
6168	64.7854430190201
6169	64.5217841926015
6170	64.2712806490329
6171	64.0283603904245
6172	63.7871931305561
6173	63.5466814208458
6174	63.3019801915427
6175	63.0532687114843
6176	62.8043458351535
6177	62.5400588744672
6178	62.253418446621
6179	61.9527898247377
6180	61.6394788051367
6181	61.3138186292084
6182	60.9794352104605
6183	60.6382754786222
6184	60.289652824007
6185	59.9402915366513
6186	59.598843626532
6187	59.2665390364469
6188	58.9445843353381
6189	58.634390074742
6190	58.3384236563838
6191	58.0551119279372
6192	57.7753371598313
6193	57.4992802012966
6194	57.2277376761753
6195	56.9551323614456
6196	56.6842662423524
6197	56.4200116552694
6198	56.1627497973555
6199	55.9101487315256
6200	55.667742293157
6201	55.4378145643872
6202	55.210702704085
6203	54.9783044277124
6204	54.7416531020478
6205	54.5077317466917
6206	54.2819180685832
6207	54.0648164592711
6208	53.8492802889355
6209	53.6318038994332
6210	53.417676987864
6211	53.2062248288506
6212	52.9985427086365
6213	52.7973208216075
6214	52.6049187439965
6215	52.4208287143622
6216	52.2400066494544
6217	52.063572737385
6218	51.8905034186654
6219	51.7146309523094
6220	51.5386696117769
6221	51.364562256653
6222	51.1815971866389
6223	50.9885905365113
6224	50.7876643231444
6225	50.5727246507099
6226	50.3470045349925
6227	50.1188250394279
6228	49.8923174742254
6229	49.6644782475874
6230	49.4352673941969
6231	49.2186205876884
6232	49.0129835008309
6233	48.8008853167366
6234	48.5762497457843
6235	48.3376813401935
6236	48.0889985945608
6237	47.8291035199656
6238	47.5592857856947
6239	47.2862169659965
6240	47.0006754859575
6241	46.6995357179843
6242	46.3866630933524
6243	46.0569985494806
6244	45.7141148678009
6245	45.3620425563033
6246	45.0075486106677
6247	44.654972469399
6248	44.3079260239779
6249	43.9689311954766
6250	43.6304818177089
6251	43.2858247462533
6252	42.9254373991644
6253	42.5507843147177
6254	42.1737905449077
6255	41.7947519443165
6256	41.4183396076793
6257	41.03542867295
6258	40.6368493470986
6259	40.2309301766754
6260	39.8200427440789
6261	39.4013115048033
6262	38.9737416429849
6263	38.5401178061507
6264	38.099414753678
6265	37.6537156938128
6266	37.2032026738593
6267	36.7437593262507
6268	36.2763988033893
6269	35.805203399793
6270	35.3249038138687
6271	34.8372406582763
6272	34.3462748445722
6273	33.8493293464277
6274	33.3506330848964
6275	32.8521381800739
6276	32.3569729720562
6277	31.873706099822
6278	31.3925939249502
6279	30.9107303563789
6280	30.4407608201204
6281	29.9708734031753
6282	29.4843972895651
6283	28.9812613590604
6284	28.4663065638057
6285	27.9432000991614
6286	27.4146294044546
6287	26.8824889744938
6288	26.3480520861778
6289	25.8121222149631
6290	25.2751613725546
6291	24.7373941005257
6292	24.1991995863399
6293	23.6617414041319
6294	23.1255977593824
6295	22.5915360240192
6296	22.0650169797984
6297	21.5786440795944
6298	21.1539849634787
6299	20.7818933757876
6300	20.457285756457
6301	20.161624115762
6302	19.8812903707067
6303	19.6016673866815
6304	19.2965095437299
6305	18.9503969899482
6306	18.555981271733
6307	18.1188619210922
6308	17.6579426341419
6309	17.173439827798
6310	16.6584959362734
6311	16.1198587458062
6312	15.5630803283452
6313	14.9923412629083
6314	14.4180304640798
6315	13.8539963494733
6316	13.3044431738561
6317	12.7674159057835
6318	12.2390966747781
6319	11.7222356758453
6320	11.2217639347252
6321	10.7444527024466
6322	10.2890965605549
6323	9.85550624439196
6324	9.44790753527293
6325	9.07338256763322
6326	8.73012829647814
6327	8.38756367404049
6328	8.03633049511057
6329	7.69086133044824
6330	7.36583905588047
6331	7.06076572420226
6332	6.75329422777526
6333	6.41889587623108
6334	6.07568413333858
6335	5.76343886883947
6336	5.49778550823643
6337	5.30298546439505
6338	5.18481029532916
6339	5.1089125705876
6340	5.04071372135591
6341	5.01394505004724
6342	5.10497502463012
6343	5.34390611343659
6344	5.72013464237133
6345	6.21657789397601
6346	6.79086955213267
6347	7.44075048702761
6348	8.19313445946558
6349	9.03868544520033
6350	9.96587059040203
6351	10.9611918647854
6352	12.0097937637985
6353	13.096202248818
6354	14.2050573269254
6355	15.3217674084222
6356	16.4330585008635
6357	17.5274233719647
6358	18.5954836156182
6359	19.6302787994947
6360	20.627462430197
6361	21.5851652021256
6362	22.5034602181512
6363	23.3838059575906
6364	24.2285793830355
6365	25.0407085811847
6366	25.8233972149012
6367	26.5799254475864
6368	27.3135116632304
6369	28.0272197246882
6370	28.723899087458
6371	29.4061483496586
6372	30.0762957267493
6373	30.7363921621873
6374	31.3882142657914
6375	32.0332751159707
6376	32.6728413488249
6377	33.3041925722819
6378	33.9206707070937
6379	34.5081449621025
6380	35.03452727176
6381	35.4558778818882
6382	35.7691905519961
6383	36.0035587163381
6384	36.1838893097067
6385	36.3363790844286
6386	36.4622832425404
6387	36.5648903043675
6388	36.6724556529141
6389	36.7928110999866
6390	36.8949725457225
6391	36.9424156721233
6392	36.8965949085972
6393	36.7468713922574
6394	36.5367880820167
6395	36.3186326376262
6396	36.117617855103
6397	35.943789540574
6398	35.8034011996467
6399	35.6941612867489
6400	35.6091162200538
6401	35.5465915645856
6402	35.514382194244
6403	35.5201531656754
6404	35.5563454795989
6405	35.6170535347971
6406	35.7212010347717
6407	35.8774657220268
6408	36.0479074245072
6409	36.215059393534
6410	36.4024196706838
6411	36.6269541824825
6412	36.9018363188744
6413	37.2158064122356
6414	37.5138222676308
6415	37.7829762476188
6416	38.059778403986
6417	38.3446000890099
6418	38.6421054140724
6419	38.9725815871055
6420	39.3347831078903
6421	39.685643789802
6422	40.0090933199146
6423	40.327416883355
6424	40.625451896356
6425	40.9112001836286
6426	41.1944586154125
6427	41.4579165773336
6428	41.6863215014846
6429	41.8562308324657
6430	41.9358164678118
6431	41.9083923052259
6432	41.7982928931415
6433	41.6156740460202
6434	41.3486701257428
6435	41.0179720359737
6436	40.6452441014416
6437	40.2355759976024
6438	39.7919365411904
6439	39.3122830546273
6440	38.7710070691388
6441	38.1483785117162
6442	37.4558891268653
6443	36.71391877687
6444	35.9341442886979
6445	35.1155387965555
6446	34.2632212591321
6447	33.388361506246
6448	32.5013479167879
6449	31.6115459471075
6450	30.7271188220735
6451	29.8548995674905
6452	29.0019043652222
6453	28.1728912283915
6454	27.3742297670471
6455	26.6098744591817
6456	25.8876101522943
6457	25.2159695272072
6458	24.5930212608083
6459	24.0194954240742
6460	23.4884217855748
6461	22.9857314646146
6462	22.5060836884173
6463	22.0469162014829
6464	21.6050903594625
6465	21.1801925978695
6466	20.8082343377453
6467	20.4902675875342
6468	20.2169879736797
6469	19.97865322504
6470	19.7379964664886
6471	19.4805232775501
6472	19.192567611094
6473	18.8636005050142
6474	18.4939196723119
6475	18.0862019768751
6476	17.6537138931032
6477	17.2189316720407
6478	16.7894264346748
6479	16.3451531004194
6480	15.865563698024
6481	15.3511265138112
6482	14.8105628125048
6483	14.2500470471184
6484	13.674006228741
6485	13.0892776733701
6486	12.5005519384494
6487	11.9086882398218
6488	11.3168630871508
6489	10.7262738534229
6490	10.1342317377704
6491	9.5394912230872
6492	8.95349053934183
6493	8.39608530512278
6494	7.88270142714467
6495	7.42232680492466
6496	7.00634056747413
6497	6.61733595798864
6498	6.24895764171633
6499	5.90701156595539
6500	5.59833720703586
6501	5.33292335354558
6502	5.12022309991434
6503	4.96405606374746
6504	4.86767004522918
6505	4.82702059870823
6506	4.84359667457544
6507	4.94042804699075
6508	5.1135522127881
6509	5.36138606779013
6510	5.69228598879945
6511	6.05615537037827
6512	6.45986383888083
6513	6.91886217561543
6514	7.37701027837139
6515	7.7866231112859
6516	8.13075876689471
6517	8.41446066524459
6518	8.63144144758777
6519	8.79392599947406
6520	8.90730197012725
6521	8.97951887943949
6522	9.02573307612621
6523	9.05308343639127
6524	9.06000302427415
6525	9.04779126384667
6526	9.03264946020108
6527	9.02467864845357
6528	9.03279808711015
6529	9.0571371390921
6530	9.10172079884785
6531	9.17957059395228
6532	9.27872763718286
6533	9.38084038216455
6534	9.50410003108106
6535	9.67462725437934
6536	9.891475191748
6537	10.1371952257868
6538	10.4054547368091
6539	10.6992807606082
6540	11.0258144210662
6541	11.3815363570549
6542	11.7457353858666
6543	12.1093952270817
6544	12.475396068938
6545	12.8378948959601
6546	13.177582986389
6547	13.4810136207087
6548	13.7547667897541
6549	14.05041893944
6550	14.3695076598339
6551	14.7025086202859
6552	15.0277518721889
6553	15.3025934634574
6554	15.560617412997
6555	15.8553056823562
6556	16.2031723233324
6557	16.5697740361678
6558	16.9121809491557
6559	17.1847411889966
6560	17.3373331923374
6561	17.3308142008348
6562	17.1567295161567
6563	16.8334307895037
6564	16.3863844249969
6565	15.8343191603365
6566	15.1745397497518
6567	14.4553271721739
6568	13.7161918538313
6569	12.9439376342628
6570	12.1259629407533
6571	11.2629301065289
6572	10.3911137921625
6573	9.53858944306341
6574	8.72680078174924
6575	7.99283057590904
6576	7.35400601037955
6577	6.79910362740074
6578	6.35316290723721
6579	6.03332869412701
6580	5.8129259071099
6581	5.66831687732143
6582	5.59857691731228
6583	5.55872443036105
6584	5.48824028500567
6585	5.35220119119053
6586	5.11617513459917
6587	4.7810646727325
6588	4.36557448797737
6589	3.88190167000931
6590	3.32362663716334
6591	2.69122888376775
6592	2.00290972366277
6593	1.27600455224563
6594	0.525558289171108
6595	-0.235900726740605
6596	-0.998465884088126
6597	-1.75481797931496
6598	-2.50005810516456
6599	-3.23143339397293
6600	-3.94799160384033
6601	-4.65020239877577
6602	-5.33957871730741
6603	-6.01832384968857
6604	-6.68963678404223
6605	-7.35625687878777
6606	-8.02324709215252
6607	-8.69773233158657
6608	-9.37585804779039
6609	-10.013556334677
6610	-10.5556079148097
6611	-10.9628155075521
6612	-11.2066114877379
6613	-11.3202774730722
6614	-11.3428474700922
6615	-11.2349793769794
6616	-10.9782340529744
6617	-10.6009982794454
6618	-10.1211638627256
6619	-9.55698293003547
6620	-8.95264614021897
6621	-8.32332836251995
6622	-7.67671441831095
6623	-7.0499390473462
6624	-6.46611701771095
6625	-5.93184347361625
6626	-5.43578142298928
6627	-4.94344990415879
6628	-4.39111305170954
6629	-3.7499206547135
6630	-3.07118932386228
6631	-2.35687858305045
6632	-1.59994776441205
6633	-0.802365094514469
6634	0.0401107666001755
6635	0.911992910881417
6636	1.79294506126584
6637	2.67755026898779
6638	3.54842330619408
6639	4.38906075639254
6640	5.18754342128298
6641	5.9312455846995
6642	6.62037718003553
6643	7.2636098812981
6644	7.87304417478285
6645	8.43417932502676
6646	8.96271134323017
6647	9.48875874734507
6648	10.009681011471
6649	10.5038269679892
6650	10.9611683263785
6651	11.3907795415049
6652	11.79054131829
6653	12.1606641338646
6654	12.511383264938
6655	12.8376753159644
6656	13.1407471267195
6657	13.4780716976231
6658	13.8333861606795
6659	14.1648260102558
6660	14.4426045407903
6661	14.6109251274658
6662	14.6751072438242
6663	14.6587786996129
6664	14.5547870032914
6665	14.3495910965105
6666	14.0652488486772
6667	13.7080699262131
6668	13.2840577389678
6669	12.81043636074
6670	12.2964828647947
6671	11.7526653400776
6672	11.1938854855344
6673	10.6353689722735
6674	10.0670899057365
6675	9.47535720379704
6676	8.87505797874801
6677	8.28394590423513
6678	7.70690770437396
6679	7.14438957184109
6680	6.59580980665112
6681	6.06255821450442
6682	5.56290897166673
6683	5.13070097253639
6684	4.77934549475923
6685	4.55197213110029
6686	4.42781037832101
6687	4.36547434718783
6688	4.35536300644203
6689	4.40318658382951
6690	4.53626894410054
6691	4.79034066985966
6692	5.19449103573624
6693	5.73646546334541
6694	6.40547747818458
6695	7.18610515247101
6696	8.0608090847183
6697	9.0115561649546
6698	10.0194394895036
6699	11.0604593812052
6700	12.1152700774377
6701	13.1656191877877
6702	14.1922777054175
6703	15.1827451289012
6704	16.1314779629809
6705	17.0359492225642
6706	17.8930155340675
6707	18.7045753494293
6708	19.4797675194694
6709	20.2268470348593
6710	20.9564231420698
6711	21.6851537573098
6712	22.4195214789226
6713	23.1576743979184
6714	23.8780468193431
6715	24.5449552497683
6716	25.1584014082109
6717	25.7500312902951
6718	26.3406770167239
6719	26.9182836276131
6720	27.4889596788933
6721	28.0672104706168
6722	28.6466626649751
6723	29.19025822784
6724	29.6911385263598
6725	30.1753637844926
6726	30.676403506806
6727	31.2049966216904
6728	31.7194044799947
6729	32.2058257499311
6730	32.6798242282606
6731	33.1734977916387
6732	33.7008694649376
6733	34.2378665166193
6734	34.7477048388581
6735	35.2378003976038
6736	35.7199876712342
6737	36.2138384521318
6738	36.7364144117853
6739	37.2553548090081
6740	37.7374864035566
6741	38.1962436890235
6742	38.6562074577625
6743	39.140629461976
6744	39.6645249260367
6745	40.1832685218224
6746	40.6789144140764
6747	41.1730330348249
6748	41.6854042272986
6749	42.2255605303325
6750	42.7772375453891
6751	43.3085549202488
6752	43.80836237911
6753	44.2664318755697
6754	44.7011644510674
6755	45.133584750627
6756	45.5420333770008
6757	45.9188992848438
6758	46.2797236729938
6759	46.6313696959437
6760	46.9921080622637
6761	47.3708868229403
6762	47.7362198259061
6763	48.0738595135962
6764	48.3841666003246
6765	48.6772435175482
6766	48.9662173067665
6767	49.2283426991218
6768	49.4587316956482
6769	49.6636849728303
6770	49.8340715059231
6771	49.9810070543018
6772	50.1208655627137
6773	50.2672319342673
6774	50.4179946926906
6775	50.5594037613631
6776	50.6858260658894
6777	50.8172462379047
6778	50.9629927505452
6779	51.1025203894043
6780	51.2293748612693
6781	51.3343158228442
6782	51.4109755163449
6783	51.4656905728998
6784	51.5096439151247
6785	51.5537624963459
6786	51.5947407487301
6787	51.6185194057143
6788	51.6193374406778
6789	51.6043936903232
6790	51.5886222296613
6791	51.5787719730336
6792	51.56554497465
6793	51.5472654850421
6794	51.5357831356655
6795	51.5434644610028
6796	51.5695718769476
6797	51.6011460609474
6798	51.6348072135226
6799	51.676672967043
6800	51.7343906838254
6801	51.8093805961585
6802	51.8928691257429
6803	51.9888371611427
6804	52.1023121656433
6805	52.2277948588325
6806	52.3476805305744
6807	52.4339222712416
6808	52.4764315978109
6809	52.4900205310669
6810	52.5030710085398
6811	52.5340527118311
6812	52.5913389200751
6813	52.6731243610627
6814	52.7680459347714
6815	52.8729661662393
6816	52.9799947555766
6817	53.0955525731843
6818	53.2102249808937
6819	53.2878254887035
6820	53.3190578516506
6821	53.3003593135644
6822	53.2519155929943
6823	53.2100138650541
6824	53.189027616162
6825	53.196363066006
6826	53.2268033987152
6827	53.2722299576731
6828	53.3337084321105
6829	53.3991913536611
6830	53.4491083061677
6831	53.4779110847012
6832	53.480885882263
6833	53.4499681146526
6834	53.3794113793602
6835	53.260912041268
6836	53.0813497396893
6837	52.8420167420396
6838	52.5477719030173
6839	52.1906494334613
6840	51.768981970617
6841	51.2928880098706
6842	50.7767296235089
6843	50.2263953022011
6844	49.6375377650552
6845	49.0077228982511
6846	48.3328045089328
6847	47.6084129481006
6848	46.838271995634
6849	46.0292928613181
6850	45.1869443859914
6851	44.3183789138041
6852	43.434811053488
6853	42.5461726375336
6854	41.6607623187567
6855	40.7850007793501
6856	39.9234498031144
6857	39.0789993867929
6858	38.2531171968763
6859	37.4461227384844
6860	36.6574568549887
6861	35.8860040116436
6862	35.1352882912173
6863	34.4145664464871
6864	33.7392783345247
6865	33.1217998393364
6866	32.5681128166794
6867	32.0924408518644
6868	31.6996037932654
6869	31.4190248270833
6870	31.2328892752594
6871	31.0953979583843
6872	30.9834199715827
6873	30.8453728897677
6874	30.6639862714723
6875	30.4531692618224
6876	30.2182515684995
6877	29.993307520112
6878	29.8223479231783
6879	29.7237367149009
6880	29.6593558288008
6881	29.5841516339645
6882	29.4850528881826
6883	29.3628733039013
6884	29.2443710188466
6885	29.1758695098907
6886	29.1756943658751
6887	29.198440783301
6888	29.2065165300239
6889	29.2060546150422
6890	29.2150895689371
6891	29.2409678149702
6892	29.2721266529318
6893	29.2846530829504
6894	29.2768246349464
6895	29.2774754499401
6896	29.3054475580971
6897	29.3521152249894
6898	29.3883505669332
6899	29.3897004937586
6900	29.3634628931421
6901	29.3412591953196
6902	29.332298984002
6903	29.3160374763067
6904	29.2700946479277
6905	29.2015358560019
6906	29.1439973859528
6907	29.1319277407142
6908	29.1597191956995
6909	29.1843809171353
6910	29.1826959685655
6911	29.1698473969497
6912	29.1869717404243
6913	29.2533179988805
6914	29.338300832295
6915	29.4109611658843
6916	29.4910263016278
6917	29.6183642040742
6918	29.7977924534359
6919	29.9837097938851
6920	30.1237239331588
6921	30.2016216233158
6922	30.2450141319064
6923	30.2987927412032
6924	30.3846814615655
6925	30.483613823749
6926	30.5455841452306
6927	30.5406956056038
6928	30.4829426723595
6929	30.4179104947027
6930	30.3757547450196
6931	30.3667202072931
6932	30.3723160824856
6933	30.3725042629198
6934	30.3903453942172
6935	30.4803094214529
6936	30.6690032008251
6937	30.9064885678421
6938	31.1282587885299
6939	31.2896549636209
6940	31.4069853012038
6941	31.5344940697565
6942	31.7206184654173
6943	32.0022103245347
6944	32.3731253046198
6945	32.7932521877293
6946	33.2304119442621
6947	33.6875661158692
6948	34.1609928669467
6949	34.6354028021217
6950	35.0763521385867
6951	35.462845866353
6952	35.8107820355772
6953	36.1143923804979
6954	36.3512543143704
6955	36.5071587291163
6956	36.581380803327
6957	36.5847042751326
6958	36.5323268918528
6959	36.4543661072711
6960	36.4026757920606
6961	36.4190724900161
6962	36.4972837516279
6963	36.6517861268483
6964	36.8668467643667
6965	37.1072323153713
6966	37.3545657396509
6967	37.5852780779157
6968	37.7895131920087
6969	37.9419678713914
6970	38.0260430606678
6971	38.0513849386153
6972	38.031423707794
6973	37.9566999240385
6974	37.8250304880296
6975	37.6655456919777
6976	37.4874245632484
6977	37.2781973800821
6978	37.0466709563023
6979	36.8112788041922
6980	36.5804094829875
6981	36.3577484898437
6982	36.1413874297356
6983	35.92069501952
6984	35.6983777355519
6985	35.4925369824639
6986	35.318886945323
6987	35.189164366943
6988	35.1136169832186
6989	35.0983922089296
6990	35.1475697379376
6991	35.2601636663645
6992	35.4335834778273
6993	35.6579493073112
6994	35.907225385636
6995	36.1578161619713
6996	36.3960233951989
6997	36.6126964456075
6998	36.8097063754647
6999	36.9905394833251
7000	37.1617487458146
7001	37.3416070832981
7002	37.5498464878247
7003	37.8030706739317
7004	38.1101353729861
7005	38.4611606471604
7006	38.8371157643441
7007	39.2261482803303
7008	39.6201429157629
7009	40.0026507847538
7010	40.3515193269504
7011	40.6509666552746
7012	40.8927095018836
7013	41.0988464644844
7014	41.3278995163967
7015	41.6045275298227
7016	41.8827241367665
7017	42.1253502044061
7018	42.3204807257524
7019	42.4368173975051
7020	42.4323518435778
7021	42.296937065743
7022	42.051012662528
7023	41.7117604669619
7024	41.2888709539524
7025	40.783921611847
7026	40.1942857503448
7027	39.5252411988788
7028	38.7982773156048
7029	38.0502139817939
7030	37.2974773953433
7031	36.5245653848608
7032	35.7178479134411
7033	34.8882589421995
7034	34.0485983444379
7035	33.1944020879774
7036	32.3271824809505
7037	31.4581326943844
7038	30.5966752848345
7039	29.7503870547492
7040	28.9245563224969
7041	28.1223418315538
7042	27.3453852418275
7043	26.5939431806593
7044	25.867897524635
7045	25.165847101152
7046	24.484954208818
7047	23.8223697591431
7048	23.1760940082978
7049	22.5440431430258
7050	21.9242284870751
7051	21.3157164345014
7052	20.7219088759643
7053	20.1597411205004
7054	19.6586741923353
7055	19.2466985144047
7056	18.9343156946295
7057	18.7302705612967
7058	18.6099877047952
7059	18.5469279846129
7060	18.5170193384632
7061	18.510037233405
7062	18.5302014912942
7063	18.5892177170513
7064	18.694672287988
7065	18.8289919064612
7066	19.0030010957032
7067	19.2292532526863
7068	19.5119794476731
7069	19.8444833159655
7070	20.2144018859034
7071	20.6143625664881
7072	21.031501543514
7073	21.4567274298111
7074	21.8870539186718
7075	22.3330132725367
7076	22.8032704782062
7077	23.3243409100268
7078	23.8817967189175
7079	24.4067082285442
7080	24.8597491238225
7081	25.2302073445569
7082	25.5056218585455
7083	25.6597519455043
7084	25.6996087953352
7085	25.6587121243972
7086	25.5302267684944
7087	25.3073451049489
7088	25.0236564691104
7089	24.6924227936544
7090	24.2995362681329
7091	23.8543328348908
7092	23.3845426979467
7093	22.9007562483951
7094	22.4030810504114
7095	21.9083724848244
7096	21.4369038723527
7097	20.9910806373526
7098	20.5731324250851
7099	20.1877651073969
7100	19.8483114095885
7101	19.5879341114121
7102	19.4635126333027
7103	19.5029978340611
7104	19.6895391345042
7105	20.0067839888215
7106	20.4426086994794
7107	20.9876396125446
7108	21.6325032642149
7109	22.3668258652628
7110	23.178711483255
7111	24.054449528783
7112	24.9801718616523
7113	25.9462341011865
7114	26.9396596822991
7115	27.9385322635266
7116	28.9312218042984
7117	29.9088307350351
7118	30.8634341658745
7119	31.7879578103486
7120	32.6835418913
7121	33.559381501381
7122	34.4148654327339
7123	35.2426960151915
7124	36.0269604882124
7125	36.7603712474728
7126	37.4604112994993
7127	38.1471242762337
7128	38.8256548827524
7129	39.4957277917793
7130	40.1572215323998
7131	40.8101731706995
7132	41.4547827207047
7133	42.0913932342274
7134	42.7204535986643
7135	43.342476017077
7136	43.9579967961134
7137	44.5675452124748
7138	45.1716222268085
7139	45.7706890254873
7140	46.3651629596933
7141	46.9554186004726
7142	47.5417923180816
7143	48.1245888808709
7144	48.7040885591048
7145	49.2805530698807
7146	49.8542301952729
7147	50.4253569600075
7148	50.9941613411493
7149	51.5608627514541
7150	52.1241306089938
7151	52.6822842277715
7152	53.2344815775827
7153	53.7770409911323
7154	54.3059905118884
7155	54.8173850975998
7156	55.3183010795156
7157	55.8196275059554
7158	56.3232688734392
7159	56.8287247162172
7160	57.3368461584475
7161	57.84696617419
7162	58.3596052238746
7163	58.8742959133353
7164	59.3866542609203
7165	59.8946358516208
7166	60.3997590989513
7167	60.9018856418286
7168	61.3978891672558
7169	61.8911493130121
7170	62.3827480785053
7171	62.865969916954
7172	63.3356293213721
7173	63.796429174998
7174	64.2488897819718
7175	64.6880062194262
7176	65.1188793989994
7177	65.5459814973919
7178	65.9693934641376
7179	66.3896551663221
7180	66.8082331076108
7181	67.226723530557
7182	67.6478165589961
7183	68.0738540644111
7184	68.5041643551826
7185	68.9372575166458
7186	69.3760590870869
7187	69.8229062148444
7188	70.273590217381
7189	70.7275858105651
7190	71.1871370805264
7191	71.6515013039075
7192	72.120039766564
7193	72.5921157819599
7194	73.0671389811773
7195	73.5443237242023
7196	74.0226414426544
7197	74.4986173089205
7198	74.9682493016168
7199	75.432965384424
7200	75.8905065181802
7201	76.337246510258
7202	76.7789680797845
7203	77.2164273173993
7204	77.6460090478286
7205	78.0601373698581
7206	78.4575384074846
7207	78.8458810578244
7208	79.2276833906543
7209	79.6041702694478
7210	79.9759251991631
7211	80.343611575097
7212	80.7079021246962
7213	81.0694306356935
7214	81.4287631132152
7215	81.7863839153001
7216	82.1426932543593
7217	82.4980115367786
7218	82.8525882242272
7219	83.2066126137136
7220	83.5602246823349
7221	83.91362898256
7222	84.2679095914335
7223	84.6245537356711
7224	84.9847895468756
7225	85.3484521261397
7226	85.7151653808172
7227	86.0862458226019
7228	86.4629207124163
7229	86.835842714964
7230	87.1962140930982
7231	87.5371258515059
7232	87.8580237672494
7233	88.1643993405972
7234	88.4604147899839
7235	88.7576585998466
7236	89.0625612808092
7237	89.3779647050026
7238	89.7067121527419
7239	90.047345865326
7240	90.3962892359925
7241	90.7480822582997
7242	91.09973471974
7243	91.4419448402609
7244	91.768159843776
7245	92.0797885284984
7246	92.3761099569
7247	92.6519031122475
7248	92.9036016411697
7249	93.129788948525
7250	93.3280152574611
7251	93.4994933979525
7252	93.6488084111624
7253	93.7820726563118
7254	93.8997515651222
7255	94.005578107072
7256	94.1066189066919
7257	94.2048105866057
7258	94.2995764661181
7259	94.3897728518503
7260	94.4744091764697
7261	94.551335133674
7262	94.6190296840119
7263	94.6753134608276
7264	94.7181435011674
7265	94.7475704719949
7266	94.7628885058463
7267	94.761960823058
7268	94.7435499348728
7269	94.7097023797677
7270	94.6699563691653
7271	94.6286081900719
7272	94.5784220887027
7273	94.5151313056689
7274	94.4364998405276
7275	94.3422433693132
7276	94.2348239204257
7277	94.1149929974654
7278	93.9871249813605
7279	93.8553352165191
7280	93.7178286830761
7281	93.5658678773698
7282	93.397666057161
7283	93.2198050182979
7284	93.0350993819635
7285	92.8484112122641
7286	92.6613153805533
7287	92.4758257138043
7288	92.2973127140779
7289	92.1269854300681
7290	91.9661280853453
7291	91.8164554152513
7292	91.679473195784
7293	91.5561150089621
7294	91.4426035676061
7295	91.3345812353019
7296	91.2293143882349
7297	91.1235981803675
7298	91.0166793232249
7299	90.9093219697208
7300	90.8039973158823
7301	90.7017321510571
7302	90.6005071407141
7303	90.4994118007151
7304	90.3968980914224
7305	90.2922306768501
7306	90.1858248121012
7307	90.0783059931478
7308	89.9699948076749
7309	89.8586267661137
7310	89.7408889074815
7311	89.6146078689797
7312	89.4766393744603
7313	89.3255992567782
7314	89.1623898915562
7315	88.9767944648478
7316	88.7525185118989
7317	88.4882478720402
7318	88.1846973056056
7319	87.8393015356953
7320	87.4558671367072
7321	87.0392953179175
7322	86.5945137128599
7323	86.1264513380824
7324	85.6396786107963
7325	85.1385687956343
7326	84.6272921584419
7327	84.1094467892849
7328	83.5884189720965
7329	83.067172785464
7330	82.5481887702372
7331	82.0334564723125
7332	81.5246231528461
7333	81.0227858578077
7334	80.52869513164
7335	80.0427629543187
7336	79.5649846205801
7337	79.0951281852506
7338	78.6328846689774
7339	78.1780681523003
7340	77.730165082914
7341	77.2903883824566
7342	76.8582912130592
7343	76.4319636163596
7344	76.0112709460997
7345	75.5957677550771
7346	75.1850448046467
7347	74.7788881188941
7348	74.3770644050545
7349	73.9789325026791
7350	73.5836714629065
7351	73.1904519713686
7352	72.7988226342637
7353	72.40885264924
7354	72.020489638889
7355	71.6333726839406
7356	71.2469008681779
7357	70.8616683194642
7358	70.4782867740212
7359	70.100981993541
7360	69.730218181846
7361	69.3630152138155
7362	68.9990978952496
7363	68.6361567273583
7364	68.2737086594065
7365	67.9157296951317
7366	67.5675645499259
7367	67.2299300776996
7368	66.9042147494962
7369	66.5895566610418
7370	66.2834830186538
7371	65.985182450009
7372	65.6952370475667
7373	65.4130977335909
7374	65.1373436996681
7375	64.8632569446402
7376	64.5827769434663
7377	64.2993917345165
7378	64.0197576865164
7379	63.744131384177
7380	63.4753105868285
7381	63.2144406951574
7382	62.9582277398583
7383	62.7058605369496
7384	62.4612601056291
7385	62.2250520079796
7386	61.9947370518841
7387	61.7716982317034
7388	61.5540731191445
7389	61.3342665562251
7390	61.1099200385636
7391	60.8823300050749
7392	60.6496047313351
7393	60.4115329730298
7394	60.1696297864728
7395	59.9260083573344
7396	59.6834975806005
7397	59.4406930537437
7398	59.2046028635539
7399	58.9843811712686
7400	58.7780115492728
7401	58.5805643569284
7402	58.389049717569
7403	58.2027760966797
7404	58.0252220722525
7405	57.8632362492209
7406	57.7164490329813
7407	57.5815340041625
7408	57.4559269124066
7409	57.3392365903711
7410	57.2372066470545
7411	57.1511687777054
7412	57.0807610730699
7413	57.0271541394194
7414	56.9902626615356
7415	56.9654577862512
7416	56.9483836071348
7417	56.9368433920571
7418	56.9384868626211
7419	56.9682417381101
7420	57.0304347226404
7421	57.1166018757527
7422	57.2180809829834
7423	57.3391477379961
7424	57.4919171943578
7425	57.6730182330829
7426	57.8751494596206
7427	58.1020000820904
7428	58.3551450923622
7429	58.6354492663756
7430	58.9420895116891
7431	59.2724901171916
7432	59.6321577242972
7433	60.031866479138
7434	60.4741544539611
7435	60.9590305057757
7436	61.4904373146652
7437	62.0704062390605
7438	62.6949137709867
7439	63.3545362639617
7440	64.0391263410288
7441	64.7409650548902
7442	65.4559599866695
7443	66.1791090310643
7444	66.9020023109349
7445	67.6171336409251
7446	68.3187813628113
7447	69.0038413421322
7448	69.6726504638975
7449	70.3259443502271
7450	70.9641889005238
7451	71.5886204463415
7452	72.1938958147712
7453	72.7668091943597
7454	73.3113694913714
7455	73.8362883034414
7456	74.3363161868266
7457	74.8177251514921
7458	75.2969539602708
7459	75.7798218119195
7460	76.2634559251321
7461	76.7439216004032
7462	77.2193366133013
7463	77.6885427129586
7464	78.1396675345527
7465	78.5637287195723
7466	78.9572336262652
7467	79.3044902173617
7468	79.5957402484859
7469	79.8321411659724
7470	80.019593381478
7471	80.1610792223592
7472	80.2554533049438
7473	80.3085692913016
7474	80.3335931338548
7475	80.3356284990142
7476	80.3091601312799
7477	80.2550437545167
7478	80.1828699252491
7479	80.1031032768587
7480	80.01803425872
7481	79.9173195599972
7482	79.789740627186
7483	79.6464801916585
7484	79.4969817642021
7485	79.3369827382604
7486	79.1621469189435
7487	78.971675069852
7488	78.7620626151963
7489	78.5282016615259
7490	78.2716580010249
7491	77.997945753545
7492	77.7071161229122
7493	77.3928566325629
7494	77.0598935553491
7495	76.7150572269941
7496	76.3627755652445
7497	76.0114707044764
7498	75.6725644893952
7499	75.3495083548525
7500	75.0471256869766
7501	74.7650919511125
7502	74.4989875593664
7503	74.2522236404123
7504	74.024910822065
7505	73.8205897087795
7506	73.6411124965622
7507	73.4771946518651
7508	73.3225956239569
7509	73.1651116058758
7510	72.9932147076125
7511	72.8126234811025
7512	72.6205151680268
7513	72.4141093324087
7514	72.2099516892914
7515	72.0134053747405
7516	71.8254915586768
7517	71.6583518916452
7518	71.5168877210744
7519	71.3987704514476
7520	71.2994798362132
7521	71.2174604328181
7522	71.1541503657372
7523	71.110086467078
7524	71.0864228815594
7525	71.0841199206769
7526	71.1031422715489
7527	71.146447855739
7528	71.2161234320756
7529	71.3092811575391
7530	71.4180959904217
7531	71.5344188113446
7532	71.6523151724829
7533	71.7672851919365
7534	71.87747275367
7535	71.982495560136
7536	72.0846605682443
7537	72.1866550700945
7538	72.2855911856454
7539	72.3731623919704
7540	72.4469871674496
7541	72.5073495136484
7542	72.5489657416649
7543	72.5654824415423
7544	72.5520843884121
7545	72.5049616159992
7546	72.4162617840582
7547	72.2821638462964
7548	72.1115138474266
7549	71.924032738404
7550	71.7417591669085
7551	71.5750112050531
7552	71.4348848185706
7553	71.3353166690225
7554	71.2811995856919
7555	71.2816736855295
7556	71.3451011005973
7557	71.4682333055949
7558	71.6414578568441
7559	71.8538626647591
7560	72.0960610231308
7561	72.3620041633218
7562	72.652242490533
7563	72.9689355697647
7564	73.306917687857
7565	73.6610409985109
7566	74.0249416523489
7567	74.3908954701464
7568	74.7513324850951
7569	75.0942524005295
7570	75.4104091059253
7571	75.69643051539
7572	75.9535691341818
7573	76.1858189467415
7574	76.3990790604357
7575	76.5922452937252
7576	76.7576462577326
7577	76.8908421035227
7578	76.9893108378705
7579	77.0483654184496
7580	77.0541775388312
7581	76.9955452994688
7582	76.8827316652489
7583	76.7453779983201
7584	76.6088557606398
7585	76.4878758640767
7586	76.3928612028993
7587	76.3292774497131
7588	76.302398849176
7589	76.3177508740405
7590	76.3805457738703
7591	76.4994655345837
7592	76.6783081157502
7593	76.9071215218143
7594	77.1728600849392
7595	77.4621203281383
7596	77.7623975019166
7597	78.0642210471719
7598	78.3594946877344
7599	78.6401787283472
7600	78.9057419113805
7601	79.1593301485014
7602	79.4004780317668
7603	79.6262282991534
7604	79.8281441742918
7605	80.001370021144
7606	80.1485529946237
7607	80.2746606207215
7608	80.3786091764122
7609	80.4583497732117
7610	80.5167467827129
7611	80.5529964753828
7612	80.5675049870622
7613	80.563315530553
7614	80.543914994384
7615	80.5117901330752
7616	80.4674180074091
7617	80.409302203344
7618	80.3368111775179
7619	80.2524751186646
7620	80.1567417712131
7621	80.0494495284609
7622	79.9290325707479
7623	79.7944975013684
7624	79.647483352048
7625	79.4887769591738
7626	79.3189626744491
7627	79.1373814905998
7628	78.9458299340951
7629	78.7473726235765
7630	78.5417157858365
7631	78.3293903608411
7632	78.1088078909451
7633	77.881962133125
7634	77.6517556486223
7635	77.4166074074444
7636	77.1763415207597
7637	76.9308921993694
7638	76.677631662448
7639	76.409793013759
7640	76.1261980048888
7641	75.8270209147533
7642	75.5058704371252
7643	75.1787165633155
7644	74.8635069551437
7645	74.5654835451922
7646	74.2967283310736
7647	74.0768800113032
7648	73.9127977662931
7649	73.7962859017392
7650	73.7193489064284
7651	73.6705923691767
7652	73.6390488462333
7653	73.6253944852555
7654	73.6309156921413
7655	73.6502324103831
7656	73.6839958953253
7657	73.7261941268177
7658	73.7716053064984
7659	73.8224308338779
7660	73.8753719465375
7661	73.9244865076162
7662	73.9664009928249
7663	73.9928091542298
7664	74.004200828797
7665	74.0077270330741
7666	74.0097482965281
7667	74.0131211778655
7668	74.0152079602067
7669	74.0110860663152
7670	73.9960595320179
7671	73.9638049676435
7672	73.90876390933
7673	73.8345528606638
7674	73.7507515666937
7675	73.6662806361081
7676	73.5811670403191
7677	73.4892649003841
7678	73.3823114250206
7679	73.2553479178352
7680	73.1061931096193
7681	72.9430512982637
7682	72.7753347388936
7683	72.6007627857726
7684	72.4164994445047
7685	72.2224381135608
7686	72.0227931508035
7687	71.8227324896132
7688	71.6289590789026
7689	71.4443925578075
7690	71.2667919606431
7691	71.089842039421
7692	70.9065790332606
7693	70.7099690278979
7694	70.4927175790325
7695	70.2577416232478
7696	70.0091048938776
7697	69.7434391822748
7698	69.4649688637371
7699	69.1854240220709
7700	68.9072001410279
7701	68.627836357012
7702	68.3496302063113
7703	68.0722520836678
7704	67.7941043049601
7705	67.5138542254712
7706	67.2298628306837
7707	66.9466263415147
7708	66.6690917211265
7709	66.3994299118758
7710	66.1404223343748
7711	65.8925366323043
7712	65.6593768544481
7713	65.4410222111889
7714	65.2364673078056
7715	65.0454550604431
7716	64.8666822159197
7717	64.6991499558869
7718	64.5353256546476
7719	64.3603081881379
7720	64.1711123251408
7721	63.9843329440343
7722	63.8203288227652
7723	63.6951345734332
7724	63.6217268250316
7725	63.6081460879943
7726	63.6538426895226
7727	63.7628066932705
7728	63.9394470776925
7729	64.180248247333
7730	64.4801032796591
7731	64.8256667274954
7732	65.2022801446125
7733	65.5925064937552
7734	65.9965066653615
7735	66.4261792690253
7736	66.8780014713754
7737	67.346385803183
7738	67.8268336785849
7739	68.3053620822513
7740	68.7676202305785
7741	69.2105021659965
7742	69.6273892514096
7743	70.0124734230965
7744	70.3649795178196
7745	70.6801613290105
7746	70.9560601394015
7747	71.1933377608011
7748	71.3913562433872
7749	71.5428861482356
7750	71.6481533168116
7751	71.7191897858781
7752	71.771942460329
7753	71.8245821573328
7754	71.8917526607463
7755	71.9883600620429
7756	72.1243483251808
7757	72.2943778360896
7758	72.486383254427
7759	72.6886985431395
7760	72.8925551213237
7761	73.0991024400445
7762	73.3033295426189
7763	73.4957413491491
7764	73.661856514072
7765	73.7872752396736
7766	73.8652151792006
7767	73.8866377515011
7768	73.8414237278853
7769	73.720902998955
7770	73.5237236844447
7771	73.2536210914824
7772	72.9154931604992
7773	72.5140385633974
7774	72.053487674618
7775	71.5396526892552
7776	70.9793277885017
7777	70.3795782524246
7778	69.747512124204
7779	69.09012718754
7780	68.4141678327701
7781	67.7259998510807
7782	67.0315060396267
7783	66.3360045219547
7784	65.6441886606583
7785	64.9600864580334
7786	64.2870349017351
7787	63.6276676366134
7788	62.9839132674898
7789	62.3567461901705
7790	61.7463469874297
7791	61.1523249615001
7792	60.5736755995011
7793	60.0094296011754
7794	59.4590878112251
7795	58.9221603085433
7796	58.3978647096585
7797	57.8852150068338
7798	57.3830991032392
7799	56.8903579366976
7800	56.4058484841759
7801	55.928478406515
7802	55.457237089611
7803	54.9911968130473
7804	54.5294715755204
7805	54.0713074061444
7806	53.6160357983554
7807	53.1634702544759
7808	52.7135011782351
7809	52.2654772080802
7810	51.8187737109814
7811	51.3724756589467
7812	50.9255686879413
7813	50.477726228176
7814	50.0293438563151
7815	49.5807945315625
7816	49.1319290318612
7817	48.6822278538588
7818	48.2315335121457
7819	47.780134148573
7820	47.3273605425338
7821	46.8734095497313
7822	46.4197148272186
7823	45.9670515392131
7824	45.5149388345847
7825	45.0630701645534
7826	44.612088438668
7827	44.1620190520961
7828	43.7130214706285
7829	43.2646170923865
7830	42.8164536924992
7831	42.3690702707527
7832	41.9220899628101
7833	41.4741728675301
7834	41.0239286710427
7835	40.5707937324568
7836	40.1146581877384
7837	39.6560656675789
7838	39.1950726654308
7839	38.7305541675663
7840	38.2619957975881
7841	37.7896357346021
7842	37.3138741088363
7843	36.8340944830775
7844	36.3509381870738
7845	35.8645247475766
7846	35.3741380919824
7847	34.8802055686613
7848	34.3830565084129
7849	33.8829474573091
7850	33.3800752297571
7851	32.8745872979724
7852	32.3665904001675
7853	31.856157579573
7854	31.343333830746
7855	30.8281404655408
7856	30.3105784411139
7857	29.7906307332677
7858	29.268264201112
7859	28.7434307798674
7860	28.2160687413398
7861	27.6861035527799
7862	27.1535546881042
7863	26.6192965695018
7864	26.0845580120286
7865	25.5502091240386
7866	25.0189090614896
7867	24.4928785948345
7868	23.9932413913622
7869	23.530049300852
7870	23.0947903841711
7871	22.6847350405564
7872	22.2724688794613
7873	21.8380360687182
7874	21.3858960314012
7875	20.9193515154407
7876	20.4409000719243
7877	19.9524927276333
7878	19.4557105483024
7879	18.9518762105256
7880	18.4421184933347
7881	17.9274058782292
7882	17.4085614036497
7883	16.8862683514223
7884	16.3610722581551
7885	15.8333837497386
7886	15.3030393954372
7887	14.7690113982805
7888	14.2296479701906
7889	13.6843325480272
7890	13.1339426658193
7891	12.6039375248521
7892	12.1326532762263
7893	11.7340317954156
7894	11.411540472645
7895	11.1536247910881
7896	10.946833753111
7897	10.7999225551432
7898	10.7346747430362
7899	10.7758663339361
7900	10.8977724892913
7901	11.0714509403427
7902	11.2813200097479
7903	11.4997547133683
7904	11.7070920101419
7905	11.8919025151559
7906	12.0555632283967
7907	12.2105941822938
7908	12.3531947847233
7909	12.4677736899335
7910	12.5731330373886
7911	12.6709757920077
7912	12.7416236509252
7913	12.7974889301141
7914	12.8470931963256
7915	12.881129460137
7916	12.8975595789535
7917	12.9081029691272
7918	12.9228514839161
7919	12.9512881873174
7920	13.0156131722862
7921	13.1374968572188
7922	13.3322834283382
7923	13.6391439596817
7924	14.0829759712521
7925	14.6497421221668
7926	15.3233507648987
7927	16.0860686464142
7928	16.9192306577164
7929	17.8040360052416
7930	18.7223226735592
7931	19.6572526165085
7932	20.5938670514987
7933	21.5194963184495
7934	22.4240208221459
7935	23.299993999617
7936	24.1426406879563
7937	24.9497452812894
7938	25.7213867833375
7939	26.4593969067667
7940	27.1667355474141
7941	27.8469585189543
7942	28.5038042613617
7943	29.1408981196727
7944	29.761560114326
7945	30.3686991009363
7946	30.9647736080388
7947	31.5517995818627
7948	32.1339973745733
7949	32.7208308686367
7950	33.3184068674656
7951	33.9266478780008
7952	34.5452624524832
7953	35.1725769865546
7954	35.8058101672237
7955	36.4431814340723
7956	37.0831367328845
7957	37.7240846283888
7958	38.3644483398966
7959	39.0013039864786
7960	39.6257604964919
7961	40.2314626847059
7962	40.8222581290679
7963	41.4111573479452
7964	42.0050540211661
7965	42.6013431258466
7966	43.1979023027014
7967	43.7884585197754
7968	44.3676280457019
7969	44.9372807056774
7970	45.4999134998686
7971	46.0547970378161
7972	46.6016425720579
7973	47.1417248561371
7974	47.6786267861236
7975	48.2180003986301
7976	48.7631912609371
7977	49.313740835042
7978	49.8656384170193
7979	50.4082033611859
7980	50.9355477837321
7981	51.4598464630816
7982	51.9905186677227
7983	52.5258542892248
7984	53.061287388235
7985	53.5905806730332
7986	54.113941670753
7987	54.6338793924659
7988	55.1477147329349
7989	55.6554533486521
7990	56.1631706628175
7991	56.6717504717109
7992	57.1747561648775
7993	57.6673574819657
7994	58.142648357783
7995	58.598592709159
7996	59.0371123817714
7997	59.4508213438522
7998	59.8395591007326
7999	60.2094432675905
8000	60.5683714334739
8001	60.9101350118667
8002	61.239412950188
8003	61.56701211885
8004	61.8836252034308
8005	62.1897589831636
8006	62.4892907027437
8007	62.7786740901455
8008	63.0549698104671
8009	63.3145571056185
8010	63.5575780576316
8011	63.7921089842659
8012	64.0179621633691
8013	64.2297874489113
8014	64.4288715923677
8015	64.6112189771176
8016	64.7712229943627
8017	64.9147617698841
8018	65.0476341001436
8019	65.1699476964304
8020	65.275325526876
8021	65.360873939353
8022	65.4295008141053
8023	65.4877689840985
8024	65.5566734359411
8025	65.6554691633276
8026	65.7938798820375
8027	65.9677580680011
8028	66.154724760777
8029	66.3379752225812
8030	66.5067185552285
8031	66.6470701759427
8032	66.7528216285901
8033	66.8175484049238
8034	66.8315700188484
8035	66.794028374154
8036	66.7081970394477
8037	66.5746151980707
8038	66.3910631843649
8039	66.1529696896006
8040	65.8649241346294
8041	65.5284323971791
8042	65.1311364338153
8043	64.6814248227792
8044	64.1928651235385
8045	63.66807847802
8046	63.1185113738811
8047	62.5514909966593
8048	61.9733237725687
8049	61.3894080258206
8050	60.8038154309614
8051	60.2310006016092
8052	59.6778843448597
8053	59.1407333479372
8054	58.615545093351
8055	58.1025696944538
8056	57.6072037860715
8057	57.1302470789561
8058	56.6672738057359
8059	56.2173862093152
8060	55.7833194298498
8061	55.3681729269843
8062	54.9600294918434
8063	54.5550134683159
8064	54.1486172240165
8065	53.7439638580805
8066	53.3456744322168
8067	52.9490172699035
8068	52.5546887827028
8069	52.1579386814897
8070	51.7627436082358
8071	51.3688830734749
8072	50.9782600040397
8073	50.6037056586118
8074	50.2393511786768
8075	49.8771175427744
8076	49.5234290846779
8077	49.1759874137975
8078	48.8338418964895
8079	48.4961765225841
8080	48.1615521927211
8081	47.8339024104866
8082	47.5127886199453
8083	47.2021384168696
8084	46.9051556345036
8085	46.6179063103508
8086	46.3404994393061
8087	46.0829243729377
8088	45.8499017466165
8089	45.6331440503064
8090	45.4287824759557
8091	45.2454486268404
8092	45.0807919417621
8093	44.9187265316787
8094	44.7527082554749
8095	44.5895047330671
8096	44.4304101937281
8097	44.2660364510789
8098	44.0982533999199
8099	43.9343735815029
8100	43.7710885447059
8101	43.6080689760412
8102	43.447976547029
8103	43.2920105159918
8104	43.144812056335
8105	43.0078441258617
8106	42.885748337526
8107	42.7810255260848
8108	42.6864856470613
8109	42.6018505366897
8110	42.5326069963044
8111	42.4718494175052
8112	42.4018309229333
8113	42.3113129237523
8114	42.2000024932109
8115	42.0469294117221
8116	41.8159049599883
8117	41.5010714743763
8118	41.1175848682173
8119	40.6792577016201
8120	40.1984983917303
8121	39.6862424862946
8122	39.1519102083265
8123	38.6034056465295
8124	38.047160602899
8125	37.4882193388726
8126	36.9303571103645
8127	36.3762243669003
8128	35.827507365873
8129	35.2850964151435
8130	34.7492528960526
8131	34.2197670034433
8132	33.6961006476584
8133	33.1775105543722
8134	32.6631494009839
8135	32.152144952678
8136	31.6436577499092
8137	31.1369194382202
8138	30.631240706861
8139	30.1256861166629
8140	29.6188885383103
8141	29.1096532950336
8142	28.5967672433701
8143	28.0799579463042
8144	27.5603663345893
8145	27.0391422158429
8146	26.515714181535
8147	25.9900642070761
8148	25.4620875612858
8149	24.9312417063911
8150	24.3987012391692
8151	23.8654668069594
8152	23.3314693346662
8153	22.7958213918269
8154	22.2587892290395
8155	21.7215248498084
8156	21.1837923519985
8157	20.6428494255118
8158	20.0971301123291
8159	19.5468089548024
8160	18.992876656969
8161	18.439679806461
8162	17.8903142617277
8163	17.3431442110519
8164	16.7978972731755
8165	16.256047964815
8166	15.7138777610303
8167	15.1711550271459
8168	14.6310920275109
8169	14.0930521584069
8170	13.5562026508247
8171	13.0199542592083
8172	12.483482286476
8173	11.9459854119197
8174	11.4067301198673
8175	10.8650789776442
8176	10.3205040954789
8177	9.77258874062943
8178	9.22102014386619
8179	8.66557705660792
8180	8.10611396223704
8181	7.54254475216346
8182	6.9748265981221
8183	6.40294505476215
8184	5.82690143538114
8185	5.24670212156548
8186	4.66235000297366
8187	4.07383822458172
8188	3.48095660267996
8189	2.88324651600812
8190	2.28030915291742
8191	1.67090912429573
8192	1.05218008723866
8193	0.424360737323493
8194	-0.196318441423311
8195	-0.74755170134597
8196	-1.19785546722327
8197	-1.61740657887252
8198	-2.07976802958422
8199	-2.59403976628995
8200	-3.14365575612567
8201	-3.71860499195027
8202	-4.31222308240355
8203	-4.91776857474931
8204	-5.53060935125935
8205	-6.14644340611607
8206	-6.76401805533062
8207	-7.3826372624838
8208	-8.00104852650709
8209	-8.59823969395913
8210	-9.1605908207069
8211	-9.67573952807835
8212	-10.1238390104994
8213	-10.5330668952382
8214	-10.9637264296968
8215	-11.4486286361266
8216	-11.9839318338575
8217	-12.5557419824469
8218	-13.1533652544638
8219	-13.7688464850562
8220	-14.3959707504942
8221	-15.031118347505
8222	-15.6717077387003
8223	-16.3139041914201
8224	-16.9569687894412
8225	-17.5985773095224
8226	-18.2333475546287
8227	-18.8176623609816
8228	-19.2870397527954
8229	-19.6637395816251
8230	-19.9730780871797
8231	-20.1986431285129
8232	-20.3787538570058
8233	-20.5711387194273
8234	-20.8272120234032
8235	-21.1751021997573
8236	-21.6048538442804
8237	-22.1000131857638
8238	-22.6467936107974
8239	-23.2333948472759
8240	-23.8496141490319
8241	-24.4868758546897
8242	-25.1381150327664
8243	-25.7972437401096
8244	-26.3988275406678
8245	-26.8957331590894
8246	-27.3118251939445
8247	-27.6398279349609
8248	-27.8176053544092
8249	-27.8689962821267
8250	-27.8895783557247
8251	-27.8756546902669
8252	-27.7971311474601
8253	-27.6412230487855
8254	-27.3948822441588
8255	-27.081347237531
8256	-26.6851018419063
8257	-26.1750469413617
8258	-25.5539706090949
8259	-24.8530331423269
8260	-24.1381044290464
8261	-23.4416910770316
8262	-22.7554447104312
8263	-22.1000663186504
8264	-21.4865378609376
8265	-20.9050937166228
8266	-20.375306730313
8267	-19.8897972683947
8268	-19.4407794132114
8269	-19.053988086302
8270	-18.7170317011708
8271	-18.4169881219839
8272	-18.1798612213153
8273	-18.0087977058223
8274	-17.8654110150915
8275	-17.6940470942232
8276	-17.4637948321899
8277	-17.1919535726963
8278	-16.8782031186266
8279	-16.5174953145961
8280	-16.1456932338864
8281	-15.7709940215749
8282	-15.4056286017383
8283	-15.0989633669599
8284	-14.8741607871879
8285	-14.7095853892664
8286	-14.5661128940602
8287	-14.438796169216
8288	-14.3014113358062
8289	-14.110032039679
8290	-13.8314763765947
8291	-13.4291624737898
8292	-12.9453846379472
8293	-12.3957969757327
8294	-11.8113090512822
8295	-11.2260521953836
8296	-10.6163487169663
8297	-9.99188242041485
8298	-9.38900116006302
8299	-8.85815702879792
8300	-8.45686069645271
8301	-8.18720432295108
8302	-7.98628522978095
8303	-7.78003591524646
8304	-7.57049100593227
8305	-7.46917854659088
8306	-7.56257655728423
8307	-7.84366553033698
8308	-8.25961098932524
8309	-8.79167596797882
8310	-9.44275599104261
8311	-10.2015100178531
8312	-11.0575718866082
8313	-11.9982746325412
8314	-13.0081172972553
8315	-14.0693977416014
8316	-15.1633563189762
8317	-16.2714489424592
8318	-17.376503964845
8319	-18.4636283066496
8320	-19.5208181991575
8321	-20.5395262209038
8322	-21.5140750303593
8323	-22.4423237141745
8324	-23.3311242535452
8325	-24.1850023279935
8326	-24.9686445481434
8327	-25.6661236445096
8328	-26.3077042393844
8329	-26.8941748089824
8330	-27.4033387821836
8331	-27.8184962883673
8332	-28.1238704509019
8333	-28.3003297039272
8334	-28.3340548819144
8335	-28.219440249372
8336	-27.9678637374578
8337	-27.6001348439178
8338	-27.1265442064139
8339	-26.552014521681
8340	-25.8814358114741
8341	-25.1199560907123
8342	-24.2747620028349
8343	-23.3559095920745
8344	-22.3760779502818
8345	-21.3498399737917
8346	-20.2927068855594
8347	-19.2201533178888
8348	-18.1467584193016
8349	-17.0855306787766
8350	-16.0474290598699
8351	-15.0410549330955
8352	-14.0724817337818
8353	-13.1451916411512
8354	-12.2619259500283
8355	-11.4212330081422
8356	-10.6190869332956
8357	-9.85150844960959
8358	-9.11393511570153
8359	-8.40290964449281
8360	-7.7088188831842
8361	-7.0211493546047
8362	-6.31952551586312
8363	-5.59554953862778
8364	-4.856935391019
8365	-4.10875314035581
8366	-3.3545743997815
8367	-2.5975506917068
8368	-1.84049390806638
8369	-1.08573676511346
8370	-0.33506276417144
8371	0.410280534320281
8372	1.14951236822028
8373	1.88222642088407
8374	2.60829823114235
8375	3.32780633101352
8376	4.04097034061614
8377	4.74810709184181
8378	5.44959861394929
8379	6.14587263388434
8380	6.83738690940655
8381	7.52226174633364
8382	8.1995946266129
8383	8.86785788018189
8384	9.52283652818432
8385	10.1732386920642
8386	10.8289743109624
8387	11.4906067341138
8388	12.1535673748957
8389	12.8143759865432
8390	13.469018211002
8391	14.1143105954217
8392	14.758295100686
8393	15.4096125858301
8394	16.0695896093275
8395	16.7342272276199
8396	17.3950446790968
8397	18.0490366065973
8398	18.7037143893723
8399	19.3579443047739
8400	19.9997782464517
8401	20.6252092173369
8402	21.2503043769055
8403	21.8884060669345
8404	22.5384856167663
8405	23.198058645617
8406	23.8649479817617
8407	24.5372948047456
8408	25.208797008012
8409	25.8787519988709
8410	26.5477396030182
8411	27.2162406917739
8412	27.8858579750329
8413	28.5570914836143
8414	29.2316390030776
8415	29.9084085949822
8416	30.5816566745381
8417	31.2445383783609
8418	31.896881887935
8419	32.545386378028
8420	33.189753711226
8421	33.8262340861203
8422	34.4451078455683
8423	35.0291424286121
8424	35.5389212390843
8425	35.930807297455
8426	36.2149282229591
8427	36.4217105103692
8428	36.5838638657862
8429	36.7546794755008
8430	36.9612615320508
8431	37.2104806009701
8432	37.5106560347482
8433	37.8635570677125
8434	38.2692180395361
8435	38.7040971016972
8436	39.1109729750212
8437	39.4630300146357
8438	39.7880044816923
8439	40.123680344437
8440	40.4591296945988
8441	40.7294011531021
8442	40.9116677524929
8443	41.0361450829818
8444	41.139897471215
8445	41.2404823710502
8446	41.3274974521111
8447	41.3673629330631
8448	41.3564524483996
8449	41.345837652776
8450	41.3695803627574
8451	41.4276464655391
8452	41.4872548414842
8453	41.5309560304456
8454	41.5712545238401
8455	41.6344044682134
8456	41.7496507205352
8457	41.9368339264355
8458	42.1933048286215
8459	42.4687359976723
8460	42.73732021075
8461	42.9991422820362
8462	43.252418886266
8463	43.5119735472709
8464	43.7609499466228
8465	43.9793113713304
8466	44.1607113618582
8467	44.3153298000458
8468	44.4621897086539
8469	44.6164995570442
8470	44.8022018493311
8471	45.0327915734052
8472	45.313271427922
8473	45.6167108175489
8474	45.8838796900365
8475	46.0956475919045
8476	46.2553974184935
8477	46.3866030638318
8478	46.5036095940654
8479	46.5781873498915
8480	46.5955938159191
8481	46.5566597956901
8482	46.4882152560186
8483	46.4008269433577
8484	46.2830979205098
8485	46.1262891467829
8486	45.9432078559693
8487	45.7559640227623
8488	45.5751316457251
8489	45.4123038892539
8490	45.2788320716568
8491	45.1920594594791
8492	45.1557091293577
8493	45.1455361994114
8494	45.1332895446169
8495	45.1096942350449
8496	45.0674756285358
8497	45.0141124794283
8498	44.9591482487773
8499	44.895605144173
8500	44.8110509404718
8501	44.6988470676257
8502	44.5473710455513
8503	44.3555004785721
8504	44.1279867077552
8505	43.8674392610529
8506	43.5941157910249
8507	43.2986818094918
8508	42.9811400375524
8509	42.6608796248354
8510	42.3354953166234
8511	41.9946925732877
8512	41.6139279151169
8513	41.2031506790904
8514	40.7653863149787
8515	40.2873954954414
8516	39.7911869716601
8517	39.2940082140072
8518	38.807142147822
8519	38.3475696422262
8520	37.9153463884046
8521	37.5010593618902
8522	37.1098651746131
8523	36.7491268962635
8524	36.4130239893861
8525	36.0872988588198
8526	35.7679610063643
8527	35.4610791843577
8528	35.1710185370161
8529	34.9003721718657
8530	34.6465219507748
8531	34.4029832132883
8532	34.1799076804946
8533	33.9597840072788
8534	33.7383245335587
8535	33.5529880404195
8536	33.4098391615895
8537	33.3235928380269
8538	33.3194309005064
8539	33.393985224458
8540	33.542102427493
8541	33.7648747879167
8542	34.0614867599508
8543	34.4203393847255
8544	34.8273511236997
8545	35.2865977820575
8546	35.8110213325968
8547	36.3955612908244
8548	37.0240104821311
8549	37.6930206324459
8550	38.3978967378402
8551	39.1204169747441
8552	39.8576555741146
8553	40.593230517516
8554	41.2889535080927
8555	41.9302864583417
8556	42.5132211545719
8557	43.0324400078934
8558	43.4888177081404
8559	43.8769896638317
8560	44.1934770165128
8561	44.4316725832976
8562	44.5924584698209
8563	44.6510645784683
8564	44.5841259386099
8565	44.4245760757735
8566	44.1786916824147
8567	43.8347594774742
8568	43.3967068149301
8569	42.8669400703049
8570	42.2585612688854
8571	41.5841068644457
8572	40.8499329528604
8573	40.0649496754822
8574	39.2432377937072
8575	38.4109863612582
8576	37.579339932563
8577	36.7524238819615
8578	35.9400207250333
8579	35.1467292568554
8580	34.3783414056671
8581	33.6370355325189
8582	32.9291076206715
8583	32.2543385459008
8584	31.6169624684395
8585	31.0212754151226
8586	30.4554478727865
8587	29.9205422062554
8588	29.4235773770785
8589	28.9619004309209
8590	28.526723868476
8591	28.1119309997047
8592	27.7051363011341
8593	27.2964701851938
8594	26.9189380046622
8595	26.5691125645419
8596	26.2403060493528
8597	25.9356293609583
8598	25.6562500435544
8599	25.416028145784
8600	25.1901582997963
8601	24.9502880627919
8602	24.6967680435267
8603	24.4317773715355
8604	24.1496033659255
8605	23.8626437721452
8606	23.5857648313864
8607	23.308082550147
8608	23.0076517878737
8609	22.6840149839332
8610	22.3413995577133
8611	21.9869081506405
8612	21.6102987723596
8613	21.2029281408343
8614	20.7909147329934
8615	20.369334472122
8616	19.9421179847896
8617	19.5192942499946
8618	19.097589409865
8619	18.6849979057566
8620	18.2757681745505
8621	17.8469900315545
8622	17.3796907675217
8623	16.8721289515117
8624	16.3305863175904
8625	15.7636002913202
8626	15.1836660574491
8627	14.6016808037358
8628	14.0160682821859
8629	13.4258535688358
8630	12.8357726180249
8631	12.2477676904867
8632	11.6550263080665
8633	11.0584998196357
8634	10.4579441894027
8635	9.858280309888
8636	9.27148368945585
8637	8.69710939427069
8638	8.1343703752926
8639	7.58938680176989
8640	7.06605799408319
8641	6.57824046956809
8642	6.13436975387914
8643	5.70697552869706
8644	5.32165411043775
8645	4.96822400408709
8646	4.5972260126721
8647	4.20679083674604
8648	3.79151780669659
8649	3.34343169054476
8650	2.87291038400547
8651	2.44475856693379
8652	2.13311851123304
8653	1.97500894930214
8654	1.98837974267078
8655	2.15995889962635
8656	2.4601193012953
8657	2.86835852704155
8658	3.37112552347086
8659	3.96226014479347
8660	4.64008113475751
8661	5.40058608353101
8662	6.23906075951208
8663	7.15402416776449
8664	8.13775792375683
8665	9.17927416233383
8666	10.2685161802348
8667	11.3769581209532
8668	12.4833006529043
8669	13.5711516403604
8670	14.6185590150951
8671	15.6149959319797
8672	16.5537678600501
8673	17.4346522255096
8674	18.2654909665071
8675	19.0536135459695
8676	19.8037272460453
8677	20.5323176602424
8678	21.2495220338844
8679	21.9552748244732
8680	22.6467969610599
8681	23.322280561606
8682	23.9827783326574
8683	24.6251586943107
8684	25.2459878647424
8685	25.8310881526861
8686	26.3777161707864
8687	26.894543442423
8688	27.4010222937501
8689	27.9222625169944
8690	28.4730669378122
8691	29.0522292979049
8692	29.6264200281847
8693	30.1445652195493
8694	30.5767689739713
8695	30.9294840340849
8696	31.2122456132204
8697	31.4241528002549
8698	31.6015564623806
8699	31.7733591080902
8700	31.9658568197972
8701	32.2126221145747
8702	32.4859677662234
8703	32.7268291289318
8704	32.9161960346216
8705	33.0775178130315
8706	33.2057213754274
8707	33.272884599669
8708	33.3077769356761
8709	33.3593138980946
8710	33.4676693907117
8711	33.6716424869662
8712	33.9849698093716
8713	34.380106077332
8714	34.7977063162648
8715	35.1976671897546
8716	35.5677843366761
8717	35.9233495506409
8718	36.2753067543262
8719	36.6176219782371
8720	36.9568359190361
8721	37.3026271657307
8722	37.6533638071938
8723	37.9786534937845
8724	38.2643489447314
8725	38.5184772657339
8726	38.7278804169702
8727	38.8850361661503
8728	38.9893890922101
8729	39.0260401042815
8730	38.9742753460501
8731	38.8186434099765
8732	38.5508615066124
8733	38.1796426022814
8734	37.7168942795715
8735	37.1708290928509
8736	36.550620098484
8737	35.8587522841962
8738	35.0969921489656
8739	34.2713804704591
8740	33.3916030139664
8741	32.4675334950877
8742	31.5098113924336
8743	30.5300472166968
8744	29.5393137279896
8745	28.5481346588058
8746	27.5666520097264
8747	26.6035871066169
8748	25.6669385114239
8749	24.7632439487994
8750	23.8911205097136
8751	23.0465644562613
8752	22.2311080856188
8753	21.4509398394966
8754	20.7075604442997
8755	19.9962998930505
8756	19.3078332618082
8757	18.6348710681869
8758	17.9749700699848
8759	17.326379198454
8760	16.6906359910497
8761	16.0688621905091
8762	15.4592569144604
8763	14.8605751631483
8764	14.2717793192523
8765	13.6894234240918
8766	13.1093734007615
8767	12.5301335351873
8768	11.9523957136059
8769	11.3752178614466
8770	10.7989958681765
8771	10.224767155701
8772	9.64776966327599
8773	9.06370665161652
8774	8.47246566067193
8775	7.8749910552541
8776	7.27430612328757
8777	6.6722933780504
8778	6.0677271360802
8779	5.46024057214927
8780	4.8522934325804
8781	4.24768698448571
8782	3.64773580320507
8783	3.05265296680973
8784	2.46278845652171
8785	1.87500293484635
8786	1.28203275438772
8787	0.682160808921164
8788	0.0818084511546964
8789	-0.514454482463945
8790	-1.10647203084508
8791	-1.69514712247755
8792	-2.28464286815025
8793	-2.87609647978934
8794	-3.46981524735659
8795	-4.06677842232136
8796	-4.66660382460204
8797	-5.27157165584695
8798	-5.8827069961383
8799	-6.50065258613056
8800	-7.12480683432569
8801	-7.75058406512342
8802	-8.37433255177678
8803	-8.99594108531987
8804	-9.61594163915657
8805	-10.2352788315579
8806	-10.8548746879418
8807	-11.4755955281232
8808	-12.0982293364504
8809	-12.723472073939
8810	-13.3519212265138
8811	-13.9840748227134
8812	-14.6203351613858
8813	-15.2616782202486
8814	-15.9094407346098
8815	-16.5666474762011
8816	-17.2344174999761
8817	-17.8858036348775
8818	-18.4780298846066
8819	-18.976935656111
8820	-19.3723760695326
8821	-19.6755625659097
8822	-19.8888613939065
8823	-20.028441094976
8824	-20.1171537515635
8825	-20.1500267787168
8826	-20.1474575198421
8827	-20.1560814374678
8828	-20.1922461997035
8829	-20.3072460880636
8830	-20.5582569770888
8831	-20.9390986445794
8832	-21.3761998153466
8833	-21.7545878328022
8834	-22.0493848533017
8835	-22.2534045282513
8836	-22.4013648288395
8837	-22.6102866229968
8838	-22.9288505555081
8839	-23.3490236405999
8840	-23.853776969642
8841	-24.4219661477391
8842	-25.0362585393712
8843	-25.6832225297543
8844	-26.35237718634
8845	-27.0356865268819
8846	-27.7134761092628
8847	-28.3543084928296
8848	-28.9391198804368
8849	-29.4753702366312
8850	-29.969510502366
8851	-30.4010136243881
8852	-30.7522853011393
8853	-31.0253288527494
8854	-31.2214538982071
8855	-31.328633188447
8856	-31.328702210927
8857	-31.1989137285899
8858	-30.9576935167426
8859	-30.6554187155208
8860	-30.3088405556077
8861	-29.9011894799057
8862	-29.4367833328516
8863	-28.919051710458
8864	-28.3486372326567
8865	-27.7237438758705
8866	-27.0381556761279
8867	-26.3002192484628
8868	-25.5002819726738
8869	-24.6496097903147
8870	-23.7700687033081
8871	-22.8734626262339
8872	-21.9780076953748
8873	-21.0896860764638
8874	-20.2082684791756
8875	-19.3406481736945
8876	-18.4950759064363
8877	-17.6859711815702
8878	-16.9176202732394
8879	-16.1847345493026
8880	-15.5140671335224
8881	-14.9405702091349
8882	-14.4788925392612
8883	-14.1116025785206
8884	-13.7592155652548
8885	-13.4253449307138
8886	-13.1501573925774
8887	-12.8797486220825
8888	-12.5610870063454
8889	-12.186862163381
8890	-11.7704553606799
8891	-11.309479104977
8892	-10.8113970225526
8893	-10.291900659035
8894	-9.74924380584782
8895	-9.18539228510917
8896	-8.60816837205815
8897	-8.02368802299711
8898	-7.43998212105787
8899	-6.86458277173972
8900	-6.29410864002354
8901	-5.72843607688982
8902	-5.17948566460461
8903	-4.64850036980488
8904	-4.12829812068018
8905	-3.5991026206389
8906	-3.05198566498694
8907	-2.4813935460131
8908	-1.87311786792543
8909	-1.22886662602661
8910	-0.560111086817733
8911	0.127251094902869
8912	0.831381516908932
8913	1.54750920920123
8914	2.27183370944263
8915	3.00143320533049
8916	3.73412447899157
8917	4.46830581622632
8918	5.20281087145842
8919	5.93678991581433
8920	6.66962288514427
8921	7.40086220018272
8922	8.13019689622814
8923	8.857432735113
8924	9.58248016581049
8925	10.3053453096905
8926	11.0233660895556
8927	11.7361866356216
8928	12.4352500644307
8929	13.1114530519033
8930	13.7741514353868
8931	14.4392423470082
8932	15.1147522353465
8933	15.800495894343
8934	16.4948268097717
8935	17.1962363997454
8936	17.9034527861943
8937	18.6154311683306
8938	19.3313343237987
8939	20.0505056752953
8940	20.7724396335283
8941	21.4967082040529
8942	22.2174250778923
8943	22.9313641933219
8944	23.6367521644336
8945	24.3289691024726
8946	25.008876250897
8947	25.6621676676998
8948	26.277520262519
8949	26.8547919901246
8950	27.3947186935572
8951	27.889443184907
8952	28.3331277229092
8953	28.7291406141188
8954	29.0407963316128
8955	29.2665277660606
8956	29.3908495508776
8957	29.407239950191
8958	29.402828253176
8959	29.4606062552767
8960	29.6106352901231
8961	29.8148645420781
8962	30.002488109581
8963	30.1073767374908
8964	30.1263847081771
8965	30.1297608386847
8966	30.1668479014093
8967	30.2660770921687
8968	30.4555173140401
8969	30.7376420966595
8970	31.067641612228
8971	31.3934882649718
8972	31.6884261272131
8973	31.9177432164299
8974	32.0621466897749
8975	32.1458842346025
8976	32.1665959119281
8977	32.116230942426
8978	32.0390037447969
8979	31.9737478089946
8980	31.9311623810611
8981	31.871462969064
8982	31.7731128082964
8983	31.6295090706663
8984	31.4138101888119
8985	31.1177721231937
8986	30.7235834006547
8987	30.2307215007522
8988	29.6540741510001
8989	29.0042840431444
8990	28.2813997212089
8991	27.4853492155296
8992	26.6312518544081
8993	25.7333641993337
8994	24.8091105141392
8995	23.8713695950345
8996	22.9277897221269
8997	21.9987844683357
8998	21.0924423006254
8999	20.2163947550005
9000	19.3845855927184
9001	18.5940147518786
9002	17.847028487196
9003	17.1463366814752
9004	16.4844818607587
9005	15.8640207307983
9006	15.2783999007059
9007	14.7155590269302
9008	14.1764844551728
9009	13.6706233492386
9010	13.2038296407102
9011	12.7695610586818
9012	12.3611601077368
9013	11.9682569050873
9014	11.5813388157052
9015	11.2010022626052
9016	10.8242207178973
9017	10.4653615485084
9018	10.1679503520347
9019	9.90848126904451
9020	9.68881337876499
9021	9.56662391169757
9022	9.55063952231314
9023	9.61525446126257
9024	9.7560601687862
9025	10.0023482778944
9026	10.3627353367811
9027	10.8082189396268
9028	11.3147418320083
9029	11.8648022932817
9030	12.4685073547384
9031	13.1592823231658
9032	13.9418741118445
9033	14.7975211931552
9034	15.7163601439151
9035	16.6931895416294
9036	17.7121003197807
9037	18.7622971113412
9038	19.8313896650106
9039	20.904268029499
9040	21.9633227466516
9041	22.9956754434315
9042	23.9737186642076
9043	24.8821768378166
9044	25.7093606530974
9045	26.4194152253942
9046	26.9702400976541
9047	27.3283700818467
9048	27.508325861503
9049	27.5802924084028
9050	27.5532516651976
9051	27.3877847267768
9052	27.0998039959789
9053	26.7092588176513
9054	26.2160883874131
9055	25.6265933575373
9056	24.948049697106
9057	24.1873665072933
9058	23.3613741929672
9059	22.4785012648576
9060	21.5401493839036
9061	20.5590609879155
9062	19.5485158446642
9063	18.5217255947323
9064	17.491266367076
9065	16.4685922010212
9066	15.4636421602703
9067	14.4845358371689
9068	13.5373470934725
9069	12.6259504595661
9070	11.7519573692666
9071	10.914917344398
9072	10.1155819245597
9073	9.35560582788669
9074	8.63364733011845
9075	7.94251645032429
9076	7.27400054185791
9077	6.62490238511962
9078	6.01956224142255
9079	5.51677487914045
9080	5.12829297424831
9081	4.79328965951262
9082	4.49848065101211
9083	4.22233452142591
9084	3.92757956257028
9085	3.62786972722811
9086	3.34200238916188
9087	3.06749626665845
9088	2.79719353518474
9089	2.53262015308016
9090	2.2776844728028
9091	2.04129498196798
9092	1.81394290096672
9093	1.589650308868
9094	1.36743712483816
9095	1.14071487036806
9096	0.917364630975711
9097	0.702387850460213
9098	0.491833209825994
9099	0.291167036147658
9100	0.107565824098854
9101	-0.0558610490823154
9102	-0.193797652161848
9103	-0.29983616501162
9104	-0.363581465013396
9105	-0.389197501867274
9106	-0.39506778872935
9107	-0.390983412010566
9108	-0.381016292024283
9109	-0.375930933688624
9110	-0.389045266797832
9111	-0.433594756830706
9112	-0.513134455966745
9113	-0.607945671137884
9114	-0.69350795824161
9115	-0.736878791398466
9116	-0.70035651731129
9117	-0.591641263870696
9118	-0.409633857651558
9119	-0.164339770586315
9120	0.142469761543462
9121	0.528892129336604
9122	1.00058162528705
9123	1.52843579077827
9124	2.07922430243947
9125	2.61537276157727
9126	3.10823758754734
9127	3.61574005928294
9128	4.19295343754098
9129	4.82554778011514
9130	5.51819272351373
9131	6.28655041131628
9132	7.11000781185734
9133	7.9729705574028
9134	8.8580626003246
9135	9.75017273634807
9136	10.6366528491985
9137	11.5003525873795
9138	12.3305216485249
9139	13.1320310173203
9140	13.905884654307
9141	14.6430955612598
9142	15.3358584595336
9143	15.9802317115295
9144	16.5805502182468
9145	17.1409571713993
9146	17.6652341509713
9147	18.1489191689407
9148	18.5876178939066
9149	19.0013669224837
9150	19.4039174945954
9151	19.7902630680324
9152	20.1611163231413
9153	20.5237099471183
9154	20.879131885952
9155	21.212151532852
9156	21.5317069752078
9157	21.8257367997043
9158	22.0621747049376
9159	22.2584471471546
9160	22.463539828072
9161	22.6903804378425
9162	22.9106165742247
9163	23.1133012748931
9164	23.3070593332327
9165	23.5021632080555
9166	23.7097117686047
9167	23.9423388446068
9168	24.2090294730152
9169	24.5096273192704
9170	24.8253268269904
9171	25.109991195291
9172	25.3464737804143
9173	25.5540243010145
9174	25.756989513041
9175	25.9757135136302
9176	26.2067859255749
9177	26.4248014580323
9178	26.6104748085627
9179	26.7603758315048
9180	26.8811762025512
9181	26.9952367910347
9182	27.1169713465811
9183	27.2248803378122
9184	27.3032629063861
9185	27.3707769500342
9186	27.4426845347873
9187	27.5209331812116
9188	27.6111050694714
9189	27.71515618955
9190	27.8257769572772
9191	27.9374177141172
9192	28.0519463884844
9193	28.1642061683231
9194	28.2615539172789
9195	28.3355950339374
9196	28.3854121620408
9197	28.4193704062454
9198	28.4454922858581
9199	28.4556923050389
9200	28.4465021377578
9201	28.4192327160809
9202	28.3784922902745
9203	28.3358286876935
9204	28.2968411338759
9205	28.2677028556399
9206	28.2248051188268
9207	28.1454006512166
9208	28.0208776288015
9209	27.8524606817767
9210	27.6437753234022
9211	27.3937470341453
9212	27.0942580486629
9213	26.7464774994407
9214	26.3616460969246
9215	25.9383967871827
9216	25.4781860357065
9217	24.9827847256305
9218	24.4536142412394
9219	23.9106386634891
9220	23.4118232391567
9221	22.9583600922359
9222	22.5145591969532
9223	22.0759878856063
9224	21.6344667845387
9225	21.1761170350081
9226	20.7092357591591
9227	20.2430472784231
9228	19.7687410719563
9229	19.2839444022213
9230	18.7930350088668
9231	18.3031710606938
9232	17.8236952059576
9233	17.3602683137121
9234	16.9204561417614
9235	16.5068859552229
9236	16.1105233150758
9237	15.7326687112654
9238	15.3715402534083
9239	15.0253613465221
9240	14.7032120941411
9241	14.403545419214
9242	14.1103384905938
9243	13.8126047782627
9244	13.5246884331164
9245	13.2664438766647
9246	13.0595642237639
9247	12.8887600402938
9248	12.7628414937585
9249	12.7420875601317
9250	12.8490314425434
9251	13.0819135616623
9252	13.4323766069668
9253	13.888644850989
9254	14.4438880198986
9255	15.0935401396966
9256	15.8326096161726
9257	16.6545302188538
9258	17.5508215533603
9259	18.5110556566974
9260	19.5231897506053
9261	20.5747126466227
9262	21.6511531643936
9263	22.7314613207078
9264	23.804961792786
9265	24.869137863993
9266	25.9102087815041
9267	26.9208674486216
9268	27.8997312696599
9269	28.8433099598826
9270	29.7533040818392
9271	30.6298198018381
9272	31.4742158367116
9273	32.2886857883897
9274	33.0734806635298
9275	33.8268205911807
9276	34.553525564808
9277	35.2625617753753
9278	35.9594347518019
9279	36.6421339669808
9280	37.3071374833
9281	37.9549524497805
9282	38.5942248000466
9283	39.2331057243214
9284	39.8698469368177
9285	40.4946339197747
9286	41.1059523079006
9287	41.6894024842804
9288	42.2224531813404
9289	42.6953962700062
9290	43.1164238995351
9291	43.4680758184478
9292	43.7084037877261
9293	43.8244619122544
9294	43.8783920159619
9295	43.9137167469787
9296	43.9128054728365
9297	43.8790097910779
9298	43.8454692357613
9299	43.8404859367643
9300	43.8671344160758
9301	43.9234010624701
9302	43.9973523852399
9303	44.0783290988335
9304	44.1728288444861
9305	44.2983399667773
9306	44.452567050559
9307	44.6159232406832
9308	44.7882479396055
9309	44.9728554696596
9310	45.1609834705107
9311	45.3410181332709
9312	45.506982945283
9313	45.6629013522239
9314	45.8143577016322
9315	45.9661498045082
9316	46.1169066355062
9317	46.2526913351196
9318	46.3652569414121
9319	46.4527614036069
9320	46.5117598031923
9321	46.5394554858777
9322	46.5222517111459
9323	46.438204761242
9324	46.2755266810729
9325	46.0437133727417
9326	45.767373251833
9327	45.4779075886668
9328	45.2054559074913
9329	44.9748730060734
9330	44.8028402037747
9331	44.6841060231694
9332	44.5996393994245
9333	44.5315540941697
9334	44.4640357786203
9335	44.3890449608855
9336	44.3118920041589
9337	44.241977762538
9338	44.1885059069442
9339	44.1560465406741
9340	44.137138835455
9341	44.1212280344996
9342	44.1034163377086
9343	44.0820791977776
9344	44.0608026433117
9345	44.0412956764433
9346	44.0198991053267
9347	43.9958850702967
9348	43.9658143872487
9349	43.9227127230355
9350	43.8589028130774
9351	43.7687574659537
9352	43.650059667911
9353	43.5037229984097
9354	43.3372457693279
9355	43.1586710892067
9356	42.965044459036
9357	42.7537698362424
9358	42.5222306514878
9359	42.2667464183797
9360	41.9930697545605
9361	41.7070005742235
9362	41.4099095166324
9363	41.102402427126
9364	40.787049584187
9365	40.4721341912022
9366	40.1630583600981
9367	39.853479726283
9368	39.5422241555331
9369	39.2364420740842
9370	38.9399742519275
9371	38.651528785829
9372	38.3667019285956
9373	38.0839589642055
9374	37.805117398081
9375	37.5185894269154
9376	37.2245371424502
9377	36.9108405605937
9378	36.583920271373
9379	36.2731219824281
9380	36.0033404945403
9381	35.8001295915836
9382	35.6856273291337
9383	35.6599195025904
9384	35.6749938898566
9385	35.6823141391617
9386	35.6944934127681
9387	35.7717371737367
9388	35.9191373700887
9389	36.0722333226065
9390	36.1853128339731
9391	36.25204983497
9392	36.2829481129133
9393	36.3228175006223
9394	36.3947096112483
9395	36.4701549336705
9396	36.5380580310864
9397	36.6218655455239
9398	36.7341445117382
9399	36.847994520693
9400	36.9308044371824
9401	36.9601395173737
9402	36.9553079583314
9403	36.964938686551
9404	37.0330088690993
9405	37.1691478755972
9406	37.3175994309451
9407	37.4351018487889
9408	37.4975976304429
9409	37.5127781136956
9410	37.5227684335027
9411	37.5548374769314
9412	37.6044585484917
9413	37.6289164479413
9414	37.5859208842934
9415	37.4744584917545
9416	37.3327295835752
9417	37.1959202704682
9418	37.0533575068942
9419	36.8766732258322
9420	36.6493066106464
9421	36.3895312743157
9422	36.1455214735007
9423	35.9581314434554
9424	35.8643328477932
9425	35.8782475047405
9426	35.9902813168011
9427	36.1566244166217
9428	36.2962772437075
9429	36.3655842355806
9430	36.3440543898351
9431	36.235767666052
9432	36.0594462520691
9433	35.8127999941162
9434	35.4983820821811
9435	35.1075504697643
9436	34.6530494996493
9437	34.157081194536
9438	33.6431700973913
9439	33.1114646150978
9440	32.5724644368657
9441	32.0506393893834
9442	31.5209297840054
9443	30.9594997716767
9444	30.3776458968167
9445	29.810492762901
9446	29.286335288051
9447	28.803361260093
9448	28.3436053286203
9449	27.9015508637641
9450	27.4989912139705
9451	27.1214723453991
9452	26.7602049356429
9453	26.4259856732351
9454	26.115036065643
9455	25.8528125596271
9456	25.657924675674
9457	25.5372544815397
9458	25.5001362363173
9459	25.5529481589069
9460	25.6811372946328
9461	25.8491779246371
9462	26.0632090952098
9463	26.3543378587264
9464	26.7340375564958
9465	27.2040299690275
9466	27.7616486627112
9467	28.4002186755028
9468	29.1116761755572
9469	29.8882636093572
9470	30.720621644335
9471	31.5980700807563
9472	32.5090458088217
9473	33.4416192352342
9474	34.3840258772813
9475	35.3252660125091
9476	36.2552209278531
9477	37.1661287231283
9478	38.0549407735763
9479	38.9194953624499
9480	39.7593776319217
9481	40.5703945174992
9482	41.3497767016465
9483	42.0912624337346
9484	42.7729900289394
9485	43.3867874541154
9486	43.9326959755046
9487	44.4194944324193
9488	44.8566954769132
9489	45.2374274300116
9490	45.5365288713292
9491	45.7296291190781
9492	45.7989233426282
9493	45.7390185972206
9494	45.5697674002628
9495	45.3281429451687
9496	45.057250431508
9497	44.7918333326226
9498	44.550623133286
9499	44.3356461681371
9500	44.1436678281084
9501	43.9701451676824
9502	43.820925684204
9503	43.7000623350717
9504	43.6004150219889
9505	43.5141261075826
9506	43.4387774912723
9507	43.3755784039426
9508	43.3295859385384
9509	43.3079189754318
9510	43.3130519258326
9511	43.3480932500908
9512	43.4216550509555
9513	43.5451126357819
9514	43.7116472097166
9515	43.88905021916
9516	44.0315181495305
9517	44.1007901927676
9518	44.0603854724669
9519	43.8969898708678
9520	43.6532082694886
9521	43.3597926325924
9522	43.0272874003534
9523	42.6831773608935
9524	42.3476281702115
9525	42.0110840642337
9526	41.6271071780509
9527	41.1635163065041
9528	40.6387142220147
9529	40.0886699130295
9530	39.515940129631
9531	38.9177584951753
9532	38.3298203883865
9533	37.7831831709915
9534	37.2754778356835
9535	36.7888965836825
9536	36.3074554999353
9537	35.8151304263862
9538	35.2958043877022
9539	34.7400500180654
9540	34.1489150024571
9541	33.535251576147
9542	32.9173675016524
9543	32.300878001266
9544	31.6778231070966
9545	31.0439997745961
9546	30.3900103004957
9547	29.7101037965614
9548	29.0111808250208
9549	28.3004080104392
9550	27.5837819801597
9551	26.8755224143247
9552	26.1879083871306
9553	25.5119144285516
9554	24.8345629858943
9555	24.1552359047922
9556	23.4775617426137
9557	22.8047118560906
9558	22.1390304835841
9559	21.4818861136662
9560	20.8359913044802
9561	20.2038813726794
9562	19.583679260648
9563	18.9693849150531
9564	18.3544346528754
9565	17.7423634821449
9566	17.1659881356971
9567	16.6690023737049
9568	16.2485715819218
9569	15.8562035304151
9570	15.4797023012275
9571	15.1514119020281
9572	14.9090982855469
9573	14.7637506615389
9574	14.6972944441877
9575	14.6873776004577
9576	14.6771212701208
9577	14.6140628679331
9578	14.4902296080556
9579	14.3268693345618
9580	14.160164850944
9581	13.9978487604678
9582	13.8437352903772
9583	13.7005093721554
9584	13.5492575858374
9585	13.3820492752708
9586	13.2061273204323
9587	13.0276569289187
9588	12.8476470417384
9589	12.6627406919575
9590	12.4975772603421
9591	12.3765603425505
9592	12.287624236469
9593	12.2051024839901
9594	12.0927523101045
9595	11.9250409142227
9596	11.7336830497569
9597	11.5533914680439
9598	11.384635094078
9599	11.2257293746994
9600	11.041333421817
9601	10.7971081315603
9602	10.4929442498314
9603	10.1288992036131
9604	9.70460163096314
9605	9.21463601978413
9606	8.69771113150362
9607	8.22036343315459
9608	7.81217355673885
9609	7.47400331864819
9610	7.14721054651708
9611	6.78995303533997
9612	6.43319469485159
9613	6.05054004633189
9614	5.64439143973037
9615	5.23597204374377
9616	4.80532355448841
9617	4.38075943973923
9618	3.95376778752772
9619	3.4754364985807
9620	2.93969887207193
9621	2.36273344329975
9622	1.76295044290008
9623	1.15913130765697
9624	0.544789432124587
9625	-0.0893482699105668
9626	-0.73771481067309
9627	-1.39240607829269
9628	-2.04564643950636
9629	-2.69362582826083
9630	-3.2933033130696
9631	-3.79842790670639
9632	-4.24665025160406
9633	-4.70916404743883
9634	-5.20909925226366
9635	-5.73845517049261
9636	-6.29153121735089
9637	-6.86413829731452
9638	-7.45303186492379
9639	-8.05553826069968
9640	-8.66933340420595
9641	-9.29233006199014
9642	-9.92398495810902
9643	-10.5631515333289
9644	-11.209559885154
9645	-11.8640708330478
9646	-12.5242152352828
9647	-13.1871136064591
9648	-13.8511847289193
9649	-14.5156737119166
9650	-15.1800899775272
9651	-15.843970906752
9652	-16.5068379554181
9653	-17.168212246143
9654	-17.8276538878503
9655	-18.4848025695685
9656	-19.1394071942356
9657	-19.7913400902932
9658	-20.4405976647311
9659	-21.0872900247738
9660	-21.731624454227
9661	-22.3738842654574
9662	-23.01440739612
9663	-23.6535648767806
9664	-24.2917410400123
9665	-24.9293172232191
9666	-25.5666580795866
9667	-26.2041012396239
9668	-26.8418448104203
9669	-27.4788092723348
9670	-28.1153263600455
9671	-28.7532790113776
9672	-29.3911371791853
9673	-30.0246039010291
9674	-30.6559711916582
9675	-31.2910731433492
9676	-31.9316569760299
9677	-32.5768163475278
9678	-33.2248198698978
9679	-33.8725675848349
9680	-34.5167499182904
9681	-35.1566936267018
9682	-35.7925820040474
9683	-36.424472507754
9684	-37.0500100450451
9685	-37.6609739904592
9686	-38.2569365477833
9687	-38.8573400027668
9688	-39.4763774275628
9689	-40.1119568245642
9690	-40.7600222619089
9691	-41.4174674151648
9692	-42.0819654174367
9693	-42.7518155711805
9694	-43.4258068395799
9695	-44.1029467790985
9696	-44.7805042354342
9697	-45.4559769414142
9698	-46.1206019496712
9699	-46.7639552921935
9700	-47.3609861830513
9701	-47.8602588851994
9702	-48.2530685849473
9703	-48.5803281647655
9704	-48.8888341844381
9705	-49.2265799738085
9706	-49.6132192556529
9707	-50.0405168820786
9708	-50.4993446542644
9709	-50.9825870943795
9710	-51.4845045283455
9711	-52.0003455584952
9712	-52.5261207293002
9713	-53.0584746250504
9714	-53.5946132526181
9715	-54.1322605473932
9716	-54.6696261756159
9717	-55.2053744090603
9718	-55.7385884803893
9719	-56.2687267200444
9720	-56.7955703935037
9721	-57.3191653857782
9722	-57.8397601967085
9723	-58.3577436770012
9724	-58.8702153681455
9725	-59.3785215366387
9726	-59.8833958094298
9727	-60.3795635287291
9728	-60.8597782344958
9729	-61.3171732252204
9730	-61.7476483381167
9731	-62.1451978467598
9732	-62.5151650202589
9733	-62.8621667547908
9734	-63.1630999606184
9735	-63.3713907044412
9736	-63.4495191115778
9737	-63.3968644627431
9738	-63.2346749762357
9739	-62.9818920255972
9740	-62.6512744861554
9741	-62.2506090906713
9742	-61.7836342536919
9743	-61.251976412819
9744	-60.6561399375312
9745	-59.9979348414321
9746	-59.2813074132068
9747	-58.5076985788924
9748	-57.6774219525828
9749	-56.7957153601538
9750	-55.875342470798
9751	-54.9318307490048
9752	-53.9750859250955
9753	-53.0074398070262
9754	-52.0329909007221
9755	-51.0623521513773
9756	-50.1044704924635
9757	-49.1648348225415
9758	-48.2520285566011
9759	-47.3753476383996
9760	-46.5385617954528
9761	-45.7414288275095
9762	-44.97590082745
9763	-44.2311708665288
9764	-43.5025947543126
9765	-42.7890104345982
9766	-42.0890613256999
9767	-41.401284316098
9768	-40.724170580779
9769	-40.0562114586215
9770	-39.3959336263583
9771	-38.7419256981107
9772	-38.0928576031113
9773	-37.4483218624635
9774	-36.8117660184289
9775	-36.1880766639341
9776	-35.586840724188
9777	-35.0133185606484
9778	-34.4640276309758
9779	-33.9360554999996
9780	-33.4270553736512
9781	-32.9345954842421
9782	-32.4557720120323
9783	-31.9868516230873
9784	-31.5148937218797
9785	-31.0410950774176
9786	-30.5689770319961
9787	-30.0935478094265
9788	-29.608223872849
9789	-29.0942605728334
9790	-28.5611337770129
9791	-28.00987585934
9792	-27.4261338218291
9793	-26.8251639827162
9794	-26.2143813071305
9795	-25.5855736468665
9796	-24.9367538370613
9797	-24.2719436741348
9798	-23.5943304085712
9799	-22.90640842881
9800	-22.2101074883447
9801	-21.506902235013
9802	-20.7980129751734
9803	-20.0844619862598
9804	-19.3695854392035
9805	-18.6628023571837
9806	-17.9652022067206
9807	-17.2737561240563
9808	-16.5913476934334
9809	-15.9236222241055
9810	-15.2723348986723
9811	-14.6356641512338
9812	-14.0080870995531
9813	-13.3800745663739
9814	-12.7572225323776
9815	-12.1549224119976
9816	-11.5775880788152
9817	-11.0411954454479
9818	-10.5385448919049
9819	-10.0382627788447
9820	-9.5122808915388
9821	-8.94833187341529
9822	-8.37864996411798
9823	-7.83045684208007
9824	-7.29802488515958
9825	-6.75051844970443
9826	-6.16666776963962
9827	-5.55112746766646
9828	-4.91328121526178
9829	-4.27877292959302
9830	-3.6689462629455
9831	-3.08559426190074
9832	-2.52538719239206
9833	-1.98418254359706
9834	-1.45760373149124
9835	-0.941459729566797
9836	-0.432003901401334
9837	0.0759407821148684
9838	0.591388187556879
9839	1.11935259393846
9840	1.65840837402303
9841	2.2009255615322
9842	2.74776345896055
9843	3.30259076315595
9844	3.85807350756335
9845	4.41040190734015
9846	4.96609994982519
9847	5.52689798335028
9848	6.08770558328453
9849	6.64802754079119
9850	7.21136910528918
9851	7.77932639354662
9852	8.35677431504991
9853	8.94318422575972
9854	9.52659422173814
9855	10.1004251789219
9856	10.6706345540988
9857	11.2563618364293
9858	11.8669886663526
9859	12.4998882464775
9860	13.1525188919916
9861	13.7994668387399
9862	14.4208841030426
9863	15.0204092518136
9864	15.6014816573819
9865	16.1749492801437
9866	16.7472406220259
9867	17.3201123961493
9868	17.8990396322269
9869	18.4872897362877
9870	19.0867306466164
9871	19.6905502362885
9872	20.2854345713032
9873	20.8659188783245
9874	21.4343181972576
9875	21.9932702232376
9876	22.5534102165481
9877	23.1296154982529
9878	23.7230687030437
9879	24.3194797973633
9880	24.9059861110339
9881	25.4808375267872
9882	26.046469907208
9883	26.6051559782954
9884	27.1589540981657
9885	27.709671842072
9886	28.2588514150435
9887	28.8077730036606
9888	29.3574702374058
9889	29.9087525127815
9890	30.4622310918888
9891	31.0183468888364
9892	31.5773980008733
9893	32.1395655988333
9894	32.7049375343261
9895	33.273530342358
9896	33.8453089636763
9897	34.4215049957487
9898	35.0074604528158
9899	35.6128638355789
9900	36.2445559252712
9901	36.8978433883129
9902	37.5653108898907
9903	38.2416716094006
9904	38.9227477494821
9905	39.6047834805838
9906	40.284486677374
9907	40.9591529386706
9908	41.6243747492851
9909	42.2765561433717
9910	42.916814441449
9911	43.5426456144782
9912	44.1554037644415
9913	44.7626952016359
9914	45.36538020424
9915	45.9614604530156
9916	46.5522753528248
9917	47.1375719499218
9918	47.7141623610382
9919	48.2830393198918
9920	48.8450855477371
9921	49.3991721883341
9922	49.9476434034275
9923	50.4821665447232
9924	50.9958136648523
9925	51.4965404623456
9926	51.994020451418
9927	52.4952006517311
9928	52.9977423209406
9929	53.4936008331102
9930	53.9758810943919
9931	54.4362130561499
9932	54.8702732184736
9933	55.276606156546
9934	55.663635285045
9935	56.0417939070478
9936	56.4073698020157
9937	56.7601770153537
9938	57.0931802804634
9939	57.3998883004178
9940	57.6870130012007
9941	57.9538650999022
9942	58.1877660915038
9943	58.3757247727143
9944	58.5123953830026
9945	58.5988758427196
9946	58.6539471299401
9947	58.6944808575279
9948	58.7353412741396
9949	58.7690994650923
9950	58.7751060277598
9951	58.7434080891973
9952	58.6658489611067
9953	58.5504259680235
9954	58.4106108924672
9955	58.2497190991196
9956	58.0736899482238
9957	57.8900794250422
9958	57.6976203183359
9959	57.4944730762762
9960	57.2709300465684
9961	57.0217268972715
9962	56.7460706510601
9963	56.4374077644137
9964	56.1019160608642
9965	55.7450848372895
9966	55.3627249123613
9967	54.9556683683655
9968	54.5250517023661
9969	54.0698649041039
9970	53.578699530388
9971	53.0681845837657
9972	52.5716677507888
9973	52.0869607229896
9974	51.6074902767994
9975	51.1344554668117
9976	50.6695352999955
9977	50.215511985947
9978	49.7681315824083
9979	49.3236088815527
9980	48.8866261823858
9981	48.463825934746
9982	48.0591770854733
9983	47.6701202078943
9984	47.2970064390786
9985	46.9439151724356
9986	46.6104550923976
9987	46.2965431120782
9988	45.9979607962331
9989	45.7073622990839
9990	45.420917839771
9991	45.131817594959
9992	44.8230390844626
9993	44.4970428318514
9994	44.1580888554658
9995	43.7978003693166
9996	43.4311539127164
9997	43.0722617888784
9998	42.7180105192917
9999	42.3724500723464
10000	42.0489421032921
10001	41.7607589500245
10002	41.5142364758224
10003	41.3020877060637
10004	41.1069097953792
10005	40.9103540477574
10006	40.7075143084279
10007	40.5008657981529
10008	40.2900430310961
10009	40.0803797697873
10010	39.875750815619
10011	39.6736481986218
10012	39.4684960179438
10013	39.2545504495454
10014	39.0315110121651
10015	38.8025471111257
10016	38.577255409991
10017	38.3621017287887
10018	38.1549549691195
10019	37.9420393265387
10020	37.704193360313
10021	37.439267917703
10022	37.1539503922845
10023	36.8601744215759
10024	36.5629870199767
10025	36.2655688645999
10026	35.9575280928087
10027	35.6197056228577
10028	35.2610791240164
10029	34.8977079673376
10030	34.5275030196961
10031	34.1483643484203
10032	33.7738260486886
10033	33.4043645343888
10034	33.0420883521259
10035	32.6728878443988
10036	32.285558592411
10037	31.8700839515883
10038	31.4157318926727
10039	30.9324916489444
10040	30.4320415183576
10041	29.9359380476616
10042	29.4624444474075
10043	29.0164420586155
10044	28.6113251140149
10045	28.2551928153135
10046	27.9351923328158
10047	27.6344950857233
10048	27.3470127888996
10049	27.0695494899113
10050	26.7917415879777
10051	26.508694051265
10052	26.2219721714747
10053	25.9376476318645
10054	25.6590109808246
10055	25.3836217918721
10056	25.1107529198476
10057	24.8504039488197
10058	24.6062489886534
10059	24.3623461782855
10060	24.090209203978
10061	23.7798869682965
10062	23.4759302890243
10063	23.2148893016731
10064	23.0258241834592
10065	22.9257898008924
10066	22.8892365680157
10067	22.9089944532684
10068	22.9914340603389
10069	23.1272850674132
10070	23.326243120868
10071	23.6174003351357
10072	24.0086184762593
10073	24.4928906607669
10074	25.0659055917282
10075	25.7234683467428
10076	26.458609922557
10077	27.2622057417341
10078	28.1244066355434
10079	29.0320893832607
10080	29.9809708806982
10081	30.968037909121
10082	31.9805603720555
10083	33.0057738519092
10084	34.0317184769332
10085	35.0476758839081
10086	36.0445549758263
10087	37.0152133328546
10088	37.9547034748808
10089	38.8603315740366
10090	39.7313260085532
10091	40.5662901166259
10092	41.3669221988405
10093	42.1381807010521
10094	42.8829636267585
10095	43.6023379288678
10096	44.2995499075919
10097	44.970655295812
10098	45.6045963316609
10099	46.1975622669643
10100	46.7393360992644
10101	47.2209156198492
10102	47.6378463368381
10103	47.9855398324122
10104	48.2625242818309
10105	48.4619460682823
10106	48.5783681556513
10107	48.5944226126848
10108	48.5100144350927
10109	48.3280422123641
10110	48.0459961976174
10111	47.6875021550906
10112	47.2639120048904
10113	46.7720872850343
10114	46.2099536688772
10115	45.5794706415881
10116	44.884909804271
10117	44.1318686653841
10118	43.3279804710162
10119	42.4819621336863
10120	41.6032746721404
10121	40.7017022081621
10122	39.7869286829914
10123	38.8681617679801
10124	37.9538286462162
10125	37.0513503724488
10126	36.1669884500677
10127	35.3057502979978
10128	34.4713408490846
10129	33.6655504505856
10130	32.8875936062841
10131	32.1360427059201
10132	31.410005826905
10133	30.7063694664209
10134	30.0218073222853
10135	29.3550888000371
10136	28.7048169828969
10137	28.0746312425782
10138	27.4660745429881
10139	26.8696549210914
10140	26.2782780738025
10141	25.6985184229768
10142	25.1381558767828
10143	24.6060501112637
10144	24.1086634179308
10145	23.6515235461794
10146	23.2433183909224
10147	22.8887132677002
10148	22.5846129299013
10149	22.3181556500137
10150	22.072933756124
10151	21.8307860667998
10152	21.574115155746
10153	21.2934879522506
10154	20.9853175957173
10155	20.6452842566283
10156	20.2657564251703
10157	19.8390337079184
10158	19.366057538369
10159	18.8536279424873
10160	18.3118420625782
10161	17.7504693389218
10162	17.17615341232
10163	16.6010586432754
10164	16.0292524770205
10165	15.4587014985231
10166	14.8901904578843
10167	14.3195663319426
10168	13.7448522603327
10169	13.1674581778628
10170	12.5877275267466
10171	12.0099817070995
10172	11.4495712418023
10173	10.9101919195869
10174	10.4003515150707
10175	9.93159548523333
10176	9.49495605498328
10177	9.08992441964075
10178	8.71610602002688
10179	8.3570152510147
10180	8.01072165887676
10181	7.68892956429962
10182	7.39291298320732
10183	7.11656557964347
10184	6.85773712546187
10185	6.6187722899754
10186	6.40088291746447
10187	6.20079872796536
10188	6.00404615094888
10189	5.82223076243154
10190	5.67859816195027
10191	5.57884786599325
10192	5.52644030706566
10193	5.53199427788853
10194	5.60113600354188
10195	5.71816619850203
10196	5.86294521288004
10197	6.04144223273825
10198	6.27075426773261
10199	6.53688313146846
10200	6.79663192335974
10201	6.98547137082411
10202	7.11660716635377
10203	7.18638520102479
10204	7.19295643992561
10205	7.14980761220635
10206	7.05330987466065
10207	6.95339881575729
10208	6.86490151449162
10209	6.7725912664015
10210	6.67078561066946
10211	6.53641903421048
10212	6.39655019943222
10213	6.26563525286709
10214	6.11214247277729
10215	5.89803936914976
10216	5.5885583912479
10217	5.17542650100686
10218	4.65848010258565
10219	4.05827934765006
10220	3.3935911722638
10221	2.68090673570021
10222	1.93417553712558
10223	1.16477095515406
10224	0.381660802269163
10225	-0.407563935012074
10226	-1.19581346999805
10227	-1.97855010169078
10228	-2.75076876913755
10229	-3.50341630038826
10230	-4.19281389672883
10231	-4.73225088560256
10232	-5.08938165886
10233	-5.3495113725663
10234	-5.54461744078772
10235	-5.6252577431526
10236	-5.57611017518929
10237	-5.38970484663762
10238	-5.06940421265349
10239	-4.63511663640316
10240	-4.10085982246612
10241	-3.4736471902266
10242	-2.75717056785826
10243	-1.9560598056009
10244	-1.07773174994849
10245	-0.132662480855153
10246	0.866105031435894
10247	1.90382361260719
10248	2.96502760316012
10249	4.03448259615472
10250	5.09800836676796
10251	6.14313565912761
10252	7.15959496600614
10253	8.13965384585449
10254	9.07523497011631
10255	9.96730954226635
10256	10.8128519847727
10257	11.5995506383584
10258	12.3199156832151
10259	12.9523019865957
10260	13.4547191200272
10261	13.7868667064709
10262	14.0056140133985
10263	14.1260257350618
10264	14.1568305729582
10265	14.1782353305033
10266	14.2005349990772
10267	14.2070981584106
10268	14.2173186864235
10269	14.2000106105341
10270	14.077148987835
10271	13.8272012645369
10272	13.4605039932511
10273	12.9853614299198
10274	12.4098356876536
10275	11.7389552982645
10276	10.9786240837443
10277	10.136589578357
10278	9.22255680214059
10279	8.24750154837144
10280	7.22371697618964
10281	6.16479122700094
10282	5.0848661493323
10283	3.99815135187321
10284	2.91481416783636
10285	1.84788198716155
10286	0.815676353608993
10287	-0.170600883692743
10288	-1.11061516075788
10289	-2.01579356684633
10290	-2.89436063516172
10291	-3.74547196407776
10292	-4.55833389553745
10293	-5.32651922817265
10294	-6.05872250130207
10295	-6.77132473447728
10296	-7.47517726685378
10297	-8.17194641633951
10298	-8.86297254387917
10299	-9.54936980292164
10300	-10.2321328659432
10301	-10.9081683909157
10302	-11.5682471204069
10303	-12.2087324582423
10304	-12.8448978967606
10305	-13.4910735234974
10306	-14.1479170613591
10307	-14.8132797607041
10308	-15.4854965810201
10309	-16.1633220250507
10310	-16.845852819986
10311	-17.5300108153746
10312	-18.2158452681907
10313	-18.9047434697604
10314	-19.5866700908932
10315	-20.2558404435737
10316	-20.9166870881015
10317	-21.5610891445648
10318	-22.1765881500037
10319	-22.7642638273619
10320	-23.3341912076053
10321	-23.9000898765289
10322	-24.4515730926848
10323	-24.9685671443718
10324	-25.453730631473
10325	-25.9227188987943
10326	-26.3901726363997
10327	-26.8552501616638
10328	-27.3087224098941
10329	-27.7396812437665
10330	-28.0569064342501
10331	-28.2324150345919
10332	-28.3471332302122
10333	-28.4359957436707
10334	-28.5311039952268
10335	-28.6623849358729
10336	-28.8358675032977
10337	-29.04620766249
10338	-29.295026564051
10339	-29.6216314071832
10340	-30.048934122089
10341	-30.559769824103
10342	-31.1316553099943
10343	-31.747841574065
10344	-32.3942301381719
10345	-33.0563351300928
10346	-33.7225033248477
10347	-34.3846885599568
10348	-35.0390268275692
10349	-35.6859341118655
10350	-36.3263026591861
10351	-36.9584571444298
10352	-37.578344574964
10353	-38.1837015595761
10354	-38.7764661074978
10355	-39.3589412654707
10356	-39.9346884325437
10357	-40.5080927109728
10358	-41.0830556770085
10359	-41.659555472938
10360	-42.2365852385627
10361	-42.8152741002401
10362	-43.3940439129548
10363	-43.9700168032178
10364	-44.5442962804097
10365	-45.1214358092012
10366	-45.698709369423
10367	-46.2556784611961
10368	-46.7540891280787
10369	-47.1570065787274
10370	-47.4515028085424
10371	-47.6313402875304
10372	-47.710308637767
10373	-47.7230891499861
10374	-47.7135823710305
10375	-47.7414522259814
10376	-47.8528639636417
10377	-48.0710522013056
10378	-48.3928491735281
10379	-48.7990335670602
10380	-49.2731646255642
10381	-49.8009927672333
10382	-50.3698226889982
10383	-50.9661679550623
10384	-51.5779254774078
10385	-52.1950987675605
10386	-52.7651324446145
10387	-53.2594689983757
10388	-53.7047441623599
10389	-54.1247664204823
10390	-54.5350954202992
10391	-54.9459846022143
10392	-55.364411460638
10393	-55.7955954868424
10394	-56.2308002580099
10395	-56.6102838905919
10396	-56.8636262667314
10397	-56.9765220737721
10398	-56.9698019844068
10399	-56.889533909976
10400	-56.7726773137607
10401	-56.6510045511357
10402	-56.5732121467968
10403	-56.5748256481167
10404	-56.6698063353083
10405	-56.8370807027789
10406	-57.0106652711681
10407	-57.0983835771307
10408	-57.0548448402361
10409	-56.8864614890281
10410	-56.6058662742267
10411	-56.2239286382232
10412	-55.7624752017974
10413	-55.243346878787
10414	-54.6935471535917
10415	-54.1601865261818
10416	-53.6664871226077
10417	-53.2093965928611
10418	-52.7807570176374
10419	-52.3771880434251
10420	-52.0107803896933
10421	-51.680251254623
10422	-51.3644494702689
10423	-51.0546796537526
10424	-50.7665231083728
10425	-50.5165881604215
10426	-50.3055788719887
10427	-50.125404689423
10428	-49.9622769635145
10429	-49.802597097919
10430	-49.6463472095843
10431	-49.4886607012738
10432	-49.2991498798978
10433	-49.0282791694475
10434	-48.6401977943506
10435	-48.1403074408114
10436	-47.577409814637
10437	-46.9992078471602
10438	-46.3851014054733
10439	-45.7206609397465
10440	-45.0660497048896
10441	-44.4736356271958
10442	-43.9431242639348
10443	-43.4599073439781
10444	-43.0165807777022
10445	-42.6284552238428
10446	-42.3201945543807
10447	-42.0962903857847
10448	-41.9394159980482
10449	-41.8234690147949
10450	-41.6890933648054
10451	-41.4532023779372
10452	-41.0875117082608
10453	-40.6139859086781
10454	-40.0599681330048
10455	-39.4493473722341
10456	-38.8016995764716
10457	-38.1319910535742
10458	-37.4508312321193
10459	-36.765123181357
10460	-36.0789125323664
10461	-35.3942535918723
10462	-34.7119661231433
10463	-34.0322198253944
10464	-33.3549348775552
10465	-32.6800218601786
10466	-32.0074971378659
10467	-31.3375116070507
10468	-30.6703273660719
10469	-30.0062634873892
10470	-29.3456318560945
10471	-28.6886760333082
10472	-28.0367005215096
10473	-27.3912676414252
10474	-26.7503027481655
10475	-26.1115000042561
10476	-25.4744938560219
10477	-24.839868100836
10478	-24.2066499083621
10479	-23.5767649694155
10480	-22.9527949105049
10481	-22.3345308110791
10482	-21.7220011888618
10483	-21.1171723350992
10484	-20.522322649691
10485	-19.9308908053422
10486	-19.3399263942085
10487	-18.7451050499015
10488	-18.1434433014175
10489	-17.5484715404337
10490	-16.9625730031771
10491	-16.3849148570282
10492	-15.8202970108429
10493	-15.2688280263905
10494	-14.7254443973462
10495	-14.1825792840794
10496	-13.6389695744651
10497	-13.0954364824468
10498	-12.5502494921836
10499	-11.9982976958834
10500	-11.437764886692
10501	-10.8745652216374
10502	-10.3121846189021
10503	-9.75570006319625
10504	-9.2011109592094
10505	-8.65061538983255
10506	-8.11575306714875
10507	-7.59636513461281
10508	-7.10003986953939
10509	-6.621961781604
10510	-6.13393435292471
10511	-5.68882460557487
10512	-5.27989229862247
10513	-4.84753466335799
10514	-4.39376497809459
10515	-3.9148436316351
10516	-3.399924365621
10517	-2.86046507988266
10518	-2.30821388186168
10519	-1.72436889789098
10520	-1.10238379085924
10521	-0.456016755586461
10522	0.18733977981863
10523	0.80660168260537
10524	1.40207844043767
10525	1.97695893935511
10526	2.51816635914921
10527	3.04541769716337
10528	3.57602183429637
10529	4.08442808823185
10530	4.52955898651914
10531	4.87693701307174
10532	5.13419558041422
10533	5.32008867208962
10534	5.43804049325599
10535	5.50614365228703
10536	5.53066642947173
10537	5.50759324523092
10538	5.4436308177817
10539	5.3827872140527
10540	5.32147460211409
10541	5.2006458343644
10542	5.04730734011465
10543	4.86966909361302
10544	4.65189440852611
10545	4.40891851188398
10546	4.14097769060697
10547	3.84761830761823
10548	3.52320247201331
10549	3.2083021510406
10550	2.9543249834892
10551	2.75824739930496
10552	2.65726772198556
10553	2.66249396837514
10554	2.75519953315794
10555	2.94855999831774
10556	3.21888293275968
10557	3.5858836864502
10558	4.07736714556779
10559	4.67060585157659
10560	5.34714328189419
10561	6.09387087500922
10562	6.89496474079383
10563	7.71778177567785
10564	8.53331080907464
10565	9.33099351135991
10566	10.1039241969975
10567	10.8485484663517
10568	11.5640828192934
10569	12.2518323361238
10570	12.9145178102267
10571	13.5556783724274
10572	14.179182528137
10573	14.7888568027484
10574	15.3882282715836
10575	15.9803667262118
10576	16.5678065405255
10577	17.1525303208235
10578	17.7359984902236
10579	18.3192080239808
10580	18.9027673810086
10581	19.487304455933
10582	20.0747297451537
10583	20.673097024022
10584	21.288697767925
10585	21.9126594772962
10586	22.530648598898
10587	23.1384596335566
10588	23.7379597182915
10589	24.330830499835
10590	24.9186084763994
10591	25.50270711038
10592	26.0844257966241
10593	26.6649485914487
10594	27.2453387128196
10595	27.8265324453458
10596	28.409869290776
10597	28.9969447207555
10598	29.5921895855394
10599	30.2030590823919
10600	30.835450180325
10601	31.4896616173676
10602	32.1644920512758
10603	32.8564195492308
10604	33.5591122439587
10605	34.2674183617592
10606	34.9655177752942
10607	35.6365019137791
10608	36.2812701024897
10609	36.9240173438007
10610	37.5793211104124
10611	38.2415942787567
10612	38.9047001756741
10613	39.5546180730383
10614	40.1792190584077
10615	40.7666856591263
10616	41.2855751305751
10617	41.7087908590188
10618	42.0486409759656
10619	42.3143510338247
10620	42.5278962618467
10621	42.7303256815117
10622	42.9189092300093
10623	43.0740234890237
10624	43.173227716816
10625	43.2209345251331
10626	43.2495710507726
10627	43.2721647001612
10628	43.2864867662341
10629	43.2969263112674
10630	43.3036682302305
10631	43.2907019215732
10632	43.2482238123236
10633	43.1871938918868
10634	43.1340289293966
10635	43.1018750425565
10636	43.0878561755846
10637	43.0848039720627
10638	43.0737960311735
10639	43.044567342067
10640	42.9924407557978
10641	42.9263991128057
10642	42.8594134646521
10643	42.7883177832796
10644	42.7077355548954
10645	42.6109424173463
10646	42.5043401345586
10647	42.3976895163633
10648	42.3006426389948
10649	42.2083540962956
10650	42.1099881781133
10651	42.0158846245564
10652	41.941100366957
10653	41.8929250564019
10654	41.8640058128202
10655	41.8379646436812
10656	41.8158480461942
10657	41.7970044929771
10658	41.7825899963928
10659	41.7803740028316
10660	41.7821454273009
10661	41.7739684023596
10662	41.7466601913738
10663	41.6961954771462
10664	41.6180893961499
10665	41.5153296283387
10666	41.3952043527056
10667	41.2595512313243
10668	41.0974656866845
10669	40.8991320934775
10670	40.6702391759105
10671	40.4167417836283
10672	40.1276649644641
10673	39.8021281496381
10674	39.4429220162594
10675	39.0584722380004
10676	38.6452111231539
10677	38.1837585748816
10678	37.66753517956
10679	37.1159026202857
10680	36.5385022698433
10681	35.9440940855922
10682	35.3663620179707
10683	34.8164581875968
10684	34.2716664092963
10685	33.698311230861
10686	33.0852661428666
10687	32.4529474123219
10688	31.82091162058
10689	31.1926481873641
10690	30.5715126075248
10691	29.9589246530658
10692	29.352930259366
10693	28.7616956337916
10694	28.2187687984499
10695	27.7584628400165
10696	27.3483538082463
10697	26.971129323905
10698	26.6258930729321
10699	26.280695057413
10700	25.9413385078504
10701	25.6255099152179
10702	25.3407297802929
10703	25.0958915651511
10704	24.897887047536
10705	24.7445498571739
10706	24.6358250907671
10707	24.5746449102515
10708	24.55728715018
10709	24.5762344664949
10710	24.6345428991321
10711	24.7389325650522
10712	24.8784288170116
10713	25.0327316210399
10714	25.1894435780264
10715	25.3423247190005
10716	25.4869340192445
10717	25.6287336605061
10718	25.7703311382897
10719	25.9115835431861
10720	26.0582726009753
10721	26.2033672809054
10722	26.3214490765229
10723	26.4005793332866
10724	26.420211661609
10725	26.3262793233539
10726	26.0926372589022
10727	25.7334496378403
10728	25.2696409259262
10729	24.7219084683089
10730	24.1100510234379
10731	23.4523133312811
10732	22.7648520746441
10733	22.0613754448517
10734	21.3529711340622
10735	20.6481125926829
10736	19.9528173313537
10737	19.2709198255023
10738	18.6044178165293
10739	17.9538503927373
10740	17.318672378507
10741	16.6975988276157
10742	16.0889010654601
10743	15.4906467845968
10744	14.9008831414985
10745	14.3171774367845
10746	13.737158131284
10747	13.159047229311
10748	12.5808932284257
10749	11.9998725663526
10750	11.4146962364368
10751	10.8265583058245
10752	10.2364701585245
10753	9.6448826079997
10754	9.051834992098
10755	8.45717734683182
10756	7.8607163838693
10757	7.26405574869995
10758	6.67163759528041
10759	6.08588914457966
10760	5.50605265893078
10761	4.92722794305054
10762	4.34220850378354
10763	3.74922175506706
10764	3.14950871110214
10765	2.54752575553817
10766	1.94860777629806
10767	1.35264932311277
10768	0.771009766903576
10769	0.219837357120116
10770	-0.324239961106601
10771	-0.858873103958559
10772	-1.34916790179684
10773	-1.78367642235006
10774	-2.19391986135207
10775	-2.5921345360861
10776	-2.99334962078807
10777	-3.44092239937593
10778	-3.94333233566181
10779	-4.48988765752383
10780	-5.06924733938434
10781	-5.67285403610246
10782	-6.29444440051695
10783	-6.92908361147865
10784	-7.57321010556462
10785	-8.22365446209095
10786	-8.87663211797852
10787	-9.53275234981838
10788	-10.1933631026968
10789	-10.8555381306263
10790	-11.5096423154625
10791	-12.1431556262895
10792	-12.7600529674472
10793	-13.3491093202578
10794	-13.8828149665987
10795	-14.3326090390856
10796	-14.6963742855942
10797	-15.0032494062697
10798	-15.2725976032227
10799	-15.5422288326866
10800	-15.8377306708399
10801	-16.1698869406949
10802	-16.5608327853902
10803	-17.0135586876443
10804	-17.5069164499689
10805	-18.0331650923909
10806	-18.6104901519921
10807	-19.2414296197412
10808	-19.9133549895777
10809	-20.6023982249141
10810	-21.2976889639036
10811	-22.0126564898838
10812	-22.7524056949409
10813	-23.5088739878628
10814	-24.2624414775788
10815	-24.9690280007553
10816	-25.5237417688832
10817	-25.8265540253923
10818	-25.9301464381696
10819	-25.8639536103449
10820	-25.6320126833759
10821	-25.3391948679955
10822	-25.0852658400771
10823	-24.916956179555
10824	-24.8438360653028
10825	-24.8504759935343
10826	-24.8921243901192
10827	-24.9012774031604
10828	-24.8577663151847
10829	-24.7868367693452
10830	-24.6578834785582
10831	-24.4069100836716
10832	-24.0152796751492
10833	-23.5446967667031
10834	-23.0697820023929
10835	-22.585689327557
10836	-22.0867774676818
10837	-21.5720159619621
10838	-21.0039481430642
10839	-20.3740370781712
10840	-19.7144159181573
10841	-19.0641616421509
10842	-18.4871717544842
10843	-18.0096543771428
10844	-17.5958529083168
10845	-17.2043492111294
10846	-16.8745809803233
10847	-16.6580356205686
10848	-16.5179883763269
10849	-16.42962741149
10850	-16.358784865756
10851	-16.2134546976035
10852	-15.9342702475582
10853	-15.5506672570082
10854	-15.1308515449458
10855	-14.7274018874865
10856	-14.2997078233906
10857	-13.7857310981947
10858	-13.1889961984721
10859	-12.5252175253937
10860	-11.8100985424705
10861	-11.066992799038
10862	-10.3065292589638
10863	-9.534142203262
10864	-8.76444521744514
10865	-8.01284627809314
10866	-7.28828296131925
10867	-6.58469673135871
10868	-5.90419453521918
10869	-5.25316413253885
10870	-4.62089620922714
10871	-3.98008853648896
10872	-3.3235522828922
10873	-2.65289049225714
10874	-1.98646879248454
10875	-1.40115211478997
10876	-0.959624685368949
10877	-0.603071915196739
10878	-0.265712377860217
10879	0.0523001139744003
10880	0.374179191849822
10881	0.724382147701168
10882	1.11254460244274
10883	1.54960357297788
10884	2.04572502565988
10885	2.59437256194612
10886	3.13573965505955
10887	3.60507158107088
10888	3.97491433596486
10889	4.26955779453451
10890	4.55571083428448
10891	4.8839516015246
10892	5.2645557816426
10893	5.65861822191573
10894	6.03426994316424
10895	6.38418169562969
10896	6.71469765120304
10897	7.0389188322106
10898	7.35559514395284
10899	7.66622815053381
10900	7.97319990711975
10901	8.27932700274346
10902	8.58885978667829
10903	8.90309705769204
10904	9.22613653793384
10905	9.55526449174316
10906	9.87671686784766
10907	10.189843492915
10908	10.5031997815764
10909	10.8227659562575
10910	11.1573249430915
10911	11.5096167556447
10912	11.874177976466
10913	12.2493135315089
10914	12.6306763208498
10915	13.0076595120621
10916	13.3660764827977
10917	13.6919736029739
10918	13.9589838243761
10919	14.2288420046912
10920	14.4983588065326
10921	14.7231491873904
10922	14.8991798622603
10923	14.9697755732734
10924	14.8797639893138
10925	14.6453582006199
10926	14.3715398242671
10927	14.1430429337947
10928	13.9940647607411
10929	13.942859651507
10930	13.9423298348398
10931	13.9849385287588
10932	14.1350729422367
10933	14.39060264023
10934	14.7381681153776
10935	15.1889400382352
10936	15.6843991007674
10937	16.207827011198
10938	16.7711073007092
10939	17.3723638157688
10940	18.0213127358418
10941	18.7001345948147
10942	19.3851132270118
10943	20.0705863597601
10944	20.7641776177463
10945	21.467905813289
10946	22.180353970815
10947	22.9072059815698
10948	23.6522320045486
10949	24.4085410857036
10950	25.1697330480304
10951	25.9301227829282
10952	26.6636555777021
10953	27.3397961832701
10954	27.9793388463102
10955	28.6161177581954
10956	29.2491744545957
10957	29.8738304062106
10958	30.4952620730831
10959	31.1083921513202
10960	31.7122172836159
10961	32.3062085912341
10962	32.8809793543573
10963	33.4339867892119
10964	33.9697688966993
10965	34.4890706767858
10966	34.9854228967568
10967	35.4598427362512
10968	35.9176132717488
10969	36.3569117420433
10970	36.7790524781679
10971	37.1850311391502
10972	37.5713865594551
10973	37.9428257053209
10974	38.301444388471
10975	38.6482720234129
10976	38.9874724482316
10977	39.3211716841182
10978	39.6475601552439
10979	39.9592323603837
10980	40.2567745725847
10981	40.5448003693039
10982	40.8261972270442
10983	41.102091158907
10984	41.3637465697371
10985	41.6058120986622
10986	41.8266730377435
10987	42.0233749541329
10988	42.1960934260614
10989	42.3508686046184
10990	42.489634803027
10991	42.6181884892639
10992	42.7321749627428
10993	42.8105253560298
10994	42.8405344375561
10995	42.8211433196835
10996	42.739028609519
10997	42.5911725017046
10998	42.4007110973016
10999	42.1819079068423
11000	41.9404530472485
11001	41.7065372352629
11002	41.5161890401698
11003	41.3887200387756
11004	41.3388898298667
11005	41.3737866605217
11006	41.4800818449176
11007	41.6323319093856
11008	41.8346829228261
11009	42.0930095273602
11010	42.3859112086144
11011	42.7068522483108
11012	43.0585855294136
11013	43.427186120431
11014	43.7996779662845
11015	44.1735973218925
11016	44.5462646407203
11017	44.9049462644744
11018	45.2409878104591
11019	45.5478281859934
11020	45.8278857252981
11021	46.0925174059264
11022	46.3437657239543
11023	46.5723842417779
11024	46.7744529336698
11025	46.9578233583737
11026	47.1227161962129
11027	47.2668030128513
11028	47.395226109327
11029	47.5145020287688
11030	47.6200112419131
11031	47.7004215970658
11032	47.7334706104175
11033	47.6892575738316
11034	47.5492243054168
11035	47.3146923615552
11036	46.9969779195473
11037	46.6037738862937
11038	46.139906268136
11039	45.6090115021684
11040	45.0148479250567
11041	44.3618468916959
11042	43.6553030815835
11043	42.9013757103568
11044	42.1069773863085
11045	41.2795965106138
11046	40.4270822301549
11047	39.5574116244738
11048	38.6784519597614
11049	37.7977271554815
11050	36.9221926851149
11051	36.0580229765623
11052	35.2104163345737
11053	34.38342222451
11054	33.5798015175747
11055	32.8009848906615
11056	32.0472407549486
11057	31.3179229005222
11058	30.6117053595185
11059	29.9267916208284
11060	29.2610919261669
11061	28.6123670524338
11062	27.9783401485146
11063	27.3567801047099
11064	26.7455606598577
11065	26.1426995429921
11066	25.5463816692607
11067	24.9549699121334
11068	24.3670064319704
11069	23.7812070342035
11070	23.1964505910116
11071	22.6117651924533
11072	22.0263123865743
11073	21.4393706086684
11074	20.8503186743756
11075	20.2586200100068
11076	19.6638081109326
11077	19.0654735532183
11078	18.4632527356948
11079	17.85681840146
11080	17.2458718818647
11081	16.6301369242156
11082	16.009354907426
11083	15.3832812169409
11084	14.7516825392944
11085	14.1143348442773
11086	13.4710218447281
11087	12.8215337558786
11088	12.1656662134873
11089	11.5032192486435
11090	10.8339962537384
11091	10.1578029061982
11092	9.47444604254007
11093	8.78373249440927
11094	8.0854679105009
11095	7.37952388983325
11096	6.66623499978779
11097	5.9456455158413
11098	5.21778490828653
11099	4.48655998349991
11100	3.75571512295917
11101	3.03366087057257
11102	2.33387087292407
11103	1.68726089130056
11104	1.17726344667475
11105	0.81139005858097
11106	0.471634212161697
11107	0.0809302556546081
11108	-0.372424416622506
11109	-0.886516600445388
11110	-1.44445411481809
11111	-2.0245535324896
11112	-2.61545941830425
11113	-3.21797870614286
11114	-3.82933831513942
11115	-4.4416921696448
11116	-5.05297069049346
11117	-5.66860191218149
11118	-6.29189860849164
11119	-6.91472365599455
11120	-7.52845494622336
11121	-8.13381458705171
11122	-8.73180679389831
11123	-9.32316348107614
11124	-9.91447176272213
11125	-10.5135195450063
11126	-11.1167660696337
11127	-11.7159704278813
11128	-12.3090061971297
11129	-12.8968931865971
11130	-13.4807641924978
11131	-14.0617174708775
11132	-14.6407299823363
11133	-15.2186165604967
11134	-15.7970363978665
11135	-16.3782514964375
11136	-16.9620542605184
11137	-17.5499395998478
11138	-18.1433678259155
11139	-18.7385648678982
11140	-19.3325133117932
11141	-19.9270657533316
11142	-20.5242118778206
11143	-21.1237221396927
11144	-21.7238164999432
11145	-22.3226436399301
11146	-22.9225752080657
11147	-23.5272574184091
11148	-24.1390554647747
11149	-24.760558658416
11150	-25.3641677044761
11151	-25.8814199924566
11152	-26.3008763477163
11153	-26.6784427801087
11154	-27.0294346491987
11155	-27.3779507459682
11156	-27.7609463492909
11157	-28.1965265471177
11158	-28.695260640261
11159	-29.2459538594871
11160	-29.8330810368413
11161	-30.4446830256588
11162	-31.0735529581723
11163	-31.7113509285315
11164	-32.3500298241064
11165	-32.9558046912088
11166	-33.4483550040622
11167	-33.8033320767656
11168	-34.043420948982
11169	-34.1506255290468
11170	-34.1462281283724
11171	-34.0511040886324
11172	-33.8699563952935
11173	-33.6367031835299
11174	-33.4037016729041
11175	-33.2302249235007
11176	-33.1370152565855
11177	-33.1403446887891
11178	-33.2389148351792
11179	-33.432462980693
11180	-33.6919744105924
11181	-33.9997205866826
11182	-34.3322876483687
11183	-34.5852232575783
11184	-34.6822179138713
11185	-34.6187949597467
11186	-34.4316771401073
11187	-34.12834915434
11188	-33.7015371143014
11189	-33.173103642742
11190	-32.5494270429368
11191	-31.8264625664798
11192	-31.0122175459413
11193	-30.1161934848288
11194	-29.1494985844064
11195	-28.1246637539759
11196	-27.0552729903201
11197	-25.9554800314294
11198	-24.83945603014
11199	-23.7207989780941
11200	-22.6119241620454
11201	-21.5234538666335
11202	-20.4636333508416
11203	-19.4378757884403
11204	-18.4488163386239
11205	-17.4968239355542
11206	-16.5805601093908
11207	-15.6974905703522
11208	-14.8443217435438
11209	-14.0173513215773
11210	-13.2127353711463
11211	-12.4266828512238
11212	-11.6555908810527
11213	-10.8976055853198
11214	-10.1559466460501
11215	-9.44006685882042
11216	-8.7608603770316
11217	-8.12236605214821
11218	-7.52151851381625
11219	-6.95349148272461
11220	-6.4143341306907
11221	-5.89963899523237
11222	-5.37942317131379
11223	-4.82609491139673
11224	-4.24106639559037
11225	-3.64588455616891
11226	-3.06740855525804
11227	-2.51121676036566
11228	-1.97349972221761
11229	-1.4499921718066
11230	-0.936499781319595
11231	-0.429243694717343
11232	0.0749613698086653
11233	0.578653081448284
11234	1.0837495674207
11235	1.5916215555835
11236	2.10318123885171
11237	2.61897466130939
11238	3.13928772325651
11239	3.66414409857835
11240	4.19704952778851
11241	4.73926119441164
11242	5.28584958141109
11243	5.83490261497391
11244	6.38736456860066
11245	6.94900362041312
11246	7.52626405402838
11247	8.1132578484378
11248	8.698888177592
11249	9.27806669349519
11250	9.85360389054812
11251	10.4326350724737
11252	11.0271913878382
11253	11.6447484414667
11254	12.2856117554194
11255	12.9466717071031
11256	13.5998565554138
11257	14.2285546270012
11258	14.8394143371938
11259	15.4330480873318
11260	16.0132915413501
11261	16.5887452162363
11262	17.1598867960914
11263	17.7227939794037
11264	18.2801901443105
11265	18.8341045297974
11266	19.3865798838631
11267	19.9393185125036
11268	20.4936760927427
11269	21.0506790512264
11270	21.6110572763227
11271	22.1761265324565
11272	22.7502486800588
11273	23.3348102144351
11274	23.9369175864336
11275	24.567654511991
11276	25.2248957075635
11277	25.9005522368547
11278	26.5453266648751
11279	27.1442428825235
11280	27.7517468828456
11281	28.3892454654825
11282	29.0460102057808
11283	29.7071744446903
11284	30.3609825446464
11285	31.0089359121672
11286	31.6541368692575
11287	32.2933073396148
11288	32.9237099008528
11289	33.5457238561379
11290	34.1639558536977
11291	34.7847193972071
11292	35.4054311203889
11293	36.0186108218713
11294	36.6220701430207
11295	37.2174626476196
11296	37.802844872755
11297	38.3780875037316
11298	38.9512986065869
11299	39.5159133997007
11300	40.0698778271398
11301	40.616173593506
11302	41.1564994512807
11303	41.7009936599013
11304	42.2562996915794
11305	42.8198436825024
11306	43.3853860551439
11307	43.948061811747
11308	44.493833043871
11309	45.0011295237619
11310	45.450395038043
11311	45.8238434366547
11312	46.1152934423982
11313	46.3248128021125
11314	46.438250279882
11315	46.4576360291536
11316	46.3900158452255
11317	46.2408531599291
11318	46.0100410688471
11319	45.7032207533845
11320	45.329807523143
11321	44.8932108949777
11322	44.4023359778219
11323	43.8660482996722
11324	43.2899761857832
11325	42.6683463895684
11326	42.0047059386626
11327	41.3192000498731
11328	40.6161750406316
11329	39.8881894635915
11330	39.1399881276864
11331	38.3759283217364
11332	37.599947118694
11333	36.8237412877134
11334	36.0559673495105
11335	35.3065570498998
11336	34.5790412268886
11337	33.8727558539534
11338	33.1936681880607
11339	32.5488247339372
11340	31.9324346635001
11341	31.3351958720495
11342	30.7603812257816
11343	30.2150437548422
11344	29.7047864907854
11345	29.2343059261307
11346	28.8051355975048
11347	28.4144873188266
11348	28.0631893795887
11349	27.7530525103141
11350	27.4804307674659
11351	27.2396350970628
11352	27.0099346215006
11353	26.7928341797551
11354	26.5850851558305
11355	26.3723552412149
11356	26.169330572204
11357	26.0009041929511
11358	25.8854592866086
11359	25.8211210707489
11360	25.7826586611514
11361	25.7375657102558
11362	25.6862286374571
11363	25.6476525871205
11364	25.6346418812312
11365	25.6405756806194
11366	25.6451196160267
11367	25.6487586005805
11368	25.6663401137432
11369	25.7094310266298
11370	25.7768228258595
11371	25.8435529227279
11372	25.8891099171779
11373	25.9293029929089
11374	25.9866279657657
11375	26.0681964296056
11376	26.1800049795626
11377	26.3081722624199
11378	26.4191553256154
11379	26.503627053658
11380	26.5835233408949
11381	26.6738957200259
11382	26.7761594141923
11383	26.872003898878
11384	26.939288517779
11385	27.0059206028572
11386	27.1087262522351
11387	27.2645412806388
11388	27.4863448234331
11389	27.7566021547402
11390	28.0587306788429
11391	28.3802485546332
11392	28.7097508311119
11393	29.0627722096932
11394	29.4519647402674
11395	29.8768712477627
11396	30.3398428919086
11397	30.8488667631639
11398	31.4099436937779
11399	32.0187625506693
11400	32.6630683323274
11401	33.3146872726973
11402	33.9170028089572
11403	34.4068848388064
11404	34.8064408000292
11405	35.148879682654
11406	35.4349578989685
11407	35.6644669995436
11408	35.8238790668151
11409	35.919513908419
11410	35.9683440768129
11411	35.9745063921933
11412	35.9479753339072
11413	35.8774300619776
11414	35.7393518258644
11415	35.5423293929396
11416	35.2887854947813
11417	34.9733981762235
11418	34.5938638578019
11419	34.1391828406217
11420	33.6260060086985
11421	33.0492426982292
11422	32.4117163812284
11423	31.7383355463868
11424	31.0087995937892
11425	30.2162394521022
11426	29.3764731459121
11427	28.5046110674357
11428	27.6146458465643
11429	26.7191157016901
11430	25.8288423403415
11431	24.9527361539759
11432	24.0976636200127
11433	23.2683776380841
11434	22.467529581169
11435	21.6958945170758
11436	20.9527804613319
11437	20.2364372206448
11438	19.5444213261999
11439	18.8739016695505
11440	18.2219001508639
11441	17.5844747261092
11442	16.9577118568119
11443	16.3377826455143
11444	15.7215081078552
11445	15.1104873483582
11446	14.531137088159
11447	14.0410119846567
11448	13.6180783721323
11449	13.2059524481559
11450	12.8072015353922
11451	12.4141470453936
11452	12.0040033621513
11453	11.5573604525876
11454	11.0713558998832
11455	10.5582521227419
11456	10.0402813808382
11457	9.55136192200617
11458	9.11670488740199
11459	8.70786649822371
11460	8.27824165753266
11461	7.82508105914641
11462	7.36319580978827
11463	6.89389062875739
11464	6.40721334717104
11465	5.89809151660888
11466	5.37618878626819
11467	4.8549307238618
11468	4.34374893232334
11469	3.84085700865207
11470	3.34308438011407
11471	2.84767290433898
11472	2.34928676942078
11473	1.84079716638984
11474	1.31661431790419
11475	0.782837958922805
11476	0.250373701347819
11477	-0.266796988774633
11478	-0.749450065248774
11479	-1.21005809014336
11480	-1.6465872261519
11481	-2.0360665739739
11482	-2.39619885769014
11483	-2.74456107520656
11484	-3.08852479115305
11485	-3.45187528735098
11486	-3.84360650452628
11487	-4.25713413746385
11488	-4.69721698285152
11489	-5.16314808296277
11490	-5.62419962574144
11491	-6.07343981881124
11492	-6.51609105227096
11493	-6.93619427330072
11494	-7.3271274251241
11495	-7.68254394714915
11496	-7.99175485974757
11497	-8.25296924075771
11498	-8.47346491250442
11499	-8.67256044123963
11500	-8.82202773807159
11501	-8.90045811239549
11502	-8.90967949012989
11503	-8.84486525241446
11504	-8.76704690725328
11505	-8.7054241065951
11506	-8.68592073657719
11507	-8.72654015700491
11508	-8.80618934358139
11509	-8.92338521123859
11510	-9.10271797566079
11511	-9.32069036419765
11512	-9.60512241512635
11513	-10.0208717043886
11514	-10.5474611815161
11515	-11.15513626505
11516	-11.8182491237223
11517	-12.5154792319734
11518	-13.2298176899507
11519	-13.9483378687776
11520	-14.6618050561862
11521	-15.364181695792
11522	-16.0520792878419
11523	-16.7242016443444
11524	-17.3808122336269
11525	-18.0232520527512
11526	-18.6535245783337
11527	-19.2739540473801
11528	-19.8869189847494
11529	-20.49465805803
11530	-21.0991401539077
11531	-21.7019894625904
11532	-22.3044558592238
11533	-22.9074212305659
11534	-23.5122108506135
11535	-24.1198884915212
11536	-24.7330258020574
11537	-25.3550707532499
11538	-25.985213192912
11539	-26.5856470450317
11540	-27.1335587752782
11541	-27.6589678491554
11542	-28.185290835106
11543	-28.7334560039306
11544	-29.3137089214539
11545	-29.9172159129861
11546	-30.5370082460931
11547	-31.1677626879708
11548	-31.8055636668674
11549	-32.4476509062415
11550	-33.0921695369072
11551	-33.7379406655798
11552	-34.3842641406223
11553	-35.0307597335022
11554	-35.6772460307301
11555	-36.3236547351302
11556	-36.969973149456
11557	-37.6162105145882
11558	-38.2623810087248
11559	-38.908497801709
11560	-39.5545748139881
11561	-40.2002673773273
11562	-40.8454017844069
11563	-41.4908855323934
11564	-42.1346411753448
11565	-42.7742049869021
11566	-43.4091371876209
11567	-44.0349301179219
11568	-44.6440853063442
11569	-45.2281313073302
11570	-45.7846872484541
11571	-46.3017503615814
11572	-46.7651225188589
11573	-47.1659954781587
11574	-47.479950573104
11575	-47.6866198269529
11576	-47.7633686823979
11577	-47.7038817492174
11578	-47.5110727753606
11579	-47.2047927563609
11580	-46.8078354029712
11581	-46.3508469235041
11582	-45.8842324074215
11583	-45.4433030275036
11584	-45.0423429532278
11585	-44.6827450709203
11586	-44.3510150821643
11587	-44.0510303508703
11588	-43.7706579800827
11589	-43.4936548460514
11590	-43.207702843483
11591	-42.8814132571532
11592	-42.5005283936788
11593	-42.0518758323118
11594	-41.5050915645853
11595	-40.8446198736052
11596	-40.0873622914336
11597	-39.2698204915038
11598	-38.4119174212722
11599	-37.5087523349996
11600	-36.5772574335874
11601	-35.6465629370087
11602	-34.7269705564765
11603	-33.8242517022488
11604	-32.9530207856026
11605	-32.1203984202074
11606	-31.3297015552565
11607	-30.5865380657979
11608	-29.8868874169713
11609	-29.2199701775793
11610	-28.5811577668484
11611	-27.9654523057811
11612	-27.3679641102396
11613	-26.7842301386579
11614	-26.2103974919445
11615	-25.6432982293655
11616	-25.0804473337911
11617	-24.5199900839057
11618	-23.9606176205287
11619	-23.4014691616288
11620	-22.8420307159944
11621	-22.2828959213941
11622	-21.7233634010249
11623	-21.1613373779251
11624	-20.5963429526621
11625	-20.0123799647768
11626	-19.3998379871304
11627	-18.7653750188087
11628	-18.1136577029698
11629	-17.4477884969416
11630	-16.7701479693363
11631	-16.0831231887795
11632	-15.389135062399
11633	-14.7081776877758
11634	-14.0567714109727
11635	-13.4294088154819
11636	-12.820697876842
11637	-12.2341396324923
11638	-11.6920669659213
11639	-11.2041466549082
11640	-10.7387197659614
11641	-10.2744566685313
11642	-9.78859031930345
11643	-9.25172036860789
11644	-8.67955702510371
11645	-8.10430400250027
11646	-7.52780066647804
11647	-6.92761515216142
11648	-6.31136421733431
11649	-5.73475954628027
11650	-5.25537544814434
11651	-4.86525959752697
11652	-4.52382342306563
11653	-4.16134735526634
11654	-3.74107986698208
11655	-3.32488897056494
11656	-2.94003648922276
11657	-2.5690327810202
11658	-2.19882378742983
11659	-1.77257633442303
11660	-1.2894981125265
11661	-0.835793847446846
11662	-0.434654276436118
11663	-0.0382417777359036
11664	0.394712487562099
11665	0.860422109888297
11666	1.32377781502536
11667	1.75113680459368
11668	2.15385490978796
11669	2.52580937646967
11670	2.85495136540848
11671	3.19769164051694
11672	3.58872619387715
11673	4.00473646020058
11674	4.43249637017364
11675	4.8966168664893
11676	5.38674316203414
11677	5.84182198819736
11678	6.25637816442244
11679	6.6518739608109
11680	7.05703450361181
11681	7.45100638704098
11682	7.79564205343632
11683	8.11359426942421
11684	8.42472916793295
11685	8.72317368206687
11686	9.04095664894568
11687	9.37898636687946
11688	9.70509022592152
11689	10.0183106255696
11690	10.3133959311499
11691	10.598981963767
11692	10.9222253440028
11693	11.2908511986761
11694	11.6921446422668
11695	12.1243368513471
11696	12.528463888548
11697	12.9170909186162
11698	13.3097693866595
11699	13.6748135537768
11700	14.0034661763288
11701	14.3096948114008
11702	14.6026213950747
11703	14.8690501363001
11704	15.1266039567038
11705	15.3875039243052
11706	15.6488850151512
11707	15.9205198199587
11708	16.2185629707732
11709	16.5471237524143
11710	16.9064893637405
11711	17.2917731219011
11712	17.7067633737992
11713	18.139375524377
11714	18.5639580976235
11715	18.9741110128604
11716	19.3649878971463
11717	19.7438107963592
11718	20.1101283441139
11719	20.4631436719511
11720	20.8054782463283
11721	21.1403820304122
11722	21.4815837473058
11723	21.8344833512985
11724	22.1683483216457
11725	22.4629989773727
11726	22.730809220527
11727	23.0236142130318
11728	23.3688458502627
11729	23.7791694558263
11730	24.2716169076177
11731	24.8273048545143
11732	25.4186748326872
11733	26.0252609258263
11734	26.6489450292256
11735	27.2656882795973
11736	27.8767577723296
11737	28.50425300774
11738	29.1385209410261
11739	29.7720101356312
11740	30.4114603168855
11741	31.0624768640537
11742	31.7168267828464
11743	32.3584726809949
11744	32.9797931538335
11745	33.557796443829
11746	34.0549013581115
11747	34.4530243900505
11748	34.7383240177234
11749	34.9308444799015
11750	35.087758148665
11751	35.2332385734726
11752	35.3347590644174
11753	35.3643098872607
11754	35.3404318752928
11755	35.2989529996944
11756	35.2596183927237
11757	35.2158086913782
11758	35.1548254771693
11759	35.0849166137012
11760	35.0042026000267
11761	34.8918696892604
11762	34.7629003950603
11763	34.6325436725014
11764	34.4913401012651
11765	34.3497456078743
11766	34.1862481098252
11767	33.9687051593162
11768	33.6964911497165
11769	33.3697931562049
11770	32.9880692716947
11771	32.5776653944759
11772	32.1533285113051
11773	31.7138777176198
11774	31.2653086149156
11775	30.802471151994
11776	30.3224121649975
11777	29.8140983086099
11778	29.304463656194
11779	28.8164239611188
11780	28.3304144189716
11781	27.8444584259096
11782	27.3574046658803
11783	26.8871327499985
11784	26.4431181694554
11785	25.9931648373337
11786	25.5084050808586
11787	24.9751743612354
11788	24.3957369567722
11789	23.77671272121
11790	23.1299066784124
11791	22.4623062065846
11792	21.7916890984051
11793	21.1325490221016
11794	20.4905127848946
11795	19.8728201851248
11796	19.2788159248672
11797	18.7154320732208
11798	18.1871406477142
11799	17.6903296980124
11800	17.2190643011319
11801	16.7746397386569
11802	16.3628504078469
11803	15.9776802838154
11804	15.603707124589
11805	15.236512060605
11806	14.8923771955383
11807	14.592918452489
11808	14.3257067661637
11809	14.0644246605971
11810	13.8197530281442
11811	13.580078261331
11812	13.3217834766468
11813	13.0440739126799
11814	12.7455636516546
11815	12.4206602107838
11816	12.0605038244092
11817	11.6729959377053
11818	11.2777628087462
11819	10.8942938216427
11820	10.5279643829225
11821	10.1775411756806
11822	9.85134083424808
11823	9.55917440969436
11824	9.29923016879009
11825	9.08392742484386
11826	8.93749332564238
11827	8.86680655177596
11828	8.85921207946639
11829	8.87681147667335
11830	8.9124530725316
11831	8.9742030043761
11832	9.04682611759825
11833	9.11753750871884
11834	9.19164928445807
11835	9.30163098682604
11836	9.46165195728026
11837	9.67870004852843
11838	9.97961402976946
11839	10.3625292281042
11840	10.8028654189331
11841	11.2962105793435
11842	11.8430721828729
11843	12.4765903472972
11844	13.2061019887396
11845	14.0205151496815
11846	14.9155855155442
11847	15.8664673672596
11848	16.8579914057799
11849	17.8871774283617
11850	18.9492048496025
11851	20.0264981761525
11852	21.1018870948852
11853	22.160373438269
11854	23.1868566960896
11855	24.1738681801997
11856	25.1070165533367
11857	25.9681695501775
11858	26.7622888599624
11859	27.5055746721356
11860	28.1943919005005
11861	28.8129490344276
11862	29.370663085747
11863	29.9130995048364
11864	30.4769974584527
11865	31.0657864965024
11866	31.666420407103
11867	32.2481339046294
11868	32.7881245517615
11869	33.3049711505728
11870	33.8258997341992
11871	34.3625854428468
11872	34.9162008109707
11873	35.4785697648913
11874	36.0459273439576
11875	36.616798027169
11876	37.1883766831634
11877	37.7675843334324
11878	38.3515434396305
11879	38.9363983223001
11880	39.5206310692071
11881	40.0951494218371
11882	40.649532466547
11883	41.1680166080952
11884	41.6366550033579
11885	42.0284490411519
11886	42.3212007778186
11887	42.5162348462352
11888	42.6249509327616
11889	42.6897506601807
11890	42.7520021887245
11891	42.8372321972335
11892	42.9721187444995
11893	43.1712638986845
11894	43.4397940359715
11895	43.7722525937487
11896	44.1562202200686
11897	44.5791268549489
11898	45.0271956821414
11899	45.4925828803497
11900	45.9703169419749
11901	46.4546371606663
11902	46.9395795891341
11903	47.4157618338925
11904	47.8783636288709
11905	48.3211138089053
11906	48.735187419588
11907	49.1213950617447
11908	49.4847079814172
11909	49.8340915132265
11910	50.1661792069242
11911	50.4713396221673
11912	50.7459668689363
11913	50.9953295336795
11914	51.2274140805689
11915	51.4468372691632
11916	51.6500878606741
11917	51.8301937721139
11918	51.9806601369498
11919	52.0901393998544
11920	52.142943529302
11921	52.1244364345851
11922	52.0187928159331
11923	51.8226903841753
11924	51.5485456201516
11925	51.2047965603095
11926	50.7965870232919
11927	50.3264361463499
11928	49.7954278921084
11929	49.2046366994517
11930	48.5559342822306
11931	47.8520913102221
11932	47.097322894078
11933	46.2975429435965
11934	45.4603076077862
11935	44.59306362586
11936	43.7029627956976
11937	42.7984906220774
11938	41.8886558751272
11939	40.9822630177228
11940	40.0860691290733
11941	39.2059992779183
11942	38.3493342948313
11943	37.5226918885661
11944	36.7311860546394
11945	35.9770392872476
11946	35.2595549273655
11947	34.5769037574088
11948	33.9263573649262
11949	33.3045260848485
11950	32.7076884129545
11951	32.1320831531574
11952	31.5741281220031
11953	31.0305617364775
11954	30.4985165879816
11955	29.9755399968165
11956	29.4595780926032
11957	28.948937689235
11958	28.442237669447
11959	27.9383573313326
11960	27.4363873470262
11961	26.9355856491513
11962	26.4353398261004
11963	25.9351365079664
11964	25.4345369155166
11965	24.9331583514081
11966	24.4306420068579
11967	23.9261797968203
11968	23.4182621009804
11969	22.9057126279521
11970	22.388399710561
11971	21.8667904873599
11972	21.3405285407217
11973	20.8082366253007
11974	20.2701065632298
11975	19.7295572597853
11976	19.1863221838631
11977	18.63846007838
11978	18.0866617238114
11979	17.5314484113301
11980	16.9732319824282
11981	16.4123323439741
11982	15.851218465417
11983	15.2925838971311
11984	14.7375456452378
11985	14.1863040931205
11986	13.6574329876932
11987	13.1473185574568
11988	12.6396691096104
11989	12.1292184576332
11990	11.6094090962712
11991	11.0882219896497
11992	10.5654205381147
11993	10.0350227150509
11994	9.49803036206531
11995	8.95508981905478
11996	8.40663874506091
11997	7.85300426562879
11998	7.29446083670237
11999	6.73125868103805
12000	6.16363246093828
12001	5.59179886673841
12002	5.01594903005018
12003	4.43623980055129
12004	3.85278692104708
12005	3.26566061126281
12006	2.67488446269036
12007	2.08043763174451
12008	1.48225921386421
12009	0.880254392533599
12010	0.274301776357954
12011	-0.335738842688893
12012	-0.950019198985294
12013	-1.56869609558984
12014	-2.19192603606611
12015	-2.81986116059412
12016	-3.45368043136619
12017	-4.09404520896112
12018	-4.74159712552172
12019	-5.39825440279117
12020	-6.06441883028216
12021	-6.73696491936742
12022	-7.41213300754663
12023	-8.04598664680407
12024	-8.61270221400647
12025	-9.13050029697353
12026	-9.59996035829749
12027	-10.029671895149
12028	-10.4190352824111
12029	-10.8024767839789
12030	-11.225128261113
12031	-11.6727320284671
12032	-12.1135461853018
12033	-12.4969148388651
12034	-12.7651321573659
12035	-12.8801261745041
12036	-12.8334795003889
12037	-12.6691768183907
12038	-12.4577592945159
12039	-12.2448798123083
12040	-12.0150030251228
12041	-11.7179191689594
12042	-11.3502426386293
12043	-10.9086883928011
12044	-10.3571260539415
12045	-9.70572486744655
12046	-8.96103010456451
12047	-8.10848569805239
12048	-7.15915458147018
12049	-6.12996055503847
12050	-5.03932223977126
12051	-3.90611191329042
12052	-2.74867105613453
12053	-1.5839834002319
12054	-0.427038735352169
12055	0.709633123833348
12056	1.81630208518111
12057	2.88091283395743
12058	3.89382211157499
12059	4.8639458904262
12060	5.7817572615076
12061	6.63788013947227
12062	7.42332791737865
12063	8.10528178643191
12064	8.65061672689677
12065	9.06394338391341
12066	9.34467680598508
12067	9.46445978220599
12068	9.4617907228565
12069	9.42152720251341
12070	9.37151807543831
12071	9.2816180620714
12072	9.13484560196997
12073	8.92824174891195
12074	8.65383337890768
12075	8.32745889267998
12076	7.97714094458965
12077	7.59665196808294
12078	7.1863421001257
12079	6.77095564961954
12080	6.34540288097506
12081	5.89232558025095
12082	5.38363512694481
12083	4.78258793795228
12084	4.13863082646513
12085	3.47461949692934
12086	2.72704663480111
12087	1.88100803211458
12088	0.96096954309923
12089	-0.00962303887507643
12090	-1.00865373481388
12091	-2.01658533095963
12092	-3.01719001295504
12093	-3.99847800453662
12094	-4.95549703310155
12095	-5.88586853693939
12096	-6.7878635024701
12097	-7.65013299206391
12098	-8.43217028857391
12099	-9.09114338918877
12100	-9.62434578909519
12101	-10.0992261924982
12102	-10.5931662496862
12103	-11.1235593395196
12104	-11.6821055513303
12105	-12.2627256502257
12106	-12.86073571999
12107	-13.4723001273341
12108	-14.0941106812543
12109	-14.7232277454556
12110	-15.3570254451241
12111	-15.9931956594393
12112	-16.6297785793482
12113	-17.2651981487723
12114	-17.8982885807365
12115	-18.5283034855813
12116	-19.1549037948621
12117	-19.7781244119342
12118	-20.3983223345663
12119	-21.0161110573966
12120	-21.6330606907054
12121	-22.2525809469487
12122	-22.8769591527927
12123	-23.5105572607844
12124	-24.1553547596614
12125	-24.7544775254505
12126	-25.2625843520484
12127	-25.718394925695
12128	-26.1553529381321
12129	-26.5999821869567
12130	-27.0900490011371
12131	-27.6309348821876
12132	-28.2069671966228
12133	-28.8063469630223
12134	-29.420575413837
12135	-30.0438357257872
12136	-30.6723762652226
12137	-31.3039432904979
12138	-31.9372962762647
12139	-32.5718224716562
12140	-33.2072510529086
12141	-33.8434584408462
12142	-34.4803480389263
12143	-35.1177886969602
12144	-35.7555945773524
12145	-36.3935315610909
12146	-37.0313394680813
12147	-37.6687609045879
12148	-38.3055693716275
12149	-38.9415924635619
12150	-39.5767277008837
12151	-40.2109499298937
12152	-40.8443105374449
12153	-41.476929692695
12154	-42.1089834299707
12155	-42.7360446103302
12156	-43.3596600690519
12157	-43.9814568823402
12158	-44.5848893042088
12159	-45.1417010717541
12160	-45.6247940162503
12161	-45.9932740481662
12162	-46.1795250717152
12163	-46.1946750429829
12164	-46.0776024500222
12165	-45.8869845144009
12166	-45.7095038208713
12167	-45.6027886825415
12168	-45.6160284368719
12169	-45.7663226517941
12170	-46.0387806256537
12171	-46.3904293246853
12172	-46.7809141158174
12173	-47.1762341859952
12174	-47.5679218799922
12175	-47.9906501599269
12176	-48.4674425825472
12177	-48.9930006766737
12178	-49.5523968193443
12179	-50.1335840752737
12180	-50.7271425749061
12181	-51.3260511720779
12182	-51.925402477505
12183	-52.5217040878991
12184	-53.1150614136201
12185	-53.7060117725255
12186	-54.2881064892842
12187	-54.8423217232525
12188	-55.3315347421343
12189	-55.7015252605611
12190	-55.9185252763637
12191	-55.97615868845
12192	-55.890584998617
12193	-55.6911198130431
12194	-55.3978729243951
12195	-55.0232558463851
12196	-54.5742953259335
12197	-54.0542276917575
12198	-53.4636638939192
12199	-52.8023579438954
12200	-52.0709956320554
12201	-51.2720923643187
12202	-50.4103124717774
12203	-49.4924431612363
12204	-48.5271378349727
12205	-47.5244990559182
12206	-46.4955587418349
12207	-45.4517099560451
12208	-44.4041359194082
12209	-43.3632746738093
12210	-42.3390802731674
12211	-41.3414827236218
12212	-40.3846347503998
12213	-39.4751757290243
12214	-38.6189705331773
12215	-37.8214192088932
12216	-37.0775313081693
12217	-36.3820545128974
12218	-35.7297282088446
12219	-35.1150069708806
12220	-34.5319720399678
12221	-33.9746550123918
12222	-33.4373767725441
12223	-32.9150011249042
12224	-32.4030851298181
12225	-31.8979354591349
12226	-31.3965925561706
12227	-30.8967668525482
12228	-30.3967496778309
12229	-29.8953141165564
12230	-29.3916185178573
12231	-28.8851173028338
12232	-28.375483570413
12233	-27.862544702354
12234	-27.3462289573359
12235	-26.8265248093673
12236	-26.3034505346776
12237	-25.7770317971093
12238	-25.2472869424364
12239	-24.7142187032588
12240	-24.1778107188614
12241	-23.638027062729
12242	-23.094814062246
12243	-22.5481035751499
12244	-21.9978169108127
12245	-21.4438687761458
12246	-20.8861708054252
12247	-20.3246343950291
12248	-19.7591727035202
12249	-19.1897017917526
12250	-18.613766329316
12251	-18.0276668561872
12252	-17.4236231028128
12253	-16.7939166653426
12254	-16.1430806136268
12255	-15.4726211086823
12256	-14.7824416560312
12257	-14.0771699732893
12258	-13.3640979279575
12259	-12.6665568083935
12260	-11.9973656664421
12261	-11.3480746403041
12262	-10.6922235884937
12263	-10.0125520533422
12264	-9.31464236869419
12265	-8.60397048214735
12266	-7.88547940732008
12267	-7.16330708852248
12268	-6.44067653054208
12269	-5.71991797685713
12270	-5.00257360117664
12271	-4.28954183318994
12272	-3.58122772189426
12273	-2.87767894976358
12274	-2.1787017148473
12275	-1.48394952202018
12276	-0.792990506338114
12277	-0.105356331172788
12278	0.57942641560808
12279	1.26181626053511
12280	1.94224444837241
12281	2.62110897880713
12282	3.29877290076092
12283	3.97556533238701
12284	4.65178356157569
12285	5.32769530818982
12286	6.00354110322867
12287	6.67953654012652
12288	7.35587428420927
12289	8.03272583930722
12290	8.71024313039423
12291	9.38855998180011
12292	10.0677935648197
12293	10.7480458674996
12294	11.4294052119962
12295	12.1108725246729
12296	12.7872487345386
12297	13.4468144878516
12298	14.0709329255641
12299	14.6541603741365
12300	15.2098378529134
12301	15.7112375913573
12302	16.1442683378774
12303	16.5597769333577
12304	16.9880063379969
12305	17.426022075949
12306	17.8727038632833
12307	18.3277875390616
12308	18.7915256807244
12309	19.2640126187471
12310	19.7451202096426
12311	20.2344502928659
12312	20.7313640039444
12313	21.2350491850746
12314	21.7445982116961
12315	22.2590832125296
12316	22.7776174712304
12317	23.2994032264903
12318	23.8237623784085
12319	24.3501515558001
12320	24.8745482249447
12321	25.3961567205886
12322	25.917206368326
12323	26.4287333437894
12324	26.9260029216669
12325	27.4078119525799
12326	27.8730906505074
12327	28.332351535022
12328	28.7834811615479
12329	29.2250640957317
12330	29.6650498380241
12331	30.1003418257922
12332	30.5272404971384
12333	30.93907714345
12334	31.3298806924077
12335	31.7147721242729
12336	32.0604211530896
12337	32.3890272097386
12338	32.7518456688386
12339	33.1410663433847
12340	33.56042564012
12341	33.9980110601751
12342	34.4304426507372
12343	34.8345382849321
12344	35.1802216613555
12345	35.489659650212
12346	35.774798371107
12347	36.0269929959017
12348	36.2837776704527
12349	36.5628886215163
12350	36.8633744583253
12351	37.180810991296
12352	37.5060431411741
12353	37.8379541199704
12354	38.1773350400607
12355	38.5294717711012
12356	38.9005905237771
12357	39.2936927030642
12358	39.7072479969092
12359	40.1387309648343
12360	40.5912629207588
12361	41.0648986010408
12362	41.5511341268181
12363	42.0475847404505
12364	42.5621816625122
12365	43.0982285737757
12366	43.6510243234977
12367	44.2112090716118
12368	44.7816206891931
12369	45.369893668841
12370	45.9789156965027
12371	46.6041101253703
12372	47.2003970286633
12373	47.6913119878096
12374	48.0586385206693
12375	48.380105640205
12376	48.7411480725947
12377	49.1589548320396
12378	49.6089024484096
12379	50.0802781039445
12380	50.5791689638311
12381	51.1108562501145
12382	51.6672791478229
12383	52.2329697565906
12384	52.7998045673098
12385	53.3674343047097
12386	53.93379528859
12387	54.4997249618989
12388	55.0669615917223
12389	55.6333065287539
12390	56.1973029515807
12391	56.7580711109058
12392	57.3150814450426
12393	57.8680006960233
12394	58.4164569191391
12395	58.9590790377252
12396	59.496560978391
12397	60.030193711923
12398	60.5595987717469
12399	61.0839565870716
12400	61.6025048169185
12401	62.1089405779377
12402	62.5998638564543
12403	63.0754707141465
12404	63.5317965307344
12405	63.9664486437475
12406	64.3792040357282
12407	64.7704776355529
12408	65.1406673453171
12409	65.4863379082019
12410	65.8043525110457
12411	66.0923370916158
12412	66.3474429183958
12413	66.5744374260331
12414	66.778150482966
12415	66.9535583393479
12416	67.1009103542569
12417	67.2287103681004
12418	67.3421422317616
12419	67.4336630384612
12420	67.4947489499593
12421	67.5304312562374
12422	67.5465317179247
12423	67.5454604479634
12424	67.5293330166029
12425	67.4988055897712
12426	67.4489361239421
12427	67.3752579315402
12428	67.2834296185301
12429	67.1822514020953
12430	67.0711863505982
12431	66.9382281793294
12432	66.7724091643816
12433	66.5724091554098
12434	66.3473724721295
12435	66.1051428300929
12436	65.8490368866499
12437	65.5741992636724
12438	65.2758685487132
12439	64.9584347812668
12440	64.6190908786664
12441	64.2576618370241
12442	63.8823393374899
12443	63.4970585723554
12444	63.1041576827395
12445	62.7036751091544
12446	62.2951997642462
12447	61.8856510415061
12448	61.482181107636
12449	61.0876243185643
12450	60.7034968950573
12451	60.3288739181383
12452	59.9556829212032
12453	59.5813843964562
12454	59.2110764687145
12455	58.8469491254327
12456	58.49532969282
12457	58.1614150253485
12458	57.8413406155573
12459	57.5315308000741
12460	57.2333743871798
12461	56.9471672785192
12462	56.6668540830644
12463	56.3841050445749
12464	56.1083205202435
12465	55.851537118683
12466	55.6191562885144
12467	55.4115595268786
12468	55.2248097702769
12469	55.0657189297423
12470	54.934929833272
12471	54.8228490735356
12472	54.7127472087998
12473	54.5900376016571
12474	54.4510153478664
12475	54.2972579925377
12476	54.1357964014265
12477	53.9655575120498
12478	53.7788752776098
12479	53.5832783273798
12480	53.3915907801752
12481	53.2027605120642
12482	53.0126013045377
12483	52.8234121436533
12484	52.6414042317472
12485	52.4751129746091
12486	52.3228262225378
12487	52.1697970309083
12488	51.999192327492
12489	51.8054935045789
12490	51.5839335977076
12491	51.3378285399275
12492	51.0883413302938
12493	50.8465953155828
12494	50.6070559736421
12495	50.3562673426672
12496	50.087596166571
12497	49.8104381743749
12498	49.5353938227729
12499	49.2632126103318
12500	48.9912846682037
12501	48.7200223437334
12502	48.448612601372
12503	48.1811991792804
12504	47.9233005195273
12505	47.6734443457238
12506	47.4218786866814
12507	47.1573891150818
12508	46.8934496700955
12509	46.6439880572834
12510	46.4053099798208
12511	46.1687032381084
12512	45.9260774804269
12513	45.6703308923111
12514	45.3991609514317
12515	45.1121362867156
12516	44.7956690208068
12517	44.4406417098641
12518	44.0750085598893
12519	43.7192478577804
12520	43.3817144721986
12521	43.073354332437
12522	42.7916538131409
12523	42.5359455956947
12524	42.3037492756798
12525	42.0860871775003
12526	41.872944063132
12527	41.6569624740422
12528	41.4400993497301
12529	41.2181139567694
12530	40.9893722347608
12531	40.7622871060973
12532	40.5209316130245
12533	40.2555247604761
12534	39.9852016456517
12535	39.7031956120711
12536	39.4005213210371
12537	39.0841096979862
12538	38.7575424902471
12539	38.4144963942858
12540	38.0617960602187
12541	37.7143757188555
12542	37.3730520142673
12543	37.0396891412194
12544	36.7062664649205
12545	36.3747437662056
12546	36.0441793058041
12547	35.7080096138188
12548	35.3582558591709
12549	34.9884727364099
12550	34.6061451293195
12551	34.2117326101115
12552	33.797501185468
12553	33.3633010918887
12554	32.9117580725059
12555	32.4405085524977
12556	31.949116415803
12557	31.4475331312568
12558	30.9622815750113
12559	30.5260209156093
12560	30.1617659425531
12561	29.8510947864478
12562	29.5745992699532
12563	29.3059608017068
12564	29.0366217518803
12565	28.7870656367466
12566	28.5693617772771
12567	28.3878399641751
12568	28.2361399154574
12569	28.1083445148758
12570	27.9988279062668
12571	27.8986147011785
12572	27.7870441287268
12573	27.652679270204
12574	27.5036785068455
12575	27.3469904029229
12576	27.1835212047198
12577	27.0100948540232
12578	26.8136863888281
12579	26.6057011339021
12580	26.42303135821
12581	26.2842187243177
12582	26.2076087807466
12583	26.2216576784403
12584	26.3459971017124
12585	26.5852090779611
12586	26.931552872128
12587	27.3763675110213
12588	27.9148973458029
12589	28.5438348067948
12590	29.2589936983565
12591	30.0547185372938
12592	30.9235416997855
12593	31.8561709736912
12594	32.8417022913767
12595	33.8679987299642
12596	34.9221854469476
12597	35.9912130223051
12598	37.062446987339
12599	38.1242506727632
12600	39.166535417799
12601	40.1812545928469
12602	41.1628119313168
12603	42.1035195757726
12604	43.0012603558043
12605	43.861298836467
12606	44.6791352770699
12607	45.448547206173
12608	46.1641894892292
12609	46.8254742386409
12610	47.4301683973241
12611	47.9729710046831
12612	48.4599322278742
12613	48.913077291404
12614	49.3533379601351
12615	49.7871532440059
12616	50.2219720357815
12617	50.665216592583
12618	51.1172056434942
12619	51.5722804615048
12620	52.02407327486
12621	52.4754427815659
12622	52.9323976038641
12623	53.3973022188695
12624	53.8645611430858
12625	54.3112922867306
12626	54.7125878076896
12627	55.0448990490586
12628	55.2787129897404
12629	55.4025544246657
12630	55.4396803576794
12631	55.4215664114814
12632	55.3809416853416
12633	55.3391710604235
12634	55.3108399435308
12635	55.3005683844804
12636	55.2822045216858
12637	55.2414170603433
12638	55.1803737739681
12639	55.1033852586581
12640	54.9967569482408
12641	54.8429703912243
12642	54.667347320465
12643	54.5077714958971
12644	54.3868287657482
12645	54.3154907167697
12646	54.2870207789977
12647	54.2919367395934
12648	54.3214397018063
12649	54.3538591818154
12650	54.3614018178906
12651	54.3239772327989
12652	54.231193181865
12653	54.0838541437389
12654	53.8875296579677
12655	53.6449370855293
12656	53.3677604364039
12657	53.0685654054144
12658	52.7536434891198
12659	52.4309028239895
12660	52.1107335637326
12661	51.8028473789036
12662	51.5074280311022
12663	51.2196044302855
12664	50.9345124078285
12665	50.6403436335739
12666	50.3279141757153
12667	49.9971738150383
12668	49.6508282507727
12669	49.2905140022669
12670	48.9196843550466
12671	48.5640675282738
12672	48.2551900307534
12673	48.0036945242209
12674	47.8234575036689
12675	47.733626704659
12676	47.7410024185747
12677	47.8341076035871
12678	47.9992087308642
12679	48.2245605560233
12680	48.4974714302289
12681	48.8072610337124
12682	49.1471332512737
12683	49.509065280129
12684	49.8875941069484
12685	50.2789762210477
12686	50.6774416483987
12687	51.0816773646732
12688	51.4878755824844
12689	51.8886071241406
12690	52.280181015279
12691	52.657473699559
12692	53.0132579920193
12693	53.3450149736415
12694	53.6482105006195
12695	53.9028829310898
12696	54.0687626441094
12697	54.1225521177749
12698	54.0701498201443
12699	53.9213157522294
12700	53.7073753903932
12701	53.4655188767708
12702	53.2135273601409
12703	52.9700908090597
12704	52.7546634887571
12705	52.5698319253399
12706	52.3994768559555
12707	52.2272596401454
12708	52.0360703737521
12709	51.8090952120647
12710	51.5595558475634
12711	51.3188134370813
12712	51.1059938831676
12713	50.9142631089756
12714	50.7109205732099
12715	50.4683082259438
12716	50.1893781749636
12717	49.8963794369679
12718	49.5998453061191
12719	49.2849821942671
12720	48.9406076181324
12721	48.5736316469899
12722	48.2009621354763
12723	47.8501085199846
12724	47.5325850243119
12725	47.2368117313753
12726	46.9459589396032
12727	46.6505904673064
12728	46.3463291700987
12729	46.0430145566355
12730	45.7535670488741
12731	45.4688547773189
12732	45.1713531916645
12733	44.8437337617308
12734	44.4797795145012
12735	44.0860393185209
12736	43.6795995300692
12737	43.2635571815646
12738	42.8375386966333
12739	42.4069212056008
12740	41.978078808593
12741	41.5608689922395
12742	41.1582014756701
12743	40.7700589503432
12744	40.3924901719025
12745	40.0242512444147
12746	39.6637056155459
12747	39.3041727392766
12748	38.9595963889204
12749	38.6490130518255
12750	38.381000798917
12751	38.1666517876477
12752	38.0076409434392
12753	37.8945777616806
12754	37.7989070188694
12755	37.6946648035707
12756	37.5822523409137
12757	37.4752843309744
12758	37.3756562066504
12759	37.2700566227839
12760	37.1494503221052
12761	37.0103962327986
12762	36.8504541881207
12763	36.6675616027877
12764	36.4526597586058
12765	36.2001537187766
12766	35.9232121008643
12767	35.6286261490387
12768	35.3255298106672
12769	35.0228657349526
12770	34.716733436185
12771	34.4082680821206
12772	34.0743612519041
12773	33.7054148035799
12774	33.3148231235297
12775	32.9194219120462
12776	32.5455670089165
12777	32.2016697443963
12778	31.882347446568
12779	31.5758205835413
12780	31.2709392939349
12781	30.9581907968649
12782	30.6367083084739
12783	30.3145907214309
12784	30.0042581728609
12785	29.7115148830819
12786	29.4342984489896
12787	29.176045212837
12788	28.9328978614424
12789	28.6938077211787
12790	28.4570260412733
12791	28.2249631421422
12792	27.9975146957734
12793	27.7757466359112
12794	27.5611521460248
12795	27.3286857278594
12796	27.0630204385895
12797	26.7534803603705
12798	26.3930252380213
12799	25.9895863765452
12800	25.554241563402
12801	25.0966402260419
12802	24.6122533245407
12803	24.1033592291722
12804	23.5748660674924
12805	23.0385021651482
12806	22.510833970587
12807	21.9859038753201
12808	21.4500905478913
12809	20.9137625101204
12810	20.3843889393777
12811	19.8598898907266
12812	19.3291923420654
12813	18.7971341669397
12814	18.2787290034207
12815	17.7903940909104
12816	17.3119530055521
12817	16.8108952050421
12818	16.3074544033839
12819	15.818700118034
12820	15.3581317902638
12821	14.9479728579446
12822	14.5525110728925
12823	14.1577760129461
12824	13.7865326067216
12825	13.4476853761805
12826	13.1503262890201
12827	12.8821743569711
12828	12.6421691025259
12829	12.4375092745756
12830	12.2606097714095
12831	12.0952371007728
12832	11.9383622311241
12833	11.8044893091701
12834	11.6912849527301
12835	11.5783738592347
12836	11.4407645922592
12837	11.3029202024597
12838	11.224697649747
12839	11.25111933083
12840	11.4099872227065
12841	11.6983774815977
12842	12.100818459393
12843	12.6076056445671
12844	13.2130609339851
12845	13.9122459473218
12846	14.6986342182296
12847	15.5632550592496
12848	16.4945911168011
12849	17.478946868838
12850	18.5011260515476
12851	19.5452813278388
12852	20.5958113982449
12853	21.6382074293245
12854	22.6597837326166
12855	23.6502568708073
12856	24.6021603264023
12857	25.5110882012246
12858	26.3757122560263
12859	27.2034832952609
12860	28.0043703965858
12861	28.7769480360333
12862	29.5257108161864
12863	30.2609703026084
12864	30.983917766691
12865	31.6611068490378
12866	32.2158881004139
12867	32.6171634762408
12868	32.9277082135225
12869	33.2232540284355
12870	33.4991347705144
12871	33.755604621387
12872	34.0404082585802
12873	34.3634759153245
12874	34.6783824829391
12875	34.9536437480166
12876	35.1819440004385
12877	35.3596703637496
12878	35.5073703358345
12879	35.6035931937418
12880	35.6045611536012
12881	35.4916583272034
12882	35.2672779708251
12883	34.9499425655189
12884	34.5772629046609
12885	34.1766539274825
12886	33.752442818725
12887	33.3321881718049
12888	32.9465927837428
12889	32.6054551786309
12890	32.2974436133556
12891	32.0085946624127
12892	31.7474757641974
12893	31.5190391470873
12894	31.303231309678
12895	31.1017697675408
12896	30.9505974500647
12897	30.8528750025511
12898	30.7827331586255
12899	30.725333142957
12900	30.6802661756789
12901	30.6534563463746
12902	30.6440542472458
12903	30.6486688375425
12904	30.6716761221409
12905	30.7185816892311
12906	30.7950609483816
12907	30.9083669054381
12908	31.0689325034113
12909	31.2794851641946
12910	31.5369136770816
12911	31.8307881127822
12912	32.1414441813176
12913	32.4412679793774
12914	32.6798925806561
12915	32.8272477714179
12916	32.8468981233986
12917	32.7124076323732
12918	32.4740451989082
12919	32.1679634096852
12920	31.7799119362521
12921	31.3177834031414
12922	30.8104720575529
12923	30.2611667449652
12924	29.6412467873049
12925	28.9386293670518
12926	28.1698173795197
12927	27.3518369724775
12928	26.4990236699224
12929	25.6231377176887
12930	24.7374486586052
12931	23.882781623636
12932	23.0985350497302
12933	22.3801805830934
12934	21.7217190702014
12935	21.1548734729167
12936	20.7133771018114
12937	20.3853490561155
12938	20.1168975193159
12939	19.8884302072021
12940	19.6874712204188
12941	19.4908895622672
12942	19.3081897743715
12943	19.1685912240674
12944	19.0893472005924
12945	19.0458588106646
12946	19.0013824377353
12947	18.9395964618698
12948	18.8524892519143
12949	18.7378150452553
12950	18.6002927741384
12951	18.4429476666268
12952	18.2612849172171
12953	18.0596236157941
12954	17.8538938419356
12955	17.6272127942295
12956	17.3574632015117
12957	17.0578515902634
12958	16.7455770693943
12959	16.3998318692213
12960	16.0435786952775
12961	15.7391194066014
12962	15.4969257507233
12963	15.3124905537807
12964	15.1816052105681
12965	15.0886101663334
12966	15.0377053109947
12967	15.0630901076923
12968	15.1791294277754
12969	15.3752547692766
12970	15.6509853197058
12971	15.9858761556677
12972	16.3018261713972
12973	16.5646596278095
12974	16.8124600320386
12975	17.0517801583684
12976	17.2983450153716
12977	17.5950870565303
12978	17.9285403501664
12979	18.2587414706726
12980	18.5705512725733
12981	18.8708207143987
12982	19.1795699428838
12983	19.5058529348126
12984	19.8421927652868
12985	20.1850810185467
12986	20.5429801124269
12987	20.9092977630202
12988	21.275089759411
12989	21.6415975616126
12990	21.9929179111422
12991	22.3089412007043
12992	22.5889293312994
12993	22.8213907709565
12994	22.9830582602582
12995	23.0255155896271
12996	22.9068953503728
12997	22.6673743037232
12998	22.3352073540085
12999	21.8917757390617
13000	21.3577535479702
13001	20.7805222917283
13002	20.1770449366448
13003	19.5608486566298
13004	18.957255238821
13005	18.3816742471448
13006	17.8372347583784
13007	17.3135588390413
13008	16.8149148948465
13009	16.3344864524339
13010	15.8598340359332
13011	15.3986687230512
13012	14.9443524863575
13013	14.4988772428322
13014	14.0749281858393
13015	13.6791435230107
13016	13.3112433664167
13017	12.9617594309741
13018	12.6097438785108
13019	12.2406568888309
13020	11.8532405475549
13021	11.4349754083805
13022	10.9723126037355
13023	10.4753386205659
13024	9.99796687103703
13025	9.53788140252513
13026	9.04896427691752
13027	8.53145588769465
13028	7.97902637364741
13029	7.38618041449758
13030	6.76513917260466
13031	6.12539510515454
13032	5.4740415887227
13033	4.8161831413226
13034	4.15536219007355
13035	3.49395195687317
13036	2.83348636788325
13037	2.17491737093571
13038	1.51880306745966
13039	0.865437629090209
13040	0.214936012556613
13041	-0.432714242590406
13042	-1.07762219739945
13043	-1.71997669987687
13044	-2.36003633153387
13045	-2.9981215515892
13046	-3.63460696760662
13047	-4.26991236862024
13048	-4.90449188694875
13049	-5.53882142319459
13050	-6.17338530857698
13051	-6.80866315246975
13052	-7.44511779420374
13053	-8.08284300089385
13054	-8.72044274045975
13055	-9.35479827233034
13056	-9.9845140270767
13057	-10.6108002069058
13058	-11.2330200547375
13059	-11.8287338146513
13060	-12.3668676121218
13061	-12.8433453676267
13062	-13.2712683149517
13063	-13.6280444072224
13064	-13.9398652812954
13065	-14.2218136452873
13066	-14.4455988962873
13067	-14.6050122624072
13068	-14.6782547756375
13069	-14.678629221052
13070	-14.6670650682615
13071	-14.6941891815054
13072	-14.7700328178387
13073	-14.882742885009
13074	-15.0108487720072
13075	-15.1356303395009
13076	-15.2702518568328
13077	-15.45720289189
13078	-15.7449414814529
13079	-16.1486893470872
13080	-16.6494631310416
13081	-17.2245364154598
13082	-17.8538064631437
13083	-18.5202082378522
13084	-19.2109025464533
13085	-19.9061244387759
13086	-20.5947422924746
13087	-21.2648323364581
13088	-21.869292838412
13089	-22.4144213800725
13090	-22.9640413562925
13091	-23.5391878345203
13092	-24.1304583371365
13093	-24.7285333175767
13094	-25.317241932083
13095	-25.8872997930879
13096	-26.4422378506871
13097	-27.0012924424503
13098	-27.5757467661594
13099	-28.1608042385034
13100	-28.7476003385634
13101	-29.337203348234
13102	-29.9197433482517
13103	-30.4551853491684
13104	-30.9203171866955
13105	-31.3359019439004
13106	-31.7062099737216
13107	-31.9605075335767
13108	-32.1087703559866
13109	-32.1619246645406
13110	-32.1285596334894
13111	-32.0343375183231
13112	-31.8509015259547
13113	-31.5663979792948
13114	-31.1766701511026
13115	-30.6913285268917
13116	-30.1162199482425
13117	-29.4489150019659
13118	-28.7030818241162
13119	-27.9041966772026
13120	-27.0427906884474
13121	-26.1076155051058
13122	-25.1167945875393
13123	-24.0807074273216
13124	-23.0152347857082
13125	-21.9415165984957
13126	-20.87960574823
13127	-19.8800811458958
13128	-18.9855147529977
13129	-18.1734965732709
13130	-17.4583825538225
13131	-16.8539271944005
13132	-16.3149574180369
13133	-15.7648295668449
13134	-15.1993783593393
13135	-14.6740153488228
13136	-14.2153428721183
13137	-13.8598417140415
13138	-13.6164359051877
13139	-13.4310119675292
13140	-13.2731064332544
13141	-13.1589132665023
13142	-13.0834658802288
13143	-13.0334242571243
13144	-13.0133843753821
13145	-13.0151031147183
13146	-13.0284688933337
13147	-13.0587336872535
13148	-13.0959456143851
13149	-13.1361266805598
13150	-13.1879830155689
13151	-13.2490371601972
13152	-13.3132660188512
13153	-13.3727443468316
13154	-13.4201591128984
13155	-13.4526036898707
13156	-13.4680609778185
13157	-13.472643369324
13158	-13.4684816350523
13159	-13.4402768452659
13160	-13.374980867442
13161	-13.2590537422971
13162	-13.0689348077449
13163	-12.7885646014918
13164	-12.4135864789333
13165	-11.9558777152412
13166	-11.4404772709084
13167	-10.8693599263767
13168	-10.242917471718
13169	-9.57946098222448
13170	-8.89400580603421
13171	-8.19873887906459
13172	-7.50296469643989
13173	-6.81343056146724
13174	-6.13607815866424
13175	-5.47950040792556
13176	-4.85060391545225
13177	-4.25987416139365
13178	-3.70042817468465
13179	-3.16777492882149
13180	-2.65458233207061
13181	-2.15790072086209
13182	-1.67617557443721
13183	-1.20322397833176
13184	-0.740757884767729
13185	-0.287200603350886
13186	0.154085729801846
13187	0.590128675565145
13188	1.01383444066015
13189	1.41345163385434
13190	1.80142580719863
13191	2.19166014614795
13192	2.58425984643491
13193	2.98330508472079
13194	3.38866870683556
13195	3.79294049915101
13196	4.20467007903905
13197	4.62274268160435
13198	5.04409464302038
13199	5.4687186926925
13200	5.89041735857539
13201	6.31348929587029
13202	6.72204643851796
13203	7.0645928918117
13204	7.31260975775186
13205	7.51162995893873
13206	7.70197215535551
13207	7.89108533738449
13208	8.05153838994262
13209	8.10696665800525
13210	8.03383352289712
13211	7.90865041840886
13212	7.78270275315577
13213	7.66316393949742
13214	7.56809824665691
13215	7.50846987289603
13216	7.4831020542897
13217	7.49402376331082
13218	7.53742454351741
13219	7.60677503325939
13220	7.67236418840955
13221	7.67112797436999
13222	7.54601534471855
13223	7.27590995677557
13224	6.88664405133292
13225	6.40836715270096
13226	5.83292676695812
13227	5.17472845733961
13228	4.44265111046098
13229	3.64054060437895
13230	2.77646754484956
13231	1.8439847082819
13232	0.858538218116792
13233	-0.164645255882022
13234	-1.2103885233533
13235	-2.26526624553783
13236	-3.31776105947686
13237	-4.35325255705435
13238	-5.36153875066974
13239	-6.296554689884
13240	-7.14293795506357
13241	-7.91048404111292
13242	-8.56503679633823
13243	-9.08122457238882
13244	-9.44369235568852
13245	-9.65894409033132
13246	-9.81210512304426
13247	-9.9547980485401
13248	-10.0572644061984
13249	-10.1088733054852
13250	-10.1068244337501
13251	-10.0464111857561
13252	-9.96430986434357
13253	-9.85043727813627
13254	-9.6880531310312
13255	-9.49424903064516
13256	-9.29001959684389
13257	-9.06942855704835
13258	-8.80281805316611
13259	-8.47415213302847
13260	-8.06126299568757
13261	-7.57007847340074
13262	-7.00104501629719
13263	-6.35745508253798
13264	-5.64463264315872
13265	-4.84877686278311
13266	-3.99348346375577
13267	-3.0881354869604
13268	-2.12556473386154
13269	-1.13488973146695
13270	-0.136849645194351
13271	0.861217597284445
13272	1.84743834808814
13273	2.80715681969151
13274	3.72405313272834
13275	4.5862581416289
13276	5.39081433602136
13277	6.1424633209753
13278	6.83215640193929
13279	7.47051231604378
13280	8.06045800509527
13281	8.60950317339143
13282	9.15941637980775
13283	9.70394165375358
13284	10.210178512038
13285	10.6165688373083
13286	10.9343015770504
13287	11.2014319193659
13288	11.4244148949129
13289	11.6535482514012
13290	11.93889628165
13291	12.2997512009207
13292	12.7454627582888
13293	13.2698226909725
13294	13.8491368175284
13295	14.4644501879133
13296	15.1061014004752
13297	15.7332877822337
13298	16.3346018326504
13299	16.9099395911993
13300	17.4473005716417
13301	17.9326110221385
13302	18.353445157684
13303	18.7225816920988
13304	19.0166379965134
13305	19.1965642338849
13306	19.2603777549342
13307	19.2448906333483
13308	19.2006595362352
13309	19.1823393255017
13310	19.2367291090475
13311	19.3650544190498
13312	19.5273326007938
13313	19.6982885618739
13314	19.8895114765577
13315	20.1220390858042
13316	20.3828747865409
13317	20.6203760487939
13318	20.7917024473818
13319	20.8772142756969
13320	20.8731262576124
13321	20.7917377508922
13322	20.6455189526607
13323	20.4523240872005
13324	20.2317559548736
13325	20.0085168366015
13326	19.8051106580406
13327	19.6332194441399
13328	19.5088257485014
13329	19.4413081343353
13330	19.4296182104646
13331	19.467046787581
13332	19.5477351797611
13333	19.6457851086559
13334	19.7197131895299
13335	19.7342137651312
13336	19.6615876648769
13337	19.4947761041303
13338	19.252662474991
13339	18.9748345245101
13340	18.7041936704425
13341	18.4558940142365
13342	18.2216139405917
13343	17.9862772064316
13344	17.7275326578765
13345	17.4310345898544
13346	17.0961723939701
13347	16.7279929744713
13348	16.3190952751263
13349	15.8588563449339
13350	15.337336681886
13351	14.7473018893917
13352	14.1025173762566
13353	13.417235166766
13354	12.6981951628891
13355	11.9544064385139
13356	11.1862389856013
13357	10.3933060670832
13358	9.57946434685984
13359	8.74075295378285
13360	7.8849837169886
13361	7.03094508723616
13362	6.19473116767028
13363	5.38918464449481
13364	4.61892293441683
13365	3.89105195533067
13366	3.20555645173716
13367	2.57532030560148
13368	2.02198148671779
13369	1.59649677435453
13370	1.32923323692506
13371	1.10896084249695
13372	0.914848888693532
13373	0.766092143232839
13374	0.623389444140792
13375	0.46465024908698
13376	0.247066853100201
13377	-0.0322670751862794
13378	-0.410890935459872
13379	-0.915880541420359
13380	-1.51094648807461
13381	-2.1707387573129
13382	-2.87700167660585
13383	-3.61292216275819
13384	-4.36734815085684
13385	-5.1289087343722
13386	-5.88144689938493
13387	-6.61218166352141
13388	-7.31838069769525
13389	-8.01561093836319
13390	-8.72063999996713
13391	-9.43539916361633
13392	-10.0818703445644
13393	-10.5613674449895
13394	-10.8802522487946
13395	-11.079043884789
13396	-11.2298948050769
13397	-11.4126664464345
13398	-11.6831968537381
13399	-12.0621215689327
13400	-12.4788152398785
13401	-12.8698030127773
13402	-13.2227092835518
13403	-13.5952332375081
13404	-14.049652059844
13405	-14.5776437941096
13406	-15.1575691576115
13407	-15.7719073615261
13408	-16.4067639919313
13409	-17.0514261262849
13410	-17.6979460900213
13411	-18.3407470552086
13412	-18.9762474890792
13413	-19.6025031908947
13414	-20.2188679227273
13415	-20.8256758747883
13416	-21.4239507679398
13417	-22.0151476721544
13418	-22.6009323158922
13419	-23.1830008865093
13420	-23.762941499222
13421	-24.3421363668202
13422	-24.9219291534087
13423	-25.5045020145028
13424	-26.0907332596041
13425	-26.6809716805043
13426	-27.2770126716301
13427	-27.8798152939277
13428	-28.4861594201707
13429	-29.0839533696828
13430	-29.6742724206476
13431	-30.2661030256627
13432	-30.8596108112998
13433	-31.4558549172153
13434	-32.0566200289395
13435	-32.6657397985887
13436	-33.2845488091735
13437	-33.8719458472333
13438	-34.3942070799482
13439	-34.8659395102541
13440	-35.3037330276841
13441	-35.7429950865946
13442	-36.2255130787817
13443	-36.7565977988993
13444	-37.3223601842114
13445	-37.9121287820867
13446	-38.5176545832259
13447	-39.1329256375022
13448	-39.7533789542466
13449	-40.3773104234833
13450	-41.0019666616188
13451	-41.6252236443961
13452	-42.2445016307773
13453	-42.8532763702723
13454	-43.4177323385388
13455	-43.8797440018647
13456	-44.2288404448668
13457	-44.4818126411161
13458	-44.6576222121763
13459	-44.8180743892275
13460	-45.0350145406581
13461	-45.3358030648189
13462	-45.7137256265953
13463	-46.1545108794066
13464	-46.6456474836
13465	-47.175677247174
13466	-47.7154542273137
13467	-48.2240549891012
13468	-48.6929502528016
13469	-49.1234721302595
13470	-49.5067423508435
13471	-49.8545298824987
13472	-50.1934728215639
13473	-50.5354837110237
13474	-50.8673700870983
13475	-51.1818158490601
13476	-51.4874727651478
13477	-51.7586246566811
13478	-51.9470904933465
13479	-52.0176498085808
13480	-51.9510940050502
13481	-51.7569307940379
13482	-51.4536298401054
13483	-51.0518663522162
13484	-50.5608182960546
13485	-49.9867311586758
13486	-49.3327292855992
13487	-48.6023000118785
13488	-47.8007162698483
13489	-46.9353606448893
13490	-46.0156477275658
13491	-45.0526347084701
13492	-44.058453900687
13493	-43.0456717729037
13494	-42.0266539611453
13495	-41.0129897643402
13496	-40.0150031561032
13497	-39.0413572672033
13498	-38.0987487002783
13499	-37.1916868315069
13500	-36.322365373491
13501	-35.4907622254389
13502	-34.6951196689295
13503	-33.9288583436778
13504	-33.1793208028817
13505	-32.4327061408015
13506	-31.6860232861543
13507	-30.94277454146
13508	-30.2045444149207
13509	-29.4717552123918
13510	-28.7446768617188
13511	-28.0237108973421
13512	-27.3092688809809
13513	-26.6016494904935
13514	-25.9009695744478
13515	-25.2071474970047
13516	-24.5199228195609
13517	-23.8388939642437
13518	-23.1635605005168
13519	-22.4933608898789
13520	-21.8277031580872
13521	-21.1659859869135
13522	-20.5076144855311
13523	-19.8520080775583
13524	-19.1986061908538
13525	-18.5468719093621
13526	-17.8962927287313
13527	-17.2463817504746
13528	-16.5966794063141
13529	-15.9467549288524
13530	-15.296207692223
13531	-14.6446682446248
13532	-13.9917993268402
13533	-13.337296634092
13534	-12.6808888715728
13535	-12.0223370246412
13536	-11.3614328463281
13537	-10.6979966331756
13538	-10.0318744204517
13539	-9.36293477070245
13540	-8.69106535129021
13541	-8.01616949680144
13542	-7.33816293368649
13543	-6.6569708117907
13544	-5.97252514604162
13545	-5.28572558378648
13546	-4.60296296946728
13547	-3.92515460314204
13548	-3.24618492521899
13549	-2.56509363504998
13550	-1.88746316057349
13551	-1.21581820742064
13552	-0.546308143351723
13553	0.126110120032584
13554	0.807009473134942
13555	1.4963064628666
13556	2.19319446303585
13557	2.89672391419967
13558	3.60110393727837
13559	4.3033825076802
13560	4.9959761845081
13561	5.66751446951213
13562	6.30651725775478
13563	6.90823652427267
13564	7.46205428749385
13565	7.99133037636866
13566	8.5215564986419
13567	9.05432551716007
13568	9.59213021237085
13569	10.1366429889221
13570	10.6964157208761
13571	11.2766424247466
13572	11.8820569663796
13573	12.513075264911
13574	13.1678322053686
13575	13.8406766163206
13576	14.5110916971355
13577	15.1758382537908
13578	15.8267414977451
13579	16.4449234646605
13580	17.0448735668692
13581	17.6362719101822
13582	18.2156227661801
13583	18.8030327146638
13584	19.415328963389
13585	20.0188096541957
13586	20.5687740913651
13587	21.09848875645
13588	21.6386919247978
13589	22.1817910468968
13590	22.7390970325382
13591	23.3240255562532
13592	23.935130626795
13593	24.5622428654314
13594	25.2042539074444
13595	25.8620212497999
13596	26.5261256413057
13597	27.1810471911564
13598	27.8273778021431
13599	28.4763179000997
13600	29.1286770290168
13601	29.7800785695281
13602	30.4299098018542
13603	31.0619675845038
13604	31.6445701631561
13605	32.1351932908782
13606	32.4875853432941
13607	32.691287516476
13608	32.7779403248524
13609	32.7908450541477
13610	32.7841625855309
13611	32.7943805703079
13612	32.852476946418
13613	32.9781891577269
13614	33.1162068328927
13615	33.1891795643094
13616	33.1840179672357
13617	33.0971853020829
13618	32.8942635419604
13619	32.5713305342493
13620	32.1459757163018
13621	31.6253050189968
13622	31.0150574344131
13623	30.3251358242625
13624	29.5636715080132
13625	28.7348604512351
13626	27.843685758076
13627	26.9018902122512
13628	25.9247327596624
13629	24.9259044142711
13630	23.9152970515236
13631	22.9018787698251
13632	21.900935584189
13633	20.9281731273174
13634	19.9913631510859
13635	19.0952511460995
13636	18.2395066147426
13637	17.4223153388532
13638	16.6409392983124
13639	15.890703856208
13640	15.1687828375673
13641	14.4722136084089
13642	13.7965445682736
13643	13.1373311561645
13644	12.4925417596229
13645	11.8606324594794
13646	11.2391962601523
13647	10.6259405643835
13648	10.0182971683062
13649	9.41435249255349
13650	8.82399248520252
13651	8.26599030350728
13652	7.74988076417345
13653	7.27564167789448
13654	6.82858130857052
13655	6.37253029460537
13656	5.8871702265236
13657	5.37645295789284
13658	4.8454152132857
13659	4.29791621902348
13660	3.73698646189179
13661	3.16473997197882
13662	2.5817769303406
13663	1.98807912116265
13664	1.3863434404283
13665	0.780843915635604
13666	0.173785750958255
13667	-0.434326957579581
13668	-1.04316516852818
13669	-1.65257686258448
13670	-2.26258030196356
13671	-2.87334902052116
13672	-3.48518910889543
13673	-4.09851067224022
13674	-4.71392138766265
13675	-5.33354563523878
13676	-5.96010151912079
13677	-6.59510431721234
13678	-7.23362532061913
13679	-7.85973882245491
13680	-8.41104856979134
13681	-8.83054317103404
13682	-9.17103629365985
13683	-9.51977649625137
13684	-9.88390586141193
13685	-10.2478667396939
13686	-10.6229765402821
13687	-11.0061081300915
13688	-11.3582275452248
13689	-11.6244930292452
13690	-11.7820554905791
13691	-11.8402067416405
13692	-11.8347511403123
13693	-11.8015654695936
13694	-11.7838574981262
13695	-11.8341641376502
13696	-11.9769748349377
13697	-12.2116973326142
13698	-12.5330034214914
13699	-12.9553454977221
13700	-13.4856020626548
13701	-14.0896450792907
13702	-14.7299686858764
13703	-15.4146414696369
13704	-16.1376670338953
13705	-16.877396999066
13706	-17.6273379472916
13707	-18.3891935069041
13708	-19.1540066414531
13709	-19.9165856336954
13710	-20.6828313891607
13711	-21.4373733492278
13712	-22.1557346810367
13713	-22.8238338546874
13714	-23.4432272095299
13715	-23.9988216824518
13716	-24.4943483622397
13717	-24.9487532461435
13718	-25.3378284959926
13719	-25.6352848048582
13720	-25.8312644247243
13721	-25.9052723930296
13722	-25.8280904899421
13723	-25.5712990031878
13724	-25.1336575853246
13725	-24.5353963858258
13726	-23.7891766413424
13727	-22.9585429961964
13728	-22.1594509422461
13729	-21.4678018722182
13730	-20.8869393289082
13731	-20.4487460032333
13732	-20.2212173406295
13733	-20.1810137427254
13734	-20.2535813836519
13735	-20.4193781267362
13736	-20.6173945671139
13737	-20.7511222024866
13738	-20.8561759206286
13739	-20.8814826124784
13740	-20.7329856467117
13741	-20.5514999845597
13742	-20.5115445678327
13743	-20.6821108060864
13744	-21.0664470091339
13745	-21.6268143722575
13746	-22.3246991862566
13747	-23.1238045237444
13748	-23.9920015515192
13749	-24.902390381758
13750	-25.8336325125627
13751	-26.7697460968465
13752	-27.6995547148504
13753	-28.615917129482
13754	-29.5147435164752
13755	-30.3940260850421
13756	-31.2530552358392
13757	-32.0918477047374
13758	-32.9076983547824
13759	-33.6769992777304
13760	-34.3782450173685
13761	-35.0256766335611
13762	-35.6157652445556
13763	-36.1413422799169
13764	-36.5989814448395
13765	-37.0058254228475
13766	-37.3706525013856
13767	-37.6727579221437
13768	-37.9268491164777
13769	-38.1526072249523
13770	-38.3387164010977
13771	-38.4829678620809
13772	-38.5898462268329
13773	-38.6595776040757
13774	-38.688917985401
13775	-38.6829936514614
13776	-38.6585951897004
13777	-38.6199356005656
13778	-38.5647615239384
13779	-38.4953982861432
13780	-38.4199975795921
13781	-38.3474667906351
13782	-38.280971602039
13783	-38.2082146064398
13784	-38.1209372795697
13785	-38.0226550789114
13786	-37.9172335434998
13787	-37.8126428168085
13788	-37.7140095088129
13789	-37.6171536334668
13790	-37.5166122658614
13791	-37.4117937856641
13792	-37.2967633039678
13793	-37.1624089573476
13794	-36.9982305548157
13795	-36.8018108266875
13796	-36.578757416044
13797	-36.3248449528375
13798	-36.0453958394375
13799	-35.7596736577891
13800	-35.4740927925304
13801	-35.1784794064495
13802	-34.8701267072313
13803	-34.5422091044256
13804	-34.1353194609642
13805	-33.6354732827908
13806	-33.0826236721988
13807	-32.5317696432877
13808	-32.0585255926622
13809	-31.6854983922634
13810	-31.3776355041158
13811	-31.0932803215835
13812	-30.8145972539159
13813	-30.54021880012
13814	-30.2783033604794
13815	-30.0426147912032
13816	-29.8513176835959
13817	-29.7113285683333
13818	-29.6216202875306
13819	-29.5695828411876
13820	-29.5418744943067
13821	-29.5182415914359
13822	-29.4601967989176
13823	-29.3412047873979
13824	-29.1538272877399
13825	-28.8783845135447
13826	-28.5016199558861
13827	-28.0670118174433
13828	-27.5732624838591
13829	-26.9902331904937
13830	-26.3387710324047
13831	-25.6438848854217
13832	-24.9186641258021
13833	-24.1778141555045
13834	-23.4374149731375
13835	-22.7063532868567
13836	-21.9906140513117
13837	-21.2936012501616
13838	-20.6165754989682
13839	-19.9591346662926
13840	-19.3196847592099
13841	-18.6958667236737
13842	-18.0849194823105
13843	-17.4839696153975
13844	-16.8902477682736
13845	-16.3012383230438
13846	-15.714771229885
13847	-15.1290644548744
13848	-14.5427285364094
13849	-13.9547437828247
13850	-13.3623069213083
13851	-12.762909037319
13852	-12.1512265675835
13853	-11.5174639036203
13854	-10.8564975390565
13855	-10.1721248897947
13856	-9.4705380887269
13857	-8.75577375759813
13858	-8.03094433901209
13859	-7.29908222192539
13860	-6.5694736316718
13861	-5.86356638187455
13862	-5.17622609808664
13863	-4.50331243416796
13864	-3.84661265039166
13865	-3.20912129772269
13866	-2.59111135950433
13867	-1.99417456522363
13868	-1.41340209713256
13869	-0.829755541919849
13870	-0.244002469740247
13871	0.337571328670476
13872	0.9145836402356
13873	1.48244645007459
13874	2.03683822597479
13875	2.58445647363405
13876	3.13247332958536
13877	3.67890581882288
13878	4.21304851070508
13879	4.72149610257255
13880	5.21724860998389
13881	5.72574573233075
13882	6.24240296060362
13883	6.74641828414972
13884	7.23281984888459
13885	7.71984652519708
13886	8.23837348189034
13887	8.78280069759067
13888	9.33694587185232
13889	9.86919858550544
13890	10.3406001779096
13891	10.7565851038901
13892	11.1262233353317
13893	11.4481289817748
13894	11.7357291529719
13895	12.0312161860313
13896	12.3401396311906
13897	12.6691999084862
13898	13.0463221924234
13899	13.4718487293677
13900	13.9378119194712
13901	14.434906731478
13902	14.9555786595884
13903	15.4935936114428
13904	16.0437839298221
13905	16.6019019010783
13906	17.1645299654565
13907	17.7290158772032
13908	18.2934119253793
13909	18.8564064858885
13910	19.4172464946787
13911	19.9756481219197
13912	20.5317006475797
13913	21.0857699233481
13914	21.6384050856793
13915	22.191132387266
13916	22.7498285260429
13917	23.3224500325363
13918	23.8968829032478
13919	24.4269617386929
13920	24.8514675652025
13921	25.1684882594196
13922	25.4361201982652
13923	25.6811588342857
13924	25.9144601750023
13925	26.1214623300434
13926	26.2571110208496
13927	26.291963377754
13928	26.2415227779978
13929	26.1513506069408
13930	26.0419592034412
13931	25.9128204895821
13932	25.76521938915
13933	25.5944353928608
13934	25.3940756696779
13935	25.1743142724237
13936	24.9437993480177
13937	24.7031029764911
13938	24.4474809036668
13939	24.1839041033507
13940	23.9343650016157
13941	23.7176156685981
13942	23.5344240195211
13943	23.3777880533895
13944	23.248961270248
13945	23.157190934275
13946	23.1074572843102
13947	23.0904845925705
13948	23.0890699425907
13949	23.1031524796939
13950	23.1333025885611
13951	23.1669961454235
13952	23.2053792717909
13953	23.2628821910901
13954	23.3443566028725
13955	23.4481448541659
13956	23.5770887533346
13957	23.72001862089
13958	23.8674702201324
13959	24.0198435674934
13960	24.1749449736189
13961	24.3338406085519
13962	24.5001042113312
13963	24.6784842444075
13964	24.8758633343731
13965	25.0973032848234
13966	25.3438560374909
13967	25.6069763199851
13968	25.8792354555474
13969	26.1646072240779
13970	26.4333794002198
13971	26.6607393981145
13972	26.8866701025066
13973	27.1334093213944
13974	27.4112867588592
13975	27.7373210753326
13976	28.1152441813072
13977	28.5514231132308
13978	29.0475303783741
13979	29.5946844689095
13980	30.1783815893333
13981	30.7862832573887
13982	31.4081547101683
13983	32.0357620115306
13984	32.6627294457488
13985	33.2843635430282
13986	33.8974518338628
13987	34.5006321026379
13988	35.0973802113626
13989	35.6942689900083
13990	36.2992097691721
13991	36.9152083474007
13992	37.5389900610272
13993	38.1663088461046
13994	38.7669730155214
13995	39.3311497181636
13996	39.8957800724347
13997	40.4791308774413
13998	41.0756136135625
13999	41.6805885956318
14000	42.2903440633723
14001	42.9020329090792
14002	43.5135702796341
14003	44.1235070326564
14004	44.7308965003745
14005	45.3351691238701
14006	45.9360237624817
14007	46.5333406651305
14008	47.1271155090597
14009	47.7174131027267
14010	48.3043371935548
14011	48.8880116049187
14012	49.4685713004666
14013	50.0453144944093
14014	50.6164069704107
14015	51.1795943942493
14016	51.733637761256
14017	52.2732228488787
14018	52.7925409849697
14019	53.2925650710588
14020	53.7735000115948
14021	54.2386537202361
14022	54.6862496650304
14023	55.1027792163972
14024	55.4876579755272
14025	55.8335050981654
14026	56.1196798880818
14027	56.3442111025845
14028	56.4935079389749
14029	56.5701339762181
14030	56.5838498920557
14031	56.5282500860726
14032	56.4358614201332
14033	56.3420175260783
14034	56.2425096877672
14035	56.1266018778375
14036	56.0059317430778
14037	55.8913597638982
14038	55.7650918508828
14039	55.6049629159489
14040	55.4012110099738
14041	55.1705173704232
14042	54.9217867040882
14043	54.6473918801327
14044	54.3559662413759
14045	54.0423604404939
14046	53.6977451986853
14047	53.3307443274958
14048	52.9538337848351
14049	52.5699602152812
14050	52.1781847070444
14051	51.7901988298503
14052	51.4208894913894
14053	51.073323586508
14054	50.744657589032
14055	50.4393434472782
14056	50.1613269863094
14057	49.9132481557236
14058	49.6941066320186
14059	49.4900910702543
14060	49.2893988819437
14061	49.0905792693772
14062	48.8915452465818
14063	48.689428233869
14064	48.488378260532
14065	48.2941797392143
14066	48.1105123583538
14067	47.9359992677535
14068	47.7600952373167
14069	47.5724358480847
14070	47.3748287520364
14071	47.1618699339722
14072	46.9280468130657
14073	46.6765627834394
14074	46.3811965199284
14075	46.0200695570147
14076	45.5937797948048
14077	45.1057405581182
14078	44.5674632721772
14079	43.9901373639142
14080	43.3832781104817
14081	42.7551246543541
14082	42.1126219056773
14083	41.4614748123733
14084	40.8062545444407
14085	40.1505336127276
14086	39.497029808076
14087	38.8477440769761
14088	38.204083979272
14089	37.5669689104737
14090	36.9369177360175
14091	36.3141207589003
14092	35.6984992476172
14093	35.0897559019137
14094	34.4878224386079
14095	33.8923929098331
14096	33.3041040874666
14097	32.7241460463943
14098	32.1540793408965
14099	31.5960532361548
14100	31.0503945479945
14101	30.5256005300048
14102	30.0180135351184
14103	29.5164252801227
14104	29.0205495505055
14105	28.5289941211543
14106	28.0370428573962
14107	27.5392309241447
14108	27.0354174722461
14109	26.5307330101205
14110	26.0288201611033
14111	25.5294313537722
14112	25.0321448359507
14113	24.5364462490989
14114	24.0417877341233
14115	23.5476279082532
14116	23.0534566094637
14117	22.5587012094245
14118	22.0625596852927
14119	21.5640772018922
14120	21.0630628900807
14121	20.5592007599391
14122	20.0509134834961
14123	19.5376179925015
14124	19.0209713940642
14125	18.5021134995381
14126	17.9803871285566
14127	17.4542343191169
14128	16.9231278574873
14129	16.3880855595219
14130	15.8501966381942
14131	15.3096681279963
14132	14.7666856647464
14133	14.2217077612197
14134	13.6747683804171
14135	13.1253253559949
14136	12.5718648351933
14137	12.0140453630614
14138	11.4533540044808
14139	10.8908470599177
14140	10.325411615532
14141	9.75692578894281
14142	9.18485206766496
14143	8.60790327113127
14144	8.02752552377439
14145	7.44641929644329
14146	6.86518586252526
14147	6.28408055118171
14148	5.70266832103299
14149	5.11695926633325
14150	4.52530568659818
14151	3.92692454943397
14152	3.32126552623278
14153	2.70982695275248
14154	2.09828434839673
14155	1.48594589721331
14156	0.870900738672568
14157	0.259807968391708
14158	-0.344251990683715
14159	-0.948244846617531
14160	-1.5555829339571
14161	-2.16714955525578
14162	-2.78342410055099
14163	-3.40090578563733
14164	-4.019084344395
14165	-4.63759461752317
14166	-5.25638239601462
14167	-5.87837674179166
14168	-6.50495044549213
14169	-7.13687693932071
14170	-7.77425713207958
14171	-8.41530260925599
14172	-9.05867748923439
14173	-9.70344034980832
14174	-10.348973406648
14175	-10.9949108501946
14176	-11.6410741175854
14177	-12.2874176382493
14178	-12.9339870480173
14179	-13.5808886967292
14180	-14.2282676745936
14181	-14.8762932517066
14182	-15.5251499045941
14183	-16.1744631375069
14184	-16.8222817662371
14185	-17.4668682128412
14186	-18.1029169631382
14187	-18.7255843460909
14188	-19.3188704760627
14189	-19.8547298982137
14190	-20.3363537176057
14191	-20.7891510443318
14192	-21.2476454647594
14193	-21.7328781007111
14194	-22.2418195153387
14195	-22.7697557151258
14196	-23.3132386465709
14197	-23.869573468447
14198	-24.436508275639
14199	-25.0120691919381
14200	-25.5944885583753
14201	-26.1821864978454
14202	-26.7737778538089
14203	-27.368087717658
14204	-27.9641642058159
14205	-28.5612842773163
14206	-29.1589491862927
14207	-29.7568695339165
14208	-30.3549419041227
14209	-30.9532186038419
14210	-31.5518729758309
14211	-32.1511632047302
14212	-32.7513974977541
14213	-33.3529025453152
14214	-33.9559968324121
14215	-34.5609698510922
14216	-35.1680676617372
14217	-35.7786623347779
14218	-36.3944544594026
14219	-37.0167254558192
14220	-37.6291656402092
14221	-38.1941364340266
14222	-38.6691562531723
14223	-39.0301992123054
14224	-39.2879572541487
14225	-39.4176231958744
14226	-39.4451517737947
14227	-39.4223684909473
14228	-39.4035666055708
14229	-39.449101678844
14230	-39.5643933487189
14231	-39.7627305602592
14232	-40.0366138596736
14233	-40.3248191015839
14234	-40.5339175052237
14235	-40.6139898905967
14236	-40.5440022528931
14237	-40.3218074805638
14238	-39.9788566585711
14239	-39.5412111796662
14240	-39.0094892392616
14241	-38.3760239006609
14242	-37.6463138744669
14243	-36.8272864331406
14244	-35.9390361585654
14245	-35.0440978433005
14246	-34.2087512132144
14247	-33.4183885850649
14248	-32.6705766192493
14249	-31.9729529150476
14250	-31.3114535720034
14251	-30.6874064287582
14252	-30.0964671731043
14253	-29.5482939795073
14254	-29.0163365537052
14255	-28.487374105217
14256	-27.9743347527241
14257	-27.4611224117847
14258	-26.9491496918408
14259	-26.4407400854621
14260	-25.9392830329392
14261	-25.4555767782801
14262	-24.9758669706257
14263	-24.4687920065018
14264	-23.9223976254349
14265	-23.3533324926804
14266	-22.7880841107375
14267	-22.1901412963836
14268	-21.5245388979813
14269	-20.82784259288
14270	-20.1652912399511
14271	-19.5955972659856
14272	-19.1055011630649
14273	-18.6965676050299
14274	-18.3609152251688
14275	-18.0931240340593
14276	-17.8839228165224
14277	-17.7299259030644
14278	-17.6047992137805
14279	-17.440237289509
14280	-17.2355677151816
14281	-17.0252197997844
14282	-16.8381047462664
14283	-16.6796430912997
14284	-16.5551167079622
14285	-16.4611520349049
14286	-16.3931600288381
14287	-16.3565555805769
14288	-16.3314370335409
14289	-16.3099899284456
14290	-16.298887097436
14291	-16.2915894347205
14292	-16.2731035591824
14293	-16.2371291287251
14294	-16.1816359717535
14295	-16.1067066140317
14296	-16.0296098259349
14297	-15.9629319232265
14298	-15.9088055916924
14299	-15.8652917765103
14300	-15.8142842054491
14301	-15.7197302249716
14302	-15.5547080877338
14303	-15.3175073723147
14304	-15.017392642014
14305	-14.6602653425367
14306	-14.2663834734015
14307	-13.8073604088454
14308	-13.2622665101536
14309	-12.6630430433602
14310	-12.0064965851603
14311	-11.2919092971866
14312	-10.5424943280823
14313	-9.78907065003441
14314	-9.04476154687236
14315	-8.30677753912792
14316	-7.5735875142708
14317	-6.88314369877805
14318	-6.31233052731896
14319	-5.88779215664763
14320	-5.54311149970833
14321	-5.18760586233621
14322	-4.82682542174538
14323	-4.50695666870217
14324	-4.25224195248314
14325	-4.03275793341316
14326	-3.79083620862462
14327	-3.51706591213785
14328	-3.21545794043792
14329	-2.88456843777583
14330	-2.53645073086464
14331	-2.16788487797629
14332	-1.78093186687673
14333	-1.37874499085643
14334	-0.959848228136687
14335	-0.526543761945303
14336	-0.0770472361067241
14337	0.393434305956293
14338	0.872299330970602
14339	1.34997279126846
14340	1.82860827652481
14341	2.3064514193134
14342	2.78576831670879
14343	3.26406573921394
14344	3.7414227660821
14345	4.21611589563102
14346	4.67903737488305
14347	5.12927404132443
14348	5.5755144372414
14349	6.02803940623767
14350	6.48704182918138
14351	6.97888389733198
14352	7.52958605028083
14353	8.13592497001941
14354	8.73370671514149
14355	9.31771525188151
14356	9.94124381272828
14357	10.5849725217555
14358	11.225097500722
14359	11.8368470539972
14360	12.393774226819
14361	12.9311521466461
14362	13.4401622820967
14363	13.918749300812
14364	14.4184637021864
14365	14.9677544287679
14366	15.5685240256955
14367	16.204184336392
14368	16.8621372406991
14369	17.5331777973473
14370	18.2108780799986
14371	18.8909869131184
14372	19.5708797624378
14373	20.2490852898949
14374	20.9248973905353
14375	21.5980767206771
14376	22.268635801975
14377	22.9366934047865
14378	23.6015597653183
14379	24.2541390492428
14380	24.8990040034168
14381	25.534868810803
14382	26.147506753848
14383	26.7370038871093
14384	27.3099146243082
14385	27.8699821834492
14386	28.4106051086908
14387	28.9246648710393
14388	29.4128115340141
14389	29.8797849062183
14390	30.3335476022751
14391	30.7784257626801
14392	31.2118529424971
14393	31.6285508520518
14394	31.9982337177559
14395	32.3094911435691
14396	32.5788749299217
14397	32.7999809277431
14398	32.9405887831131
14399	33.0316715259982
14400	33.1084091749506
14401	33.1654122935259
14402	33.2184186459616
14403	33.2747261236884
14404	33.3379950395673
14405	33.4113835807382
14406	33.4946774912945
14407	33.5891678620787
14408	33.6885953451738
14409	33.7969578306994
14410	33.917080749509
14411	34.0372238074958
14412	34.1520250331287
14413	34.2665487638298
14414	34.3765486477343
14415	34.4708722324435
14416	34.5540144264737
14417	34.6333980563076
14418	34.703446125264
14419	34.761647072247
14420	34.8196721868867
14421	34.8866839262004
14422	34.9614170650875
14423	35.044735063204
14424	35.137135547192
14425	35.2315219106166
14426	35.3206102892208
14427	35.4040474420492
14428	35.4880986436667
14429	35.5661442105094
14430	35.6289533695353
14431	35.666883593865
14432	35.6824683470243
14433	35.7107716854507
14434	35.7960208552537
14435	35.9568747837557
14436	36.1978132909362
14437	36.5319384873009
14438	36.9559177983667
14439	37.4516372801601
14440	38.0032033848406
14441	38.5970318357177
14442	39.2218058894943
14443	39.8683150336582
14444	40.5292080671304
14445	41.19870460194
14446	41.8723043186484
14447	42.5465240972375
14448	43.2186781047044
14449	43.8867053650165
14450	44.5490424411072
14451	45.2045311901062
14452	45.8523544188284
14453	46.4919903802338
14454	47.1231770891096
14455	47.7458814923024
14456	48.3602696397338
14457	48.9666755414483
14458	49.5655680605463
14459	50.1575162078064
14460	50.7407700110309
14461	51.3094661553427
14462	51.8635870941957
14463	52.4023558902508
14464	52.9268357795251
14465	53.4332975195139
14466	53.9127834042883
14467	54.3660156159361
14468	54.8042961742566
14469	55.2331073146821
14470	55.6484518205468
14471	56.0457343678269
14472	56.4213861790093
14473	56.771320480585
14474	57.0965903603624
14475	57.4008324502633
14476	57.6875030104692
14477	57.9650127948846
14478	58.2368645514943
14479	58.5029423029984
14480	58.7585808089072
14481	58.9973919857775
14482	59.2150800414182
14483	59.4014687744968
14484	59.5339997442525
14485	59.5994251089743
14486	59.5748382763134
14487	59.4374648505666
14488	59.2040334533288
14489	58.895527209765
14490	58.5201029404992
14491	58.0821953612226
14492	57.5840033001012
14493	57.026293474876
14494	56.4087866991068
14495	55.7317741161477
14496	54.9967087227844
14497	54.2064863618695
14498	53.3655219162031
14499	52.479677856231
14500	51.5560797305788
14501	50.6028470281183
14502	49.6287641321153
14503	48.6429135836466
14504	47.6542903099002
14505	46.6714109776384
14506	45.7019289304526
14507	44.7522639182939
14508	43.8272596525441
14509	42.929946160819
14510	42.0620824134346
14511	41.2239705878004
14512	40.4135822270195
14513	39.6293300656003
14514	38.8730987758263
14515	38.1459309727136
14516	37.444643763498
14517	36.7692784568607
14518	36.1230635133908
14519	35.5064923291766
14520	34.9335279942772
14521	34.4233500698997
14522	33.9541280074454
14523	33.4813109826133
14524	32.9893621173653
14525	32.5012996848796
14526	32.0609399806338
14527	31.682258326647
14528	31.3766802572288
14529	31.1686263417903
14530	31.0656311619188
14531	31.0603870635077
14532	31.1351864560338
14533	31.270709018603
14534	31.4623791123238
14535	31.7211876839846
14536	32.0467581188194
14537	32.4132534377635
14538	32.791338064485
14539	33.1763068184967
14540	33.5838747344504
14541	34.0367693293417
14542	34.5412951414687
14543	35.0731576815938
14544	35.6324688506503
14545	36.2440905424586
14546	36.9218158233432
14547	37.6650489285237
14548	38.4506345527126
14549	39.2602229510627
14550	40.0922784237443
14551	40.9425507751962
14552	41.7987445744593
14553	42.6484561049978
14554	43.4824697253279
14555	44.2936589007659
14556	45.0799921596573
14557	45.8469631706606
14558	46.5987357413084
14559	47.3372003923024
14560	48.0509286410267
14561	48.7248029455899
14562	49.350160026988
14563	49.9309398419885
14564	50.474539757169
14565	50.9858842330874
14566	51.4772853646414
14567	51.959092375838
14568	52.4182650075715
14569	52.8156076261204
14570	53.1335862085621
14571	53.3814447044276
14572	53.5845206084228
14573	53.7431201148096
14574	53.8370941706988
14575	53.8736139054838
14576	53.8759434828989
14577	53.8767000743558
14578	53.887246679371
14579	53.8808083378247
14580	53.8428706346613
14581	53.7928544621345
14582	53.7512601451627
14583	53.7143298431579
14584	53.6642771606816
14585	53.594972546103
14586	53.5181694736497
14587	53.4350217456885
14588	53.3452864395709
14589	53.2558665384786
14590	53.1589416230007
14591	53.0447081324697
14592	52.9145275232311
14593	52.7752805711322
14594	52.6283737261251
14595	52.4723243065164
14596	52.2937143938506
14597	52.0823152680345
14598	51.8450406613685
14599	51.5913017293791
14600	51.3298527259354
14601	51.0583795913266
14602	50.7714928651261
14603	50.4684131539079
14604	50.1609107919799
14605	49.8596620372226
14606	49.5613496571167
14607	49.261695774612
14608	48.9600103455136
14609	48.6522244392437
14610	48.3350736121272
14611	48.0171671303788
14612	47.70201242739
14613	47.3977085576059
14614	47.1146540210773
14615	46.8484312931185
14616	46.5918359782919
14617	46.3403891596216
14618	46.0903857117878
14619	45.8377475963348
14620	45.5824723950303
14621	45.3267488232156
14622	45.0682816958778
14623	44.8111519506971
14624	44.5554596683626
14625	44.2927132804311
14626	44.021103192617
14627	43.7507223229472
14628	43.4932984672386
14629	43.2498055778809
14630	43.0183234658391
14631	42.7998071712347
14632	42.5902146631597
14633	42.3935585665491
14634	42.2148314147283
14635	42.0443117961072
14636	41.874702012865
14637	41.6963758595417
14638	41.4990566721591
14639	41.2832714011861
14640	41.0550535678348
14641	40.8298310826704
14642	40.6167158800592
14643	40.4119973884093
14644	40.210321124747
14645	40.01839177766
14646	39.8466255576112
14647	39.6931642826437
14648	39.5550615964343
14649	39.4187248319316
14650	39.2680527222943
14651	39.0964604577145
14652	38.9122337805296
14653	38.7393679957238
14654	38.6023394900524
14655	38.5081971302574
14656	38.4404055347269
14657	38.3815368007365
14658	38.3299620197334
14659	38.2908316142182
14660	38.2596322239597
14661	38.2105462090617
14662	38.1257763721234
14663	37.9970265751023
14664	37.8023160465338
14665	37.5424645764607
14666	37.2112381484536
14667	36.797580807635
14668	36.3276738294341
14669	35.8119591296964
14670	35.2486304232653
14671	34.6492143046851
14672	34.0238925162284
14673	33.3814414461037
14674	32.7292024950828
14675	32.0730946968054
14676	31.4176730890734
14677	30.7662299048752
14678	30.1209307032302
14679	29.4829745378203
14680	28.8527662336231
14681	28.2300893949115
14682	27.6142702078417
14683	27.004324866052
14684	26.4022488908093
14685	25.8151379779256
14686	25.2481819560841
14687	24.703633519853
14688	24.1785068953555
14689	23.6690511218001
14690	23.1792623501054
14691	22.7141950125198
14692	22.2738304184675
14693	21.8493029977067
14694	21.4333171628661
14695	21.0255039439128
14696	20.6379016019337
14697	20.240078526272
14698	19.840115321412
14699	19.4706796682408
14700	19.1474015324119
14701	18.8827692471674
14702	18.6527500092519
14703	18.4299873070505
14704	18.1976112368834
14705	17.9535814933928
14706	17.694128447305
14707	17.4110913226134
14708	17.1043846577941
14709	16.7777107184598
14710	16.4365893444637
14711	16.1031353886267
14712	15.8023941619941
14713	15.5455447761235
14714	15.3411193503372
14715	15.192374789076
14716	15.1047087282961
14717	15.0876362147783
14718	15.1512372416017
14719	15.303091747747
14720	15.5203620501831
14721	15.7413518631672
14722	15.8958158585117
14723	15.9640212510069
14724	15.9452115004468
14725	15.8184817460389
14726	15.5755891973273
14727	15.2282995910967
14728	14.7965949377724
14729	14.309426083874
14730	13.8000926348023
14731	13.2612707631387
14732	12.6787877649876
14733	12.0622001517596
14734	11.4194713588854
14735	10.7572449118632
14736	10.0810751262367
14737	9.39575382313116
14738	8.70653520954469
14739	8.01899869906311
14740	7.33262194562782
14741	6.67419657604855
14742	6.07224985379356
14743	5.51124740366046
14744	4.97857691580479
14745	4.48836612688506
14746	4.09167449593831
14747	3.7708494551132
14748	3.50776122456656
14749	3.32451780101132
14750	3.19775833636447
14751	3.12876491229414
14752	3.14181295499334
14753	3.25844413997854
14754	3.49422790081211
14755	3.8330656645728
14756	4.25438675454593
14757	4.75109073937987
14758	5.31324751317573
14759	5.94856692419138
14760	6.66238783475542
14761	7.44368043424802
14762	8.2884022847254
14763	9.18789378051044
14764	10.1383939892282
14765	11.1340569423227
14766	12.1454463632788
14767	13.1537916538444
14768	14.1515812670418
14769	15.1259518207764
14770	16.056211339344
14771	16.926466739001
14772	17.7399305331638
14773	18.4930637449996
14774	19.1868023468149
14775	19.8325300455159
14776	20.4382808683228
14777	20.9610535337394
14778	21.3399283741128
14779	21.632872132686
14780	21.8518836019931
14781	22.004223463581
14782	22.1642725053788
14783	22.3335120851531
14784	22.4841460435412
14785	22.6099055091934
14786	22.7040311744781
14787	22.7597372164533
14788	22.7869589610547
14789	22.7872089860822
14790	22.7394460247528
14791	22.6185771186786
14792	22.4150690750617
14793	22.1343056303122
14794	21.7910084716772
14795	21.3880219477757
14796	20.8975913672232
14797	20.3041408833085
14798	19.6176564362471
14799	18.8464790839966
14800	17.9987530283024
14801	17.0833228509942
14802	16.1135455389463
14803	15.1054807476178
14804	14.0743124458428
14805	13.0342624312732
14806	11.9951382189942
14807	10.9671332141685
14808	9.95882607113896
14809	8.97520157770381
14810	8.02273573540786
14811	7.10398104819573
14812	6.21817213774886
14813	5.36604592396709
14814	4.54631559531748
14815	3.75493779672336
14816	2.99091036868467
14817	2.25096216695051
14818	1.52925622211117
14819	0.823304409763826
14820	0.132011404578256
14821	-0.546510155045759
14822	-1.21405910995569
14823	-1.87395148528868
14824	-2.5301846889746
14825	-3.18402153595659
14826	-3.83678265940387
14827	-4.48814761005204
14828	-5.1360743990983
14829	-5.77722461298805
14830	-6.40627223136228
14831	-7.00117002356569
14832	-7.49328227186379
14833	-7.89030364229301
14834	-8.25914004718901
14835	-8.60699643800986
14836	-8.98210178386122
14837	-9.4208611411982
14838	-9.91043969995109
14839	-10.4427826569325
14840	-11.0090359928933
14841	-11.6039887743072
14842	-12.220821858536
14843	-12.8545959720869
14844	-13.5018595847798
14845	-14.1602875042281
14846	-14.8283576537652
14847	-15.5050420517951
14848	-16.1895532286953
14849	-16.8811703622975
14850	-17.5791465773458
14851	-18.2826833931207
14852	-18.9909499249809
14853	-19.703126487243
14854	-20.418453792795
14855	-21.1362779614171
14856	-21.8560830403
14857	-22.5775090673139
14858	-23.3003568616591
14859	-24.0245795512048
14860	-24.7502646739422
14861	-25.477610710532
14862	-26.2069002588585
14863	-26.9384722516397
14864	-27.6712577086977
14865	-28.4030281863964
14866	-29.1300214058749
14867	-29.8473852353908
14868	-30.5439582294369
14869	-31.1865636265909
14870	-31.7180743828458
14871	-32.1045752531464
14872	-32.3647949708201
14873	-32.5195801997909
14874	-32.6005253313463
14875	-32.7052152905196
14876	-32.9197114487988
14877	-33.2472975849634
14878	-33.6648918661736
14879	-34.1537718393151
14880	-34.6970766802382
14881	-35.2807564595878
14882	-35.8891519884287
14883	-36.516389023323
14884	-37.1381291154293
14885	-37.6975078892122
14886	-38.1757642195984
14887	-38.5848951611971
14888	-38.9257509710512
14889	-39.1922160653982
14890	-39.3269040066393
14891	-39.2938258682995
14892	-39.126540075695
14893	-38.9137188877345
14894	-38.7627325658573
14895	-38.7326201367688
14896	-38.8422772574575
14897	-39.0877665008987
14898	-39.4519477369388
14899	-39.9114222922573
14900	-40.4452671120551
14901	-41.0347656771869
14902	-41.6633367183159
14903	-42.3165731253126
14904	-42.9823224945351
14905	-43.6507506593764
14906	-44.314342192601
14907	-44.9678105873568
14908	-45.607911919541
14909	-46.2331747922638
14910	-46.8435722524277
14911	-47.4344349719153
14912	-47.9906863534812
14913	-48.5180872496693
14914	-49.0218729971178
14915	-49.4758414247166
14916	-49.8631963496071
14917	-50.1574328041166
14918	-50.2996418858004
14919	-50.288475134711
14920	-50.1517188518374
14921	-49.9006536019675
14922	-49.5658607092115
14923	-49.1878834818252
14924	-48.7526900583202
14925	-48.250478368895
14926	-47.7357725012066
14927	-47.2452849152607
14928	-46.7711200396477
14929	-46.2925852745915
14930	-45.7829172538126
14931	-45.2087970549264
14932	-44.5583809112959
14933	-43.8633259399725
14934	-43.1797901161954
14935	-42.523111167566
14936	-41.8461654081925
14937	-41.1233060366748
14938	-40.3955062734874
14939	-39.7190532643201
14940	-39.1128421129327
14941	-38.5596774624668
14942	-38.0639292439954
14943	-37.6445900991056
14944	-37.2805746917585
14945	-36.9627105975288
14946	-36.706127975829
14947	-36.4989387754444
14948	-36.3258821088722
14949	-36.1921368915682
14950	-36.1014212650107
14951	-36.038310175501
14952	-35.9884143712957
14953	-35.9433486174893
14954	-35.8964761067454
14955	-35.8431043873165
14956	-35.7833104435296
14957	-35.7237859511152
14958	-35.6671093836153
14959	-35.6112795214275
14960	-35.5602643690454
14961	-35.5134195318556
14962	-35.4487552425691
14963	-35.3286998441641
14964	-35.1049581029693
14965	-34.7630769466472
14966	-34.3240093686203
14967	-33.7989044635864
14968	-33.1981738897745
14969	-32.5379843314218
14970	-31.832013013481
14971	-31.0921331157748
14972	-30.3279185324895
14973	-29.545941862375
14974	-28.75230885739
14975	-27.9518523843182
14976	-27.1483445840955
14977	-26.3446725800785
14978	-25.542978679814
14979	-24.7447707232205
14980	-23.9510109443108
14981	-23.162192482759
14982	-22.3784081857061
14983	-21.5994141559949
14984	-20.8246916937109
14985	-20.0535079207051
14986	-19.2854228642995
14987	-18.5202197461365
14988	-17.7666360188209
14989	-17.0381265464294
14990	-16.3473455835628
14991	-15.7035871355096
14992	-15.1031834654741
14993	-14.5710868261494
14994	-14.0911198418784
14995	-13.6251481278509
14996	-13.1488086725423
14997	-12.6328642828251
14998	-12.081057473371
14999	-11.5262164371561
15000	-10.9903870527538
15001	-10.4699770480406
15002	-9.9478110978811
15003	-9.39715448932792
15004	-8.81061010468544
15005	-8.20270790092139
15006	-7.60113714985941
15007	-7.02388892397694
15008	-6.49879596514589
15009	-6.05225683538322
15010	-5.69609551553325
15011	-5.43379056889702
15012	-5.24351985686264
15013	-5.10849461891433
15014	-5.0013370498465
15015	-4.89676256952909
15016	-4.82029424153603
15017	-4.73671268887022
15018	-4.58387068473782
15019	-4.36526303298236
15020	-4.10179881699173
15021	-3.82594824945936
15022	-3.58741838369239
15023	-3.37670241241798
15024	-3.10367600811803
15025	-2.73853599145488
15026	-2.29420162919983
15027	-1.76717329686334
15028	-1.17043776545782
15029	-0.536072579374971
15030	0.111741064657681
15031	0.765705138340121
15032	1.42161964876615
15033	2.08140009445083
15034	2.74230995452206
15035	3.40450427757974
15036	4.06772153894812
15037	4.72313030059487
15038	5.3671614965509
15039	6.00073599746392
15040	6.62038877086198
15041	7.23583886706391
15042	7.86681376930458
15043	8.50475197811605
15044	9.12695753183668
15045	9.72785714083085
15046	10.3113720607349
15047	10.8813239780884
15048	11.4412194273629
15049	11.9941111631844
15050	12.5425460493875
15051	13.0885745795844
15052	13.6337968833156
15053	14.1794262910509
15054	14.726357327706
15055	15.2752298889283
15056	15.8264849548204
15057	16.380412021702
15058	16.9371882556096
15059	17.4969093789212
15060	18.0596131185265
15061	18.6287155121061
15062	19.210964058687
15063	19.8064940636735
15064	20.3974518239712
15065	20.9646448362734
15066	21.5189905615856
15067	22.0805080642304
15068	22.6578661562005
15069	23.2427871235896
15070	23.8136344877977
15071	24.3527796235001
15072	24.8719524456409
15073	25.3786860492563
15074	25.8584743470349
15075	26.304159765627
15076	26.7190069933555
15077	27.0989874004132
15078	27.4351876047676
15079	27.7275704360051
15080	27.9842507352711
15081	28.2222277505176
15082	28.4368265240176
15083	28.6188770397104
15084	28.786907179795
15085	29.0010086975857
15086	29.3311866841894
15087	29.7823360917434
15088	30.3176029151561
15089	30.9097934923389
15090	31.5363860509517
15091	32.1757108557051
15092	32.8245253967447
15093	33.4804479799862
15094	34.1339672675374
15095	34.7798676222503
15096	35.4160146865996
15097	36.0558136183406
15098	36.7093732980902
15099	37.3720046781208
15100	38.0329585236276
15101	38.674912662524
15102	39.2918384524558
15103	39.8838333562435
15104	40.445425615633
15105	40.9853593275675
15106	41.5215057467527
15107	42.0736330621448
15108	42.6481930027428
15109	43.2365133002221
15110	43.8318905923738
15111	44.4294115716538
15112	45.0256932887282
15113	45.6185868384167
15114	46.2068819976976
15115	46.7900389937872
15116	47.3679625171321
15117	47.9408224870731
15118	48.5089206936091
15119	49.0725991732319
15120	49.6321837231602
15121	50.1863639136964
15122	50.7349454191453
15123	51.2801683786061
15124	51.8231234415614
15125	52.3619717682704
15126	52.8920568492753
15127	53.4101760299341
15128	53.8954969817388
15129	54.311311187035
15130	54.6478009539393
15131	54.9066191648646
15132	55.0850138543072
15133	55.173033950432
15134	55.1788964404686
15135	55.1489114460727
15136	55.1258788692558
15137	55.1356216060724
15138	55.2072498496473
15139	55.3560095068146
15140	55.5751314260377
15141	55.8569257191229
15142	56.1931678066253
15143	56.5726196311558
15144	56.9765937461598
15145	57.383972642837
15146	57.7778587965524
15147	58.1447412918547
15148	58.4844632013922
15149	58.8080315742217
15150	59.1202242896631
15151	59.4147211781214
15152	59.6830571068691
15153	59.9203082697659
15154	60.123145747224
15155	60.2819712825948
15156	60.3865357131406
15157	60.4391751201368
15158	60.4533569590822
15159	60.4318156928499
15160	60.350796272825
15161	60.1905219437667
15162	59.9557589641582
15163	59.6557791438884
15164	59.2933054668913
15165	58.8670645069294
15166	58.3929571337456
15167	57.8752459800449
15168	57.3009072807085
15169	56.6701414232074
15170	55.9865072733428
15171	55.2551187085158
15172	54.4822998665396
15173	53.6750708892109
15174	52.8409504298682
15175	51.9877062467759
15176	51.1231090035093
15177	50.2546895277603
15178	49.3895079217545
15179	48.5339398785454
15180	47.6934841957557
15181	46.8725925423972
15182	46.0745263482589
15183	45.3012529595297
15184	44.5530972995694
15185	43.829266886186
15186	43.1280877490827
15187	42.4480687509927
15188	41.7889726019038
15189	41.1503758670742
15190	40.5311594738125
15191	39.9298269246317
15192	39.3447279701791
15193	38.7741604599455
15194	38.2164338602991
15195	37.6699160764304
15196	37.133067087689
15197	36.604461037303
15198	36.082798298742
15199	35.5669093000351
15200	35.0557519939647
15201	34.5484048877695
15202	34.0440571698402
15203	33.5419976087794
15204	33.0416027756313
15205	32.5423259161739
15206	32.0436865199736
15207	31.5452608349046
15208	31.0466738251073
15209	30.5475922011085
15210	30.0477183448042
15211	29.5467853289851
15212	29.0445528015731
15213	28.5408703292263
15214	28.0356066741742
15215	27.5284198810865
15216	27.0190116876843
15217	26.5072796427173
15218	25.9931406037613
15219	25.4767115574313
15220	24.9583742070311
15221	24.4381033890324
15222	23.9163198028417
15223	23.3930128282859
15224	22.8673147465722
15225	22.3382777813735
15226	21.8051984386174
15227	21.2677480787228
15228	20.7256946406638
15229	20.1795615521484
15230	19.6308808387801
15231	19.0809435412967
15232	18.5282228664562
15233	17.9714779900649
15234	17.4120329370505
15235	16.8499904243267
15236	16.2830128590767
15237	15.7103581507239
15238	15.132952143605
15239	14.5518052767882
15240	13.9698584356734
15241	13.3886972406079
15242	12.8041939885061
15243	12.2129818973743
15244	11.6155580906917
15245	11.0146896396432
15246	10.414337575993
15247	9.81384726116833
15248	9.21728530068415
15249	8.63209782232796
15250	8.04954896383021
15251	7.47019450481785
15252	6.90227566658167
15253	6.34778754543603
15254	5.80816436597205
15255	5.28781167029757
15256	4.79723620764446
15257	4.34435005268743
15258	3.9453518285846
15259	3.60938714606015
15260	3.31128310269284
15261	3.03803263407866
15262	2.81959911045753
15263	2.64300730916629
15264	2.50399650151695
15265	2.43278246822144
15266	2.41603390431783
15267	2.40251870009966
15268	2.36398906815822
15269	2.30139979608373
15270	2.19989796660362
15271	2.05083454524647
15272	1.86712679364048
15273	1.64542503821724
15274	1.39309730846061
15275	1.11267097617175
15276	0.803417670149361
15277	0.468119392676578
15278	0.117410241665484
15279	-0.23938264070502
15280	-0.591654297384138
15281	-0.932317279041243
15282	-1.26206180985499
15283	-1.57291205989528
15284	-1.85954574258226
15285	-2.12341775872118
15286	-2.37728620886581
15287	-2.61766337151324
15288	-2.83936992844994
15289	-3.05084634070693
15290	-3.25614596970133
15291	-3.45068842885373
15292	-3.57575948419748
15293	-3.62388481035317
15294	-3.67416361303387
15295	-3.77105459696237
15296	-3.94644457793185
15297	-4.22679322005998
15298	-4.60434739344266
15299	-5.0671191736863
15300	-5.60474708930265
15301	-6.20041426533574
15302	-6.84039891954217
15303	-7.51373579414293
15304	-8.21179876933396
15305	-8.92785927894517
15306	-9.65667244853219
15307	-10.3941257957703
15308	-11.1369651553909
15309	-11.8825970308045
15310	-12.6289546022398
15311	-13.3726518541481
15312	-14.1061891089947
15313	-14.8327288884968
15314	-15.5537923427982
15315	-16.2452325245438
15316	-16.8803179790948
15317	-17.4472647253791
15318	-17.9485608447892
15319	-18.3943430707824
15320	-18.8043183868391
15321	-19.166805422721
15322	-19.425462808099
15323	-19.5233399611832
15324	-19.4822106008225
15325	-19.3251590775646
15326	-19.0448940908375
15327	-18.7213930544391
15328	-18.4325055528727
15329	-18.2466808167673
15330	-18.238131659548
15331	-18.4098819967484
15332	-18.7327037947152
15333	-19.184309378693
15334	-19.716711272654
15335	-20.2703919143131
15336	-20.8129292461063
15337	-21.3658218456717
15338	-21.9526860944833
15339	-22.5614287385412
15340	-23.1903452433724
15341	-23.8359778034302
15342	-24.4775619279931
15343	-25.1096441571293
15344	-25.7204564596527
15345	-26.3052400016597
15346	-26.8644423681412
15347	-27.393302121152
15348	-27.8910643455923
15349	-28.3717135183249
15350	-28.8018219407256
15351	-29.1006183016441
15352	-29.2170555979665
15353	-29.1850316414863
15354	-29.0682568273681
15355	-28.9003060547557
15356	-28.7126432660449
15357	-28.5455658090632
15358	-28.4332896691625
15359	-28.3732021024482
15360	-28.3425468222928
15361	-28.3504647128853
15362	-28.4058944696282
15363	-28.4769010183102
15364	-28.5281461016305
15365	-28.5209323880776
15366	-28.4196977795386
15367	-28.2310072693895
15368	-28.0078868715797
15369	-27.7892588712139
15370	-27.5605534780874
15371	-27.295215140951
15372	-26.9979676355559
15373	-26.671455772586
15374	-26.2884754379406
15375	-25.8468755404829
15376	-25.3750789404249
15377	-24.8887434140679
15378	-24.3516389953534
15379	-23.7051846487224
15380	-22.9460103011142
15381	-22.1190005045049
15382	-21.2464502978337
15383	-20.3368735023114
15384	-19.4134512982054
15385	-18.4867156127487
15386	-17.5699489264317
15387	-16.6801926690569
15388	-15.8250742549864
15389	-15.0065089115153
15390	-14.2112039115115
15391	-13.4322364511897
15392	-12.6809523458779
15393	-11.9437342478046
15394	-11.1986324026194
15395	-10.4475417052711
15396	-9.69271631101833
15397	-8.93523654762464
15398	-8.17533415100452
15399	-7.41316673102205
15400	-6.65178037884533
15401	-5.91552622675489
15402	-5.22142451151906
15403	-4.56030922754535
15404	-3.90361603181876
15405	-3.23016399678003
15406	-2.54085674682345
15407	-1.83732298262402
15408	-1.1216035838587
15409	-0.39588220021615
15410	0.33772283345917
15411	1.07730096351221
15412	1.82123042350881
15413	2.56820875079931
15414	3.31724900594627
15415	4.06765136983514
15416	4.81896352511733
15417	5.57093720515457
15418	6.32348345339587
15419	7.07663379273866
15420	7.8305066943669
15421	8.57863767469458
15422	9.31450494098219
15423	10.039344109918
15424	10.7462797695355
15425	11.423308142622
15426	12.0602886898041
15427	12.6551527872517
15428	13.2456384478923
15429	13.85824031914
15430	14.4915959861599
15431	15.1504255984495
15432	15.8170093018012
15433	16.4805980447673
15434	17.1328834434114
15435	17.7607061489801
15436	18.38507385638
15437	19.0296171152089
15438	19.6969081702422
15439	20.3680397203775
15440	21.0466893488882
15441	21.7454770876857
15442	22.4595856122175
15443	23.1901731523147
15444	23.9338747646822
15445	24.6878544996405
15446	25.4497635570813
15447	26.2176887073732
15448	26.9900967128958
15449	27.7657777899789
15450	28.5427285356339
15451	29.3163693963673
15452	30.0807095309669
15453	30.8266954158494
15454	31.5440398137739
15455	32.1912703886938
15456	32.6977396735806
15457	33.0236342274934
15458	33.247977779614
15459	33.4261063989652
15460	33.5670425403722
15461	33.7136794052249
15462	33.884833204583
15463	34.0780484710696
15464	34.2908660270769
15465	34.5377978421499
15466	34.8435334102866
15467	35.2125284303
15468	35.62943884902
15469	36.0837125222396
15470	36.5673305267844
15471	37.0708851413551
15472	37.5894653310345
15473	38.1168174192525
15474	38.6435205068223
15475	39.1665385616803
15476	39.6883163601755
15477	40.2129784003546
15478	40.7370736726169
15479	41.2535074387453
15480	41.7667247066278
15481	42.2834265465826
15482	42.796624974975
15483	43.2938496366098
15484	43.772074122084
15485	44.2346092989473
15486	44.6803982931118
15487	45.1047715884442
15488	45.508312617301
15489	45.8948612274128
15490	46.2725113477897
15491	46.6564819058226
15492	47.0482114607313
15493	47.4334094071908
15494	47.7949989833053
15495	48.1382573455404
15496	48.4826065989985
15497	48.8448754509833
15498	49.2382019510468
15499	49.6634208492186
15500	50.111582259794
15501	50.5660891820104
15502	51.0160694845722
15503	51.4678620440863
15504	51.9266664426287
15505	52.3904123120383
15506	52.857076072662
15507	53.3251577525664
15508	53.7935784488474
15509	54.2622341450473
15510	54.7328956774631
15511	55.2056145947874
15512	55.6770322785445
15513	56.1446315233972
15514	56.6101229204142
15515	57.0761823731748
15516	57.5394483307755
15517	57.9899470544486
15518	58.4218123353359
15519	58.8296523447208
15520	59.2072734297945
15521	59.53869531703
15522	59.8017841990271
15523	59.9840909492522
15524	60.0845260446504
15525	60.0965833512155
15526	60.0172999415696
15527	59.8472772024526
15528	59.5887864910625
15529	59.2531698184893
15530	58.8491507163213
15531	58.3829339910271
15532	57.8614473297277
15533	57.2963150835574
15534	56.6939897830384
15535	56.0550413592058
15536	55.3823477992916
15537	54.6788944099897
15538	53.9566692420583
15539	53.2336688482672
15540	52.5165088101316
15541	51.801230794089
15542	51.0841671141455
15543	50.3691818724255
15544	49.6544842222608
15545	48.9439652886961
15546	48.2485555000106
15547	47.5729128550023
15548	46.920106802126
15549	46.2913551474787
15550	45.6836362626515
15551	45.0907806187526
15552	44.507966082697
15553	43.9327123627129
15554	43.3691064775262
15555	42.819808172213
15556	42.2833851332682
15557	41.7618577348235
15558	41.2527371930394
15559	40.7507520597397
15560	40.2563970732308
15561	39.7771302938486
15562	39.3168672447827
15563	38.8753182648298
15564	38.4441657232546
15565	38.0138345896928
15566	37.6024302041417
15567	37.1916515067618
15568	36.7817650348985
15569	36.378167170775
15570	35.9715894934158
15571	35.5898567131321
15572	35.2439869479284
15573	34.9145413290095
15574	34.5835267056769
15575	34.2441741515261
15576	33.9172910709451
15577	33.6268154273729
15578	33.3820634682267
15579	33.1824585263825
15580	33.0078486984847
15581	32.8371553960381
15582	32.6760184456748
15583	32.5424806235792
15584	32.4423236270214
15585	32.3581988160228
15586	32.260650059721
15587	32.1426131452197
15588	32.0178215781067
15589	31.9010099307474
15590	31.7957047671542
15591	31.6943527589428
15592	31.5791210983972
15593	31.4430178150208
15594	31.290836019495
15595	31.1301723046436
15596	30.9630066384254
15597	30.7698427519734
15598	30.5379682286634
15599	30.2763399479324
15600	30.0006432729143
15601	29.7165264634851
15602	29.4163306153477
15603	29.0863646721829
15604	28.7438466967595
15605	28.4276295370705
15606	28.1348842254962
15607	27.8423182581648
15608	27.5245599576647
15609	27.1897914108667
15610	26.859718975727
15611	26.5303304559477
15612	26.2024045664802
15613	25.8873522063301
15614	25.5769192251665
15615	25.2467227652674
15616	24.9106326959911
15617	24.5778275671015
15618	24.2335351914992
15619	23.8572894490386
15620	23.4633941363912
15621	23.0940348581622
15622	22.735429940144
15623	22.3700688404295
15624	21.9944622870319
15625	21.6219433281731
15626	21.2649114831927
15627	20.8951776176163
15628	20.5076846262699
15629	20.1186207133719
15630	19.7165734469169
15631	19.3156353043331
15632	18.960660525935
15633	18.6513184564131
15634	18.3768552523776
15635	18.136368252375
15636	17.9203732908578
15637	17.7276539131868
15638	17.5593634447872
15639	17.4263581605513
15640	17.3299504169167
15641	17.2525665049611
15642	17.1522492368691
15643	17.0161504355779
15644	16.8525645919685
15645	16.6590852689459
15646	16.4595101046598
15647	16.2540854347219
15648	16.0403923939811
15649	15.8271862822787
15650	15.6293875192272
15651	15.4552279098033
15652	15.2852336283274
15653	15.1311165086265
15654	15.0111076647083
15655	14.9426494799945
15656	14.9393640768883
15657	15.0159973515034
15658	15.1451812099876
15659	15.277115068501
15660	15.4176524502811
15661	15.5994754969481
15662	15.8680643501838
15663	16.2549407789674
15664	16.7641081898896
15665	17.3882563192198
15666	18.1192626410396
15667	18.9471929558271
15668	19.8601217172748
15669	20.8443467753571
15670	21.8848442956921
15671	22.9658663343935
15672	24.0716048846026
15673	25.186864395522
15674	26.2977084245211
15675	27.3920655199626
15676	28.4602820475412
15677	29.4955930855668
15678	30.494218759057
15679	31.4548858596891
15680	32.3782076245896
15681	33.2661124166959
15682	34.1168690262234
15683	34.9299468885677
15684	35.714139866971
15685	36.475726645569
15686	37.2128628244931
15687	37.9202225457073
15688	38.5852427655559
15689	39.1874884750406
15690	39.7149231188542
15691	40.1630647166016
15692	40.5287534232449
15693	40.7802884557199
15694	40.8940212314566
15695	40.9124771162306
15696	40.9041342399509
15697	40.9151203841893
15698	40.9624746745539
15699	41.0240282165899
15700	41.0424668061478
15701	40.9909352868938
15702	40.85744102891
15703	40.6169585244231
15704	40.2804377696252
15705	39.8874693917345
15706	39.4367777969803
15707	38.9031109280442
15708	38.2976682091055
15709	37.6508294737017
15710	37.0054758048086
15711	36.3727497340517
15712	35.7226082250605
15713	35.0578803030908
15714	34.4020368688875
15715	33.7660843697371
15716	33.1493519796024
15717	32.5402171164443
15718	31.9298441589661
15719	31.3245033200056
15720	30.7249442240643
15721	30.1319698077555
15722	29.5616205888925
15723	29.0216661041482
15724	28.5087568943973
15725	28.0170500437222
15726	27.5410908000963
15727	27.074486423218
15728	26.6165074595765
15729	26.1739620503662
15730	25.7463090532397
15731	25.3414590860283
15732	24.9841036468926
15733	24.6526361069602
15734	24.334770514198
15735	24.0480684063342
15736	23.8132474787772
15737	23.656590788323
15738	23.5904255296119
15739	23.594001368307
15740	23.6089345493075
15741	23.5921431572939
15742	23.5374287613508
15743	23.4552781946532
15744	23.341634503076
15745	23.1734681687482
15746	22.9345200459296
15747	22.6392922434268
15748	22.3133911835801
15749	21.9838059762865
15750	21.6638164732505
15751	21.3313252998627
15752	20.9756208915144
15753	20.5941041689042
15754	20.1933801681833
15755	19.7913446572152
15756	19.3985537151299
15757	19.0116121427631
15758	18.6406046478063
15759	18.2921078935376
15760	17.981104941712
15761	17.7359716243727
15762	17.5643948857123
15763	17.4730014225982
15764	17.4706928327274
15765	17.5435778384793
15766	17.6791839277573
15767	17.8873298971486
15768	18.1709642194104
15769	18.5231142009112
15770	18.9311337450659
15771	19.3642185941638
15772	19.7599305846597
15773	20.0723311855461
15774	20.295890742058
15775	20.4349838929373
15776	20.4723696953729
15777	20.3952973858767
15778	20.1883886729001
15779	19.8409048026662
15780	19.378456424301
15781	18.8274785401988
15782	18.1997075505205
15783	17.5076451660832
15784	16.771096727054
15785	16.0078523824699
15786	15.2330045425051
15787	14.4585188854242
15788	13.6919883102197
15789	12.9375771969998
15790	12.1978768850143
15791	11.4736086084446
15792	10.7677793554272
15793	10.082224205021
15794	9.41504634492911
15795	8.76343155334572
15796	8.1244737816861
15797	7.49540295380073
15798	6.87372972436487
15799	6.25732092439662
15800	5.64442176265009
15801	5.03355451199584
15802	4.42354537180479
15803	3.81240826672199
15804	3.19783764985733
15805	2.57947536050705
15806	1.95914556582926
15807	1.33959730164591
15808	0.721527287608007
15809	0.104091718312459
15810	-0.513118096471485
15811	-1.13079613777294
15812	-1.74961662507335
15813	-2.37024084089854
15814	-2.99331416649939
15815	-3.61945726040103
15816	-4.24925457033932
15817	-4.88324277089736
15818	-5.52190090774089
15819	-6.1660611084785
15820	-6.81695927579047
15821	-7.4751716025854
15822	-8.1413841788599
15823	-8.81733761654623
15824	-9.5039039422093
15825	-10.1974491360954
15826	-10.8934043198324
15827	-11.5835280482151
15828	-12.263116798836
15829	-12.9346060512592
15830	-13.5855165475311
15831	-14.1787423021971
15832	-14.7264858886828
15833	-15.2851435756837
15834	-15.8761794976969
15835	-16.498342304749
15836	-17.1487624876744
15837	-17.8257913897912
15838	-18.5268231336392
15839	-19.2431941975931
15840	-19.909210834375
15841	-20.4716248932319
15842	-20.9665508174678
15843	-21.4630620686943
15844	-21.9767159320216
15845	-22.4856780174793
15846	-22.9286191651615
15847	-23.2479592234418
15848	-23.4110510973569
15849	-23.3866299522838
15850	-23.1847207883895
15851	-22.8429024565258
15852	-22.3935965953693
15853	-21.853014760362
15854	-21.2215718115682
15855	-20.4941724770296
15856	-19.6716284502557
15857	-18.757968536312
15858	-17.7589083637443
15859	-16.6853496143765
15860	-15.5529114621788
15861	-14.3778849228105
15862	-13.177886352262
15863	-11.9706257670626
15864	-10.772822925548
15865	-9.59742924056948
15866	-8.45633321397541
15867	-7.36096422090982
15868	-6.31404859237727
15869	-5.30448659607002
15870	-4.31650736455356
15871	-3.34142462757839
15872	-2.38018430814839
15873	-1.43623721859131
15874	-0.510946958209899
15875	0.394561225953479
15876	1.27930494728772
15877	2.14268823123675
15878	2.98465287523338
15879	3.80569952344609
15880	4.60680811610828
15881	5.38930721076893
15882	6.15473557019984
15883	6.90472051488336
15884	7.64088568943664
15885	8.36478749218937
15886	9.07787559795159
15887	9.78147498951243
15888	10.4767785960408
15889	11.1648497106432
15890	11.8466310754245
15891	12.5229549508977
15892	13.194553730084
15893	13.8620706568113
15894	14.5260697937314
15895	15.1870450249831
15896	15.8454277549489
15897	16.5015933439182
15898	17.1558668250991
15899	17.8085281218983
15900	18.4598169256886
15901	19.1099373490998
15902	19.7590624145671
15903	20.4073383857891
15904	21.0548889090756
15905	21.7018189061505
15906	22.3482181503197
15907	22.9941644621428
15908	23.6397264755364
15909	24.2849659466502
15910	24.9299396019574
15911	25.5745685737176
15912	26.2134012360571
15913	26.8406993988439
15914	27.4596948872538
15915	28.0747112207127
15916	28.6835975704005
15917	29.2783839263404
15918	29.8519831604117
15919	30.396815260752
15920	30.9059934199453
15921	31.370604753444
15922	31.771120470956
15923	32.1087915632635
15924	32.3588091819876
15925	32.5444298252654
15926	32.7132038864771
15927	32.8873435027052
15928	33.113995763514
15929	33.4103638297112
15930	33.7281981555265
15931	34.0013742486714
15932	34.2171767192995
15933	34.3606520334781
15934	34.4007427711688
15935	34.3190284752955
15936	34.1093054243146
15937	33.7850807104515
15938	33.3705823209495
15939	32.8889010205768
15940	32.336843082484
15941	31.7042845794392
15942	31.0128123892424
15943	30.2666710121178
15944	29.4670042667405
15945	28.6334451370888
15946	27.7754238363584
15947	26.9011185256664
15948	26.0178756201039
15949	25.1399747635565
15950	24.2799255112736
15951	23.4451118445073
15952	22.6386810286105
15953	21.8641774734192
15954	21.1308527266256
15955	20.4369813086457
15956	19.7685949163429
15957	19.1256423941558
15958	18.5158914626009
15959	17.9303691625784
15960	17.3373296577529
15961	16.7447884122811
15962	16.190253389376
15963	15.6424275034915
15964	15.068829256781
15965	14.4777822259664
15966	13.8756321842346
15967	13.2669700482189
15968	12.6549261072505
15969	12.0414926276534
15970	11.427833391001
15971	10.8145510218073
15972	10.201897910774
15973	9.58992905601731
15974	8.97860295680497
15975	8.36784090987573
15976	7.75755571734377
15977	7.14765949311356
15978	6.53861543006039
15979	5.9315151259619
15980	5.32644145608474
15981	4.72474346300584
15982	4.1285584455136
15983	3.56602745457469
15984	3.0822449182403
15985	2.67162559596938
15986	2.30964876065518
15987	1.99728281330905
15988	1.71455924705755
15989	1.46181851689853
15990	1.2434833169905
15991	1.02241906498327
15992	0.760865031542722
15993	0.448261473333602
15994	0.084133353669056
15995	-0.325362501291115
15996	-0.78132017848589
15997	-1.27254961688098
15998	-1.77341415233228
15999	-2.28120954284513
16000	-2.77836576879312
16001	-3.26600749360594
16002	-3.750497221509
16003	-4.21564700897037
16004	-4.6565575398724
16005	-5.07329600600831
16006	-5.46180086103759
16007	-5.81466073722506
16008	-6.13961841599166
16009	-6.45632117298767
16010	-6.75623197456254
16011	-7.00411458730424
16012	-7.21510539697451
16013	-7.38988194089355
16014	-7.48455034151802
16015	-7.49608038016807
16016	-7.46606323284726
16017	-7.41427616978028
16018	-7.31717927232763
16019	-7.20144701335099
16020	-7.08271133045698
16021	-6.93608673015912
16022	-6.77538720422365
16023	-6.60478044198676
16024	-6.39144112403849
16025	-6.12268040261823
16026	-5.83230501015496
16027	-5.53650799072193
16028	-5.21483371766019
16029	-4.88297812780432
16030	-4.54935909375557
16031	-4.1663696259266
16032	-3.70804601289121
16033	-3.18515375687969
16034	-2.61528141776774
16035	-2.00393147957813
16036	-1.3605321781472
16037	-0.699513640662224
16038	-0.0263129126965964
16039	0.653645345751963
16040	1.33115961634914
16041	2.00998074518601
16042	2.69514214636999
16043	3.36045885846325
16044	3.99562386370889
16045	4.60525616092047
16046	5.18750874074456
16047	5.73494973845589
16048	6.22337045891137
16049	6.625813166011
16050	6.92787790770452
16051	7.13588971597362
16052	7.26462104244045
16053	7.36816233338573
16054	7.45983504655007
16055	7.51244556750412
16056	7.53313939847838
16057	7.50464845793513
16058	7.41508340369139
16059	7.27036595611503
16060	7.04688334534164
16061	6.7562147837793
16062	6.40893311962529
16063	5.98210874822844
16064	5.44735454834952
16065	4.78539395051461
16066	4.00516170055591
16067	3.1181950728683
16068	2.14166117718962
16069	1.09580595212894
16070	0.00506932654301087
16071	-1.11051961697158
16072	-2.23838077601762
16073	-3.3655749001053
16074	-4.47998562909137
16075	-5.57180256297963
16076	-6.6338298087021
16077	-7.66174775436705
16078	-8.65384398528717
16079	-9.61037287996392
16080	-10.5329681328423
16081	-11.4241668719085
16082	-12.2870458004369
16083	-13.1249550294355
16084	-13.9413296935115
16085	-14.7395596090084
16086	-15.5228993848602
16087	-16.2943269902965
16088	-17.0550387158695
16089	-17.8021958160685
16090	-18.528889459112
16091	-19.2318155279908
16092	-19.8742364796815
16093	-20.410153952968
16094	-20.8120457349301
16095	-21.0686573639288
16096	-21.1477464951743
16097	-21.1062863654344
16098	-21.0541192285938
16099	-21.0295346255142
16100	-21.0545478218408
16101	-21.1167496013942
16102	-21.1367479878484
16103	-21.0493451880511
16104	-20.8265871204542
16105	-20.463230152237
16106	-19.9733086467645
16107	-19.3618957366449
16108	-18.6420601183967
16109	-17.8395688655922
16110	-16.965181820245
16111	-16.0057687789845
16112	-14.9602352967142
16113	-13.8445017100032
16114	-12.6800908163979
16115	-11.5082605551435
16116	-10.3642555047532
16117	-9.26498485477235
16118	-8.22869034964882
16119	-7.25650652204498
16120	-6.34514089048211
16121	-5.49068291483043
16122	-4.68743993291926
16123	-3.93605390996149
16124	-3.22783474745048
16125	-2.55426663757108
16126	-1.90762979033254
16127	-1.2813174099456
16128	-0.662135814958393
16129	-0.0414064042188656
16130	0.579014245142513
16131	1.19894257324653
16132	1.81507994999568
16133	2.42512084532692
16134	3.03931583186575
16135	3.66965149633789
16136	4.3194708968801
16137	4.98763769573049
16138	5.67076258417118
16139	6.33047081443014
16140	6.96983357897629
16141	7.62425296442643
16142	8.29586170640165
16143	8.98508128633087
16144	9.6855905457632
16145	10.3790789360683
16146	11.054116052083
16147	11.7064296271609
16148	12.340350012894
16149	12.9163084915474
16150	13.3797584908952
16151	13.7427173305812
16152	14.0043758658922
16153	14.178322517341
16154	14.3139800774547
16155	14.4705906934775
16156	14.7034598255191
16157	15.0289589692375
16158	15.4311257532769
16159	15.8403094166265
16160	16.1823528178506
16161	16.502729792015
16162	16.8005858368068
16163	17.0341504322307
16164	17.234724799591
16165	17.4039261373026
16166	17.5277496481596
16167	17.6086048393212
16168	17.6563437236155
16169	17.6925516928262
16170	17.7268609238644
16171	17.7452466061798
16172	17.7423597477634
16173	17.7282579027553
16174	17.703712895354
16175	17.6687189945637
16176	17.6351486449443
16177	17.6038634300846
16178	17.5609513735808
16179	17.4968779223406
16180	17.4098746934096
16181	17.2967530717588
16182	17.1595927488014
16183	17.0017645304047
16184	16.8526835394229
16185	16.7292055319962
16186	16.6279128787687
16187	16.5461039006519
16188	16.472934537197
16189	16.4066081469298
16190	16.340905207918
16191	16.2704202585107
16192	16.1935166451171
16193	16.1145179289693
16194	16.035459797201
16195	15.9626077768827
16196	15.8973160936482
16197	15.8391412533055
16198	15.7893522426261
16199	15.743054460471
16200	15.708136704761
16201	15.6930176424573
16202	15.6957757782161
16203	15.7157343073142
16204	15.7464799779834
16205	15.7679741416886
16206	15.7726328987345
16207	15.7685545052314
16208	15.7682499738403
16209	15.7819005524377
16210	15.8152039455687
16211	15.8641003447772
16212	15.9267670121848
16213	16.0087484924276
16214	16.1073148103965
16215	16.216574189407
16216	16.3380008209257
16217	16.4745706538679
16218	16.635545080435
16219	16.828170703596
16220	17.048039697127
16221	17.2841694993535
16222	17.5322608722719
16223	17.7894091999355
16224	18.0520450549426
16225	18.3191045260941
16226	18.5954317668001
16227	18.8967370998142
16228	19.1783700948158
16229	19.4016895080056
16230	19.5769896671642
16231	19.7308290185888
16232	19.8541623026739
16233	19.9327407783972
16234	19.9905984931967
16235	20.0492505958639
16236	20.132592496828
16237	20.284515267624
16238	20.5547154233248
16239	20.9460745603207
16240	21.4396922442087
16241	22.0216697021249
16242	22.6734832762503
16243	23.3746141527248
16244	24.1017286658314
16245	24.8360891504219
16246	25.5680507464471
16247	26.2900765732193
16248	26.9967811189472
16249	27.6848322676918
16250	28.3527347676377
16251	29.0005374972638
16252	29.6294955703149
16253	30.2417189284814
16254	30.8398358044612
16255	31.4266949447662
16256	32.0051213447903
16257	32.5777309510493
16258	33.1468067758241
16259	33.7142303529205
16260	34.2814585426771
16261	34.8495380246376
16262	35.41914541489
16263	35.9906428971881
16264	36.5641431777025
16265	37.1399387183873
16266	37.718256856652
16267	38.2979510376357
16268	38.8804977708725
16269	39.4619514314959
16270	40.0360432263929
16271	40.5921463424221
16272	41.0968728790881
16273	41.4858951307576
16274	41.7817821766676
16275	42.0552932042473
16276	42.2904630428973
16277	42.4851261682739
16278	42.6773877726751
16279	42.9015891113103
16280	43.1976131325801
16281	43.5494043038486
16282	43.9515131254101
16283	44.4175435136659
16284	44.9277327500392
16285	45.467096721548
16286	46.0248045868476
16287	46.5933963557511
16288	47.1679841904232
16289	47.7449247331347
16290	48.3226540851203
16291	48.8987189333381
16292	49.4698059589275
16293	50.0363899015295
16294	50.6033129169794
16295	51.1730381277376
16296	51.7428282094103
16297	52.3037403382161
16298	52.8496172961459
16299	53.3626834973462
16300	53.8176078641531
16301	54.2120997369269
16302	54.55628264784
16303	54.8492469932368
16304	55.0999577602176
16305	55.3294151851128
16306	55.5440941892334
16307	55.7456932828993
16308	55.9356229689489
16309	56.1155181007135
16310	56.2822391485688
16311	56.4296788287167
16312	56.5575849833633
16313	56.6644547832414
16314	56.7643530910934
16315	56.8742071469985
16316	56.9937778037251
16317	57.1103893447467
16318	57.2112501978809
16319	57.2927894129918
16320	57.3619646321836
16321	57.4319592836984
16322	57.507011829347
16323	57.5733995088215
16324	57.6200312547788
16325	57.6473228850815
16326	57.6728395406421
16327	57.7082976952189
16328	57.7494168207536
16329	57.7830851758888
16330	57.7984435469938
16331	57.7972705352916
16332	57.7803442131341
16333	57.7436765097733
16334	57.6755485719258
16335	57.5797346195642
16336	57.475889750043
16337	57.3717534772908
16338	57.2633592183725
16339	57.129276782216
16340	56.9566785936496
16341	56.7615557216792
16342	56.5535681903582
16343	56.3261446414444
16344	56.0804989674521
16345	55.822153199004
16346	55.5612179223019
16347	55.3114836417577
16348	55.0846317564998
16349	54.8987599318784
16350	54.7573849034654
16351	54.6520863136299
16352	54.5684163042463
16353	54.5009965140679
16354	54.4586905515512
16355	54.4410032397529
16356	54.4445531187226
16357	54.4597656891719
16358	54.4786684295229
16359	54.4905032490638
16360	54.4875305306304
16361	54.478345686485
16362	54.4705126698553
16363	54.483263999563
16364	54.5238456875357
16365	54.5808669590488
16366	54.6511329730256
16367	54.7228498772774
16368	54.7747718910862
16369	54.7883425178533
16370	54.7458998861687
16371	54.6416131470092
16372	54.4842852096495
16373	54.2781564065682
16374	54.0309563012118
16375	53.7632643035326
16376	53.4961898669148
16377	53.2456445468423
16378	53.0099000768246
16379	52.7913844708972
16380	52.6091920850517
16381	52.4771081976092
16382	52.3971652775401
16383	52.3762871997841
16384	52.4193239043452
16385	52.5112044092428
16386	52.6551935751028
16387	52.8653295529471
16388	53.1385166365541
16389	53.4657026085592
16390	53.8377958466127
16391	54.2502641232834
16392	54.7035869430541
16393	55.1994438679635
16394	55.7287774444348
16395	56.2602799421312
16396	56.7630408039143
16397	57.2262652525052
16398	57.6178941290899
16399	57.9364647908168
16400	58.1882910023013
16401	58.3786258772705
16402	58.5330552830879
16403	58.6665144566036
16404	58.7719354244345
16405	58.8217613525705
16406	58.8084393520536
16407	58.757110691918
16408	58.6890206921617
16409	58.6087503447149
16410	58.5159704287679
16411	58.3989439483142
16412	58.2442339494283
16413	58.0604653693987
16414	57.8607838461505
16415	57.6408402318142
16416	57.3982316943306
16417	57.1264035063215
16418	56.8317126158896
16419	56.5210531330785
16420	56.1846676652674
16421	55.8161131093426
16422	55.4168206545375
16423	54.9972998969877
16424	54.5572451962489
16425	54.0982199797479
16426	53.6360427901315
16427	53.182176516145
16428	52.7381699167114
16429	52.2992043705551
16430	51.8646087431975
16431	51.4353732131649
16432	51.018903871347
16433	50.6329585527601
16434	50.2791055183582
16435	49.9568500066713
16436	49.6788239540644
16437	49.444234270905
16438	49.2419532416402
16439	49.0737576269601
16440	48.9418600653268
16441	48.8373764906306
16442	48.7530970696175
16443	48.686731759469
16444	48.6365999930829
16445	48.5955474387076
16446	48.5494216201096
16447	48.4874745943572
16448	48.389389373433
16449	48.2474197060403
16450	48.0938707991386
16451	47.9770427797732
16452	47.931919701993
16453	47.9849049989579
16454	48.1449157292942
16455	48.3993611884992
16456	48.7385908164928
16457	49.1552149505041
16458	49.6426191851758
16459	50.1940036855288
16460	50.8020777961548
16461	51.4590137541712
16462	52.1565365952278
16463	52.8861010695225
16464	53.6391186308943
16465	54.4072044413409
16466	55.1824170652083
16467	55.9574687257094
16468	56.7258960018025
16469	57.4821864721305
16470	58.2218597853552
16471	58.9415109938386
16472	59.6388180486699
16473	60.3125172257611
16474	60.9623304442218
16475	61.5887738875856
16476	62.1929250670601
16477	62.7762225878715
16478	63.3403046911648
16479	63.886886374835
16480	64.4176714980565
16481	64.9342944431094
16482	65.4382854154164
16483	65.9310534441282
16484	66.4136041370172
16485	66.8869764239602
16486	67.3489040947623
16487	67.7953504692372
16488	68.2234202061008
16489	68.6314447157863
16490	69.01847934076
16491	69.3825977335356
16492	69.7222258701239
16493	70.039015491951
16494	70.3383028488577
16495	70.6204518838297
16496	70.8824473956595
16497	71.1208412676385
16498	71.3249431847602
16499	71.4768120515014
16500	71.5608874595376
16501	71.5613224228599
16502	71.4750936891845
16503	71.3131834792908
16504	71.0834030341834
16505	70.7916566570185
16506	70.4442800147696
16507	70.045167821131
16508	69.5959960777506
16509	69.0984364024897
16510	68.5537188325257
16511	67.9633223179562
16512	67.3293465413255
16513	66.6546794027105
16514	65.9430331683012
16515	65.1988888491691
16516	64.4273780263601
16517	63.6341239155233
16518	62.8250596853017
16519	62.0062378109024
16520	61.1836411964806
16521	60.3630023409103
16522	59.5496341426818
16523	58.7482755018671
16524	57.9629512256493
16525	57.1968474774391
16526	56.4522082340205
16527	55.7302696037095
16528	55.0313264084926
16529	54.3549104982463
16530	53.6999723968144
16531	53.0650474318986
16532	52.4481919970439
16533	51.8470231408057
16534	51.2598030541982
16535	50.6927733560562
16536	50.1613169050864
16537	49.6511001714063
16538	49.1459511173509
16539	48.6565108722304
16540	48.1762647363801
16541	47.6946319867316
16542	47.2162479637544
16543	46.7512731705069
16544	46.3015493524306
16545	45.8560678319568
16546	45.4059461109905
16547	44.9491963880124
16548	44.4875813025636
16549	44.0227065447297
16550	43.5536797398719
16551	43.0802503983431
16552	42.6037429723327
16553	42.1254600429462
16554	41.6466938192099
16555	41.1679431688617
16556	40.6888132226813
16557	40.2084293770806
16558	39.7258436404655
16559	39.2411738166233
16560	38.7552013447085
16561	38.2685263246383
16562	37.7812090124538
16563	37.2948274576428
16564	36.8196146757677
16565	36.3644302984114
16566	35.9264324815634
16567	35.5051338826769
16568	35.0904157740683
16569	34.6625963919241
16570	34.22291552714
16571	33.7812651551744
16572	33.3395023792921
16573	32.8889741437844
16574	32.4234681862264
16575	31.9464596029595
16576	31.4602047463066
16577	30.9648646610459
16578	30.4614792106158
16579	29.9519884771733
16580	29.4383811942811
16581	28.9223729548281
16582	28.4045526494304
16583	27.8832214442635
16584	27.3573628736901
16585	26.8277579331745
16586	26.2950052229999
16587	25.7599275915231
16588	25.2243593136624
16589	24.6898555612276
16590	24.1551244528776
16591	23.6172311124513
16592	23.0752568418349
16593	22.5297453404521
16594	21.9810958471886
16595	21.4295813030008
16596	20.8753664025312
16597	20.3185258903686
16598	19.7590625754223
16599	19.1969242476067
16600	18.632018749872
16601	18.0648427230524
16602	17.4971962654898
16603	16.9282743390554
16604	16.3555919747062
16605	15.7783772827545
16606	15.1965115163703
16607	14.6107519806007
16608	14.0219199741491
16609	13.4292557604091
16610	12.8328670020575
16611	12.2340470934786
16612	11.6349338772734
16613	11.0383471417626
16614	10.4485409408695
16615	9.86850697867578
16616	9.3059252010765
16617	8.75086935948991
16618	8.18679371490818
16619	7.61011144170306
16620	7.02740912553675
16621	6.43755109877299
16622	5.83309616435148
16623	5.21558125507647
16624	4.58589146466289
16625	3.94545196131618
16626	3.29538081461262
16627	2.63653925945053
16628	1.9695809617493
16629	1.29499729772527
16630	0.613156270852793
16631	-0.0756662633221892
16632	-0.771263624168942
16633	-1.47348274659822
16634	-2.18221425209711
16635	-2.89417671702704
16636	-3.60664437936424
16637	-4.30998789970609
16638	-4.99375898734193
16639	-5.64007274379941
16640	-6.21735427796544
16641	-6.74766577692102
16642	-7.27362819302085
16643	-7.80729746251995
16644	-8.36187800620538
16645	-8.94503596957822
16646	-9.54625269210878
16647	-10.1030298760214
16648	-10.5316660318206
16649	-10.7982427053545
16650	-10.9323190571249
16651	-10.9704391964196
16652	-10.9225322453734
16653	-10.8361580076054
16654	-10.7716203121142
16655	-10.7700450584565
16656	-10.861507874046
16657	-11.0484603832702
16658	-11.3041875015537
16659	-11.6057723981814
16660	-11.9150999200796
16661	-12.1966265757442
16662	-12.4676199613368
16663	-12.7565604734912
16664	-13.0750382804067
16665	-13.4318423239661
16666	-13.8234061717064
16667	-14.2505304778066
16668	-14.7124435794834
16669	-15.1932657060193
16670	-15.6811902880169
16671	-16.1660529301368
16672	-16.6471326280744
16673	-17.1169740098793
16674	-17.5702122676096
16675	-18.0152370354451
16676	-18.4478330504805
16677	-18.8690528953424
16678	-19.2822631156054
16679	-19.684764749315
16680	-20.077830665276
16681	-20.4548995135159
16682	-20.8072049213721
16683	-21.1293801844143
16684	-21.422622383957
16685	-21.7033000476988
16686	-21.9711404264873
16687	-22.2183995352504
16688	-22.4394903648922
16689	-22.6195550094414
16690	-22.7277859176356
16691	-22.6986784665322
16692	-22.5069122992817
16693	-22.1778109813648
16694	-21.7350307657976
16695	-21.1886291639968
16696	-20.5379686763773
16697	-19.787886400273
16698	-18.9490370955298
16699	-18.0317182869678
16700	-17.0575809452815
16701	-16.0580394318968
16702	-15.0326185248001
16703	-13.9805929109819
16704	-12.918773862889
16705	-11.8613841778205
16706	-10.8244178378427
16707	-9.82673961583896
16708	-8.88448459841765
16709	-7.98814485845815
16710	-7.13512929585676
16711	-6.33373099777018
16712	-5.56846687304498
16713	-4.81997311276849
16714	-4.07171296343795
16715	-3.34565409270112
16716	-2.68772908141079
16717	-2.0606896099654
16718	-1.40976349644689
16719	-0.729785834654518
16720	-0.0290285300069323
16721	0.677583342014108
16722	1.37588751122136
16723	2.06397455581998
16724	2.75966080563213
16725	3.47290276309308
16726	4.19813496020878
16727	4.93063323753344
16728	5.6665566848948
16729	6.39144486882321
16730	7.09053599831783
16731	7.76995049933702
16732	8.45102222050571
16733	9.14392276391051
16734	9.84201429420942
16735	10.5197160650632
16736	11.1610016940437
16737	11.7762558554098
16738	12.3764124856132
16739	12.9756028084947
16740	13.5886094110783
16741	14.2205660194226
16742	14.8679534946217
16743	15.5058394825256
16744	16.1169260332484
16745	16.7079424927179
16746	17.247890455675
16747	17.7325645780648
16748	18.2013293472601
16749	18.6383797863408
16750	19.0285566457133
16751	19.3987741510217
16752	19.7809051052548
16753	20.1629639748717
16754	20.5795577290924
16755	21.0394003228647
16756	21.5065892621283
16757	21.9956557888098
16758	22.4996066703276
16759	23.0301175988278
16760	23.5957650248142
16761	24.1759848094104
16762	24.7279872487184
16763	25.224470905385
16764	25.6432335512314
16765	25.983735177438
16766	26.2710271380188
16767	26.5279797502063
16768	26.7732914238115
16769	26.9873805464997
16770	27.1284191536054
16771	27.2141680471844
16772	27.3043369933493
16773	27.4315883964651
16774	27.6335252415556
16775	27.9164300014366
16776	28.2492771538314
16777	28.5796589812169
16778	28.8916389741813
16779	29.1950637436904
16780	29.4837567645534
16781	29.8015744816765
16782	30.1723948716614
16783	30.5845003415822
16784	31.0337337359008
16785	31.5038111678674
16786	32.0091514617649
16787	32.541219688079
16788	33.0459695715259
16789	33.492872402935
16790	33.9057492202103
16791	34.2959603100704
16792	34.6907849050695
16793	35.1109700235498
16794	35.5349363134865
16795	35.977241106197
16796	36.4501662468869
16797	36.9430863855585
16798	37.4492772723297
16799	37.9658508834066
16800	38.4780062646807
16801	38.9641427168422
16802	39.4201152157436
16803	39.8518753593844
16804	40.2576442236468
16805	40.6392233702217
16806	41.0061410480458
16807	41.3449706391805
16808	41.6668262440023
16809	41.9865623270436
16810	42.2937893137607
16811	42.5891582300963
16812	42.8708109762393
16813	43.1454278857919
16814	43.4149837606052
16815	43.6639963739387
16816	43.8967774396125
16817	44.1265375359482
16818	44.3469575820256
16819	44.554272822824
16820	44.7489804348753
16821	44.9240215625043
16822	45.0784812289013
16823	45.2265026005123
16824	45.379919056094
16825	45.5594468407315
16826	45.7911867096749
16827	46.0933149206125
16828	46.4736131276329
16829	46.922256206874
16830	47.423260949577
16831	47.9601623249951
16832	48.5160979096314
16833	49.0787200134118
16834	49.6216866124978
16835	50.141907895483
16836	50.6355855743463
16837	51.0965155627413
16838	51.5493434585474
16839	51.9988703651039
16840	52.4332422717399
16841	52.8601440791194
16842	53.2881167077803
16843	53.7176135363646
16844	54.1510000223298
16845	54.587537230382
16846	55.0266718704984
16847	55.4679455908652
16848	55.9109233630596
16849	56.3551639118352
16850	56.8000695289287
16851	57.2385406908566
16852	57.6610672308461
16853	58.068856438552
16854	58.4687578567207
16855	58.8611111010289
16856	59.2433659921644
16857	59.615552298016
16858	59.9725974097733
16859	60.2996247572927
16860	60.5847246481739
16861	60.8227889576432
16862	61.0077931690982
16863	61.1226091054902
16864	61.1727000091461
16865	61.1882812136681
16866	61.1791442779955
16867	61.1559824861567
16868	61.1365926960839
16869	61.1223060127288
16870	61.110781527582
16871	61.0991751437689
16872	61.0770629502347
16873	61.0369012362843
16874	60.9849137929082
16875	60.9220893384138
16876	60.8503526258549
16877	60.7813004354203
16878	60.7070468275838
16879	60.6169700126799
16880	60.5093990062328
16881	60.3855635870903
16882	60.2504812333072
16883	60.1075487039606
16884	59.948408793476
16885	59.7653147542045
16886	59.5650187182529
16887	59.3550194298581
16888	59.1301823531269
16889	58.884470643982
16890	58.6238774538262
16891	58.3546440982027
16892	58.0664252913155
16893	57.7564180645664
16894	57.4314120888676
16895	57.097782990197
16896	56.7632901964144
16897	56.4259995743727
16898	56.0938661033414
16899	55.7612183406324
16900	55.4204461328372
16901	55.0815535235632
16902	54.7470212592159
16903	54.432446593447
16904	54.154619605665
16905	53.9075368531313
16906	53.6978821293492
16907	53.5473117136189
16908	53.467925089398
16909	53.468391311965
16910	53.558614762863
16911	53.7431955943691
16912	54.0189067377487
16913	54.3790724439982
16914	54.8169866428835
16915	55.3255752790741
16916	55.8963370752748
16917	56.5149949372995
16918	57.162770238877
16919	57.8281556750472
16920	58.5027152392912
16921	59.1807009034535
16922	59.8593915847775
16923	60.5327711677884
16924	61.1885750100401
16925	61.8146475345161
16926	62.4079843688855
16927	62.967202316627
16928	63.4953276256869
16929	63.9948073948071
16930	64.4501619258882
16931	64.8587417995161
16932	65.2149364327892
16933	65.5172041440112
16934	65.7676476713864
16935	65.9775603422145
16936	66.1651508840249
16937	66.349877205247
16938	66.552493970116
16939	66.7764173747392
16940	67.0271253692199
16941	67.3119963171204
16942	67.6320402941292
16943	67.9813526599344
16944	68.3581014603395
16945	68.7636604819328
16946	69.1949494575344
16947	69.6463682400825
16948	70.1131373011729
16949	70.5913635465001
16950	71.0778815999508
16951	71.5701163950056
16952	72.0659687319456
16953	72.5637243338259
16954	73.0619835007587
16955	73.554250244207
16956	74.0311004843908
16957	74.4860596102402
16958	74.9113608610934
16959	75.2992336761443
16960	75.6435845845092
16961	75.9407857651433
16962	76.1948855885956
16963	76.4069399595876
16964	76.5799653856895
16965	76.7241144788102
16966	76.8441391803768
16967	76.9390290539513
16968	77.0033397417011
16969	77.0378193751774
16970	77.0436246230481
16971	77.0199588319066
16972	76.9639068573925
16973	76.8739220192788
16974	76.7486612126535
16975	76.5883284010404
16976	76.3947905145182
16977	76.1659040318683
16978	75.9091113190516
16979	75.6365456228742
16980	75.3464594732599
16981	75.0336296972585
16982	74.703145823653
16983	74.3542516931121
16984	73.9891276130085
16985	73.6166122057706
16986	73.2380176147702
16987	72.8555385465165
16988	72.4714694405198
16989	72.1031860218706
16990	71.7699299419197
16991	71.4709437253319
16992	71.2047597798071
16993	70.9712148584732
16994	70.7732286206567
16995	70.6204168659933
16996	70.5219616965367
16997	70.4875841668629
16998	70.5226559041799
16999	70.6267780580367
17000	70.7858972340335
17001	70.9755711164062
17002	71.1650106014663
17003	71.323583086604
17004	71.4343410729218
17005	71.4899093834052
17006	71.4886457890167
17007	71.4321961709785
17008	71.3326687362378
17009	71.209896338748
17010	71.0780786153145
17011	70.9557349088994
17012	70.8574976717266
17013	70.7870917421703
17014	70.7501042895199
17015	70.7467398494753
17016	70.7753248293733
17017	70.8370517432257
17018	70.9309176915302
17019	71.0461381204481
17020	71.16570276169
17021	71.2735161177602
17022	71.3630494632796
17023	71.4239988678094
17024	71.4406036447488
17025	71.4010037534768
17026	71.2876833093682
17027	71.0904281557103
17028	70.8143884887161
17029	70.4911852588406
17030	70.1567865015469
17031	69.8377449460409
17032	69.553668140874
17033	69.3128866532314
17034	69.1189094210245
17035	68.9754035424005
17036	68.8908244446359
17037	68.8676757110663
17038	68.9072347037238
17039	69.0130890424945
17040	69.1854344390239
17041	69.4237694716744
17042	69.728513337491
17043	70.097804203157
17044	70.5230700880978
17045	70.983561849225
17046	71.4517517604971
17047	71.9091413882943
17048	72.3412345122564
17049	72.7382985933187
17050	73.0990956675114
17051	73.4214688250321
17052	73.709331081839
17053	73.9714320648567
17054	74.2147443439087
17055	74.44638504385
17056	74.6752644847239
17057	74.9129369306697
17058	75.1695598302348
17059	75.4472204823189
17060	75.7432209294462
17061	76.0560873248487
17062	76.3766152103783
17063	76.6912596971337
17064	76.9956791777041
17065	77.2890356168217
17066	77.564288983877
17067	77.8040725770181
17068	77.9867739096345
17069	78.101202496378
17070	78.1331861411949
17071	78.0745403687626
17072	77.9342218789044
17073	77.7216675061903
17074	77.4446187871463
17075	77.1092384598145
17076	76.7203452791237
17077	76.2820741450544
17078	75.7984310609253
17079	75.273534621093
17080	74.7117120396521
17081	74.117516180283
17082	73.4956930524629
17083	72.8511168054919
17084	72.1887055853462
17085	71.5133293392357
17086	70.8297172277794
17087	70.1423710959563
17088	69.4554879319504
17089	68.7728931514343
17090	68.0979831553249
17091	67.4336771067238
17092	66.7823770266706
17093	66.1459368976858
17094	65.5256395278216
17095	64.9221867215603
17096	64.3357367122406
17097	63.7660022657288
17098	63.2123507912115
17099	62.6738949014981
17100	62.1495714064573
17101	61.6382079632203
17102	61.1385775345705
17103	60.6494414303415
17104	60.1695821395493
17105	59.6978273367225
17106	59.2330664766518
17107	58.7741932020708
17108	58.320089886653
17109	57.8697540710474
17110	57.4223226395773
17111	56.9768621535754
17112	56.5324823713707
17113	56.0888322092428
17114	55.6456588310809
17115	55.2030385291859
17116	54.766976172951
17117	54.3359355330568
17118	53.9061928176913
17119	53.4773475140081
17120	53.0466231206327
17121	52.6142776154804
17122	52.1804208180939
17123	51.7451814779949
17124	51.308262251621
17125	50.8697147878481
17126	50.4298350729644
17127	49.9884319372308
17128	49.5455311261687
17129	49.1007763032348
17130	48.6541605108825
17131	48.2061440118443
17132	47.7566796146929
17133	47.3053932628311
17134	46.8524524162217
17135	46.3981492759789
17136	45.9422461322291
17137	45.4844622321829
17138	45.0246159455109
17139	44.5627226876783
17140	44.0986059756571
17141	43.6325070865757
17142	43.1650113970106
17143	42.6962654331702
17144	42.2259467600798
17145	41.7541734588059
17146	41.2812585842925
17147	40.8071390036433
17148	40.3317658638023
17149	39.8550029186423
17150	39.3766043545116
17151	38.8963116378211
17152	38.4139208489551
17153	37.929202929489
17154	37.4419458247785
17155	36.9519569690464
17156	36.4590640520032
17157	35.9631145222944
17158	35.4639546897456
17159	34.960911352305
17160	34.4533323374777
17161	33.9410237224839
17162	33.4240241227629
17163	32.906056995942
17164	32.4051085595829
17165	31.9127028678011
17166	31.4322175763752
17167	30.9592713104147
17168	30.4720501188792
17169	29.9775260105844
17170	29.4807805347378
17171	28.9793668457477
17172	28.4885544964041
17173	28.0268440706661
17174	27.5943898416084
17175	27.1837870941489
17176	26.7942599584007
17177	26.4311339675798
17178	26.0810591931206
17179	25.7304682132557
17180	25.3852195558862
17181	25.0486752013298
17182	24.7223007750889
17183	24.4049629990617
17184	24.0807324423856
17185	23.7492102842238
17186	23.4234059264936
17187	23.1144404329229
17188	22.8222297688355
17189	22.5403522885554
17190	22.2938815703758
17191	22.0903653140708
17192	21.9091871641885
17193	21.7342001180182
17194	21.5743713154596
17195	21.4416745214444
17196	21.350799764826
17197	21.3096440685337
17198	21.3112302919744
17199	21.3329938342889
17200	21.3480933994861
17201	21.3787027500471
17202	21.4629270545002
17203	21.6188817115095
17204	21.84071907047
17205	22.0989710565467
17206	22.388115721225
17207	22.7464753614323
17208	23.2055398579383
17209	23.7686184218345
17210	24.4277494740381
17211	25.1738272658297
17212	25.9948495677657
17213	26.8779102004327
17214	27.810968021315
17215	28.7768149249061
17216	29.7614292911632
17217	30.7490659103354
17218	31.7219146001059
17219	32.6823940821581
17220	33.636559995507
17221	34.5786099120988
17222	35.4999290637522
17223	36.3959500744556
17224	37.2660761306697
17225	38.1088443972534
17226	38.9240144917935
17227	39.7122629849022
17228	40.4749192244888
17229	41.2137460752253
17230	41.9307640566206
17231	42.6281141688609
17232	43.3079538839137
17233	43.9723805486145
17234	44.622462401003
17235	45.2578012549261
17236	45.8783706131154
17237	46.4840537953539
17238	47.0755879280547
17239	47.6501103863212
17240	48.1969868151614
17241	48.7019841956693
17242	49.1635867034427
17243	49.5830126801829
17244	49.9521642077269
17245	50.2634071776831
17246	50.5129291795673
17247	50.6864778063989
17248	50.7910862740416
17249	50.8472262776803
17250	50.885601328954
17251	50.9480180900224
17252	51.0621207033914
17253	51.2382075074546
17254	51.4524286150525
17255	51.6705910599287
17256	51.875878414863
17257	52.0843807087909
17258	52.3228314840484
17259	52.6046433064768
17260	52.9177629082284
17261	53.2339948868045
17262	53.5482019859057
17263	53.8832242364274
17264	54.2552677794544
17265	54.6601705733929
17266	55.0892039906853
17267	55.5358196329987
17268	55.9954860488353
17269	56.4671087584918
17270	56.9497880011657
17271	57.4397443227935
17272	57.9289858450047
17273	58.4053462783361
17274	58.8397440785606
17275	59.2016583701906
17276	59.4863359136892
17277	59.6960462040538
17278	59.8283330812175
17279	59.8965579235814
17280	59.9299412447474
17281	59.9556258337657
17282	59.9932800124857
17283	60.0576955571105
17284	60.1686691904713
17285	60.3440055280222
17286	60.5874678954388
17287	60.8894666348138
17288	61.2307854475462
17289	61.5834830124513
17290	61.9121371694291
17291	62.1866326783518
17292	62.3876705567785
17293	62.5098718437615
17294	62.5442658678527
17295	62.4931027083811
17296	62.3777776922309
17297	62.2271811124953
17298	62.067493871606
17299	61.9205259941386
17300	61.8091752206856
17301	61.7522150762574
17302	61.7631335820561
17303	61.8310756487517
17304	61.9204282747803
17305	61.998939759012
17306	62.0563098320997
17307	62.1091881000476
17308	62.1422906834812
17309	62.1373683762731
17310	62.11029364918
17311	62.0722573102224
17312	62.0205398849945
17313	61.9380041332354
17314	61.8156456058134
17315	61.6484235324286
17316	61.431313578201
17317	61.1718412658968
17318	60.8769789485017
17319	60.552062207706
17320	60.2031541634159
17321	59.8394384350281
17322	59.4789860151672
17323	59.1383606373174
17324	58.8138170418664
17325	58.490721015301
17326	58.1700245912411
17327	57.8599436363888
17328	57.5658365980581
17329	57.2902469687677
17330	57.0355169916813
17331	56.8082649704693
17332	56.6155364990374
17333	56.4577492819138
17334	56.3337318213165
17335	56.2337520374228
17336	56.1495323901736
17337	56.0801986236432
17338	56.0078818506575
17339	55.9167428299177
17340	55.7904679096132
17341	55.6136529909598
17342	55.3877887317002
17343	55.1070692613843
17344	54.7670305727911
17345	54.3868430815334
17346	53.9830498483075
17347	53.5786429396357
17348	53.1931401672181
17349	52.8351102467376
17350	52.5194995301175
17351	52.2487995671834
17352	52.02447937169
17353	51.8485161423633
17354	51.718444801821
17355	51.621011774916
17356	51.5438408341562
17357	51.4914254265051
17358	51.4745059790885
17359	51.4938682933532
17360	51.5372877596272
17361	51.5993216547356
17362	51.6854716513705
17363	51.7877417840488
17364	51.8898219946121
17365	51.9715571217564
17366	51.9920044946864
17367	51.9288288129854
17368	51.80687100149
17369	51.6729716417542
17370	51.5689049844772
17371	51.5242610202231
17372	51.5606158642014
17373	51.6920216087796
17374	51.9190217142867
17375	52.2329837505144
17376	52.6262661491038
17377	53.091816989268
17378	53.6225841207668
17379	54.2113953979537
17380	54.8509635321394
17381	55.5339332341933
17382	56.2529444499057
17383	57.0007018863343
17384	57.7700497928206
17385	58.5540536804378
17386	59.3460902811613
17387	60.1399457785114
17388	60.9299221592725
17389	61.7109490823214
17390	62.4786940113588
17391	63.2296660750549
17392	63.9613018815726
17393	64.671989946928
17394	65.3571137293065
17395	66.0078516867594
17396	66.6209121249694
17397	67.1960334857645
17398	67.7302625672779
17399	68.2230844175198
17400	68.6748312085425
17401	69.0811955936145
17402	69.4374066891107
17403	69.7346072610844
17404	69.9544392053767
17405	70.0805217289213
17406	70.1008441408868
17407	70.0192922754582
17408	69.8556901537184
17409	69.6276852756838
17410	69.3457323980101
17411	69.0145820310056
17412	68.6373912736871
17413	68.2161702746556
17414	67.7513862614298
17415	67.2430766772157
17416	66.6915561380951
17417	66.1043124669923
17418	65.4923774745968
17419	64.8587089391075
17420	64.2012987762699
17421	63.5191387634716
17422	62.8138450990217
17423	62.0900177488029
17424	61.3536111919295
17425	60.6076665109441
17426	59.8545501254534
17427	59.0958547643675
17428	58.3340470097678
17429	57.5760784106138
17430	56.8291537548962
17431	56.1008707099469
17432	55.3963068488605
17433	54.7185339866588
17434	54.0699427842878
17435	53.446956759577
17436	52.8496106547767
17437	52.2762350258227
17438	51.7194972458463
17439	51.1763051528956
17440	50.6550048757177
17441	50.1679360999749
17442	49.6978223882093
17443	49.2449595643361
17444	48.8154346930192
17445	48.3964237612562
17446	47.9978213838734
17447	47.6338140297845
17448	47.3112873200952
17449	47.0193073168746
17450	46.7370269853975
17451	46.4560096655248
17452	46.1798156947171
17453	45.9150610847179
17454	45.6620465037289
17455	45.4135179425071
17456	45.1622716607251
17457	44.9058552032945
17458	44.6497623812322
17459	44.4029508913795
17460	44.1629380523075
17461	43.9206221117788
17462	43.6721141769498
17463	43.4207999553058
17464	43.1783683343818
17465	42.9463766645659
17466	42.7121988807673
17467	42.4680594324427
17468	42.2187211406931
17469	41.9725619250084
17470	41.7375224097704
17471	41.5074120113097
17472	41.2675220245482
17473	41.0150546607229
17474	40.7556844376555
17475	40.4943163168198
17476	40.2353066568901
17477	39.9708768651924
17478	39.6881334574064
17479	39.3943207739132
17480	39.0980322667253
17481	38.7999221628556
17482	38.4956425271766
17483	38.1831796500066
17484	37.8732395778259
17485	37.5806657183366
17486	37.309879020381
17487	37.0380750874723
17488	36.7465786234428
17489	36.454338550771
17490	36.1672200506072
17491	35.8821504425916
17492	35.6071644618906
17493	35.321293027552
17494	34.9962064560168
17495	34.6346551262254
17496	34.2500456093256
17497	33.83346230304
17498	33.3978736219407
17499	32.9527294060134
17500	32.4810695960828
17501	31.9826668372759
17502	31.4637459174655
17503	30.929151018335
17504	30.3832143842294
17505	29.8291089959492
17506	29.2694571484524
17507	28.7063252981612
17508	28.1416542549715
17509	27.5766900748653
17510	27.0112274676951
17511	26.4459016849022
17512	25.8811472958213
17513	25.3172460706628
17514	24.7543571962379
17515	24.1925362275388
17516	23.6317481950329
17517	23.071878130073
17518	22.5127410351167
17519	21.9540927333841
17520	21.395641044738
17521	20.8370578420606
17522	20.2779912142717
17523	19.7180767342507
17524	19.1569479123845
17525	18.597102901512
17526	18.0408878021898
17527	17.4879645705488
17528	16.9395441094131
17529	16.3964358100421
17530	15.8582950993272
17531	15.343239288308
17532	14.8448180288853
17533	14.3421620414902
17534	13.8363513894697
17535	13.3278460938252
17536	12.8134432875635
17537	12.2876692755137
17538	11.755485149496
17539	11.2596985945356
17540	10.8322886520802
17541	10.4884105621167
17542	10.2533125199888
17543	10.1464679779209
17544	10.1712459793662
17545	10.3248478097546
17546	10.5983757605266
17547	10.9735705166125
17548	11.4385883875979
17549	11.986781628403
17550	12.6155983548856
17551	13.324123783235
17552	14.1104362443588
17553	14.97158681634
17554	15.9011750902054
17555	16.8875717794546
17556	17.9119343778726
17557	18.9619821439407
17558	20.0355125389161
17559	21.1217758986261
17560	22.2041618911481
17561	23.2542046550236
17562	24.2594970132127
17563	25.214567682934
17564	26.1086925886316
17565	26.9535221869763
17566	27.7565238562639
17567	28.5021270153143
17568	29.1848348324177
17569	29.8057847388669
17570	30.3774179047991
17571	30.9309435792562
17572	31.4816079328198
17573	32.029606986589
17574	32.5765001329579
17575	33.1284500349708
17576	33.6947394473619
17577	34.2778308657236
17578	34.8564345707274
17579	35.3906895711129
17580	35.8721498814707
17581	36.3066937278577
17582	36.6995378417737
17583	37.0600730983994
17584	37.4116747706245
17585	37.7863787208877
17586	38.1934880123707
17587	38.6440317460453
17588	39.137734632493
17589	39.61597990699
17590	40.0125913402463
17591	40.3234021870597
17592	40.5421011726066
17593	40.6368738884596
17594	40.6015775653725
17595	40.4572096896719
17596	40.2316953816922
17597	39.947992403223
17598	39.5935098411921
17599	39.1652071654567
17600	38.6886526309168
17601	38.172068881049
17602	37.6175629756332
17603	37.0303406982589
17604	36.4050331328872
17605	35.7337283252781
17606	35.0331551072339
17607	34.3224635167176
17608	33.6028743040427
17609	32.8723544005843
17610	32.1400729113697
17611	31.4161494518448
17612	30.7002092485487
17613	29.9931151885219
17614	29.3017602487758
17615	28.6318963530919
17616	27.9885667953973
17617	27.3800247179433
17618	26.8159483015321
17619	26.3067710762401
17620	25.8567299413408
17621	25.46091698712
17622	25.1062598301167
17623	24.7649291120681
17624	24.4421415676237
17625	24.1649102959056
17626	23.9283889775509
17627	23.7218244057213
17628	23.5718621411404
17629	23.5192025726128
17630	23.5891816942502
17631	23.7755273594159
17632	24.0366656990225
17633	24.3312586452296
17634	24.6257486531119
17635	24.9015788048024
17636	25.1499611487492
17637	25.3633508506311
17638	25.5520660433777
17639	25.7286070831516
17640	25.8915556863915
17641	26.0431002904185
17642	26.1751157833369
17643	26.2610609624085
17644	26.2885379968071
17645	26.2586420517593
17646	26.1688242499092
17647	26.0316858047499
17648	25.8349924544626
17649	25.550135173447
17650	25.1683911530504
17651	24.7088616678822
17652	24.1883695669593
17653	23.6106824187843
17654	22.9778825179187
17655	22.2909151763455
17656	21.564761093041
17657	20.8126328038007
17658	20.045774948341
17659	19.2733777441604
17660	18.502601872793
17661	17.7386992464633
17662	16.9852062777148
17663	16.2441837921774
17664	15.5164783493214
17665	14.8019839968174
17666	14.0998877084913
17667	13.4088878084072
17668	12.7273793883321
17669	12.0536043003954
17670	11.385946287191
17671	10.7255468703142
17672	10.0773256962739
17673	9.44416659538017
17674	8.83563541414932
17675	8.25328043973768
17676	7.69656107873258
17677	7.18262176683729
17678	6.73720318301517
17679	6.40165156419709
17680	6.12169057105804
17681	5.88653548244088
17682	5.68887059522415
17683	5.45565608223247
17684	5.2058109538033
17685	4.99447332554514
17686	4.85099157343747
17687	4.78286962576094
17688	4.79654274666292
17689	4.86753239418488
17690	4.96642089460579
17691	5.09587712378172
17692	5.27374156796457
17693	5.52265122240564
17694	5.85853628234156
17695	6.27285409674151
17696	6.76590445311598
17697	7.35912700657631
17698	8.03849290596091
17699	8.7767304814592
17700	9.59676058707188
17701	10.5143380605663
17702	11.506377777377
17703	12.5527996390535
17704	13.6336351626225
17705	14.7031976602152
17706	15.7558992202695
17707	16.7905186846391
17708	17.7972221318962
17709	18.7713819287812
17710	19.6929654205148
17711	20.558269583178
17712	21.3573290397594
17713	22.100843092577
17714	22.7986568081814
17715	23.4720581950514
17716	24.1324855006747
17717	24.7732563407426
17718	25.4180137232896
17719	26.0752628631031
17720	26.7174201532021
17721	27.3493748927525
17722	28.0043390551813
17723	28.6848288303065
17724	29.377685346837
17725	30.0736537718642
17726	30.766703528642
17727	31.4532807684461
17728	32.1316023997512
17729	32.8010574359902
17730	33.4617387606156
17731	34.1141055029918
17732	34.7587554278606
17733	35.3962882788017
17734	36.0272333737522
17735	36.6520222403322
17736	37.2709918326276
17737	37.8844029809308
17738	38.4924657797419
17739	39.0934340204696
17740	39.6863304942394
17741	40.2668918533494
17742	40.8252629272594
17743	41.3604858244558
17744	41.8719319625491
17745	42.3568554619952
17746	42.816060222933
17747	43.248607970628
17748	43.6525243518614
17749	44.0300064908681
17750	44.388434490726
17751	44.7411335508782
17752	45.0924943648998
17753	45.4438582481385
17754	45.7994531282076
17755	46.1508411792618
17756	46.4921375747045
17757	46.8235338816086
17758	47.141583473155
17759	47.4442045914292
17760	47.7358316061899
17761	48.0181073573197
17762	48.290676477306
17763	48.5551886931815
17764	48.8066487468191
17765	49.043729954998
17766	49.2673552839488
17767	49.4754586450516
17768	49.6621646355887
17769	49.8332611565463
17770	50.0004236063533
17771	50.1646057183217
17772	50.3239863052231
17773	50.4788149887493
17774	50.6315343360878
17775	50.7819203110516
17776	50.9245851468907
17777	51.0563215265566
17778	51.178797567061
17779	51.286511015304
17780	51.3801008678452
17781	51.4623537277552
17782	51.5285325362221
17783	51.5744980437949
17784	51.602314212486
17785	51.6059781729379
17786	51.5758178237381
17787	51.5079531969593
17788	51.3973760629373
17789	51.2532068993152
17790	51.0764109211879
17791	50.8626849705392
17792	50.6100929320529
17793	50.3035950073
17794	49.9380933975196
17795	49.5084079985983
17796	49.0110067749697
17797	48.4708708415337
17798	47.8834645895507
17799	47.2476718781104
17800	46.5886938382032
17801	45.8985794806605
17802	45.1625907514813
17803	44.3855192442578
17804	43.5814375683765
17805	42.762940670277
17806	41.9409405068511
17807	41.1245652232224
17808	40.3222809250022
17809	39.5432834080696
17810	38.7954129874907
17811	38.0767762742311
17812	37.3838693437743
17813	36.7194247949819
17814	36.0872066893143
17815	35.490828934029
17816	34.9291232297656
17817	34.3961588526963
17818	33.8821167138425
17819	33.3817926650198
17820	32.9013437720795
17821	32.4395481462829
17822	31.9839637770472
17823	31.5334241806121
17824	31.0876317192195
17825	30.6613672105296
17826	30.2836655080436
17827	29.9353736600747
17828	29.6060965426691
17829	29.3126350507907
17830	29.0532468009642
17831	28.8154096298816
17832	28.6027878463972
17833	28.4207483188831
17834	28.2513518126962
17835	28.0895339852615
17836	27.9426450266134
17837	27.8141281377196
17838	27.6967482945392
17839	27.5815551752938
17840	27.4673198861107
17841	27.3524294968535
17842	27.2351289161107
17843	27.1151917717075
17844	26.9937916788901
17845	26.8684143097516
17846	26.733375288013
17847	26.5872639871692
17848	26.4292024127067
17849	26.2641254569917
17850	26.0959340593687
17851	25.9229971840195
17852	25.7479477111677
17853	25.574471417231
17854	25.3974439131997
17855	25.2100570925712
17856	25.0145784434134
17857	24.8157652505283
17858	24.613478256197
17859	24.4012176994791
17860	24.1799817685157
17861	23.9500815282114
17862	23.7007079320556
17863	23.4210830938329
17864	23.1139882463864
17865	22.7975167622032
17866	22.4571058304616
17867	22.0781826107389
17868	21.6664636497214
17869	21.2126795820177
17870	20.7241385152595
17871	20.1995181065023
17872	19.6342400595368
17873	19.0426915995014
17874	18.436138374141
17875	17.8230560209909
17876	17.2095316412624
17877	16.5996825414595
17878	15.9960548932546
17879	15.3999819801931
17880	14.8118925582432
17881	14.2315696637592
17882	13.6583615377772
17883	13.0913503881623
17884	12.5294842348704
17885	11.9716758788355
17886	11.4168747728871
17887	10.8641161326014
17888	10.3125504890572
17889	9.76145766240525
17890	9.20948027898208
17891	8.65353356004267
17892	8.09113061115305
17893	7.52089092971306
17894	6.94316655764946
17895	6.37528676497659
17896	5.86240678636982
17897	5.38928821613174
17898	4.92278314753178
17899	4.45225895860235
17900	3.95213697757233
17901	3.41647736477783
17902	2.85343311630177
17903	2.2694744401142
17904	1.66959973438824
17905	1.05755556837339
17906	0.43606224643709
17907	-0.192967164775937
17908	-0.828226770771303
17909	-1.46884651990156
17910	-2.11425366108475
17911	-2.76406815804465
17912	-3.41802853954217
17913	-4.07573562464955
17914	-4.73674178724452
17915	-5.40094560678603
17916	-6.06543361600391
17917	-6.72760823138084
17918	-7.39167144496774
17919	-8.06188352812937
17920	-8.73780603318165
17921	-9.4184552974366
17922	-10.1027317393669
17923	-10.7857020969032
17924	-11.4610932522578
17925	-12.1158376285075
17926	-12.7117487689303
17927	-13.2327138782458
17928	-13.7131300299801
17929	-14.1673381526849
17930	-14.5781418336463
17931	-14.985240030838
17932	-15.4095754916323
17933	-15.8092113411269
17934	-16.1707227152627
17935	-16.5231813923097
17936	-16.8865916429691
17937	-17.2797159003497
17938	-17.7321381789761
17939	-18.2596956259257
17940	-18.8551306519371
17941	-19.4990662646992
17942	-20.1730348975915
17943	-20.8363473615163
17944	-21.4561566163864
17945	-22.0561076003332
17946	-22.6651203044139
17947	-23.2310009960011
17948	-23.6805082737303
17949	-24.0140376865438
17950	-24.2324348700942
17951	-24.4053539960742
17952	-24.6536293752913
17953	-25.0051942186847
17954	-25.438518414634
17955	-25.9338152513472
17956	-26.4754225675376
17957	-27.0514597173206
17958	-27.6518968870098
17959	-28.2681328588303
17960	-28.8965361568341
17961	-29.5323834135964
17962	-30.1744944789409
17963	-30.8249456534871
17964	-31.4442229633938
17965	-31.9452349431778
17966	-32.2956989770809
17967	-32.4859098925962
17968	-32.4903660340901
17969	-32.3231923131552
17970	-32.0177402754407
17971	-31.5994491618153
17972	-31.084777441494
17973	-30.4830627449324
17974	-29.7983934732241
17975	-29.0335999095169
17976	-28.1937316172006
17977	-27.2871509331213
17978	-26.3252945151784
17979	-25.3217822098234
17980	-24.2912882060238
17981	-23.2484423276555
17982	-22.2069139635403
17983	-21.1787384229205
17984	-20.1738797428965
17985	-19.199988888137
17986	-18.2623080039331
17987	-17.3636825943283
17988	-16.5046645491679
17989	-15.683806022942
17990	-14.8982540937229
17991	-14.1443483888608
17992	-13.4180827549585
17993	-12.7154356510186
17994	-12.0325870538447
17995	-11.3660448712735
17996	-10.7127039615986
17997	-10.0698581935964
17998	-9.43297026958511
17999	-8.79432688704068
18000	-8.14217159548462
18001	-7.46757760034448
18002	-6.77114688402486
18003	-6.05782049955249
18004	-5.39311997956095
18005	-4.8427751051342
18006	-4.41754485954556
18007	-4.09749423684407
18008	-3.8633864133506
18009	-3.73351102785791
18010	-3.73776300621672
18011	-3.85240651032551
18012	-4.06235609704663
18013	-4.37212847393272
18014	-4.78227795509731
18015	-5.23443256342747
18016	-5.66065606966765
18017	-6.1082532017896
18018	-6.63548519741394
18019	-7.26283097305045
18020	-7.99414805580045
18021	-8.82145817849777
18022	-9.73414440637383
18023	-10.7192400437305
18024	-11.7610568656206
18025	-12.8431994769538
18026	-13.9453134885278
18027	-15.0538751288779
18028	-16.1468430269923
18029	-17.1908149295376
18030	-18.1627377242642
18031	-19.046094068859
18032	-19.8464773967418
18033	-20.5334050128033
18034	-21.0501874563296
18035	-21.3849563368666
18036	-21.5664311560351
18037	-21.6383595841413
18038	-21.6350358276967
18039	-21.6018600652892
18040	-21.5967630521461
18041	-21.6371429897025
18042	-21.6964053569952
18043	-21.758025355736
18044	-21.8369027214854
18045	-21.9201680879922
18046	-21.9658063488294
18047	-21.9614203398762
18048	-21.9332585765248
18049	-21.9198119944905
18050	-21.9431649838675
18051	-21.9907826509997
18052	-22.0483116407148
18053	-22.1169322382371
18054	-22.1907580268804
18055	-22.2661019320138
18056	-22.3515080817273
18057	-22.4455189516903
18058	-22.5397414668609
18059	-22.6286536946116
18060	-22.6997200010611
18061	-22.7506938399504
18062	-22.7822164505905
18063	-22.7887001492436
18064	-22.761692302011
18065	-22.6928427877452
18066	-22.5691030157623
18067	-22.3674519508725
18068	-22.0719090884327
18069	-21.6760274249206
18070	-21.1739381718758
18071	-20.540414849966
18072	-19.7821131932335
18073	-18.9636330966865
18074	-18.1111275967046
18075	-17.2705445033588
18076	-16.5141966529726
18077	-15.8303555018438
18078	-15.2255090921942
18079	-14.7050129180119
18080	-14.2691160912116
18081	-13.9602328130048
18082	-13.7573797432978
18083	-13.602521575768
18084	-13.4850318358562
18085	-13.424265639475
18086	-13.415183142265
18087	-13.4289057695965
18088	-13.4605853255343
18089	-13.4968087620222
18090	-13.5273103349661
18091	-13.5523788714194
18092	-13.5654744968031
18093	-13.5585247733353
18094	-13.5214943988609
18095	-13.4724341983065
18096	-13.406958094866
18097	-13.3032068300087
18098	-13.1634394179814
18099	-12.988173604157
18100	-12.75843200933
18101	-12.4334518602554
18102	-12.0156348221818
18103	-11.5394431064104
18104	-11.0433471839129
18105	-10.5731579932773
18106	-10.1523749719434
18107	-9.79038865970707
18108	-9.5184744071816
18109	-9.38252514531751
18110	-9.41417767330841
18111	-9.62047887313532
18112	-9.98502303788936
18113	-10.4890786127647
18114	-11.1208358427821
18115	-11.8720288346481
18116	-12.7313421197667
18117	-13.6840942738451
18118	-14.7123537056499
18119	-15.7958152065305
18120	-16.9130930566058
18121	-18.0431503640228
18122	-19.1666438808248
18123	-20.2670438935196
18124	-21.3314640967873
18125	-22.3511865258028
18126	-23.3218781422789
18127	-24.2455311238922
18128	-25.1264965107077
18129	-25.9731511512586
18130	-26.7696248853759
18131	-27.4762628991119
18132	-28.0192091233191
18133	-28.3329290078633
18134	-28.4577780997284
18135	-28.4545993763291
18136	-28.3698083703658
18137	-28.2890430084781
18138	-28.2979370038855
18139	-28.4353436992683
18140	-28.7013682836059
18141	-29.0755862160106
18142	-29.5303560655736
18143	-30.0442116147648
18144	-30.6011210384516
18145	-31.1895977291002
18146	-31.7980285719203
18147	-32.4218226158638
18148	-33.0618939866948
18149	-33.7151535973066
18150	-34.3790616515695
18151	-35.0488134353453
18152	-35.7070105502361
18153	-36.3321260413517
18154	-36.9031355900263
18155	-37.424067117571
18156	-37.8818503307822
18157	-38.2498205943047
18158	-38.5337829577442
18159	-38.7546900369869
18160	-38.9373378511597
18161	-39.0835955080648
18162	-39.1809756939019
18163	-39.2403569899889
18164	-39.2783005555259
18165	-39.2965526949209
18166	-39.2853773286054
18167	-39.2283449531518
18168	-39.1086800285247
18169	-38.9158577553621
18170	-38.6409380530755
18171	-38.26118886273
18172	-37.7678249509852
18173	-37.1703121053381
18174	-36.476551479088
18175	-35.6922146624275
18176	-34.8360270941788
18177	-33.9239243170544
18178	-32.9457107526718
18179	-31.9037518510337
18180	-30.8244480968673
18181	-29.7362538139271
18182	-28.6486285812946
18183	-27.5651569827459
18184	-26.4957182661528
18185	-25.4416730319678
18186	-24.4040770186333
18187	-23.3955848229381
18188	-22.4475300428321
18189	-21.5786411212599
18190	-20.7839685318435
18191	-20.0561432217834
18192	-19.3856332810562
18193	-18.7619076199638
18194	-18.1745405204979
18195	-17.614007040208
18196	-17.0721436425054
18197	-16.5423220055042
18198	-16.0194160099699
18199	-15.499646528728
18200	-14.9803674315039
18201	-14.4598407559203
18202	-13.9370232852335
18203	-13.4113797600727
18204	-12.882726465516
18205	-12.351102884893
18206	-11.8166724420227
18207	-11.2796482725113
18208	-10.740239349061
18209	-10.1986152011255
18210	-9.65488620379018
18211	-9.1090964199875
18212	-8.56122580441821
18213	-8.01119866146083
18214	-7.45889619970282
18215	-6.90417102998933
18216	-6.3468617549382
18217	-5.78680622529032
18218	-5.22385247174679
18219	-4.65786673401013
18220	-4.08873837891439
18221	-3.51638180977683
18222	-2.94073570899976
18223	-2.36176012157268
18224	-1.77943198031433
18225	-1.19373970097324
18226	-0.604677446658723
18227	-0.0114554054379554
18228	0.58785371585096
18229	1.19758294616358
18230	1.82975621677656
18231	2.4948295864826
18232	3.18862347965379
18233	3.90309273973696
18234	4.63270678336971
18235	5.37316104397302
18236	6.12036150976004
18237	6.87047454490496
18238	7.62016022682767
18239	8.36672080653028
18240	9.108140318704
18241	9.84303932654505
18242	10.5705817344006
18243	11.2903645592533
18244	12.0023124073346
18245	12.7065861309444
18246	13.4035108073473
18247	14.0935189780748
18248	14.777110971078
18249	15.4548238499856
18250	16.1272093139182
18251	16.7948188371117
18252	17.4581912071828
18253	18.1178428049977
18254	18.7742603809226
18255	19.4278958722809
18256	20.0791626834297
18257	20.7284329552422
18258	21.3715613478861
18259	22.0043083306911
18260	22.6336232848918
18261	23.2641710366474
18262	23.8901058134279
18263	24.5082306176194
18264	25.1126498667662
18265	25.6944564972262
18266	26.2527084837199
18267	26.8104237698799
18268	27.3735545061431
18269	27.9275351003162
18270	28.478603578804
18271	29.0225238312185
18272	29.5492533225846
18273	30.0713642385332
18274	30.5898526511084
18275	31.100799468028
18276	31.6179426406444
18277	32.1514409898389
18278	32.6942914405684
18279	33.2297593351975
18280	33.7519226587417
18281	34.2628669741425
18282	34.7648167417606
18283	35.2599429113601
18284	35.7502362953793
18285	36.2374358552499
18286	36.7229997699587
18287	37.2081051092636
18288	37.6936655398706
18289	38.1803602768148
18290	38.668666284024
18291	39.1588916716173
18292	39.6512084503708
18293	40.1456814502944
18294	40.6439066229416
18295	41.1488972045693
18296	41.6627677760844
18297	42.190723175726
18298	42.7370727623934
18299	43.2992570011255
18300	43.8699626952028
18301	44.4471428053735
18302	45.0316390869698
18303	45.610143915335
18304	46.1708887252807
18305	46.7165310892162
18306	47.2491312184054
18307	47.7767868823656
18308	48.3017461702395
18309	48.815482321638
18310	49.3166343489845
18311	49.8042136588642
18312	50.2760462246857
18313	50.7228930710417
18314	51.1316890154144
18315	51.5122540619513
18316	51.8719951035159
18317	52.2258056691153
18318	52.5613813682386
18319	52.8656765642039
18320	53.1536221774894
18321	53.4338635273384
18322	53.7071461396926
18323	53.9719778273437
18324	54.2301010245562
18325	54.4828624360996
18326	54.7253338699105
18327	54.957016282529
18328	55.1899709101274
18329	55.4265125382998
18330	55.6590305952825
18331	55.8826444687237
18332	56.0936492468804
18333	56.2934054672111
18334	56.4901940687514
18335	56.6969537031866
18336	56.9065349798008
18337	57.1023225078372
18338	57.2823128825283
18339	57.4584055275833
18340	57.6396270143397
18341	57.8399644033169
18342	58.0669226513215
18343	58.3103340890239
18344	58.5746811071054
18345	58.8394329493856
18346	59.0805640892832
18347	59.3042141208175
18348	59.5231520015645
18349	59.7480169028069
18350	59.9681426165038
18351	60.1704287662557
18352	60.3713107542773
18353	60.5747908934681
18354	60.7854820437426
18355	61.0129380924994
18356	61.2434784409933
18357	61.4706853832457
18358	61.6987394217189
18359	61.9395984619649
18360	62.2108289099621
18361	62.5196736415619
18362	62.860792876329
18363	63.2294900901414
18364	63.6078728735106
18365	63.9691707423418
18366	64.3046029397258
18367	64.6150551546761
18368	64.9131810145673
18369	65.2004392865629
18370	65.4735647162265
18371	65.7398501818636
18372	66.0007774451963
18373	66.262009734936
18374	66.5333504329569
18375	66.820140259635
18376	67.1243192934769
18377	67.4473438908749
18378	67.7882926049392
18379	68.1478048131457
18380	68.5292674868143
18381	68.9303541785359
18382	69.3465102480871
18383	69.7755368483649
18384	70.2140445147447
18385	70.6607299678701
18386	71.1167938752024
18387	71.5829230676613
18388	72.0529584213188
18389	72.4974746954798
18390	72.9111752432724
18391	73.2996370283149
18392	73.6714103197075
18393	74.0368000457694
18394	74.3964193701049
18395	74.7700749119233
18396	75.1673767000461
18397	75.5801620022952
18398	76.0007842245098
18399	76.4269266701162
18400	76.8599961281874
18401	77.2986954876215
18402	77.7394079729508
18403	78.1800209698557
18404	78.6189328690043
18405	79.054668632553
18406	79.4821343250345
18407	79.8951794929049
18408	80.2936682424684
18409	80.6829411746007
18410	81.0591013520217
18411	81.4147503448243
18412	81.748070956994
18413	82.0604881814834
18414	82.3586615947624
18415	82.6444406366933
18416	82.9195491741492
18417	83.1834862458846
18418	83.4301997384986
18419	83.6553849125765
18420	83.8588135161274
18421	84.0437039635981
18422	84.2143991386073
18423	84.3724848158298
18424	84.5160740401632
18425	84.6456382546924
18426	84.7641107478385
18427	84.8736199343523
18428	84.9735037226203
18429	85.0609268381133
18430	85.1330997118402
18431	85.1925387195114
18432	85.2429729559888
18433	85.2846367856092
18434	85.3159409167373
18435	85.3353455704087
18436	85.3365823307957
18437	85.311562524379
18438	85.2623248724696
18439	85.1983298636522
18440	85.1273455126398
18441	85.0518144419719
18442	84.9658022168783
18443	84.8636103637774
18444	84.7451856671559
18445	84.6097835858312
18446	84.4600610665513
18447	84.298469054662
18448	84.1277800164661
18449	83.9472889177817
18450	83.7534351371268
18451	83.5473636866321
18452	83.332717815093
18453	83.1060870474421
18454	82.8643986748483
18455	82.6111130451726
18456	82.3458217622969
18457	82.0675908577401
18458	81.7761861328825
18459	81.4742433623321
18460	81.1639725680377
18461	80.8467962866939
18462	80.5258220682366
18463	80.2033431120622
18464	79.8825225766025
18465	79.5625594043762
18466	79.2423617777604
18467	78.9244230700567
18468	78.6085576575315
18469	78.292152308164
18470	77.9771665272576
18471	77.6649366201525
18472	77.3516342497231
18473	77.0373582147865
18474	76.729871243053
18475	76.4297827983001
18476	76.1337008148756
18477	75.8489020662095
18478	75.5828185553424
18479	75.3323078334757
18480	75.0937831932658
18481	74.8670274504604
18482	74.6514116565376
18483	74.4465094873496
18484	74.2494533040549
18485	74.0563953528113
18486	73.8655007361885
18487	73.6733888371029
18488	73.4804603331679
18489	73.2896535416004
18490	73.0974890200828
18491	72.9065911797024
18492	72.7221895598771
18493	72.5392309516094
18494	72.3569751145028
18495	72.1789058169504
18496	72.0015310769692
18497	71.8262798800812
18498	71.6576709993522
18499	71.4892439642479
18500	71.3063471720058
18501	71.1022236991435
18502	70.8734510351014
18503	70.6189003895467
18504	70.3454950532343
18505	70.0583234553329
18506	69.7650352471304
18507	69.4637504027103
18508	69.1476231158224
18509	68.8208141804342
18510	68.4784291296034
18511	68.1177565263289
18512	67.7390545496897
18513	67.340491977836
18514	66.9259495334987
18515	66.5009881397326
18516	66.0787999622387
18517	65.6630073842135
18518	65.2486224075669
18519	64.8328437324649
18520	64.4155738812998
18521	64.0012918147783
18522	63.5913096328064
18523	63.1847273838698
18524	62.7844662176203
18525	62.3895626815697
18526	61.9980424106777
18527	61.6125318476109
18528	61.2303655641308
18529	60.8475528735335
18530	60.4647330880878
18531	60.0836277727144
18532	59.7063896764304
18533	59.3338570872073
18534	58.9623134964618
18535	58.587326899692
18536	58.2190063079093
18537	57.8596026412358
18538	57.5041350775868
18539	57.1600326016325
18540	56.8269583758595
18541	56.5077025177688
18542	56.200558891765
18543	55.8991874854811
18544	55.6055485605512
18545	55.3189314020625
18546	55.0394439427388
18547	54.761646101025
18548	54.4804515648898
18549	54.1934173779965
18550	53.8976707051199
18551	53.594241957144
18552	53.2831469018348
18553	52.9638165712192
18554	52.6375373703354
18555	52.3071264591955
18556	51.9718127188812
18557	51.6320601759663
18558	51.285465624153
18559	50.9339570899536
18560	50.5993299435093
18561	50.2873921890301
18562	50.0132956115639
18563	49.773386299438
18564	49.5385931925386
18565	49.3058861072133
18566	49.0663207741278
18567	48.8047873977227
18568	48.5160743045003
18569	48.2008465248568
18570	47.8676721971727
18571	47.5377890902453
18572	47.2251596182823
18573	46.9291181924176
18574	46.6509073533161
18575	46.385145169549
18576	46.1335363862663
18577	45.9000961817868
18578	45.682619829422
18579	45.478425519452
18580	45.2780771058765
18581	45.0782980664981
18582	44.8837203465819
18583	44.6957509798068
18584	44.5091771917389
18585	44.3222822094781
18586	44.1446062002955
18587	43.9806303995904
18588	43.8265375970927
18589	43.6772001135665
18590	43.5298753472009
18591	43.3885732766234
18592	43.2563917077597
18593	43.1269154229484
18594	42.9944523028376
18595	42.8617149900899
18596	42.7397765937861
18597	42.6345779816703
18598	42.5384814552981
18599	42.4439731980068
18600	42.3516143710299
18601	42.2668679551482
18602	42.1697296308628
18603	42.0265821987229
18604	41.8147985725006
18605	41.5256605485234
18606	41.1729862719589
18607	40.7746625370784
18608	40.3558520408569
18609	39.9359902979498
18610	39.5211374175953
18611	39.116547252032
18612	38.7182944675213
18613	38.3253925153312
18614	37.9397986715564
18615	37.5591142774132
18616	37.1606839166204
18617	36.7285105563074
18618	36.2706599518018
18619	35.79028236254
18620	35.2895651928888
18621	34.777872096047
18622	34.2572058989127
18623	33.7253737852929
18624	33.1850631197678
18625	32.6388279778663
18626	32.0885333391692
18627	31.5369488641705
18628	30.9909969543724
18629	30.4577120512471
18630	29.9365470829489
18631	29.4202081182828
18632	28.9128095683459
18633	28.4286890493834
18634	27.9813527447601
18635	27.5760529811836
18636	27.2129787120227
18637	26.899755259517
18638	26.6445243067274
18639	26.444699202541
18640	26.3142083476398
18641	26.2297715305174
18642	26.1649860251076
18643	26.1180298703471
18644	26.0638346791542
18645	25.9811318243259
18646	25.8723904519953
18647	25.7650994384851
18648	25.6812336584403
18649	25.6378602197765
18650	25.6518731566811
18651	25.7216548600947
18652	25.8290905624068
18653	25.9509899571441
18654	26.0709308780781
18655	26.1750379554987
18656	26.2545511675035
18657	26.3243830234754
18658	26.4089828807087
18659	26.5191847740803
18660	26.6457703222445
18661	26.7697513503843
18662	26.884070403947
18663	26.9885633427572
18664	27.1004385726928
18665	27.2352057081396
18666	27.3941985206129
18667	27.5752361679346
18668	27.7700033531894
18669	27.9802555767291
18670	28.2190246419121
18671	28.4862220079084
18672	28.7843282763028
18673	29.1134417892659
18674	29.4737556658884
18675	29.9025321565971
18676	30.4211089737169
18677	31.0154171773371
18678	31.6308941095837
18679	32.2207716267403
18680	32.8244184512566
18681	33.477385183801
18682	34.1488465389153
18683	34.7912827162876
18684	35.3710895644559
18685	35.888847694005
18686	36.3696603706586
18687	36.8243872625913
18688	37.2343103548586
18689	37.598261150027
18690	37.9337922931525
18691	38.2291974082991
18692	38.4737098654933
18693	38.6798073497444
18694	38.8566539115614
18695	39.0037421891962
18696	39.1242261345157
18697	39.2310288169812
18698	39.3352723191841
18699	39.4346065875534
18700	39.5215733131119
18701	39.5970975282477
18702	39.6636356059431
18703	39.7338483068912
18704	39.8401457692397
18705	40.0199101177163
18706	40.2897528690897
18707	40.6403035959859
18708	41.0558669044777
18709	41.522384934552
18710	42.0274208999256
18711	42.5601604561408
18712	43.1114022640669
18713	43.6735223072587
18714	44.2404055051209
18715	44.807342735522
18716	45.3708970078462
18717	45.9287440448234
18718	46.4794968997308
18719	47.0225246565944
18720	47.5577743495741
18721	48.0856069634951
18722	48.6066520871172
18723	49.1216862081315
18724	49.6315372930371
18725	50.1370137001424
18726	50.6388556465972
18727	51.1377071913007
18728	51.6341044499416
18729	52.1284761137236
18730	52.6211526498294
18731	53.1123813396844
18732	53.602344366009
18733	54.0911774549554
18734	54.5789873433589
18735	55.0658668555911
18736	55.5519068429644
18737	56.0372046581644
18738	56.5218691926792
18739	57.0060227856931
18740	57.489800512644
18741	57.9733474806138
18742	58.4568148016252
18743	58.940354894315
18744	59.4241166933349
18745	59.9082412399276
18746	60.3928580022217
18747	60.8780821442407
18748	61.3628508913555
18749	61.8436392430256
18750	62.3193727679311
18751	62.7921029746699
18752	63.2619498194581
18753	63.7274017025493
18754	64.1842975911923
18755	64.6329693595615
18756	65.0767822920425
18757	65.5139186505069
18758	65.9412978134464
18759	66.353543211843
18760	66.7495396541755
18761	67.1345593812073
18762	67.5106262117613
18763	67.8797370264192
18764	68.2343672962986
18765	68.5591857285111
18766	68.8525511371219
18767	69.1009887082506
18768	69.2854930796463
18769	69.4300119864251
18770	69.5554458570086
18771	69.6809729055616
18772	69.8243609379301
18773	69.9718319984188
18774	70.1154068335508
18775	70.2580120788336
18776	70.3991859369192
18777	70.5456502232104
18778	70.7003382972906
18779	70.8570092482023
18780	71.0073937774194
18781	71.1430335881367
18782	71.2611176537132
18783	71.3694145400833
18784	71.4744121164955
18785	71.5760598566067
18786	71.6762543569735
18787	71.7666102133914
18788	71.8423326590652
18789	71.9078127349763
18790	71.96891214791
18791	72.031309687423
18792	72.0871202598004
18793	72.1319371112472
18794	72.1730894283041
18795	72.2131377758029
18796	72.2542115644028
18797	72.2938035429653
18798	72.3245466098142
18799	72.3432557185935
18800	72.3511038098543
18801	72.3494608105402
18802	72.3400559675012
18803	72.3297856738117
18804	72.3176164875758
18805	72.2999580206224
18806	72.2804773571895
18807	72.257240531235
18808	72.2249312810679
18809	72.1846777164246
18810	72.1402864258305
18811	72.0919217458553
18812	72.0421514513151
18813	71.9908860138302
18814	71.9290435062176
18815	71.85312352562
18816	71.7618761092951
18817	71.655129045817
18818	71.5379310894915
18819	71.4177630241905
18820	71.2995587013276
18821	71.1756108723808
18822	71.0422527633311
18823	70.9004315826483
18824	70.7517524885446
18825	70.5984480276027
18826	70.440144563693
18827	70.2691800878835
18828	70.075934582359
18829	69.859577548733
18830	69.6237567985203
18831	69.3754496335463
18832	69.1200596969177
18833	68.8577317969591
18834	68.581678202893
18835	68.2897409887942
18836	67.9808819587706
18837	67.6541733959492
18838	67.3172942448379
18839	66.9750922775853
18840	66.6262761312177
18841	66.2703842354727
18842	65.9103664715791
18843	65.5456758789149
18844	65.180880686823
18845	64.817112105168
18846	64.4508423143095
18847	64.0898991345029
18848	63.7332613810275
18849	63.3804192123184
18850	63.032469231313
18851	62.684908284486
18852	62.3324748500932
18853	61.9775213637936
18854	61.6294335227888
18855	61.2930309521776
18856	60.9682858220801
18857	60.6461057426449
18858	60.3376261124428
18859	60.0569830368603
18860	59.7989171050497
18861	59.5577074733471
18862	59.3294984186998
18863	59.1124596895925
18864	58.9026521672241
18865	58.6978507541302
18866	58.5009972466597
18867	58.3129048656048
18868	58.1356217551493
18869	57.9648108673259
18870	57.7886216861732
18871	57.6028047450552
18872	57.4086030981159
18873	57.2081332652269
18874	57.0056530174783
18875	56.7962541722752
18876	56.5764835314778
18877	56.3538315922448
18878	56.1276330865097
18879	55.8906339634089
18880	55.6436028808531
18881	55.3906749637975
18882	55.1322878605428
18883	54.8718655496359
18884	54.6076375477001
18885	54.3344414422291
18886	54.0493147904481
18887	53.7491246150439
18888	53.4362438524803
18889	53.1156491183216
18890	52.7863342530761
18891	52.445948748981
18892	52.0960545291925
18893	51.7395584588881
18894	51.3863966293994
18895	51.0395679579905
18896	50.692188646781
18897	50.3459721667335
18898	49.9996090401175
18899	49.6537978419141
18900	49.3047006937753
18901	48.9481210661749
18902	48.5877259852793
18903	48.2272409357918
18904	47.8582364409246
18905	47.4827033934794
18906	47.1127323256375
18907	46.74088226285
18908	46.3583385375369
18909	45.964012799363
18910	45.5613362145301
18911	45.1552633053223
18912	44.7463931404858
18913	44.331720866107
18914	43.9095457326282
18915	43.4772152957919
18916	43.0356318967912
18917	42.5874835541935
18918	42.1304011212961
18919	41.6631004742205
18920	41.1869797794495
18921	40.7039797542812
18922	40.219451080216
18923	39.7557141672001
18924	39.3080877130736
18925	38.8737968793855
18926	38.4534390216452
18927	38.0335906790983
18928	37.6162037992962
18929	37.1948950867461
18930	36.7583801487149
18931	36.3049016238557
18932	35.8382461842649
18933	35.3619848193008
18934	34.8785794874203
18935	34.3885192295566
18936	33.8925301640853
18937	33.3918439505844
18938	32.8869557409988
18939	32.3781355343181
18940	31.866087883982
18941	31.3518706130401
18942	30.8365338570728
18943	30.320637150036
18944	29.8026348964914
18945	29.2807402169858
18946	28.7551667084827
18947	28.2263006476028
18948	27.6941596880251
18949	27.1599043903565
18950	26.624676850957
18951	26.0885649321771
18952	25.5515715216929
18953	25.0124643730407
18954	24.4693703801112
18955	23.9219601582746
18956	23.3705680059609
18957	22.8159352115738
18958	22.2600266133987
18959	21.7037233664888
18960	21.1444588187159
18961	20.5800483148993
18962	20.0107221123221
18963	19.4366556980785
18964	18.8579776594653
18965	18.2747753518543
18966	17.6870996011659
18967	17.0949688779754
18968	16.4984722558069
18969	15.8974571402374
18970	15.2928575801679
18971	14.6867765378233
18972	14.0828053275386
18973	13.4847440694402
18974	12.9056600663565
18975	12.3586865397133
18976	11.8420868145337
18977	11.3607898056492
18978	10.9442851302133
18979	10.6243212281886
18980	10.3765098460651
18981	10.1233570116259
18982	9.8097920451625
18983	9.43093847738315
18984	9.0006686417773
18985	8.530011153737
18986	8.02791565385878
18987	7.50175897918877
18988	6.95767370961962
18989	6.40075899579934
18990	5.83521683869388
18991	5.26440134028323
18992	4.69063809174314
18993	4.11399019117863
18994	3.5335259609812
18995	2.94615297174315
18996	2.35039672463451
18997	1.76534429458728
18998	1.21421894340661
18999	0.706497776804409
19000	0.247380379407782
19001	-0.186610620184532
19002	-0.635183982983588
19003	-1.12466972501597
19004	-1.65999103149168
19005	-2.23160699519539
19006	-2.8297395329275
19007	-3.44578910832453
19008	-4.07372382272619
19009	-4.71211421509382
19010	-5.35858475181147
19011	-6.00982201776591
19012	-6.6617440270083
19013	-7.29527553689906
19014	-7.84521956885965
19015	-8.24523882313918
19016	-8.52307291627466
19017	-8.6939497175174
19018	-8.72933566874216
19019	-8.62028901836853
19020	-8.37008231253311
19021	-8.03841146070521
19022	-7.71294554726345
19023	-7.42506592239627
19024	-7.20104462951557
19025	-7.06493065962142
19026	-6.98503873023158
19027	-6.94905069386846
19028	-6.97021410975651
19029	-7.03083701478144
19030	-7.10108426129247
19031	-7.18720371516345
19032	-7.27155806655362
19033	-7.33602340354348
19034	-7.38940250951722
19035	-7.41491159980424
19036	-7.40749190082374
19037	-7.35795258956913
19038	-7.26538335231112
19039	-7.1522260081324
19040	-6.99851234904023
19041	-6.75968190852967
19042	-6.40226841170049
19043	-5.90425043881359
19044	-5.26694788533531
19045	-4.50554510876058
19046	-3.637406291045
19047	-2.68533729170036
19048	-1.67588666400363
19049	-0.631953921544035
19050	0.427050544218228
19051	1.4826595189131
19052	2.51878070303283
19053	3.52269623226742
19054	4.48555069064379
19055	5.40247109766279
19056	6.27234361729467
19057	7.10308435356509
19058	7.90244544464114
19059	8.69072644058424
19060	9.4865914936919
19061	10.2855408704151
19062	11.0834811903199
19063	11.8778717840121
19064	12.6665960145725
19065	13.4475774732585
19066	14.2190683069073
19067	14.9798614110132
19068	15.7293500582704
19069	16.4674681416972
19070	17.1945652607976
19071	17.9112646769409
19072	18.6183368403731
19073	19.3166016236968
19074	20.006864309335
19075	20.6898781475598
19076	21.3663292957145
19077	22.0368360160331
19078	22.7019546184441
19079	23.3621914925167
19080	24.0180147536485
19081	24.6698636335045
19082	25.3181558600233
19083	25.9632926121294
19084	26.6056602201106
19085	27.245628964977
19086	27.8835502633809
19087	28.5197530152725
19088	29.1545398471698
19089	29.7881838853022
19090	30.4209265267925
19091	31.0529764819227
19092	31.6845101682841
19093	32.3156733814684
19094	32.9465840466761
19095	33.5773357037023
19096	34.208001415797
19097	34.83863780936
19098	35.4692889628947
19099	36.0999899213745
19100	36.7307696807418
19101	37.361653557373
19102	37.9926649218548
19103	38.6238263302472
19104	39.2551601262221
19105	39.8866886130755
19106	40.5184339062753
19107	41.1504175767855
19108	41.7826601855377
19109	42.4151807930642
19110	43.0479965084017
19111	43.681122120532
19112	44.3145698359709
19113	44.9483491291558
19114	45.582466698951
19115	46.2169265152294
19116	46.8517299340188
19117	47.4868758576862
19118	48.1223609174094
19119	48.7581796580131
19120	49.3943247093508
19121	50.0307869331026
19122	50.6675555385525
19123	51.3046181651582
19124	51.9419609332484
19125	52.579568466812
19126	53.2174238940563
19127	53.8551970751903
19128	54.4924312229012
19129	55.129115304771
19130	55.7639270448495
19131	56.3943610482868
19132	57.0166447642652
19133	57.6228799025713
19134	58.2062940608969
19135	58.7793487080658
19136	59.3495095802701
19137	59.9182821878979
19138	60.4917623665759
19139	61.0711191763374
19140	61.6572090653662
19141	62.2490108238981
19142	62.8455664003296
19143	63.4452217432086
19144	64.0466450392394
19145	64.6451286099045
19146	65.2354898740387
19147	65.8097998494336
19148	66.3604720722943
19149	66.8808242092539
19150	67.361881246953
19151	67.7979339347744
19152	68.1972301289059
19153	68.5735378203941
19154	68.9353425608468
19155	69.2946450411876
19156	69.6626095320098
19157	70.0429602180517
19158	70.437011385507
19159	70.8450412406273
19160	71.2658351082046
19161	71.69445968696
19162	72.1261551097168
19163	72.560652082466
19164	72.9968688249097
19165	73.4330475837489
19166	73.8702293844471
19167	74.3071833916597
19168	74.7380345733755
19169	75.1577477607879
19170	75.5625446187768
19171	75.9487061381289
19172	76.3138136786742
19173	76.6591525487621
19174	76.9899959583789
19175	77.30761740534
19176	77.6154907286393
19177	77.9222778683989
19178	78.2375920562486
19179	78.5641095111384
19180	78.8879735465393
19181	79.1904092449981
19182	79.4595877596499
19183	79.6939675496163
19184	79.9012736838734
19185	80.0865061527059
19186	80.2495612878063
19187	80.3923417725803
19188	80.5182233972584
19189	80.6251328230388
19190	80.7174396312359
19191	80.8062137760758
19192	80.8955517205009
19193	80.9800063105648
19194	81.0512518595183
19195	81.1098684100562
19196	81.1598983553087
19197	81.2057870797846
19198	81.2549891510194
19199	81.3118028703663
19200	81.3759457219816
19201	81.4452843827682
19202	81.515300095797
19203	81.580862681999
19204	81.6377749081583
19205	81.682459311695
19206	81.7135915121703
19207	81.7356047227707
19208	81.7487012983399
19209	81.7437022032234
19210	81.7136531995374
19211	81.6559968595657
19212	81.5749390640816
19213	81.473217969436
19214	81.3549399379033
19215	81.2289760398039
19216	81.1000378253441
19217	80.9693239949514
19218	80.837850669119
19219	80.7078109501281
19220	80.5762124319039
19221	80.4358347491835
19222	80.2812547862156
19223	80.1050500200762
19224	79.908542528697
19225	79.6998058375598
19226	79.4784544735268
19227	79.2434322502226
19228	78.9909243505876
19229	78.7151569935458
19230	78.4181772998823
19231	78.1007624467054
19232	77.7668125590816
19233	77.4231810784294
19234	77.0772382406917
19235	76.7432021970438
19236	76.4232319766378
19237	76.1115500919015
19238	75.8019035926293
19239	75.4879629647187
19240	75.1751043812056
19241	74.8712823844251
19242	74.5772239442209
19243	74.2969968929376
19244	74.0326027868821
19245	73.7781653960113
19246	73.5322385533838
19247	73.2925522864754
19248	73.0531806649578
19249	72.8129310395913
19250	72.5725150733721
19251	72.337562528122
19252	72.1134086384782
19253	71.8978714212146
19254	71.6935346975392
19255	71.5004239845633
19256	71.3208103051103
19257	71.1597814135163
19258	71.0205249880338
19259	70.9058682875706
19260	70.8146565711136
19261	70.7401766461368
19262	70.6809052208502
19263	70.634602117665
19264	70.5912957132836
19265	70.5382611090546
19266	70.4600264250012
19267	70.3505810387313
19268	70.2043758715647
19269	70.0228833931448
19270	69.8188808275327
19271	69.59966423173
19272	69.3712072727167
19273	69.1513438951584
19274	68.9474449063871
19275	68.7594991490283
19276	68.5959504890111
19277	68.4627533683777
19278	68.3559192008484
19279	68.2714860528014
19280	68.211077388494
19281	68.1679439516813
19282	68.1284773634673
19283	68.0842211162611
19284	68.0269310539718
19285	67.9472106138534
19286	67.8282337484493
19287	67.6486756212186
19288	67.4113044515541
19289	67.123392036694
19290	66.7873931740185
19291	66.418439815945
19292	66.0334728428517
19293	65.6345441370074
19294	65.221352717842
19295	64.8009556017745
19296	64.3756507809401
19297	63.9476236919571
19298	63.522536402052
19299	63.1005043952861
19300	62.6797091315401
19301	62.2634653865398
19302	61.8589606442189
19303	61.4682804926141
19304	61.0870848820085
19305	60.7133759781714
19306	60.3483413423182
19307	59.9899327043943
19308	59.6316832355315
19309	59.270732301699
19310	58.9154596919521
19311	58.5700993217024
19312	58.231165915118
19313	57.8950332836321
19314	57.5586827508952
19315	57.2240481451723
19316	56.8893215038971
19317	56.5553589488932
19318	56.2411777684976
19319	55.9466517797206
19320	55.6755223794593
19321	55.4298558325318
19322	55.1931643637992
19323	54.9639888786829
19324	54.7367198952478
19325	54.5106175914392
19326	54.289441639052
19327	54.069046880286
19328	53.8504240595999
19329	53.6351883804215
19330	53.4232595689661
19331	53.2109629848578
19332	52.9933284528434
19333	52.7688093173804
19334	52.5401701225181
19335	52.312929456869
19336	52.0871917099285
19337	51.8573810164821
19338	51.6235590173013
19339	51.3858113219593
19340	51.1340738263249
19341	50.8670762532691
19342	50.5981581820701
19343	50.3251289726465
19344	50.0395506373864
19345	49.745115837538
19346	49.4566643684802
19347	49.1833017624615
19348	48.9191970747482
19349	48.6629899016452
19350	48.4075315327883
19351	48.1449670733871
19352	47.8853576011802
19353	47.6312238973719
19354	47.3780120314801
19355	47.1264306337911
19356	46.8835947416083
19357	46.6507537836473
19358	46.4256533661672
19359	46.2179988415646
19360	46.0314510033721
19361	45.8600559012243
19362	45.7001671759166
19363	45.5497544405557
19364	45.4078458966423
19365	45.2736871017046
19366	45.1434838629092
19367	45.0081806739849
19368	44.8626046444027
19369	44.7063689148301
19370	44.5289839503073
19371	44.3219383861063
19372	44.0837330362103
19373	43.8166549880318
19374	43.5361396502012
19375	43.2476028011635
19376	42.9383746956094
19377	42.6113571273624
19378	42.2748211414624
19379	41.9350318993088
19380	41.5967029391892
19381	41.2588377324205
19382	40.9329367152193
19383	40.6213439118558
19384	40.3294377875771
19385	40.0576797745699
19386	39.8052712625034
19387	39.5749285459765
19388	39.3546963985697
19389	39.1484880524318
19390	38.9665796596323
19391	38.8074507548819
19392	38.6714985390704
19393	38.5592745968463
19394	38.4697855442372
19395	38.4012210975274
19396	38.3516287514804
19397	38.3181535536412
19398	38.2971209802384
19399	38.2854157274446
19400	38.27240857382
19401	38.2341457533378
19402	38.1428702936445
19403	37.9706750221895
19404	37.7091363199555
19405	37.3727173001976
19406	36.9756482950281
19407	36.5302179843922
19408	36.0467948434389
19409	35.5339414853646
19410	34.9986050352213
19411	34.4463528910418
19412	33.8816207421828
19413	33.3079453630991
19414	32.7281640930234
19415	32.1445727690781
19416	31.5590422352036
19417	30.9730981118263
19418	30.3879721287801
19419	29.8046331962327
19420	29.2238058598494
19421	28.6459834349841
19422	28.0714405043638
19423	27.5002480006034
19424	26.9322928995396
19425	26.3673029878445
19426	25.8048757445778
19427	25.2445097943277
19428	24.6856370134601
19429	24.1276533197795
19430	23.5699464011352
19431	23.0119190411615
19432	22.4530072218851
19433	21.8926927100461
19434	21.3305102704838
19435	20.7660500409281
19436	20.1989558739806
19437	19.6289206056575
19438	19.0556792571537
19439	18.4790011335613
19440	17.8986816707429
19441	17.3145347217599
19442	16.7263857891712
19443	16.1340665192159
19444	15.538510221889
19445	14.9395147291398
19446	14.338142371488
19447	13.7375898230091
19448	13.1384144962683
19449	12.5496657475517
19450	11.9789020536539
19451	11.445597103069
19452	10.9925839157342
19453	10.6450700010831
19454	10.3827497553433
19455	10.1983405920527
19456	10.0534122615133
19457	9.90993716940842
19458	9.76184403419602
19459	9.6004437951479
19460	9.43094694746497
19461	9.2832857010266
19462	9.16671372789077
19463	9.09158585881268
19464	9.08277150905901
19465	9.14595570704438
19466	9.29498780524387
19467	9.5280175837864
19468	9.85007610432434
19469	10.2802816349402
19470	10.8208622275375
19471	11.4575882392507
19472	12.1099045250873
19473	12.7131658904596
19474	13.2422866548752
19475	13.6858366878942
19476	14.0702662543235
19477	14.4150700346166
19478	14.7477630575301
19479	15.0387049519922
19480	15.2348473693987
19481	15.351084832804
19482	15.43674202164
19483	15.5086254642488
19484	15.5241832708289
19485	15.4309417527075
19486	15.2206728922699
19487	14.9336473207225
19488	14.6373072619525
19489	14.4137853092479
19490	14.3097216022445
19491	14.3014914461696
19492	14.3915400169853
19493	14.6030871453283
19494	14.8978258518947
19495	15.2601184963404
19496	15.6864441931239
19497	16.1593538522145
19498	16.6931501544095
19499	17.2573893829437
19500	17.7697489347631
19501	18.1947865913984
19502	18.5652616763714
19503	18.9405296840915
19504	19.3520368786216
19505	19.7626446054233
19506	20.0991476762044
19507	20.331707820399
19508	20.4864304393322
19509	20.5923498927305
19510	20.6482774607538
19511	20.6421110270943
19512	20.5843540866056
19513	20.4795797964646
19514	20.3207167292697
19515	20.1258643488557
19516	19.9228477899079
19517	19.7189458085679
19518	19.5172442007221
19519	19.3652919840816
19520	19.2670861692516
19521	19.1953670804516
19522	19.1423665298568
19523	19.079283839521
19524	18.970885799
19525	18.7775723793621
19526	18.4851230558282
19527	18.1009320621251
19528	17.6105721386918
19529	17.0153108497208
19530	16.3264083596897
19531	15.5482719608474
19532	14.7005304975692
19533	13.800985471142
19534	12.8687351361479
19535	11.9216212513024
19536	10.9743040063907
19537	10.0397298834417
19538	9.12915052697648
19539	8.25114736222356
19540	7.41814264867712
19541	6.63119352232057
19542	5.89628658328047
19543	5.21268032662927
19544	4.58105622368825
19545	4.00878681085941
19546	3.47563919578872
19547	2.98130581261968
19548	2.54751071765058
19549	2.1797161201569
19550	1.87993728193316
19551	1.64133646321507
19552	1.45197346552261
19553	1.31677167091585
19554	1.23820857405174
19555	1.18883176686941
19556	1.13821188964702
19557	1.07335513157419
19558	0.990073748164781
19559	0.901342146324321
19560	0.846606297865875
19561	0.866971550666143
19562	0.956371642069958
19563	1.09270813786411
19564	1.24772843832941
19565	1.39428777619813
19566	1.52561075985996
19567	1.67580431527511
19568	1.8814457076113
19569	2.17908439550716
19570	2.61628931450341
19571	3.1805892246741
19572	3.84776922474821
19573	4.61256356534713
19574	5.48213784305522
19575	6.4556678867993
19576	7.5062967848198
19577	8.60744957150471
19578	9.73455616475601
19579	10.8663915805774
19580	11.9858184366899
19581	13.08004224331
19582	14.140555873419
19583	15.1628170478535
19584	16.1453741735051
19585	17.0888023357571
19586	17.9948774415715
19587	18.8582243079956
19588	19.6689620688607
19589	20.4291748978721
19590	21.142025697314
19591	21.8117612120967
19592	22.4470001533495
19593	23.0545035704254
19594	23.6395673976315
19595	24.2066056829989
19596	24.7597328026485
19597	25.3027832448368
19598	25.8391712745248
19599	26.3717916836782
19600	26.902983870219
19601	27.4345498670563
19602	27.9678090417583
19603	28.5036728110317
19604	29.0427250142266
19605	29.5852994417338
19606	30.1315477288983
19607	30.6814967692324
19608	31.2350928874385
19609	31.7922363605348
19610	32.3534612089953
19611	32.9191262538819
19612	33.4874960410891
19613	34.0630218769664
19614	34.6547487309118
19615	35.2661040973399
19616	35.8842991530406
19617	36.4565854043662
19618	36.9613385103459
19619	37.4274085645812
19620	37.8579619240142
19621	38.249983728464
19622	38.60186688795
19623	38.8754488254648
19624	39.0787995565389
19625	39.2702339126985
19626	39.459100285279
19627	39.6276424673773
19628	39.7811684479717
19629	39.9334001552032
19630	40.0707879785153
19631	40.1759999217637
19632	40.2517195247689
19633	40.3074053984506
19634	40.353287264008
19635	40.3879892692347
19636	40.4055750075936
19637	40.4113672231076
19638	40.4160816621145
19639	40.4209208413563
19640	40.4164101853738
19641	40.4069025361952
19642	40.4191241357806
19643	40.4757212909796
19644	40.5912147714799
19645	40.7727045134351
19646	41.0170193514166
19647	41.3315841221048
19648	41.7097161204286
19649	42.1258233041977
19650	42.5841314668527
19651	43.0851492480051
19652	43.6275656629773
19653	44.2091096706269
19654	44.8180270951859
19655	45.4458045409178
19656	46.0769979880139
19657	46.7073931710078
19658	47.3427125528444
19659	47.9846298124628
19660	48.6210004750066
19661	49.2396134066405
19662	49.8392411496926
19663	50.4317690987887
19664	51.0283015107703
19665	51.6277295183086
19666	52.2266647510001
19667	52.8225260231506
19668	53.4142447743326
19669	53.9992894573661
19670	54.5736599956174
19671	55.1340683282694
19672	55.6802601324379
19673	56.2117199406256
19674	56.7272050003727
19675	57.2300387816503
19676	57.7100809260676
19677	58.1501986840444
19678	58.5430705880358
19679	58.8879465920389
19680	59.1984565406484
19681	59.4777568646999
19682	59.7185786480094
19683	59.9267677586714
19684	60.1078808656625
19685	60.273894281665
19686	60.4306944419479
19687	60.5683773098387
19688	60.6947943014756
19689	60.8088146097117
19690	60.8954166833562
19691	60.9534357250665
19692	60.9824295585373
19693	60.9888450802779
19694	60.9698935078535
19695	60.9015053061869
19696	60.7684789892017
19697	60.5705150782689
19698	60.3050032778037
19699	59.9695721201486
19700	59.5678419263801
19701	59.1063307198367
19702	58.5890118661447
19703	58.0180657935482
19704	57.3976026373432
19705	56.7312506930761
19706	56.022866274707
19707	55.2778928504184
19708	54.5027269328247
19709	53.7040995380005
19710	52.8891933365731
19711	52.0656521014601
19712	51.2412038466224
19713	50.4228322167341
19714	49.6165539875558
19715	48.836602995412
19716	48.1041983512606
19717	47.4416382513513
19718	46.8769020176127
19719	46.4268975877109
19720	46.0877395934999
19721	45.8462993269436
19722	45.6759295330778
19723	45.5468974705157
19724	45.434539562116
19725	45.3162620285302
19726	45.1774489034906
19727	45.0316301237865
19728	44.8903327848213
19729	44.7363580336698
19730	44.5784508617559
19731	44.4165746893443
19732	44.2502406821715
19733	44.0919739244267
19734	43.9298820900235
19735	43.7549867582335
19736	43.5651805280037
19737	43.3609144535025
19738	43.1461620261202
19739	42.9243416902152
19740	42.6902420078495
19741	42.4347541720621
19742	42.1636137178866
19743	41.8923573677954
19744	41.6245668206579
19745	41.365272113392
19746	41.1189325277613
19747	40.8905993427604
19748	40.6839221434174
19749	40.499960297759
19750	40.3466661553505
19751	40.2420765854732
19752	40.1906337996188
19753	40.1657667086921
19754	40.1497076296997
19755	40.1437636646198
19756	40.1523519327035
19757	40.1735045413648
19758	40.2001996042983
19759	40.2316497003899
19760	40.2516198002514
19761	40.2258133303019
19762	40.1408994120742
19763	39.9879356666176
19764	39.7645411518752
19765	39.4766070769268
19766	39.1277907552342
19767	38.7257108713842
19768	38.2733040195684
19769	37.7873818156394
19770	37.2896212598554
19771	36.7806330439511
19772	36.2585116365763
19773	35.7316274881073
19774	35.2084108571715
19775	34.6911116408909
19776	34.1827408269714
19777	33.6877485129735
19778	33.2066864188601
19779	32.7358546548661
19780	32.2683179129324
19781	31.8010244882979
19782	31.340978230727
19783	30.8983926648222
19784	30.4687702124341
19785	30.0529656178895
19786	29.6643292797822
19787	29.3401041005299
19788	29.0843912378635
19789	28.906498073928
19790	28.7987029113096
19791	28.7324850490211
19792	28.711044673469
19793	28.7390866675228
19794	28.8183446090997
19795	28.9277832392678
19796	29.0367836590772
19797	29.1391829322716
19798	29.2283907313491
19799	29.2899394257698
19800	29.3216105833243
19801	29.3285846755678
19802	29.3391351842667
19803	29.399651984454
19804	29.5123597753747
19805	29.6713353471014
19806	29.8922697821243
19807	30.1486017423496
19808	30.4369704661548
19809	30.8072713532987
19810	31.2820288910656
19811	31.8499647909254
19812	32.499432191044
19813	33.196935541831
19814	33.8744933375164
19815	34.5101971081407
19816	35.1502665910253
19817	35.8394215293606
19818	36.5873708020559
19819	37.380635597999
19820	38.2100245134361
19821	39.0673931035091
19822	39.9396358193724
19823	40.8152011277202
19824	41.6844491013813
19825	42.5398972391921
19826	43.3762957645819
19827	44.1904027693334
19828	44.9806002707142
19829	45.7465046827511
19830	46.4886143397619
19831	47.208016476657
19832	47.9061589324184
19833	48.5846806676858
19834	49.2452934527657
19835	49.8897026185131
19836	50.519555804734
19837	51.1364128748613
19838	51.7417294480646
19839	52.3368484356389
19840	52.9229973513704
19841	53.501289585572
19842	54.0727274432844
19843	54.6382062506414
19844	55.1985195479104
19845	55.7543651351468
19846	56.3063519246189
19847	56.8550072280971
19848	57.4007842267146
19849	57.9440696624546
19850	58.4851915758602
19851	59.0242575114482
19852	59.5613561064942
19853	60.0971163339078
19854	60.6316768123951
19855	61.1651557481716
19856	61.6934362858204
19857	62.2139283343168
19858	62.7228133945029
19859	63.2173856853964
19860	63.6974137070879
19861	64.1649540440449
19862	64.623359967341
19863	65.0677775827052
19864	65.4983621016422
19865	65.9171837549403
19866	66.3227877755301
19867	66.7159872328194
19868	67.0950376858449
19869	67.4540825144463
19870	67.78700120878
19871	68.0813851064074
19872	68.3331228302636
19873	68.5318136335533
19874	68.6680184092117
19875	68.7408252458548
19876	68.7446652901433
19877	68.6891553568354
19878	68.5850159452925
19879	68.4371929742555
19880	68.2467721558422
19881	68.0075166793655
19882	67.7319090353673
19883	67.4397339330843
19884	67.145004451549
19885	66.8458792906249
19886	66.5258979833842
19887	66.1772871018751
19888	65.8066724447561
19889	65.4309289469861
19890	65.0484801706876
19891	64.640867115091
19892	64.2089465606258
19893	63.7590475703666
19894	63.2929043848186
19895	62.812330409356
19896	62.3145105930471
19897	61.7969247451234
19898	61.2653530656274
19899	60.7234123238115
19900	60.1726802574126
19901	59.6242821096205
19902	59.0850418299634
19903	58.5552244718706
19904	58.0383715526863
19905	57.5446405040356
19906	57.0758015961148
19907	56.6231225031373
19908	56.1852334076226
19909	55.7672249782277
19910	55.3700056502505
19911	54.9901515338991
19912	54.6271354865613
19913	54.2753197486041
19914	53.9327093624994
19915	53.6025427696764
19916	53.2939376048983
19917	53.0000183293315
19918	52.7148571803736
19919	52.4593862396821
19920	52.2359099417864
19921	52.0314281275833
19922	51.8379637780593
19923	51.6525485200584
19924	51.4734573197655
19925	51.2987029743659
19926	51.1248355002403
19927	50.9504191017111
19928	50.7774993739365
19929	50.6055456894507
19930	50.435209650204
19931	50.2714795054627
19932	50.1188305141521
19933	49.9816252684943
19934	49.8551699347982
19935	49.7319659564234
19936	49.6138849784233
19937	49.5035947162426
19938	49.3999969949246
19939	49.298969598019
19940	49.1997342806178
19941	49.1007629360036
19942	49.0059569651655
19943	48.914332286901
19944	48.8218693504425
19945	48.7367923972419
19946	48.6627482096477
19947	48.5915232546946
19948	48.5162045818376
19949	48.4368526436303
19950	48.3565176981709
19951	48.2850441807775
19952	48.2269405942391
19953	48.1721906040011
19954	48.1059861279043
19955	48.0315664979342
19956	47.9638278337992
19957	47.9093952240641
19958	47.8654473564916
19959	47.8237899139163
19960	47.7756806667605
19961	47.7237864266309
19962	47.6757801297253
19963	47.6285571006248
19964	47.5753841402557
19965	47.5093081423384
19966	47.4328352782258
19967	47.3557310598444
19968	47.2844940275583
19969	47.2147488148791
19970	47.1398407034585
19971	47.0682212206904
19972	47.0122679211262
19973	46.9691573067235
19974	46.9298567401316
19975	46.8890096620498
19976	46.8459897463576
19977	46.8127206849926
19978	46.7983892961097
19979	46.7991897003839
19980	46.7998390635912
19981	46.790437694024
19982	46.7742159655238
19983	46.7550672111557
19984	46.7309949957009
19985	46.6972737677098
19986	46.6530838218203
19987	46.5995324915077
19988	46.5400526088044
19989	46.482244374962
19990	46.427902172926
19991	46.3658904248247
19992	46.2862433323458
19993	46.1843535497373
19994	46.061012995186
19995	45.924053880922
19996	45.7736645425511
19997	45.5862842164969
19998	45.3410808241145
19999	45.0368863128863
20000	44.6745126692983
20001	44.2513382207513
20002	43.7712136504822
20003	43.2458891578042
20004	42.6860987270313
20005	42.1014326625332
20006	41.5002443538468
20007	40.8896014150832
20008	40.2752845272869
20009	39.661832160023
20010	39.0526255724319
20011	38.4500056579386
20012	37.855411520496
20013	37.2695303912705
20014	36.6924491845744
20015	36.1237991727761
20016	35.5628874658251
20017	35.0088112869035
20018	34.4605530113706
20019	33.9170554329114
20020	33.3772781706858
20021	32.8402371665813
20022	32.3050296245667
20023	31.7708469608802
20024	31.2369783301215
20025	30.7028070996466
20026	30.1678024802872
20027	29.6315082171689
20028	29.0935299057186
20029	28.5534763436022
20030	28.0108055816384
20031	27.4644065581932
20032	26.9134208655925
20033	26.3574329009266
20034	25.7977626903937
20035	25.2654351775194
20036	24.7691372101155
20037	24.2719806747635
20038	23.7609088624272
20039	23.2418283746543
20040	22.716685835917
20041	22.1859549365396
20042	21.646821106564
20043	21.1119421858176
20044	20.5801932861892
20045	20.0400698310247
20046	19.4945243160022
20047	18.9453708852532
20048	18.3941378323033
20049	17.8420659939679
20050	17.2884916345004
20051	16.7320748827427
20052	16.1736526283476
20053	15.6139849584964
20054	15.0578188876662
20055	14.51101417699
20056	13.9961178907788
20057	13.5350786176369
20058	13.124367364159
20059	12.7659727091159
20060	12.459004420796
20061	12.1899433348354
20062	11.960231654354
20063	11.7544909984284
20064	11.5649659773321
20065	11.3967223998861
20066	11.2337159082443
20067	11.0678422079232
20068	10.8809222622823
20069	10.6723156220552
20070	10.4633468794697
20071	10.2969727023567
20072	10.1972544736032
20073	10.1405661939459
20074	10.0711396060825
20075	9.93396163785502
20076	9.70829242593973
20077	9.38431069156402
20078	8.96966849707713
20079	8.48334418452465
20080	7.94123844764621
20081	7.35637417998912
20082	6.73919233668037
20083	6.09790725269091
20084	5.43888921320435
20085	4.76703687255484
20086	4.08610988223774
20087	3.39900428222975
20088	2.70796502188128
20089	2.01473994525081
20090	1.32068474636169
20091	0.626830315549639
20092	-0.0660757881857738
20093	-0.757543263033553
20094	-1.44574987578928
20095	-2.12162943870551
20096	-2.79029675578561
20097	-3.46104553506274
20098	-4.12549332731419
20099	-4.77859321081378
20100	-5.40725567612639
20101	-6.01314776002038
20102	-6.59816746288339
20103	-7.15545460454857
20104	-7.69232543345442
20105	-8.2045504586005
20106	-8.68450796459348
20107	-9.10759927725122
20108	-9.42453597804915
20109	-9.58280846288183
20110	-9.59087076438826
20111	-9.44831767964673
20112	-9.18177333442718
20113	-8.83968000377421
20114	-8.43726686289531
20115	-8.00622883112504
20116	-7.58698110386196
20117	-7.18808770053041
20118	-6.83046157042485
20119	-6.58737054924771
20120	-6.50004773702429
20121	-6.57570424382247
20122	-6.82074655786968
20123	-7.22438208032497
20124	-7.75655158530917
20125	-8.38828024274803
20126	-9.09224492118356
20127	-9.84355456969233
20128	-10.6205464015225
20129	-11.4054133506818
20130	-12.1845294766872
20131	-12.9484233527319
20132	-13.6914318064799
20133	-14.4111214053889
20134	-15.1075855974693
20135	-15.7827179789628
20136	-16.439537646491
20137	-17.0816134722102
20138	-17.7126092338318
20139	-18.3359526223619
20140	-18.9546186990005
20141	-19.5710119321789
20142	-20.1825872291361
20143	-20.7864622851492
20144	-21.3788691986895
20145	-21.9461617431419
20146	-22.4816012169861
20147	-22.9896371110667
20148	-23.4626891403227
20149	-23.8615304177816
20150	-24.151249472735
20151	-24.3523180552115
20152	-24.5116680311952
20153	-24.6632288032857
20154	-24.8385713734497
20155	-25.0543619491891
20156	-25.2949575336037
20157	-25.4554337548848
20158	-25.4486512911639
20159	-25.2807013354221
20160	-24.9746983853057
20161	-24.5920213608908
20162	-24.2185813647596
20163	-23.8932154474421
20164	-23.6463314853111
20165	-23.5272215120581
20166	-23.5380759501501
20167	-23.6705729822405
20168	-23.9034646786567
20169	-24.2140708598413
20170	-24.5791939461457
20171	-24.9736790378776
20172	-25.3914710234919
20173	-25.8234900584082
20174	-26.2798859777624
20175	-26.7505870322684
20176	-27.2043959029157
20177	-27.6385970027547
20178	-28.0466842847999
20179	-28.4239096977078
20180	-28.7513298453274
20181	-28.987774140618
20182	-29.1402751795868
20183	-29.2412612307768
20184	-29.2989611985475
20185	-29.3065129872875
20186	-29.208244590738
20187	-28.9606080822711
20188	-28.5774335427117
20189	-28.0747853990123
20190	-27.4636892506558
20191	-26.753954581648
20192	-25.9657131160559
20193	-25.1514450595911
20194	-24.3634975867396
20195	-23.6191612189932
20196	-22.9133135966215
20197	-22.2238729572461
20198	-21.528413178815
20199	-20.8445337707956
20200	-20.1635575745691
20201	-19.443674085125
20202	-18.6939305761278
20203	-17.93152288511
20204	-17.1757244772027
20205	-16.4647959816494
20206	-15.8070315689663
20207	-15.1608500183223
20208	-14.4860257885835
20209	-13.7735120849675
20210	-13.0395996840597
20211	-12.3099593479113
20212	-11.5960220032317
20213	-10.8857110915869
20214	-10.1631477445348
20215	-9.43460654776612
20216	-8.72346125662574
20217	-8.04331986167547
20218	-7.39099698801004
20219	-6.76286744702732
20220	-6.15496562162217
20221	-5.56320331909282
20222	-4.98359099559446
20223	-4.41241558203
20224	-3.84636510099921
20225	-3.28260251776861
20226	-2.71879632949033
20227	-2.15311545681241
20228	-1.58419775985893
20229	-1.01110177230551
20230	-0.433248190026602
20231	0.152230813220124
20232	0.746789500228118
20233	1.35601513209762
20234	1.99221111143352
20235	2.65522890477148
20236	3.32327018293255
20237	3.98789080973016
20238	4.65174639241697
20239	5.31236889568268
20240	5.97459097447782
20241	6.64135422473486
20242	7.31164127544596
20243	7.99456898184641
20244	8.70038952444887
20245	9.41807887802426
20246	10.1195916448236
20247	10.7921315907864
20248	11.4454625034677
20249	12.0843390403658
20250	12.7067261168753
20251	13.3143402485118
20252	13.9266339769577
20253	14.5556783931625
20254	15.208841835104
20255	15.8924760723413
20256	16.5990705532816
20257	17.3121174343976
20258	18.005892107301
20259	18.6708946563686
20260	19.3162745424877
20261	19.945506818517
20262	20.5571718297448
20263	21.1686776233153
20264	21.7919314441822
20265	22.4350515716196
20266	23.1042037422458
20267	23.775877462921
20268	24.4280377808518
20269	25.0601097443573
20270	25.6802528880716
20271	26.3062146329949
20272	26.9454358009633
20273	27.6000682494846
20274	28.2656732929982
20275	28.9232432008479
20276	29.566956580859
20277	30.1984849514536
20278	30.8222100090488
20279	31.4529531665478
20280	32.0982433637455
20281	32.7546848976065
20282	33.4175608723791
20283	34.0767383198074
20284	34.7239627290105
20285	35.3613997017389
20286	35.9922935273235
20287	36.6186953882784
20288	37.2436407117131
20289	37.8633873147453
20290	38.4703409992337
20291	39.0676530329027
20292	39.6626105828099
20293	40.256722599153
20294	40.8459924022081
20295	41.4246720591576
20296	41.9965102029073
20297	42.5720144012903
20298	43.1541703571838
20299	43.740084796285
20300	44.327436038653
20301	44.9144327731973
20302	45.499752129745
20303	46.082464912632
20304	46.6619582097426
20305	47.2378633728248
20306	47.8099937681847
20307	48.3782941372904
20308	48.9428009451582
20309	49.5036122754594
20310	50.0608658880968
20311	50.6147237548921
20312	51.1638350348335
20313	51.7047053854976
20314	52.2346946598402
20315	52.7528953230553
20316	53.2562345198768
20317	53.7434117198778
20318	54.2285884919897
20319	54.7158803029927
20320	55.1940749323258
20321	55.660289825566
20322	56.1158792592476
20323	56.5629688672445
20324	57.0029422607119
20325	57.4358475501375
20326	57.863034630878
20327	58.2858398291773
20328	58.7055161351733
20329	59.1231834886399
20330	59.5397995468977
20331	59.9561485837617
20332	60.3728444311055
20333	60.7913401962881
20334	61.213722843195
20335	61.6426773476167
20336	62.0825393513891
20337	62.5354066444394
20338	62.9994183544212
20339	63.4720187174449
20340	63.9480754217028
20341	64.4269847217916
20342	64.9113234085597
20343	65.3997655846575
20344	65.8910886070618
20345	66.384181729783
20346	66.8780592322323
20347	67.371868957436
20348	67.8648943666659
20349	68.3565507051315
20350	68.8463763985834
20351	69.3338876862897
20352	69.8173664819287
20353	70.2953060024915
20354	70.766324142873
20355	71.228881098221
20356	71.6846294755694
20357	72.1376010150079
20358	72.5913358997142
20359	73.0469058353105
20360	73.5035741409872
20361	73.9584214167334
20362	74.4090731067021
20363	74.8516545972125
20364	75.2791123040169
20365	75.6921482691768
20366	76.0862460635651
20367	76.4548931264839
20368	76.7955393185397
20369	77.1088397038791
20370	77.3964483601202
20371	77.6596317751347
20372	77.9091101008869
20373	78.147666679417
20374	78.3767335551349
20375	78.6027588677418
20376	78.8291965524229
20377	79.0553530911391
20378	79.2741210971817
20379	79.4765562723168
20380	79.6587390463281
20381	79.8198569323143
20382	79.9637745025983
20383	80.0915242683728
20384	80.1980807189129
20385	80.2790612301531
20386	80.3307288797363
20387	80.3526578458425
20388	80.3509690819539
20389	80.333910335543
20390	80.3061700653695
20391	80.2691478892384
20392	80.22572000527
20393	80.1805326332252
20394	80.1348769892989
20395	80.0881095207588
20396	80.0395836843594
20397	79.9824925159388
20398	79.9089299530009
20399	79.8159265069564
20400	79.7031198287697
20401	79.5707016233469
20402	79.4155935258991
20403	79.2296672087584
20404	79.0146789480767
20405	78.7805407167225
20406	78.5336519503309
20407	78.2794911368259
20408	78.0225781914184
20409	77.7680058107581
20410	77.515646668959
20411	77.2617740979398
20412	77.0040917883292
20413	76.7391272850972
20414	76.4666555384576
20415	76.1915552738472
20416	75.9125238240756
20417	75.6262271205339
20418	75.3333013593682
20419	75.0371850305954
20420	74.742358284221
20421	74.4487420654642
20422	74.1561918407929
20423	73.8581792977462
20424	73.5473890983816
20425	73.2278385925451
20426	72.8916461283692
20427	72.5332533461233
20428	72.1651452636899
20429	71.7883067624049
20430	71.4038760367385
20431	71.0151424374226
20432	70.6207311562912
20433	70.2264671643335
20434	69.8341340389441
20435	69.4434406373615
20436	69.0539415776591
20437	68.6673735285507
20438	68.2913950746553
20439	67.930993819537
20440	67.5845483427355
20441	67.2502088388444
20442	66.9201058349225
20443	66.5891727569425
20444	66.2702261217297
20445	65.9630728440422
20446	65.6712555799719
20447	65.3987818827734
20448	65.1458301283963
20449	64.9208385007485
20450	64.7157799212535
20451	64.5192456254491
20452	64.3293918855709
20453	64.1457709577538
20454	63.967508419355
20455	63.796284438978
20456	63.6306306927444
20457	63.469685069327
20458	63.3097552361966
20459	63.1470995536581
20460	62.9820004072664
20461	62.8153732227051
20462	62.6453081476723
20463	62.4679871021977
20464	62.2866299701381
20465	62.1012773165317
20466	61.9059988256312
20467	61.7038539709883
20468	61.5019933856989
20469	61.3086937351688
20470	61.1215787549903
20471	60.9322756078918
20472	60.7384532119556
20473	60.53656755186
20474	60.3303564509034
20475	60.1211589616625
20476	59.9009309317658
20477	59.6689907742938
20478	59.4305364826912
20479	59.1767178813968
20480	58.8993145884484
20481	58.5996060551566
20482	58.2792783785621
20483	57.9401129315594
20484	57.5784721647327
20485	57.192803093766
20486	56.7897976027675
20487	56.3758018317851
20488	55.9570988416747
20489	55.5340110281147
20490	55.1110637948106
20491	54.6940413970681
20492	54.2869260514771
20493	53.8963181495018
20494	53.5306308932837
20495	53.1873394680427
20496	52.8622743926742
20497	52.5528257528393
20498	52.2565025835481
20499	51.9723718534779
20500	51.6963913699927
20501	51.4282034259671
20502	51.1665900236977
20503	50.9145637413986
20504	50.67357413332
20505	50.435149637593
20506	50.1991367885115
20507	49.977796284807
20508	49.7775803091045
20509	49.5879959840842
20510	49.3999291384606
20511	49.213790613266
20512	49.0279219983801
20513	48.8400888575548
20514	48.6517697531409
20515	48.4736678086871
20516	48.3159260278558
20517	48.17135443655
20518	48.0403271629781
20519	47.9242697009357
20520	47.7999296166379
20521	47.6525945378693
20522	47.4801502483637
20523	47.2753543016844
20524	47.0319678287956
20525	46.7472193462368
20526	46.4205874150589
20527	46.0597599013133
20528	45.6811464396076
20529	45.2966356776214
20530	44.9060109394388
20531	44.5090624650857
20532	44.1094402566466
20533	43.7092922718471
20534	43.3077799138439
20535	42.9022055023493
20536	42.4978017047444
20537	42.0998596074995
20538	41.7128902811398
20539	41.3425138066941
20540	40.9911926245162
20541	40.6602846312141
20542	40.3500534168193
20543	40.0541791233411
20544	39.7601583627969
20545	39.4635469442252
20546	39.1631699542542
20547	38.8597983353819
20548	38.5548288112136
20549	38.2462071827749
20550	37.9372070488487
20551	37.6318919485264
20552	37.3346263269987
20553	37.0442409032069
20554	36.7553408117371
20555	36.4886193360695
20556	36.2517902812725
20557	36.0680798430784
20558	35.9633274252485
20559	35.9020412160646
20560	35.8732830685544
20561	35.8679154327166
20562	35.8515756460812
20563	35.8315916106906
20564	35.827357298073
20565	35.8333098586214
20566	35.8334376769249
20567	35.8237075527344
20568	35.8100659345158
20569	35.8089206395513
20570	35.8265652480086
20571	35.8368849480513
20572	35.8238704779593
20573	35.7943721969971
20574	35.7561793057682
20575	35.723619444157
20576	35.7090165538464
20577	35.7032321697943
20578	35.6906473571331
20579	35.6629725609558
20580	35.629971879467
20581	35.6043428867202
20582	35.5827190943389
20583	35.5540452548776
20584	35.5060270176376
20585	35.4278469868345
20586	35.3329596577991
20587	35.2398085425967
20588	35.1329706051304
20589	34.9805995753903
20590	34.7542683831442
20591	34.4382489246132
20592	34.0420980670052
20593	33.6167466620197
20594	33.1914680848149
20595	32.7701637612392
20596	32.3616066478497
20597	31.967010468406
20598	31.6096704427933
20599	31.2849552454155
20600	30.9797519109394
20601	30.7286321342649
20602	30.5263889132167
20603	30.3563511711682
20604	30.2226845122679
20605	30.1182443085671
20606	30.0443392439416
20607	30.0064687768772
20608	30.0051729928121
20609	30.0369057807033
20610	30.1184226797889
20611	30.2724403997166
20612	30.5150017615565
20613	30.8491843048364
20614	31.2716825497883
20615	31.7849377805086
20616	32.3482597293177
20617	32.9274668994406
20618	33.509783619576
20619	34.0651150088628
20620	34.5472864841752
20621	34.9551268035527
20622	35.3225708437387
20623	35.62098012745
20624	35.8320859739391
20625	35.9949068412793
20626	36.1363720496605
20627	36.2304789742453
20628	36.2250104473257
20629	36.0935903154183
20630	35.8380399959202
20631	35.4635751789826
20632	34.9773122339066
20633	34.3926094531429
20634	33.7264372475777
20635	32.9948291821154
20636	32.2111165213141
20637	31.3878100090494
20638	30.5368299905578
20639	29.6692453299857
20640	28.7950385468851
20641	27.9228909151197
20642	27.0599880207799
20643	26.2118511580179
20644	25.3822704315604
20645	24.5734711768359
20646	23.7863807353389
20647	23.0208977434473
20648	22.2761435937576
20649	21.5506841122991
20650	20.8427162218387
20651	20.1502194651328
20652	19.4710751663993
20653	18.8036867331199
20654	18.1470996477322
20655	17.5006322994735
20656	16.8652223588343
20657	16.2450059755929
20658	15.6443539619231
20659	15.0964374887988
20660	14.6366818526435
20661	14.2346776690922
20662	13.8512804646323
20663	13.4658096691132
20664	13.0608113642634
20665	12.62880647923
20666	12.1689715812447
20667	11.6869101455044
20668	11.1870518591041
20669	10.6730023115246
20670	10.1477628174735
20671	9.61386206598858
20672	9.07343106041891
20673	8.52824498602212
20674	7.97974700624019
20675	7.42906544868551
20676	6.8770308689527
20677	6.32419673943771
20678	5.77131785176973
20679	5.21752105671128
20680	4.66109096016318
20681	4.11120242632177
20682	3.5752426100318
20683	3.06930001988096
20684	2.63602702829905
20685	2.30381720063754
20686	2.07544843707812
20687	1.9352903064298
20688	1.86821453325433
20689	1.83367584554026
20690	1.77662392248094
20691	1.66206061691197
20692	1.46651879100617
20693	1.17949145188673
20694	0.815888735656913
20695	0.384855089878453
20696	-0.113255274368209
20697	-0.652818089484125
20698	-1.22544737777917
20699	-1.82685594081352
20700	-2.45151313597227
20701	-3.10261575856994
20702	-3.77468069117674
20703	-4.45304183689508
20704	-5.12511197893727
20705	-5.77466867093695
20706	-6.37737882203469
20707	-6.92506898914196
20708	-7.39054646583226
20709	-7.73897861988217
20710	-7.92843026677019
20711	-7.97865058075313
20712	-7.95643591555361
20713	-7.92392988459056
20714	-7.95782667495633
20715	-8.117590214711
20716	-8.41242154336627
20717	-8.81633345262548
20718	-9.30562031702193
20719	-9.85989159360019
20720	-10.4563713096146
20721	-11.0733842406713
20722	-11.6926314102848
20723	-12.3103044353679
20724	-12.8830127124885
20725	-13.3472867590114
20726	-13.7270502578513
20727	-14.0785082878648
20728	-14.436339200651
20729	-14.8082670645477
20730	-15.130772610749
20731	-15.288823646985
20732	-15.2464364968385
20733	-15.062960372781
20734	-14.8283046925735
20735	-14.5644330923704
20736	-14.2239634301361
20737	-13.78346939222
20738	-13.2358421121957
20739	-12.5809538847385
20740	-11.8257121435658
20741	-10.9790906940983
20742	-10.0528347770891
20743	-9.06123132911361
20744	-8.02040739178184
20745	-6.94741289183859
20746	-5.85926049398875
20747	-4.77203164304198
20748	-3.70010731278505
20749	-2.65554597162125
20750	-1.64761123915435
20751	-0.682450469540887
20752	0.236900811792044
20753	1.11082399300512
20754	1.94182154138502
20755	2.73390754991242
20756	3.49192543282555
20757	4.22566438097929
20758	4.94723357553865
20759	5.66696709570673
20760	6.3955300587937
20761	7.1109626728514
20762	7.76567640281556
20763	8.31893090245702
20764	8.78591410951882
20765	9.23572255583907
20766	9.68002865289819
20767	10.0764063676839
20768	10.403042084798
20769	10.6614759114827
20770	10.8348193487974
20771	10.9437830895021
20772	11.0290145303288
20773	11.0750349606659
20774	11.0786663105341
20775	11.087058288734
20776	11.1147488861174
20777	11.131093152857
20778	11.1216069626043
20779	11.1049452002657
20780	11.1072642571348
20781	11.1330714666712
20782	11.1681637112599
20783	11.1937723642268
20784	11.2264094839251
20785	11.3266987112978
20786	11.5303685607168
20787	11.7982053699373
20788	12.0721199451126
20789	12.331355860474
20790	12.6124500300161
20791	12.9445312812671
20792	13.2790131055187
20793	13.5730818154263
20794	13.8654799526301
20795	14.2197916403396
20796	14.6557387581428
20797	15.1638128528527
20798	15.733330140753
20799	16.3468117623999
20800	16.9874561610696
20801	17.6507996853048
20802	18.3348942784815
20803	19.0265395258496
20804	19.7210879853817
20805	20.4141202795331
20806	21.1084740264589
20807	21.8130381207346
20808	22.5043476564313
20809	23.1633649847604
20810	23.7919909832455
20811	24.3930971259301
20812	24.9704056860035
20813	25.5281300048478
20814	26.0706136330415
20815	26.6020170639114
20816	27.1260832433942
20817	27.6459930613958
20818	28.1643027679256
20819	28.6829482697058
20820	29.2032940951916
20821	29.726211261001
20822	30.2521666873995
20823	30.7813151274831
20824	31.313586465825
20825	31.8487621815463
20826	32.3865412722483
20827	32.9266866340522
20828	33.4717520095896
20829	34.0266850919658
20830	34.6017636888156
20831	35.200253498834
20832	35.8154333281027
20833	36.4422920262386
20834	37.0773606604194
20835	37.7179096003942
20836	38.3613466773102
20837	39.005224259294
20838	39.6473653292356
20839	40.2859569832865
20840	40.9195902705938
20841	41.5472530294266
20842	42.1682905078233
20843	42.782349857599
20844	43.3893200477019
20845	43.9892756480275
20846	44.5824271668085
20847	45.1690809264078
20848	45.7496055312225
20849	46.3244070957386
20850	46.8939093836719
20851	47.4585383140542
20852	48.0187114564623
20853	48.5748297666575
20854	49.1272713001852
20855	49.676387202232
20856	50.2224996951776
20857	50.7659011043594
20858	51.3068536935746
20859	51.8455904620042
20860	52.3823166855575
20861	52.9172119947322
20862	53.4504328045024
20863	53.982114943057
20864	54.5123763658808
20865	55.041319746453
20866	55.5690348613123
20867	56.0956007471422
20868	56.6210271123787
20869	57.1454538048747
20870	57.6688334116099
20871	58.1879368626677
20872	58.6993516977176
20873	59.2045010043369
20874	59.7091001292157
20875	60.2165222035333
20876	60.7262366947588
20877	61.2377072404463
20878	61.7486974150051
20879	62.255355668226
20880	62.7572170860321
20881	63.2533753758042
20882	63.7408782992415
20883	64.2252005505152
20884	64.7073314668357
20885	65.1818160272976
20886	65.6503991698365
20887	66.1112042114543
20888	66.5612478072768
20889	66.9945055576187
20890	67.4112358527838
20891	67.8141082336127
20892	68.2067833410583
20893	68.5964073020649
20894	68.9831425898744
20895	69.3674028918347
20896	69.7497131032101
20897	70.1306111631416
20898	70.5105867006475
20899	70.8900485879114
20900	71.2693137098638
20901	71.6486093098179
20902	72.0280834351709
20903	72.4078193650126
20904	72.787850460278
20905	73.1681748549899
20906	73.5487677077308
20907	73.9295912070885
20908	74.3106026658977
20909	74.6918989792192
20910	75.0741735616481
20911	75.4586712061805
20912	75.8469922251137
20913	76.2340361075583
20914	76.604777916924
20915	76.9460082628207
20916	77.2581071331365
20917	77.5303588723685
20918	77.7542942932898
20919	77.9453045095857
20920	78.1113527655732
20921	78.2560269580863
20922	78.3916843642152
20923	78.5311549901879
20924	78.6804524689444
20925	78.8383443906785
20926	79.0055046556694
20927	79.1791262878195
20928	79.3494155643859
20929	79.5103219961441
20930	79.6640232299947
20931	79.8091020858193
20932	79.9480061583526
20933	80.0853836132859
20934	80.2162119105085
20935	80.3362228853051
20936	80.4416272308953
20937	80.5320638970931
20938	80.6110798021048
20939	80.6764803118405
20940	80.7275022565589
20941	80.7631803154788
20942	80.7839981333426
20943	80.7980991773694
20944	80.8104194942104
20945	80.8186757679588
20946	80.8173602090401
20947	80.8024508333189
20948	80.7704148925126
20949	80.7227066701848
20950	80.6640654702126
20951	80.5939601817063
20952	80.5095438375127
20953	80.4090920428191
20954	80.2949519422031
20955	80.1779658988828
20956	80.0616279610274
20957	79.9320168985053
20958	79.7822440628186
20959	79.6198270557491
20960	79.4484143672167
20961	79.2739638621009
20962	79.1035347423137
20963	78.9346908081362
20964	78.7637183709796
20965	78.5915306814844
20966	78.4181068260322
20967	78.2382625087101
20968	78.0474364402158
20969	77.8406764972785
20970	77.6167670249571
20971	77.3838233806107
20972	77.1514103834037
20973	76.9171643609658
20974	76.6770271612232
20975	76.4352209532882
20976	76.1940518094929
20977	75.9512759522641
20978	75.7142276217752
20979	75.4956836514472
20980	75.2967814788968
20981	75.1170298923984
20982	74.9586699498818
20983	74.8174697584405
20984	74.6915373238013
20985	74.5770738016659
20986	74.4641080340929
20987	74.3466113566762
20988	74.2183365524321
20989	74.0760927409428
20990	73.92155794305
20991	73.7582558787583
20992	73.5867348511099
20993	73.4094906613516
20994	73.2322860506556
20995	73.0567256996325
20996	72.8817948506209
20997	72.7142737764611
20998	72.5652761578916
20999	72.4400217994621
21000	72.3460354856718
21001	72.2888249967351
21002	72.2731062972616
21003	72.31208239455
21004	72.4167516675745
21005	72.5914286828436
21006	72.835071192132
21007	73.1424818830371
21008	73.5086860224577
21009	73.9290863231
21010	74.3993526902158
21011	74.9149632735302
21012	75.4710490694028
21013	76.0588236060057
21014	76.6606089410984
21015	77.265704885172
21016	77.8718857271558
21017	78.4732398850784
21018	79.0679221326897
21019	79.6561304516418
21020	80.2338251787398
21021	80.7933279768988
21022	81.3242982140776
21023	81.8255481123093
21024	82.2928308484024
21025	82.715127146031
21026	83.0880382117348
21027	83.4115956566308
21028	83.6860152280994
21029	83.906620077373
21030	84.0693731831955
21031	84.179496559394
21032	84.2517331452225
21033	84.2956801463366
21034	84.3190377169053
21035	84.3314227745102
21036	84.3360176392418
21037	84.3265112070134
21038	84.2945471182663
21039	84.2412216758273
21040	84.1694483070042
21041	84.0811344175874
21042	83.9773287949125
21043	83.8526933528833
21044	83.7024053071591
21045	83.5270404703264
21046	83.3311549987332
21047	83.1222376763394
21048	82.9015065079366
21049	82.6645965270093
21050	82.4104414175588
21051	82.143311215439
21052	81.8680281249144
21053	81.5812026720585
21054	81.2836060781516
21055	80.9796822179959
21056	80.6708589857857
21057	80.3605388144757
21058	80.0529186189898
21059	79.7490958662733
21060	79.4519828807381
21061	79.1700719197329
21062	78.9123366193614
21063	78.6895260378547
21064	78.5023278993602
21065	78.3521051106129
21066	78.2467366485374
21067	78.1827053951152
21068	78.1556498199879
21069	78.1696507520498
21070	78.2250482279205
21071	78.309495784351
21072	78.4123105861619
21073	78.5292967829239
21074	78.6426739052779
21075	78.732732822111
21076	78.7848950366525
21077	78.7823807140368
21078	78.7164820138541
21079	78.5996796949002
21080	78.4479157892009
21081	78.2577649701632
21082	78.0337266345606
21083	77.7738097341058
21084	77.4728128378702
21085	77.1377335361892
21086	76.7727337013732
21087	76.3854719073947
21088	75.9735856555506
21089	75.547182718592
21090	75.1178316871733
21091	74.6869452846362
21092	74.2631000714549
21093	73.8471489766543
21094	73.4418864154973
21095	73.0548480964707
21096	72.6843879703098
21097	72.3246525533436
21098	71.9726969304938
21099	71.6302686362977
21100	71.3032066384234
21101	70.9903979915823
21102	70.6887728320249
21103	70.398133264944
21104	70.1153932028881
21105	69.8408014545438
21106	69.5756736823626
21107	69.3192627357718
21108	69.0697841199838
21109	68.8250317798247
21110	68.5826289909711
21111	68.3373404465195
21112	68.0832288756364
21113	67.830184411188
21114	67.5908732373998
21115	67.3613652992651
21116	67.1499813052046
21117	66.962315823812
21118	66.7968559781814
21119	66.6623155287871
21120	66.5564912030851
21121	66.4665471739481
21122	66.3815914035139
21123	66.2948619528959
21124	66.2110076556083
21125	66.1317570711729
21126	66.049004140764
21127	65.9613682591776
21128	65.8709086061217
21129	65.774635035939
21130	65.6744885999228
21131	65.571446910661
21132	65.4634717128123
21133	65.3528252257271
21134	65.2391340787525
21135	65.121140083739
21136	65.0004410149882
21137	64.8792558669525
21138	64.7603051663864
21139	64.6426506733753
21140	64.5199406152117
21141	64.3840188499793
21142	64.2348635441763
21143	64.0780970589556
21144	63.9178431119145
21145	63.7501147024266
21146	63.5682018083022
21147	63.3705161612171
21148	63.1614162653761
21149	62.9441217079097
21150	62.7150268226562
21151	62.4625219960837
21152	62.1792063566453
21153	61.8621010976281
21154	61.5104211131626
21155	61.1279079592904
21156	60.7193948273782
21157	60.2906343182214
21158	59.848362268394
21159	59.3965066788176
21160	58.9351305086635
21161	58.4692519464894
21162	58.0013312573357
21163	57.5315893480816
21164	57.0617140467357
21165	56.5945953079789
21166	56.1318327176134
21167	55.6740085780911
21168	55.2243801857233
21169	54.7880183319006
21170	54.3676383268454
21171	53.9612285628849
21172	53.5678236604316
21173	53.1845694034916
21174	52.8093621918703
21175	52.4418835411419
21176	52.0784647537999
21177	51.715831544687
21178	51.3552086554359
21179	51.0052881541647
21180	50.6695232958891
21181	50.3427971106646
21182	50.0213405091495
21183	49.704097510005
21184	49.4032691417835
21185	49.1146852513118
21186	48.8317191919441
21187	48.5720125898757
21188	48.3317956629651
21189	48.1068370372227
21190	47.8958097840985
21191	47.690395632229
21192	47.4942723438635
21193	47.3145605029471
21194	47.1429407061898
21195	46.9746897576874
21196	46.8184217099944
21197	46.675466213782
21198	46.5444399866687
21199	46.4195609164505
21200	46.2936134861464
21201	46.1642935094887
21202	46.0356519007033
21203	45.9086789332024
21204	45.7783687369232
21205	45.6442017048937
21206	45.5066925834925
21207	45.3616873417562
21208	45.2098842770923
21209	45.0508845300636
21210	44.8817421729762
21211	44.6999853837647
21212	44.5144946579888
21213	44.3392754492411
21214	44.1784751949961
21215	44.0287094366258
21216	43.8866392919828
21217	43.7478935319449
21218	43.6136571669695
21219	43.4858935500693
21220	43.3662600189242
21221	43.2602411799959
21222	43.1698078906184
21223	43.0828143543643
21224	42.9866224189986
21225	42.8834731619349
21226	42.7748926175958
21227	42.6607583023833
21228	42.5353275740294
21229	42.4040315840768
21230	42.2812886041555
21231	42.1816026708565
21232	42.1265920865682
21233	42.1238815457744
21234	42.1781963193211
21235	42.2761693861357
21236	42.3953258917235
21237	42.5463852728527
21238	42.748613687288
21239	43.0182438104436
21240	43.360905813579
21241	43.7455314078717
21242	44.1604516778726
21243	44.6058163437335
21244	45.0728041283253
21245	45.5598263673993
21246	46.0780781807424
21247	46.6287097552182
21248	47.1983857775731
21249	47.8048734127034
21250	48.4595152027287
21251	49.1533480275989
21252	49.8754250265508
21253	50.6156179674345
21254	51.364754945352
21255	52.1147284012411
21256	52.8585817698791
21257	53.5905764013607
21258	54.3062419109744
21259	55.0024011460517
21260	55.677145135408
21261	56.3296762072933
21262	56.9600875495377
21263	57.5691491402097
21264	58.1592097553672
21265	58.7345647817688
21266	59.3000049334654
21267	59.8619041388092
21268	60.4204792636446
21269	60.9613612359236
21270	61.4565639076479
21271	61.8931479130706
21272	62.2774694787445
21273	62.6173198451845
21274	62.9389521831157
21275	63.2639734101219
21276	63.6046136066533
21277	63.9780223315355
21278	64.385763658401
21279	64.8191309899415
21280	65.2712088006214
21281	65.7366259509196
21282	66.2113061567462
21283	66.6922238727543
21284	67.1771766682413
21285	67.664582585088
21286	68.153309572393
21287	68.6425385072377
21288	69.1315955064057
21289	69.6200922901894
21290	70.1076399882954
21291	70.5929445195692
21292	71.0732477470736
21293	71.5413161835465
21294	71.9891108241058
21295	72.4125546567131
21296	72.8129217589198
21297	73.1990091363655
21298	73.5752015064152
21299	73.9435605044637
21300	74.3035012996465
21301	74.65611418085
21302	75.0032039392061
21303	75.340643446903
21304	75.6625719492102
21305	75.9630107562442
21306	76.2330317920995
21307	76.4589571696352
21308	76.6305884952577
21309	76.7470094135475
21310	76.8082281464002
21311	76.8139138762824
21312	76.7677742127602
21313	76.6738295070939
21314	76.5362715495076
21315	76.3575126197414
21316	76.1448455438293
21317	75.9133650523884
21318	75.6713794247755
21319	75.4212518636792
21320	75.1648903434172
21321	74.9033317506956
21322	74.6322331783066
21323	74.3464111039119
21324	74.0456306937494
21325	73.7304264101211
21326	73.4039022544432
21327	73.0672593661888
21328	72.7235024929919
21329	72.3775834229063
21330	72.0261589593099
21331	71.6666120918262
21332	71.3033122453581
21333	70.9424843836112
21334	70.5845337282594
21335	70.232059482689
21336	69.8912206808152
21337	69.5529072727827
21338	69.2073647927452
21339	68.8598153371243
21340	68.5161402857652
21341	68.1829870411061
21342	67.8663001465418
21343	67.5705353200809
21344	67.2999356949497
21345	67.0501071852755
21346	66.8211153497531
21347	66.6114546173707
21348	66.4091702217134
21349	66.2007728402007
21350	65.964060517444
21351	65.6788514516197
21352	65.3619642968087
21353	65.0389000756535
21354	64.731339727155
21355	64.4493784690431
21356	64.1825365383066
21357	63.9293030069827
21358	63.6910642819328
21359	63.4663804150188
21360	63.2536408869892
21361	63.0529516626051
21362	62.8619948135626
21363	62.6731933384401
21364	62.485076746377
21365	62.300412676482
21366	62.120951909645
21367	61.9405160362574
21368	61.7530384067355
21369	61.5637794901267
21370	61.375554858265
21371	61.186326514337
21372	60.9911888850168
21373	60.789405541164
21374	60.5892557603107
21375	60.3975781970829
21376	60.211126546247
21377	60.0294097089603
21378	59.8496097850558
21379	59.6674919963142
21380	59.4863217386921
21381	59.306660748654
21382	59.1302228839484
21383	58.9609366005022
21384	58.7986306771964
21385	58.6356822755049
21386	58.4692600625609
21387	58.3023019019908
21388	58.1359439415019
21389	57.9714654622606
21390	57.8068342456881
21391	57.6458172693872
21392	57.4897588566298
21393	57.336132735005
21394	57.1886228472331
21395	57.0401255426729
21396	56.8824217510945
21397	56.7175041342314
21398	56.5514537802098
21399	56.383632355189
21400	56.2079768431781
21401	56.0212946711409
21402	55.8341379755705
21403	55.6603203949961
21404	55.4971810632179
21405	55.3363022444014
21406	55.1744551339236
21407	55.0130430788666
21408	54.8536111099133
21409	54.6927179345941
21410	54.5237439821259
21411	54.3485744145314
21412	54.1794180276238
21413	54.0207458535155
21414	53.8657821589037
21415	53.7056734699049
21416	53.5342557078506
21417	53.363960221575
21418	53.220778470963
21419	53.1135647152811
21420	53.0298210485745
21421	52.9464073426751
21422	52.8604977961036
21423	52.7909245812808
21424	52.7518647151814
21425	52.7410221582412
21426	52.7377431911229
21427	52.7201545675288
21428	52.6828961264332
21429	52.6311974392733
21430	52.5611692638428
21431	52.470703027615
21432	52.3629357479753
21433	52.2415200151785
21434	52.1097568939053
21435	51.9724962581912
21436	51.8303571618669
21437	51.6880414795928
21438	51.557998433764
21439	51.4459531663655
21440	51.3416744775378
21441	51.230891087595
21442	51.1067633624294
21443	50.967847732117
21444	50.8139129716501
21445	50.6441374719812
21446	50.4611899835836
21447	50.2647034417982
21448	50.0585109496174
21449	49.8478593620607
21450	49.6364476894657
21451	49.4245201970948
21452	49.2185185082963
21453	49.0259362154115
21454	48.8462682526018
21455	48.6770899468335
21456	48.5118055678971
21457	48.3449470204335
21458	48.1695605584634
21459	47.9830012764005
21460	47.7872225082721
21461	47.5857942023888
21462	47.3965454884193
21463	47.2412708528183
21464	47.1301862389754
21465	47.0714537361741
21466	47.0776631296772
21467	47.1494902585655
21468	47.2729230578497
21469	47.4432831353152
21470	47.6676465987081
21471	47.9510063710838
21472	48.2963921870409
21473	48.6995274771895
21474	49.1542918398766
21475	49.6493465625874
21476	50.1720441916698
21477	50.7176233212949
21478	51.2789027751082
21479	51.8456300900892
21480	52.4054422617065
21481	52.9470748514699
21482	53.4594450901448
21483	53.9372135640619
21484	54.3781662189629
21485	54.7805765453935
21486	55.149419341945
21487	55.488636496501
21488	55.8012305017813
21489	56.082404829637
21490	56.3163117964001
21491	56.4892402890501
21492	56.5870204187081
21493	56.6058944253938
21494	56.5343891470021
21495	56.3623214311005
21496	56.1034580901119
21497	55.7724836844408
21498	55.3714441071696
21499	54.9000408985468
21500	54.3648353054025
21501	53.7731738112628
21502	53.1325425588202
21503	52.4519026905305
21504	51.7391165946832
21505	51.002598077076
21506	50.2465510299996
21507	49.482427257442
21508	48.7187877257944
21509	47.9559394348114
21510	47.199879376615
21511	46.4543919355117
21512	45.7351633618847
21513	45.0596001555536
21514	44.4217046421018
21515	43.8130809250625
21516	43.2378725318646
21517	42.6969630161641
21518	42.1809911516702
21519	41.6704655883266
21520	41.1580315711856
21521	40.6564059682484
21522	40.1831645998218
21523	39.7338457032164
21524	39.2889484368358
21525	38.8498809607736
21526	38.4181329158185
21527	37.9886206796811
21528	37.562665215049
21529	37.1426170496361
21530	36.7228315234221
21531	36.2999803131332
21532	35.8763628778692
21533	35.458974663301
21534	35.0491907590022
21535	34.6421602335147
21536	34.2451435030062
21537	33.854501794676
21538	33.453343934193
21539	33.0317937065071
21540	32.5928607370781
21541	32.1350417986048
21542	31.6638769687252
21543	31.1882676772999
21544	30.713494811183
21545	30.2431295748193
21546	29.7734550319667
21547	29.3076732504336
21548	28.847802048257
21549	28.3920095701096
21550	27.9370959316422
21551	27.481267351349
21552	27.0241049536589
21553	26.5825987776268
21554	26.2012929356713
21555	25.8616240277886
21556	25.5602953157526
21557	25.2980310391166
21558	25.0569144714769
21559	24.8500361870787
21560	24.6682982802559
21561	24.5033260599986
21562	24.3543564214148
21563	24.2251285882475
21564	24.1210508390145
21565	24.0357413992263
21566	23.9494807126202
21567	23.8531406263702
21568	23.7390184119199
21569	23.6029397036331
21570	23.4621515464529
21571	23.3216614016908
21572	23.1889628231911
21573	23.072537270797
21574	22.9561951363937
21575	22.8278512439424
21576	22.6850890173285
21577	22.5265543159861
21578	22.3460020481493
21579	22.1311093446098
21580	21.8805470899125
21581	21.597831176349
21582	21.3232769173064
21583	21.0961271479278
21584	20.8861400047829
21585	20.6803858546406
21586	20.4807696253914
21587	20.2840782324336
21588	20.1051370458444
21589	19.9382955125234
21590	19.7733236446265
21591	19.6053661882539
21592	19.4353012857091
21593	19.2640997633744
21594	19.0784088011286
21595	18.8707837298462
21596	18.6446572230929
21597	18.4249310184112
21598	18.2298261329145
21599	18.0610330285772
21600	17.930500292805
21601	17.8154905975273
21602	17.6982225835864
21603	17.5728844917586
21604	17.4111229879686
21605	17.1914826772459
21606	16.8950036757978
21607	16.5094571821642
21608	16.0419568779822
21609	15.5091983083795
21610	14.9255078944356
21611	14.3028948707834
21612	13.6511973541829
21613	12.9783084991811
21614	12.290449916862
21615	11.5924567391296
21616	10.8880452954399
21617	10.1800446694544
21618	9.47058478237215
21619	8.76124152356213
21620	8.05314407953593
21621	7.34705224241735
21622	6.64341207209573
21623	5.9423978109082
21624	5.24394621681833
21625	4.54778778507305
21626	3.85347772032192
21627	3.16098339726657
21628	2.47176189953192
21629	1.78873666738911
21630	1.12576459733643
21631	0.509354617433617
21632	-0.0263089401703955
21633	-0.453785858951348
21634	-0.767709343740522
21635	-0.975697570198069
21636	-1.08891964840734
21637	-1.13794117775912
21638	-1.14335138413169
21639	-1.12859089383135
21640	-1.12268063514205
21641	-1.13591711701275
21642	-1.17357074743006
21643	-1.21163041845707
21644	-1.19694558848785
21645	-1.11256145854549
21646	-0.949995336274317
21647	-0.706049786472259
21648	-0.427666480069184
21649	-0.138291117738783
21650	0.16019049561054
21651	0.471989498663217
21652	0.83398845128384
21653	1.26211917282157
21654	1.76786468889125
21655	2.39290960306184
21656	3.15175326559548
21657	4.02761092508631
21658	4.99890462922292
21659	6.03235601035051
21660	7.09391937516111
21661	8.17841315388709
21662	9.28697961464553
21663	10.4047730368019
21664	11.5189139398675
21665	12.618741547329
21666	13.6962346408645
21667	14.7461766400445
21668	15.7657361543047
21669	16.7539105025902
21670	17.7110444390411
21671	18.638437524511
21672	19.5380368341359
21673	20.4122009309159
21674	21.2635192034045
21675	22.0946761660708
21676	22.9083460485294
21677	23.7071138026749
21678	24.493417273104
21679	25.2616830114351
21680	26.0019320700952
21681	26.7089532551657
21682	27.3511977953559
21683	27.8652315760625
21684	28.2204280262033
21685	28.4898042973312
21686	28.7030870019883
21687	28.8437953617252
21688	28.9621415527075
21689	29.0840103426552
21690	29.1968058399581
21691	29.2893373175912
21692	29.3738860824273
21693	29.4953298836744
21694	29.6920185645504
21695	29.9774408627269
21696	30.3444635570989
21697	30.7814225579315
21698	31.267172790411
21699	31.7757567088636
21700	32.3003566545483
21701	32.8382556123477
21702	33.3818165119289
21703	33.9253854170885
21704	34.4670172005188
21705	35.0095526167966
21706	35.551964886313
21707	36.0946789815968
21708	36.6431447391399
21709	37.1896496672999
21710	37.7238340340231
21711	38.2407733713403
21712	38.7447216325066
21713	39.2469737254583
21714	39.7510116052601
21715	40.2532043081471
21716	40.7452196154781
21717	41.233246773297
21718	41.732785281998
21719	42.247233449798
21720	42.7591302181861
21721	43.2305807653833
21722	43.641615994688
21723	43.9826602507841
21724	44.2543113576456
21725	44.4819183430326
21726	44.672168265257
21727	44.8037387928359
21728	44.8632409512598
21729	44.8466790277004
21730	44.7775446606363
21731	44.6676086416162
21732	44.4988226747131
21733	44.2866332933598
21734	44.0312812959236
21735	43.733484347286
21736	43.4111000398909
21737	43.0787118501599
21738	42.7308891241272
21739	42.3706348348964
21740	42.0002539166069
21741	41.5992018402319
21742	41.1827186402459
21743	40.7614050895611
21744	40.3296608590377
21745	39.8833683794116
21746	39.4200370901195
21747	38.9449120173511
21748	38.4647367602174
21749	37.9852138060518
21750	37.5063302582942
21751	37.0289341475492
21752	36.5594680613925
21753	36.0948637344519
21754	35.6360718638706
21755	35.1899487664793
21756	34.7555406220352
21757	34.3410023737986
21758	33.9546377567526
21759	33.5976702188712
21760	33.2765956035261
21761	33.0041404546192
21762	32.7861216070789
21763	32.5881840280709
21764	32.4034475886534
21765	32.24664199224
21766	32.113718253669
21767	32.0106063706893
21768	31.9437537324698
21769	31.9206646929638
21770	31.9409389240553
21771	32.0041788680789
21772	32.1058996164177
21773	32.2351742841361
21774	32.3909699043348
21775	32.5606064695588
21776	32.7261325716001
21777	32.884197000582
21778	33.041919439648
21779	33.2024179893004
21780	33.3660173952358
21781	33.5289011158011
21782	33.6900267470143
21783	33.8674962302549
21784	34.0770314663919
21785	34.325085575698
21786	34.604571187449
21787	34.9029120902505
21788	35.2243465741817
21789	35.5603498068774
21790	35.905367042426
21791	36.265182487741
21792	36.6390579640092
21793	37.0146292002854
21794	37.3894896721834
21795	37.7605211076698
21796	38.0866490534391
21797	38.3685136853569
21798	38.6191456250296
21799	38.8151038064796
21800	38.9613043154018
21801	39.0940618264422
21802	39.2464694569646
21803	39.4440337890978
21804	39.6938115165618
21805	39.972657596821
21806	40.2667962359061
21807	40.5575339227805
21808	40.8439567319162
21809	41.1249645445977
21810	41.4070847310941
21811	41.7043670938896
21812	42.018505425366
21813	42.3527883154981
21814	42.6873147018224
21815	43.0127522863495
21816	43.3295828543632
21817	43.6465317314698
21818	43.9706192459591
21819	44.2825611287619
21820	44.5644840047479
21821	44.8170448415104
21822	45.0469434842057
21823	45.2477318407925
21824	45.4165197740057
21825	45.5564650579607
21826	45.6525479948186
21827	45.7006661357309
21828	45.7055876569182
21829	45.6671866758143
21830	45.5956747010922
21831	45.494575837746
21832	45.3635253872674
21833	45.2106808103833
21834	45.0393277258772
21835	44.852364871866
21836	44.6589890822771
21837	44.4667048571
21838	44.2680977051148
21839	44.0550269294657
21840	43.8245291841924
21841	43.5749701981551
21842	43.3061581489817
21843	43.0155999686086
21844	42.7025700918836
21845	42.3705363634976
21846	42.025212262557
21847	41.6689416226745
21848	41.3096296459592
21849	40.9549449275435
21850	40.602029531546
21851	40.2426760596375
21852	39.8790658853085
21853	39.5197695023973
21854	39.1649905654196
21855	38.812376366859
21856	38.467639800988
21857	38.1372542388267
21858	37.8419377108284
21859	37.5610230536712
21860	37.3059202108598
21861	37.1189416460128
21862	37.02057144796
21863	37.0269638074897
21864	37.1139876423671
21865	37.242813008028
21866	37.3788486777013
21867	37.5148593812241
21868	37.6486677708495
21869	37.781351830151
21870	37.9266137829535
21871	38.0987395540661
21872	38.309529361417
21873	38.5460584761617
21874	38.7793664380152
21875	38.9969024496163
21876	39.1924989325505
21877	39.3664173249921
21878	39.5204158783397
21879	39.6484445600475
21880	39.7438799090241
21881	39.8094866081135
21882	39.8596917111055
21883	39.8956975153114
21884	39.9125783335539
21885	39.916497433922
21886	39.9133260454355
21887	39.8991999589743
21888	39.8855334471435
21889	39.8818361374246
21890	39.8685422410805
21891	39.8388647799003
21892	39.7959509809573
21893	39.7281331507036
21894	39.638946287401
21895	39.5295049460765
21896	39.3857284638415
21897	39.1967151806236
21898	38.9623815335861
21899	38.7179255952016
21900	38.4785722295679
21901	38.2388401374061
21902	38.0193881478542
21903	37.8229865694673
21904	37.631209955119
21905	37.4459534820101
21906	37.2668372394505
21907	37.0979629592281
21908	36.9545919016185
21909	36.8322687606249
21910	36.7184387433801
21911	36.6119830075141
21912	36.5094501390705
21913	36.4109531716964
21914	36.3189063751554
21915	36.2248567491463
21916	36.1283722171161
21917	36.0355156593139
21918	35.9499365452145
21919	35.8736317966401
21920	35.8063338341225
21921	35.7524858660199
21922	35.7184066775834
21923	35.6986136543873
21924	35.6891195790689
21925	35.6897196199118
21926	35.7012398481468
21927	35.7196366122794
21928	35.7407354166092
21929	35.7632011374589
21930	35.7807190308725
21931	35.797430142969
21932	35.8202250154218
21933	35.8518051896981
21934	35.8936629488027
21935	35.9421358582393
21936	35.9979385272567
21937	36.0595340403611
21938	36.1223130983869
21939	36.1905089612714
21940	36.2568564213625
21941	36.3087769380355
21942	36.3341836640845
21943	36.3239035663643
21944	36.2785388071853
21945	36.2158115726401
21946	36.1532099723813
21947	36.0944959320059
21948	36.0364820234508
21949	35.9725525164568
21950	35.9014258612227
21951	35.8171828996722
21952	35.7172770765658
21953	35.5978095668314
21954	35.4567229799706
21955	35.2923489228431
21956	35.0935213396004
21957	34.8778793909303
21958	34.6672734900492
21959	34.4428803718122
21960	34.1899710855709
21961	33.9055509771246
21962	33.5854560120813
21963	33.2333865317807
21964	32.8432799153856
21965	32.4153967542047
21966	31.9497651015522
21967	31.4413715527317
21968	30.8915938104569
21969	30.3036039701343
21970	29.6879368296565
21971	29.0566222172106
21972	28.4364913432041
21973	27.8666401697774
21974	27.381113736548
21975	26.9890176182582
21976	26.6635172880598
21977	26.4005261223755
21978	26.1950934885667
21979	26.0259687178881
21980	25.873697074217
21981	25.7058801608237
21982	25.4989437963046
21983	25.2494164454812
21984	24.9608813640813
21985	24.6410744840784
21986	24.3058289532978
21987	23.9513834476462
21988	23.5878150976209
21989	23.2369327406136
21990	22.8953185322917
21991	22.5682852166025
21992	22.2747877099885
21993	22.0221039203039
21994	21.8098682040858
21995	21.6407380463061
21996	21.5188293859963
21997	21.4458703711925
21998	21.4154544508662
21999	21.4090904112963
22000	21.3951962522893
22001	21.3286490245772
22002	21.1691822430414
22003	20.9086406672781
22004	20.5845093185121
22005	20.2350854300268
22006	19.8948150834467
22007	19.5673785139736
22008	19.2521875860713
22009	18.966380218659
22010	18.7320835616517
22011	18.5973928109802
22012	18.5958022808131
22013	18.7301336028446
22014	18.9599585710183
22015	19.2783641976557
22016	19.7046632985057
22017	20.2292105760383
22018	20.8449865269926
22019	21.5447736705734
22020	22.3198636204547
22021	23.1597569715447
22022	24.0523700161907
22023	24.9845366906597
22024	25.9426607587586
22025	26.91339631619
22026	27.8842688620713
22027	28.8441852572189
22028	29.783811873395
22029	30.6958259724685
22030	31.5750561302495
22031	32.418524303246
22032	33.2253849881988
22033	33.9931599046207
22034	34.7248057887814
22035	35.4221572920716
22036	36.0809126745412
22037	36.7005483042118
22038	37.2874610117018
22039	37.8545704935223
22040	38.4102049617448
22041	38.9557997943898
22042	39.482516306061
22043	40.0092696842842
22044	40.5307097992353
22045	41.0417807765874
22046	41.5745789233577
22047	42.135882472827
22048	42.7165721433182
22049	43.3093629181624
22050	43.9051927077807
22051	44.4981945902853
22052	45.0891868844225
22053	45.6790083158542
22054	46.2653307459511
22055	46.8459745206747
22056	47.4218734189618
22057	47.9967885858591
22058	48.5723690725777
22059	49.1438271219228
22060	49.7057084686031
22061	50.2491804275689
22062	50.7531758404083
22063	51.2063546665451
22064	51.6201802392925
22065	52.0016446327669
22066	52.34574194986
22067	52.6509356896389
22068	52.9157299404348
22069	53.1439981986547
22070	53.3483017907131
22071	53.5368099695868
22072	53.7156678566309
22073	53.8850306626771
22074	54.0407171048533
22075	54.1872116651923
22076	54.319825770332
22077	54.4381873318791
22078	54.5426923524955
22079	54.6295587387211
22080	54.7060935489348
22081	54.7748429778582
22082	54.8301033118354
22083	54.872256107405
22084	54.9061292715654
22085	54.9325695237484
22086	54.9541106310467
22087	54.9681831580881
22088	54.9732935943455
22089	54.9737478980593
22090	54.9696179116054
22091	54.9616840537397
22092	54.9470062197256
22093	54.917680907971
22094	54.8709943588386
22095	54.8130800880304
22096	54.7493688642663
22097	54.6769726445694
22098	54.5920194526034
22099	54.4999476337545
22100	54.4015379725802
22101	54.2924561002689
22102	54.1772654272629
22103	54.0577690409459
22104	53.9322339009069
22105	53.7992159362198
22106	53.6579778633368
22107	53.5099314613623
22108	53.3499687671115
22109	53.1787852385625
22110	52.9959620964548
22111	52.8114343082783
22112	52.6468272094952
22113	52.5095466090349
22114	52.4121576273567
22115	52.3627701576836
22116	52.3467477009211
22117	52.3496730502976
22118	52.3638232688458
22119	52.37520412193
22120	52.3760003230357
22121	52.3749395169633
22122	52.3770739079857
22123	52.3831389881993
22124	52.3925312618118
22125	52.3905504564063
22126	52.3558421881542
22127	52.2815696827166
22128	52.1640176149035
22129	51.991380858384
22130	51.7724732590949
22131	51.5328553619924
22132	51.2870583702973
22133	51.0545942044568
22134	50.8595276620841
22135	50.7008243211054
22136	50.5751686104784
22137	50.4855377409452
22138	50.4434402510325
22139	50.4550688591287
22140	50.5097959294882
22141	50.6134305235252
22142	50.769669598638
22143	50.9670267263463
22144	51.2088394246965
22145	51.4997600353331
22146	51.8334774994842
22147	52.2032448230298
22148	52.6096956794728
22149	53.054023716749
22150	53.5213560940552
22151	53.9928129535577
22152	54.4621833151968
22153	54.9044031107009
22154	55.2997738244941
22155	55.6393605374727
22156	55.9312268340257
22157	56.1866754120447
22158	56.4263121195635
22159	56.7012755225052
22160	57.0401387968368
22161	57.4436044566998
22162	57.8913739452693
22163	58.3656515001085
22164	58.8660160911075
22165	59.3901335273927
22166	59.9286810315241
22167	60.4740148258465
22168	61.0200881466351
22169	61.5636320945741
22170	62.1043816827531
22171	62.6401823275048
22172	63.1663419628025
22173	63.6813154304977
22174	64.1892903209133
22175	64.6936934095272
22176	65.1905892945926
22177	65.6756682551103
22178	66.1491634459631
22179	66.6130501739845
22180	67.0686563323377
22181	67.5160199114781
22182	67.9562140929465
22183	68.3902352744047
22184	68.8190209209262
22185	69.2438218939746
22186	69.6661043517958
22187	70.0871667863354
22188	70.5073505769989
22189	70.9267660945385
22190	71.3456318405918
22191	71.7608518413993
22192	72.1636693536978
22193	72.5487579579201
22194	72.9188602002848
22195	73.2717457279471
22196	73.5975787657896
22197	73.8913420873946
22198	74.1536599711674
22199	74.385035758843
22200	74.5835406571433
22201	74.7440051914886
22202	74.8606203918358
22203	74.9349278257572
22204	74.9642000678397
22205	74.9391038721262
22206	74.8577184257674
22207	74.7267653726773
22208	74.5562455496566
22209	74.3509702885228
22210	74.1170007385104
22211	73.8593272784012
22212	73.582646372302
22213	73.2937416758887
22214	72.9968259396227
22215	72.6956316066765
22216	72.3875830174377
22217	72.0739356844104
22218	71.7656719838355
22219	71.4665369702303
22220	71.1737196064782
22221	70.8841926182005
22222	70.5944522970226
22223	70.3056748959461
22224	70.0191426533856
22225	69.7347691324213
22226	69.4478953921551
22227	69.1570172944315
22228	68.861991849638
22229	68.5590258201942
22230	68.2474005446746
22231	67.9291172604355
22232	67.6146155547108
22233	67.3126113400504
22234	67.02179427834
22235	66.7400473118554
22236	66.4695879402445
22237	66.2177491912338
22238	65.9872753162337
22239	65.7818317630304
22240	65.6034915456713
22241	65.4452011503847
22242	65.2992598594994
22243	65.1561533239857
22244	64.9991041161722
22245	64.8141370373949
22246	64.6015570442525
22247	64.3682454872376
22248	64.1239752307405
22249	63.8774663970861
22250	63.643550527118
22251	63.4346072546576
22252	63.2399216888002
22253	63.0461685825739
22254	62.8534229117773
22255	62.6638834015012
22256	62.4731679363216
22257	62.2768676606569
22258	62.0762838715054
22259	61.8741801725875
22260	61.6709564523884
22261	61.4687833743687
22262	61.2717319714787
22263	61.0811236925161
22264	60.8970518259665
22265	60.7143538285276
22266	60.5261257495914
22267	60.3307419757953
22268	60.1294104418492
22269	59.9272963940787
22270	59.7385316309385
22271	59.5675514249164
22272	59.4064672181476
22273	59.2501970743567
22274	59.0970526035237
22275	58.9539629020654
22276	58.822201526523
22277	58.6921936611519
22278	58.5503912679837
22279	58.3865553013004
22280	58.2049693564494
22281	58.0178528126893
22282	57.8244497795392
22283	57.6146225353656
22284	57.3926556674155
22285	57.169146397136
22286	56.9483849053327
22287	56.734372445064
22288	56.5323141615538
22289	56.3432375947316
22290	56.1616800848057
22291	55.980317355995
22292	55.7918643507636
22293	55.5906989293659
22294	55.3821378244432
22295	55.1719565357701
22296	54.9502629534134
22297	54.7166927032755
22298	54.4940940205854
22299	54.2991693807094
22300	54.1329556381348
22301	53.9930133987087
22302	53.8702509305234
22303	53.7521417054766
22304	53.6192143892923
22305	53.4525197409087
22306	53.2565502012521
22307	53.0573717269421
22308	52.8800823432582
22309	52.7372064227731
22310	52.6347747101643
22311	52.58201668905
22312	52.5853130329324
22313	52.6362606682455
22314	52.7292151951176
22315	52.8635463199945
22316	53.0336068814326
22317	53.2444218091288
22318	53.5064150497646
22319	53.8241717137294
22320	54.197342209851
22321	54.6264771365913
22322	55.1097805616475
22323	55.6453664694651
22324	56.2321436072457
22325	56.8601655214136
22326	57.5227133609045
22327	58.2143618168659
22328	58.933763204893
22329	59.6817794767173
22330	60.452027661417
22331	61.2358461860083
22332	62.0250965235417
22333	62.8123672724157
22334	63.5883406559248
22335	64.3479238193921
22336	65.0854660396586
22337	65.7896685357847
22338	66.457176182236
22339	67.0876223298426
22340	67.6804250998584
22341	68.2354300861643
22342	68.7375105924506
22343	69.1678727919367
22344	69.5297184325559
22345	69.8114105069524
22346	70.020482863329
22347	70.1747698089887
22348	70.2906997390026
22349	70.3950691553034
22350	70.4977071068331
22351	70.6067014905546
22352	70.7325097252326
22353	70.8758116625143
22354	71.0260441377563
22355	71.185735425008
22356	71.3713549645435
22357	71.5910980785363
22358	71.8448780052306
22359	72.1346709545967
22360	72.4621038497259
22361	72.8246089384862
22362	73.2164862619949
22363	73.6314840658471
22364	74.0644499992441
22365	74.51114695841
22366	74.9680913597735
22367	75.4324149900984
22368	75.9017507828996
22369	76.374141761277
22370	76.8479701932139
22371	77.3179929827019
22372	77.7747729031736
22373	78.2107146914758
22374	78.6196777912031
22375	78.9942375730716
22376	79.3252543160251
22377	79.6038047030296
22378	79.8244028242855
22379	79.9865234939958
22380	80.1030379852908
22381	80.1829928518773
22382	80.2335303078152
22383	80.2606605124643
22384	80.2660531190587
22385	80.2489981461541
22386	80.2077539359025
22387	80.144025381827
22388	80.0489765689533
22389	79.922224123745
22390	79.7648666047623
22391	79.5736140906177
22392	79.3577432782262
22393	79.1275959719132
22394	78.8884852446714
22395	78.6418834541429
22396	78.3788384933298
22397	78.0898191709348
22398	77.773741796127
22399	77.4305826128381
22400	77.064391147868
22401	76.6797568026062
22402	76.2774956010403
22403	75.8648410359008
22404	75.4478535161952
22405	75.0291370652643
22406	74.6089893710132
22407	74.185581566949
22408	73.762531410312
22409	73.3422606859815
22410	72.928753910064
22411	72.5261177492308
22412	72.143756310669
22413	71.7999393635495
22414	71.5045365085478
22415	71.2603419377689
22416	71.0732146302626
22417	70.9482339153777
22418	70.8787215830271
22419	70.8495156681535
22420	70.8499093817064
22421	70.8791563579189
22422	70.9386135654023
22423	71.0279523542794
22424	71.1495089882955
22425	71.3019148516007
22426	71.4754439019648
22427	71.6541024835139
22428	71.8253035801757
22429	71.9778324932075
22430	72.0938562845785
22431	72.1532899944386
22432	72.1378542763476
22433	72.042523269548
22434	71.8737861625671
22435	71.6383301992288
22436	71.3422834566809
22437	70.991125706702
22438	70.5909329514591
22439	70.1478932899506
22440	69.6691120790637
22441	69.162341353121
22442	68.6340021431039
22443	68.0898312530157
22444	67.5353556806373
22445	66.9754910143905
22446	66.4147077570147
22447	65.85607758044
22448	65.3021844783587
22449	64.755387432075
22450	64.2169672130765
22451	63.6876303493527
22452	63.16763924316
22453	62.6569023152578
22454	62.1550772270128
22455	61.6616537980033
22456	61.1760203511469
22457	60.6975138057318
22458	60.2254450410141
22459	59.759093308528
22460	59.2975650281225
22461	58.8397369452962
22462	58.3846880888037
22463	57.9319340759075
22464	57.4814805031343
22465	57.0334522715832
22466	56.587811542201
22467	56.1444013969387
22468	55.7029994722897
22469	55.2633613525855
22470	54.8252365800151
22471	54.3886550913686
22472	53.9538702818018
22473	53.5206773583395
22474	53.0881663521245
22475	52.6555491276544
22476	52.2220628242557
22477	51.787093928954
22478	51.3509326340854
22479	50.9141070066025
22480	50.4763674027702
22481	50.0370523146905
22482	49.5963139451309
22483	49.1544261154192
22484	48.711318840921
22485	48.2664345316451
22486	47.819265429503
22487	47.3701320061186
22488	46.9192826261047
22489	46.466615944716
22490	46.0125313179208
22491	45.5575751461876
22492	45.1011512080779
22493	44.6423571710145
22494	44.1815883215477
22495	43.71943173379
22496	43.2555538751943
22497	42.7897453655036
22498	42.3221203789847
22499	41.8523448168506
22500	41.380609239124
22501	40.9078563605951
22502	40.4344714743646
22503	39.9599053626849
22504	39.4838765460401
22505	39.0065097884691
22506	38.5274220053444
22507	38.0477098884732
22508	37.5704901421864
22509	37.0976869013336
22510	36.6297470495976
22511	36.1700590339947
22512	35.7245328383689
22513	35.2951243767746
22514	34.8728191127449
22515	34.4496047234107
22516	34.0323886016421
22517	33.608949963221
22518	33.1720203505769
22519	32.7266738796078
22520	32.2704789248896
22521	31.8026127859371
22522	31.331792095604
22523	30.8572361829203
22524	30.3764079745032
22525	29.889104075398
22526	29.391413111947
22527	28.8981931501955
22528	28.4195839449433
22529	27.9472795106017
22530	27.4758485867288
22531	27.0067866513565
22532	26.537379117368
22533	26.0770920930673
22534	25.6259851375291
22535	25.1848737139196
22536	24.7596233867878
22537	24.3421580961962
22538	23.9380732088981
22539	23.5458753982756
22540	23.1729106672678
22541	22.8342357035033
22542	22.5221310479579
22543	22.2350746815357
22544	21.9734717055334
22545	21.7311660840146
22546	21.5008345132854
22547	21.2839468030153
22548	21.0754202405005
22549	20.8714137201213
22550	20.6823543709679
22551	20.5280680315353
22552	20.4135021002425
22553	20.3517839959501
22554	20.3466494102339
22555	20.3625814825609
22556	20.3865977357151
22557	20.4259291676019
22558	20.4814661749037
22559	20.5534704926567
22560	20.6391121618228
22561	20.7407594683096
22562	20.8439627101916
22563	20.9342486826313
22564	21.0163019497168
22565	21.1033338782342
22566	21.2036992836594
22567	21.3218746686
22568	21.4600704329742
22569	21.6045391093407
22570	21.7511159702455
22571	21.8907630448332
22572	22.0112084268877
22573	22.1183659020911
22574	22.2156777982551
22575	22.2885337769701
22576	22.3421787946301
22577	22.3881381356968
22578	22.4289617555364
22579	22.4675033217254
22580	22.4979724504003
22581	22.5283569071623
22582	22.572243763814
22583	22.6285642845664
22584	22.6887405014203
22585	22.7474422985624
22586	22.8016650164869
22587	22.8519401626558
22588	22.8955364859258
22589	22.9268009243402
22590	22.9474373995373
22591	22.9547036953053
22592	22.9420673116234
22593	22.9040274072257
22594	22.8249430995525
22595	22.6905875391856
22596	22.4916547857779
22597	22.2304493311789
22598	21.9045479779709
22599	21.5141115508919
22600	21.0783279957445
22601	20.6026986564755
22602	20.0873316205857
22603	19.5442559848052
22604	18.9856403715263
22605	18.418228564544
22606	17.8570734047302
22607	17.3116470328857
22608	16.7805932282193
22609	16.2662204726707
22610	15.7747306460426
22611	15.3059301967704
22612	14.8550293036838
22613	14.4258546862089
22614	14.0160025336157
22615	13.6114584016463
22616	13.2189322717195
22617	12.8513564644849
22618	12.5079844253816
22619	12.1803471777084
22620	11.8547320953357
22621	11.5300591557967
22622	11.2121123867363
22623	10.9018852918676
22624	10.5983794652162
22625	10.3045750693291
22626	10.0186138059129
22627	9.73718854696166
22628	9.46640705237847
22629	9.21993377827733
22630	9.03515375049809
22631	8.94016628647855
22632	8.87638931685578
22633	8.8039477734362
22634	8.72345145253731
22635	8.61898505920544
22636	8.48221281085001
22637	8.31286933105608
22638	8.11690343265851
22639	7.90834589407594
22640	7.69523851101204
22641	7.4684982282405
22642	7.23908012522496
22643	7.00777893897192
22644	6.75505553561576
22645	6.48178746446232
22646	6.19646120752661
22647	5.90219307340701
22648	5.61113632032181
22649	5.33307229334556
22650	5.07469903357335
22651	4.85272820525986
22652	4.69702560807899
22653	4.62062983576809
22654	4.58834225654762
22655	4.56549154501767
22656	4.5000206404415
22657	4.33325507930676
22658	4.04367612189534
22659	3.63722814492502
22660	3.13670480602752
22661	2.5627202068168
22662	1.93373938373004
22663	1.26602286268002
22664	0.573554881628936
22665	-0.132003695775766
22666	-0.841312081767782
22667	-1.54727947345396
22668	-2.24492181730522
22669	-2.93114985769923
22670	-3.60450294478632
22671	-4.26484847905044
22672	-4.91306940044194
22673	-5.55076127668334
22674	-6.17995544101092
22675	-6.80287970899927
22676	-7.4217632121756
22677	-8.03868782514713
22678	-8.65548513083184
22679	-9.27367474432305
22680	-9.89443841975995
22681	-10.5186235424808
22682	-11.146769338091
22683	-11.7791492906108
22684	-12.4160686547336
22685	-13.0593290431156
22686	-13.7092262566541
22687	-14.3420373665491
22688	-14.9034227845261
22689	-15.358745013135
22690	-15.689051085708
22691	-15.8694865015289
22692	-15.9474581966776
22693	-15.9349867023256
22694	-15.863250919338
22695	-15.8098180543447
22696	-15.7578899007525
22697	-15.6758908324176
22698	-15.5832866315902
22699	-15.4807521045434
22700	-15.3607622918062
22701	-15.2446799395406
22702	-15.144196115554
22703	-15.1072565125143
22704	-15.2073741350658
22705	-15.4573694197786
22706	-15.8293265026513
22707	-16.29843403361
22708	-16.8437405390987
22709	-17.4479512079089
22710	-18.0970700741298
22711	-18.7799185782141
22712	-19.4876029041329
22713	-20.2130064698309
22714	-20.9503606660691
22715	-21.6949174236301
22716	-22.4412860440635
22717	-23.1864577315998
22718	-23.9264328561144
22719	-24.6566260245734
22720	-25.3708722116388
22721	-26.0677797452521
22722	-26.7062592399997
22723	-27.22828976904
22724	-27.6377239161612
22725	-27.930430951762
22726	-28.0988538102207
22727	-28.1806475820375
22728	-28.2307104404028
22729	-28.282039734306
22730	-28.28594300648
22731	-28.2068977219189
22732	-28.0469883027604
22733	-27.8111053507017
22734	-27.5465243270073
22735	-27.2633670394176
22736	-26.8923583639911
22737	-26.3945213832819
22738	-25.7751396497368
22739	-25.0385582431845
22740	-24.2005260151289
22741	-23.2775217439477
22742	-22.2731036350803
22743	-21.1924787272953
22744	-20.052884772384
22745	-18.8722808438158
22746	-17.6685696595238
22747	-16.4587848072214
22748	-15.2583004653978
22749	-14.0800699683102
22750	-12.9338915699634
22751	-11.8258481967756
22752	-10.7585187259118
22753	-9.73235254935171
22754	-8.74617250118091
22755	-7.80567253301094
22756	-6.90809667584036
22757	-6.04423701279227
22758	-5.22163915069951
22759	-4.45742239683415
22760	-3.75857218599334
22761	-3.10902363351392
22762	-2.50112396095078
22763	-1.93436122633329
22764	-1.40126607635077
22765	-0.893952864543964
22766	-0.404762170040974
22767	0.0731992382165655
22768	0.545728078282796
22769	1.01740069365662
22770	1.49160524957556
22771	1.97067029990482
22772	2.45603671452564
22773	2.94843944086567
22774	3.44807591597991
22775	3.95475572170824
22776	4.46802383025408
22777	4.98726307470524
22778	5.5117755968621
22779	6.04084462249963
22780	6.57378209375031
22781	7.10996285074332
22782	7.64884668846955
22783	8.18999004868103
22784	8.7330494720508
22785	9.27777870928324
22786	9.82402060096662
22787	10.3716952519536
22788	10.9207859965529
22789	11.4713245012578
22790	12.0263691709723
22791	12.590235565468
22792	13.1636106394879
22793	13.7520616771894
22794	14.3656283029169
22795	15.004176338647
22796	15.66121455416
22797	16.3322990146411
22798	17.0143380776173
22799	17.7045885602606
22800	18.4003497760564
22801	19.0990760886347
22802	19.7985063894893
22803	20.4967458265254
22804	21.1922945384444
22805	21.8840347202348
22806	22.5711918257468
22807	23.2532842433889
22808	23.9300702922528
22809	24.6014996545949
22810	25.2668690463207
22811	25.9225815615914
22812	26.5634951715153
22813	27.1884621793605
22814	27.794747931848
22815	28.3761345666197
22816	28.9266948637796
22817	29.3915789988476
22818	29.7758132339458
22819	30.1214061535836
22820	30.4133481203015
22821	30.6797732222707
22822	30.9575625897172
22823	31.2580861741318
22824	31.5961174740447
22825	31.9748081062282
22826	32.3889065940205
22827	32.833068509452
22828	33.3014932756427
22829	33.7891617241424
22830	34.2916901294083
22831	34.8043939116429
22832	35.324026454742
22833	35.8465594742675
22834	36.362009245567
22835	36.8691249862872
22836	37.3745277603431
22837	37.8742641653503
22838	38.3656002882235
22839	38.8459134560707
22840	39.3175177768539
22841	39.7853125822841
22842	40.2486373523661
22843	40.7226796606404
22844	41.1815226663585
22845	41.6347601643148
22846	42.0979914361487
22847	42.5672225376309
22848	43.0672951428473
22849	43.5992165679142
22850	44.1476964869277
22851	44.7003913018023
22852	45.2558285938257
22853	45.8190601105996
22854	46.3906288710435
22855	46.9669535303691
22856	47.5454462366616
22857	48.1242686895932
22858	48.7021249243057
22859	49.277837656319
22860	49.8500905310949
22861	50.415678292757
22862	50.9730999550625
22863	51.5270276630133
22864	52.0806385413288
22865	52.6330150094296
22866	53.1829815376058
22867	53.7250617636391
22868	54.2559530433547
22869	54.7626883170482
22870	55.2205332776374
22871	55.6119093834444
22872	55.9454508687181
22873	56.2482565616718
22874	56.5299425887521
22875	56.7867533368153
22876	57.0249239983162
22877	57.2403245470014
22878	57.4275483885088
22879	57.588808017072
22880	57.7214193578666
22881	57.8218879384584
22882	57.890813923037
22883	57.9268454537122
22884	57.9250852813919
22885	57.889739235066
22886	57.8303875189054
22887	57.7519695912689
22888	57.6586926836124
22889	57.5549738277137
22890	57.4503394417098
22891	57.3484158971433
22892	57.2461087563206
22893	57.143747994473
22894	57.0434266852982
22895	56.9594125388816
22896	56.9031378417152
22897	56.8788413794504
22898	56.895945909797
22899	56.9575617553283
22900	57.060551063973
22901	57.2088591782351
22902	57.4144925360525
22903	57.6764985830099
22904	57.9792658057342
22905	58.3109698134467
22906	58.6617198459577
22907	59.0201841842243
22908	59.377433792455
22909	59.7269314068926
22910	60.0649530659011
22911	60.3855413983978
22912	60.6796815396541
22913	60.9405565037445
22914	61.1491955159365
22915	61.2880416995039
22916	61.3816565946242
22917	61.4564243680324
22918	61.5250644088162
22919	61.6150667825272
22920	61.751505523821
22921	61.9492623589223
22922	62.2046562595717
22923	62.4973099795861
22924	62.8012129253571
22925	63.1065831979024
22926	63.4230556215184
22927	63.7593571362914
22928	64.0984954092749
22929	64.4122260448089
22930	64.6997789975968
22931	64.9653907581676
22932	65.1977372611338
22933	65.389881588236
22934	65.545218963827
22935	65.6716506036853
22936	65.7798586726196
22937	65.8697191978098
22938	65.9415538963179
22939	65.9951114188663
22940	66.0255367651528
22941	66.0325089050634
22942	66.0155615232935
22943	65.9777794264468
22944	65.9251517652836
22945	65.8608055021794
22946	65.7955983130439
22947	65.7332120965388
22948	65.6577396818377
22949	65.5560936308903
22950	65.4310156762693
22951	65.2941752407384
22952	65.1509974725908
22953	64.9956778279851
22954	64.810020516641
22955	64.587264593279
22956	64.3363189489918
22957	64.0646628954277
22958	63.7799155717374
22959	63.4657094598455
22960	63.1123058450772
22961	62.729606116503
22962	62.3230166099951
22963	61.9032549098691
22964	61.474684584323
22965	61.0401359493158
22966	60.596737033057
22967	60.152887627616
22968	59.7107129351439
22969	59.2635639222478
22970	58.8119168482334
22971	58.3524656941279
22972	57.8955823859725
22973	57.4548395299649
22974	57.0348009002868
22975	56.6365990012888
22976	56.253412468541
22977	55.8754842198949
22978	55.4979019123
22979	55.1198879893029
22980	54.7448195083891
22981	54.3742994003213
22982	54.0127954873925
22983	53.6587466998503
22984	53.3069588223895
22985	52.9592731913955
22986	52.6130365988077
22987	52.2737341699377
22988	51.938646053039
22989	51.6208983807629
22990	51.3243483309733
22991	51.0454251860087
22992	50.7866780529133
22993	50.5459536702913
22994	50.3324785390505
22995	50.1483989366859
22996	49.9920905020164
22997	49.8576289956701
22998	49.7371357680487
22999	49.6245454675999
23000	49.5163550244743
23001	49.4139066854743
23002	49.3190060293071
23003	49.2309896816702
23004	49.1454479433635
23005	49.0593488275538
23006	48.9713093485965
23007	48.8872070129281
23008	48.8043982362469
23009	48.7115286111853
23010	48.6164671622438
23011	48.5290000094137
23012	48.4485846364827
23013	48.3693865873663
23014	48.285054108722
23015	48.1944690721593
23016	48.1007635962043
23017	48.0086323910326
23018	47.9177025072851
23019	47.8290966405558
23020	47.7414729950084
23021	47.6461778429535
23022	47.5428787255207
23023	47.4342159916354
23024	47.3214923169396
23025	47.2082781096914
23026	47.0910140719566
23027	46.9660865074261
23028	46.8416979213763
23029	46.7266725488848
23030	46.6237303658835
23031	46.531887019952
23032	46.4345061256855
23033	46.3220079610143
23034	46.1939291604409
23035	46.0517893454786
23036	45.9024993454118
23037	45.7499891266166
23038	45.5815082974406
23039	45.3871259123773
23040	45.1667423050014
23041	44.912471724453
23042	44.6249688302377
23043	44.3383187720708
23044	44.0630940317115
23045	43.7902619582688
23046	43.5341753920464
23047	43.2912060199518
23048	43.0524838947507
23049	42.827971367054
23050	42.6188885484984
23051	42.4201644650255
23052	42.2302394109055
23053	42.0430274516549
23054	41.8617585551526
23055	41.6942512858295
23056	41.5466024545279
23057	41.422364629731
23058	41.3191065792484
23059	41.230320544802
23060	41.1514913388653
23061	41.0763194224449
23062	41.0055976404877
23063	40.9412321406152
23064	40.879811323876
23065	40.8205400470467
23066	40.7632813157684
23067	40.7152090825192
23068	40.679773276366
23069	40.6554633274975
23070	40.6435679552391
23071	40.642094348618
23072	40.6479111451898
23073	40.6545201341407
23074	40.656335458453
23075	40.6432302871525
23076	40.5980757456496
23077	40.5022081652748
23078	40.3446770230594
23079	40.1243132551904
23080	39.8350119092487
23081	39.4713291113794
23082	39.0395346353576
23083	38.5527298105005
23084	38.0229431662973
23085	37.4610160972727
23086	36.8765013437003
23087	36.2775920368864
23088	35.6710931609712
23089	35.0624412608777
23090	34.4557723405288
23091	33.8540325541164
23092	33.2591217658412
23093	32.6720575020743
23094	32.0931469201189
23095	31.5221550571932
23096	30.9584600259546
23097	30.4011891262064
23098	29.849332467289
23099	29.3018328091338
23100	28.7576524203382
23101	28.2158191881685
23102	27.6771234259522
23103	27.1454373820179
23104	26.6262843088668
23105	26.1256828461529
23106	25.6472366685732
23107	25.1938296233418
23108	24.7635566348611
23109	24.351818167329
23110	23.953720450033
23111	23.5650757906524
23112	23.1890781517945
23113	22.8268174671454
23114	22.4747243329311
23115	22.1314209431497
23116	21.7961827542843
23117	21.4723854167545
23118	21.1608359988876
23119	20.8629432196058
23120	20.5789853324232
23121	20.3116339336092
23122	20.0623596454917
23123	19.8263608274715
23124	19.595838736788
23125	19.3643927294455
23126	19.1296666906843
23127	18.88857172059
23128	18.6440766894021
23129	18.3928983798536
23130	18.1284816772571
23131	17.8575497431512
23132	17.5868206602371
23133	17.3130885201299
23134	17.0358318054336
23135	16.7506981449724
23136	16.4602430214372
23137	16.1711374052217
23138	15.88319606196
23139	15.5975056502097
23140	15.3228804573497
23141	15.1014496613713
23142	14.9388792329611
23143	14.8898486864219
23144	14.9739398007965
23145	15.183158729594
23146	15.5199681486408
23147	15.9105294996932
23148	16.3026433790688
23149	16.6329556841352
23150	16.878449185077
23151	17.0094763980458
23152	16.962414620478
23153	16.7384816085792
23154	16.3595088670239
23155	15.8624168696703
23156	15.3173906200815
23157	14.8249989499471
23158	14.3556323160278
23159	13.8133417813627
23160	13.1893635293299
23161	12.5003164852533
23162	11.769659511272
23163	11.0158210760245
23164	10.2486956827587
23165	9.47786429390117
23166	8.70987355686591
23167	7.94760159676671
23168	7.19185350742891
23169	6.4432987734759
23170	5.70357529168401
23171	4.97788368127578
23172	4.26566349743952
23173	3.56273229431331
23174	2.86941168774028
23175	2.18616438590729
23176	1.51282152446007
23177	0.850380840381774
23178	0.197696063564765
23179	-0.448470564855289
23180	-1.08996623045523
23181	-1.72618146492154
23182	-2.35613388893228
23183	-2.98071780490273
23184	-3.60046354407385
23185	-4.21540475806886
23186	-4.82281588053486
23187	-5.39377630406606
23188	-5.9170959934771
23189	-6.41720486886397
23190	-6.91961203236567
23191	-7.43493932849063
23192	-7.96110334361881
23193	-8.50218861585295
23194	-9.0630851797403
23195	-9.64438112363455
23196	-10.2436002494586
23197	-10.8556250951686
23198	-11.4768576777264
23199	-12.1048704554704
23200	-12.7380997572709
23201	-13.3755871292619
23202	-14.0167713067906
23203	-14.6611485245783
23204	-15.3076670716241
23205	-15.9530839181054
23206	-16.5885228286333
23207	-17.1797435115445
23208	-17.7032810561538
23209	-18.1588442125013
23210	-18.5504296475931
23211	-18.8722591432212
23212	-19.0846709176264
23213	-19.1443734316111
23214	-19.0344430523311
23215	-18.7835588538862
23216	-18.4880586023451
23217	-18.2170256498982
23218	-17.9779858215862
23219	-17.7913433768275
23220	-17.6773125289027
23221	-17.6368717838692
23222	-17.6845971599374
23223	-17.8436606714881
23224	-18.0876591249545
23225	-18.4109153169883
23226	-18.8060970746087
23227	-19.2399827424866
23228	-19.7027246328975
23229	-20.1890149357478
23230	-20.6907090863939
23231	-21.2044321758225
23232	-21.728507506848
23233	-22.2458212998988
23234	-22.7453336636999
23235	-23.2152745172425
23236	-23.6524635464818
23237	-24.0485636042008
23238	-24.3860833727763
23239	-24.6697838834149
23240	-24.9087611156811
23241	-25.1009403916992
23242	-25.2279622163315
23243	-25.2585299119577
23244	-25.1554703091246
23245	-24.9038413671208
23246	-24.517790731004
23247	-24.0126857434851
23248	-23.3975348583461
23249	-22.7023147342061
23250	-21.9761464209361
23251	-21.2831508504108
23252	-20.667113096158
23253	-20.0956925718813
23254	-19.4765256657775
23255	-18.7980385916634
23256	-18.1441111732198
23257	-17.5241972727403
23258	-16.9270253061973
23259	-16.4071012172621
23260	-15.980147689882
23261	-15.6427667157937
23262	-15.3920743073305
23263	-15.2186865500503
23264	-15.1311674671894
23265	-15.116593452462
23266	-15.1664693083555
23267	-15.271446618816
23268	-15.4162710548744
23269	-15.5965398870274
23270	-15.8125523472706
23271	-16.0654006469355
23272	-16.3306378865969
23273	-16.6001523325353
23274	-16.8737448360409
23275	-17.127768666457
23276	-17.3506767446053
23277	-17.5425607549687
23278	-17.7085555622062
23279	-17.8455470227396
23280	-17.9310415730538
23281	-17.9430993534521
23282	-17.8636933091233
23283	-17.6778402518924
23284	-17.3567181925507
23285	-16.8840367267331
23286	-16.27133479559
23287	-15.5439036481269
23288	-14.7842956604043
23289	-14.0557880801224
23290	-13.405875721136
23291	-12.848712196357
23292	-12.301764267056
23293	-11.7077073773952
23294	-11.0580841938103
23295	-10.3397880327254
23296	-9.57538720370781
23297	-8.85110122863322
23298	-8.19358771840442
23299	-7.58392655733559
23300	-7.02840571171382
23301	-6.47718486745485
23302	-5.91467306058584
23303	-5.36671732264273
23304	-4.83083870188155
23305	-4.3300749056982
23306	-3.89282053620345
23307	-3.53269058589185
23308	-3.24683393216686
23309	-3.01701364640578
23310	-2.82068133071742
23311	-2.63903946922619
23312	-2.46347894282942
23313	-2.28332367560301
23314	-2.09447093288864
23315	-1.90751751619533
23316	-1.72874181795881
23317	-1.56155117651068
23318	-1.4100218845729
23319	-1.2789933680057
23320	-1.18447817558105
23321	-1.1205553229572
23322	-1.0196779497735
23323	-0.795280863179773
23324	-0.430656631224159
23325	0.0392781704193749
23326	0.583721826635237
23327	1.17675532540992
23328	1.79759140752889
23329	2.43040621874552
23330	3.06384808188562
23331	3.69036621194767
23332	4.30548715148876
23333	4.90712314164131
23334	5.49495242869299
23335	6.06988792881049
23336	6.63363184158449
23337	7.18831378855887
23338	7.73620598843304
23339	8.27950553967178
23340	8.82018267201363
23341	9.35988194591488
23342	9.89986939612423
23343	10.4410205817009
23344	10.9838390659893
23345	11.5284974697227
23346	12.0748943053062
23347	12.6227210391492
23348	13.1715330633532
23349	13.720818981215
23350	14.2700637558859
23351	14.8188021299819
23352	15.3666597538456
23353	15.9133806171923
23354	16.4588405721745
23355	17.0030478547147
23356	17.5461324485996
23357	18.0883268117829
23358	18.6299408530995
23359	19.1713341082256
23360	19.7128878510401
23361	20.2554987528364
23362	20.8021093549817
23363	21.3590222117027
23364	21.9348117817317
23365	22.53180412121
23366	23.1435418935389
23367	23.7700343342251
23368	24.4121619304133
23369	25.0583566212403
23370	25.6911589893974
23371	26.3027392798239
23372	26.8949355436446
23373	27.4576674102431
23374	28.0183064280312
23375	28.6017973952437
23376	29.1957771879686
23377	29.7808548118518
23378	30.3482536750081
23379	30.8720852138288
23380	31.3583285732713
23381	31.8405899627357
23382	32.3355807665976
23383	32.8547721002762
23384	33.3820378987218
23385	33.9137761346475
23386	34.4418996738161
23387	34.9563000830511
23388	35.4565787103786
23389	35.9377062193734
23390	36.4191761734141
23391	36.9120444482727
23392	37.4046546730127
23393	37.8948133881888
23394	38.3900403318683
23395	38.8941784404902
23396	39.4054900626261
23397	39.9226897874489
23398	40.4447967755181
23399	40.9710385509753
23400	41.502647268431
23401	42.0413064265227
23402	42.5903797398146
23403	43.1522474006529
23404	43.7154448543644
23405	44.2343350234618
23406	44.6699214572856
23407	45.0734423110685
23408	45.462332032558
23409	45.8260087697354
23410	46.2083664584072
23411	46.6302907000316
23412	47.0722404878794
23413	47.5135440021955
23414	47.9481282867909
23415	48.3667704372295
23416	48.7617047247253
23417	49.1219160802257
23418	49.4232944279564
23419	49.6561065217025
23420	49.8366395299645
23421	49.9902060618512
23422	50.1219925542797
23423	50.2309479660576
23424	50.3194482205406
23425	50.3792655184957
23426	50.4076426541439
23427	50.4177588076078
23428	50.4201481070892
23429	50.4098112086024
23430	50.3731014805441
23431	50.3119083297771
23432	50.2584848596462
23433	50.2347126275124
23434	50.2289357681174
23435	50.2211710121643
23436	50.2081809715143
23437	50.1985240964189
23438	50.2001045553951
23439	50.2178289664052
23440	50.2453916473021
23441	50.2769491823057
23442	50.3089737887246
23443	50.3345646125204
23444	50.3566632938386
23445	50.3861531898249
23446	50.4300528485296
23447	50.4841412684593
23448	50.5459587653114
23449	50.6140847405141
23450	50.6869298065411
23451	50.766624869661
23452	50.8514635945937
23453	50.937437080126
23454	51.0164081600577
23455	51.0861448996966
23456	51.15338998644
23457	51.2247231212557
23458	51.2981291607879
23459	51.3659207689293
23460	51.4201949638483
23461	51.464529065478
23462	51.5115464419785
23463	51.565284125504
23464	51.6171484840398
23465	51.6585882134505
23466	51.6837877897711
23467	51.690338159716
23468	51.686112350474
23469	51.6835083439656
23470	51.6887553083476
23471	51.6921129050884
23472	51.6844722469588
23473	51.6720030197677
23474	51.6749771715269
23475	51.7056299967974
23476	51.7634372846213
23477	51.8458369566757
23478	51.947390568577
23479	52.0715354537858
23480	52.2104936716783
23481	52.3603344059164
23482	52.5176772674114
23483	52.6634404746168
23484	52.7856456227098
23485	52.8824660639196
23486	52.9652741993419
23487	53.0488243852319
23488	53.1294510717112
23489	53.1955065781412
23490	53.2388910022831
23491	53.2527408824469
23492	53.2505790925549
23493	53.2467267378617
23494	53.2419553933488
23495	53.226472973383
23496	53.1722882166707
23497	53.0692028919108
23498	52.9435847825268
23499	52.8185141776902
23500	52.6996677506589
23501	52.5850846511499
23502	52.4805596047571
23503	52.4004911292261
23504	52.3495708794839
23505	52.3192206747677
23506	52.3026936852968
23507	52.3207166518497
23508	52.4045004999321
23509	52.5642980246311
23510	52.8001244292681
23511	53.1079672560519
23512	53.4644258661859
23513	53.8620761759023
23514	54.3102931950633
23515	54.8170502596059
23516	55.3845249231501
23517	56.0007099171143
23518	56.6546960513594
23519	57.3368194932574
23520	58.0382131983069
23521	58.7513853506127
23522	59.470025282483
23523	60.1887377559149
23524	60.9038363651868
23525	61.6123814906373
23526	62.308447183442
23527	62.9864527390496
23528	63.638236140575
23529	64.2556734709019
23530	64.8392345087955
23531	65.4013555826463
23532	65.9454175542322
23533	66.464350008468
23534	66.9682943188142
23535	67.4682290833253
23536	67.9671387016029
23537	68.4661274216918
23538	68.9596355489583
23539	69.4404222040451
23540	69.909219437219
23541	70.3706146962493
23542	70.8290254711373
23543	71.2795092972519
23544	71.7095568463096
23545	72.1111002573269
23546	72.4856084202326
23547	72.8449669358718
23548	73.1981183636118
23549	73.5557497498016
23550	73.9254303789786
23551	74.3059227077859
23552	74.6960567705045
23553	75.095104954278
23554	75.5024224361374
23555	75.9144283820851
23556	76.3232667046426
23557	76.7247418431622
23558	77.1217122088501
23559	77.5158106001346
23560	77.9052516281037
23561	78.2853668966294
23562	78.6546824330313
23563	79.0121023468436
23564	79.350238852629
23565	79.6697958374984
23566	79.9771273874348
23567	80.2753813104464
23568	80.5644411193669
23569	80.8436430577136
23570	81.1132662076064
23571	81.3730829268356
23572	81.6220064498503
23573	81.8630529093888
23574	82.0976534061856
23575	82.323215859771
23576	82.5373101746129
23577	82.7325122440201
23578	82.9072075006804
23579	83.0671619389262
23580	83.2132529824648
23581	83.3443067655496
23582	83.4580967726993
23583	83.5545640700467
23584	83.6335973608778
23585	83.6917313805046
23586	83.724053864685
23587	83.7255166665978
23588	83.7008881111144
23589	83.6641596802368
23590	83.629165868602
23591	83.596656929302
23592	83.5629447940881
23593	83.5258922476352
23594	83.4769603377965
23595	83.409796725691
23596	83.3296131692661
23597	83.2437805333325
23598	83.1487903772254
23599	83.0352535851442
23600	82.8968906677161
23601	82.7357605145201
23602	82.5572788044647
23603	82.3612029831836
23604	82.1491535493712
23605	81.9264749946899
23606	81.6979481375181
23607	81.4678695105075
23608	81.2373185043721
23609	81.0048101727095
23610	80.7685690487753
23611	80.5313007056968
23612	80.300915542875
23613	80.0841668377047
23614	79.8834608099518
23615	79.6982583339916
23616	79.5262562345387
23617	79.3692135166542
23618	79.2266511395022
23619	79.0897046987078
23620	78.9499988723534
23621	78.806049981839
23622	78.6620533521597
23623	78.5194265403669
23624	78.377068070525
23625	78.2296185850818
23626	78.0745453603978
23627	77.9105032608297
23628	77.732766888385
23629	77.539817180574
23630	77.3337448250095
23631	77.1176657392859
23632	76.895957936826
23633	76.6763552430349
23634	76.4679911798248
23635	76.2766158411963
23636	76.1055133798929
23637	75.9610777565987
23638	75.8458424071168
23639	75.7605154249162
23640	75.6983092988411
23641	75.6512642349215
23642	75.6191256062455
23643	75.6016222904416
23644	75.5971659765249
23645	75.6010190911592
23646	75.6009712067507
23647	75.5794303303033
23648	75.5247741861239
23649	75.4369879039451
23650	75.3191484400097
23651	75.1695145871509
23652	74.9895581802333
23653	74.7896808361298
23654	74.5674592705981
23655	74.3113457695729
23656	74.0324164922667
23657	73.7427767299225
23658	73.4464490399028
23659	73.1506699571352
23660	72.8576717720402
23661	72.5675583026519
23662	72.2863073548148
23663	72.0195073740909
23664	71.76690568012
23665	71.527425606431
23666	71.3032745126716
23667	71.0935503315078
23668	70.8933215087352
23669	70.7016802064993
23670	70.519398011305
23671	70.3454326642286
23672	70.1797935535193
23673	70.0244151656564
23674	69.8794307579703
23675	69.7410293792899
23676	69.6021162543488
23677	69.4606758363938
23678	69.316452332386
23679	69.1679553338029
23680	69.0093956423403
23681	68.8251422637981
23682	68.6145016476526
23683	68.3930460899194
23684	68.1705674385893
23685	67.9561848883706
23686	67.7537780118037
23687	67.5555862160882
23688	67.3603629035077
23689	67.1705981459135
23690	66.9799071956472
23691	66.7893288705243
23692	66.604014258979
23693	66.4192960366208
23694	66.2315032605954
23695	66.0427528078462
23696	65.8550895943285
23697	65.6742350764133
23698	65.5019623323009
23699	65.3321374835831
23700	65.1611846032065
23701	64.9919910934946
23702	64.8316666684412
23703	64.6854091882552
23704	64.5459057554892
23705	64.4062398833355
23706	64.2662336279686
23707	64.1268588389477
23708	63.9969858565115
23709	63.87641417832
23710	63.7519825831822
23711	63.6091230967387
23712	63.4457155781591
23713	63.2697083480565
23714	63.0898574182204
23715	62.91009566347
23716	62.7224798794159
23717	62.5209627637256
23718	62.3047895294859
23719	62.0783472623937
23720	61.8457169659398
23721	61.6086747392046
23722	61.3635785359326
23723	61.1079366261209
23724	60.8437883551905
23725	60.5694878168287
23726	60.287050889686
23727	60.0015877527801
23728	59.7072491124043
23729	59.4009290057319
23730	59.0851924542689
23731	58.7663623706025
23732	58.4483993286148
23733	58.1315041693848
23734	57.8151502496417
23735	57.4987945582121
23736	57.1856138246728
23737	56.872230086902
23738	56.5548244468337
23739	56.2331012313407
23740	55.9135537634666
23741	55.5998657072636
23742	55.28993663868
23743	54.9810602134997
23744	54.6774784234888
23745	54.3854385001222
23746	54.0965713905351
23747	53.8028178699006
23748	53.5017244532247
23749	53.1963729631489
23750	52.8892632168389
23751	52.5823565893179
23752	52.2721889306793
23753	51.9612481644875
23754	51.6528618973814
23755	51.3437247443391
23756	51.0382513892497
23757	50.7385008305952
23758	50.4436907465504
23759	50.1472819104091
23760	49.8496154432555
23761	49.5580123856749
23762	49.2708642294015
23763	48.9855369957778
23764	48.7026960113809
23765	48.4219693024457
23766	48.1456698902202
23767	47.8717728960051
23768	47.6020557679605
23769	47.3473490523151
23770	47.1089527775183
23771	46.8911852275775
23772	46.6983668153132
23773	46.5226649918473
23774	46.3567330949788
23775	46.1973514718091
23776	46.039306340262
23777	45.8877386462949
23778	45.7647087036019
23779	45.6791872078726
23780	45.6343104297673
23781	45.634891769228
23782	45.683348994275
23783	45.7849597804217
23784	45.9226293565362
23785	46.0768971695001
23786	46.2545175242798
23787	46.4459775355035
23788	46.6315224698604
23789	46.8099794267738
23790	46.9829849600975
23791	47.142520520112
23792	47.2877882390978
23793	47.4159064869035
23794	47.512095426779
23795	47.5727496542878
23796	47.6010082280953
23797	47.5784148460002
23798	47.4741820770233
23799	47.2982670657488
23800	47.0828069913546
23801	46.8380510308212
23802	46.5749055902197
23803	46.2993670614666
23804	46.0037537242158
23805	45.6847122281523
23806	45.3418570517371
23807	44.9710828689981
23808	44.5679189603488
23809	44.1407116381887
23810	43.7032485465737
23811	43.2651018518079
23812	42.8338952787326
23813	42.4117624140342
23814	41.9992098090992
23815	41.60317303419
23816	41.2262462821008
23817	40.8670763903727
23818	40.5264952879805
23819	40.2092872468012
23820	39.9208962073695
23821	39.6564237757303
23822	39.4032023890107
23823	39.1492914239424
23824	38.9026363132005
23825	38.6746276527514
23826	38.4586171993676
23827	38.2604301683851
23828	38.116503951664
23829	38.0335955639156
23830	38.0049344308097
23831	38.0268527923661
23832	38.1025542916109
23833	38.2456823669703
23834	38.4463727844743
23835	38.6833602766672
23836	38.9620642001063
23837	39.2994975499161
23838	39.6953236763038
23839	40.1362358617011
23840	40.6020842055765
23841	41.0899393207154
23842	41.605243621117
23843	42.1599162256065
23844	42.7562838503967
23845	43.3793849712892
23846	43.9918483356478
23847	44.5546436554184
23848	45.084875207688
23849	45.5878810550737
23850	46.0512706391999
23851	46.4761096684617
23852	46.8585135805782
23853	47.1785820388817
23854	47.4447499928332
23855	47.6695303413015
23856	47.8691173828056
23857	48.0680906234362
23858	48.2501672439067
23859	48.3971297465228
23860	48.5085583896465
23861	48.5939980485833
23862	48.6591741043488
23863	48.7097046362468
23864	48.7416945989001
23865	48.7392013418073
23866	48.7036400014338
23867	48.647103285668
23868	48.5849539352875
23869	48.529773184902
23870	48.47359740034
23871	48.4008896873031
23872	48.3103208068182
23873	48.210629043476
23874	48.1194078663272
23875	48.0459590003835
23876	47.9808667525998
23877	47.917695168992
23878	47.8608823647763
23879	47.821089964353
23880	47.7993000894879
23881	47.7900654501001
23882	47.7823995933617
23883	47.7685382951937
23884	47.7574091384314
23885	47.7593477245841
23886	47.771012104154
23887	47.7805359589787
23888	47.7807414614454
23889	47.7856355078967
23890	47.8136004623659
23891	47.8706758886289
23892	47.948394649156
23893	48.0246360425138
23894	48.0891450321766
23895	48.1458995018709
23896	48.2088279100992
23897	48.280359792946
23898	48.336547277048
23899	48.3662529266762
23900	48.3776996224127
23901	48.3855070930534
23902	48.3921286086057
23903	48.3775060508317
23904	48.3297316831387
23905	48.2612819680561
23906	48.1868718682809
23907	48.1113035326516
23908	48.029200445267
23909	47.941912572461
23910	47.8530175097715
23911	47.760563346916
23912	47.6669927929752
23913	47.5694589976143
23914	47.4728211844541
23915	47.378449391261
23916	47.2826725134165
23917	47.195088470017
23918	47.1121349658018
23919	47.0215535183085
23920	46.9220138397754
23921	46.8204914201498
23922	46.7276237295813
23923	46.6415737180118
23924	46.5474335558588
23925	46.4435973816887
23926	46.335392888064
23927	46.2170118401511
23928	46.0911778727491
23929	45.9473460853663
23930	45.7769392575807
23931	45.5906428532947
23932	45.3998730315324
23933	45.2009955219667
23934	44.9804967675909
23935	44.7303440370976
23936	44.4485615069277
23937	44.1498390336761
23938	43.8305605012977
23939	43.4871072208401
23940	43.1208461890897
23941	42.7212810910474
23942	42.2874832265635
23943	41.8249034829408
23944	41.3448252756092
23945	40.8540899489436
23946	40.3528202981505
23947	39.8481249961517
23948	39.3432645440717
23949	38.8431689046355
23950	38.3571269791323
23951	37.8876770167535
23952	37.434346868083
23953	36.989647710469
23954	36.5517563706202
23955	36.1280846747055
23956	35.72355296588
23957	35.3453726081938
23958	34.9925880570935
23959	34.6595146190495
23960	34.356370044637
23961	34.0909205870467
23962	33.8509517910713
23963	33.6344937943236
23964	33.4691577209671
23965	33.3543710003719
23966	33.2851025884082
23967	33.2680992112581
23968	33.2911034204024
23969	33.3560150898187
23970	33.4712808039955
23971	33.6399114715998
23972	33.8563763064228
23973	34.1063849507423
23974	34.3876855955784
23975	34.706135750091
23976	35.058784524099
23977	35.4265132540155
23978	35.804196528849
23979	36.1945604746872
23980	36.6049091754079
23981	37.0616815660613
23982	37.5845028932538
23983	38.1835395382466
23984	38.8368655173411
23985	39.5273637296157
23986	40.268766757934
23987	41.0621569243472
23988	41.8958540182036
23989	42.7554422956174
23990	43.6128488391152
23991	44.4399943181164
23992	45.2251542298997
23993	45.9870741684336
23994	46.7484276412572
23995	47.5014409303365
23996	48.2269964619879
23997	48.923257226245
23998	49.5947612844208
23999	50.2311635018642
24000	50.8282421588517
24001	51.4359072167489
24002	52.0421874600962
24003	52.5932811817651
24004	53.067905945533
24005	53.4508331064136
24006	53.7076538283003
24007	53.807062200794
24008	53.7463917267117
24009	53.5473220343543
24010	53.2373493242383
24011	52.850261179033
24012	52.4305721576299
24013	52.015221133641
24014	51.6158770485663
24015	51.2282920440885
24016	50.8406334617242
24017	50.4555885644237
24018	50.0850283832775
24019	49.7187245000405
24020	49.3360858621231
24021	48.9329017923117
24022	48.5012663723829
24023	48.0240962483821
24024	47.4936791385299
24025	46.9021837953417
24026	46.2491743522584
24027	45.5479072000456
24028	44.8110889240724
24029	44.0506345784091
24030	43.2774252126669
24031	42.5010670364897
24032	41.7296632369587
24033	40.9696201437683
24034	40.2255692910721
24035	39.5004707679265
24036	38.795807040517
24037	38.1118240534535
24038	37.4477920409416
24039	36.8022628592938
24040	36.1733068127045
24041	35.5587182891847
24042	34.9561850179313
24043	34.363419990951
24044	33.7782579975299
24045	33.1987204929232
24046	32.6230534336439
24047	32.0497430100453
24048	31.4775141017132
24049	30.9053159317027
24050	30.3322989151908
24051	29.7577861614422
24052	29.181242539463
24053	28.6022436800849
24054	28.0204467703422
24055	27.4355645044543
24056	26.8473430941901
24057	26.2555448171811
24058	25.6599352048189
24059	25.0602746526062
24060	24.456313984642
24061	23.8477933261554
24062	23.2344435345581
24063	22.6159894061001
24064	21.9921539029495
24065	21.3626627221287
24066	20.7272486390746
24067	20.0856551902359
24068	19.4376393976473
24069	18.7829733723663
24070	18.1214447541117
24071	17.4528560452242
24072	16.7770229746705
24073	16.0937720810714
24074	15.4029377334677
24075	14.7043588170362
24076	13.9978753015528
24077	13.2833248870094
24078	12.5605398875614
24079	11.829344475965
24080	11.0895523695588
24081	10.3409649988047
24082	9.58337016294005
24083	8.81654114620883
24084	8.04023624353571
24085	7.25419862685053
24086	6.45815647245994
24087	5.65182326536977
24088	4.83489819742239
24089	4.00706657958806
24090	3.1680002000833
24091	2.31735757757039
24092	1.4547840583694
24093	0.579911720436029
24094	-0.307640939658885
24095	-1.20826955083042
24096	-2.12238464884589
24097	-3.0504126953059
24098	-3.99279733094249
24099	-4.95000085848125
24100	-5.92250595096398
24101	-6.91081758403093
24102	-7.91546519503239
24103	-8.93700507778623
24104	-9.97602302914514
24105	-11.0331372721483
24106	-12.1090016903277
24107	-13.2043094187122
24108	-14.3197968493007
24109	-15.4562481426994
24110	-16.6145003485251
24111	-17.7954491228207
24112	-19.0000552002005
24113	-20.2293518069733
24114	-21.4844531866413
24115	-22.7665644408748
24116	-24.0769929270763
24117	-25.4171614990698
24118	-26.7886239316717
24119	-28.1930829887104
24120	-29.6324117847319
24121	-31.1086785179755
24122	-32.624175223861
24123	-34.1814515286007
24124	-35.783354263357
24125	-37.4330739035526
24126	-39.1341993314413
24127	-40.8443891188157
24128	-42.5087864570276
24129	-44.1163932978525
24130	-45.6183787740103
24131	-46.9493578942243
24132	-48.1126386878081
24133	-49.1267711721407
24134	-50.0575460470764
24135	-51.0200164772979
24136	-52.1745565426517
24137	-53.6996148602395
24138	-55.7536975921703
24139	-58.4474359391209
24140	-61.8121538717547
24141	-65.8871234546651
24142	-70.5992926898774
24143	-75.4724147738134
24144	-79.7879989851934
24145	-82.8497160615132
24146	-84.1718663775816
24147	-83.6127158834139
24148	-81.0706340497126
24149	-76.2170352655954
24150	-68.9734694130269
24151	-60.2977174660923
24152	-52.2294717592505
24153	-44.7428399781546
24154	-28.707259251061
24155	74.1751947250524
24156	97.4911854433938
24157	103.252961232021
24158	103.536306362344
24159	97.9435020888947
24160	85.8451739252716
24161	68.1506788824352
24162	52.2806654573076
24163	43.630297346302
24164	40.1031286345782
24165	37.0256904251112
24166	33.0476327392986
24167	29.3702509361453
24168	26.5836667949473
24169	24.5816603509729
24170	23.0924842734445
24171	21.8830816229886
24172	20.7997957117608
24173	19.754700042092
24174	18.7033062779478
24175	17.6268064572114
24176	16.520485988715
24177	15.3868882139251
24178	14.2320343218748
24179	13.0634093250294
24180	11.888883644717
24181	10.716104179164
24182	9.55212177195303
24183	8.40315029368365
24184	7.27441506387271
24185	6.19671932718144
24186	5.17655819105384
24187	4.20080583706257
24188	3.25711084468733
24189	2.32812908507735
24190	1.40258872453218
24191	0.472675290273
24192	-0.467419734352132
24193	-1.42233774535104
24194	-2.39610559195645
24195	-3.39263587355013
24196	-4.42163134092285
24197	-5.49495996278237
24198	-6.60465006361677
24199	-7.71600680199712
24200	-8.81559088991094
24201	-9.91222161755442
24202	-11.0192585216043
24203	-12.1386928780577
24204	-13.2633154945306
24205	-14.3967586543528
24206	-15.5409393620498
24207	-16.6817888588678
24208	-17.8294620376272
24209	-18.9987139958606
24210	-20.1732517100627
24211	-21.332348103195
24212	-22.4626301637869
24213	-23.5571884452221
24214	-24.6137742613456
24215	-25.6329600956766
24216	-26.6167162393837
24217	-27.5674941785879
24218	-28.4877256483894
24219	-29.3795952000406
24220	-30.2449798332882
24221	-31.0854752863406
24222	-31.9024585438586
24223	-32.6971627592147
24224	-33.469653797391
24225	-34.2211364141461
24226	-34.9505974789137
24227	-35.6607829108098
24228	-36.3511120958808
24229	-37.0227902865303
24230	-37.6837008104173
24231	-38.3402206567528
24232	-38.9965794001197
24233	-39.6556096758602
24234	-40.319218802213
24235	-40.9886977826501
24236	-41.664964238472
24237	-42.3487511118826
24238	-43.0409356460464
24239	-43.7438963789253
24240	-44.458923667319
24241	-45.184534590016
24242	-45.9151699801949
24243	-46.6472535550586
24244	-47.382487568997
24245	-48.1181688869833
24246	-48.8479147154307
24247	-49.5625438756286
24248	-50.2580922514962
24249	-50.9382352759191
24250	-51.6074622536176
24251	-52.2690781710786
24252	-52.9273863553581
24253	-53.5878370901757
24254	-54.2515253923194
24255	-54.9165784197932
24256	-55.5776884478838
24257	-56.2319964342685
24258	-56.8796038222695
24259	-57.5215468437493
24260	-58.1616781233087
24261	-58.8012063658606
24262	-59.4412633931359
24263	-60.0802365369724
24264	-60.7120020434787
24265	-61.3362225046186
24266	-61.9531517410357
24267	-62.5607881455628
24268	-63.1581340613396
24269	-63.7448248845221
24270	-64.3209751269131
24271	-64.8869894422619
24272	-65.4434251938233
24273	-65.9909006494311
24274	-66.5300384075707
24275	-67.0614342563433
24276	-67.585643447419
24277	-68.1031775728632
24278	-68.61408266635
24279	-69.1184125251127
24280	-69.6173712762878
24281	-70.1119134549137
24282	-70.6020025134911
24283	-71.0874125022289
24284	-71.5686819854323
24285	-72.0470003567496
24286	-72.5234042869816
24287	-72.9986170723861
24288	-73.4731463972352
24289	-73.9473521492272
24290	-74.421495673652
24291	-74.8957902971567
24292	-75.3704395584136
24293	-75.8463116950119
24294	-76.3244434902096
24295	-76.8054318059001
24296	-77.2888498373114
24297	-77.771978479267
24298	-78.2543732373212
24299	-78.7381852591017
24300	-79.2229052424311
24301	-79.7068780767478
24302	-80.1887762139651
24303	-80.6675930536872
24304	-81.1426187342125
24305	-81.6133999762429
24306	-82.0796922568966
24307	-82.5414113676083
24308	-82.9985895686922
24309	-83.4513388917067
24310	-83.8998224050506
24311	-84.3442331900451
24312	-84.7847795085775
24313	-85.221675022325
24314	-85.6551327742292
24315	-86.085361430655
24316	-86.512563156992
24317	-86.9369325444774
24318	-87.3586558355333
24319	-87.7779103283104
24320	-88.1948639800984
24321	-88.6096750516535
24322	-89.0224916829024
24323	-89.4334515718962
24324	-89.8426575392668
24325	-90.2502039446408
24326	-90.6557200158779
24327	-91.0592957620879
24328	-91.4610932032431
24329	-91.8612002213853
24330	-92.2600092547995
24331	-92.6571477559487
24332	-93.0523470481468
24333	-93.4455826294522
24334	-93.8365796789871
24335	-94.2253103259123
24336	-94.6119196708766
24337	-94.9965474664237
24338	-95.3799357955029
24339	-95.7625687953867
24340	-96.1446152980508
24341	-96.5269757509404
24342	-96.9097544268241
24343	-97.2924249684913
24344	-97.6747326630876
24345	-98.0569003684821
24346	-98.439088518537
24347	-98.8211139303218
24348	-99.2033179059004
24349	-99.5857977879779
24350	-99.9684813876074
24351	-100.351457085374
24352	-100.734065264237
24353	-101.11625563835
24354	-101.498202394898
24355	-101.879703468145
24356	-102.260597606594
24357	-102.640664969887
24358	-103.019742285158
24359	-103.397713117674
24360	-103.774499168142
24361	-104.150052680819
24362	-104.524350063695
24363	-104.897386577827
24364	-105.269171980653
24365	-105.63972711232
24366	-106.009081158213
24367	-106.377269446713
24368	-106.744331802061
24369	-107.110311208508
24370	-107.47525269476
24371	-107.83920252288
24372	-108.202207511841
24373	-108.564314423511
24374	-108.925569521885
24375	-109.286018240168
24376	-109.645704847777
24377	-110.004606737248
24378	-110.362579773851
24379	-110.719528323284
24380	-111.075413385578
24381	-111.430147887562
24382	-111.783363460665
24383	-112.134651574511
24384	-112.483591272544
24385	-112.829998436785
24386	-113.173900119595
24387	-113.515112267756
24388	-113.853633466955
24389	-114.189503668685
24390	-114.52309718261
24391	-114.855258042817
24392	-115.186474783336
24393	-115.516746018211
24394	-115.846342793838
24395	-116.175767043081
24396	-116.505271743091
24397	-116.834821176108
24398	-117.16414926449
24399	-117.493151115154
24400	-117.822163633109
24401	-118.151240785671
24402	-118.479929468998
24403	-118.807919630352
24404	-119.135363148214
24405	-119.462491899887
24406	-119.78943862799
24407	-120.116189949167
24408	-120.442845878469
24409	-120.76945484108
24410	-121.095806204088
24411	-121.42192403073
24412	-121.747667830593
24413	-122.072913977742
24414	-122.397850640706
24415	-122.722504838979
24416	-123.046826326019
24417	-123.370841315779
24418	-123.694543102239
24419	-124.017993891581
24420	-124.341168318211
24421	-124.66413247447
24422	-124.986972242088
24423	-125.309558888635
24424	-125.631825549131
24425	-125.95372822628
24426	-126.275228483136
24427	-126.596333971156
24428	-126.917012541267
24429	-127.237245303774
24430	-127.55702313946
24431	-127.875988516785
24432	-128.194026255326
24433	-128.511631983722
24434	-128.828403635662
24435	-129.142295047153
24436	-129.451072170296
24437	-129.754993374932
24438	-130.057134850911
24439	-130.355684282548
24440	-130.648845986372
24441	-130.938724015787
24442	-131.22135863293
24443	-131.497751151366
24444	-131.770102369389
24445	-132.036509604603
24446	-132.298129592587
24447	-132.554017623946
24448	-132.804655167645
24449	-133.051757880224
24450	-133.2933245254
24451	-133.528249341168
24452	-133.758166594545
24453	-133.983694639148
24454	-134.20500508185
24455	-134.423784943981
24456	-134.641150189872
24457	-134.854710992096
24458	-135.063496773316
24459	-135.266976024365
24460	-135.46662258119
24461	-135.664075323339
24462	-135.857800393814
24463	-136.048340121344
24464	-136.237214927046
24465	-136.422134532316
24466	-136.600819877953
24467	-136.774107848967
24468	-136.943813872648
24469	-137.10948866954
24470	-137.267505417305
24471	-137.419795270857
24472	-137.569925296016
24473	-137.715287701982
24474	-137.855500489759
24475	-137.992159872877
24476	-138.125436177574
24477	-138.25672240779
24478	-138.386907480807
24479	-138.516637735114
24480	-138.644653952727
24481	-138.768213353441
24482	-138.886912410182
24483	-139.003005707062
24484	-139.116001330259
24485	-139.224376789925
24486	-139.327037820309
24487	-139.42343209469
24488	-139.513692862759
24489	-139.59876439666
24490	-139.682838322376
24491	-139.767666102215
24492	-139.853998272591
24493	-139.940649507787
24494	-140.026518048627
24495	-140.137226629311
24496	-140.281027997174
24497	-140.453443909366
24498	-140.650465551984
24499	-140.868461107644
24500	-141.104277453229
24501	-141.355232337723
24502	-141.61885805817
24503	-141.892992766499
24504	-142.175771665923
24505	-142.465536561926
24506	-142.76082731762
24507	-143.060355184474
24508	-143.363045367469
24509	-143.667926527601
24510	-143.974186502839
24511	-144.281219306595
24512	-144.588412295778
24513	-144.895321528352
24514	-145.201679438432
24515	-145.507201124445
24516	-145.811696809672
24517	-146.1149731068
24518	-146.41688605991
24519	-146.717423102826
24520	-147.016528687233
24521	-147.314190397417
24522	-147.610451562748
24523	-147.90526951836
24524	-148.19860234896
24525	-148.490537064701
24526	-148.781118870003
24527	-149.070400327668
24528	-149.358429964881
24529	-149.645278071259
24530	-149.931075079401
24531	-150.215832193921
24532	-150.499557516962
24533	-150.782285620381
24534	-151.064009996061
24535	-151.344718858169
24536	-151.624431151889
24537	-151.903202253632
24538	-152.181178835872
24539	-152.458409822196
24540	-152.734844758435
24541	-153.010505632013
24542	-153.285438267581
24543	-153.559699842907
24544	-153.833309754379
24545	-154.106303575257
24546	-154.378722910722
24547	-154.650621909781
24548	-154.922061510152
24549	-155.192968937464
24550	-155.463325531989
24551	-155.733241539635
24552	-156.002714516548
24553	-156.271682597574
24554	-156.540168365579
24555	-156.808207134545
24556	-157.075816256757
24557	-157.343023711555
24558	-157.609797372271
24559	-157.876113022809
24560	-158.142018763078
24561	-158.407561969393
24562	-158.672765491299
24563	-158.937613968718
24564	-159.202121630841
24565	-159.466285300113
24566	-159.73003537647
24567	-159.993390345958
24568	-160.256380788659
24569	-160.519026923917
24570	-160.781340871056
24571	-161.043318302699
24572	-161.305010110928
24573	-161.566471837608
24574	-161.827732575595
24575	-162.088788339499
24576	-162.349665215372
24577	-162.610362939807
24578	-162.87084581857
24579	-163.131148516758
24580	-163.391303018996
24581	-163.651300813997
24582	-163.911158767308
24583	-164.170807588794
24584	-164.430199042071
24585	-164.689350463673
24586	-164.948290057337
24587	-165.207025127872
24588	-165.465559688058
24589	-165.723886276349
24590	-165.981967070368
24591	-166.23979484867
24592	-166.497389627627
24593	-166.754753117014
24594	-167.011883518312
24595	-167.268790966383
24596	-167.525448094648
24597	-167.781829156961
24598	-168.0379309399
24599	-168.293709386434
24600	-168.549145719947
24601	-168.80431178299
24602	-169.059257881559
24603	-169.313981459256
24604	-169.56844227413
24605	-169.822577683388
24606	-170.076400416893
24607	-170.329990233127
24608	-170.5834167444
24609	-170.836713299276
24610	-171.089849434314
24611	-171.342795320156
24612	-171.595584745019
24613	-171.848269004009
24614	-172.100901480272
24615	-172.353461066523
24616	-172.605874838318
24617	-172.858121837438
24618	-173.110226021798
24619	-173.362192731844
24620	-173.614048937339
24621	-173.865817207583
24622	-174.117485314608
24623	-174.369053432841
24624	-174.62055645227
24625	-174.872005774965
24626	-175.12338538053
24627	-175.374629522805
24628	-175.625685899959
24629	-175.876573720799
24630	-176.12732740216
24631	-176.377981615099
24632	-176.628515222132
24633	-176.878905705592
24634	-177.129205879365
24635	-177.379435891161
24636	-177.629552202544
24637	-177.879574155649
24638	-178.129532812005
24639	-178.379448408634
24640	-178.629310487854
24641	-178.879099144876
24642	-179.128797442235
24643	-179.378412118989
24644	-179.627966874492
24645	-179.877474361921
24646	-180.126969322194
24647	-180.376408000411
24648	-180.625778267427
24649	-180.87511017371
24650	-181.124371838813
24651	-181.373546083941
24652	-181.622613260694
24653	-181.871584793488
24654	-182.120509307559
24655	-182.369386631712
24656	-182.618212163005
24657	-182.867024257006
24658	-183.115863003014
24659	-183.364734956873
24660	-183.613628199779
24661	-183.862479234453
24662	-184.11121685305
24663	-184.359820603752
24664	-184.608332622913
24665	-184.856786239541
24666	-185.105215681928
24667	-185.353622428058
24668	-185.601979636157
24669	-185.850312238802
24670	-186.098609374948
24671	-186.346870189011
24672	-186.595117348055
24673	-186.843342845056
24674	-187.091562719589
24675	-187.339782610749
24676	-187.587963526835
24677	-187.836105543421
24678	-188.084240475786
24679	-188.332389818626
24680	-188.580538738616
24681	-188.828674023584
24682	-189.076786661468
24683	-189.324907954811
24684	-189.573076701424
24685	-189.821290479171
24686	-190.069516184003
24687	-190.317729607587
24688	-190.565931048965
24689	-190.814135729218
24690	-191.062367930932
24691	-191.310601722772
24692	-191.558847303418
24693	-191.807108000662
24694	-192.055349275789
24695	-192.30355994359
24696	-192.551762330461
24697	-192.79999196047
24698	-193.048267659443
24699	-193.296590233094
24700	-193.544937293877
24701	-193.793290638188
24702	-194.04168807035
24703	-194.290142104436
24704	-194.538640429489
24705	-194.787200555418
24706	-195.03579552666
24707	-195.28443248994
24708	-195.53315971424
24709	-195.781993275923
24710	-196.030945074787
24711	-196.279996410469
24712	-196.52910841887
24713	-196.778293570369
24714	-197.02755983429
24715	-197.276829673889
24716	-197.526034225945
24717	-197.775188882396
24718	-198.024313410252
24719	-198.273432251628
24720	-198.522584071944
24721	-198.771792849718
24722	-199.021053107146
24723	-199.270289619358
24724	-199.519458452985
24725	-199.768602775932
24726	-200.017826894718
24727	-200.267167452344
24728	-200.516613005781
24729	-200.766192094717
24730	-201.015936244474
24731	-201.26586258727
24732	-201.515946142921
24733	-201.766121917169
24734	-202.016349907539
24735	-202.266682344901
24736	-202.517148612373
24737	-202.767721746515
24738	-203.018411321766
24739	-203.269213043936
24740	-203.52011302425
24741	-203.771104164586
24742	-204.022176244668
24743	-204.273337597765
24744	-204.524642655466
24745	-204.776096417339
24746	-205.027670333051
24747	-205.279375322791
24748	-205.531203779373
24749	-205.783118705611
24750	-206.035154301642
24751	-206.28739312895
24752	-206.539841573724
24753	-206.792491333586
24754	-207.04528434017
24755	-207.298165945018
24756	-207.551140526494
24757	-207.804239079898
24758	-208.057516495181
24759	-208.311000788933
24760	-208.564694025073
24761	-208.818593643402
24762	-209.072659928951
24763	-209.326886350239
24764	-209.581270169342
24765	-209.835844681839
24766	-210.090604148728
24767	-210.345517505484
24768	-210.600584237386
24769	-210.855794871185
24770	-211.111137171385
24771	-211.366646157767
24772	-211.622369916448
24773	-211.878306327716
24774	-212.134424237
24775	-212.390698536665
24776	-212.647120575414
24777	-212.903713734894
24778	-213.160481769485
24779	-213.417409939734
24780	-213.674517375308
24781	-213.931830212287
24782	-214.189345685739
24783	-214.447008415189
24784	-214.704796100156
24785	-214.962740231461
24786	-215.220900713606
24787	-215.479304957602
24788	-215.737951716725
24789	-215.996829601043
24790	-216.255943824249
24791	-216.515322489662
24792	-216.774928586939
24793	-217.034729490665
24794	-217.29467434156
24795	-217.554719342543
24796	-217.814950597273
24797	-218.07538098252
24798	-218.335971628462
24799	-218.596785593129
24800	-218.857863768519
24801	-219.11924345404
24802	-219.380930149297
24803	-219.642907843111
24804	-219.905169132758
24805	-220.167689773825
24806	-220.430431528136
24807	-220.693374027198
24808	-220.95653989389
24809	-221.219963392764
24810	-221.483643658732
24811	-221.747595216998
24812	-222.011840025179
24813	-222.27636078035
24814	-222.541125830691
24815	-222.80614048704
24816	-223.071454885125
24817	-223.337087934999
24818	-223.603020600389
24819	-223.869245302677
24820	-224.135778982465
24821	-224.402633463759
24822	-224.669831176662
24823	-224.937311367706
24824	-225.205021174956
24825	-225.472943643118
24826	-225.741057034528
24827	-226.009408858635
24828	-226.278029002951
24829	-226.546875290138
24830	-226.815947377798
24831	-227.085268094966
24832	-227.354803225853
24833	-227.624591531464
24834	-227.894702605956
24835	-228.165125517641
24836	-228.435843782787
24837	-228.706899057338
24838	-228.978350001008
24839	-229.25022835058
24840	-229.522497597426
24841	-229.7951409935
24842	-230.068187242967
24843	-230.341651766032
24844	-230.615532858387
24845	-230.889801849396
24846	-231.164444008538
24847	-231.43950379638
24848	-231.71497756956
24849	-231.990835026902
24850	-232.267101794679
24851	-232.543785637142
24852	-232.8208576314
24853	-233.098347418561
24854	-233.376307079113
24855	-233.654712800921
24856	-233.933511846819
24857	-234.212667287962
24858	-234.492165691432
24859	-234.772062231353
24860	-235.052324648426
24861	-235.332891356487
24862	-235.613720109191
24863	-235.894776953245
24864	-236.17613196106
24865	-236.457826627006
24866	-236.739873246994
24867	-237.02230371239
24868	-237.305205334944
24869	-237.588606531271
24870	-237.872509396435
24871	-238.156909803394
24872	-238.441857585858
24873	-238.727328395493
24874	-239.013191301002
24875	-239.299443179781
24876	-239.586099785096
24877	-239.87318015107
24878	-240.160740748309
24879	-240.44875138635
24880	-240.737199515744
24881	-241.02612605193
24882	-241.315495102686
24883	-241.605292540553
24884	-241.895538804719
24885	-242.186190288755
24886	-242.477276755979
24887	-242.76885445214
24888	-243.060939135335
24889	-243.353549432371
24890	-243.646706368698
24891	-243.940465243243
24892	-244.234852135288
24893	-244.529864787654
24894	-244.825501682469
24895	-245.121776925006
24896	-245.418783712726
24897	-245.716416306943
24898	-246.014594970816
24899	-246.313343854684
24900	-246.612626090296
24901	-246.912446238548
24902	-247.212801736078
24903	-247.513629331952
24904	-247.814959093221
24905	-248.116878756925
24906	-248.419403951384
24907	-248.722534492151
24908	-249.02615808002
24909	-249.330230594927
24910	-249.63482166641
24911	-249.939945095124
24912	-250.245631941378
24913	-250.551839404875
24914	-250.858433393521
24915	-251.165511107809
24916	-251.473197356624
24917	-251.781466346433
24918	-252.090320041081
24919	-252.399757087348
24920	-252.709766457842
24921	-253.020329701133
24922	-253.331509258465
24923	-253.643393798768
24924	-253.95599344285
24925	-254.269276617053
24926	-254.583218451388
24927	-254.897866742109
24928	-255.213224115799
24929	-255.529312416243
24930	-255.846265462293
24931	-256.164031945526
24932	-256.482627556536
24933	-256.802185808981
24934	-257.122676516971
24935	-257.444060905096
24936	-257.766192262225
24937	-258.088964794471
24938	-258.412405064589
24939	-258.736505896779
24940	-259.06130528546
24941	-259.386786757972
24942	-259.712917006912
24943	-260.039639067883
24944	-260.366956772449
24945	-260.694813580873
24946	-261.023225995244
24947	-261.352358699173
24948	-261.682298792124
24949	-262.013093564751
24950	-262.344671914671
24951	-262.677019050824
24952	-263.010192469836
24953	-263.344136606622
24954	-263.67888499765
24955	-264.014469241854
24956	-264.350796154527
24957	-264.687893619804
24958	-265.025788352828
24959	-265.364488276114
24960	-265.704041617856
24961	-266.044431938655
24962	-266.385687874456
24963	-266.727767188742
24964	-267.070582497524
24965	-267.414267392435
24966	-267.758862799993
24967	-268.104121743909
24968	-268.449900228789
24969	-268.796229487197
24970	-269.143228326735
24971	-269.49102072722
24972	-269.839692969982
24973	-270.189327103863
24974	-270.53992640343
24975	-270.891458173601
24976	-271.244014714505
24977	-271.597763137302
24978	-271.952844788791
24979	-272.309113746858
24980	-272.666492406202
24981	-273.025165081731
24982	-273.38526240809
24983	-273.746666440154
24984	-274.109056618752
24985	-274.47245335375
24986	-274.836846057556
24987	-275.202225119567
24988	-275.568336404265
24989	-275.935015843792
24990	-276.302336695954
24991	-276.670410176959
24992	-277.039305989585
24993	-277.409185741995
24994	-277.780170875298
24995	-278.152183211668
24996	-278.525069517748
24997	-278.898983184591
24998	-279.274099588637
24999	-279.65012347074
25000	-280.026913240575
25001	-280.404772369259
25002	-280.783693954423
25003	-281.163556181334
25004	-281.544590086056
25005	-281.92691001091
25006	-282.310492046101
25007	-282.695164152939
25008	-283.0807771462
25009	-283.467489333506
25010	-283.855286458499
25011	-284.244047018613
25012	-284.633677738653
25013	-285.024134886509
25014	-285.415478609011
25015	-285.807910824334
25016	-286.201369228908
25017	-286.595699029272
25018	-286.990761713406
25019	-287.386403908025
25020	-287.782475025473
25021	-288.178679293091
25022	-288.575063981442
25023	-288.971720094935
25024	-289.36877394129
25025	-289.7663719288
25026	-290.164671183079
25027	-290.563832013659
25028	-290.964012124509
25029	-291.36536252338
25030	-291.768024841924
25031	-292.172129845024
25032	-292.57779699251
25033	-292.985232168964
25034	-293.394737961694
25035	-293.806712536109
25036	-294.221380772843
25037	-294.639059283173
25038	-295.06008276825
25039	-295.483942680586
25040	-295.909911474099
25041	-296.33747505333
25042	-296.766290432299
25043	-297.19613371073
25044	-297.626780641866
25045	-298.0581087206
25046	-298.489966572552
25047	-298.922141022177
25048	-299.354716226315
25049	-299.788080438321
25050	-300.222787120483
25051	-300.659526150156
25052	-301.098710778575
25053	-301.540204019471
25054	-301.983632519257
25055	-302.428675807877
25056	-302.875635404771
25057	-303.325339808141
25058	-303.77764608122
25059	-304.231405728398
25060	-304.685714184234
25061	-305.140457751328
25062	-305.597194511699
25063	-306.056324371042
25064	-306.516023998022
25065	-306.975593788163
25066	-307.43648539699
25067	-307.899324692048
25068	-308.364284814908
25069	-308.831725480188
25070	-309.301447445823
25071	-309.77344268258
25072	-310.247647089757
25073	-310.723786358426
25074	-311.201759507029
25075	-311.682200012144
25076	-312.16522494116
25077	-312.649940026139
25078	-313.135826877846
25079	-313.622865153026
25080	-314.111006015479
25081	-314.600899321413
25082	-315.09314515023
25083	-315.587419666498
25084	-316.083295064952
25085	-316.580805394333
25086	-317.080282914868
25087	-317.582535094301
25088	-318.087402231877
25089	-318.594930373436
25090	-319.105510971678
25091	-319.618712269931
25092	-320.134299138724
25093	-320.651010218383
25094	-321.168134811942
25095	-321.686011739537
25096	-322.205830251306
25097	-322.72820498016
25098	-323.251322085024
25099	-323.773815099717
25100	-324.295927657794
25101	-324.820136960416
25102	-325.346718587313
25103	-325.872831856119
25104	-326.397236828002
25105	-326.919947569259
25106	-327.441687210006
25107	-327.962727987423
25108	-328.482852291848
25109	-329.002659118121
25110	-329.522785935875
25111	-330.043863193287
25112	-330.566480843964
25113	-331.091166657273
25114	-331.618374722358
25115	-332.148482466626
25116	-332.681793479907
25117	-333.218544722412
25118	-333.758916025485
25119	-334.30304055755
25120	-334.851064305168
25121	-335.403160096784
25122	-335.960204884824
25123	-336.523696846996
25124	-337.095490154867
25125	-337.674903424701
25126	-338.259326229512
25127	-338.846984461522
25128	-339.436750175178
25129	-340.027879408055
25130	-340.619822314727
25131	-341.212182830536
25132	-341.804703050457
25133	-342.397243441102
25134	-342.989759517371
25135	-343.582278627621
25136	-344.174879660365
25137	-344.767677005412
25138	-345.360809222807
25139	-345.954431390246
25140	-346.548710715002
25141	-347.143823802167
25142	-347.739954932401
25143	-348.337295050366
25144	-348.936040012673
25145	-349.536388996435
25146	-350.138542746753
25147	-350.742701148265
25148	-351.349060785068
25149	-351.957812729925
25150	-352.569140726848
25151	-353.18321962249
25152	-353.800214209731
25153	-354.420278629567
25154	-355.04355630699
25155	-355.670180359832
25156	-356.300274392452
25157	-356.933239948865
25158	-357.567409365078
25159	-358.199439829139
25160	-358.827067819366
25161	-359.4539812414
25162	-360.082587939171
25163	-360.710477039659
25164	-361.337271091664
25165	-361.967494637009
25166	-362.605123497198
25167	-363.25177437287
25168	-363.90815739333
25169	-364.567085463318
25170	-365.216360251177
25171	-365.852247869904
25172	-366.475068460543
25173	-367.083685311862
25174	-367.678919224319
25175	-368.266660948654
25176	-368.858331047316
25177	-369.459158727029
25178	-370.064411261531
25179	-370.666753183876
25180	-371.265628971073
25181	-371.865449946243
25182	-372.469462764414
25183	-373.078857711022
25184	-373.690881282271
25185	-374.302294783271
25186	-374.910696499025
25187	-375.513219507955
25188	-376.108875724026
25189	-376.698469251334
25190	-377.283069172386
25191	-377.863804468941
25192	-378.441770259087
25193	-379.017970216493
25194	-379.593285091826
25195	-380.168458699423
25196	-380.744096228341
25197	-381.320670552882
25198	-381.898532918367
25199	-382.477926469973
25200	-383.059002042397
25201	-383.641834750677
25202	-384.226856103727
25203	-384.815331829149
25204	-385.408735257457
25205	-386.011771644297
25206	-386.625132393836
25207	-387.245139450851
25208	-387.869327133643
25209	-388.496158053609
25210	-389.124648298546
25211	-389.753992819508
25212	-390.383472640998
25213	-391.012459286537
25214	-391.640423924065
25215	-392.266939999897
25216	-392.891679506038
25217	-393.514405150124
25218	-394.134960608814
25219	-394.752332312045
25220	-395.365111305141
25221	-395.973359837499
25222	-396.577428639313
25223	-397.180424246003
25224	-397.7847887502
25225	-398.389748649059
25226	-398.993564138266
25227	-399.593979118657
25228	-400.191625820818
25229	-400.789344949328
25230	-401.388535779173
25231	-401.988657747374
25232	-402.58699537423
25233	-403.180371216395
25234	-403.766296187074
25235	-404.341514833559
25236	-404.904501984275
25237	-405.460934376779
25238	-406.020503605728
25239	-406.586591018351
25240	-407.152182939807
25241	-407.71227895054
25242	-408.264998261763
25243	-408.809362515716
25244	-409.345936989676
25245	-409.873112447142
25246	-410.391734877727
25247	-410.902942071221
25248	-411.408128025789
25249	-411.908613590376
25250	-412.407095057475
25251	-412.906560075563
25252	-413.409582406985
25253	-413.918068887975
25254	-414.432156672871
25255	-414.950637154232
25256	-415.47159308727
25257	-415.99557062971
25258	-416.524217260954
25259	-417.055411784048
25260	-417.588668577568
25261	-418.125031524188
25262	-418.662615652814
25263	-419.201113243987
25264	-419.741125200422
25265	-420.277606102656
25266	-420.805396818897
25267	-421.325320189441
25268	-421.840089355257
25269	-422.350621214896
25270	-422.85939937038
25271	-423.36736715021
25272	-423.871293819502
25273	-424.369619054844
25274	-424.864034719661
25275	-425.355131360406
25276	-425.842287508476
25277	-426.327197021637
25278	-426.810154269246
25279	-427.291383168239
25280	-427.772374215891
25281	-428.253742349381
25282	-428.73702740061
25283	-429.22247433403
25284	-429.709123755982
25285	-430.197491575173
25286	-430.686622277201
25287	-431.176304518604
25288	-431.666898849236
25289	-432.157951506411
25290	-432.649495468272
25291	-433.13830917424
25292	-433.620476408077
25293	-434.096125380178
25294	-434.565639698541
25295	-435.031049578062
25296	-435.493919094328
25297	-435.953109602957
25298	-436.408638121511
25299	-436.860115396878
25300	-437.308091330177
25301	-437.75243211722
25302	-438.192359868352
25303	-438.628122960759
25304	-439.060166871966
25305	-439.488961551988
25306	-439.914968455219
25307	-440.338618086495
25308	-440.760296671878
25309	-441.180339832253
25310	-441.599031485581
25311	-442.016606371235
25312	-442.433254544061
25313	-442.849127197864
25314	-443.264342748293
25315	-443.678992721047
25316	-444.093147389015
25317	-444.507005274881
25318	-444.921167488247
25319	-445.336480381264
25320	-445.75392709545
25321	-446.17377146368
25322	-446.595178841964
25323	-447.017260931467
25324	-447.43938641828
25325	-447.861125172855
25326	-448.28218606153
25327	-448.702349907456
25328	-449.121441412975
25329	-449.539321561533
25330	-449.955766640548
25331	-450.3701129948
25332	-450.781629986891
25333	-451.190750781579
25334	-451.598889563528
25335	-452.006776130053
25336	-452.414363031045
25337	-452.820676003054
25338	-453.224638624369
25339	-453.626334121401
25340	-454.02707541752
25341	-454.42756116382
25342	-454.82736996848
25343	-455.226217322021
25344	-455.624195346295
25345	-456.021473230049
25346	-456.41776534647
25347	-456.812591981902
25348	-457.206151140653
25349	-457.598723914822
25350	-457.990203654499
25351	-458.380836801181
25352	-458.770843233847
25353	-459.159946107158
25354	-459.548026778345
25355	-459.935148544781
25356	-460.321197335098
25357	-460.706228498326
25358	-461.090221167234
25359	-461.473286576015
25360	-461.855467124161
25361	-462.236537764377
25362	-462.616475903612
25363	-462.995707926472
25364	-463.374302985159
25365	-463.752028159751
25366	-464.128919799216
25367	-464.504927156011
25368	-464.879566413563
25369	-465.252421758438
25370	-465.623696109271
25371	-465.993752635673
25372	-466.363085457809
25373	-466.731942361351
25374	-467.100227727255
25375	-467.46756628953
25376	-467.833673750464
25377	-468.198729205965
25378	-468.562837298147
25379	-468.925716558507
25380	-469.286977480287
25381	-469.646557220839
25382	-470.004740339187
25383	-470.361440359216
25384	-470.716838539973
25385	-471.0711268587
25386	-471.423867608548
25387	-471.774918370135
25388	-472.124354316311
25389	-472.471917639221
25390	-472.817272290258
25391	-473.160381740728
25392	-473.501139031948
25393	-473.839468644036
25394	-474.175463883407
25395	-474.509251882608
25396	-474.840980520198
25397	-475.170807854325
25398	-475.498893909666
25399	-475.825394612104
25400	-476.150457645911
25401	-476.47421982209
25402	-476.79680574835
25403	-477.118327478906
25404	-477.438884808299
25405	-477.758566100041
25406	-478.077449399433
25407	-478.395603635462
25408	-478.713113168407
25409	-479.030123846136
25410	-479.346847768406
25411	-479.66366191164
25412	-479.980920877937
25413	-480.298822589835
25414	-480.617212842382
25415	-480.935777315698
25416	-481.254284890505
25417	-481.572571286747
25418	-481.890525083579
25419	-482.208074822075
25420	-482.525173686801
25421	-482.841788968876
25422	-483.157897951832
25423	-483.473485705078
25424	-483.788438800857
25425	-484.102610563027
25426	-484.415952467857
25427	-484.72860230406
25428	-485.040796151583
25429	-485.352760620443
25430	-485.664632554425
25431	-485.976416189028
25432	-486.287996287771
25433	-486.599352771029
25434	-486.910540794141
25435	-487.221551724463
25436	-487.532302740342
25437	-487.84257102045
25438	-488.152239513027
25439	-488.461480267921
25440	-488.770450655637
25441	-489.079166577304
25442	-489.387548398158
25443	-489.695541081743
25444	-490.003193431101
25445	-490.310503167751
25446	-490.617374313452
25447	-490.923678050299
25448	-491.229387634869
25449	-491.534599352212
25450	-491.83940354703
25451	-492.143937491948
25452	-492.448104273984
25453	-492.751679835402
25454	-493.05474836132
25455	-493.357326813571
25456	-493.659186813087
25457	-493.960393079284
25458	-494.261051112436
25459	-494.561091186446
25460	-494.860467209264
25461	-495.159102418985
25462	-495.457142894246
25463	-495.754717229193
25464	-496.051790514745
25465	-496.348371654102
25466	-496.644509333535
25467	-496.940204274125
25468	-497.235375142884
25469	-497.529957164648
25470	-497.823994283727
25471	-498.117496154407
25472	-498.410421987612
25473	-498.702755005743
25474	-498.994468573181
25475	-499.285527355894
25476	-499.575792899709
25477	-499.865116091159
25478	-500.15338998724
25479	-500.440543864376
25480	-500.726550297316
25481	-501.011334665936
25482	-501.294838047508
25483	-501.577074457676
25484	-501.858078575075
25485	-502.137900113797
25486	-502.416599006439
25487	-502.694241419699
25488	-502.970896544082
25489	-503.24663411904
25490	-503.521522623276
25491	-503.7956280058
25492	-504.069012893285
25493	-504.341736179279
25494	-504.61385287199
25495	-504.885414154906
25496	-505.156467594695
25497	-505.427057405391
25498	-505.697224753998
25499	-505.967008085442
25500	-506.236443410603
25501	-506.5056185697
25502	-506.774682380857
25503	-507.043716938459
25504	-507.312804645445
25505	-507.582092474723
25506	-507.851686033067
25507	-508.121491323137
25508	-508.391328334607
25509	-508.661063807282
25510	-508.930602273625
25511	-509.199878385477
25512	-509.468850180089
25513	-509.737492066584
25514	-510.005789508319
25515	-510.273736240858
25516	-510.541304932372
25517	-510.808458550722
25518	-511.075227649248
25519	-511.341764499468
25520	-511.608152805022
25521	-511.874469116348
25522	-512.140827625952
25523	-512.407215106741
25524	-512.673538087114
25525	-512.939768457231
25526	-513.205990160018
25527	-513.472282283379
25528	-513.7386738802
25529	-514.0050647262
25530	-514.271390904057
25531	-514.537660403784
25532	-514.803850733269
25533	-515.069932833403
25534	-515.335918590584
25535	-515.601881065409
25536	-515.867848769144
25537	-516.13371527598
25538	-516.399352826209
25539	-516.664741519513
25540	-516.929915824883
25541	-517.194966749053
25542	-517.45994645331
25543	-517.724795416511
25544	-517.989470562542
25545	-518.253952586293
25546	-518.518193422268
25547	-518.782199566419
25548	-519.046012911187
25549	-519.309670609129
25550	-519.573213100915
25551	-519.836612231085
25552	-520.099752840917
25553	-520.362546619915
25554	-520.625020811454
25555	-520.887226615929
25556	-521.149151243868
25557	-521.410831023268
25558	-521.672230469743
25559	-521.933287001561
25560	-522.193970183392
25561	-522.454200840643
25562	-522.713993722866
25563	-522.973348830747
25564	-523.232261592931
25565	-523.490713547758
25566	-523.748679556909
25567	-524.006192339594
25568	-524.263202114157
25569	-524.519623699297
25570	-524.775424557688
25571	-525.030599994357
25572	-525.285157815136
25573	-525.539115511614
25574	-525.792497840641
25575	-526.045334780478
25576	-526.297659825425
25577	-526.549508602887
25578	-526.800917779058
25579	-527.05192420812
25580	-527.302564306947
25581	-527.552873615444
25582	-527.802886497134
25583	-528.052635966773
25584	-528.302153611835
25585	-528.551494710175
25586	-528.80071970808
25587	-529.04990363154
25588	-529.299146108916
25589	-529.548535554093
25590	-529.798138011134
25591	-530.047959072702
25592	-530.297903222743
25593	-530.547848079956
25594	-530.797703478381
25595	-531.047405593442
25596	-531.296911784442
25597	-531.546195722322
25598	-531.79524281172
25599	-532.044047262382
25600	-532.292610207764
25601	-532.540918204927
25602	-532.788968103842
25603	-533.036819810187
25604	-533.284569786849
25605	-533.532335154718
25606	-533.780205307313
25607	-534.028209958315
25608	-534.276399034211
25609	-534.524797523003
25610	-534.773392884203
25611	-535.022153295619
25612	-535.271033859065
25613	-535.519999776584
25614	-535.769027822718
25615	-536.018122915731
25616	-536.267352594009
25617	-536.516773724446
25618	-536.766343092459
25619	-537.01595988721
25620	-537.265600292646
25621	-537.515319322706
25622	-537.76513335596
25623	-538.015001758442
25624	-538.264863504059
25625	-538.514714339474
25626	-538.76459237363
25627	-539.014538217381
25628	-539.264561948387
25629	-539.514642330028
25630	-539.764735645828
25631	-540.014817093814
25632	-540.264908946684
25633	-540.515017178107
25634	-540.765095251127
25635	-541.0151063052
25636	-541.265010452133
25637	-541.514764075151
25638	-541.764380415008
25639	-542.01394046468
25640	-542.263503486311
25641	-542.513054567039
25642	-542.76257851649
25643	-543.012049806088
25644	-543.261488680063
25645	-543.510901912771
25646	-543.760248693499
25647	-544.009530677196
25648	-544.258753238735
25649	-544.507897253811
25650	-544.756946898855
25651	-545.005898830483
25652	-545.254775036155
25653	-545.503535695738
25654	-545.75211182964
25655	-546.000516994675
25656	-546.248749959707
25657	-546.496809276324
25658	-546.744746089366
25659	-546.992565395445
25660	-547.240210406085
25661	-547.487663824441
25662	-547.734965647553
25663	-547.982109775711
25664	-548.229073912561
25665	-548.475843334974
25666	-548.722406639608
25667	-548.968756228744
25668	-549.214868609077
25669	-549.460753063069
25670	-549.70639500364
25671	-549.951805085025
25672	-550.196984339939
25673	-550.441945913591
25674	-550.686707247928
25675	-550.931288976368
25676	-551.17571416921
25677	-551.420009363197
25678	-551.664235573263
25679	-551.908479129452
25680	-552.152809734877
25681	-552.397302571109
25682	-552.642025477871
25683	-552.887013835705
25684	-553.132270869292
25685	-553.37773638702
25686	-553.623309506258
25687	-553.868903420582
25688	-554.114456419467
25689	-554.359927168093
25690	-554.605290070221
25691	-554.850522601534
25692	-555.095634404919
25693	-555.340654226197
25694	-555.585658245407
25695	-555.830726829509
25696	-556.075897923592
25697	-556.321222474246
25698	-556.566770622236
25699	-556.81256986816
25700	-557.058624254262
25701	-557.304953075851
25702	-557.551547733164
25703	-557.79840471613
25704	-558.045536878296
25705	-558.292954825448
25706	-558.540656559151
25707	-558.788636607454
25708	-559.03690977544
25709	-559.285479219089
25710	-559.534332554891
25711	-559.783423672914
25712	-560.032725046436
25713	-560.28224831115
25714	-560.532013458362
25715	-560.782041073569
25716	-561.032297928775
25717	-561.282745934487
25718	-561.533354950463
25719	-561.784097602954
25720	-562.034949386448
25721	-562.285904449446
25722	-562.537011951415
25723	-562.78826622174
25724	-563.039625109491
25725	-563.291117484428
25726	-563.542818774968
25727	-563.794733048427
25728	-564.046787517595
25729	-564.298936494646
25730	-564.551172396146
25731	-564.803495788997
25732	-565.055891050868
25733	-565.308382897864
25734	-565.561003499369
25735	-565.813743748079
25736	-566.066591089101
25737	-566.319525715356
25738	-566.572522933351
25739	-566.825575947048
25740	-567.07869610706
25741	-567.331908363154
25742	-567.58520306436
25743	-567.838536041242
25744	-568.091911003824
25745	-568.345333013992
25746	-568.598761999378
25747	-568.852153583476
25748	-569.105480185825
25749	-569.358702101782
25750	-569.611829899146
25751	-569.864905747754
25752	-570.117908355096
25753	-570.370824307465
25754	-570.62368578244
25755	-570.87651250712
25756	-571.129323345829
25757	-571.382150007222
25758	-571.634995248837
25759	-571.887843897853
25760	-572.14069115263
25761	-572.393568313734
25762	-572.646540832205
25763	-572.899690705078
25764	-573.153087102997
25765	-573.406776522799
25766	-573.660799739217
25767	-573.915227841955
25768	-574.170098764705
25769	-574.425367630153
25770	-574.680958611274
25771	-574.936774147327
25772	-575.192726786246
25773	-575.448755326814
25774	-575.704819431957
25775	-575.960890070866
25776	-576.216955824793
25777	-576.473026189916
25778	-576.729135506202
25779	-576.985386452686
25780	-577.241896549861
25781	-577.498725084341
25782	-577.755892213659
25783	-578.013427206564
25784	-578.271356740143
25785	-578.529677887337
25786	-578.788387249816
25787	-579.047522013984
25788	-579.307148242958
25789	-579.567278140329
25790	-579.82789642324
25791	-580.088997246009
25792	-580.350538563283
25793	-580.612472827724
25794	-580.874799036103
25795	-581.137504561933
25796	-581.4006252142
25797	-581.664198051077
25798	-581.928133469954
25799	-582.192361633474
25800	-582.456906789582
25801	-582.721796130217
25802	-582.987053558874
25803	-583.252696022034
25804	-583.518725332408
25805	-583.785110961191
25806	-584.051812505688
25807	-584.318851177882
25808	-584.586243689762
25809	-584.853937674092
25810	-585.121868701127
25811	-585.390076237342
25812	-585.658634888437
25813	-585.927540896141
25814	-586.196754829222
25815	-586.466269844969
25816	-586.736131124081
25817	-587.006358784413
25818	-587.276914758126
25819	-587.547757255237
25820	-587.818876535301
25821	-588.090268260585
25822	-588.361922943914
25823	-588.633857173744
25824	-588.906046784485
25825	-589.178465791991
25826	-589.451155538993
25827	-589.724165703135
25828	-589.997507841813
25829	-590.271188902126
25830	-590.545239622056
25831	-590.819637223728
25832	-591.094347230535
25833	-591.369347486485
25834	-591.644637130979
25835	-591.920232048229
25836	-592.196149287115
25837	-592.472363134795
25838	-592.748840796682
25839	-593.025573574186
25840	-593.302575040787
25841	-593.579859055605
25842	-593.857461527031
25843	-594.135388618776
25844	-594.413645149472
25845	-594.692298047193
25846	-594.971370160975
25847	-595.250870210676
25848	-595.530786790225
25849	-595.811103760661
25850	-596.091894789753
25851	-596.373212846444
25852	-596.655039233887
25853	-596.937384303929
25854	-597.220251149663
25855	-597.503619244791
25856	-597.787446389039
25857	-598.071716445749
25858	-598.356465980876
25859	-598.641741406394
25860	-598.927530709369
25861	-599.213759251891
25862	-599.500388156172
25863	-599.787427370399
25864	-600.074944831026
25865	-600.362972718685
25866	-600.651483428882
25867	-600.940435200252
25868	-601.229820319093
25869	-601.519671565414
25870	-601.809951504161
25871	-602.100672025987
25872	-602.391925239904
25873	-602.683702286116
25874	-602.975981358772
25875	-603.268766370124
25876	-603.562050200918
25877	-603.855825488939
25878	-604.150086656556
25879	-604.444880385174
25880	-604.740209467222
25881	-605.03604794756
25882	-605.332398405691
25883	-605.629257201781
25884	-605.92663529033
25885	-606.224530263153
25886	-606.523006410006
25887	-606.82210083715
25888	-607.121863090186
25889	-607.422317174347
25890	-607.723323412068
25891	-608.024867329106
25892	-608.327101862341
25893	-608.629982346552
25894	-608.933357651612
25895	-609.237223582446
25896	-609.54168935746
25897	-609.84681948018
25898	-610.152538838831
25899	-610.458808868089
25900	-610.765659928367
25901	-611.073002883909
25902	-611.380765795781
25903	-611.689013729415
25904	-611.997801031769
25905	-612.30708114917
25906	-612.616796693401
25907	-612.927034717969
25908	-613.237836730727
25909	-613.54916210968
25910	-613.861023978684
25911	-614.173447134712
25912	-614.486492103855
25913	-614.800218256918
25914	-615.114672100091
25915	-615.429842323233
25916	-615.745731082715
25917	-616.062336617981
25918	-616.379668449346
25919	-616.697740638814
25920	-617.016617822237
25921	-617.336381499361
25922	-617.657037895971
25923	-617.978547832371
25924	-618.300869437995
25925	-618.623957659634
25926	-618.947748092374
25927	-619.272253749765
25928	-619.597423973639
25929	-619.923332668403
25930	-620.249993555123
25931	-620.577195766111
25932	-620.904919532701
25933	-621.233208051348
25934	-621.562125886607
25935	-621.891799680074
25936	-622.222235359221
25937	-622.55335424422
25938	-622.88512623529
25939	-623.217632971294
25940	-623.550877545102
25941	-623.884710732982
25942	-624.219070897255
25943	-624.55395427674
25944	-624.889293559342
25945	-625.225132882057
25946	-625.56144499912
25947	-625.89829095146
25948	-626.235703371933
25949	-626.573544854625
25950	-626.911837898529
25951	-627.250582637042
25952	-627.589775104462
25953	-627.929458370189
25954	-628.269688657399
25955	-628.610529171402
25956	-628.952047272099
25957	-629.294312264075
25958	-629.637393735017
25959	-629.981360346811
25960	-630.326282105679
25961	-630.672257537129
25962	-631.019428214545
25963	-631.367904554961
25964	-631.717874733681
25965	-632.069631930709
25966	-632.423259849323
25967	-632.778715309143
25968	-633.135706280133
25969	-633.493843676255
25970	-633.852848923617
25971	-634.212532158625
25972	-634.572768197676
25973	-634.933477599042
25974	-635.294557800049
25975	-635.655912608606
25976	-636.017573494326
25977	-636.379752579105
25978	-636.742753685363
25979	-637.106871584305
25980	-637.472532039025
25981	-637.839857885955
25982	-638.208564532164
25983	-638.578398094015
25984	-638.949408327281
25985	-639.321840282284
25986	-639.695925340236
25987	-640.071539467286
25988	-640.448475761323
25989	-640.826899171939
25990	-641.206782523894
25991	-641.588028165855
25992	-641.970649196671
25993	-642.354437528349
25994	-642.739178394931
25995	-643.125114428805
25996	-643.512675654648
25997	-643.902078560874
25998	-644.292963317886
25999	-644.684916594813
26000	-645.077724468259
26001	-645.363156970478
26002	-645.572772976248
26003	-645.750245736091
26004	-645.9080786961
26005	-646.052137860349
26006	-646.185243365942
26007	-646.309903191564
26008	-646.439832637432
26009	-646.596956781791
26010	-646.769946679603
26011	-646.943240642574
26012	-647.122578035807
26013	-647.313894781831
26014	-647.522484017083
26015	-647.752215786579
26016	-648.005196726981
26017	-648.281829820158
26018	-648.576620371225
26019	-648.883359420543
26020	-649.200746718664
26021	-649.528169119244
26022	-649.865592486672
26023	-650.213390328901
26024	-650.57215631433
26025	-650.942448956579
26026	-651.324535678597
26027	-651.718244505913
26028	-652.122937206513
26029	-652.537578543946
26030	-652.960863224101
26031	-653.391363384744
26032	-653.827668547009
26033	-654.268500068283
26034	-654.712791811681
26035	-655.159734643731
26036	-655.608787465252
26037	-656.059660456102
26038	-656.51227761381
26039	-656.966726853918
26040	-657.423205443248
26041	-657.881967226741
26042	-658.343276798336
26043	-658.807373794031
26044	-659.274448425631
26045	-659.7446281625
26046	-660.217974458734
26047	-660.694465083349
26048	-661.173984246318
26049	-661.656303954657
26050	-662.141329172613
26051	-662.629076055216
26052	-663.119212542547
26053	-663.610714566568
26054	-664.102540726365
26055	-664.594447675756
26056	-665.088078163281
26057	-665.584472162993
26058	-666.083346032985
26059	-666.583944304218
26060	-667.085306559428
26061	-667.586269545371
26062	-668.085920816303
26063	-668.583527465796
26064	-669.077283211567
26065	-669.56746929193
26066	-670.053966565091
26067	-670.536533186236
26068	-671.015487880117
26069	-671.489829963173
26070	-671.959993503462
26071	-672.4265802983
26072	-672.890277194178
26073	-673.351789163324
26074	-673.811790411826
26075	-674.270892564835
26076	-674.730118575595
26077	-675.190969752946
26078	-675.654656953018
26079	-676.121738832994
26080	-676.592128377458
26081	-677.065151282809
26082	-677.540162495917
26083	-678.016884512437
26084	-678.495199005037
26085	-678.97543602988
26086	-679.457642494954
26087	-679.942142999075
26088	-680.429567867538
26089	-680.920676948115
26090	-681.414581071733
26091	-681.911185143972
26092	-682.4114555696
26093	-682.913575278338
26094	-683.417296220299
26095	-683.924360083064
26096	-684.434611162826
26097	-684.94814530398
26098	-685.464086183511
26099	-685.982394727898
26100	-686.503976267237
26101	-687.026572153058
26102	-687.54880566569
26103	-688.070678600701
26104	-688.590702158318
26105	-689.109500294549
26106	-689.630943321779
26107	-690.156736697661
26108	-690.684848333942
26109	-691.210367715023
26110	-691.730327155911
26111	-692.245005950553
26112	-692.755070260839
26113	-693.262187489971
26114	-693.766514633081
26115	-694.267238288827
26116	-694.764943311901
26117	-695.260317246143
26118	-695.754087977224
26119	-696.246971424808
26120	-696.739632674679
26121	-697.232660939863
26122	-697.726557174917
26123	-698.221731462191
26124	-698.718507861507
26125	-699.217133569455
26126	-699.717790748638
26127	-700.220609181204
26128	-700.725678438263
26129	-701.233059366796
26130	-701.742793923348
26131	-702.254913271724
26132	-702.769444438269
26133	-703.286415290049
26134	-703.805874500326
26135	-704.328182011878
26136	-704.854818568683
26137	-705.387244876867
26138	-705.926170444013
26139	-706.470455739
26140	-707.018144915931
26141	-707.56791667147
26142	-708.118910788305
26143	-708.670514256443
26144	-709.222250507177
26145	-709.772394692579
26146	-710.317858707862
26147	-710.858807094496
26148	-711.400811470992
26149	-711.946622730624
26150	-712.494969429836
26151	-713.044848666119
26152	-713.59550693128
26153	-714.146410992069
26154	-714.697213235339
26155	-715.247715786245
26156	-715.797836255879
26157	-716.34757783776
26158	-716.897004253149
26159	-717.446219515599
26160	-717.995352831911
26161	-718.544547320055
26162	-719.093951857736
26163	-719.643715920496
26164	-720.193140155549
26165	-720.740886659763
26166	-721.287847779871
26167	-721.836538616868
26168	-722.388050319266
26169	-722.941998984565
26170	-723.498105505244
26171	-724.055726066271
26172	-724.612559674925
26173	-725.167487023653
26174	-725.722433058521
26175	-726.280175227824
26176	-726.841861965493
26177	-727.4069965219
26178	-727.975194083757
26179	-728.546162953563
26180	-729.119688167511
26181	-729.695617729568
26182	-730.273850756641
26183	-730.854327278953
26184	-731.437019674334
26185	-732.021899376531
26186	-732.608802557431
26187	-733.195344607572
26188	-733.78008595767
26189	-734.36414001991
26190	-734.946563073019
26191	-735.524193498404
26192	-736.092717871902
26193	-736.650062522916
26194	-737.201689669346
26195	-737.748124819695
26196	-738.284343252875
26197	-738.815111677426
26198	-739.345590912074
26199	-739.876584036861
26200	-740.409486141301
26201	-740.944900092851
26202	-741.48226859749
26203	-742.019867167986
26204	-742.555710220132
26205	-743.088319270387
26206	-743.616959175975
26207	-744.1433813769
26208	-744.671248362749
26209	-745.203400690236
26210	-745.737446298327
26211	-746.268017281217
26212	-746.792748184632
26213	-747.311976230375
26214	-747.826273839943
26215	-748.336342410645
26216	-748.842930978772
26217	-749.346778208946
26218	-749.84857418298
26219	-750.348937776679
26220	-750.848405415025
26221	-751.347428020343
26222	-751.846373927493
26223	-752.345535485984
26224	-752.845137668149
26225	-753.34534791838
26226	-753.846286660476
26227	-754.348037608971
26228	-754.850657418762
26229	-755.354184322861
26230	-755.858677498465
26231	-756.364916736182
26232	-756.873708314942
26233	-757.385634695819
26234	-757.901345171227
26235	-758.421282206552
26236	-758.944742002478
26237	-759.468875321645
26238	-759.993197325431
26239	-760.519050108409
26240	-761.045926472098
26241	-761.573425077648
26242	-762.102306213085
26243	-762.633162961878
26244	-763.166890699354
26245	-763.704543007597
26246	-764.242900020886
26247	-764.781863988643
26248	-765.323216499382
26249	-765.864955815115
26250	-766.406630709667
26251	-766.948507722987
26252	-767.489321783319
26253	-768.026713595299
26254	-768.558076307964
26255	-769.082997259254
26256	-769.602186291595
26257	-770.116251688152
26258	-770.630624429378
26259	-771.145766991018
26260	-771.657071368321
26261	-772.163890533756
26262	-772.666827020076
26263	-773.166514472904
26264	-773.663629680419
26265	-774.158859379898
26266	-774.652867448432
26267	-775.146267713954
26268	-775.639604563608
26269	-776.133341858784
26270	-776.62785955495
26271	-777.123456451148
26272	-777.620357467572
26273	-778.118723616684
26274	-778.618663208685
26275	-779.120243332597
26276	-779.623518571477
26277	-780.129113044594
26278	-780.637683516319
26279	-781.149807635868
26280	-781.666496658409
26281	-782.187714929016
26282	-782.711707822849
26283	-783.236668986573
26284	-783.76136513274
26285	-784.284941651702
26286	-784.806756953062
26287	-785.326334428078
26288	-785.843080918569
26289	-786.356558453164
26290	-786.86715793593
26291	-787.374613553237
26292	-787.877921133545
26293	-788.377288377386
26294	-788.873917441994
26295	-789.369009017492
26296	-789.864064349627
26297	-790.359964146333
26298	-790.856275585119
26299	-791.352846940314
26300	-791.849190080486
26301	-792.344476948064
26302	-792.838213374891
26303	-793.329835472024
26304	-793.820385728818
26305	-794.311467658495
26306	-794.803033871285
26307	-795.294050094921
26308	-795.783067296948
26309	-796.270029155257
26310	-796.75475259044
26311	-797.237173694988
26312	-797.719431900439
26313	-798.202578386463
26314	-798.686197100114
26315	-799.169753586929
26316	-799.652085826253
26317	-800.132131862025
26318	-800.610010884612
26319	-801.086238456995
26320	-801.559964593847
26321	-802.031394017871
26322	-802.502597008475
26323	-802.974091137172
26324	-803.444562956943
26325	-803.913007608608
26326	-804.379395440506
26327	-804.845182943051
26328	-805.310941482448
26329	-805.775603683429
26330	-806.238324404601
26331	-806.699868944208
26332	-807.159736669144
26333	-807.615914524323
26334	-808.067982194897
26335	-808.515945671037
26336	-808.960071468464
26337	-809.400735216594
26338	-809.838380338444
26339	-810.273480889248
26340	-810.706510716862
26341	-811.137919961949
26342	-811.568118979583
26343	-811.997468979788
26344	-812.426278302304
26345	-812.854802927061
26346	-813.283250128968
26347	-813.711783854528
26348	-814.140531299547
26349	-814.56976949711
26350	-815.00015097806
26351	-815.432560612757
26352	-815.867875106596
26353	-816.306431372128
26354	-816.747537146019
26355	-817.190207269609
26356	-817.633746801974
26357	-818.077688061986
26358	-818.521715721728
26359	-818.965590369251
26360	-819.409120321095
26361	-819.851901030909
26362	-820.292838440843
26363	-820.731091796763
26364	-821.167647814738
26365	-821.604159507815
26366	-822.041248103304
26367	-822.478155472683
26368	-822.91421088158
26369	-823.349228813535
26370	-823.78312845613
26371	-824.216683334311
26372	-824.650776744454
26373	-825.085519570467
26374	-825.520298331535
26375	-825.954545597833
26376	-826.388168179775
26377	-826.821133550888
26378	-827.253232484667
26379	-827.68482202179
26380	-828.116276178007
26381	-828.547241507691
26382	-828.977525065445
26383	-829.407065723586
26384	-829.83586528693
26385	-830.264076881148
26386	-830.692173039961
26387	-831.120382381207
26388	-831.548264740536
26389	-831.975240650601
26390	-832.400941889782
26391	-832.825823174065
26392	-833.25063525195
26393	-833.675797484689
26394	-834.100511819078
26395	-834.524128476777
26396	-834.94735216654
26397	-835.370518824306
26398	-835.792907730494
26399	-836.214093336203
26400	-836.634144428508
26401	-837.053326820389
26402	-837.472278955965
26403	-837.891048071701
26404	-838.30905638035
26405	-838.726296769926
26406	-839.143450691077
26407	-839.560558892955
26408	-839.977204038819
26409	-840.393320359104
26410	-840.808802650914
26411	-841.223567737061
26412	-841.637460654008
26413	-842.050164439478
26414	-842.462098826002
26415	-842.873458225573
26416	-843.28411658624
26417	-843.694061660877
26418	-844.102960883574
26419	-844.510837960268
26420	-844.917985583023
26421	-845.324248827992
26422	-845.729633616125
26423	-846.134261086558
26424	-846.537896663545
26425	-846.940924297705
26426	-847.343101698316
26427	-847.744100698926
26428	-848.143672211236
26429	-848.541149238504
26430	-848.936171889734
26431	-849.328390947229
26432	-849.717903394645
26433	-850.104879945159
26434	-850.48954084986
26435	-850.872135131892
26436	-851.252923555237
26437	-851.632165356309
26438	-852.010108636955
26439	-852.386983862105
26440	-852.763000117579
26441	-853.138343552011
26442	-853.51317736519
26443	-853.887643071713
26444	-854.26186249685
26445	-854.635940130667
26446	-855.009965755445
26447	-855.3840413079
26448	-855.758772072197
26449	-856.134507158618
26450	-856.511601094279
26451	-856.890685902904
26452	-857.271481846625
26453	-857.653393257231
26454	-858.03599163897
26455	-858.418980424884
26456	-858.802164300725
26457	-859.185412238114
26458	-859.568627024238
26459	-859.951734637865
26460	-860.334678870477
26461	-860.716915089033
26462	-861.097857781358
26463	-861.478020021776
26464	-861.85822411981
26465	-862.238560947781
26466	-862.619175511195
26467	-863.000240256327
26468	-863.381757739793
26469	-863.763732489676
26470	-864.145744116168
26471	-864.527648331241
26472	-864.909380927134
26473	-865.290869444279
26474	-865.672395433101
26475	-866.054294226281
26476	-866.436397273529
26477	-866.818145236835
26478	-867.199169890392
26479	-867.579724182163
26480	-867.960531269716
26481	-868.341923526057
26482	-868.723745795873
26483	-869.105476111847
26484	-869.486620585
26485	-869.867040836348
26486	-870.246726058028
26487	-870.62593380363
26488	-871.005162420431
26489	-871.384601840331
26490	-871.764128047675
26491	-872.143548334565
26492	-872.522682089906
26493	-872.901300235154
26494	-873.279617930379
26495	-873.657902715847
26496	-874.036235328009
26497	-874.414710922905
26498	-874.792747444872
26499	-875.170042159128
26500	-875.547193044911
26501	-875.924377657325
26502	-876.301307164657
26503	-876.677591186288
26504	-877.053190529449
26505	-877.42863345018
26506	-877.803925755161
26507	-878.17906463491
26508	-878.554351412881
26509	-878.929506895689
26510	-879.304267685395
26511	-879.678711998283
26512	-880.052864681074
26513	-880.426545782619
26514	-880.799403694939
26515	-881.171240659884
26516	-881.541896593945
26517	-881.911531020229
26518	-882.280156259404
26519	-882.64737872677
26520	-883.013184355381
26521	-883.377338386674
26522	-883.739521120619
26523	-884.099778394125
26524	-884.458177111263
26525	-884.814851187627
26526	-885.169960671854
26527	-885.523679405988
26528	-885.876185322169
26529	-886.227653265057
26530	-886.578250006964
26531	-886.928131059463
26532	-887.277439042933
26533	-887.626303139484
26534	-887.9748393562
26535	-888.323151419654
26536	-888.671331943418
26537	-889.019471141708
26538	-889.3676653823
26539	-889.716058431901
26540	-890.065007394216
26541	-890.414973780303
26542	-890.766307787874
26543	-891.119211972234
26544	-891.473494236161
26545	-891.828751913643
26546	-892.184695910922
26547	-892.541127142519
26548	-892.897916472946
26549	-893.25498185822
26550	-893.612266878758
26551	-893.969731682828
26552	-894.327349178573
26553	-894.685045240317
26554	-895.04251366828
26555	-895.399639300782
26556	-895.756769839345
26557	-896.114377096663
26558	-896.47253256339
26559	-896.831091912298
26560	-897.190026737449
26561	-897.549260753418
26562	-897.908883116951
26563	-898.26923216973
26564	-898.630300617284
26565	-898.99150213088
26566	-899.352528773841
26567	-899.713649081512
26568	-900.075122361615
26569	-900.436925386491
26570	-900.799085003089
26571	-901.161633766074
26572	-901.524534460054
26573	-901.887671966107
26574	-902.250761858447
26575	-902.613796902183
26576	-902.977174025799
26577	-903.341040090356
26578	-903.705304899301
26579	-904.069829296377
26580	-904.43438113119
26581	-904.798750853968
26582	-905.162710528847
26583	-905.526332228361
26584	-905.890010839089
26585	-906.2540148154
26586	-906.618371471018
26587	-906.982736479397
26588	-907.346734011821
26589	-907.710409426484
26590	-908.073999841107
26591	-908.437688011358
26592	-908.801512855115
26593	-909.16536476216
26594	-909.529206684078
26595	-909.892958828089
26596	-910.256394802308
26597	-910.619554893415
26598	-910.982487607631
26599	-911.345049236044
26600	-911.707099960597
26601	-912.068523608516
26602	-912.429309074483
26603	-912.789401113849
26604	-913.1487410508
26605	-913.507137035568
26606	-913.864444112506
26607	-914.220541221805
26608	-914.575203004527
26609	-914.928406121132
26610	-915.280223970972
26611	-915.630764756003
26612	-915.980159270974
26613	-916.328550922027
26614	-916.676087912902
26615	-917.022917415836
26616	-917.369181397338
26617	-917.715013934199
26618	-918.06053968449
26619	-918.405873208962
26620	-918.751119024558
26621	-919.096372105607
26622	-919.441718634441
26623	-919.787236974059
26624	-920.133052077962
26625	-920.479368275977
26626	-920.82650754651
26627	-921.174874510292
26628	-921.524657359598
26629	-921.876054711798
26630	-922.22892590125
26631	-922.582878729355
26632	-922.937631975944
26633	-923.292992509646
26634	-923.648835476396
26635	-924.005081381685
26636	-924.361676686832
26637	-924.718585806295
26638	-925.075762436325
26639	-925.433025174969
26640	-925.790188987983
26641	-926.147194164271
26642	-926.504386663046
26643	-926.862429963723
26644	-927.221584019253
26645	-927.581507492299
26646	-927.941707813089
26647	-928.302033217525
26648	-928.662596849743
26649	-929.023544319168
26650	-929.385066069656
26651	-929.747478738877
26652	-930.110924133237
26653	-930.475039256787
26654	-930.839612416741
26655	-931.204727124109
26656	-931.570376550316
26657	-931.936502840107
26658	-932.302880485926
26659	-932.669517612014
26660	-933.036602104198
26661	-933.404112089062
26662	-933.771838974786
26663	-934.139668684693
26664	-934.507902698674
26665	-934.876877074117
26666	-935.246410523475
26667	-935.616071681917
26668	-935.985832846636
26669	-936.35584249939
26670	-936.725969563628
26671	-937.09626660586
26672	-937.466938467115
26673	-937.838088903497
26674	-938.209611428684
26675	-938.581406452414
26676	-938.953353368429
26677	-939.325350028691
26678	-939.697517372944
26679	-940.069883002992
26680	-940.442228234908
26681	-940.814547904082
26682	-941.186909492103
26683	-941.559114373486
26684	-941.930966495376
26685	-942.30238726776
26686	-942.673531080697
26687	-943.044321664056
26688	-943.41452343907
26689	-943.783916036016
26690	-944.152362726286
26691	-944.519712005071
26692	-944.885764430231
26693	-945.250550460961
26694	-945.614165174193
26695	-945.976737201867
26696	-946.338416206975
26697	-946.699362655092
26698	-947.05973983606
26699	-947.419707976495
26700	-947.779420098604
26701	-948.139019459862
26702	-948.498638198262
26703	-948.858396876582
26704	-949.218404791569
26705	-949.578760712928
26706	-949.939553879555
26707	-950.300868259862
26708	-950.662816262696
26709	-951.025480225159
26710	-951.389121931041
26711	-951.754090412854
26712	-952.120724447935
26713	-952.489431455757
26714	-952.86014022104
26715	-953.232399050255
26716	-953.605811236132
26717	-953.980099916738
26718	-954.355081998717
26719	-954.730640083549
26720	-955.106694959391
26721	-955.483193278734
26722	-955.859942845864
26723	-956.23681311588
26724	-956.613660147229
26725	-956.99053105482
26726	-957.367827349349
26727	-957.746066893616
26728	-958.125740001619
26729	-958.506804477762
26730	-958.888755349208
26731	-959.271085566644
26732	-959.653845174165
26733	-960.037698535635
26734	-960.422975516939
26735	-960.809401166949
26736	-961.195952852623
26737	-961.581610106021
26738	-961.966685349906
26739	-962.352529063754
26740	-962.739789574682
26741	-963.128118500533
26742	-963.516862204592
26743	-963.905622396795
26744	-964.294626275963
26745	-964.684435450627
26746	-965.075093119527
26747	-965.466257499897
26748	-965.857803818009
26749	-966.249798771912
26750	-966.642418079107
26751	-967.03590131763
26752	-967.430420960684
26753	-967.825766936223
26754	-968.221433779367
26755	-968.617399610985
26756	-969.013945489588
26757	-969.411099725099
26758	-969.808812979692
26759	-970.207302053086
26760	-970.606686951206
26761	-971.006952881504
26762	-971.407716519162
26763	-971.808518093069
26764	-972.209428344262
26765	-972.610775707936
26766	-973.012409987693
26767	-973.413912573309
26768	-973.815378770365
26769	-974.217184862293
26770	-974.619525800687
26771	-975.022560978668
26772	-975.426278418558
26773	-975.830354273531
26774	-976.234538868012
26775	-976.63889211783
26776	-977.043115314169
26777	-977.446790150539
26778	-977.849726090525
26779	-978.251792624682
26780	-978.6528219172
26781	-979.052474737318
26782	-979.450839197262
26783	-979.848064351196
26784	-980.244340279022
26785	-980.639881043467
26786	-981.034910785422
26787	-981.429652996889
26788	-981.824322643053
26789	-982.219120949194
26790	-982.614232368298
26791	-983.00982322041
26792	-983.406041764758
26793	-983.803019189321
26794	-984.200871164018
26795	-984.599699850379
26796	-984.999596031707
26797	-985.400641147214
26798	-985.802955937813
26799	-986.206883551001
26800	-986.613000099449
26801	-987.021947143769
26802	-987.43396099453
26803	-987.848524952651
26804	-988.264952510714
26805	-988.682761384591
26806	-989.101629319405
26807	-989.521347677914
26808	-989.941772371942
26809	-990.362801610671
26810	-990.784148172441
26811	-991.205137433397
26812	-991.625594845564
26813	-992.04647500968
26814	-992.468886625063
26815	-992.893101265343
26816	-993.318519956719
26817	-993.744293852498
26818	-994.170611193585
26819	-994.598333129111
26820	-995.028066278338
26821	-995.459287403007
26822	-995.891250186924
26823	-996.323854285708
26824	-996.756996040787
26825	-997.191022937452
26826	-997.626367105044
26827	-998.06303278873
26828	-998.500733163543
26829	-998.939042094827
26830	-999.377717425978
26831	-999.817166707868
26832	-1000.25796687835
26833	-1000.69989500179
26834	-1001.14274064014
26835	-1001.5865530001
26836	-1002.03108831282
26837	-1002.47604093304
26838	-1002.92141829561
26839	-1003.36772494331
26840	-1003.81521949546
26841	-1004.26367568045
26842	-1004.71286279604
26843	-1005.16286591391
26844	-1005.61402531284
26845	-1006.06596052363
26846	-1006.51765244944
26847	-1006.96893522344
26848	-1007.42037703676
26849	-1007.87254430398
26850	-1008.32551245562
26851	-1008.77888128212
26852	-1009.23245902162
26853	-1009.68630174146
26854	-1010.14088691084
26855	-1010.5963823237
26856	-1011.0526373916
26857	-1011.50969010585
26858	-1011.96771464309
26859	-1012.42704302808
26860	-1012.88781712647
26861	-1013.34996249104
26862	-1013.81311464729
26863	-1014.27670474859
26864	-1014.74024688151
26865	-1015.20382802681
26866	-1015.66790258988
26867	-1016.13211585273
26868	-1016.59614594498
26869	-1017.06027931462
26870	-1017.52421322575
26871	-1017.98721857252
26872	-1018.44874244461
26873	-1018.90839637748
26874	-1019.36607702558
26875	-1019.82193847905
26876	-1020.27631712438
26877	-1020.72959633492
26878	-1021.18217640423
26879	-1021.63445173174
26880	-1022.08679464202
26881	-1022.53954526065
26882	-1022.99300618485
26883	-1023.44744080968
26884	-1023.90307458144
26885	-1024.36009796005
26886	-1024.81867047834
26887	-1025.27892554325
26888	-1025.74097525042
26889	-1026.20491495842
26890	-1026.67082762328
26891	-1027.13929480829
26892	-1027.61130756725
26893	-1028.08800168246
26894	-1028.56958964715
26895	-1029.05488833521
26896	-1029.54278061762
26897	-1030.03250902223
26898	-1030.5235844251
26899	-1031.01567134031
26900	-1031.50851742067
26901	-1032.00193696574
26902	-1032.4949583586
26903	-1032.98566987395
26904	-1033.47385845348
26905	-1033.96315256457
26906	-1034.45567426083
26907	-1034.95064922942
26908	-1035.44746821211
26909	-1035.9456721836
26910	-1036.44487841812
26911	-1036.94419579853
26912	-1037.44271465436
26913	-1037.94044717922
26914	-1038.4387130635
26915	-1038.93805872691
26916	-1039.43882795228
26917	-1039.94158266589
26918	-1040.44517505796
26919	-1040.94895316633
26920	-1041.45418695515
26921	-1041.96210309593
26922	-1042.4724711544
26923	-1042.98346308474
26924	-1043.49371050175
26925	-1044.00388477368
26926	-1044.51559090976
26927	-1045.02987929395
26928	-1045.54637899109
26929	-1046.06395223157
26930	-1046.581301879
26931	-1047.09700701206
26932	-1047.6130155991
26933	-1048.13192791068
26934	-1048.65382939244
26935	-1049.17647104653
26936	-1049.69881452921
26937	-1050.22206296669
26938	-1050.74662995081
26939	-1051.272991553
26940	-1051.79938715045
26941	-1052.32405638954
26942	-1052.84692491094
26943	-1053.3693240848
26944	-1053.89097362723
26945	-1054.41057006799
26946	-1054.92899991956
26947	-1055.44571882815
26948	-1055.96080828746
26949	-1056.47374546456
26950	-1056.982904353
26951	-1057.48840321381
26952	-1057.99081519749
26953	-1058.49081486608
26954	-1058.98910918865
26955	-1059.48638617059
26956	-1059.98328050889
26957	-1060.48035348417
26958	-1060.97808436765
26959	-1061.47687002838
26960	-1061.977029935
26961	-1062.47881483392
26962	-1062.98241673161
26963	-1063.48797963548
26964	-1063.99619734814
26965	-1064.50884528559
26966	-1065.0278202246
26967	-1065.55372394558
26968	-1066.08519785281
26969	-1066.62067721496
26970	-1067.15911490715
26971	-1067.69985486033
26972	-1068.24245142139
26973	-1068.7865452429
26974	-1069.33183886946
26975	-1069.87809142467
26976	-1070.42511396658
26977	-1070.97221753683
26978	-1071.51703359401
26979	-1072.05860698689
26980	-1072.60010651987
26981	-1073.14460405056
26982	-1073.69200622681
26983	-1074.24049520432
26984	-1074.78957593514
26985	-1075.3384554779
26986	-1075.88682756639
26987	-1076.43713689649
26988	-1076.99066536919
26989	-1077.54664099515
26990	-1078.10330990101
26991	-1078.65875978903
26992	-1079.21286817431
26993	-1079.7672153839
26994	-1080.32341044484
26995	-1080.8814224944
26996	-1081.43997229425
26997	-1081.99783999465
26998	-1082.55549134161
26999	-1083.11588717095
27000	-1083.68063228449
27001	-1084.24901398235
27002	-1084.82047563566
27003	-1085.39459126469
27004	-1085.97038500663
27005	-1086.54548459857
27006	-1087.11750032838
27007	-1087.68536408644
27008	-1088.25239615723
27009	-1088.82308578483
27010	-1089.39838739745
27011	-1089.97781145664
27012	-1090.56095075013
27013	-1091.1474722478
27014	-1091.73699252019
27015	-1092.3259622208
27016	-1092.9104015662
27017	-1093.49257449916
27018	-1094.07757803689
27019	-1094.66734726929
27020	-1095.26154716005
27021	-1095.85988345011
27022	-1096.46210251317
27023	-1097.06799100124
27024	-1097.67534181228
27025	-1098.27976697903
27026	-1098.88017407744
27027	-1099.48070833741
27028	-1100.08243230777
27029	-1100.68453927285
27030	-1101.28654754888
27031	-1101.88650528215
27032	-1102.4831130248
27033	-1103.07161191648
27034	-1103.64703390985
27035	-1104.21642799836
27036	-1104.78122916193
27037	-1105.33467333006
27038	-1105.88579675322
27039	-1106.44355661286
27040	-1107.0084205939
27041	-1107.58051771357
27042	-1108.15822777356
27043	-1108.73702538209
27044	-1109.31718157408
27045	-1109.9003546057
27046	-1110.48544083298
27047	-1111.07265051143
27048	-1111.66137742171
27049	-1112.24864295345
27050	-1112.83121049471
27051	-1113.40816467417
27052	-1113.97925980291
27053	-1114.54191394297
27054	-1115.09686910295
27055	-1115.65007792312
27056	-1116.20478641526
27057	-1116.76090217911
27058	-1117.31286990315
27059	-1117.85578167005
27060	-1118.38897108975
27061	-1118.91432321238
27062	-1119.43956425962
27063	-1119.96911528181
27064	-1120.4981749675
27065	-1121.02109035699
27066	-1121.53783860503
27067	-1122.0516706713
27068	-1122.56530779447
27069	-1123.0790129381
27070	-1123.59122441369
27071	-1124.10123845684
27072	-1124.60887008895
27073	-1125.11430682937
27074	-1125.61792165579
27075	-1126.11980987091
27076	-1126.62128085482
27077	-1127.12376259055
27078	-1127.62648472733
27079	-1128.12772594346
27080	-1128.62641199732
27081	-1129.12288259615
27082	-1129.61748223438
27083	-1130.10994919451
27084	-1130.60095526296
27085	-1131.09154599454
27086	-1131.58233684178
27087	-1132.07230702384
27088	-1132.56068382397
27089	-1133.04775075968
27090	-1133.53529772809
27091	-1134.02464250756
27092	-1134.51478492487
27093	-1135.00435796965
27094	-1135.49286814561
27095	-1135.9810864837
27096	-1136.47050780027
27097	-1136.96189565616
27098	-1137.45453133796
27099	-1137.94792979114
27100	-1138.44233612486
27101	-1138.93775488398
27102	-1139.43360445732
27103	-1139.9292482293
27104	-1140.42422301476
27105	-1140.91852571417
27106	-1141.41382920875
27107	-1141.911225609
27108	-1142.41014911571
27109	-1142.91105254267
27110	-1143.41379556185
27111	-1143.915578846
27112	-1144.4162062907
27113	-1144.91911986233
27114	-1145.42506972419
27115	-1145.93292381411
27116	-1146.44076978646
27117	-1146.9484436971
27118	-1147.45658691257
27119	-1147.9644793395
27120	-1148.47157153067
27121	-1148.97746446315
27122	-1149.48188710342
27123	-1149.98467322721
27124	-1150.48573922704
27125	-1150.98506445371
27126	-1151.48267463006
27127	-1151.97862885949
27128	-1152.47300958166
27129	-1152.96591533675
27130	-1153.45745558156
27131	-1153.9477468337
27132	-1154.43691019681
27133	-1154.92506921681
27134	-1155.41162136834
27135	-1155.89568011237
27136	-1156.37737464317
27137	-1156.85577121773
27138	-1157.32916445333
27139	-1157.7973794773
27140	-1158.26086382529
27141	-1158.71997600206
27142	-1159.17500861833
27143	-1159.62625068147
27144	-1160.07406660678
27145	-1160.51889985106
27146	-1160.9612426471
27147	-1161.40200401256
27148	-1161.84368253569
27149	-1162.28788084357
27150	-1162.73311760196
27151	-1163.1776616473
27152	-1163.62114617095
27153	-1164.06373886093
27154	-1164.50627265701
27155	-1164.95019166862
27156	-1165.39595324893
27157	-1165.84280791586
27158	-1166.2896613476
27159	-1166.73588849679
27160	-1167.1818849265
27161	-1167.62827297753
27162	-1168.07505599929
27163	-1168.52244178179
27164	-1168.97039432142
27165	-1169.41856555941
27166	-1169.86690882402
27167	-1170.31566086676
27168	-1170.76498254012
27169	-1171.2145702577
27170	-1171.66437145124
27171	-1172.11451025126
27172	-1172.56475915513
27173	-1173.01491381601
27174	-1173.46536043345
27175	-1173.91683103042
27176	-1174.36902149217
27177	-1174.821571214
27178	-1175.27461618654
27179	-1175.72825942096
27180	-1176.1820096048
27181	-1176.63573403432
27182	-1177.09058123691
27183	-1177.54679804724
27184	-1178.00331972678
27185	-1178.45940814439
27186	-1178.91514361745
27187	-1179.37051813597
27188	-1179.82590070059
27189	-1180.28171864592
27190	-1180.73818868044
27191	-1181.1947202678
27192	-1181.65143346111
27193	-1182.10857368952
27194	-1182.56543603134
27195	-1183.02133821339
27196	-1183.47566011185
27197	-1183.92797079672
27198	-1184.37799674467
27199	-1184.82559034019
27200	-1185.27070063596
27201	-1185.71334772427
27202	-1186.15360154561
27203	-1186.59156512422
27204	-1187.027361961
27205	-1187.46112700955
27206	-1187.89300031539
27207	-1188.32312299465
27208	-1188.75163456261
27209	-1189.17867129224
27210	-1189.60436537435
27211	-1190.02841879648
27212	-1190.45086141847
27213	-1190.87154833436
27214	-1191.2897904199
27215	-1191.70515216992
27216	-1192.11768380258
27217	-1192.52773345527
27218	-1192.93556847418
27219	-1193.34139920958
27220	-1193.74539612791
27221	-1194.14771666445
27222	-1194.54853886705
27223	-1194.94806722342
27224	-1195.34652357458
27225	-1195.74455740077
27226	-1196.14278292956
27227	-1196.54160483839
27228	-1196.94168644077
27229	-1197.3429897506
27230	-1197.74469756476
27231	-1198.14658642058
27232	-1198.54899766947
27233	-1198.9519366326
27234	-1199.35551318356
27235	-1199.7598551838
27236	-1200.1650120188
27237	-1200.57070672977
27238	-1200.9770570912
27239	-1201.38400398099
27240	-1201.79093374749
27241	-1202.19791920556
27242	-1202.60530968413
27243	-1203.01295775354
27244	-1203.42055079182
27245	-1203.82806389652
27246	-1204.23554948159
27247	-1204.64307690209
27248	-1205.05071769163
27249	-1205.4585942707
27250	-1205.86679175835
27251	-1206.27537069045
27252	-1206.68367573123
27253	-1207.09142419897
27254	-1207.4992862038
27255	-1207.90742365
27256	-1208.31570646859
27257	-1208.7240081933
27258	-1209.13214804893
27259	-1209.54001513798
27260	-1209.94787582428
27261	-1210.3555496222
27262	-1210.76292361979
27263	-1211.16992382107
27264	-1211.57612878663
27265	-1211.98124249467
27266	-1212.38507133367
27267	-1212.78750299596
27268	-1213.18848783178
27269	-1213.58802301668
27270	-1213.98613961423
27271	-1214.38289228992
27272	-1214.77835154388
27273	-1215.17259787061
27274	-1215.56571758669
27275	-1215.95779996754
27276	-1216.34893517651
27277	-1216.73921293866
27278	-1217.12872168017
27279	-1217.51749300006
27280	-1217.90547683789
27281	-1218.2923124672
27282	-1218.67753225604
27283	-1219.06062544899
27284	-1219.44136114938
27285	-1219.81994912797
27286	-1220.19655587928
27287	-1220.57131782543
27288	-1220.94435007546
27289	-1221.31575786244
27290	-1221.68565980753
27291	-1222.05419875374
27292	-1222.42153725262
27293	-1222.78784938181
27294	-1223.15353764489
27295	-1223.51957100285
27296	-1223.88635161065
27297	-1224.25366138857
27298	-1224.621292327
27299	-1224.98926004939
27300	-1225.35795572015
27301	-1225.72751331351
27302	-1226.09737204485
27303	-1226.46696813674
27304	-1226.83679316001
27305	-1227.20747645944
27306	-1227.57893755907
27307	-1227.9508941179
27308	-1228.32292842698
27309	-1228.69484319821
27310	-1229.06703745032
27311	-1229.43984817255
27312	-1229.81306950349
27313	-1230.18648272032
27314	-1230.56008573372
27315	-1230.93398493773
27316	-1231.30825223775
27317	-1231.68277364836
27318	-1232.05738072389
27319	-1232.43198777923
27320	-1232.80652095727
27321	-1233.18101440224
27322	-1233.55560924671
27323	-1233.93038653007
27324	-1234.30565090989
27325	-1234.68142096183
27326	-1235.05751999541
27327	-1235.43381164417
27328	-1235.81025106642
27329	-1236.18683163211
27330	-1236.56338557608
27331	-1236.94004604945
27332	-1237.31688275054
27333	-1237.69370336591
27334	-1238.0705683186
27335	-1238.44741443431
27336	-1238.8239537429
27337	-1239.19995038137
27338	-1239.57524500518
27339	-1239.94973958054
27340	-1240.32338400343
27341	-1240.69616464497
27342	-1241.06809488168
27343	-1241.43920748678
27344	-1241.80954866642
27345	-1242.1791736041
27346	-1242.54814311064
27347	-1242.91652125248
27348	-1243.28437371953
27349	-1243.65176662523
27350	-1244.01876574902
27351	-1244.3854360308
27352	-1244.75184114822
27353	-1245.11792264128
27354	-1245.48357439987
27355	-1245.84870278396
27356	-1246.2131848452
27357	-1246.57648460244
27358	-1246.9380843245
27359	-1247.29803579201
27360	-1247.65640176605
27361	-1248.01323782148
27362	-1248.36859575169
27363	-1248.72252998772
27364	-1249.07511427197
27365	-1249.42644917458
27366	-1249.7766577982
27367	-1250.12588365334
27368	-1250.47470403776
27369	-1250.82414766106
27370	-1251.17470983521
27371	-1251.52595939149
27372	-1251.87712010849
27373	-1252.22779348399
27374	-1252.57826795788
27375	-1252.92913041075
27376	-1253.28071540481
27377	-1253.63284866883
27378	-1253.98530765731
27379	-1254.33812908729
27380	-1254.69145496543
27381	-1255.04542192107
27382	-1255.39978996782
27383	-1255.75435224012
27384	-1256.10913768724
27385	-1256.46421123624
27386	-1256.81970216529
27387	-1257.17562560245
27388	-1257.53199386809
27389	-1257.88887238255
27390	-1258.24614885089
27391	-1258.60364993899
27392	-1258.96145995165
27393	-1259.31981519978
27394	-1259.67873625633
27395	-1260.03812000272
27396	-1260.39791771909
27397	-1260.75815877143
27398	-1261.1186588891
27399	-1261.47921443266
27400	-1261.83991651371
27401	-1262.20095269984
27402	-1262.56234762812
27403	-1262.92382858038
27404	-1263.28536008661
27405	-1263.64702242726
27406	-1264.00868484805
27407	-1264.37015674129
27408	-1264.73153100721
27409	-1265.09301615154
27410	-1265.45479722132
27411	-1265.81700326268
27412	-1266.17977896843
27413	-1266.54294146538
27414	-1266.90626193223
27415	-1267.26982142736
27416	-1267.63355946311
27417	-1267.99750225305
27418	-1268.36165759248
27419	-1268.72583276499
27420	-1269.089821913
27421	-1269.45348572034
27422	-1269.81673822206
27423	-1270.17953517054
27424	-1270.54186405132
27425	-1270.90373584052
27426	-1271.26517835818
27427	-1271.62623110085
27428	-1271.98694138111
27429	-1272.34736144931
27430	-1272.70754649324
27431	-1273.06755327164
27432	-1273.42743913441
27433	-1273.78726142331
27434	-1274.14707707531
27435	-1274.50694228899
27436	-1274.86691232294
27437	-1275.22704135504
27438	-1275.58730456471
27439	-1275.94764458281
27440	-1276.30790538433
27441	-1276.66783693047
27442	-1277.02704975258
27443	-1277.38506824155
27444	-1277.74172453795
27445	-1278.09701887708
27446	-1278.45095708966
27447	-1278.8035511681
27448	-1279.1548246618
27449	-1279.50482840575
27450	-1279.85364593154
27451	-1280.20166165962
27452	-1280.54960151061
27453	-1280.89803003199
27454	-1281.24708859981
27455	-1281.59655540746
27456	-1281.94636051798
27457	-1282.2966136192
27458	-1282.64747781874
27459	-1282.99917884175
27460	-1283.35166886828
27461	-1283.70474447956
27462	-1284.0582154268
27463	-1284.41188780008
27464	-1284.76588628122
27465	-1285.12057301897
27466	-1285.47602341864
27467	-1285.83204663632
27468	-1286.18834463447
27469	-1286.54489235617
27470	-1286.90183062598
27471	-1287.25922714718
27472	-1287.61741612101
27473	-1287.97643948107
27474	-1288.33575570682
27475	-1288.69497758132
27476	-1289.05410217595
27477	-1289.41329611792
27478	-1289.77302489738
27479	-1290.13364177695
27480	-1290.49491950118
27481	-1290.85640869376
27482	-1291.21802718013
27483	-1291.57997850139
27484	-1291.94235508416
27485	-1292.30511645026
27486	-1292.6681109803
27487	-1293.03148735883
27488	-1293.39551845441
27489	-1293.76035214768
27490	-1294.12596100007
27491	-1294.49210620488
27492	-1294.85864333467
27493	-1295.22571340858
27494	-1295.59325011921
27495	-1295.96110654254
27496	-1296.32941513112
27497	-1296.69829731153
27498	-1297.06760374827
27499	-1297.43742177724
27500	-1297.80795108771
27501	-1298.17907382442
27502	-1298.5506064515
27503	-1298.92238370607
27504	-1299.2942951705
27505	-1299.66627400435
27506	-1300.03828729946
27507	-1300.41032798497
27508	-1300.7824082014
27509	-1301.15455407412
27510	-1301.52680161036
27511	-1301.89919361725
27512	-1302.27177747065
27513	-1302.64460344453
27514	-1303.01772357118
27515	-1303.39119088391
27516	-1303.76500269402
27517	-1304.1390930719
27518	-1304.51324502722
27519	-1304.88733526347
27520	-1305.26101285791
27521	-1305.63354055713
27522	-1306.00458982797
27523	-1306.37415492461
27524	-1306.7422385307
27525	-1307.10885190314
27526	-1307.47401997629
27527	-1307.83780082347
27528	-1308.20029399228
27529	-1308.56186536983
27530	-1308.92347905714
27531	-1309.28570352721
27532	-1309.64866608417
27533	-1310.01235796592
27534	-1310.37643817156
27535	-1310.74096403734
27536	-1311.10653804323
27537	-1311.47343718735
27538	-1311.84138429701
27539	-1312.2099308531
27540	-1312.57893972705
27541	-1312.9487131418
27542	-1313.31938294974
27543	-1313.6910689391
27544	-1314.06367506463
27545	-1314.43700225237
27546	-1314.81100019965
27547	-1315.18562213225
27548	-1315.5609861814
27549	-1315.93709383729
27550	-1316.31372170098
27551	-1316.69078806613
27552	-1317.06858909899
27553	-1317.44733739081
27554	-1317.82697445387
27555	-1318.20730396538
27556	-1318.58797036142
27557	-1318.96879442113
27558	-1319.34988762625
27559	-1319.73171194953
27560	-1320.11480933626
27561	-1320.49907018452
27562	-1320.88396231136
27563	-1321.26907437957
27564	-1321.65456600067
27565	-1322.04071764673
27566	-1322.42729492903
27567	-1322.81447990002
27568	-1323.20250731986
27569	-1323.59118472846
27570	-1323.98025817729
27571	-1324.36975344295
27572	-1324.75986922015
27573	-1325.15073872654
27574	-1325.54225258174
27575	-1325.93447285845
27576	-1326.32745010305
27577	-1326.72099370041
27578	-1327.11517866374
27579	-1327.50996345784
27580	-1327.90534412685
27581	-1328.30156743314
27582	-1328.6989467356
27583	-1329.09744607406
27584	-1329.49696139405
27585	-1329.89748049879
27586	-1330.29882759627
27587	-1330.70079070198
27588	-1331.10322246997
27589	-1331.5060315451
27590	-1331.90917034746
27591	-1332.31262464541
27592	-1332.71640502975
27593	-1333.12054009766
27594	-1333.52507115329
27595	-1333.93004833512
27596	-1334.33552776825
27597	-1334.74156953053
27598	-1335.14823635669
27599	-1335.55559271465
27600	-1335.96370413767
27601	-1336.37263685106
27602	-1336.78245746066
27603	-1337.19323262602
27604	-1337.60466515575
27605	-1338.01623304442
27606	-1338.42731074424
27607	-1338.83685143805
27608	-1339.24426447071
27609	-1339.64955125241
27610	-1340.05272421066
27611	-1340.45380534824
27612	-1340.85284065742
27613	-1341.24993623168
27614	-1341.64526626162
27615	-1342.03952706507
27616	-1342.43416117636
27617	-1342.83019645064
27618	-1343.22763303804
27619	-1343.6259959892
27620	-1344.02492088401
27621	-1344.42466642108
27622	-1344.8257016633
27623	-1345.22793930921
27624	-1345.63120855163
27625	-1346.0355891926
27626	-1346.44115207037
27627	-1346.84827190575
27628	-1347.25713997073
27629	-1347.66714241609
27630	-1348.07793785163
27631	-1348.48962426773
27632	-1348.90215359032
27633	-1349.31536298729
27634	-1349.72928865512
27635	-1350.1442792823
27636	-1350.56073759123
27637	-1350.97857101234
27638	-1351.3971952141
27639	-1351.81647856467
27640	-1352.2368468923
27641	-1352.6585762086
27642	-1353.08150518248
27643	-1353.50528462989
27644	-1353.92975861341
27645	-1354.35503299887
27646	-1354.78141687581
27647	-1355.20927976355
27648	-1355.63840673017
27649	-1356.06827381067
27650	-1356.49867816041
27651	-1356.92985711344
27652	-1357.36187750819
27653	-1357.7947884031
27654	-1358.22902744469
27655	-1358.66444526697
27656	-1359.10059066889
27657	-1359.53757228185
27658	-1359.97549358857
27659	-1360.41439010625
27660	-1360.85463401814
27661	-1361.2966754076
27662	-1361.7402932747
27663	-1362.18472509926
27664	-1362.62961384935
27665	-1363.0753037211
27666	-1363.5221755605
27667	-1363.97024419202
27668	-1364.41957120941
27669	-1364.8701195997
27670	-1365.32202583911
27671	-1365.77533062934
27672	-1366.22998250475
27673	-1366.68617850868
27674	-1367.1438264724
27675	-1367.6025784727
27676	-1368.06219449637
27677	-1368.52252091167
27678	-1368.98347169001
27679	-1369.44501252355
27680	-1369.90714774649
27681	-1370.36991012487
27682	-1370.83335300223
27683	-1371.29754433486
27684	-1371.76256251685
27685	-1372.22849336165
27686	-1372.69542784455
27687	-1373.16346063084
27688	-1373.63268902399
27689	-1374.10275655015
27690	-1374.57340656124
27691	-1375.04346167973
27692	-1375.51142736261
27693	-1375.97645011253
27694	-1376.43794165162
27695	-1376.89600688369
27696	-1377.35074566344
27697	-1377.8022705182
27698	-1378.2507815698
27699	-1378.69660189034
27700	-1379.14061835115
27701	-1379.58524191457
27702	-1380.03289460224
27703	-1380.4835355297
27704	-1380.93485309565
27705	-1381.38526182835
27706	-1381.83504104919
27707	-1382.28582936879
27708	-1382.73920405277
27709	-1383.19506324518
27710	-1383.65239945988
27711	-1384.11002685102
27712	-1384.56805011099
27713	-1385.02801971647
27714	-1385.49061294345
27715	-1385.95511055792
27716	-1386.42030050047
27717	-1386.88578754747
27718	-1387.35222360121
27719	-1387.8208747637
27720	-1388.29253910161
27721	-1388.76542816735
27722	-1389.23784544049
27723	-1389.70986893922
27724	-1390.18266371842
27725	-1390.65779730643
27726	-1391.13480341651
27727	-1391.61267493463
27728	-1392.09113934167
27729	-1392.57051534928
27730	-1393.05262519008
27731	-1393.53826140757
27732	-1394.02649918644
27733	-1394.51695786236
27734	-1395.00905060912
27735	-1395.50196678171
27736	-1395.99598999609
27737	-1396.49255833658
27738	-1396.99240267305
27739	-1397.49406747423
27740	-1397.99662476303
27741	-1398.5003253514
27742	-1399.00551042116
27743	-1399.51254860086
27744	-1400.02105036734
27745	-1400.53095650871
27746	-1401.04249715613
27747	-1401.55562582367
27748	-1402.07035730545
27749	-1402.58614185238
27750	-1403.10297765235
27751	-1403.62113669367
27752	-1404.14109535898
27753	-1404.66364637193
27754	-1405.18831368588
27755	-1405.71447487173
27756	-1406.24177595628
27757	-1406.76962734626
27758	-1407.29763803889
27759	-1407.82557448213
27760	-1408.3533235033
27761	-1408.88086093998
27762	-1409.40822606936
27763	-1409.935502187
27764	-1410.4628021526
27765	-1410.99025796259
27766	-1411.51801389304
27767	-1412.04622167395
27768	-1412.57503718796
27769	-1413.10461852994
27770	-1413.63512450744
27771	-1414.16666506656
27772	-1414.6988907574
27773	-1415.23086093157
27774	-1415.76235705235
27775	-1416.29267800214
27776	-1416.81881385743
27777	-1417.33908113498
27778	-1417.85389951647
27779	-1418.36360561722
27780	-1418.86848055534
27781	-1419.36888304982
27782	-1419.8653617349
27783	-1420.36103649988
27784	-1420.86178326672
27785	-1421.36946705027
27786	-1421.87861097381
27787	-1422.38459964878
27788	-1422.88787996855
27789	-1423.38898676115
27790	-1423.88849028199
27791	-1424.38936273878
27792	-1424.89530316301
27793	-1425.40701148031
27794	-1425.92224642385
27795	-1426.43744087942
27796	-1426.95096397415
27797	-1427.46407848328
27798	-1427.97817194622
27799	-1428.49430175991
27800	-1429.01300140216
27801	-1429.53368761409
27802	-1430.05687657953
27803	-1430.58242644712
27804	-1431.10861039413
27805	-1431.63559360813
27806	-1432.16500054769
27807	-1432.69631266259
27808	-1433.22778122851
27809	-1433.75881575618
27810	-1434.29013444846
27811	-1434.82192465601
27812	-1435.35540005147
27813	-1435.89294709223
27814	-1436.43324726065
27815	-1436.97295584231
27816	-1437.51089724886
27817	-1438.04801580342
27818	-1438.58601375198
27819	-1439.12829491826
27820	-1439.6752164468
27821	-1440.22298113765
27822	-1440.77108877488
27823	-1441.32161679346
27824	-1441.87411870828
27825	-1442.42862527529
27826	-1442.98570289971
27827	-1443.54305783889
27828	-1444.10081020219
27829	-1444.66102749662
27830	-1445.2225205309
27831	-1445.78576088463
27832	-1446.3524996308
27833	-1446.92194999189
27834	-1447.49301603003
27835	-1448.06486688241
27836	-1448.63647884918
27837	-1449.20712859762
27838	-1449.7763449918
27839	-1450.34385875805
27840	-1450.90955506724
27841	-1451.47343200396
27842	-1452.03556703712
27843	-1452.59609085123
27844	-1453.15516857931
27845	-1453.71298629977
27846	-1454.26944642418
27847	-1454.82404587785
27848	-1455.37626842464
27849	-1455.92371034768
27850	-1456.46393495281
27851	-1456.99717278989
27852	-1457.52454621473
27853	-1458.04689620561
27854	-1458.56485573776
27855	-1459.07897205625
27856	-1459.58987647416
27857	-1460.09885673395
27858	-1460.61068738159
27859	-1461.12991889922
27860	-1461.65286463182
27861	-1462.17437725845
27862	-1462.69350968327
27863	-1463.21081712683
27864	-1463.72686225415
27865	-1464.24237206219
27866	-1464.76006863647
27867	-1465.28215813165
27868	-1465.80957753275
27869	-1466.34355650647
27870	-1466.88343238013
27871	-1467.42291829833
27872	-1467.95862894472
27873	-1468.49142585424
27874	-1469.02183219468
27875	-1469.55053624064
27876	-1470.07699316663
27877	-1470.6044012814
27878	-1471.13603348899
27879	-1471.67193576975
27880	-1472.2127300013
27881	-1472.75808552424
27882	-1473.30180858534
27883	-1473.84433940504
27884	-1474.3899458478
27885	-1474.93756698514
27886	-1475.48628731613
27887	-1476.03540368346
27888	-1476.58434518274
27889	-1477.13269448255
27890	-1477.68016801695
27891	-1478.22659207179
27892	-1478.77187880062
27893	-1479.31600449929
27894	-1479.85899198183
27895	-1480.4008967418
27896	-1480.94179727023
27897	-1481.48178812745
27898	-1482.0209753384
27899	-1482.55947356032
27900	-1483.09740367188
27901	-1483.63409456734
27902	-1484.16839675406
27903	-1484.69795001001
27904	-1485.22025092458
27905	-1485.73526283896
27906	-1486.2438137599
27907	-1486.74654558883
27908	-1487.24395897068
27909	-1487.73652322282
27910	-1488.22481785777
27911	-1488.70954068906
27912	-1489.19145545088
27913	-1489.67133319762
27914	-1490.14990212804
27915	-1490.62781153878
27916	-1491.10561099426
27917	-1491.58374297268
27918	-1492.06254598016
27919	-1492.54226456708
27920	-1493.02306346401
27921	-1493.50504309836
27922	-1493.9882550967
27923	-1494.47271650381
27924	-1494.95842195649
27925	-1495.44535402591
27926	-1495.93443828349
27927	-1496.42736135967
27928	-1496.92499797699
27929	-1497.42777755579
27930	-1497.93471908657
27931	-1498.44429707677
27932	-1498.95546625806
27933	-1499.46754189866
27934	-1499.97870880649
27935	-1500.48938786195
27936	-1501.00079960205
27937	-1501.51196594256
27938	-1502.02167806521
27939	-1502.52951373045
27940	-1503.03568424485
27941	-1503.53997416043
27942	-1504.04227315545
27943	-1504.54376455871
27944	-1505.04620759511
27945	-1505.5498627628
27946	-1506.05453988001
27947	-1506.56016947596
27948	-1507.06609724453
27949	-1507.57118750741
27950	-1508.07394328065
27951	-1508.57359469958
27952	-1509.07148495168
27953	-1509.56915427594
27954	-1510.06615425581
27955	-1510.56195269345
27956	-1511.05614464152
27957	-1511.54797151134
27958	-1512.03806484131
27959	-1512.52577582617
27960	-1513.00942479119
27961	-1513.49005912254
27962	-1513.9674599537
27963	-1514.44114287226
27964	-1514.91138492565
27965	-1515.37735153466
27966	-1515.83938750896
27967	-1516.29795568811
27968	-1516.75358580067
27969	-1517.20682946064
27970	-1517.6596704716
27971	-1518.11429382597
27972	-1518.57127598104
27973	-1519.02965202346
27974	-1519.48765515125
27975	-1519.94506666206
27976	-1520.40182678932
27977	-1520.85784306529
27978	-1521.31428259727
27979	-1521.77185151746
27980	-1522.23050421315
27981	-1522.69043567145
27982	-1523.15262090488
27983	-1523.61785748981
27984	-1524.08454893742
27985	-1524.55240527359
27986	-1525.02195672782
27987	-1525.49246496354
27988	-1525.96338471255
27989	-1526.43428259573
27990	-1526.90481591416
27991	-1527.37472203435
27992	-1527.84380833844
27993	-1528.3115757382
27994	-1528.77693637437
27995	-1529.23992299367
27996	-1529.70109041467
27997	-1530.161055395
27998	-1530.62127839035
27999	-1531.08225663369
28000	-1531.54317124063
