Time	IMU_Yaw_Data
0	0
1	0.000142638128885518
2	-1.75706160872124e-05
3	-0.000374550641519203
4	-0.000723027499645406
5	-0.00186107889852512
6	-0.00500488851742001
7	-0.0086826143517347
8	-0.011717067650047
9	-0.0195327915242063
10	-0.0301162606314397
11	-0.0449919444531605
12	-0.078524796988458
13	-0.128216298689952
14	-0.183679599679171
15	-0.24155102264341
16	-0.297173856049166
17	-0.348867126640819
18	-0.394743921478788
19	-0.43356075352367
20	-0.46964638779329
21	-0.509253956635873
22	-0.550931532177131
23	-0.591083095342449
24	-0.630835831052234
25	-0.668315448289759
26	-0.702430765747537
27	-0.739799851272393
28	-0.789868204617174
29	-0.861926269184282
30	-0.966496449550046
31	-1.11170884350536
32	-1.30297855532257
33	-1.54644671355508
34	-1.84894334009353
35	-2.20909775460042
36	-2.62217552185609
37	-3.08736064366114
38	-3.59787335039232
39	-4.14775623619104
40	-4.72985449558977
41	-5.33649298663664
42	-5.95987484807513
43	-6.58885950994113
44	-7.21391375539379
45	-7.82531222730109
46	-8.4172671621411
47	-8.98259354801628
48	-9.51258393671429
49	-10.0054814132928
50	-10.4624881022378
51	-10.8815303255362
52	-11.2573041240664
53	-11.5861798881504
54	-11.8690024417888
55	-12.1045506570841
56	-12.2800601216095
57	-12.3855032038157
58	-12.4198462851135
59	-12.399933554713
60	-12.3498970695856
61	-12.2788829385842
62	-12.1898685083525
63	-12.0840692993875
64	-11.9544251006662
65	-11.7996205517562
66	-11.6327036145924
67	-11.4596810622499
68	-11.2796576501074
69	-11.0932734970929
70	-10.8986505471768
71	-10.694885939443
72	-10.4827870894589
73	-10.2623413485535
74	-10.0359160715844
75	-9.80544172213061
76	-9.57429745578928
77	-9.34240346943292
78	-9.10800020629196
79	-8.87645907453608
80	-8.65269830734182
81	-8.44246358016347
82	-8.24996994577048
83	-8.07062108999106
84	-7.90017191140777
85	-7.73694219298258
86	-7.58175045915371
87	-7.43922400161469
88	-7.31342789030485
89	-7.206262506783
90	-7.11251229721948
91	-7.02860132693085
92	-6.95684029363886
93	-6.8991168189619
94	-6.85932327215237
95	-6.83792407423951
96	-6.83068127339082
97	-6.83378030310548
98	-6.84464864356821
99	-6.8639934735494
100	-6.89306161251711
101	-6.93344902991279
102	-6.98825777088681
103	-7.05495239754303
104	-7.13149309479109
105	-7.21924780970095
106	-7.31425044744091
107	-7.411976004509
108	-7.50954775957912
109	-7.60273839583396
110	-7.68750605830076
111	-7.76235940965219
112	-7.82877038745369
113	-7.88718370474894
114	-7.93511160985745
115	-7.97178818090624
116	-8.00087183183474
117	-8.02453442988398
118	-8.04376011948627
119	-8.05999137896943
120	-8.07236587104908
121	-8.07847288671414
122	-8.07615850642257
123	-8.06642219459053
124	-8.04966085202771
125	-8.02577795043519
126	-7.99457751678618
127	-7.9504956761645
128	-7.89508123239332
129	-7.83475447949599
130	-7.7720345965263
131	-7.70711350630468
132	-7.63893007472564
133	-7.56445166348116
134	-7.48375314060181
135	-7.39781862502812
136	-7.30739180426154
137	-7.21350063614574
138	-7.11537135420983
139	-7.0101918825541
140	-6.89789438833929
141	-6.79085484098814
142	-6.69523746635396
143	-6.61189080689848
144	-6.54567970530126
145	-6.49175919509056
146	-6.44683055844322
147	-6.41580812225756
148	-6.39737855514679
149	-6.38813790820941
150	-6.38201497504046
151	-6.3685292717976
152	-6.34115983174748
153	-6.3057720328506
154	-6.27580724224642
155	-6.25328011228195
156	-6.23456645347983
157	-6.21922885981329
158	-6.20107791313883
159	-6.17079095637859
160	-6.13031943483556
161	-6.08121695018628
162	-6.02456187423354
163	-5.9575552632072
164	-5.85348173235926
165	-5.70638258179867
166	-5.5385930847185
167	-5.37247438878293
168	-5.22040432459608
169	-5.08841006263323
170	-4.98835727218782
171	-4.92442636160604
172	-4.89243367108107
173	-4.88792548649388
174	-4.91356316181079
175	-4.9732339400349
176	-5.06850411281189
177	-5.20446920192903
178	-5.37655047761235
179	-5.569492415667
180	-5.77486467644391
181	-5.98976713320587
182	-6.21434997806872
183	-6.44977146941937
184	-6.68381991362284
185	-6.88734643168226
186	-7.00534349714321
187	-6.98404559869205
188	-6.7917862585358
189	-6.42989729695977
190	-5.97333098688607
191	-5.51916129354938
192	-5.12485699141315
193	-4.81212634697046
194	-4.58930808717178
195	-4.45305955808047
196	-4.39699180686613
197	-4.41230727088502
198	-4.48128085169598
199	-4.59177122791002
200	-4.74449930803993
201	-4.93745703710915
202	-5.15520742198407
203	-5.38493746669664
204	-5.63012036024834
205	-5.88960930475042
206	-6.15194979957669
207	-6.41713984477773
208	-6.68711443699944
209	-6.95609975315566
210	-7.22284256384065
211	-7.48697190376154
212	-7.74545382384128
213	-7.99529269262093
214	-8.23304602530371
215	-8.45590618138308
216	-8.66277181697638
217	-8.85206062752306
218	-9.02242920469912
219	-9.17582834416781
220	-9.31185649973001
221	-9.42967915727478
222	-9.52999433636448
223	-9.61502807148592
224	-9.68579456308603
225	-9.74238149189512
226	-9.78524537897375
227	-9.81400544449572
228	-9.83109581849677
229	-9.83726775748216
230	-9.83117098250551
231	-9.81328766801651
232	-9.78560954232471
233	-9.75128542433507
234	-9.71367623271857
235	-9.67311219616361
236	-9.62366929384002
237	-9.55206077031132
238	-9.44398531835424
239	-9.29035490782256
240	-9.08763959185541
241	-8.83457605161153
242	-8.53050930312608
243	-8.17932165831097
244	-7.78403880094328
245	-7.34658650951529
246	-6.86917353906673
247	-6.35671347455867
248	-5.81646630459634
249	-5.2565398822116
250	-4.68484972541322
251	-4.11030928468483
252	-3.54144990760389
253	-2.98444686276285
254	-2.4432629341096
255	-1.92052650008751
256	-1.42139683188995
257	-0.95098012585659
258	-0.508766841504381
259	-0.0921389567577795
260	0.2992909932264
261	0.665917106715158
262	1.01205074815983
263	1.34327863079394
264	1.66274490714589
265	1.97205655368401
266	2.2753929598134
267	2.57675260057548
268	2.87548970180904
269	3.17315484390352
270	3.4727237167882
271	3.77533402661376
272	4.08314356085904
273	4.39867575559729
274	4.72627511586278
275	5.06854203051228
276	5.4242329958712
277	5.79497113965786
278	6.18461939617189
279	6.59631972668866
280	7.03236362370741
281	7.49187206856843
282	7.97578992154919
283	8.48739409537839
284	9.02472436381842
285	9.58222858741666
286	10.1549355293237
287	10.7301207855586
288	11.2961228616408
289	11.8492401234114
290	12.392334505374
291	12.9339586687717
292	13.4735448092853
293	14.002382594515
294	14.5131802984449
295	15.0049576324928
296	15.4798655524538
297	15.9391735674271
298	16.379290488315
299	16.7945339750927
300	17.1863973807737
301	17.5646981090256
302	17.9682278627545
303	18.4230814683805
304	18.9001633439496
305	19.3822653370711
306	19.8844196845067
307	20.3823554005897
308	20.860963767324
309	21.3399228592478
310	21.8000408330574
311	22.250731210861
312	22.7030009291914
313	23.1108213089958
314	23.447040484742
315	23.7403312431106
316	24.0280971220914
317	24.3199380174586
318	24.6192252594252
319	24.9208065173692
320	25.2220568090621
321	25.52322504476
322	25.809125763609
323	26.0695441876459
324	26.3051009246014
325	26.5161752112091
326	26.7017689687873
327	26.8649785214032
328	27.0025907075738
329	27.1103804278306
330	27.189445462468
331	27.2372436482388
332	27.2598729284859
333	27.2595980895356
334	27.2353774299532
335	27.1998609231238
336	27.1544585072674
337	27.0982358700043
338	27.0417571165429
339	26.9831525100023
340	26.9142937966667
341	26.8374543353559
342	26.7523495199104
343	26.6562880514042
344	26.5537820729494
345	26.4470958196366
346	26.3364354033522
347	26.2257310659772
348	26.1190435968685
349	26.0187978567251
350	25.9196123834112
351	25.8169678430626
352	25.7111779236955
353	25.5981960701254
354	25.4797624203981
355	25.3595966597992
356	25.2382142926232
357	25.1156062506025
358	24.9917717913799
359	24.8680691193587
360	24.7435408760251
361	24.6195883245632
362	24.4970936929154
363	24.3741213035888
364	24.24865344651
365	24.1204708068764
366	23.9933744016171
367	23.8684292279486
368	23.7406147140166
369	23.606665810716
370	23.4672963425867
371	23.3258015979344
372	23.183437938081
373	23.0407741013019
374	22.8995961456254
375	22.7601411062527
376	22.62410127365
377	22.49342024543
378	22.3680116304395
379	22.2467124255896
380	22.1294021727966
381	22.0170457025021
382	21.910047421928
383	21.8086879637642
384	21.715281638883
385	21.6301970355291
386	21.5519180786365
387	21.4808676399861
388	21.4180591645246
389	21.3604726267277
390	21.3047842163649
391	21.2486310584863
392	21.190419194523
393	21.1291887490145
394	21.0648237529588
395	20.9987110294365
396	20.9319707448239
397	20.863721525983
398	20.792223287371
399	20.7160136682541
400	20.6332835712924
401	20.545576877056
402	20.4581613137857
403	20.3753552883112
404	20.2985322451538
405	20.2247509798284
406	20.1475907304808
407	20.0622355821906
408	19.9702162278868
409	19.8724125455593
410	19.7683367300724
411	19.6624155106118
412	19.5572783188858
413	19.4543661540423
414	19.3495392313863
415	19.2384901933533
416	19.1214436948828
417	18.9979581872596
418	18.8703283797678
419	18.7417510519244
420	18.6133302929888
421	18.4846388832422
422	18.3559408579459
423	18.2276225392016
424	18.0964398155482
425	17.9592255443211
426	17.8147530276001
427	17.6603094314405
428	17.496708937757
429	17.3257786627784
430	17.1512432529285
431	16.9787193949151
432	16.8117807830221
433	16.6533273823593
434	16.5025363769701
435	16.3577615926038
436	16.21849259323
437	16.083858068677
438	15.9529525890487
439	15.8249000275959
440	15.698039488423
441	15.5697098370632
442	15.4388485741965
443	15.3043235321729
444	15.159640311738
445	15.0007001005903
446	14.823436401719
447	14.6230113869274
448	14.4001214348427
449	14.1625656783734
450	13.9107561183594
451	13.6426993958649
452	13.3579692661006
453	13.0508853939018
454	12.7154603301236
455	12.3445928028753
456	11.9340608989364
457	11.4842628170545
458	10.9995523909944
459	10.4875807648704
460	9.95529735550838
461	9.40990551344541
462	8.8572332372837
463	8.30241427371779
464	7.74932340180611
465	7.20207200742811
466	6.6652199495056
467	6.1394297017974
468	5.62763844057541
469	5.13529861615676
470	4.66379367115741
471	4.21092425504933
472	3.77813140917018
473	3.3748632846393
474	3.01297113214122
475	2.68757485624008
476	2.3904044712563
477	2.12479154094647
478	1.88045435566136
479	1.64560096652358
480	1.41910777074339
481	1.20028844259836
482	0.98795889540256
483	0.778248871510085
484	0.568237771708499
485	0.359607292747039
486	0.150888477313266
487	-0.0588720809167178
488	-0.26800188591878
489	-0.478462626294407
490	-0.689922043167659
491	-0.900391834934762
492	-1.11043499141218
493	-1.31929006074524
494	-1.52517333299668
495	-1.72849321202307
496	-1.93129369040627
497	-2.1332769334073
498	-2.33297638464256
499	-2.5295965435423
500	-2.72326857406788
501	-2.91415937639187
502	-3.10015763247393
503	-3.28228475855015
504	-3.46267142303221
505	-3.64379908110982
506	-3.82623216395939
507	-4.00688385197527
508	-4.1809230271138
509	-4.33612892670345
510	-4.47394188236216
511	-4.60500677450247
512	-4.73746279496254
513	-4.87985464103014
514	-5.03625890972616
515	-5.20724138224441
516	-5.39049015701645
517	-5.57976676235924
518	-5.77033183971319
519	-5.96584987113245
520	-6.17209578380117
521	-6.391657985223
522	-6.62217296330993
523	-6.85453454788929
524	-7.08412408260267
525	-7.31749502259559
526	-7.56323813182574
527	-7.82447596482574
528	-8.09991450222828
529	-8.38675732124413
530	-8.67564298180515
531	-8.95704450123142
532	-9.23004970064189
533	-9.49920112362767
534	-9.76506064535911
535	-10.0192433649515
536	-10.247146787654
537	-10.4480410969582
538	-10.6343648159006
539	-10.8139053672469
540	-10.9828266860653
541	-11.123166626261
542	-11.2261815909381
543	-11.2982367217138
544	-11.3511304566434
545	-11.3957322468068
546	-11.4397877716346
547	-11.4913271568536
548	-11.5552677450704
549	-11.6344026544845
550	-11.7305239781008
551	-11.842667233978
552	-11.9669341937436
553	-12.0982857688694
554	-12.236396320615
555	-12.3810119150292
556	-12.5267870929537
557	-12.6684689469789
558	-12.7995693189103
559	-12.9102833592375
560	-12.991964610226
561	-13.040682393774
562	-13.0577317550896
563	-13.042899007199
564	-12.9926482777138
565	-12.9004473231797
566	-12.7603169475402
567	-12.5723656387268
568	-12.335420601151
569	-12.0456923330817
570	-11.7042731548343
571	-11.311905437279
572	-10.8695577663943
573	-10.3811726150984
574	-9.85039284964186
575	-9.28360238238643
576	-8.68834836035188
577	-8.07045299501269
578	-7.43835418572151
579	-6.7993872246964
580	-6.1606514764758
581	-5.52994901814044
582	-4.91331417943725
583	-4.31670885705629
584	-3.74647224710674
585	-3.20529747877061
586	-2.6951130346459
587	-2.21979993941568
588	-1.77787838913651
589	-1.36603431031997
590	-0.984705871844736
591	-0.633729065817436
592	-0.309205283205543
593	-0.00742383417449567
594	0.272543002414085
595	0.529666263171772
596	0.764298882403633
597	0.979004562696891
598	1.17647973897041
599	1.35478694202658
600	1.5103006234226
601	1.63387094641463
602	1.71757219906288
603	1.75539894328669
604	1.73376347311575
605	1.63945537319135
606	1.46743568889823
607	1.21565280583053
608	0.881065956364332
609	0.462047417533608
610	-0.0439501716841637
611	-0.635674636783341
612	-1.30915824927635
613	-2.05985549680926
614	-2.87680114561916
615	-3.7449124856148
616	-4.64690915707488
617	-5.56579411408052
618	-6.4848108905904
619	-7.38974489674349
620	-8.26788612338713
621	-9.10690967637069
622	-9.89799217616663
623	-10.6322697903122
624	-11.3053380266443
625	-11.9210363090122
626	-12.4814103099552
627	-12.9827742377966
628	-13.4271634774933
629	-13.8285285208266
630	-14.1914765810481
631	-14.5000857168697
632	-14.7453240777687
633	-14.9406018378474
634	-15.1036213825684
635	-15.24944729297
636	-15.3919608831698
637	-15.540530530973
638	-15.6988925050125
639	-15.860488227028
640	-16.0089495687806
641	-16.1243766607905
642	-16.1985793716362
643	-16.2363316422155
644	-16.2429764212498
645	-16.2273657569663
646	-16.2064281400204
647	-16.1910999365189
648	-16.1849565237052
649	-16.1945642045076
650	-16.2245240182838
651	-16.2682784544039
652	-16.3037455010883
653	-16.304315148933
654	-16.2490364244071
655	-16.1313380538026
656	-15.9482285138037
657	-15.7065358801139
658	-15.4202149436542
659	-15.0910198808661
660	-14.7185412283005
661	-14.3043712976106
662	-13.8498555480393
663	-13.3487520542676
664	-12.8084600798749
665	-12.2523837470013
666	-11.6860323579085
667	-11.1084014674523
668	-10.5228666848748
669	-9.94421590910366
670	-9.3968878837348
671	-8.90735013780954
672	-8.50033491080885
673	-8.17471135865789
674	-7.90964049314009
675	-7.67221894956574
676	-7.44148903621646
677	-7.20749682831618
678	-6.9585841574458
679	-6.69366939583231
680	-6.40980442521419
681	-6.09948487290619
682	-5.75999281145196
683	-5.39599365731833
684	-5.0119345266024
685	-4.60987108243014
686	-4.19428979813058
687	-3.76992831590491
688	-3.34136913691628
689	-2.91345449248038
690	-2.4872954767732
691	-2.06592946985742
692	-1.6525985273714
693	-1.24944078562235
694	-0.859639627760656
695	-0.480738474690313
696	-0.115372661242489
697	0.223360127068773
698	0.530546948261407
699	0.798837904556103
700	1.01684609740804
701	1.18056071427074
702	1.29055002356453
703	1.35372667000824
704	1.37818306329745
705	1.37677017353572
706	1.36478424520143
707	1.35435762991599
708	1.35716973738486
709	1.38156623487109
710	1.42787504868283
711	1.49543063155427
712	1.58332494626089
713	1.68741572321844
714	1.80627086520522
715	1.93748145336184
716	2.07793294262715
717	2.22328175812559
718	2.37198287467533
719	2.52448604429052
720	2.6753474045094
721	2.82034470078649
722	2.95852781538067
723	3.08949103744751
724	3.21200374012477
725	3.32432747541452
726	3.42589257359072
727	3.51697731971197
728	3.59877542357574
729	3.67256114943199
730	3.73967921421758
731	3.79996504609847
732	3.8545430219634
733	3.9054031532539
734	3.95647690766021
735	4.01210332505969
736	4.07338336781772
737	4.13130257628306
738	4.1669418785383
739	4.15854016703175
740	4.08734585429769
741	3.94028306199014
742	3.70844216065542
743	3.38478192820553
744	2.96273858765092
745	2.43718391057593
746	1.8101119673794
747	1.08819203314908
748	0.279784937732688
749	-0.600869255293161
750	-1.5376924376697
751	-2.51463332915692
752	-3.51308728119958
753	-4.51623829407419
754	-5.51134785703248
755	-6.48484221005412
756	-7.42420207585887
757	-8.31981460478026
758	-9.16248668432544
759	-9.94686767598918
760	-10.6703480386204
761	-11.3346430753146
762	-11.9400543668204
763	-12.4849097596425
764	-12.9748408627442
765	-13.4114595868013
766	-13.7937400235572
767	-14.1300073270486
768	-14.4315697756476
769	-14.7047351281265
770	-14.9513285203566
771	-15.1724297899138
772	-15.3640416369042
773	-15.5198796936322
774	-15.6352950650718
775	-15.7039400248454
776	-15.7242906067489
777	-15.7103888232326
778	-15.6709522841289
779	-15.5996038941486
780	-15.4900742614427
781	-15.3438022503142
782	-15.1558049079729
783	-14.9154919442674
784	-14.6173110111473
785	-14.2561467810271
786	-13.8307808196677
787	-13.337626768072
788	-12.7743434246357
789	-12.1461657598209
790	-11.4599691055507
791	-10.7223008785067
792	-9.94442718585206
793	-9.13997227561849
794	-8.32133454041703
795	-7.50310629488921
796	-6.69945696459321
797	-5.92072065404849
798	-5.17682327173074
799	-4.47546576599149
800	-3.8231965983802
801	-3.22177288952148
802	-2.6657489180658
803	-2.15405851432118
804	-1.68074133020821
805	-1.23451736455889
806	-0.826685151222572
807	-0.478444914986818
808	-0.185087078514838
809	0.0586693432241567
810	0.255417528096542
811	0.400397468911634
812	0.488021225340548
813	0.54249093955766
814	0.580030100740357
815	0.588128078552348
816	0.558357920794199
817	0.505942912853775
818	0.440341817288633
819	0.357656575849013
820	0.247364853100545
821	0.100528576140822
822	-0.0791050492304916
823	-0.274871854453003
824	-0.480378507866924
825	-0.696535989687036
826	-0.928122269908512
827	-1.18424525621295
828	-1.46556528976638
829	-1.77192251468487
830	-2.10309368255263
831	-2.46191416002552
832	-2.85006573731028
833	-3.26403863373617
834	-3.69967579950928
835	-4.15290589896948
836	-4.62057466638664
837	-5.09995364174187
838	-5.58674970415464
839	-6.07662669179195
840	-6.56360678233863
841	-7.0426241534128
842	-7.50973817574589
843	-7.96115450429502
844	-8.3944356124917
845	-8.80591623435242
846	-9.19235425232987
847	-9.55510961097033
848	-9.89669172861275
849	-10.217845143254
850	-10.5163892569672
851	-10.7913347902417
852	-11.0451289122548
853	-11.2817188388593
854	-11.5039485529683
855	-11.7140227901524
856	-11.9137582456219
857	-12.1035962151838
858	-12.2827656931758
859	-12.4511066190898
860	-12.6092989153667
861	-12.7562480103236
862	-12.8891273166034
863	-13.004986409205
864	-13.1011768634627
865	-13.1692224391072
866	-13.1940173626559
867	-13.1664128194787
868	-13.0811796116182
869	-12.9303942277822
870	-12.7111199509941
871	-12.4274696482137
872	-12.0819867099651
873	-11.6764033413007
874	-11.2119085462717
875	-10.6914538829574
876	-10.1257779851242
877	-9.52390025826969
878	-8.89115487961326
879	-8.23710527862319
880	-7.57191862628395
881	-6.90351874501224
882	-6.241550411826
883	-5.59408168388064
884	-4.96968840649701
885	-4.37643548578388
886	-3.82002004440471
887	-3.30159169491678
888	-2.82159236535288
889	-2.38068237586611
890	-1.97786953149891
891	-1.61313198307162
892	-1.28211211902295
893	-0.979604855397034
894	-0.704244546513942
895	-0.453888414058318
896	-0.22280668613818
897	-0.00660313742219184
898	0.195287749056432
899	0.381989344823096
900	0.553460270489633
901	0.710859252275897
902	0.85550541236081
903	0.990748893462694
904	1.12001018389922
905	1.24337726434547
906	1.36551468672899
907	1.49396592011
908	1.62912769948865
909	1.75909810116657
910	1.86014855473937
911	1.91734511294459
912	1.93859565206992
913	1.92874320982929
914	1.87758006498017
915	1.78501995496049
916	1.66827685313214
917	1.54280221359008
918	1.41427221770023
919	1.28352797945528
920	1.14816461396844
921	1.0085414800875
922	0.863466552493076
923	0.710591155958146
924	0.551205139677821
925	0.377659671757902
926	0.182018694961617
927	-0.0305918241964053
928	-0.258971995587084
929	-0.506497901631729
930	-0.783025733889076
931	-1.09910565528614
932	-1.45088051768221
933	-1.81990866069609
934	-2.19174973954284
935	-2.57594172538228
936	-2.98210440938057
937	-3.4038175352447
938	-3.83060250154955
939	-4.24985639740999
940	-4.65523825617754
941	-5.04442885139708
942	-5.41056952672652
943	-5.75188142606692
944	-6.07147117661857
945	-6.36058387358573
946	-6.61203545599577
947	-6.83136990158821
948	-7.02800356524642
949	-7.20310027012608
950	-7.35735371793796
951	-7.48766057284634
952	-7.58348535795534
953	-7.64150436616861
954	-7.6593260866565
955	-7.63464937448788
956	-7.57183774270078
957	-7.477688377528
958	-7.35506637339662
959	-7.20573013697534
960	-7.03196260009592
961	-6.83565215167057
962	-6.61677791043268
963	-6.37721577251288
964	-6.1214036668648
965	-5.85024010575431
966	-5.56441207131203
967	-5.26743865675007
968	-4.9617375382628
969	-4.65093369461488
970	-4.33739228958713
971	-4.02837872399986
972	-3.73550945516254
973	-3.47227083918401
974	-3.24474488733208
975	-3.06836418233643
976	-2.94713271022952
977	-2.85379653087076
978	-2.77751433492543
979	-2.73126485635153
980	-2.72914167675171
981	-2.77198371369208
982	-2.86609901368247
983	-3.01818791170347
984	-3.22607302835798
985	-3.4876837511061
986	-3.79649675960761
987	-4.14725661312577
988	-4.53505329515936
989	-4.95354246948783
990	-5.39505793910707
991	-5.85124586511898
992	-6.31626093094402
993	-6.78466627514514
994	-7.24862499476474
995	-7.70337816145503
996	-8.14319016426551
997	-8.5634249738903
998	-8.96285157671463
999	-9.33849925035994
1000	-9.68988300539536
1001	-10.0177847834947
1002	-10.3207725764253
1003	-10.5992186606735
1004	-10.8564013771502
1005	-11.0906773240977
1006	-11.2936613155148
1007	-11.4540895400561
1008	-11.5732876280247
1009	-11.6699738009877
1010	-11.7648091183549
1011	-11.8728700390304
1012	-12.0066140942875
1013	-12.1739739962952
1014	-12.3769214122548
1015	-12.6159159169555
1016	-12.8905750117933
1017	-13.1968217347407
1018	-13.5305219814963
1019	-13.8858423497531
1020	-14.2571365669574
1021	-14.638949355574
1022	-15.0272727967166
1023	-15.4182146586881
1024	-15.8074463452843
1025	-16.1914640894732
1026	-16.5665861225543
1027	-16.9303973825375
1028	-17.2805713540839
1029	-17.6149341834272
1030	-17.9316196428618
1031	-18.2330885009451
1032	-18.521437204943
1033	-18.7938880771532
1034	-19.0436866778368
1035	-19.2616565631237
1036	-19.4486893474252
1037	-19.6110566861506
1038	-19.7539615065901
1039	-19.8831897847247
1040	-20.0019212655432
1041	-20.1139452691473
1042	-20.2185754985664
1043	-20.3054950000383
1044	-20.3574618643334
1045	-20.3629988708661
1046	-20.3243390829967
1047	-20.2442001461512
1048	-20.1261077180577
1049	-19.97736487962
1050	-19.7946992984466
1051	-19.5749914107116
1052	-19.3192014195651
1053	-19.0180308579264
1054	-18.6687382009525
1055	-18.2756303598279
1056	-17.8380659433941
1057	-17.3579420256312
1058	-16.8380350426096
1059	-16.2819796758405
1060	-15.6947552378786
1061	-15.0806298563627
1062	-14.4457945396969
1063	-13.8002946541614
1064	-13.152127896672
1065	-12.5093264226096
1066	-11.8815020266252
1067	-11.2766797737256
1068	-10.7020571489616
1069	-10.1583310698554
1070	-9.64234164199514
1071	-9.15262538225776
1072	-8.69132570593678
1073	-8.25927343929519
1074	-7.85430542337916
1075	-7.47671107852732
1076	-7.12730925227199
1077	-6.80495666618711
1078	-6.50858892970552
1079	-6.24883558901157
1080	-6.04767586190031
1081	-5.91543756587698
1082	-5.84171753096619
1083	-5.80116960347912
1084	-5.77051785335607
1085	-5.72836688597389
1086	-5.65230867630437
1087	-5.52648884902538
1088	-5.34197232031378
1089	-5.09230094041365
1090	-4.77733295464793
1091	-4.42065336917666
1092	-4.06082216386213
1093	-3.72114118264948
1094	-3.3941068299995
1095	-3.06158127255416
1096	-2.71711644845021
1097	-2.3819348126867
1098	-2.07950856208219
1099	-1.80385383548913
1100	-1.54088973966222
1101	-1.28271751972044
1102	-1.02007580625471
1103	-0.744396120741057
1104	-0.461854440238192
1105	-0.187637539801548
1106	0.0751473683930385
1107	0.328925744650635
1108	0.572146325786788
1109	0.804928997521188
1110	1.02494454838134
1111	1.22765849473855
1112	1.41778669170773
1113	1.60415836328973
1114	1.7862838041912
1115	1.96265495300488
1116	2.1347120980965
1117	2.30559061584644
1118	2.4813209413138
1119	2.66321116579642
1120	2.84722401129931
1121	3.02300744178952
1122	3.17464178375375
1123	3.29590726022435
1124	3.39606095711724
1125	3.49325188980484
1126	3.60581895180537
1127	3.72711454998387
1128	3.83332478714895
1129	3.91258347952457
1130	3.965607079143
1131	4.00322777254754
1132	4.04338342789102
1133	4.08293883480287
1134	4.09847529862456
1135	4.08236663771642
1136	4.04672612950197
1137	4.00348463272163
1138	3.94606946650363
1139	3.86336647795773
1140	3.75389766324352
1141	3.61029241275748
1142	3.42457905210794
1143	3.19399880583024
1144	2.91787094674527
1145	2.59812016750366
1146	2.23880517872522
1147	1.85696663580657
1148	1.45333121700885
1149	1.0302206504505
1150	0.610482707352414
1151	0.212397139088357
1152	-0.154634241318767
1153	-0.49565261968891
1154	-0.816765235909333
1155	-1.11916580202171
1156	-1.40557542448283
1157	-1.67687764347184
1158	-1.92965599541795
1159	-2.1635757827298
1160	-2.37989710607458
1161	-2.57901161331472
1162	-2.76157170296931
1163	-2.92824598273456
1164	-3.08017458543262
1165	-3.21766497928844
1166	-3.33995265137996
1167	-3.4505242475081
1168	-3.55346617895252
1169	-3.64876344519152
1170	-3.73570040289946
1171	-3.81424980623849
1172	-3.88457763562303
1173	-3.94748095232393
1174	-4.0052560201092
1175	-4.06005555828608
1176	-4.11625889334577
1177	-4.17981519583063
1178	-4.25020510064484
1179	-4.33016416392983
1180	-4.42808604098012
1181	-4.55435421183026
1182	-4.722675334532
1183	-4.94025915755315
1184	-5.20871748006992
1185	-5.52793315218046
1186	-5.89346672078435
1187	-6.30029655898637
1188	-6.73928793417388
1189	-7.20065105245937
1190	-7.6772791840176
1191	-8.15949315825064
1192	-8.63994167833169
1193	-9.11306435300411
1194	-9.57327007318876
1195	-10.017680988609
1196	-10.4444267997076
1197	-10.8526074096138
1198	-11.2402805855203
1199	-11.6067778210574
1200	-11.9537202016531
1201	-12.2817238337646
1202	-12.5914500310192
1203	-12.8837636454886
1204	-13.159763174312
1205	-13.4230055137513
1206	-13.6790828826585
1207	-13.9296861964454
1208	-14.1734987187537
1209	-14.4072958170503
1210	-14.6307844121209
1211	-14.8475621279641
1212	-15.0605898220914
1213	-15.2702797811227
1214	-15.4746794018457
1215	-15.6723514162422
1216	-15.8643778151012
1217	-16.0515885100916
1218	-16.233774138353
1219	-16.4112690602167
1220	-16.5866106792106
1221	-16.7619956459982
1222	-16.9371380525582
1223	-17.1118877193695
1224	-17.2851199360623
1225	-17.4545386732851
1226	-17.6182190944263
1227	-17.776683057848
1228	-17.9304257242446
1229	-18.0782763891865
1230	-18.2191144954294
1231	-18.3531121683758
1232	-18.4792208178805
1233	-18.5938474704134
1234	-18.6960257814205
1235	-18.7863846650279
1236	-18.8636540192309
1237	-18.9228656497201
1238	-18.9538846129852
1239	-18.9408599862834
1240	-18.8659762084995
1241	-18.71849558825
1242	-18.4955631158204
1243	-18.1958051837438
1244	-17.8142514022087
1245	-17.3473442568209
1246	-16.7988122569763
1247	-16.1717271739564
1248	-15.4711308385735
1249	-14.7105046505577
1250	-13.9057101513064
1251	-13.0687054550433
1252	-12.2071889029106
1253	-11.3307384397166
1254	-10.4501182046386
1255	-9.57703176053842
1256	-8.72351116610568
1257	-7.9008643025779
1258	-7.11559164004279
1259	-6.3714146665669
1260	-5.6735724926164
1261	-5.02286707199993
1262	-4.41929684495605
1263	-3.85933530528062
1264	-3.34055638995803
1265	-2.86023172047823
1266	-2.41308926924865
1267	-1.99633469928318
1268	-1.60629829167439
1269	-1.24115338982211
1270	-0.900062900234892
1271	-0.579475946536871
1272	-0.274361259839942
1273	0.0176682423233247
1274	0.297435724147294
1275	0.567238883523263
1276	0.829714677229399
1277	1.086108694419
1278	1.33701927095428
1279	1.58168375812446
1280	1.81842199448974
1281	2.04685921852892
1282	2.26648236182924
1283	2.47877892642337
1284	2.6875755238259
1285	2.89503620465982
1286	3.09900474753992
1287	3.29783098905152
1288	3.49139646544174
1289	3.68002796773564
1290	3.86325136134489
1291	4.03934066332567
1292	4.20572668811665
1293	4.3560015577865
1294	4.47803368967536
1295	4.55909414390426
1296	4.58950171828977
1297	4.56345488700988
1298	4.47916436573601
1299	4.34528005282085
1300	4.17175969703638
1301	3.96514103081407
1302	3.73409257745883
1303	3.48565138076778
1304	3.2250925368612
1305	2.95395646763101
1306	2.67293502695107
1307	2.38409603726099
1308	2.08698836536148
1309	1.78241735553953
1310	1.47298614656623
1311	1.16013536509061
1312	0.844156954063927
1313	0.525783093548074
1314	0.204419703556944
1315	-0.120890832954344
1316	-0.447633042529997
1317	-0.773640183705104
1318	-1.09606801737393
1319	-1.41186982881912
1320	-1.72058256531678
1321	-2.0212586993112
1322	-2.31163085703318
1323	-2.5880362407174
1324	-2.84736018001653
1325	-3.09150135091286
1326	-3.32263856650896
1327	-3.53919951602138
1328	-3.73860180814947
1329	-3.92002491553176
1330	-4.08533268378928
1331	-4.23817111193886
1332	-4.37998787887231
1333	-4.5115522936617
1334	-4.63456905688852
1335	-4.7487024832524
1336	-4.85131573179942
1337	-4.94131781526436
1338	-5.01984652461171
1339	-5.08590539337855
1340	-5.14008771233265
1341	-5.1844482834969
1342	-5.21825692654129
1343	-5.24156965684919
1344	-5.25471793848846
1345	-5.25756928776531
1346	-5.24994069476672
1347	-5.23331094034395
1348	-5.21036821294604
1349	-5.18256891354762
1350	-5.15147696107949
1351	-5.11667256905705
1352	-5.07674454421617
1353	-5.02965141901899
1354	-4.96784949395834
1355	-4.88643893486776
1356	-4.79169342277666
1357	-4.68390020215134
1358	-4.55234253728332
1359	-4.3881470773939
1360	-4.1818299852839
1361	-3.92311918829716
1362	-3.60965263627916
1363	-3.24231379033873
1364	-2.82270691102257
1365	-2.35535410260009
1366	-1.8491704949489
1367	-1.31401001502357
1368	-0.753563257112693
1369	-0.173929597105487
1370	0.41120497752688
1371	0.994209316861693
1372	1.57054454051812
1373	2.13226938985877
1374	2.6749679972122
1375	3.19572226769237
1376	3.69161825843354
1377	4.15953688331048
1378	4.59627254051078
1379	5.00155131524703
1380	5.37593828672662
1381	5.72286185516527
1382	6.04564187824085
1383	6.34390069457534
1384	6.61960448499055
1385	6.87455332139861
1386	7.10987865242239
1387	7.32598025094032
1388	7.52474070524236
1389	7.70957148126082
1390	7.88005879299024
1391	8.03608205015755
1392	8.17874240172148
1393	8.31005945970245
1394	8.43184329952375
1395	8.54502595566899
1396	8.65104795844714
1397	8.75041836660011
1398	8.84255553522256
1399	8.92755817975554
1400	9.00614803089136
1401	9.07934527032376
1402	9.14547202441643
1403	9.20302917011383
1404	9.24532703677379
1405	9.2658299141964
1406	9.25539289824654
1407	9.20283379499851
1408	9.09756828061862
1409	8.92393678972437
1410	8.67011575578838
1411	8.3297172872151
1412	7.89933046298671
1413	7.37453279730801
1414	6.76037129373171
1415	6.07146924198918
1416	5.32640293074783
1417	4.54548597878597
1418	3.73673903109954
1419	2.90289308614938
1420	2.05135069608185
1421	1.19231444249009
1422	0.335738164384417
1423	-0.506677926791239
1424	-1.32455666972215
1425	-2.11285854305537
1426	-2.86477912284546
1427	-3.57552764413105
1428	-4.24337685019239
1429	-4.86936537040682
1430	-5.45528556755378
1431	-5.99888832930491
1432	-6.49258729258443
1433	-6.92255565327935
1434	-7.2818688741608
1435	-7.57503810017287
1436	-7.8124397081857
1437	-8.00918161122413
1438	-8.17490586686669
1439	-8.31814777953959
1440	-8.44931268736759
1441	-8.56876320780562
1442	-8.67336313780426
1443	-8.75787836178581
1444	-8.81277084966976
1445	-8.83063852573106
1446	-8.81909849653838
1447	-8.78812297171845
1448	-8.7334220034763
1449	-8.65207867297653
1450	-8.54270863899657
1451	-8.39389254487976
1452	-8.1897200162415
1453	-7.91814496009909
1454	-7.57853412388535
1455	-7.17866895125065
1456	-6.73349502639176
1457	-6.25195000758414
1458	-5.7413771040425
1459	-5.21726197944519
1460	-4.68954122879629
1461	-4.16999212985466
1462	-3.66118111299251
1463	-3.14819099910909
1464	-2.61725653736427
1465	-2.06257299859865
1466	-1.48613750548328
1467	-0.893113764008145
1468	-0.288912386871634
1469	0.320016182499523
1470	0.927147929949759
1471	1.52619792933676
1472	2.11212957674842
1473	2.68067483648998
1474	3.22698601506215
1475	3.75250729918436
1476	4.2587374852373
1477	4.74307346475955
1478	5.19788309183153
1479	5.60576872022421
1480	5.95364730266293
1481	6.25619901899619
1482	6.52704729767683
1483	6.77341479366334
1484	7.00738832464982
1485	7.22816484750263
1486	7.42785079471438
1487	7.6051292567234
1488	7.75804171571607
1489	7.88432730918942
1490	7.98589964464274
1491	8.06357138768677
1492	8.12054719627077
1493	8.16084169666592
1494	8.18632210094397
1495	8.20312818128387
1496	8.2124613402961
1497	8.21038362948109
1498	8.20547936298054
1499	8.20053776515464
1500	8.19244662738931
1501	8.18382982749885
1502	8.17169017152152
1503	8.15448105869003
1504	8.1354304781984
1505	8.10858424981274
1506	8.0706532809722
1507	8.02239315006742
1508	7.96049777039657
1509	7.88902735946979
1510	7.8094701912838
1511	7.71994878135858
1512	7.6224590859522
1513	7.51271664321784
1514	7.38782075813164
1515	7.2479797257642
1516	7.10183004600816
1517	6.95408259469425
1518	6.80865906161622
1519	6.6777908749804
1520	6.56828720320308
1521	6.48457348711902
1522	6.42546451098779
1523	6.38288611143623
1524	6.35104704310098
1525	6.33453348345991
1526	6.3406091880509
1527	6.37190620703497
1528	6.42448544091651
1529	6.48471472572203
1530	6.54154576131046
1531	6.59323929736874
1532	6.64068502341141
1533	6.6847116753068
1534	6.72456548639159
1535	6.75866875752382
1536	6.78602001690912
1537	6.80464909180879
1538	6.81219210509607
1539	6.81139587434626
1540	6.79860851598428
1541	6.77797547693548
1542	6.76607093245115
1543	6.77489354047931
1544	6.81089513433803
1545	6.87574323179624
1546	6.96647052334684
1547	7.07075210316307
1548	7.17660783150066
1549	7.27990957016729
1550	7.38072188363935
1551	7.47841688314859
1552	7.56877218544761
1553	7.65404009617664
1554	7.73667202468098
1555	7.8119656869779
1556	7.88118820429207
1557	7.94367458070543
1558	7.99045919249824
1559	8.02688234683434
1560	8.06658300706002
1561	8.11751268874327
1562	8.18836131049477
1563	8.28709637001684
1564	8.41919224609089
1565	8.58239323517401
1566	8.76769233480638
1567	8.96242384031506
1568	9.15183203804785
1569	9.31631776713422
1570	9.44195253321766
1571	9.52019031130699
1572	9.54764694406773
1573	9.53692206132436
1574	9.50469222082749
1575	9.46678534263542
1576	9.43594234999522
1577	9.41916615261106
1578	9.4195116802733
1579	9.43693315491516
1580	9.47100652106292
1581	9.52016026165144
1582	9.58333717280861
1583	9.65894841168919
1584	9.7445231275467
1585	9.83642569374905
1586	9.93183859116236
1587	10.0306832013869
1588	10.1302604146805
1589	10.2279447244862
1590	10.3230190976694
1591	10.4146303205303
1592	10.5009313606841
1593	10.581914034455
1594	10.6583451795239
1595	10.7302213825529
1596	10.7980198556817
1597	10.8623361553244
1598	10.9249922702346
1599	10.9875088997862
1600	11.0427518368238
1601	11.0763629463776
1602	11.0771100668477
1603	11.0403314881821
1604	10.9645668343649
1605	10.849002217245
1606	10.6910094600341
1607	10.488760627693
1608	10.2401645537218
1609	9.94342529148815
1610	9.59972584717677
1611	9.2116758080943
1612	8.78347487358518
1613	8.31877240478234
1614	7.82142243150503
1615	7.29759731927963
1616	6.75354387636521
1617	6.1955264881257
1618	5.62988735359014
1619	5.06351203299137
1620	4.50803896956554
1621	3.97247060685182
1622	3.46036360384739
1623	2.97549402111946
1624	2.52043491370726
1625	2.09308466618076
1626	1.68824025799544
1627	1.30048989655355
1628	0.927084877628684
1629	0.574961817116484
1630	0.252535933449683
1631	-0.0348252598881127
1632	-0.285716543223925
1633	-0.495679629373588
1634	-0.674214437254986
1635	-0.834651003479085
1636	-0.982623059257924
1637	-1.13093884814055
1638	-1.28898160943197
1639	-1.45849897204277
1640	-1.63822463150286
1641	-1.82994239953031
1642	-2.03257988835537
1643	-2.24320966548111
1644	-2.45986524385388
1645	-2.68079729895312
1646	-2.90302265275467
1647	-3.1250156122838
1648	-3.34433745805821
1649	-3.55656438568966
1650	-3.75990780074323
1651	-3.95246505347911
1652	-4.13351901342214
1653	-4.3027611988862
1654	-4.46008324246402
1655	-4.60491496860186
1656	-4.73310390650491
1657	-4.83931103465216
1658	-4.91380506314079
1659	-4.94866973004328
1660	-4.94021025847467
1661	-4.89047559406595
1662	-4.80596962486115
1663	-4.69096855180983
1664	-4.54839427767484
1665	-4.38053275029745
1666	-4.18857987943374
1667	-3.97476211483535
1668	-3.74220647657167
1669	-3.49145512245763
1670	-3.22242942367146
1671	-2.93637183266945
1672	-2.63344685781875
1673	-2.31504909933306
1674	-1.98356565949118
1675	-1.63729538584971
1676	-1.27786685151858
1677	-0.909032354652263
1678	-0.531870669602065
1679	-0.149257665104113
1680	0.23520074347732
1681	0.619682990204102
1682	1.00183823368793
1683	1.37779124134228
1684	1.74455144273331
1685	2.10042459432042
1686	2.44385563814342
1687	2.77198962397459
1688	3.0833994836286
1689	3.37734893460848
1690	3.65265656898763
1691	3.9085168718915
1692	4.14422138238954
1693	4.35951172946578
1694	4.5567340907791
1695	4.7373023720531
1696	4.90066197051579
1697	5.04931033584799
1698	5.18659390820908
1699	5.31495170218706
1700	5.43875862950625
1701	5.56069969608251
1702	5.68055699149756
1703	5.80088349961966
1704	5.92352970375715
1705	6.04810756677664
1706	6.17035311563543
1707	6.28265743526513
1708	6.37478255272092
1709	6.43642230145128
1710	6.4668643099687
1711	6.46565622827204
1712	6.43315938289157
1713	6.36841349869127
1714	6.26777827414074
1715	6.13386055310696
1716	5.97181383916286
1717	5.78533678689467
1718	5.57494836096315
1719	5.3427421681169
1720	5.0931676474858
1721	4.82979272451828
1722	4.5556573066141
1723	4.27197680757855
1724	3.98073289230325
1725	3.68415140216153
1726	3.38381821929639
1727	3.0818746146891
1728	2.78144422447148
1729	2.48623720844905
1730	2.19925660873783
1731	1.92138570028115
1732	1.65317172801908
1733	1.39664801607726
1734	1.15389045497067
1735	0.925543289395311
1736	0.71351318464813
1737	0.519157655068608
1738	0.341382040968424
1739	0.179030185891577
1740	0.0302200970622193
1741	-0.104868753245881
1742	-0.22505515405055
1743	-0.33132232294952
1744	-0.423581424567657
1745	-0.500668617179466
1746	-0.564588975489404
1747	-0.617380564271172
1748	-0.660248219071774
1749	-0.693835916047153
1750	-0.717166142171742
1751	-0.730284152482349
1752	-0.734243597332559
1753	-0.730923059143312
1754	-0.721267519392703
1755	-0.704962135932022
1756	-0.681063798206232
1757	-0.649923367607038
1758	-0.61230924110543
1759	-0.567423454776685
1760	-0.516649839896563
1761	-0.460014837098544
1762	-0.397799900501636
1763	-0.332292948092681
1764	-0.262821506943848
1765	-0.189845384668496
1766	-0.115087579074333
1767	-0.0366274249421876
1768	0.0476395370475056
1769	0.136792979122587
1770	0.229025754198202
1771	0.324049215025166
1772	0.422095129562831
1773	0.524771529854085
1774	0.636823862089232
1775	0.766983235209326
1776	0.921115480823353
1777	1.09893969492888
1778	1.30266727870488
1779	1.53454611967817
1780	1.78754109148655
1781	2.05182800345109
1782	2.3187244474775
1783	2.57842136969181
1784	2.82148140449063
1785	3.04457560366655
1786	3.25362723129854
1787	3.45539981405731
1788	3.65213756268105
1789	3.84487881104578
1790	4.03045680509332
1791	4.20117633154859
1792	4.35622723275385
1793	4.50736837815772
1794	4.66308915935097
1795	4.82300164037321
1796	4.98098908738154
1797	5.12864457685665
1798	5.26794695598013
1799	5.40651234404128
1800	5.54714995767211
1801	5.68845578720929
1802	5.81999355344902
1803	5.93042778588456
1804	6.02868925748889
1805	6.1271023766039
1806	6.22538836148319
1807	6.31317860734337
1808	6.37886961694725
1809	6.4245799293956
1810	6.46731629915134
1811	6.51794832576374
1812	6.57200613946574
1813	6.61848175377808
1814	6.64670432268402
1815	6.66020529583074
1816	6.676349234707
1817	6.70437610243546
1818	6.73873630461817
1819	6.76645660979285
1820	6.78069931981603
1821	6.79361224004209
1822	6.81816773974984
1823	6.85322397827721
1824	6.88771480515506
1825	6.90881228671997
1826	6.91547089330605
1827	6.92377752646202
1828	6.94655741627539
1829	6.98086413969018
1830	7.01535027912147
1831	7.04387816257834
1832	7.07450544194595
1833	7.11693440898504
1834	7.17429783253992
1835	7.2446793104255
1836	7.3256140502466
1837	7.41447129164493
1838	7.51075068962786
1839	7.61666107520482
1840	7.72530715395015
1841	7.82123571831632
1842	7.89228444311848
1843	7.9304627658648
1844	7.92875512171519
1845	7.8807272704296
1846	7.77927728794479
1847	7.62310047485031
1848	7.42130839744889
1849	7.18494511732101
1850	6.91970473678862
1851	6.63423016881142
1852	6.3440178323295
1853	6.05918753815866
1854	5.78450218327606
1855	5.53351714634379
1856	5.31057763851847
1857	5.10745231818259
1858	4.92580768325833
1859	4.76917634504731
1860	4.63458978772228
1861	4.51423160340683
1862	4.40516753873277
1863	4.30943916836143
1864	4.22580528301621
1865	4.15514530303436
1866	4.0983760327146
1867	4.05332824000342
1868	4.02121514738021
1869	4.00570513312733
1870	4.00945820099074
1871	4.03563558059615
1872	4.08463349916498
1873	4.15351516936809
1874	4.24515052145256
1875	4.36521721372678
1876	4.51390007795119
1877	4.69108800329781
1878	4.89234794675158
1879	5.11219813164454
1880	5.34699920158411
1881	5.58755430747224
1882	5.83770089275108
1883	6.10608442126561
1884	6.39819837833161
1885	6.72018335506393
1886	7.07111790085019
1887	7.44862928123488
1888	7.84724047423503
1889	8.25109768563458
1890	8.64201794676235
1891	9.02059346389194
1892	9.38750903277705
1893	9.73076459516173
1894	10.0466293775467
1895	10.3372355837346
1896	10.5978451803201
1897	10.8248888095408
1898	11.0232406577656
1899	11.1914572039614
1900	11.3307544400861
1901	11.4453008544513
1902	11.5396076286155
1903	11.6193545246994
1904	11.6839819699467
1905	11.7360413219363
1906	11.7790988760711
1907	11.8128187653286
1908	11.8356316492416
1909	11.8455315607929
1910	11.8413603541563
1911	11.8205753286836
1912	11.7807982868423
1913	11.7230146068924
1914	11.6502928170606
1915	11.5707961116597
1916	11.4906816669972
1917	11.4140014153835
1918	11.3449235442361
1919	11.2851161617102
1920	11.2356955899227
1921	11.197809698389
1922	11.171718935234
1923	11.1563451242262
1924	11.1522759115902
1925	11.1595815524385
1926	11.1769581989053
1927	11.2025482828446
1928	11.2311284081551
1929	11.2533844834342
1930	11.2606423961923
1931	11.2520317473744
1932	11.2297607463215
1933	11.1931550849673
1934	11.140358111737
1935	11.0692423411968
1936	10.9781060251782
1937	10.8672070630816
1938	10.7370832931485
1939	10.5874008097914
1940	10.41998660861
1941	10.2359830871192
1942	10.0357374005594
1943	9.8207730725721
1944	9.5927740120129
1945	9.3536637599787
1946	9.10357099045078
1947	8.84236297978515
1948	8.57344273372849
1949	8.30068074513586
1950	8.0241839324755
1951	7.74442299512424
1952	7.46577429662116
1953	7.19132194421045
1954	6.92407219923198
1955	6.66779953064737
1956	6.42361384276578
1957	6.19036280719591
1958	5.96635383101503
1959	5.75127227885929
1960	5.54498573081818
1961	5.34595815205012
1962	5.1529204190968
1963	4.96349370559857
1964	4.77668700104094
1965	4.59648418246018
1966	4.43146295026188
1967	4.28854808640585
1968	4.15543412137655
1969	4.02349409683359
1970	3.89692510377556
1971	3.77143698199282
1972	3.64561146817591
1973	3.52625034253142
1974	3.41720116428395
1975	3.31698906574796
1976	3.2220572212988
1977	3.13094108413275
1978	3.04212624549499
1979	2.95491493414835
1980	2.86731820704374
1981	2.77631850807777
1982	2.68040475556092
1983	2.58099860793741
1984	2.48078449749895
1985	2.38107392145509
1986	2.27917155272624
1987	2.16992671656542
1988	2.05257849624599
1989	1.93024490624032
1990	1.81354558703325
1991	1.70597286580335
1992	1.60599223329772
1993	1.51468213785432
1994	1.43132883448138
1995	1.36041379430416
1996	1.30103625256912
1997	1.25177754640435
1998	1.21407096254311
1999	1.18600128152837
2000	1.16499169545254
2001	1.15246824084278
2002	1.14252732053958
2003	1.12225337889358
2004	1.08816910189195
2005	1.04385259389106
2006	0.991886910163581
2007	0.936527589932864
2008	0.881622554831349
2009	0.822560546142635
2010	0.757055001160271
2011	0.686235956412275
2012	0.610718946108021
2013	0.539749382350996
2014	0.47346680642892
2015	0.402352187620773
2016	0.323308173913308
2017	0.237408001605108
2018	0.151934732026593
2019	0.0738863854017444
2020	0.00276081700552289
2021	-0.0656820426405429
2022	-0.136369768164195
2023	-0.211553904003499
2024	-0.280317633466439
2025	-0.336470135754768
2026	-0.377313928283296
2027	-0.402986903943971
2028	-0.416278185447623
2029	-0.412471282497107
2030	-0.393292373438844
2031	-0.363089120036361
2032	-0.319377456973928
2033	-0.259193546106983
2034	-0.189523649055824
2035	-0.109626235908327
2036	-0.0185916226437144
2037	0.0758678683207165
2038	0.173427919948355
2039	0.277184021009882
2040	0.389480458991731
2041	0.511285070028529
2042	0.644564319337208
2043	0.790500946503496
2044	0.949198602982678
2045	1.11973597126818
2046	1.30023230733603
2047	1.49056893130011
2048	1.69111817340056
2049	1.90091495051743
2050	2.11921113928013
2051	2.34499585652396
2052	2.57612831429049
2053	2.81041142385775
2054	3.04562993629238
2055	3.28125418173752
2056	3.5168199989812
2057	3.7487935402865
2058	3.97676257680604
2059	4.202239053136
2060	4.42601219983541
2061	4.65271297281676
2062	4.88198786208349
2063	5.10115314749529
2064	5.29492281451192
2065	5.44994179456858
2066	5.5499514888642
2067	5.59198460546224
2068	5.60471490649991
2069	5.61629922060168
2070	5.61867863242652
2071	5.58217010195663
2072	5.48094049834534
2073	5.31318008991878
2074	5.10655971186258
2075	4.89250150383863
2076	4.6712170790923
2077	4.42827872367716
2078	4.16909422691863
2079	3.90528493416664
2080	3.64362425781442
2081	3.39033392696084
2082	3.14532550228017
2083	2.90036265184209
2084	2.65470643404754
2085	2.41267964731685
2086	2.16947397017641
2087	1.9155573288473
2088	1.65838929734181
2089	1.41889390181323
2090	1.21389071726744
2091	1.05856035396097
2092	0.959961383548657
2093	0.922291043160132
2094	0.947536205241098
2095	1.03194362673922
2096	1.17339356130663
2097	1.3735359100428
2098	1.63004072548336
2099	1.93661269611607
2100	2.29236784025841
2101	2.69236053075065
2102	3.12823243508641
2103	3.59230039965115
2104	4.07801144902981
2105	4.57445084686449
2106	5.07024904878853
2107	5.56411376548084
2108	6.05436123623781
2109	6.53208376748654
2110	6.98666319284947
2111	7.41428930430078
2112	7.81598721575831
2113	8.17482745541592
2114	8.48047722585928
2115	8.7321797345467
2116	8.92599821517799
2117	9.07547826199512
2118	9.19678752876721
2119	9.29798481180282
2120	9.38532641688332
2121	9.46170659654722
2122	9.52865554970379
2123	9.59114417783127
2124	9.65274596374952
2125	9.71357006497138
2126	9.77327454346978
2127	9.83168694969726
2128	9.88822397397879
2129	9.94340488073276
2130	9.99731426520436
2131	10.0483153877246
2132	10.0952789620694
2133	10.1388873057031
2134	10.1799741805319
2135	10.2215933200785
2136	10.2681850442618
2137	10.321330956216
2138	10.3751651945512
2139	10.4165876179625
2140	10.4385062629573
2141	10.4454732561368
2142	10.440112101946
2143	10.4231266868197
2144	10.3978585316451
2145	10.3667859123127
2146	10.3311730657481
2147	10.2911339937695
2148	10.2471881251573
2149	10.1997548220806
2150	10.148990114416
2151	10.096009680478
2152	10.0393824997724
2153	9.97953200642488
2154	9.91690528599976
2155	9.85097686765453
2156	9.78212406985736
2157	9.70883415404803
2158	9.6328219213425
2159	9.55528085778578
2160	9.47445255031698
2161	9.39000422944397
2162	9.3023495377818
2163	9.21190836570042
2164	9.11911327803188
2165	9.0235273719553
2166	8.92522064110701
2167	8.82497340822925
2168	8.7230641386482
2169	8.62008308108363
2170	8.51699212226276
2171	8.41388191703693
2172	8.30937913193047
2173	8.20300573017444
2174	8.09509669204231
2175	7.98504512795678
2176	7.8720970817722
2177	7.75591313859482
2178	7.63622269892705
2179	7.5132410962473
2180	7.38774444443986
2181	7.26074507529879
2182	7.13284341676881
2183	7.00438423765933
2184	6.87586495406165
2185	6.74778030961285
2186	6.62011401242917
2187	6.49359260601864
2188	6.37127670071756
2189	6.25488888246343
2190	6.14340513801906
2191	6.03299187783058
2192	5.91968860427048
2193	5.80062036164395
2194	5.67969411910074
2195	5.55583239342636
2196	5.41836634353855
2197	5.25490727447535
2198	5.0531466071983
2199	4.8070710708109
2200	4.51352084400512
2201	4.17342600109371
2202	3.79226994682873
2203	3.3775492924996
2204	2.93628060670033
2205	2.477076636758
2206	2.00837550522781
2207	1.53597270368336
2208	1.06752198087327
2209	0.611374351208415
2210	0.172881677115956
2211	-0.244554746071535
2212	-0.638637806118408
2213	-1.00853571522135
2214	-1.35610042867404
2215	-1.68396546727556
2216	-1.99255428901326
2217	-2.2826975351266
2218	-2.5546219234538
2219	-2.80994577187107
2220	-3.05129885950103
2221	-3.27976951108596
2222	-3.49553922971449
2223	-3.70015132964346
2224	-3.89599129352134
2225	-4.08194076189356
2226	-4.25602815812897
2227	-4.42007149543651
2228	-4.57540930609326
2229	-4.72110148277186
2230	-4.85884394248709
2231	-4.99078586367128
2232	-5.11786766305574
2233	-5.24021449928982
2234	-5.3586005660663
2235	-5.47362439794744
2236	-5.5854679699433
2237	-5.69466198342236
2238	-5.79949486350554
2239	-5.89752838358965
2240	-5.98820167864521
2241	-6.07118508765289
2242	-6.14610040197624
2243	-6.21403260483858
2244	-6.27691328826549
2245	-6.33405460531546
2246	-6.38099786681746
2247	-6.40861839528716
2248	-6.40499162544968
2249	-6.35480225905974
2250	-6.24214835047902
2251	-6.05570370754355
2252	-5.78647642455403
2253	-5.42847537325802
2254	-4.97870836506478
2255	-4.43460315118344
2256	-3.79737371937002
2257	-3.07190181487044
2258	-2.26843328935135
2259	-1.40013559311933
2260	-0.477904243979372
2261	0.485392009179691
2262	1.47537690900254
2263	2.47640138392879
2264	3.47181089950893
2265	4.44612751710043
2266	5.38567518911187
2267	6.27938253616129
2268	7.11878565422875
2269	7.90151395243972
2270	8.62555146533874
2271	9.29274120016829
2272	9.90737816021417
2273	10.4730754718382
2274	10.9960204670632
2275	11.4805716107757
2276	11.9315474349638
2277	12.3538760247243
2278	12.7497778701758
2279	13.1231670466137
2280	13.477154881302
2281	13.8129183488651
2282	14.1309753699894
2283	14.4288787871108
2284	14.7091300711459
2285	14.9675231224909
2286	15.1987938594522
2287	15.3952244894129
2288	15.5449576074934
2289	15.6374864052903
2290	15.6695217329072
2291	15.655148900779
2292	15.6174488437538
2293	15.5784548199659
2294	15.5518903687772
2295	15.5468726958013
2296	15.5695725571424
2297	15.62302992658
2298	15.7079671805794
2299	15.8210109182312
2300	15.9584663797085
2301	16.1160922285451
2302	16.288347687846
2303	16.4700162725182
2304	16.6584933818101
2305	16.8515175006235
2306	17.0445172104001
2307	17.2348863829786
2308	17.4198238721727
2309	17.5962768557525
2310	17.7640271830335
2311	17.9230733904591
2312	18.073639187211
2313	18.2162109270832
2314	18.3495512758973
2315	18.4729823721824
2316	18.58627135557
2317	18.6882915033983
2318	18.7797161317751
2319	18.8614528554885
2320	18.9335639519435
2321	18.9967811152212
2322	19.0502172605515
2323	19.0940798153014
2324	19.1291983897803
2325	19.1544381754799
2326	19.1700033653125
2327	19.1780196128516
2328	19.1801169222524
2329	19.176726307991
2330	19.1676136812402
2331	19.1530579288433
2332	19.1317920898511
2333	19.0931674846386
2334	19.0195467965765
2335	18.8950588540592
2336	18.7097562934712
2337	18.4580965698759
2338	18.1331460450004
2339	17.7313299314722
2340	17.2569080717675
2341	16.7118696014722
2342	16.0988137138856
2343	15.4224140943244
2344	14.6895263922247
2345	13.9140813094055
2346	13.1106603945354
2347	12.2904120663577
2348	11.4638365474625
2349	10.6397516769426
2350	9.82459019823673
2351	9.02919017115794
2352	8.26601324221528
2353	7.54010302804003
2354	6.85388528330535
2355	6.20760472319695
2356	5.60395080142305
2357	5.04336665970303
2358	4.5209783605033
2359	4.03667431414346
2360	3.58798193998449
2361	3.16802956104907
2362	2.77436767698038
2363	2.4066837976317
2364	2.0621453662013
2365	1.73678261541775
2366	1.42699672447539
2367	1.13094599596036
2368	0.849472746205507
2369	0.583441674249382
2370	0.330547181568561
2371	0.088780736637613
2372	-0.143492535352615
2373	-0.368954709553603
2374	-0.589162454603829
2375	-0.805588955839136
2376	-1.0184514287151
2377	-1.22833879929381
2378	-1.43381062925068
2379	-1.62855625960415
2380	-1.7983709571856
2381	-1.93308138098033
2382	-2.02969402084395
2383	-2.09309824722775
2384	-2.13545565635058
2385	-2.16196986891221
2386	-2.17200988807363
2387	-2.16205127112505
2388	-2.12690780662701
2389	-2.06280471386027
2390	-1.96461026311387
2391	-1.83560501203154
2392	-1.68887353421242
2393	-1.53346669193956
2394	-1.35852193058771
2395	-1.14667525884044
2396	-0.884451546301199
2397	-0.554138098918823
2398	-0.147674585787681
2399	0.320879767380302
2400	0.822000479818125
2401	1.32870022707575
2402	1.83637031634704
2403	2.34850699634656
2404	2.86092839287088
2405	3.36937425165082
2406	3.86875143162719
2407	4.35672815737991
2408	4.83137551326074
2409	5.29442838124591
2410	5.74789258255564
2411	6.17650987874847
2412	6.56489099649028
2413	6.92662649824129
2414	7.28161727741723
2415	7.62166096320975
2416	7.92884504834941
2417	8.19435392497108
2418	8.41606861947734
2419	8.59440431646341
2420	8.72893974372104
2421	8.82217457963214
2422	8.87963732552699
2423	8.90099756249093
2424	8.87605224194582
2425	8.79655357833484
2426	8.66363673680434
2427	8.48014521407275
2428	8.25329204665051
2429	7.99083324696627
2430	7.70777414223184
2431	7.4233430263536
2432	7.13693115885189
2433	6.8414755227209
2434	6.53697942545863
2435	6.22301446670793
2436	5.89949414886339
2437	5.56611369627525
2438	5.22167612505337
2439	4.8723800186936
2440	4.52623310007729
2441	4.18638362340682
2442	3.85291516077897
2443	3.52446851835907
2444	3.20160924489738
2445	2.8862714525865
2446	2.58142146174763
2447	2.28849474962031
2448	2.01145478511788
2449	1.75486847067194
2450	1.52176170441834
2451	1.30842761942957
2452	1.11007207061529
2453	0.920963190403098
2454	0.732647632829298
2455	0.539311746865015
2456	0.345797518365498
2457	0.17070892385719
2458	0.0204555967473187
2459	-0.110414425867037
2460	-0.223566480063981
2461	-0.319091027482232
2462	-0.400810433561946
2463	-0.484117524235301
2464	-0.586423848647956
2465	-0.716149062102559
2466	-0.880472219082404
2467	-1.08584235990566
2468	-1.33363958594835
2469	-1.62207163698337
2470	-1.94645587658212
2471	-2.30217811197382
2472	-2.68333450552088
2473	-3.08135790845338
2474	-3.48761539116071
2475	-3.89340255390998
2476	-4.29064671698617
2477	-4.66639866933677
2478	-5.00250298504662
2479	-5.2897244941398
2480	-5.52497895476173
2481	-5.71398727884725
2482	-5.87522541071284
2483	-6.02308536096005
2484	-6.1680703261208
2485	-6.31799189698731
2486	-6.4713702302058
2487	-6.62639410932669
2488	-6.7874361580226
2489	-6.95179100477977
2490	-7.10282902745587
2491	-7.22865069035007
2492	-7.33340908306234
2493	-7.42636600435029
2494	-7.5118501624752
2495	-7.5927447550802
2496	-7.67450332468713
2497	-7.7559130204739
2498	-7.82638545823386
2499	-7.87781840409066
2500	-7.90499868295964
2501	-7.90224728715419
2502	-7.8690481345192
2503	-7.8083241663905
2504	-7.72313822690486
2505	-7.62251138224426
2506	-7.51426965870718
2507	-7.39490419919744
2508	-7.25956115604296
2509	-7.10762209175424
2510	-6.92404239269527
2511	-6.69531298742485
2512	-6.41617851294382
2513	-6.07745497949199
2514	-5.66717187879645
2515	-5.17528893810297
2516	-4.59980388410141
2517	-3.93948534307752
2518	-3.19865429906034
2519	-2.38556180272639
2520	-1.5109705725444
2521	-0.590334481027818
2522	0.356571782194027
2523	1.3076216818377
2524	2.24550883193445
2525	3.14284179463464
2526	3.97085491511308
2527	4.71111095102604
2528	5.35084452685533
2529	5.88486645841799
2530	6.32171354223622
2531	6.7044831981701
2532	7.06872690819649
2533	7.41704167293564
2534	7.74077698711461
2535	8.02140565416404
2536	8.25682934015452
2537	8.46804260709554
2538	8.66967533899465
2539	8.8543473456839
2540	9.01416411110048
2541	9.1517984686549
2542	9.27295740831469
2543	9.38749538213416
2544	9.50219989074229
2545	9.62209675277511
2546	9.7492224878201
2547	9.88497278604809
2548	10.0304346743999
2549	10.1872344025634
2550	10.3553536329302
2551	10.5310562836553
2552	10.7099039668577
2553	10.8887623522555
2554	11.0681638375195
2555	11.2483246152749
2556	11.4255501694457
2557	11.5980661278048
2558	11.7660705206642
2559	11.9284430120174
2560	12.0800054211987
2561	12.213438552624
2562	12.3149616765488
2563	12.3729726277097
2564	12.3734698076586
2565	12.3051497691442
2566	12.1773771988647
2567	12.0029845415463
2568	11.7927784737009
2569	11.5592002716801
2570	11.3103333999334
2571	11.0502891689629
2572	10.78241799446
2573	10.5084448728534
2574	10.2295813445256
2575	9.94664920758881
2576	9.66044118295561
2577	9.37252850094296
2578	9.08200147699144
2579	8.78652492483898
2580	8.48607995322259
2581	8.18330760069672
2582	7.88015459870403
2583	7.57742090981893
2584	7.27587456140384
2585	6.97566918895794
2586	6.67951932651537
2587	6.38910984298675
2588	6.10473587015487
2589	5.82813355467338
2590	5.55995721919749
2591	5.30096296615862
2592	5.0524459564326
2593	4.81517573330832
2594	4.58910210429937
2595	4.37286299865178
2596	4.1656637749594
2597	3.96916516946336
2598	3.78513850314951
2599	3.61358170569065
2600	3.45294662232734
2601	3.30085589659266
2602	3.15584102171637
2603	3.01717510766064
2604	2.88492110048759
2605	2.76120869696729
2606	2.64698381399806
2607	2.54071463028608
2608	2.44177183398585
2609	2.35030724436244
2610	2.26455498303206
2611	2.18196267576005
2612	2.10211978572357
2613	2.02621529551638
2614	1.95264870047752
2615	1.8802621408959
2616	1.81086281491878
2617	1.74481256056703
2618	1.6837704307918
2619	1.63070958158691
2620	1.58559618714952
2621	1.54584998814015
2622	1.5055940897684
2623	1.4534798611529
2624	1.37653639857919
2625	1.26732608239094
2626	1.12360766975756
2627	0.946481263745161
2628	0.737744046223681
2629	0.498567346093116
2630	0.230509466038904
2631	-0.0626265719706584
2632	-0.375267860317341
2633	-0.702106822680008
2634	-1.03844587807513
2635	-1.3808784934117
2636	-1.7252506367859
2637	-2.06786123845814
2638	-2.40656589976619
2639	-2.73935500042636
2640	-3.06436963964308
2641	-3.37967908999027
2642	-3.68160076398529
2643	-3.96916429137077
2644	-4.24326013896353
2645	-4.50369121192031
2646	-4.75001182055125
2647	-4.98445117223878
2648	-5.20995581024758
2649	-5.4250212040273
2650	-5.62874363459134
2651	-5.82172088345458
2652	-6.00624232976228
2653	-6.18291059016073
2654	-6.35065339252819
2655	-6.51123396404378
2656	-6.66432171960081
2657	-6.80917278468995
2658	-6.94818901784404
2659	-7.08271919537588
2660	-7.21445135325324
2661	-7.34544239612699
2662	-7.47537472447718
2663	-7.603280336702
2664	-7.72795767686633
2665	-7.84768081414829
2666	-7.96228168822341
2667	-8.07304650173561
2668	-8.17835088055782
2669	-8.27722535153572
2670	-8.37118180375232
2671	-8.46011627395551
2672	-8.542709382351
2673	-8.61408651731837
2674	-8.66301689464791
2675	-8.67052720605097
2676	-8.62098480495439
2677	-8.50645322359219
2678	-8.31940013027529
2679	-8.0562835020038
2680	-7.71714014349843
2681	-7.30087749529247
2682	-6.8079852935304
2683	-6.23957611486064
2684	-5.60153975413024
2685	-4.90694373223453
2686	-4.16846325679823
2687	-3.39805600773047
2688	-2.60837200008501
2689	-1.8135107435522
2690	-1.02765973878768
2691	-0.262554533119686
2692	0.472929984136633
2693	1.17145152106362
2694	1.82694460456916
2695	2.43538234594372
2696	2.9961128106009
2697	3.5112380133574
2698	3.98301768088977
2699	4.41485561748798
2700	4.80863214893549
2701	5.16752530681394
2702	5.49844878259941
2703	5.80418381599698
2704	6.08502400941681
2705	6.3424222126457
2706	6.58104836947652
2707	6.80611777321494
2708	7.02006800733514
2709	7.22356564922957
2710	7.41698751403439
2711	7.60409297526128
2712	7.78979968322187
2713	7.9733788346025
2714	8.14172012651599
2715	8.28269829550685
2716	8.385783629479
2717	8.4408004577748
2718	8.43440898287841
2719	8.35856444808957
2720	8.22907503140418
2721	8.07607879210647
2722	7.91149486875268
2723	7.71668139533625
2724	7.47913207702614
2725	7.20911932463675
2726	6.91820716659424
2727	6.61031870999312
2728	6.2866421870371
2729	5.9494183984414
2730	5.59678939640092
2731	5.2263571727037
2732	4.84064003024981
2733	4.43701900481251
2734	4.01560440216671
2735	3.58412932349069
2736	3.15020183576088
2737	2.72026238734481
2738	2.29881010076799
2739	1.88887012231249
2740	1.49341888044736
2741	1.11524496232544
2742	0.758128465211651
2743	0.423854010910003
2744	0.111884415041015
2745	-0.178763777138967
2746	-0.447569540581024
2747	-0.692932995922689
2748	-0.915112142845698
2749	-1.11329100645158
2750	-1.2857516925193
2751	-1.43587472040559
2752	-1.57278073439635
2753	-1.7028435582735
2754	-1.83485107704789
2755	-1.98209971786564
2756	-2.15315186865091
2757	-2.35142121641518
2758	-2.57697681149226
2759	-2.82820350138514
2760	-3.10130404713435
2761	-3.39266937460154
2762	-3.70073567471247
2763	-4.02000692530299
2764	-4.34530921236441
2765	-4.67363892704396
2766	-5.0008617240255
2767	-5.32483411113566
2768	-5.64414622980947
2769	-5.95595412967233
2770	-6.25876031224672
2771	-6.55061646248202
2772	-6.82805935691611
2773	-7.09187373086606
2774	-7.34378393549913
2775	-7.58363641617034
2776	-7.81199566304745
2777	-8.03057565769702
2778	-8.23869259345547
2779	-8.43571418173874
2780	-8.62383363879763
2781	-8.80364344418236
2782	-8.97358136581726
2783	-9.13203875807748
2784	-9.27646102484447
2785	-9.40449003839458
2786	-9.51655216671154
2787	-9.6155371886628
2788	-9.70172388644222
2789	-9.7717308650546
2790	-9.82548505370519
2791	-9.86586801586084
2792	-9.8938171046061
2793	-9.90658869661309
2794	-9.90030295630498
2795	-9.87651797878726
2796	-9.84103688215842
2797	-9.79993270024638
2798	-9.75012868760606
2799	-9.6862637910637
2800	-9.60773440271632
2801	-9.51030609850596
2802	-9.39425023511875
2803	-9.26369390240783
2804	-9.12024619184663
2805	-8.96426441304493
2806	-8.79797970359193
2807	-8.62190512720678
2808	-8.43569016850776
2809	-8.24108365413443
2810	-8.03753956359119
2811	-7.8191768883254
2812	-7.58206713983926
2813	-7.31938994301877
2814	-7.02274211178943
2815	-6.68937271140379
2816	-6.31840261563372
2817	-5.91123081392556
2818	-5.46984024033707
2819	-4.99866679405154
2820	-4.50596777124429
2821	-3.99810748390383
2822	-3.48710484261604
2823	-2.99045842721414
2824	-2.5279660146878
2825	-2.12523957169534
2826	-1.78824048997117
2827	-1.51506212539475
2828	-1.29951399317948
2829	-1.11999180851218
2830	-0.963946565326631
2831	-0.8324957689982
2832	-0.728188117614505
2833	-0.650330062531836
2834	-0.594214856428553
2835	-0.556772068731821
2836	-0.533200730791556
2837	-0.519614691245728
2838	-0.516617599315012
2839	-0.523123692318698
2840	-0.539170844147667
2841	-0.564072689838748
2842	-0.596607686849122
2843	-0.635330264070877
2844	-0.677787380257445
2845	-0.722802751383365
2846	-0.772217453827296
2847	-0.82770181098416
2848	-0.885861257344129
2849	-0.944052390993426
2850	-1.00316112205756
2851	-1.06317738914742
2852	-1.123889164239
2853	-1.18340631575147
2854	-1.23965375995787
2855	-1.2948502082825
2856	-1.35250121753667
2857	-1.41335104598285
2858	-1.47776535341399
2859	-1.54446995581931
2860	-1.61237354593422
2861	-1.68162843520008
2862	-1.75212048099196
2863	-1.82564524981764
2864	-1.90266125852296
2865	-1.98253334154263
2866	-2.06223688791855
2867	-2.13959441192059
2868	-2.21547196052444
2869	-2.28936975751316
2870	-2.36011889393601
2871	-2.42934760395149
2872	-2.49984919559241
2873	-2.57202802897115
2874	-2.64716143421884
2875	-2.72746373264479
2876	-2.81395463450294
2877	-2.90878878878491
2878	-3.01203884598871
2879	-3.12471814300983
2880	-3.24654198740297
2881	-3.37422165235576
2882	-3.5076967578704
2883	-3.64728082571433
2884	-3.79254457261416
2885	-3.94410694990797
2886	-4.10376164186053
2887	-4.27146242441937
2888	-4.445623203896
2889	-4.62389617437298
2890	-4.80418303756052
2891	-4.98040129159017
2892	-5.14675758274122
2893	-5.29623096373986
2894	-5.42607832024782
2895	-5.5464168050872
2896	-5.66166951038582
2897	-5.76454207071936
2898	-5.84882486578115
2899	-5.91429143822366
2900	-5.95527016291449
2901	-5.96374328945135
2902	-5.93301738568275
2903	-5.85731380280811
2904	-5.73378346976568
2905	-5.55896176733339
2906	-5.32905133175121
2907	-5.04717394754252
2908	-4.71922156197223
2909	-4.34687380589673
2910	-3.93516258598265
2911	-3.48800928088174
2912	-3.01068825967878
2913	-2.51101611342222
2914	-1.99517976517795
2915	-1.47138773663424
2916	-0.947528993318857
2917	-0.43086662279299
2918	0.0713303539634002
2919	0.554588618199948
2920	1.01702122818327
2921	1.45399854774083
2922	1.86023959424729
2923	2.22557904688862
2924	2.53611312775211
2925	2.78095933413436
2926	2.9463332311125
2927	3.03942302152062
2928	3.08285253321383
2929	3.09647132735089
2930	3.1001628833458
2931	3.10759220809783
2932	3.12731882911408
2933	3.16314176324217
2934	3.21705065618577
2935	3.29131808338938
2936	3.38706882040976
2937	3.49634273375993
2938	3.60947554041174
2939	3.72285860647304
2940	3.83191999510161
2941	3.93055524611603
2942	4.01651994838502
2943	4.0946591813839
2944	4.1693567092827
2945	4.23939217094715
2946	4.30314197814738
2947	4.36041336825939
2948	4.40910097175745
2949	4.43993831081276
2950	4.45068942276053
2951	4.45002796753305
2952	4.44048892398484
2953	4.42276225794901
2954	4.40068069656319
2955	4.37589458597487
2956	4.34706816480797
2957	4.3127720761633
2958	4.27041589857471
2959	4.21288146846917
2960	4.13634898125201
2961	4.04630446366914
2962	3.95060451791907
2963	3.84921658965635
2964	3.7364355289975
2965	3.60688559659427
2966	3.45826779211928
2967	3.29293173980855
2968	3.11535533996815
2969	2.92864386165599
2970	2.73235024876522
2971	2.52056536884159
2972	2.28820236659329
2973	2.03785424186242
2974	1.77452618820444
2975	1.51111117897453
2976	1.26140526457263
2977	1.03432321893112
2978	0.840587088622835
2979	0.688562998855943
2980	0.580379328390526
2981	0.51276431364514
2982	0.48469072996496
2983	0.498899228174432
2984	0.555870008996491
2985	0.654352737547239
2986	0.788608611942989
2987	0.951601962575639
2988	1.14141126730767
2989	1.35648903667924
2990	1.59460343033061
2991	1.85149265673722
2992	2.12280060887286
2993	2.40445585302424
2994	2.69209900318187
2995	2.98291161947867
2996	3.27672557568847
2997	3.57338096024193
2998	3.86663477460462
2999	4.14218101227092
3000	4.37590640814142
3001	4.56590700160539
3002	4.73017412468404
3003	4.88738265606189
3004	5.05811409349714
3005	5.25252140115502
3006	5.47491916916894
3007	5.72752582981902
3008	6.00672412699693
3009	6.30756278890885
3010	6.62550535913708
3011	6.95213474441726
3012	7.28233627338696
3013	7.60692173393261
3014	7.92059616130826
3015	8.21901294720234
3016	8.49349299473093
3017	8.74305812034253
3018	8.96282736295042
3019	9.14630985215224
3020	9.29425515687066
3021	9.40910543664539
3022	9.48579037921988
3023	9.52394527717416
3024	9.53180909325532
3025	9.50627400444813
3026	9.44641804472458
3027	9.36568282238239
3028	9.27662715469933
3029	9.18536619270363
3030	9.09181687015441
3031	8.98914340035572
3032	8.87064237308357
3033	8.73341156958116
3034	8.57929375556702
3035	8.41413811584454
3036	8.23569634669146
3037	8.03911791026939
3038	7.82202117149488
3039	7.58077876840239
3040	7.30894150235213
3041	7.00389823234578
3042	6.66980626906896
3043	6.3087556369304
3044	5.92956293048921
3045	5.5412893030816
3046	5.14110163896171
3047	4.7246977183042
3048	4.30357975979504
3049	3.89737650901025
3050	3.51725213273592
3051	3.17129447370809
3052	2.8668877108715
3053	2.60467206048648
3054	2.38267337898893
3055	2.19981920302793
3056	2.05268464731953
3057	1.93804357007211
3058	1.85225563240991
3059	1.78964608945318
3060	1.74714146717414
3061	1.72263419184794
3062	1.71260106110972
3063	1.71286656606144
3064	1.71997325169902
3065	1.73125963868933
3066	1.74528051591268
3067	1.76227034704684
3068	1.78646859472511
3069	1.81740045469095
3070	1.84062287149973
3071	1.8376795543361
3072	1.79163038454279
3073	1.68960440014715
3074	1.52555245278211
3075	1.29957958774516
3076	1.01251007896161
3077	0.666787813299727
3078	0.267809457488026
3079	-0.178574376265374
3080	-0.664735035836223
3081	-1.18064425168445
3082	-1.71778036040528
3083	-2.27130495195875
3084	-2.83389343800178
3085	-3.39502452776158
3086	-3.94811125292751
3087	-4.48925709838465
3088	-5.01554911811837
3089	-5.52595174022965
3090	-6.01951677207694
3091	-6.49196408349793
3092	-6.94329299399611
3093	-7.37490843826989
3094	-7.78533636644397
3095	-8.17644614535636
3096	-8.54973075072671
3097	-8.9036514830564
3098	-9.23917785712498
3099	-9.55921044746344
3100	-9.86510055055368
3101	-10.1586609830232
3102	-10.4418045039816
3103	-10.7156732875007
3104	-10.9813296349107
3105	-11.2390152711583
3106	-11.4887499874069
3107	-11.7309267698134
3108	-11.9662336094346
3109	-12.1961756511138
3110	-12.4202613786607
3111	-12.6372132018775
3112	-12.8462215373126
3113	-13.0471049696167
3114	-13.2408218168127
3115	-13.4278049895072
3116	-13.6082499809953
3117	-13.7822592665239
3118	-13.9495633880992
3119	-14.1134430163539
3120	-14.2744476993399
3121	-14.4301166630312
3122	-14.5801482400479
3123	-14.7233346064033
3124	-14.8608442995702
3125	-14.9952481500643
3126	-15.1245917212292
3127	-15.2408047025045
3128	-15.3304215472717
3129	-15.3700947103066
3130	-15.3418939551566
3131	-15.2377763422608
3132	-15.0514644889271
3133	-14.7818483697973
3134	-14.4260029217311
3135	-13.9762282282897
3136	-13.4305845421427
3137	-12.8091319078952
3138	-12.1373962121024
3139	-11.4349529472135
3140	-10.7081671221736
3141	-9.94984172356887
3142	-9.17242493743174
3143	-8.40391158969732
3144	-7.65843837407809
3145	-6.93507585846852
3146	-6.21848350289213
3147	-5.50542656983703
3148	-4.81168562695057
3149	-4.15203355977883
3150	-3.55064313963229
3151	-3.02508325116598
3152	-2.57476387795385
3153	-2.20154924846929
3154	-1.89801089732826
3155	-1.66474747166732
3156	-1.50631871695261
3157	-1.41562178074589
3158	-1.37583473898542
3159	-1.3625637291351
3160	-1.36268755608218
3161	-1.36996173245853
3162	-1.37604380264902
3163	-1.37327284737896
3164	-1.36091977385517
3165	-1.34161435377984
3166	-1.31630405291286
3167	-1.28643019604817
3168	-1.25229977598571
3169	-1.21294813310068
3170	-1.1707105556515
3171	-1.12711868640467
3172	-1.08166619005485
3173	-1.03552592685269
3174	-0.99040572444925
3175	-0.946671669811544
3176	-0.904140734424088
3177	-0.864899853151925
3178	-0.831315289828938
3179	-0.804031915258004
3180	-0.782334424506046
3181	-0.764787094083621
3182	-0.74816187998106
3183	-0.729430242884534
3184	-0.708866146725322
3185	-0.687756066417015
3186	-0.667241825626144
3187	-0.649978292579132
3188	-0.643875316295237
3189	-0.66074451390979
3190	-0.713568504187163
3191	-0.813188468613913
3192	-0.966968146838278
3193	-1.17985139761982
3194	-1.45387596782144
3195	-1.7892304452904
3196	-2.1857134157057
3197	-2.64071165205868
3198	-3.15227045509911
3199	-3.71422656420801
3200	-4.31573818251932
3201	-4.95004082952828
3202	-5.60854595734656
3203	-6.27984118807772
3204	-6.95490728589042
3205	-7.62511897192848
3206	-8.27958503022113
3207	-8.91250207837325
3208	-9.51828785208373
3209	-10.0928280441593
3210	-10.6335771799597
3211	-11.1368293551511
3212	-11.6016970502572
3213	-12.0287055094989
3214	-12.411699416081
3215	-12.7419768345811
3216	-13.020624889436
3217	-13.2509064744831
3218	-13.4374732231364
3219	-13.5825289912764
3220	-13.6980425262384
3221	-13.8002796161648
3222	-13.8918661191828
3223	-13.9625656217217
3224	-14.002868777094
3225	-14.0152535846182
3226	-14.0023019656685
3227	-13.9676331582358
3228	-13.9204925009251
3229	-13.8600481368583
3230	-13.7824240576903
3231	-13.6876753313695
3232	-13.5708110329144
3233	-13.4260735141208
3234	-13.2570791812555
3235	-13.0776233568453
3236	-12.8980639172579
3237	-12.7223743614391
3238	-12.5483977660819
3239	-12.3696571696976
3240	-12.1804767262209
3241	-11.9782246490953
3242	-11.7629722131343
3243	-11.5360622218661
3244	-11.3008058742318
3245	-11.0665903299284
3246	-10.8346542531976
3247	-10.5999108630843
3248	-10.3629304813005
3249	-10.1247804375351
3250	-9.88412246617373
3251	-9.63937941268991
3252	-9.40149380453262
3253	-9.18060061298745
3254	-8.98476763790046
3255	-8.81754407107996
3256	-8.68280308985726
3257	-8.58366340355403
3258	-8.51809240574813
3259	-8.48970512667769
3260	-8.50048010251897
3261	-8.55139307783757
3262	-8.64186933357347
3263	-8.77053360764721
3264	-8.93606942524536
3265	-9.13880123988842
3266	-9.37886418043539
3267	-9.6524336035192
3268	-9.95400671193185
3269	-10.2788279936425
3270	-10.6233948700174
3271	-10.9839624580736
3272	-11.3535642224264
3273	-11.7253243578885
3274	-12.0934700505906
3275	-12.4519586800525
3276	-12.7907528757187
3277	-13.0990540879934
3278	-13.3600179618205
3279	-13.5715985738883
3280	-13.7337339281896
3281	-13.8480127353694
3282	-13.9234954142808
3283	-13.9613902166298
3284	-13.9643988623973
3285	-13.9316959656094
3286	-13.8668629444274
3287	-13.7733194002098
3288	-13.6552230574315
3289	-13.5162597298593
3290	-13.3578859063488
3291	-13.1840407404026
3292	-12.9980442398183
3293	-12.8019455450387
3294	-12.59749229605
3295	-12.3861253256081
3296	-12.1661772223729
3297	-11.9372934214993
3298	-11.7049055658488
3299	-11.4744919652237
3300	-11.2485303080748
3301	-11.0248562836336
3302	-10.7981224236205
3303	-10.568746659291
3304	-10.3326174505707
3305	-10.0816942734887
3306	-9.81670677788719
3307	-9.53920675925952
3308	-9.25135230127718
3309	-8.955312752693
3310	-8.65979836781228
3311	-8.37154617494994
3312	-8.07631996831854
3313	-7.76845912046454
3314	-7.46384007767971
3315	-7.17197362030724
3316	-6.88532542403118
3317	-6.59454146755216
3318	-6.29603693709562
3319	-5.98700183303113
3320	-5.66483939916563
3321	-5.32798022397821
3322	-4.97818615656752
3323	-4.61884338630456
3324	-4.25408112417775
3325	-3.89052854746983
3326	-3.53156255158867
3327	-3.18034661267611
3328	-2.84027511445875
3329	-2.51193967314419
3330	-2.19766293047512
3331	-1.89876499277795
3332	-1.61500269146484
3333	-1.34869867158811
3334	-1.10263840264577
3335	-0.872428272839503
3336	-0.647306076546124
3337	-0.420086109315421
3338	-0.191320846981997
3339	0.024492853662282
3340	0.210435141821134
3341	0.353578445110696
3342	0.454164023656346
3343	0.514704015008377
3344	0.522463837954068
3345	0.465013425550745
3346	0.347641773098001
3347	0.194402130345305
3348	0.021963058792579
3349	-0.17580719407473
3350	-0.4178937229805
3351	-0.722583970987805
3352	-1.08549682938982
3353	-1.49035305645187
3354	-1.93313952648433
3355	-2.42234394496338
3356	-2.96669314295713
3357	-3.572496761803
3358	-4.24242667842408
3359	-4.9659356118877
3360	-5.71507982982474
3361	-6.4682499859916
3362	-7.21813872275923
3363	-7.95614039543548
3364	-8.67378471479834
3365	-9.3644636568731
3366	-10.0227970174581
3367	-10.6457899164228
3368	-11.2198190706779
3369	-11.727288268506
3370	-12.1609947614052
3371	-12.5291634504567
3372	-12.8420405912211
3373	-13.0988106992913
3374	-13.3090629164747
3375	-13.4835157689521
3376	-13.627638572392
3377	-13.7365341562703
3378	-13.8053019541647
3379	-13.8387900247462
3380	-13.8456871955763
3381	-13.8396640393962
3382	-13.8225915664515
3383	-13.7872067092168
3384	-13.7300369666967
3385	-13.6552013275204
3386	-13.5753190617838
3387	-13.5017913735668
3388	-13.4402044995205
3389	-13.3936473866896
3390	-13.3622212706665
3391	-13.3444660875924
3392	-13.3418637881895
3393	-13.3563075211138
3394	-13.3864840512985
3395	-13.4306315097447
3396	-13.4874519173769
3397	-13.5563058568278
3398	-13.6348024893093
3399	-13.7191289257766
3400	-13.8069952460344
3401	-13.8969221580343
3402	-13.9868530711257
3403	-14.0743083686427
3404	-14.1586835853561
3405	-14.2390254310233
3406	-14.3090605999458
3407	-14.3601872080497
3408	-14.3870874035867
3409	-14.3842259316492
3410	-14.3378420212973
3411	-14.2327367512758
3412	-14.0584404621207
3413	-13.8065139065864
3414	-13.4706555651993
3415	-13.0472656130627
3416	-12.5376860860299
3417	-11.9478448896027
3418	-11.2861089976753
3419	-10.5659225738472
3420	-9.80520342853168
3421	-9.01913359819722
3422	-8.21945164537398
3423	-7.4186032619833
3424	-6.62906189159712
3425	-5.86307703349049
3426	-5.13116345423322
3427	-4.44127636866527
3428	-3.79796861706294
3429	-3.20275706375685
3430	-2.65321105456812
3431	-2.1471573393339
3432	-1.68274099896794
3433	-1.25444655882028
3434	-0.850692243115739
3435	-0.462097640068804
3436	-0.0902150058574423
3437	0.251243739012759
3438	0.546647365537467
3439	0.79563160392988
3440	1.01431680118233
3441	1.21808919433321
3442	1.41773350117292
3443	1.62259842180026
3444	1.83559773866601
3445	2.05459060673354
3446	2.27730745681317
3447	2.50073201384082
3448	2.7226140302485
3449	2.94016176426197
3450	3.14563325954282
3451	3.33803360376665
3452	3.5155069811221
3453	3.6725614247903
3454	3.81560155773866
3455	3.9520390759716
3456	4.08164431899948
3457	4.20224363074277
3458	4.31422305598846
3459	4.41378707896605
3460	4.50088077002994
3461	4.57889262011351
3462	4.64779307078046
3463	4.70631172926951
3464	4.74656058026344
3465	4.76358042875962
3466	4.75600868640443
3467	4.72612947417064
3468	4.67357152222049
3469	4.59311515906883
3470	4.48652373268564
3471	4.355887949081
3472	4.20119027867743
3473	4.02477471863344
3474	3.82966643170923
3475	3.61735851562403
3476	3.38682235549316
3477	3.14007559728612
3478	2.87545168925987
3479	2.58864176201257
3480	2.28366591887798
3481	1.95906932700235
3482	1.61595850877853
3483	1.25475624994172
3484	0.87521482856287
3485	0.483646739137766
3486	0.0858992700865748
3487	-0.296779554826632
3488	-0.649200235344426
3489	-0.972409819938717
3490	-1.26275959853531
3491	-1.52021425157194
3492	-1.74756850066094
3493	-1.94325129707458
3494	-2.1072185376305
3495	-2.24130487860716
3496	-2.34913021656788
3497	-2.43168572587497
3498	-2.49067008134949
3499	-2.53001009822433
3500	-2.55251430868433
3501	-2.56276920440847
3502	-2.56327183696525
3503	-2.55410523160833
3504	-2.53555634945695
3505	-2.50718875557158
3506	-2.47089778037323
3507	-2.42959520344963
3508	-2.38090299723063
3509	-2.32186079359374
3510	-2.25179407626413
3511	-2.17726271673278
3512	-2.11315384301859
3513	-2.06722489831947
3514	-2.03185995223002
3515	-1.99408892164558
3516	-1.94224399739251
3517	-1.8715898437694
3518	-1.78050036593096
3519	-1.6667909001381
3520	-1.53089996870207
3521	-1.37156879211026
3522	-1.18819619580941
3523	-0.983146407414674
3524	-0.761325243392111
3525	-0.52551199425113
3526	-0.276378123566116
3527	-0.0168100256988677
3528	0.25058372683353
3529	0.521366916933367
3530	0.792441904641072
3531	1.06199436816565
3532	1.3254659791209
3533	1.57989775466794
3534	1.82410664866601
3535	2.05520115232
3536	2.27113539443521
3537	2.47069117180896
3538	2.65175959871477
3539	2.8150892145947
3540	2.96309792239426
3541	3.09589483117591
3542	3.21229401368057
3543	3.31077011516219
3544	3.3917017304915
3545	3.4563988575261
3546	3.50510929248788
3547	3.53915827953444
3548	3.55974404893775
3549	3.56799123933628
3550	3.56615070751904
3551	3.5555695918581
3552	3.5354660601383
3553	3.50369824388136
3554	3.45516560890376
3555	3.38155050309568
3556	3.27554063604833
3557	3.12829263533932
3558	2.93572528459358
3559	2.71038494354421
3560	2.46891023273736
3561	2.22357857452053
3562	1.98414039644836
3563	1.75599369588468
3564	1.54235743769394
3565	1.34502733859398
3566	1.16609186425817
3567	1.00789347321998
3568	0.869816652251985
3569	0.74952775969704
3570	0.645537537474835
3571	0.555482658133432
3572	0.475984423715208
3573	0.404753596447585
3574	0.340479169986103
3575	0.282675668277635
3576	0.230471816058124
3577	0.181264102270969
3578	0.133755631365388
3579	0.0871773138631213
3580	0.0401778153923008
3581	-0.00856728414291407
3582	-0.0593002159019179
3583	-0.110634864012133
3584	-0.161983584389205
3585	-0.213955209573825
3586	-0.265271120332617
3587	-0.313207396164381
3588	-0.358678828692891
3589	-0.403872690250942
3590	-0.448893708687923
3591	-0.494705438247722
3592	-0.542617113084977
3593	-0.592361002181735
3594	-0.642705046480928
3595	-0.69099342377588
3596	-0.73471547165873
3597	-0.774309730277914
3598	-0.81303551572708
3599	-0.853857984700781
3600	-0.902474317160763
3601	-0.967716810342453
3602	-1.05370285383284
3603	-1.15792996471572
3604	-1.27415650693929
3605	-1.39615097418098
3606	-1.5207748912069
3607	-1.64581573555352
3608	-1.77095655832785
3609	-1.89611351154399
3610	-2.01959598073702
3611	-2.14114202853507
3612	-2.26028423229102
3613	-2.37780780350912
3614	-2.49260752940932
3615	-2.60359794653181
3616	-2.71083717172576
3617	-2.81374411613553
3618	-2.91274465661722
3619	-3.00944338318672
3620	-3.10454395358953
3621	-3.19758172424029
3622	-3.28905404931527
3623	-3.37922127303677
3624	-3.46845150392275
3625	-3.55625529174871
3626	-3.6417684354137
3627	-3.72254420618797
3628	-3.79791976875534
3629	-3.87108112563868
3630	-3.9413540994943
3631	-4.00759261992907
3632	-4.07115404348827
3633	-4.13389448743505
3634	-4.19629723857882
3635	-4.25900918774032
3636	-4.32250794566828
3637	-4.3855015418692
3638	-4.44756249053673
3639	-4.50745459213335
3640	-4.56497184869857
3641	-4.62207016640772
3642	-4.6826087581576
3643	-4.7514758382404
3644	-4.82971460908637
3645	-4.92207658662675
3646	-5.04245103246522
3647	-5.20623385877933
3648	-5.42444185587397
3649	-5.70292212381456
3650	-6.04296124928265
3651	-6.4410713497518
3652	-6.89040277664981
3653	-7.38061220054691
3654	-7.90093406935031
3655	-8.44074586194777
3656	-8.98948269436522
3657	-9.53902922684915
3658	-10.0816946856422
3659	-10.6110765488125
3660	-11.1222751285436
3661	-11.6109556746874
3662	-12.0753439988202
3663	-12.5152303276948
3664	-12.930150467857
3665	-13.3217823928536
3666	-13.6911143383041
3667	-14.0405277983642
3668	-14.3750294619718
3669	-14.6966240736466
3670	-15.0058170403285
3671	-15.3038694880268
3672	-15.593227599784
3673	-15.8739459685802
3674	-16.1433980327847
3675	-16.400075096788
3676	-16.6449395161861
3677	-16.8797537714858
3678	-17.1056567437002
3679	-17.3240336550703
3680	-17.534276250229
3681	-17.7379332975031
3682	-17.9365402881272
3683	-18.1309318230166
3684	-18.321616943107
3685	-18.5079553531474
3686	-18.6880740763156
3687	-18.8606799295504
3688	-19.0271878940335
3689	-19.1890425074673
3690	-19.347487557221
3691	-19.5015364629251
3692	-19.6506310338104
3693	-19.7933349257357
3694	-19.9228796663527
3695	-20.0229563940445
3696	-20.0720026478678
3697	-20.0494317920248
3698	-19.9414579714903
3699	-19.7439502896515
3700	-19.4548454474676
3701	-19.0726820242835
3702	-18.5949862601272
3703	-18.0279023926592
3704	-17.3864563201961
3705	-16.679221147293
3706	-15.9044997467143
3707	-15.0594130770455
3708	-14.1480415617826
3709	-13.1808774341406
3710	-12.1697785880055
3711	-11.1285271199101
3712	-10.0749612956636
3713	-9.02756649974559
3714	-8.0023458549984
3715	-7.0125878200011
3716	-6.07048032529034
3717	-5.18526903079051
3718	-4.36905516035873
3719	-3.61926348874693
3720	-2.93706361828856
3721	-2.32172400859049
3722	-1.76120138407108
3723	-1.24821581520148
3724	-0.783180418552003
3725	-0.373379658443427
3726	-0.0242005213302336
3727	0.25683905055949
3728	0.483513918273641
3729	0.656432929018483
3730	0.757776651282354
3731	0.801981884110249
3732	0.78979837007822
3733	0.717644463005227
3734	0.593418851380057
3735	0.414325148149125
3736	0.179818545977971
3737	-0.104703273815024
3738	-0.438544015599153
3739	-0.824776058785012
3740	-1.26227398082841
3741	-1.74660240990386
3742	-2.26852138280986
3743	-2.81263994424846
3744	-3.36871711622636
3745	-3.94419576811653
3746	-4.54363293434967
3747	-5.16110703180247
3748	-5.7900804191792
3749	-6.41819494744558
3750	-7.02533672911104
3751	-7.59141911404502
3752	-8.11315995463678
3753	-8.60369148246668
3754	-9.06741505925602
3755	-9.50050260458121
3756	-9.90370729449059
3757	-10.2811593883864
3758	-10.6332543026499
3759	-10.9586396155783
3760	-11.2575933076066
3761	-11.5309071099574
3762	-11.7797896093158
3763	-12.0033096973764
3764	-12.1996808747198
3765	-12.3677588531288
3766	-12.5043100337599
3767	-12.6077758940535
3768	-12.6830758765817
3769	-12.7347301631912
3770	-12.7686003997862
3771	-12.8010844470479
3772	-12.8478437538502
3773	-12.9186678614749
3774	-13.020205783431
3775	-13.1521533481617
3776	-13.3121702590561
3777	-13.4972692977461
3778	-13.7042974457585
3779	-13.930007822203
3780	-14.1699063021978
3781	-14.4194310662753
3782	-14.6723147643328
3783	-14.9237769523214
3784	-15.1693643458465
3785	-15.4052446938613
3786	-15.6296135827277
3787	-15.8418343075373
3788	-16.0420666082512
3789	-16.2286641032877
3790	-16.4009092700665
3791	-16.5606408630261
3792	-16.7082546825047
3793	-16.8353533538983
3794	-16.9271915515345
3795	-16.968960741313
3796	-16.9562249153699
3797	-16.8984706363273
3798	-16.8120789889188
3799	-16.7131847006372
3800	-16.6092455899828
3801	-16.5027357559529
3802	-16.3968931507597
3803	-16.2937279830349
3804	-16.1940939697742
3805	-16.1001358844802
3806	-16.0118313783083
3807	-15.9281407831575
3808	-15.8470100561834
3809	-15.767034730332
3810	-15.6869854252735
3811	-15.6045488401756
3812	-15.5200016824393
3813	-15.4321252872353
3814	-15.3389486047344
3815	-15.241273530787
3816	-15.140165858162
3817	-15.036384647443
3818	-14.9280135690702
3819	-14.8110236795434
3820	-14.6863116994627
3821	-14.5564578533546
3822	-14.4215446661158
3823	-14.280705621829
3824	-14.1322896956734
3825	-13.9790167393473
3826	-13.8275116376157
3827	-13.6813022234116
3828	-13.5386503442849
3829	-13.3949775378959
3830	-13.2399020888949
3831	-13.0627588228974
3832	-12.8695867797371
3833	-12.6701793364816
3834	-12.4730975502938
3835	-12.289613660496
3836	-12.1279976380958
3837	-11.9909958491257
3838	-11.8777578569812
3839	-11.7876673710574
3840	-11.7182337274035
3841	-11.6672562511981
3842	-11.6321919651973
3843	-11.6098237152228
3844	-11.5978015807229
3845	-11.5951681489818
3846	-11.601405039788
3847	-11.6159565576948
3848	-11.635145855811
3849	-11.6566210633996
3850	-11.6786383376895
3851	-11.6987434844077
3852	-11.7159827407904
3853	-11.7307047369395
3854	-11.743987811288
3855	-11.7553274642384
3856	-11.7630874867844
3857	-11.7660079632425
3858	-11.7626601722605
3859	-11.7532011077457
3860	-11.739822136829
3861	-11.7217141013588
3862	-11.69789535849
3863	-11.668996434356
3864	-11.6353370564237
3865	-11.5977021005177
3866	-11.5565464643106
3867	-11.5119402414884
3868	-11.4646756958841
3869	-11.4128773247218
3870	-11.354973288881
3871	-11.2918043460728
3872	-11.2214312308063
3873	-11.1426964056038
3874	-11.0556759887603
3875	-10.9606694823229
3876	-10.8575981726973
3877	-10.7400887644725
3878	-10.6019095961784
3879	-10.432141657101
3880	-10.228596492111
3881	-10.0122828939669
3882	-9.80838462938013
3883	-9.64177660251534
3884	-9.53197386594303
3885	-9.49064902989147
3886	-9.52094611729788
3887	-9.62217755657771
3888	-9.79162238640892
3889	-10.0263157160006
3890	-10.3226040460807
3891	-10.6740519907643
3892	-11.0760594292527
3893	-11.5210435196133
3894	-12.0014864360004
3895	-12.5136877276797
3896	-13.0507549439517
3897	-13.6038639694546
3898	-14.1666728668585
3899	-14.7311675674137
3900	-15.2865307531638
3901	-15.825608400182
3902	-16.3433021986928
3903	-16.8321128232041
3904	-17.2866752879652
3905	-17.7038999910013
3906	-18.0829453487024
3907	-18.4248659331279
3908	-18.730505527728
3909	-19.0022328898308
3910	-19.2439102711687
3911	-19.4568573308519
3912	-19.6407418948757
3913	-19.7989920100716
3914	-19.9340820576888
3915	-20.0454771002714
3916	-20.1341206100743
3917	-20.202323759751
3918	-20.2516478471394
3919	-20.2843921401848
3920	-20.3041308373291
3921	-20.3051478569124
3922	-20.2718794921885
3923	-20.1908561105127
3924	-20.0530262199987
3925	-19.845661138721
3926	-19.560286110111
3927	-19.1972046168977
3928	-18.7552870073951
3929	-18.2316304576104
3930	-17.6278670355518
3931	-16.9535578313445
3932	-16.2168018816212
3933	-15.4290258299539
3934	-14.6082341297834
3935	-13.7681610506102
3936	-12.9181999312648
3937	-12.0705028571807
3938	-11.2398512375188
3939	-10.4377913623339
3940	-9.67400053461135
3941	-8.95540699237647
3942	-8.28482459871965
3943	-7.66150657744845
3944	-7.08240213127703
3945	-6.54460296071863
3946	-6.04406872963589
3947	-5.57842532606325
3948	-5.14329392075336
3949	-4.73266646432038
3950	-4.34274943840091
3951	-3.97211226853657
3952	-3.62022478253342
3953	-3.28368444229999
3954	-2.9575762113847
3955	-2.64042587494443
3956	-2.33336528345114
3957	-2.03604139246405
3958	-1.74875253806074
3959	-1.47089044032172
3960	-1.19947890301017
3961	-0.929272722784125
3962	-0.653221050231405
3963	-0.3621641354345
3964	-0.0548514568968672
3965	0.251919609305359
3966	0.550409586232762
3967	0.835185909038831
3968	1.10959503645592
3969	1.38614374203283
3970	1.6513375402726
3971	1.89115077135374
3972	2.11475646853562
3973	2.33018554443604
3974	2.53521560576645
3975	2.71833713891927
3976	2.86493730802374
3977	2.98158130376136
3978	3.08894396740794
3979	3.19576257630568
3980	3.29874709689246
3981	3.38668785485115
3982	3.45011501300576
3983	3.4971625124721
3984	3.54295601607946
3985	3.59446744536857
3986	3.65212958016232
3987	3.70797218843312
3988	3.75117348415699
3989	3.78594357004455
3990	3.82313997969428
3991	3.86484910170457
3992	3.91189325800794
3993	3.96041197941735
3994	4.00401380536054
3995	4.04978293236451
3996	4.10094985168355
3997	4.15402569673487
3998	4.20440964046478
3999	4.24696850815378
4000	4.28454325023134
4001	4.32307379524057
4002	4.36477369441458
4003	4.40967842232784
4004	4.45190736280864
4005	4.48584052239476
4006	4.5159164126095
4007	4.54704798232947
4008	4.58081026971483
4009	4.61872547735418
4010	4.65472751051341
4011	4.68498932594375
4012	4.71645499425627
4013	4.75160168223088
4014	4.78665344639489
4015	4.81835192526086
4016	4.84001614972302
4017	4.84768402351183
4018	4.84984893600523
4019	4.85249717731097
4020	4.8561865451129
4021	4.86258736747921
4022	4.86535293561383
4023	4.85816775196311
4024	4.84755494039258
4025	4.84022186338463
4026	4.83742006943721
4027	4.84204146261217
4028	4.85172021733846
4029	4.865626498915
4030	4.88800522270688
4031	4.91499040380609
4032	4.94547102462891
4033	4.98195070437752
4034	5.02350288541877
4035	5.06968298154423
4036	5.11853611441643
4037	5.16931651931885
4038	5.22678687349982
4039	5.30161278319943
4040	5.39833034519518
4041	5.51580716231267
4042	5.65003629840587
4043	5.79042508195183
4044	5.92974059187209
4045	6.06366944685626
4046	6.19312102744465
4047	6.3220031912104
4048	6.44794916521585
4049	6.56788693633184
4050	6.67856963748804
4051	6.78091727135831
4052	6.87427328473153
4053	6.95748733311485
4054	7.0351652122447
4055	7.10536328084297
4056	7.16939002377289
4057	7.23089621535001
4058	7.28791075367018
4059	7.3382769669806
4060	7.3802997911541
4061	7.41273397026691
4062	7.43451867622124
4063	7.44256012525324
4064	7.43145525307911
4065	7.39962152509575
4066	7.35160935424558
4067	7.28948906375591
4068	7.2157653572668
4069	7.1370171807462
4070	7.05864875370258
4071	6.97352628908358
4072	6.86770425314799
4073	6.73483403944784
4074	6.5761860640144
4075	6.39643859357263
4076	6.20179116025902
4077	5.98784498944687
4078	5.74724465645693
4079	5.47663005143157
4080	5.16463452711381
4081	4.79934917226644
4082	4.37334304844326
4083	3.88616761060499
4084	3.34247678708154
4085	2.74990186547645
4086	2.11827833750787
4087	1.45822288880195
4088	0.780159394748237
4089	0.0950714314529139
4090	-0.585012066823819
4091	-1.24951266545035
4092	-1.8909242206213
4093	-2.50403419255792
4094	-3.08238526005888
4095	-3.61454369771679
4096	-4.08082147720853
4097	-4.46623812251223
4098	-4.77791791037734
4099	-5.02743841887538
4100	-5.23091779634759
4101	-5.40673320080418
4102	-5.56598866738296
4103	-5.71599709997965
4104	-5.86143983525268
4105	-6.00724033515779
4106	-6.15359911398797
4107	-6.29585188830897
4108	-6.42469794006177
4109	-6.53146271780759
4110	-6.61399605534238
4111	-6.67592469393548
4112	-6.71909647708088
4113	-6.73427716614736
4114	-6.7094825543673
4115	-6.63941257727609
4116	-6.52637531520687
4117	-6.37772523469113
4118	-6.20122011077755
4119	-6.00445851167851
4120	-5.7970108684288
4121	-5.57539224443275
4122	-5.34348996862254
4123	-5.11388126250335
4124	-4.87817031134758
4125	-4.62863855323587
4126	-4.35715969489288
4127	-4.0636148725666
4128	-3.75658081589123
4129	-3.44180823723878
4130	-3.1288434784541
4131	-2.82477091754152
4132	-2.53251951954047
4133	-2.25107848850123
4134	-1.98004696821154
4135	-1.72270373974728
4136	-1.48321302289571
4137	-1.26198656530853
4138	-1.05714049644519
4139	-0.8698294826919
4140	-0.701153519344933
4141	-0.549570366710186
4142	-0.413918325519724
4143	-0.292576652123381
4144	-0.182646611261954
4145	-0.0832985526068201
4146	0.00391137636581957
4147	0.0783041090190028
4148	0.137384303758611
4149	0.177216952172144
4150	0.196271928347252
4151	0.201034067847807
4152	0.208372272456602
4153	0.235264988596897
4154	0.290801202702367
4155	0.377099337593269
4156	0.492152734078484
4157	0.633116539296321
4158	0.796545929689289
4159	0.981421216489406
4160	1.18565244321557
4161	1.40651225629555
4162	1.64074250391617
4163	1.88315430510193
4164	2.1314684686115
4165	2.3835668178464
4166	2.63560960409459
4167	2.88362200113275
4168	3.12428999794152
4169	3.35658126623814
4170	3.5816921109249
4171	3.80063887167257
4172	4.01317339533592
4173	4.21819134476997
4174	4.41407695641843
4175	4.60120389979535
4176	4.7814265416046
4177	4.95556177623937
4178	5.12399050562569
4179	5.28808783548604
4180	5.44907361815276
4181	5.60509562170059
4182	5.75404259742242
4183	5.89441023403713
4184	6.02828215389869
4185	6.15942249082237
4186	6.28843571989762
4187	6.41521544777453
4188	6.54052782138283
4189	6.66391771018953
4190	6.7854047010469
4191	6.90629903105296
4192	7.02434763803955
4193	7.13676115899812
4194	7.24400718673533
4195	7.34609463147814
4196	7.44343291585376
4197	7.53823111570006
4198	7.6308552274803
4199	7.72097436888273
4200	7.80776446790028
4201	7.89074674916037
4202	7.97120565989689
4203	8.05174338998063
4204	8.13399089370804
4205	8.21647252167044
4206	8.29961187305673
4207	8.38394900914993
4208	8.46930328408525
4209	8.55599342654063
4210	8.64322471119931
4211	8.73057983724792
4212	8.81782606005167
4213	8.90588168057957
4214	8.99633460417704
4215	9.08984206486318
4216	9.19124430457011
4217	9.30521603187414
4218	9.43453951209562
4219	9.57304544359882
4220	9.71473886743241
4221	9.85727561112101
4222	9.99782260198372
4223	10.1403902551262
4224	10.2899831581317
4225	10.4495699587813
4226	10.6211674101126
4227	10.804287280596
4228	10.9974341185643
4229	11.19724253893
4230	11.4015169709433
4231	11.6071544671188
4232	11.8107333752719
4233	12.011902905448
4234	12.2113875758904
4235	12.4077222176353
4236	12.5983060290564
4237	12.7827675025181
4238	12.9603967607917
4239	13.1308534937654
4240	13.2939754766114
4241	13.4487599396641
4242	13.5963396719395
4243	13.7369667280346
4244	13.8688232133076
4245	13.9927556732374
4246	14.1086098153048
4247	14.2164821278832
4248	14.3171611430614
4249	14.412033602619
4250	14.5024187510502
4251	14.5883267736453
4252	14.6695073066209
4253	14.7455595317215
4254	14.8151834265878
4255	14.8793032253604
4256	14.9391914034341
4257	14.9943784870119
4258	15.044819768544
4259	15.0890451845386
4260	15.1273366966748
4261	15.1607185818632
4262	15.1882218514185
4263	15.2099085740137
4264	15.2267997780711
4265	15.2381045552181
4266	15.2399897052493
4267	15.2250780896976
4268	15.1876471134124
4269	15.1272639645948
4270	15.0429252671227
4271	14.932524156634
4272	14.7979077605716
4273	14.6439365693749
4274	14.4735947255949
4275	14.2871319042284
4276	14.0817760827704
4277	13.8503373923764
4278	13.5848145300846
4279	13.2781245680653
4280	12.926046126958
4281	12.5264954899533
4282	12.0829527607662
4283	11.6051419951291
4284	11.0993245574942
4285	10.5671419545994
4286	10.0127813826137
4287	9.44161135272957
4288	8.86357478404465
4289	8.29190769329261
4290	7.73367343521399
4291	7.19274220374607
4292	6.67534290133044
4293	6.18679989112244
4294	5.73250704468563
4295	5.32437445204484
4296	4.96681509245696
4297	4.65718925265845
4298	4.39501557488692
4299	4.17413077021812
4300	3.99029375631375
4301	3.83929880031178
4302	3.71398483127012
4303	3.6081384374394
4304	3.51461328190895
4305	3.4259480530266
4306	3.33497641201178
4307	3.23755188107324
4308	3.13449926963673
4309	3.02681819092082
4310	2.91358163222107
4311	2.79488940872701
4312	2.67288250944468
4313	2.5486124176356
4314	2.42228578610662
4315	2.29468826346878
4316	2.16615262072136
4317	2.03731656640634
4318	1.90891239577056
4319	1.78015679852919
4320	1.65292565856339
4321	1.5295970913421
4322	1.41003771015863
4323	1.29461141727677
4324	1.18612444781896
4325	1.09144002786567
4326	1.02115435448061
4327	0.982443317841861
4328	0.97723218533309
4329	0.996197303905525
4330	1.02762332997724
4331	1.067374506136
4332	1.11106010173456
4333	1.154234623914
4334	1.19597744502376
4335	1.23705441200468
4336	1.27682206833215
4337	1.3148767423619
4338	1.35117558731186
4339	1.38577525764955
4340	1.41878199419599
4341	1.45279674426217
4342	1.49056290423416
4343	1.53404609340087
4344	1.58559653150315
4345	1.6449720275109
4346	1.71153182290897
4347	1.78478213271246
4348	1.86424343339933
4349	1.9498192544652
4350	2.04259144275938
4351	2.14388078077073
4352	2.25283155829699
4353	2.36939795417121
4354	2.49518015843438
4355	2.62993982481818
4356	2.77497650261101
4357	2.93156799219589
4358	3.09702700924715
4359	3.27278486955956
4360	3.46195791069926
4361	3.66511177379995
4362	3.874470564795
4363	4.09079941501884
4364	4.31805593041884
4365	4.56177935884807
4366	4.83441224127073
4367	5.14294272927637
4368	5.49371568797038
4369	5.88859900082166
4370	6.32519077242951
4371	6.79745532350731
4372	7.29894280520742
4373	7.82382945038281
4374	8.36333265691444
4375	8.90819060751188
4376	9.45196956114363
4377	9.98826413700609
4378	10.5096746162027
4379	11.010445129124
4380	11.4884897415992
4381	11.9414845096626
4382	12.3666680666169
4383	12.7671255673761
4384	13.1456248437409
4385	13.499783529104
4386	13.8286521346393
4387	14.1340554702685
4388	14.4182446688748
4389	14.6911377815326
4390	14.9647358275039
4391	15.2320256170711
4392	15.4722731282052
4393	15.6834222976889
4394	15.8847620786099
4395	16.0954826276041
4396	16.3278397816327
4397	16.5871013149439
4398	16.8759283933104
4399	17.1926017842644
4400	17.5333553352319
4401	17.8943184353809
4402	18.2710135136115
4403	18.6559696897092
4404	19.0431524472128
4405	19.4264126003458
4406	19.8014112385852
4407	20.1648692772489
4408	20.5119065677404
4409	20.8384111835943
4410	21.1444660908504
4411	21.4295285982943
4412	21.6899412372492
4413	21.9231727465009
4414	22.1279851318974
4415	22.3059982297682
4416	22.4622495616392
4417	22.6038637481189
4418	22.7344392550054
4419	22.8540772167672
4420	22.9599329183788
4421	23.048285082834
4422	23.116584492957
4423	23.1639645444281
4424	23.1958332205727
4425	23.2223727351032
4426	23.2483236073628
4427	23.2717932884573
4428	23.2883980648594
4429	23.2958775360734
4430	23.2926130363256
4431	23.2741292183915
4432	23.2388761841168
4433	23.1873925435765
4434	23.1203694436666
4435	23.0342156800663
4436	22.9257816490099
4437	22.7956664393934
4438	22.6401787904873
4439	22.4571199477336
4440	22.2501828729739
4441	22.0191975484884
4442	21.7625248121529
4443	21.4863189406099
4444	21.2015965530976
4445	20.914066406031
4446	20.624868546106
4447	20.3437326110413
4448	20.0827641457933
4449	19.8456551323234
4450	19.632300552477
4451	19.4433923321517
4452	19.2801328070593
4453	19.1449666326489
4454	19.0392947672158
4455	18.9604028861939
4456	18.9056127759581
4457	18.8728616671424
4458	18.8597631410854
4459	18.8658839685438
4460	18.8895258673129
4461	18.9282473565308
4462	18.9803784881735
4463	19.0432821644145
4464	19.1147289290549
4465	19.1908398077194
4466	19.2606119721712
4467	19.3072547348654
4468	19.313808744598
4469	19.2730385737659
4470	19.188118008217
4471	19.060280713948
4472	18.8875932322878
4473	18.6698483264548
4474	18.4063651849277
4475	18.0977670935571
4476	17.7488942865642
4477	17.3643799640631
4478	16.9494105556623
4479	16.5098144933116
4480	16.0508771524133
4481	15.5785482265947
4482	15.1002437770081
4483	14.622046573409
4484	14.1481981996804
4485	13.6808795298054
4486	13.22339622711
4487	12.7801862077423
4488	12.3523140310967
4489	11.9405650941252
4490	11.5478427932895
4491	11.1770886632814
4492	10.8277088051902
4493	10.497492655361
4494	10.1871542146276
4495	9.90128833866755
4496	9.6412888633345
4497	9.40991198513088
4498	9.21696410366491
4499	9.06145899378755
4500	8.93945365461691
4501	8.84197424163233
4502	8.75513794078869
4503	8.6799952089442
4504	8.61781657416148
4505	8.56658068948601
4506	8.52691607737227
4507	8.49098989277248
4508	8.44628919089756
4509	8.38729140800878
4510	8.31204571056933
4511	8.2260691265675
4512	8.13859762167742
4513	8.05155937582528
4514	7.96750672273855
4515	7.88995665995176
4516	7.8148342677193
4517	7.73786680193363
4518	7.65726867559984
4519	7.56976416958993
4520	7.47541671608963
4521	7.37512177217628
4522	7.26927133305419
4523	7.1582983248605
4524	7.04212973593585
4525	6.9208723102276
4526	6.79672155957484
4527	6.67097421223923
4528	6.5433015247366
4529	6.41481783114647
4530	6.28761713126698
4531	6.16266428030629
4532	6.03801189780614
4533	5.91457782723066
4534	5.79499597717898
4535	5.67857888310505
4536	5.5651399084253
4537	5.45510067471073
4538	5.34815284193036
4539	5.24444626350675
4540	5.14381390497367
4541	5.04616003410079
4542	4.95099768866761
4543	4.85839756426227
4544	4.77301479383872
4545	4.69124717087231
4546	4.59547758173889
4547	4.46500739610845
4548	4.28498683858302
4549	4.04965597169814
4550	3.75872607686131
4551	3.41567214412007
4552	3.02858390324532
4553	2.60648839640214
4554	2.15553055235018
4555	1.68596885440722
4556	1.20974162555832
4557	0.734765844556634
4558	0.268632031460494
4559	-0.183577504824804
4560	-0.618616781803914
4561	-1.03420156968676
4562	-1.42817541620307
4563	-1.80077336020615
4564	-2.1530087769014
4565	-2.48666014052346
4566	-2.8034315681929
4567	-3.10366220230668
4568	-3.38895724045762
4569	-3.65998082479122
4570	-3.91771611296195
4571	-4.16357933550333
4572	-4.39954816817687
4573	-4.62722296274476
4574	-4.84716873578443
4575	-5.05853197987644
4576	-5.2608780747131
4577	-5.45481240130227
4578	-5.64003390488901
4579	-5.81761185539822
4580	-5.99033353381923
4581	-6.15906094145578
4582	-6.32264113390762
4583	-6.47980583070593
4584	-6.63143870340032
4585	-6.77691304295758
4586	-6.91595496882799
4587	-7.0498635236074
4588	-7.17812345801628
4589	-7.29973653765871
4590	-7.41455455014422
4591	-7.52395322536243
4592	-7.62910474497466
4593	-7.73123720171429
4594	-7.8298199927759
4595	-7.92324080344002
4596	-8.01015604843259
4597	-8.08942382775441
4598	-8.15574028791942
4599	-8.19638539623563
4600	-8.19584751369896
4601	-8.13522089262084
4602	-7.99809932102044
4603	-7.77409048322786
4604	-7.45467893930631
4605	-7.03491716974496
4606	-6.51329340820754
4607	-5.8912333946316
4608	-5.17149918110193
4609	-4.35976468736309
4610	-3.46872621458049
4611	-2.51398805172148
4612	-1.50943894759423
4613	-0.468905840536407
4614	0.591892938389764
4615	1.65612982133661
4616	2.70614417991482
4617	3.7258047909521
4618	4.7009095222242
4619	5.62330802462541
4620	6.49192886251235
4621	7.30379055497566
4622	8.05812125834344
4623	8.7573630590678
4624	9.40574827656301
4625	10.0067330953797
4626	10.5629390416995
4627	11.0805023750507
4628	11.5645160711234
4629	12.0183264794946
4630	12.4453714148734
4631	12.84739875844
4632	13.2270502390691
4633	13.5882361067692
4634	13.9321400348582
4635	14.2601056925865
4636	14.5749895598717
4637	14.8794167866955
4638	15.1715678022229
4639	15.4454498231957
4640	15.6882686108186
4641	15.8865532972506
4642	16.0297365982157
4643	16.1118810065912
4644	16.1343102214335
4645	16.1123578743775
4646	16.0650231935763
4647	16.0026689920607
4648	15.9338722244409
4649	15.8664273695864
4650	15.8067833683041
4651	15.7592881403252
4652	15.7260886471011
4653	15.7075297456636
4654	15.6989638469041
4655	15.6925512677241
4656	15.6880140664622
4657	15.6870029494357
4658	15.6864939352978
4659	15.6802172150406
4660	15.6587259569626
4661	15.6181342302964
4662	15.5609686802956
4663	15.490687263672
4664	15.4133272499508
4665	15.3292688413714
4666	15.2357418199223
4667	15.1321760222812
4668	15.018512916087
4669	14.899625191666
4670	14.7778000330775
4671	14.6504101241012
4672	14.514224518662
4673	14.3637452428079
4674	14.1994171046349
4675	14.0283020265601
4676	13.8600633190302
4677	13.7035725710773
4678	13.5648726053113
4679	13.4512237519515
4680	13.3686866548857
4681	13.3217834121679
4682	13.3124822829471
4683	13.3377120629035
4684	13.3931364208017
4685	13.4771913652419
4686	13.5884422099982
4687	13.7241508446811
4688	13.881157090133
4689	14.0534644811465
4690	14.2361137796162
4691	14.42686816005
4692	14.6217974839321
4693	14.8183754725483
4694	15.0149566550071
4695	15.210147303369
4696	15.4031673044493
4697	15.5937258837342
4698	15.7814169072377
4699	15.9679166456812
4700	16.1546483620168
4701	16.3412640292904
4702	16.5219212943781
4703	16.6826886428838
4704	16.8054758245006
4705	16.8842758872671
4706	16.9294063656041
4707	16.9495668614111
4708	16.947943657749
4709	16.9247469825623
4710	16.8799621842033
4711	16.8139237092852
4712	16.7275259078547
4713	16.6237469226331
4714	16.5044904626493
4715	16.3701766295799
4716	16.2211277822508
4717	16.0573334326819
4718	15.8804033691912
4719	15.6914459480128
4720	15.490631699641
4721	15.2796299487075
4722	15.0574769514433
4723	14.8227010418864
4724	14.5772238217727
4725	14.3238986859788
4726	14.0643797206072
4727	13.7993367877476
4728	13.5288331278102
4729	13.253735248503
4730	12.9764066837557
4731	12.6972838337621
4732	12.4191435522834
4733	12.1459419316502
4734	11.8784037466955
4735	11.6137353543435
4736	11.3500912848205
4737	11.0877881150618
4738	10.8268736673366
4739	10.5696945039266
4740	10.3213438007275
4741	10.0829573629672
4742	9.85671640726758
4743	9.64853727403776
4744	9.45779308669445
4745	9.27902581438462
4746	9.10908880589664
4747	8.94720897885411
4748	8.79311818308898
4749	8.64580682118827
4750	8.50345387718299
4751	8.36586936439795
4752	8.2332133228134
4753	8.10366279943089
4754	7.97602424989659
4755	7.85078737907353
4756	7.72798855898011
4757	7.60757724802855
4758	7.49025569785076
4759	7.3760243693373
4760	7.26239626271799
4761	7.14817302172826
4762	7.03484436914177
4763	6.92339398552047
4764	6.81350188922123
4765	6.7111903654652
4766	6.62824952467413
4767	6.5778846527038
4768	6.5719930836609
4769	6.61961955509421
4770	6.72854165485098
4771	6.90121982722328
4772	7.13595978917124
4773	7.43351501157647
4774	7.79424033575418
4775	8.21648399437077
4776	8.69574413328708
4777	9.22455110297553
4778	9.79555291403406
4779	10.3999410237112
4780	11.0283606056343
4781	11.6711487164315
4782	12.3175995280008
4783	12.9584720827602
4784	13.5856674174869
4785	14.1912309188024
4786	14.7680557953746
4787	15.3101555658377
4788	15.8139594498715
4789	16.2786566348074
4790	16.7041820763101
4791	17.090559035497
4792	17.4396332373792
4793	17.7542163936838
4794	18.0358594881781
4795	18.2850565881157
4796	18.5062296935334
4797	18.7045206321674
4798	18.8820567358782
4799	19.0427581460941
4800	19.1913547691993
4801	19.3297444319629
4802	19.4578802287985
4803	19.5663447242632
4804	19.6361138567678
4805	19.6499258060274
4806	19.6015428922295
4807	19.4912457894869
4808	19.3128478334269
4809	19.0581185168182
4810	18.7323377918584
4811	18.3470583649687
4812	17.8997091531217
4813	17.3812870520103
4814	16.800427266643
4815	16.185083510224
4816	15.5540709257075
4817	14.9107401797921
4818	14.2643930515749
4819	13.627687259042
4820	13.0110083606774
4821	12.426952420922
4822	11.8815660391966
4823	11.3709638730709
4824	10.8954969223118
4825	10.4571182836021
4826	10.053016319117
4827	9.68478784043624
4828	9.35201162060399
4829	9.05140496490363
4830	8.78347295444181
4831	8.54462432398681
4832	8.32983497943154
4833	8.13663927714081
4834	7.96173772208647
4835	7.80118557357814
4836	7.65424711159472
4837	7.52140512535211
4838	7.39981473115537
4839	7.28456863349943
4840	7.17299546642147
4841	7.06316869832296
4842	6.95487851230509
4843	6.84428162429937
4844	6.71942647987826
4845	6.56709198472955
4846	6.37707536150015
4847	6.14435511985248
4848	5.8740498775291
4849	5.58233974334513
4850	5.28782133399376
4851	5.00187209803427
4852	4.73437060450213
4853	4.49395182609139
4854	4.27890576354326
4855	4.08432131905913
4856	3.9010927706077
4857	3.71789355438171
4858	3.52719743437587
4859	3.32472728482655
4860	3.11390220178514
4861	2.89683669653526
4862	2.67254184494886
4863	2.44325866493545
4864	2.20959582920353
4865	1.97352022476932
4866	1.73718053862474
4867	1.50201311983795
4868	1.27144178262603
4869	1.04742419363208
4870	0.829893748004074
4871	0.622027595407257
4872	0.429574058288533
4873	0.256896364822704
4874	0.106236813346416
4875	-0.0148589127969664
4876	-0.105068468796087
4877	-0.179629523900677
4878	-0.257523888578344
4879	-0.352818978547446
4880	-0.474729421630188
4881	-0.630075389486949
4882	-0.82226488273661
4883	-1.05145972892361
4884	-1.31484922477705
4885	-1.60839025947214
4886	-1.92658748237221
4887	-2.26256097332962
4888	-2.61109801606296
4889	-2.96840637253298
4890	-3.3302092607898
4891	-3.6937298368533
4892	-4.05608157624298
4893	-4.41238431698242
4894	-4.75906485624414
4895	-5.09429854599837
4896	-5.41641118705327
4897	-5.71806023947568
4898	-5.99239163067017
4899	-6.23901314961416
4900	-6.45809673568212
4901	-6.64758197095595
4902	-6.80483273010111
4903	-6.92858637856536
4904	-7.01721034538659
4905	-7.06628247870899
4906	-7.06709546352836
4907	-7.01707835163713
4908	-6.92325038495519
4909	-6.79845628905565
4910	-6.64713044478718
4911	-6.47479779531592
4912	-6.28713247643064
4913	-6.08847517730389
4914	-5.88712763892612
4915	-5.68509332670534
4916	-5.48188981517354
4917	-5.27805348298406
4918	-5.07101022038933
4919	-4.85551170864832
4920	-4.63141185345632
4921	-4.40132143186768
4922	-4.16530393827218
4923	-3.92424026207869
4924	-3.67931770872143
4925	-3.42861354818875
4926	-3.17238749033153
4927	-2.90969660456409
4928	-2.63716129330547
4929	-2.35464340222228
4930	-2.06349754020572
4931	-1.76637747399126
4932	-1.46846804072316
4933	-1.16620124212083
4934	-0.861508650842397
4935	-0.56754067085054
4936	-0.284194326874747
4937	0.0030883640645922
4938	0.301854522439024
4939	0.610293244445314
4940	0.925649980854638
4941	1.24790093511666
4942	1.57859281110041
4943	1.91537837118191
4944	2.25548287190197
4945	2.59638406748911
4946	2.93755966392065
4947	3.27882052914267
4948	3.62026315698698
4949	3.96087194328846
4950	4.29718308324682
4951	4.62758796786791
4952	4.95191723096021
4953	5.27084563748615
4954	5.5837429905626
4955	5.89327719134091
4956	6.20221210745632
4957	6.4998264131611
4958	6.77573390894027
4959	7.02201451761178
4960	7.24152958351041
4961	7.43505724390735
4962	7.58591886597791
4963	7.69631220065689
4964	7.78910042539167
4965	7.8786682808434
4966	7.95832293637629
4967	8.01183971031393
4968	8.03924450219277
4969	8.06153027642648
4970	8.08845838379743
4971	8.1087718710314
4972	8.10990637008635
4973	8.09116058884037
4974	8.06549284524781
4975	8.04608862759082
4976	8.03207499351997
4977	8.01174531716768
4978	7.97801829281056
4979	7.9387584942413
4980	7.90579024982663
4981	7.88200604844464
4982	7.86394121052943
4983	7.84467815557315
4984	7.82048507496702
4985	7.79905896601679
4986	7.78665913288977
4987	7.78077975339592
4988	7.77432229463711
4989	7.75537689370065
4990	7.71891728175404
4991	7.67741296091754
4992	7.64162709918692
4993	7.60974297828696
4994	7.57619134760963
4995	7.53353787013781
4996	7.47570592029406
4997	7.40342461649017
4998	7.32687203672541
4999	7.25292035070857
5000	7.17975928624219
5001	7.10165215463257
5002	7.01224176161729
5003	6.91519594987228
5004	6.82052869600739
5005	6.73447360879702
5006	6.65412851975602
5007	6.57328050922796
5008	6.49658761712674
5009	6.42669584621579
5010	6.36192635271066
5011	6.30093907512889
5012	6.23600031324353
5013	6.16000896346469
5014	6.07064550150572
5015	5.96638993316376
5016	5.84381702310964
5017	5.70030244052967
5018	5.53486752976714
5019	5.34714531333815
5020	5.13774944825019
5021	4.90908819518785
5022	4.66778609777796
5023	4.4181649068635
5024	4.16098121000584
5025	3.8985268643922
5026	3.63396517926838
5027	3.37174988097347
5028	3.11400799517679
5029	2.85860218559313
5030	2.60649720010019
5031	2.36151465663878
5032	2.12532728282434
5033	1.89791004194986
5034	1.6825463035725
5035	1.49794528024938
5036	1.34771643526721
5037	1.2089832639145
5038	1.0616778533395
5039	0.891711473073566
5040	0.691142111814303
5041	0.458649422946553
5042	0.209005744232274
5043	-0.0323558967575748
5044	-0.249681391499748
5045	-0.437468682767098
5046	-0.596300103758107
5047	-0.736716680461417
5048	-0.85828519938174
5049	-0.949604177721129
5050	-1.00909260513251
5051	-1.04618913940621
5052	-1.07689634712913
5053	-1.11316200946976
5054	-1.1610130645956
5055	-1.22476463610683
5056	-1.30776076469142
5057	-1.40373513965415
5058	-1.50116085042149
5059	-1.5936267617337
5060	-1.67615253384913
5061	-1.7418699295276
5062	-1.78607569713433
5063	-1.80413025892279
5064	-1.79635355840779
5065	-1.7652183315253
5066	-1.71224054900245
5067	-1.64201967833584
5068	-1.55910646741803
5069	-1.46460113839542
5070	-1.35734532667602
5071	-1.23975188110778
5072	-1.10816212526301
5073	-0.96037393199279
5074	-0.802580243424362
5075	-0.635873297525622
5076	-0.458695719028173
5077	-0.275924502658604
5078	-0.0796250497201707
5079	0.137739681665485
5080	0.365999994695562
5081	0.606581570604985
5082	0.865859346236763
5083	1.14437098691235
5084	1.43426469261966
5085	1.72374863420343
5086	2.01938812876867
5087	2.32522078081959
5088	2.63831786435135
5089	2.96118566077991
5090	3.29323380610087
5091	3.63260880102771
5092	3.97577654135468
5093	4.3203065557384
5094	4.66357581199539
5095	5.00087998178467
5096	5.33019857482144
5097	5.64904264197649
5098	5.94979710772069
5099	6.22590226521498
5100	6.4691179257524
5101	6.67734239844889
5102	6.85426117891362
5103	6.99466228514192
5104	7.08309859792387
5105	7.12593843152424
5106	7.1395458661768
5107	7.12636168942694
5108	7.08233391384099
5109	7.00794981828966
5110	6.90695363370515
5111	6.77883257353519
5112	6.62715868452132
5113	6.45460136333384
5114	6.25791982097341
5115	6.04667267040425
5116	5.83913701078347
5117	5.63942384522379
5118	5.44700800976752
5119	5.25803008391815
5120	5.06860957538039
5121	4.8720773534107
5122	4.65741376412061
5123	4.41430691338747
5124	4.13194066539884
5125	3.80404807525702
5126	3.42886657099553
5127	3.00868698720518
5128	2.54905954359299
5129	2.05542991478124
5130	1.53434345098032
5131	0.993128453233472
5132	0.439949257015148
5133	-0.116477671362007
5134	-0.668229224826307
5135	-1.20815895306169
5136	-1.73149036553845
5137	-2.23083633304856
5138	-2.6989484975661
5139	-3.13222563992444
5140	-3.52332191613048
5141	-3.86459728205887
5142	-4.156001621354
5143	-4.40124972251365
5144	-4.60292036084635
5145	-4.76403954816057
5146	-4.885709236776
5147	-4.96785939974914
5148	-5.00836635826448
5149	-5.01244194769087
5150	-4.98960051139982
5151	-4.93817066634203
5152	-4.85543568648122
5153	-4.74548422484167
5154	-4.61434865657207
5155	-4.46593753752962
5156	-4.3023637303304
5157	-4.12557711906636
5158	-3.93717997682516
5159	-3.73653414519442
5160	-3.52353865883819
5161	-3.30048424909205
5162	-3.06839390134788
5163	-2.8267945968368
5164	-2.58464844419358
5165	-2.35195898235711
5166	-2.12902332335312
5167	-1.91419552562132
5168	-1.70080077977648
5169	-1.48454009019408
5170	-1.26858569643134
5171	-1.0544121320111
5172	-0.841834571144313
5173	-0.625562332608737
5174	-0.40482405891946
5175	-0.185012867758201
5176	0.0239520937882144
5177	0.209988910870059
5178	0.367824496583388
5179	0.495810599093137
5180	0.595847836010358
5181	0.677392495170588
5182	0.750096205362353
5183	0.818676589096776
5184	0.883405170187686
5185	0.944028142347225
5186	1.00583160828846
5187	1.07624674817421
5188	1.15878554840765
5189	1.25036819809965
5190	1.35070911540239
5191	1.45929600954413
5192	1.57297712681983
5193	1.69179611997342
5194	1.81621753044874
5195	1.94328746273194
5196	2.0703064223371
5197	2.19694275789568
5198	2.3229153279249
5199	2.44678358694599
5200	2.56765749999023
5201	2.68650195349188
5202	2.80231325968392
5203	2.91447127704588
5204	3.02357415195134
5205	3.1286792299254
5206	3.23010881610062
5207	3.32895476799562
5208	3.4230806359953
5209	3.50991459263266
5210	3.58965774456954
5211	3.6621520267546
5212	3.7266072087446
5213	3.78325946998157
5214	3.83147056901995
5215	3.87138459309781
5216	3.90318483129894
5217	3.9232553739625
5218	3.92413492068737
5219	3.90226635473894
5220	3.86075212563762
5221	3.80169514555561
5222	3.72841305973726
5223	3.64429941734956
5224	3.55046756215635
5225	3.44896656422177
5226	3.34369508460357
5227	3.23792984897083
5228	3.13196164021068
5229	3.02582309291123
5230	2.92081848652582
5231	2.81734350953035
5232	2.71616968974623
5233	2.61813179080754
5234	2.52324851165725
5235	2.43049689905502
5236	2.33842087790561
5237	2.24679914882793
5238	2.15602498336825
5239	2.06507518211002
5240	1.97448809750741
5241	1.88580150383919
5242	1.79870959494097
5243	1.71467874602682
5244	1.63582913226266
5245	1.56075752701099
5246	1.48735298879513
5247	1.41534216812417
5248	1.34408678059735
5249	1.27363182504663
5250	1.204185106035
5251	1.13394697623551
5252	1.06306670557204
5253	0.993807063912899
5254	0.927478031613696
5255	0.864001884419128
5256	0.80134738371747
5257	0.739371844168193
5258	0.680244685601767
5259	0.624089051246956
5260	0.570281919600081
5261	0.51882187306312
5262	0.46848271206159
5263	0.4181435707659
5264	0.367693186796045
5265	0.316944578872804
5266	0.265932801538848
5267	0.214442226413811
5268	0.16280581232099
5269	0.113084877132421
5270	0.0631950412678954
5271	0.0130185251708461
5272	-0.0333847238843898
5273	-0.0765741163918017
5274	-0.118509523533903
5275	-0.15914543031827
5276	-0.19800044655201
5277	-0.234305239143263
5278	-0.265960567833353
5279	-0.291625144425764
5280	-0.310673240956045
5281	-0.31891835305751
5282	-0.3128926822232
5283	-0.293041533763099
5284	-0.260188978526292
5285	-0.21447234852884
5286	-0.155962202708803
5287	-0.0847702311999087
5288	-0.0025722886196434
5289	0.0895621116820747
5290	0.19171737173168
5291	0.301096846286113
5292	0.414027136406178
5293	0.529153945508244
5294	0.64595207030315
5295	0.76491561357762
5296	0.887519523834426
5297	1.01162026887541
5298	1.13403125056589
5299	1.25533171279957
5300	1.37587802308338
5301	1.49235249192213
5302	1.60330819807337
5303	1.70962955098331
5304	1.81124688432668
5305	1.90792702271493
5306	1.99986393322441
5307	2.08710003673251
5308	2.16900419200414
5309	2.24550718017194
5310	2.31636974006513
5311	2.38008193823223
5312	2.43534543998106
5313	2.48164774802034
5314	2.51809517553981
5315	2.54539865219476
5316	2.56575307337535
5317	2.58007377145344
5318	2.58992092411839
5319	2.59556506991615
5320	2.5953305451135
5321	2.58969682731654
5322	2.57941200950189
5323	2.56471359144838
5324	2.54403622028671
5325	2.51603375659284
5326	2.4821893822261
5327	2.4436222320084
5328	2.39952236891373
5329	2.35011313148447
5330	2.29618719210232
5331	2.23677951223312
5332	2.17110599838029
5333	2.09937511757736
5334	2.02375437575416
5335	1.94404179460093
5336	1.85533261030757
5337	1.75715800889648
5338	1.64486148862647
5339	1.51672617704101
5340	1.38925363888474
5341	1.27985628916598
5342	1.2034272041016
5343	1.17589570787886
5344	1.20986878021078
5345	1.30961528509591
5346	1.47392104661717
5347	1.69890035734224
5348	1.97992825202094
5349	2.309759357405
5350	2.68014385432882
5351	3.08271188637706
5352	3.50629289776806
5353	3.94240188375711
5354	4.38304274610092
5355	4.82100618508176
5356	5.24949161879194
5357	5.66186097088471
5358	6.05400749314521
5359	6.4222884348311
5360	6.7655352947575
5361	7.08387200455829
5362	7.37685466058988
5363	7.64401500288274
5364	7.88722569289612
5365	8.10899329656268
5366	8.31040681560504
5367	8.49508815452514
5368	8.66557435517719
5369	8.82224234576809
5370	8.96281550688417
5371	9.08022545647564
5372	9.16298838762946
5373	9.20532019847994
5374	9.20393601568942
5375	9.15035902124849
5376	9.03374591619402
5377	8.84460294207988
5378	8.57494360610195
5379	8.21672827549289
5380	7.76574800794392
5381	7.22080679220773
5382	6.58298263470455
5383	5.85620821332665
5384	5.04973547960681
5385	4.17638831369769
5386	3.24957906846767
5387	2.28266949371863
5388	1.29054823116142
5389	0.291147005543793
5390	-0.698253267600095
5391	-1.662706366433
5392	-2.59178243427841
5393	-3.47745223774892
5394	-4.31011249920449
5395	-5.08295545586054
5396	-5.78866966554705
5397	-6.42154646823185
5398	-6.97425583701107
5399	-7.44036589084749
5400	-7.81887095344843
5401	-8.12415535684473
5402	-8.37734221563994
5403	-8.59618849474713
5404	-8.79928892466195
5405	-8.98784804879765
5406	-9.14633543152995
5407	-9.2703642989763
5408	-9.37595050751148
5409	-9.47588552931495
5410	-9.57824570254684
5411	-9.69090559313441
5412	-9.81408490030425
5413	-9.94170497917275
5414	-10.0689675118573
5415	-10.1978851928674
5416	-10.3266130656743
5417	-10.4447006726056
5418	-10.5381573817067
5419	-10.6059204683897
5420	-10.6585008458922
5421	-10.7022696336891
5422	-10.7340418842665
5423	-10.7464598567674
5424	-10.7371118494587
5425	-10.7157572646363
5426	-10.6973131703992
5427	-10.6915401958344
5428	-10.7038781359382
5429	-10.7344999469309
5430	-10.7803625086499
5431	-10.833089722229
5432	-10.8815207375083
5433	-10.9226562351875
5434	-10.9601957550495
5435	-10.9976427887276
5436	-11.0338922369331
5437	-11.0636755895452
5438	-11.0822516113246
5439	-11.0893723160911
5440	-11.0884359502086
5441	-11.0841638986328
5442	-11.0761516098304
5443	-11.0600540170811
5444	-11.0332446508921
5445	-10.9946858864271
5446	-10.9442924148989
5447	-10.8810479088385
5448	-10.8038590476762
5449	-10.7143256531548
5450	-10.6161135174995
5451	-10.5094422414459
5452	-10.4024554341563
5453	-10.3035753996499
5454	-10.2185274368125
5455	-10.157374486821
5456	-10.1240051436697
5457	-10.1204017537407
5458	-10.1484083336199
5459	-10.203803294311
5460	-10.2830544360872
5461	-10.3868170746076
5462	-10.5155474252378
5463	-10.6677319573868
5464	-10.8394536467984
5465	-11.0269466037674
5466	-11.2246314672985
5467	-11.4296825370748
5468	-11.6439757465491
5469	-11.8646390278277
5470	-12.087307059373
5471	-12.3097597038773
5472	-12.5275486079339
5473	-12.7372794599305
5474	-12.9383161683808
5475	-13.1298038235365
5476	-13.3083975462317
5477	-13.4637577119323
5478	-13.5810720912192
5479	-13.6493670436223
5480	-13.6569647901116
5481	-13.5965262289098
5482	-13.4708554285544
5483	-13.2868296048261
5484	-13.0526530311858
5485	-12.7702292558941
5486	-12.4415310924992
5487	-12.0701319482114
5488	-11.6610785709084
5489	-11.2201387090093
5490	-10.7483888264272
5491	-10.2489670415904
5492	-9.72959656212107
5493	-9.19744885247883
5494	-8.65605578921317
5495	-8.10932725566649
5496	-7.56421409716899
5497	-7.02758729259327
5498	-6.5040986322282
5499	-5.99988663165168
5500	-5.51677732315765
5501	-5.05643147564773
5502	-4.62256587815667
5503	-4.21465460869401
5504	-3.83381754488149
5505	-3.48157978061073
5506	-3.15519735193748
5507	-2.8525158520718
5508	-2.57313358801378
5509	-2.31440574610393
5510	-2.07458780823289
5511	-1.85271462038058
5512	-1.64699347250121
5513	-1.45500195338034
5514	-1.2757164101803
5515	-1.11043624372023
5516	-0.959716654388887
5517	-0.820937036588924
5518	-0.690292100534603
5519	-0.567103162052351
5520	-0.451818660626501
5521	-0.344323319715188
5522	-0.245107354363453
5523	-0.153689171315131
5524	-0.0723661588020262
5525	-0.00622783182345292
5526	0.0411199288811552
5527	0.0658610976227898
5528	0.0636335013351212
5529	0.0305981701743253
5530	-0.032318780333521
5531	-0.121282400782068
5532	-0.231011033229867
5533	-0.355928449780307
5534	-0.491102431018964
5535	-0.631172760642958
5536	-0.773053769399123
5537	-0.916812887007154
5538	-1.06356076467697
5539	-1.21115141933221
5540	-1.35704166517826
5541	-1.50079553855979
5542	-1.64364652561578
5543	-1.78674973326797
5544	-1.92825041206584
5545	-2.067167851348
5546	-2.20315627062166
5547	-2.33476966120869
5548	-2.46318604864247
5549	-2.58952935077794
5550	-2.7134475197356
5551	-2.83560294602923
5552	-2.95627787270287
5553	-3.07576508039579
5554	-3.19535411224962
5555	-3.31552800566499
5556	-3.43581041510712
5557	-3.55660048998099
5558	-3.67861473622945
5559	-3.80075102759117
5560	-3.9211108820618
5561	-4.03849362633221
5562	-4.1501643518455
5563	-4.25384766625408
5564	-4.3454633442786
5565	-4.42404142191138
5566	-4.49238484460789
5567	-4.555964637545
5568	-4.62923813901587
5569	-4.72971057527666
5570	-4.87252163740081
5571	-5.06974612819885
5572	-5.32909022580886
5573	-5.65275482088154
5574	-6.03722578602274
5575	-6.47807403536713
5576	-6.96881183507626
5577	-7.50000796120064
5578	-8.06306803659294
5579	-8.64776524462484
5580	-9.24324736548698
5581	-9.83985657211343
5582	-10.4306547811872
5583	-11.0102029137904
5584	-11.5737962329051
5585	-12.1145577952623
5586	-12.6274960448669
5587	-13.1110047395983
5588	-13.5653213359532
5589	-13.9914768684578
5590	-14.3894768230074
5591	-14.7602903924946
5592	-15.1059041007645
5593	-15.4265617944969
5594	-15.7222262507742
5595	-15.9974613581064
5596	-16.255866390098
5597	-16.497981142787
5598	-16.7235786587535
5599	-16.9338892007997
5600	-17.1310152462559
5601	-17.3172814612575
5602	-17.494201083433
5603	-17.661864102967
5604	-17.8219099665813
5605	-17.9751924097579
5606	-18.1226459782738
5607	-18.2644170403656
5608	-18.399749571691
5609	-18.5261726120678
5610	-18.6354049853593
5611	-18.7192173058001
5612	-18.7640551897863
5613	-18.7563652281445
5614	-18.69610617826
5615	-18.5972926895394
5616	-18.4737910744608
5617	-18.3326121359217
5618	-18.1806850387618
5619	-18.0228212686095
5620	-17.8604298473895
5621	-17.6949870063713
5622	-17.527074430704
5623	-17.3567219412482
5624	-17.1848698659244
5625	-17.0105521196084
5626	-16.8344949056838
5627	-16.6555551269883
5628	-16.47094364456
5629	-16.2785320699093
5630	-16.0746586310327
5631	-15.8578020008614
5632	-15.6224356523027
5633	-15.3613935128126
5634	-15.0677841789908
5635	-14.7467544952077
5636	-14.4017215041564
5637	-14.0296114008031
5638	-13.6364145457884
5639	-13.228013680375
5640	-12.808251600683
5641	-12.3853035491194
5642	-11.9694359731631
5643	-11.5683549120771
5644	-11.182490252945
5645	-10.8118856405323
5646	-10.4609253262439
5647	-10.1212349326642
5648	-9.78047242543849
5649	-9.43105997615135
5650	-9.06998781593647
5651	-8.6949042207273
5652	-8.30559212943551
5653	-7.90747915835011
5654	-7.50600869330101
5655	-7.10336640507791
5656	-6.70101093543107
5657	-6.30046968737131
5658	-5.90517118711113
5659	-5.51868515720078
5660	-5.14302753251321
5661	-4.78163806565707
5662	-4.43687648716026
5663	-4.10750699391746
5664	-3.78873830750374
5665	-3.47236381933339
5666	-3.15788924106999
5667	-2.86386639071351
5668	-2.59914734510433
5669	-2.37084089767843
5670	-2.17697604089169
5671	-2.00946955320008
5672	-1.86677080554002
5673	-1.74991384528443
5674	-1.661570373874
5675	-1.59581617259183
5676	-1.54577847747264
5677	-1.51164125897172
5678	-1.50185325518048
5679	-1.52175764185095
5680	-1.56293874028568
5681	-1.61508083462182
5682	-1.67625927957785
5683	-1.74495886613508
5684	-1.82555172005692
5685	-1.92560392072341
5686	-2.03752419400109
5687	-2.1494357250028
5688	-2.25472687787427
5689	-2.35208048079705
5690	-2.4452937998112
5691	-2.53697481074337
5692	-2.62723950845646
5693	-2.71574340796982
5694	-2.80392169414638
5695	-2.89391782242774
5696	-2.98895590649259
5697	-3.08772650782381
5698	-3.18273183620248
5699	-3.27384613858045
5700	-3.36160753845598
5701	-3.44211404380567
5702	-3.51326423564183
5703	-3.57213238971496
5704	-3.61630199548601
5705	-3.64268348554807
5706	-3.64959473290553
5707	-3.63929987586882
5708	-3.61517958671958
5709	-3.57864485431709
5710	-3.534502373387
5711	-3.48810244920889
5712	-3.44366638759927
5713	-3.40182142812697
5714	-3.36470908545396
5715	-3.33639465466221
5716	-3.31632505389285
5717	-3.30523734885972
5718	-3.3058369903721
5719	-3.31952190119911
5720	-3.34758806057269
5721	-3.39378443918516
5722	-3.45720214887284
5723	-3.53167411272578
5724	-3.61646697595597
5725	-3.7101007995176
5726	-3.79846068596057
5727	-3.86408544438818
5728	-3.89681480986608
5729	-3.88874496258396
5730	-3.83316483132461
5731	-3.72560453236769
5732	-3.56273149122282
5733	-3.34940372019589
5734	-3.09571136711842
5735	-2.82145025049659
5736	-2.55654863679173
5737	-2.31971621295654
5738	-2.13138721612732
5739	-1.98413215925881
5740	-1.85596619673926
5741	-1.75351068247725
5742	-1.6886041317868
5743	-1.66392622869824
5744	-1.66507228120963
5745	-1.6693089502757
5746	-1.65706061071094
5747	-1.6176412754996
5748	-1.55512955506667
5749	-1.48330426393515
5750	-1.40972740152063
5751	-1.32972333621598
5752	-1.23178372483695
5753	-1.10644416881248
5754	-0.955333039281948
5755	-0.797421758332203
5756	-0.661845841581329
5757	-0.565827792195454
5758	-0.512723398301881
5759	-0.50322361961862
5760	-0.524499424646557
5761	-0.563303055807915
5762	-0.617750406130653
5763	-0.686690560702987
5764	-0.767717733350387
5765	-0.857689256911953
5766	-0.952530325671542
5767	-1.04925788503264
5768	-1.14821641360273
5769	-1.24905698890478
5770	-1.35034982537752
5771	-1.45385642830607
5772	-1.56085875939297
5773	-1.66821863731085
5774	-1.77274733168892
5775	-1.87402718147554
5776	-1.97231769890148
5777	-2.0707293512838
5778	-2.17692395592189
5779	-2.29879134936031
5780	-2.43600199293496
5781	-2.58749475111015
5782	-2.75490923531215
5783	-2.93623359065259
5784	-3.12971692749294
5785	-3.33549764973064
5786	-3.55294657549793
5787	-3.77833722362773
5788	-4.00956790641092
5789	-4.24627071611378
5790	-4.48666245940531
5791	-4.72925787947567
5792	-4.97171975886175
5793	-5.21105566564429
5794	-5.44609118653228
5795	-5.67529254320715
5796	-5.89627789449265
5797	-6.10835330528797
5798	-6.31174796549294
5799	-6.50593246662958
5800	-6.68950627182811
5801	-6.86329508629613
5802	-7.03001962802006
5803	-7.19010214287412
5804	-7.34241950596511
5805	-7.48629818650637
5806	-7.62131949496653
5807	-7.74559920406554
5808	-7.85770501265786
5809	-7.95756261143188
5810	-8.04578337657205
5811	-8.12321856540527
5812	-8.18974266934652
5813	-8.24495660985441
5814	-8.28967984586718
5815	-8.32428288903121
5816	-8.34951718416321
5817	-8.3668335048687
5818	-8.37590206422145
5819	-8.37917171472542
5820	-8.38092328919931
5821	-8.3866230745406
5822	-8.40234624481046
5823	-8.42808792261235
5824	-8.46727816555547
5825	-8.53237566804083
5826	-8.6346775273621
5827	-8.78250355270607
5828	-8.98102000349824
5829	-9.22993600251276
5830	-9.52470573177063
5831	-9.85739626926071
5832	-10.2196139032302
5833	-10.6020057175104
5834	-10.995745055711
5835	-11.3954176134419
5836	-11.7946847090119
5837	-12.1870741294075
5838	-12.5691654977142
5839	-12.9365911381916
5840	-13.2858013193441
5841	-13.6165816075943
5842	-13.9299602553769
5843	-14.2268925657084
5844	-14.5069160559447
5845	-14.7715805681399
5846	-15.0232498680608
5847	-15.2621209638421
5848	-15.489011220157
5849	-15.7057715302904
5850	-15.9130983850488
5851	-16.1118115893291
5852	-16.3027078531846
5853	-16.4853572100397
5854	-16.6591504023798
5855	-16.8238404518522
5856	-16.980116457362
5857	-17.1298437909356
5858	-17.273517086606
5859	-17.4105991417608
5860	-17.5421583087872
5861	-17.6684938342236
5862	-17.7886585301953
5863	-17.9016824194893
5864	-18.0086204533247
5865	-18.1112777165501
5866	-18.2098730675024
5867	-18.3037170681331
5868	-18.3942991465001
5869	-18.4829580594877
5870	-18.568317564939
5871	-18.6492652453825
5872	-18.7267639938239
5873	-18.802125656984
5874	-18.8741006566048
5875	-18.9407978317386
5876	-19.0008774021198
5877	-19.0538427712936
5878	-19.1011733025858
5879	-19.1448787032822
5880	-19.1830072228615
5881	-19.2138153418403
5882	-19.2381355055818
5883	-19.2557658365741
5884	-19.2676620797325
5885	-19.2759196037862
5886	-19.281107531317
5887	-19.2841779181008
5888	-19.282674484469
5889	-19.2726020343397
5890	-19.2461852812844
5891	-19.1916285955677
5892	-19.0967054362802
5893	-18.9414652804858
5894	-18.7090906879806
5895	-18.389864211801
5896	-17.9751178554891
5897	-17.4592041877418
5898	-16.8435551500832
5899	-16.1363257847718
5900	-15.3474831021379
5901	-14.4857061938102
5902	-13.5650748946495
5903	-12.6068206772061
5904	-11.6324029118836
5905	-10.6622326800372
5906	-9.7116845704154
5907	-8.79155789373759
5908	-7.9096901637532
5909	-7.07218953098068
5910	-6.28253931471821
5911	-5.54072513919859
5912	-4.847272833166
5913	-4.20275608054821
5914	-3.60449637816317
5915	-3.05029525188981
5916	-2.53815155923305
5917	-2.0625900107324
5918	-1.62052741007233
5919	-1.20977350977365
5920	-0.825816566404995
5921	-0.465234314437115
5922	-0.125492819661333
5923	0.196403189024454
5924	0.501274231441323
5925	0.788240445081946
5926	1.05982321393325
5927	1.32080439699089
5928	1.57449637794176
5929	1.82164841187035
5930	2.06213388025771
5931	2.29547300105462
5932	2.51609465177062
5933	2.71814971756005
5934	2.89553277911921
5935	3.03390703383905
5936	3.12162786820256
5937	3.15270589437732
5938	3.12525316698506
5939	3.05396181847849
5940	2.95437748915869
5941	2.83358506483616
5942	2.68377893897812
5943	2.49091445397062
5944	2.25470750425453
5945	1.96833499494185
5946	1.62103013150928
5947	1.21160313918466
5948	0.739730581429785
5949	0.203827292357618
5950	-0.396832736348179
5951	-1.05746926614231
5952	-1.77192245794481
5953	-2.53297860858433
5954	-3.32751626793991
5955	-4.14320551066115
5956	-4.96703106481442
5957	-5.78398472541857
5958	-6.58315506551506
5959	-7.35529830413724
5960	-8.09263495853675
5961	-8.79060979985277
5962	-9.44509047136652
5963	-10.0520219664923
5964	-10.6096079614383
5965	-11.1196765458309
5966	-11.5849907362996
5967	-12.0093518733219
5968	-12.3986993800774
5969	-12.7576832086196
5970	-13.0887220119466
5971	-13.3950039794647
5972	-13.6794173930232
5973	-13.9456616014837
5974	-14.1957872952567
5975	-14.4310828500811
5976	-14.6441520434114
5977	-14.8224987900574
5978	-14.9500750871014
5979	-15.0222337410949
5980	-15.0573064466457
5981	-15.0715886351592
5982	-15.0735302535753
5983	-15.067295809751
5984	-15.0486665042987
5985	-15.0080904132137
5986	-14.9413301558466
5987	-14.8585745993801
5988	-14.773666823405
5989	-14.6867518625999
5990	-14.5857812091607
5991	-14.4671453942988
5992	-14.3313999293407
5993	-14.1795925091413
5994	-14.022718951793
5995	-13.8669945727731
5996	-13.7035079483129
5997	-13.5263774521684
5998	-13.3440183371091
5999	-13.1661735186795
6000	-12.9946652125145
6001	-12.8234528697153
6002	-12.6420329267347
6003	-12.4524834407006
6004	-12.2689736039167
6005	-12.096185510515
6006	-11.9230575548186
6007	-11.742734056726
6008	-11.5593534448005
6009	-11.3872409926764
6010	-11.2461964517395
6011	-11.154068943745
6012	-11.1217782201986
6013	-11.1355706750407
6014	-11.1708166287034
6015	-11.2211057264573
6016	-11.302759505572
6017	-11.4330710489776
6018	-11.6046528433906
6019	-11.7881937480226
6020	-11.9583292703296
6021	-12.1067243865054
6022	-12.2394361132123
6023	-12.3617314036572
6024	-12.4627199703965
6025	-12.5353639554152
6026	-12.5770058679645
6027	-12.5726876157382
6028	-12.5067960587303
6029	-12.3671165299464
6030	-12.1448255602902
6031	-11.833833697143
6032	-11.4315236963571
6033	-10.9407754087711
6034	-10.3670482373118
6035	-9.71978355792274
6036	-9.00860417665007
6037	-8.25814463322142
6038	-7.49443009992602
6039	-6.72901961769111
6040	-5.98545591050286
6041	-5.28491000336967
6042	-4.64110445958314
6043	-4.07029550484612
6044	-3.57451800450567
6045	-3.13336574479302
6046	-2.73809004368156
6047	-2.4071253679234
6048	-2.13868056957636
6049	-1.90759189135445
6050	-1.70264993928404
6051	-1.5367884112841
6052	-1.41640601083159
6053	-1.32134691112257
6054	-1.24339775007258
6055	-1.19771816532201
6056	-1.19456284908371
6057	-1.21851722899636
6058	-1.24842196334849
6059	-1.2771737464492
6060	-1.3010831090376
6061	-1.31653743043049
6062	-1.32055562972416
6063	-1.31278237523767
6064	-1.29247605720384
6065	-1.26011571368449
6066	-1.21837898266166
6067	-1.16907567105737
6068	-1.11492097300391
6069	-1.05685614911901
6070	-0.994478134297028
6071	-0.929643662992767
6072	-0.864351264389519
6073	-0.800677154968807
6074	-0.74105786141739
6075	-0.686735881906882
6076	-0.638048956650383
6077	-0.594765796767088
6078	-0.55642656163572
6079	-0.522483081487388
6080	-0.492267731119602
6081	-0.46651098619409
6082	-0.445622731781316
6083	-0.428506074033346
6084	-0.412850187657345
6085	-0.397163297894676
6086	-0.389399410813305
6087	-0.402873521859163
6088	-0.448306764103889
6089	-0.533246474324042
6090	-0.662841998966719
6091	-0.842317681332067
6092	-1.07521722281184
6093	-1.36172146110072
6094	-1.70112491255136
6095	-2.09342471803526
6096	-2.53719045608464
6097	-3.02758985224367
6098	-3.55998215591947
6099	-4.12662463342732
6100	-4.71876126942043
6101	-5.332594845601
6102	-5.96156982747019
6103	-6.59380506854732
6104	-7.22080640481352
6105	-7.83677226998092
6106	-8.43584276975622
6107	-9.01033549544906
6108	-9.55552313718761
6109	-10.0702646964092
6110	-10.5522163788799
6111	-11.0020109372429
6112	-11.4184836652417
6113	-11.8020845178645
6114	-12.1575342617582
6115	-12.4869729140467
6116	-12.792058724369
6117	-13.0754891337232
6118	-13.3397725529641
6119	-13.5874496900396
6120	-13.8210670153174
6121	-14.0418058340852
6122	-14.2500964966913
6123	-14.4461633827423
6124	-14.6294321635781
6125	-14.7989737186433
6126	-14.9553973800351
6127	-15.0993017622653
6128	-15.2313312604017
6129	-15.3549000233936
6130	-15.4706642825084
6131	-15.577829850074
6132	-15.6769256837214
6133	-15.7694153178301
6134	-15.8571687654955
6135	-15.9377880815569
6136	-16.0010515002915
6137	-16.04067721482
6138	-16.0651389973973
6139	-16.0966192810607
6140	-16.1581357976461
6141	-16.263047983018
6142	-16.4175505475063
6143	-16.6209787640384
6144	-16.8679589949029
6145	-17.1532264941366
6146	-17.4720653712086
6147	-17.81470265959
6148	-18.1708388453138
6149	-18.5350274976204
6150	-18.8996984938265
6151	-19.2592605053571
6152	-19.6104164475846
6153	-19.9497672500132
6154	-20.274935821943
6155	-20.5843946475285
6156	-20.8772393259685
6157	-21.1533695792343
6158	-21.4137123729028
6159	-21.6577861036641
6160	-21.8882631871225
6161	-22.1086711908275
6162	-22.3189553695086
6163	-22.5184038060891
6164	-22.7070716044853
6165	-22.8858682163629
6166	-23.0564903211789
6167	-23.2193004144754
6168	-23.3733952284852
6169	-23.5180957325651
6170	-23.6527649437682
6171	-23.7779591618917
6172	-23.8934037218732
6173	-23.9930680382217
6174	-24.067434090984
6175	-24.1020629195718
6176	-24.081589901633
6177	-23.9954746843601
6178	-23.8377930118701
6179	-23.6074086689738
6180	-23.3080298999083
6181	-22.9494708147803
6182	-22.5370756624014
6183	-22.0801527826368
6184	-21.5867378973378
6185	-21.0583167234759
6186	-20.5006100389546
6187	-19.9106564208955
6188	-19.2720511706367
6189	-18.5759019193667
6190	-17.8283458103017
6191	-17.0400893868027
6192	-16.2256918686531
6193	-15.39749140486
6194	-14.5665709585573
6195	-13.7427092807785
6196	-12.9282044318685
6197	-12.1258149061295
6198	-11.3394779556091
6199	-10.573455642495
6200	-9.8311703225508
6201	-9.11530094175761
6202	-8.431487547377
6203	-7.78271428056583
6204	-7.16790109767802
6205	-6.58436955734626
6206	-6.02915270627029
6207	-5.50158113217761
6208	-5.00127650725522
6209	-4.52695199222594
6210	-4.07732178425621
6211	-3.65073584751096
6212	-3.24382427120016
6213	-2.85370681557576
6214	-2.47919003962061
6215	-2.12228437797216
6216	-1.79197483163527
6217	-1.49921367188077
6218	-1.25713153642991
6219	-1.08108827938254
6220	-0.975564372801596
6221	-0.936675690316683
6222	-0.940196789615161
6223	-0.95060484063828
6224	-0.959479748400009
6225	-0.986482367696099
6226	-1.04830917921101
6227	-1.13991914869558
6228	-1.24065182173458
6229	-1.32957163037277
6230	-1.38643062636583
6231	-1.39275986697847
6232	-1.3580310225426
6233	-1.31673243325443
6234	-1.29041289942714
6235	-1.27193169233179
6236	-1.23816102632059
6237	-1.1826694071489
6238	-1.13103797847566
6239	-1.09912827685049
6240	-1.0708277130569
6241	-1.02212541722171
6242	-0.955948747476725
6243	-0.900310723428808
6244	-0.871265467585373
6245	-0.85381027910696
6246	-0.821473642423434
6247	-0.773688027972143
6248	-0.734441414994031
6249	-0.721586849639492
6250	-0.725906068253917
6251	-0.722572118167711
6252	-0.696686318054077
6253	-0.649954953970663
6254	-0.598289741806361
6255	-0.554485307567833
6256	-0.51839676450402
6257	-0.492950755550879
6258	-0.482520867403736
6259	-0.485271380779341
6260	-0.497867157335181
6261	-0.520273450918697
6262	-0.553450419991773
6263	-0.598793596567346
6264	-0.663906264633936
6265	-0.755589800570698
6266	-0.874660126699517
6267	-1.01295630321427
6268	-1.15531589058754
6269	-1.28933287139422
6270	-1.40733353196109
6271	-1.50371193463621
6272	-1.57476236425925
6273	-1.62369513215561
6274	-1.66207860890732
6275	-1.70732483431168
6276	-1.77546605049588
6277	-1.87754231659641
6278	-2.0186952279272
6279	-2.19809952784136
6280	-2.41432333465629
6281	-2.67156340996612
6282	-2.97751894947703
6283	-3.33830394460406
6284	-3.75564041346695
6285	-4.22690033752316
6286	-4.74785751500348
6287	-5.30862823104023
6288	-5.8996597864493
6289	-6.51370236826551
6290	-7.1393247652267
6291	-7.76638286186258
6292	-8.38816925259892
6293	-8.99544871602093
6294	-9.58058834729627
6295	-10.1353943530685
6296	-10.6502259939852
6297	-11.1208398608834
6298	-11.543085996668
6299	-11.9101583645443
6300	-12.2266421760579
6301	-12.508697391083
6302	-12.7695988713791
6303	-13.0192975222432
6304	-13.2665831661642
6305	-13.5170911199608
6306	-13.7741439671115
6307	-14.0337915539754
6308	-14.2861249931858
6309	-14.5261805009487
6310	-14.7535164736515
6311	-14.9649056134726
6312	-15.1540727600995
6313	-15.3095333771223
6314	-15.4255684220997
6315	-15.5143764840341
6316	-15.5856136270194
6317	-15.6386558760874
6318	-15.6740757828694
6319	-15.69029384305
6320	-15.6829522578998
6321	-15.6525410226656
6322	-15.6050895959656
6323	-15.5430202420762
6324	-15.4634383258282
6325	-15.3632033474368
6326	-15.2399915764629
6327	-15.0963703260964
6328	-14.9345188965784
6329	-14.7525937763033
6330	-14.5489914260375
6331	-14.3231988473728
6332	-14.0782131850796
6333	-13.8151867193559
6334	-13.5356596241601
6335	-13.2426644098513
6336	-12.9335979463807
6337	-12.6146881960199
6338	-12.2931968195692
6339	-11.9663053897991
6340	-11.6321831879983
6341	-11.2911210266425
6342	-10.9453610129755
6343	-10.5991786231739
6344	-10.255326890747
6345	-9.91651492701854
6346	-9.58613728897489
6347	-9.26484612742227
6348	-8.95296855143154
6349	-8.650880057292
6350	-8.36069136520738
6351	-8.08383562832969
6352	-7.8189420503275
6353	-7.56758321718527
6354	-7.33257526795594
6355	-7.11383124477478
6356	-6.90903976524896
6357	-6.71462639844624
6358	-6.53275207757091
6359	-6.36789423253996
6360	-6.22468047414481
6361	-6.10974541341726
6362	-6.02252249267873
6363	-5.96532683904945
6364	-5.94849395457173
6365	-5.98285102772985
6366	-6.07619515936763
6367	-6.23501343510331
6368	-6.46381367438601
6369	-6.76385347232099
6370	-7.13459272955391
6371	-7.57202125853388
6372	-8.07330442674315
6373	-8.63343752386071
6374	-9.24197603561941
6375	-9.88909122775995
6376	-10.5635233261614
6377	-11.2537955620749
6378	-11.949459961084
6379	-12.6386235859349
6380	-13.310124029114
6381	-13.9554611051449
6382	-14.5684966982369
6383	-15.1443021528464
6384	-15.6792244917198
6385	-16.1711629447547
6386	-16.620027192738
6387	-17.0288619963129
6388	-17.4013751139452
6389	-17.7383035463818
6390	-18.0399127908528
6391	-18.3119200981313
6392	-18.5613321467682
6393	-18.7904136800705
6394	-18.9996271048124
6395	-19.1894288512632
6396	-19.3604703005769
6397	-19.5148389534068
6398	-19.6555275331076
6399	-19.7843383001533
6400	-19.9013662475911
6401	-20.007688323796
6402	-20.1047235748796
6403	-20.1911194223096
6404	-20.2650475424939
6405	-20.3268520817732
6406	-20.3763451408874
6407	-20.413136330627
6408	-20.4389940791242
6409	-20.4548721090014
6410	-20.4609676271998
6411	-20.4545892742961
6412	-20.4245762914833
6413	-20.3583929008025
6414	-20.2419316984561
6415	-20.0538515417013
6416	-19.7756975868274
6417	-19.396236968168
6418	-18.9066017448147
6419	-18.3004999031818
6420	-17.5764395739145
6421	-16.7416776537168
6422	-15.8135403735244
6423	-14.8136058256041
6424	-13.7647395247153
6425	-12.6914735280229
6426	-11.6135019773352
6427	-10.547891314594
6428	-9.52307819664556
6429	-8.55927763390743
6430	-7.66768603371839
6431	-6.85257463226774
6432	-6.11445683484448
6433	-5.45287928308626
6434	-4.85760488253785
6435	-4.31353418431805
6436	-3.8128037965564
6437	-3.35258504606829
6438	-2.92015970323103
6439	-2.49818275698554
6440	-2.07424454953262
6441	-1.63780017546063
6442	-1.18886060315672
6443	-0.752597916098293
6444	-0.35048984784924
6445	0.0120276887719517
6446	0.347906311460494
6447	0.68084161915422
6448	1.01497796911359
6449	1.34010654385
6450	1.64766142508678
6451	1.93252925163712
6452	2.19705937857733
6453	2.44525725943141
6454	2.68495426809009
6455	2.91761971482562
6456	3.13725170803605
6457	3.34338454791184
6458	3.54071706433215
6459	3.7285943225159
6460	3.89875758032368
6461	4.04882205089742
6462	4.18363920558554
6463	4.29947907851607
6464	4.39617295658598
6465	4.47728499117565
6466	4.54556640583714
6467	4.60523753685742
6468	4.65712958383502
6469	4.7013151996211
6470	4.74050698193775
6471	4.78425706204768
6472	4.84118660523216
6473	4.91263688486792
6474	5.00135058087334
6475	5.1045251852055
6476	5.2110387100709
6477	5.31529638746708
6478	5.4147654352647
6479	5.50598422893719
6480	5.58491282982469
6481	5.64802237565848
6482	5.69198652590817
6483	5.71860382461579
6484	5.73228967275652
6485	5.73629374469939
6486	5.73146471044822
6487	5.72030523002048
6488	5.70234632299061
6489	5.67405789707053
6490	5.63293968261119
6491	5.57027566288811
6492	5.48484030670291
6493	5.39089615951693
6494	5.30172578288829
6495	5.2080118132865
6496	5.08885933566317
6497	4.93504975749781
6498	4.73974770686401
6499	4.49485418743907
6500	4.19511040908229
6501	3.83780158159636
6502	3.42409072625951
6503	2.95714269695827
6504	2.43997282564922
6505	1.87672036394135
6506	1.27246460174733
6507	0.63614773007375
6508	-0.0215865365908755
6509	-0.691120194667131
6510	-1.36239459543495
6511	-2.02533424651605
6512	-2.67125337206954
6513	-3.29512717740337
6514	-3.89110307782139
6515	-4.45492012341693
6516	-4.98433775057303
6517	-5.47660465669852
6518	-5.92932993570978
6519	-6.34446996494421
6520	-6.72697289299558
6521	-7.07780830939113
6522	-7.39597390874733
6523	-7.67912804231927
6524	-7.92330924386121
6525	-8.12167208330916
6526	-8.27103898242782
6527	-8.37517059417733
6528	-8.44691148312332
6529	-8.50251173046052
6530	-8.55758189736854
6531	-8.62625794191595
6532	-8.71504647679885
6533	-8.82098590622413
6534	-8.93083932355589
6535	-9.0328612371547
6536	-9.12685977979276
6537	-9.22054795678627
6538	-9.32172904432663
6539	-9.43199929957515
6540	-9.54218968390503
6541	-9.64169114815768
6542	-9.73543062371514
6543	-9.83468029124774
6544	-9.94293953685085
6545	-10.0552422184015
6546	-10.1624726893283
6547	-10.2570270355505
6548	-10.336652018426
6549	-10.401223196445
6550	-10.4491719716574
6551	-10.4751069168304
6552	-10.4769658814156
6553	-10.4638314454781
6554	-10.4457530537763
6555	-10.4223554317077
6556	-10.3827669790908
6557	-10.3232562172753
6558	-10.2524172179286
6559	-10.1776588567622
6560	-10.0993237579372
6561	-10.0057345148926
6562	-9.88678735953585
6563	-9.74877775678215
6564	-9.59935711999867
6565	-9.4283955154533
6566	-9.2264118240199
6567	-8.98271763622193
6568	-8.69024480853674
6569	-8.36619037150273
6570	-8.02154380851713
6571	-7.65562353454567
6572	-7.27173776083983
6573	-6.87323934140442
6574	-6.46215705369336
6575	-6.04030553587014
6576	-5.61936397820436
6577	-5.21200679526045
6578	-4.819094579307
6579	-4.43974670119135
6580	-4.07243360964492
6581	-3.71840679683929
6582	-3.3833122958696
6583	-3.06967547664958
6584	-2.77776207045736
6585	-2.50949317706295
6586	-2.26342721139944
6587	-2.03611960669671
6588	-1.82635188958856
6589	-1.63350111488495
6590	-1.45579749048361
6591	-1.29013837737559
6592	-1.13495475110163
6593	-0.990734614847233
6594	-0.857502267562677
6595	-0.738852819639166
6596	-0.641073597131459
6597	-0.562960900943508
6598	-0.495145268150564
6599	-0.432037005158828
6600	-0.372742017673733
6601	-0.317311404342374
6602	-0.2655776928993
6603	-0.21699675820691
6604	-0.171967666135982
6605	-0.130134518644915
6606	-0.0897958320050172
6607	-0.0501357284248816
6608	-0.0112309452768019
6609	0.0282979291007924
6610	0.0697722624624285
6611	0.112826008755168
6612	0.159359168300695
6613	0.211084028775286
6614	0.266559814926798
6615	0.32493680657142
6616	0.387181748747347
6617	0.453939561863326
6618	0.523420502483522
6619	0.594159225599942
6620	0.665665814457034
6621	0.739101638712173
6622	0.81660478437153
6623	0.897226832588475
6624	0.978677719398896
6625	1.05966736437562
6626	1.14018262044786
6627	1.22171540471242
6628	1.30539209198785
6629	1.39109507718532
6630	1.47658082646826
6631	1.56141769372332
6632	1.6455363479147
6633	1.72974042164338
6634	1.81560041642089
6635	1.9013605684269
6636	1.98680915131037
6637	2.07301303203128
6638	2.1595904821169
6639	2.24684326316902
6640	2.33375815723276
6641	2.41908143324835
6642	2.50284842366094
6643	2.58577638734943
6644	2.66765969727667
6645	2.7481120066971
6646	2.82944129855642
6647	2.91159488144877
6648	2.99334075716283
6649	3.07565358830699
6650	3.15888253195413
6651	3.24220285327845
6652	3.32450278304158
6653	3.40719184756497
6654	3.49226910100898
6655	3.57858574094676
6656	3.6650975641507
6657	3.75148629620162
6658	3.83598180180154
6659	3.91794397164687
6660	4.00106180040274
6661	4.08794126142867
6662	4.18736948198585
6663	4.309490441568
6664	4.45170596960398
6665	4.61958424589651
6666	4.829118379905
6667	5.09502674339314
6668	5.42516674046702
6669	5.82129435562077
6670	6.27751029494674
6671	6.78490704875718
6672	7.33424492568797
6673	7.9156062680541
6674	8.52046266772414
6675	9.13677236433312
6676	9.75485304700232
6677	10.3688848874678
6678	10.9754845943537
6679	11.5727842364521
6680	12.1564063182773
6681	12.722059039128
6682	13.2655800612209
6683	13.7850398062788
6684	14.2791346834088
6685	14.7487544758968
6686	15.1928439137225
6687	15.6106419876223
6688	16.0044753404178
6689	16.375145803356
6690	16.725080051911
6691	17.0573068706985
6692	17.3726611477961
6693	17.6714131167845
6694	17.9537625207047
6695	18.221187549564
6696	18.4764446562762
6697	18.7205998617832
6698	18.9544142791374
6699	19.1779025224251
6700	19.3918556799094
6701	19.5984126096177
6702	19.7983832155676
6703	19.9913966928026
6704	20.1761318560684
6705	20.3521115595159
6706	20.5209949900169
6707	20.6847129305772
6708	20.8441321651688
6709	20.9993586881217
6710	21.1491691804546
6711	21.2924539565283
6712	21.4300730791293
6713	21.5624341410276
6714	21.6886278995879
6715	21.8052603626977
6716	21.9066259326904
6717	21.9861515266541
6718	22.0362416252328
6719	22.0452647635774
6720	22.0017559378776
6721	21.8961796212665
6722	21.7206683108516
6723	21.4739570559423
6724	21.1603464292462
6725	20.7806613910951
6726	20.3408232061653
6727	19.8471415643762
6728	19.2976334203722
6729	18.6864800108632
6730	18.0147291873406
6731	17.300740813799
6732	16.5679104415772
6733	15.8309686187813
6734	15.0906554310342
6735	14.3416535998024
6736	13.5824770139541
6737	12.8137621446643
6738	12.0401911953901
6739	11.2685707272261
6740	10.5093550404122
6741	9.77645577169506
6742	9.07951318509646
6743	8.42700214467439
6744	7.82985458406601
6745	7.29867752707776
6746	6.83195839610245
6747	6.41815331163956
6748	6.05268736623048
6749	5.7311902734676
6750	5.43822630516995
6751	5.15448463782392
6752	4.86532098107711
6753	4.5624709739633
6754	4.24271555814102
6755	3.90514074071126
6756	3.5519070520165
6757	3.18756704050839
6758	2.81519562188068
6759	2.4393541438815
6760	2.06702170013049
6761	1.70611991488467
6762	1.36933220223333
6763	1.06511341753816
6764	0.790368201316887
6765	0.543868096030977
6766	0.327764520994173
6767	0.140232701996846
6768	-0.0180684793765054
6769	-0.140811671647475
6770	-0.225025897205419
6771	-0.275823612106629
6772	-0.308511248668456
6773	-0.341342401742755
6774	-0.388003709404658
6775	-0.458550710625333
6776	-0.559799913025356
6777	-0.693806238639104
6778	-0.85869195285161
6779	-1.05202952483087
6780	-1.27030688981958
6781	-1.50985821780595
6782	-1.76735984532812
6783	-2.0393302624099
6784	-2.32055178360929
6785	-2.60516686254901
6786	-2.88554480548992
6787	-3.14815245829666
6788	-3.37422326229133
6789	-3.54889500834115
6790	-3.65960685495371
6791	-3.70656803660534
6792	-3.7101933603456
6793	-3.69063518503418
6794	-3.66017272494773
6795	-3.62755405567229
6796	-3.60102298875926
6797	-3.58631619222717
6798	-3.58530898721014
6799	-3.5982698864865
6800	-3.62314227780701
6801	-3.65668089586234
6802	-3.6959525510182
6803	-3.73735795134608
6804	-3.77957267769396
6805	-3.82068998733914
6806	-3.86032886483951
6807	-3.89994253221488
6808	-3.93751767480927
6809	-3.96980857981084
6810	-3.99347159412613
6811	-4.00409593403418
6812	-3.99628661794475
6813	-3.96138715905029
6814	-3.88668709826889
6815	-3.76180037210621
6816	-3.58333451975221
6817	-3.34886533307778
6818	-3.05689600786941
6819	-2.71008802479104
6820	-2.31167622216085
6821	-1.86742160122911
6822	-1.37973715241177
6823	-0.849103386861847
6824	-0.279677012595333
6825	0.321776459355102
6826	0.945632060874066
6827	1.58238191901121
6828	2.22390926821449
6829	2.86596660481054
6830	3.49579140831185
6831	4.10133928747507
6832	4.68114344444318
6833	5.23362075530011
6834	5.76283022888726
6835	6.26877551411181
6836	6.75100251138415
6837	7.21215327914622
6838	7.64229451273313
6839	8.03378996407895
6840	8.38521023184398
6841	8.6873978215685
6842	8.94586009352301
6843	9.17930228971839
6844	9.40375376310979
6845	9.62687648946233
6846	9.85175818692916
6847	10.0863475646827
6848	10.3360974741101
6849	10.6032904388428
6850	10.885274969947
6851	11.1705552945298
6852	11.4465248562342
6853	11.708424481677
6854	11.9571400983893
6855	12.1820152106731
6856	12.3726632839053
6857	12.5427240495623
6858	12.7026956406252
6859	12.8522778774238
6860	13.000051605246
6861	13.1487466696587
6862	13.2970053745063
6863	13.4465485485645
6864	13.5912148390988
6865	13.7266806489349
6866	13.8448726365129
6867	13.9409638709549
6868	14.0236301998221
6869	14.0972984373668
6870	14.1619792435776
6871	14.2267117392775
6872	14.2964535071029
6873	14.362134902504
6874	14.4190528759522
6875	14.4666344373718
6876	14.5024123843409
6877	14.5276166082701
6878	14.5505792280716
6879	14.5799385279823
6880	14.6197437193846
6881	14.6726796505607
6882	14.7418932295395
6883	14.8257214745391
6884	14.9206554279383
6885	15.0240125470949
6886	15.1314141242611
6887	15.2329125780745
6888	15.3197661143458
6889	15.3867788553196
6890	15.4262361575179
6891	15.4337603792776
6892	15.4130231327528
6893	15.373077677776
6894	15.322121029399
6895	15.2660232219846
6896	15.2102435390767
6897	15.1606076570939
6898	15.1218431218157
6899	15.0948818228307
6900	15.0782562036608
6901	15.0708661744101
6902	15.0700830280986
6903	15.0732622680326
6904	15.0810834953825
6905	15.0938632915477
6906	15.10962035643
6907	15.1287582213681
6908	15.1509742239976
6909	15.1749390360933
6910	15.1999365330992
6911	15.2245301585217
6912	15.2481744232242
6913	15.2712360715688
6914	15.2926860842978
6915	15.3106395265344
6916	15.3263146272994
6917	15.34159442963
6918	15.3571265566112
6919	15.3755476830102
6920	15.4005188938726
6921	15.4319323225842
6922	15.4614643570856
6923	15.4795071900242
6924	15.4813983396747
6925	15.4644108009352
6926	15.424734497334
6927	15.3581044308619
6928	15.263961992346
6929	15.143218397059
6930	14.9953114785204
6931	14.8199673156592
6932	14.6177414565601
6933	14.3903947117079
6934	14.1394724341368
6935	13.8664467296906
6936	13.5733827877016
6937	13.2626652561936
6938	12.9369830969777
6939	12.5980707835051
6940	12.249378980323
6941	11.8945670833544
6942	11.5373158431237
6943	11.1823555889334
6944	10.8321280144434
6945	10.4893585130634
6946	10.1580469842245
6947	9.84038358549759
6948	9.53705362384255
6949	9.24886349285553
6950	8.97658418725434
6951	8.72216857179866
6952	8.4867348566504
6953	8.26843185830007
6954	8.06553623796453
6955	7.8772194437688
6956	7.70265723426311
6957	7.54057192623418
6958	7.38869325426825
6959	7.24527828964355
6960	7.11079565856597
6961	6.98696169648893
6962	6.87483248526383
6963	6.77448539225578
6964	6.6845413976212
6965	6.60322041857031
6966	6.53060731521865
6967	6.46682995751699
6968	6.41187212853132
6969	6.3656500945963
6970	6.32736497046021
6971	6.29674411882615
6972	6.2729363624168
6973	6.25419038438186
6974	6.23769288605202
6975	6.22126343211973
6976	6.20453506924615
6977	6.186143747209
6978	6.16655461591724
6979	6.15116988591465
6980	6.14349007114891
6981	6.13931757004816
6982	6.12998470187199
6983	6.10713303634786
6984	6.06786628641918
6985	6.01225848648119
6986	5.93961196804242
6987	5.85092536297019
6988	5.74826355365141
6989	5.63270497815348
6990	5.50657679963602
6991	5.37245318425563
6992	5.23407559257615
6993	5.09498451226449
6994	4.9555682895834
6995	4.81693362705899
6996	4.68099861399343
6997	4.54843988665712
6998	4.42072843022425
6999	4.29852769808216
7000	4.18099887249266
7001	4.0690722759909
7002	3.96465009676476
7003	3.86876126606903
7004	3.78186107488123
7005	3.70357258858437
7006	3.63354357207497
7007	3.57186964042518
7008	3.51794728414893
7009	3.4698713526257
7010	3.42603520498265
7011	3.38643800766788
7012	3.35066472513808
7013	3.31871976572648
7014	3.29153525266304
7015	3.26972662906638
7016	3.25244555120238
7017	3.23828598877421
7018	3.22630456074117
7019	3.21621227133608
7020	3.2081740466188
7021	3.20282027712624
7022	3.20467588485092
7023	3.21985728357541
7024	3.25424980644513
7025	3.31644053964898
7026	3.41492749876129
7027	3.55677684040789
7028	3.74952151499583
7029	4.00055711478901
7030	4.31509172921298
7031	4.69835541244366
7032	5.15301738401009
7033	5.67477975361431
7034	6.25804164728555
7035	6.89555041173687
7036	7.5763982740408
7037	8.29244564825402
7038	9.03195029166381
7039	9.78071205764958
7040	10.5291402563584
7041	11.2681143080608
7042	11.9876474293869
7043	12.6802029687262
7044	13.3386780252553
7045	13.9591260768438
7046	14.5397688551305
7047	15.0794707968973
7048	15.582315444453
7049	16.0507624157283
7050	16.4837377173097
7051	16.8826941306776
7052	17.2529076740683
7053	17.5993410562468
7054	17.9243918230826
7055	18.2291255236348
7056	18.5133448035789
7057	18.7787937718102
7058	19.0265721359554
7059	19.2590337022508
7060	19.4799934423479
7061	19.6922184167377
7062	19.8966970292459
7063	20.0930853875278
7064	20.2823718821738
7065	20.4656469339557
7066	20.6435140212367
7067	20.8153753673646
7068	20.9789710158372
7069	21.1278158222024
7070	21.2530047254575
7071	21.3422438043285
7072	21.3835865904897
7073	21.3689434305275
7074	21.2899131582506
7075	21.1473264984006
7076	20.9454050423451
7077	20.6862951134319
7078	20.3730578649432
7079	20.0080578856315
7080	19.5954969065974
7081	19.1381773541259
7082	18.6404061805801
7083	18.1048410361774
7084	17.5356939709379
7085	16.9394127804907
7086	16.320688555665
7087	15.6877329915314
7088	15.047850800915
7089	14.4081195167659
7090	13.7751906610066
7091	13.15527824164
7092	12.5551601362254
7093	11.9805822238778
7094	11.4350952262343
7095	10.9204053328412
7096	10.4384034548838
7097	9.98854424202879
7098	9.56932281791304
7099	9.17982171957226
7100	8.81949646428084
7101	8.48551896477635
7102	8.17406019908463
7103	7.88300536114345
7104	7.61071314977319
7105	7.35799627401891
7106	7.12345624037134
7107	6.90450648701218
7108	6.70054124910599
7109	6.50925396722846
7110	6.32709181611748
7111	6.15280464337109
7112	5.98593401939723
7113	5.8262761416348
7114	5.67625998930539
7115	5.54067239457418
7116	5.429406819225
7117	5.34852988039358
7118	5.29747019031257
7119	5.27584310430965
7120	5.27894782832095
7121	5.2998220939838
7122	5.33390308217988
7123	5.37756105204794
7124	5.42867069666978
7125	5.48557926580296
7126	5.54737607445101
7127	5.61373816412587
7128	5.68339836312655
7129	5.75571741555606
7130	5.82853420198074
7131	5.90040438509886
7132	5.97354748285768
7133	6.04914485980563
7134	6.12640600242364
7135	6.2054657323011
7136	6.28653713468788
7137	6.37031414981128
7138	6.45574941173862
7139	6.54127241049183
7140	6.62760126043569
7141	6.71503841619227
7142	6.80399494956738
7143	6.89399189858797
7144	6.9841222639125
7145	7.07454267006755
7146	7.16700183760788
7147	7.26277246486209
7148	7.36137871486748
7149	7.46280075960681
7150	7.5678847795143
7151	7.67673169114068
7152	7.78789758412834
7153	7.90003914957426
7154	8.01320859829451
7155	8.12804400770196
7156	8.24291721094771
7157	8.35793278428476
7158	8.47521304251768
7159	8.59602162289428
7160	8.72133349696539
7161	8.85104512816901
7162	8.98077980171809
7163	9.1023315148143
7164	9.20990971385765
7165	9.30180501620443
7166	9.38435645685326
7167	9.46291281273188
7168	9.53174672475015
7169	9.58768632951726
7170	9.63238824228021
7171	9.66696715846768
7172	9.69334457360356
7173	9.71289475037752
7174	9.72635848105416
7175	9.73593781219386
7176	9.74392822318261
7177	9.75101824342392
7178	9.75836807279638
7179	9.76631123735921
7180	9.7735598957654
7181	9.78016245587603
7182	9.7869293095168
7183	9.79414480064126
7184	9.80151155196148
7185	9.80852408698555
7186	9.81539023505215
7187	9.82176392887079
7188	9.82733829661462
7189	9.83203813962719
7190	9.83618927445207
7191	9.84089880198915
7192	9.84711217923243
7193	9.8550046529771
7194	9.86479005787248
7195	9.87733612929087
7196	9.89097237296067
7197	9.90519843227765
7198	9.92138015995303
7199	9.93897977786402
7200	9.95763545318789
7201	9.97652502742227
7202	9.99541065250471
7203	10.0166890382999
7204	10.039835838374
7205	10.0614935023305
7206	10.0802336278938
7207	10.097855425482
7208	10.1168126998919
7209	10.1369002602428
7210	10.1579345525008
7211	10.1805640549141
7212	10.204124646039
7213	10.2284521985022
7214	10.2546749229888
7215	10.2816831698114
7216	10.3059614919187
7217	10.3250498624661
7218	10.3398510332689
7219	10.3507344059728
7220	10.3581198278923
7221	10.3628143440319
7222	10.3659624737084
7223	10.3687749771749
7224	10.3726230441896
7225	10.3799408833814
7226	10.3941679509649
7227	10.4201087755329
7228	10.4614240669571
7229	10.5180394348981
7230	10.5883757202797
7231	10.6768951380983
7232	10.7905193165017
7233	10.932569677268
7234	11.1049277557083
7235	11.3085199378566
7236	11.5406322523816
7237	11.7976436126477
7238	12.0755056465438
7239	12.3706877388081
7240	12.6784803052108
7241	12.9935377363933
7242	13.3131888456564
7243	13.6321255316146
7244	13.9459304977008
7245	14.2538074183114
7246	14.554155512375
7247	14.8448709596104
7248	15.1242628012299
7249	15.3910987061924
7250	15.645246278819
7251	15.8869643043723
7252	16.1158851039779
7253	16.3334689540688
7254	16.5410240132713
7255	16.7381589410465
7256	16.9239971675682
7257	17.0985897331273
7258	17.2629367829061
7259	17.4176398157013
7260	17.5632336132757
7261	17.7003022066046
7262	17.8295047718312
7263	17.9511608004614
7264	18.0655269780503
7265	18.173166405431
7266	18.2751802702822
7267	18.3716302571264
7268	18.4612613046388
7269	18.5434052593298
7270	18.6197832292297
7271	18.6905030241529
7272	18.7525673505422
7273	18.8058433440484
7274	18.8508688075998
7275	18.8884551452672
7276	18.9194670831436
7277	18.9428785418085
7278	18.959899934031
7279	18.9720275787177
7280	18.9792966140457
7281	18.9803507382315
7282	18.975531461657
7283	18.9647160513541
7284	18.9465345319114
7285	18.9217462346379
7286	18.8894889511103
7287	18.8490744606881
7288	18.7994603648738
7289	18.7392700914236
7290	18.6639056280487
7291	18.5697591587993
7292	18.4517337455708
7293	18.3057449383665
7294	18.1381721093808
7295	17.9564155267226
7296	17.7659858386379
7297	17.5722715593388
7298	17.3804138464191
7299	17.1951493986028
7300	17.0199857183028
7301	16.8570808696986
7302	16.7064179205139
7303	16.5673901732044
7304	16.4389207899388
7305	16.3202210018652
7306	16.2109033086683
7307	16.1104810353247
7308	16.0181569722049
7309	15.932156388676
7310	15.8511624834796
7311	15.7737899894788
7312	15.6998799429012
7313	15.6293006508952
7314	15.5619110590477
7315	15.4978489611697
7316	15.4355708908664
7317	15.3763306017919
7318	15.3207492502998
7319	15.2676581025631
7320	15.2177546279159
7321	15.169620056961
7322	15.122030780607
7323	15.0761037440214
7324	15.0320893502578
7325	14.9907820857577
7326	14.9518617973794
7327	14.9136486319239
7328	14.8758957330428
7329	14.8380749124956
7330	14.7994557285259
7331	14.7605789724483
7332	14.7226629249405
7333	14.6851839510736
7334	14.6478673150421
7335	14.6126133075081
7336	14.5793401298779
7337	14.5480268246254
7338	14.5194174832677
7339	14.4914803707066
7340	14.4641008005131
7341	14.4387603617146
7342	14.4151956199195
7343	14.392424531039
7344	14.3687777648082
7345	14.3440837716399
7346	14.3195750889114
7347	14.2951161863369
7348	14.2708876038521
7349	14.2485222824953
7350	14.2294752848469
7351	14.2154574408495
7352	14.2087447842604
7353	14.2081639086686
7354	14.2075624491528
7355	14.2003245564315
7356	14.1803371061289
7357	14.1418408551335
7358	14.0808139780281
7359	13.9975613047376
7360	13.8930072378237
7361	13.7664777885908
7362	13.6165860401263
7363	13.4442246019843
7364	13.252461296943
7365	13.0456427276563
7366	12.8285202341536
7367	12.6041931308464
7368	12.3766675693935
7369	12.1477116845996
7370	11.9179654593464
7371	11.6886155218638
7372	11.462425568048
7373	11.2409497859317
7374	11.0240743631816
7375	10.8138142702626
7376	10.6094381778953
7377	10.4111076533918
7378	10.222076393091
7379	10.0433556456226
7380	9.87524341494309
7381	9.71692618232929
7382	9.56682494771209
7383	9.42490248120138
7384	9.29206816688167
7385	9.16786157743826
7386	9.05111507899838
7387	8.94171929610379
7388	8.83888155105403
7389	8.74064496874142
7390	8.64636441891772
7391	8.55747415332042
7392	8.47428050415111
7393	8.39619521923172
7394	8.32306161058927
7395	8.25473000665265
7396	8.1915747109343
7397	8.13295611518702
7398	8.07875722425691
7399	8.02986110824794
7400	7.98557236395882
7401	7.94446958679242
7402	7.90637425694121
7403	7.87176335207619
7404	7.8406562207756
7405	7.81391468510839
7406	7.79127822727628
7407	7.77043820864708
7408	7.75048016588032
7409	7.73270580694725
7410	7.71753902372509
7411	7.70212938321139
7412	7.68463184374735
7413	7.66783772468354
7414	7.65634283209147
7415	7.65426706664294
7416	7.66430024618495
7417	7.68739423437208
7418	7.72287380843479
7419	7.77028472050033
7420	7.82890341690404
7421	7.89736200308786
7422	7.97434316097857
7423	8.06137203105245
7424	8.16114114761051
7425	8.27177570773941
7426	8.38958534226028
7427	8.51392070643005
7428	8.64557545828868
7429	8.78402965152667
7430	8.92745162932892
7431	9.07490813558083
7432	9.22667910313372
7433	9.38466484150169
7434	9.54872260006936
7435	9.71592961700712
7436	9.88676533387336
7437	10.0617921160167
7438	10.2375808780455
7439	10.4112323866479
7440	10.5835751041091
7441	10.7539499871593
7442	10.9214430668564
7443	11.0852647108626
7444	11.2417003774546
7445	11.3901152137115
7446	11.533427804768
7447	11.6726090499938
7448	11.807599654559
7449	11.9368137656571
7450	12.0581812710066
7451	12.1724972060796
7452	12.2798589370534
7453	12.3800384734447
7454	12.474605601938
7455	12.5646957626278
7456	12.6486617103679
7457	12.7253578393864
7458	12.796522175868
7459	12.8630605678764
7460	12.9248764005506
7461	12.9824484810106
7462	13.039162112933
7463	13.0979958509735
7464	13.1602613590083
7465	13.2288204339453
7466	13.3005943926762
7467	13.3708886617314
7468	13.4453539169901
7469	13.535731664844
7470	13.6520228677127
7471	13.7991139122105
7472	13.9791121225413
7473	14.1926885262759
7474	14.4363273476947
7475	14.7055600566257
7476	14.9959218603192
7477	15.3031573034324
7478	15.6229815508292
7479	15.9529527902141
7480	16.2892523545361
7481	16.6273762886764
7482	16.9641138088877
7483	17.2961627086902
7484	17.6207621315501
7485	17.9339700888579
7486	18.2318509602517
7487	18.5100310049088
7488	18.7650377922167
7489	18.9968364842361
7490	19.2057014536165
7491	19.3904995989618
7492	19.5526327528782
7493	19.6861855295055
7494	19.7863075469037
7495	19.8543726010235
7496	19.8900280618118
7497	19.8936979944359
7498	19.8686524664523
7499	19.8219413887787
7500	19.7598651449717
7501	19.6693752909918
7502	19.529856933484
7503	19.3502176897234
7504	19.154184583325
7505	18.9522143575256
7506	18.7473998112924
7507	18.538402120406
7508	18.3221800754719
7509	18.0980370224481
7510	17.8654309630094
7511	17.6251933004658
7512	17.377520728534
7513	17.1223000609269
7514	16.8614506214066
7515	16.5954230288173
7516	16.3243263224915
7517	16.0497389028177
7518	15.7725912260924
7519	15.4941875336119
7520	15.2158168376036
7521	14.9397161922026
7522	14.6684945753329
7523	14.4031700333603
7524	14.1438630705671
7525	13.8902945340632
7526	13.6469728618465
7527	13.4133834565819
7528	13.1963970677117
7529	13.0086851801812
7530	12.8572635077078
7531	12.7483866009407
7532	12.6777911742182
7533	12.6305615072773
7534	12.5905861007824
7535	12.5567942838117
7536	12.5383968639608
7537	12.5443562833815
7538	12.5751460158953
7539	12.6140521285306
7540	12.6469337535386
7541	12.6772177198538
7542	12.7125634929728
7543	12.7614548549589
7544	12.8296644023469
7545	12.910238661207
7546	12.9906325817619
7547	13.0679690441454
7548	13.1499148459532
7549	13.2469477797209
7550	13.3587231151594
7551	13.4662909493425
7552	13.5560043083215
7553	13.6351101350218
7554	13.7161246366335
7555	13.8051639269364
7556	13.8976501775284
7557	13.9833192822018
7558	14.0593237819873
7559	14.129965810506
7560	14.1953624975528
7561	14.2521084775867
7562	14.3005124435757
7563	14.3439924103151
7564	14.384310168351
7565	14.4195964174396
7566	14.4415039558064
7567	14.4452809594854
7568	14.4375600169498
7569	14.426804849914
7570	14.4102537203795
7571	14.3755916329532
7572	14.3185047356652
7573	14.249991026816
7574	14.189692676458
7575	14.1496843183503
7576	14.1251758542759
7577	14.101122622555
7578	14.0636102747458
7579	14.009024338722
7580	13.9437892893932
7581	13.8770350718774
7582	13.8171322907398
7583	13.7699457577821
7584	13.7373812951327
7585	13.7206591137748
7586	13.7199469481859
7587	13.7351595509797
7588	13.7650409860154
7589	13.8006373061747
7590	13.8315682715221
7591	13.8497211314338
7592	13.8404470140092
7593	13.7927605439391
7594	13.7101721543095
7595	13.600283020978
7596	13.4751973288966
7597	13.344343349602
7598	13.2091854253982
7599	13.0615921605081
7600	12.893970581741
7601	12.7042230240701
7602	12.4888051824988
7603	12.2466432511443
7604	11.9774286780075
7605	11.6831713451691
7606	11.3674057928832
7607	11.0340622948297
7608	10.6856988820695
7609	10.3266674971341
7610	9.96210953847217
7611	9.59373249599569
7612	9.22553898591944
7613	8.86121040875631
7614	8.50346142583635
7615	8.15583632633691
7616	7.81913155173369
7617	7.49310103919727
7618	7.17942737141777
7619	6.87963067253524
7620	6.59322426898745
7621	6.31867907816656
7622	6.05386954302571
7623	5.79817487191909
7624	5.5518413701889
7625	5.31533250991339
7626	5.08872568694371
7627	4.87113853828318
7628	4.6648816044758
7629	4.47465328276827
7630	4.30311787051085
7631	4.15522326900209
7632	4.04007937178933
7633	3.95765997801474
7634	3.90427439703331
7635	3.88183183467151
7636	3.88726696949827
7637	3.90985042207575
7638	3.93995022035287
7639	3.97678641516599
7640	4.02662246906104
7641	4.09524332886804
7642	4.17857463777211
7643	4.26271528988974
7644	4.33966148909067
7645	4.4150649392486
7646	4.50027892346039
7647	4.60515576058449
7648	4.7227775299794
7649	4.83387154354403
7650	4.92995993954725
7651	5.01730815460276
7652	5.10657241535666
7653	5.20661152558792
7654	5.31678446709302
7655	5.42288622830659
7656	5.51465416488432
7657	5.59774625218957
7658	5.68278498346485
7659	5.78342135370802
7660	5.90380369221638
7661	6.02575492687575
7662	6.13691947658631
7663	6.24021344680934
7664	6.34400642631785
7665	6.46247772192237
7666	6.59827119028883
7667	6.73612973983634
7668	6.86037088982963
7669	6.96482619804556
7670	7.05895741443422
7671	7.15323570883313
7672	7.24321075874376
7673	7.31424778151743
7674	7.35642762923073
7675	7.36611451023939
7676	7.3410505277197
7677	7.28264065264491
7678	7.19362453118292
7679	7.07554741720844
7680	6.93266432756469
7681	6.76355001692899
7682	6.55949525648079
7683	6.3139459640401
7684	6.02045114139426
7685	5.67591318951715
7686	5.28111225795906
7687	4.83941002159464
7688	4.35781097967473
7689	3.84530668326775
7690	3.30951221324207
7691	2.75700418746633
7692	2.19555368282353
7693	1.63291848345455
7694	1.07425902462803
7695	0.525510705846949
7696	-0.00877575631255341
7697	-0.526398871218078
7698	-1.02007224131796
7699	-1.47733071783713
7700	-1.88846703383299
7701	-2.24676880442751
7702	-2.5502570621761
7703	-2.80387786555708
7704	-3.0128547053985
7705	-3.16955291922688
7706	-3.27564336741194
7707	-3.34355174362452
7708	-3.38404063106057
7709	-3.40790488550884
7710	-3.42158823681957
7711	-3.42967241525188
7712	-3.43350733679294
7713	-3.43451387126701
7714	-3.43446131220761
7715	-3.43337703703903
7716	-3.43086641012852
7717	-3.42631599012683
7718	-3.41993472908397
7719	-3.41191448569359
7720	-3.40264739230665
7721	-3.39354081541152
7722	-3.38466555301178
7723	-3.3754275326989
7724	-3.36529566634032
7725	-3.35399808453539
7726	-3.34249850558235
7727	-3.33174187212406
7728	-3.32128243276371
7729	-3.30999230710015
7730	-3.2968723547906
7731	-3.28176897813327
7732	-3.26481910485433
7733	-3.2479539060573
7734	-3.23137427534435
7735	-3.21355623166471
7736	-3.19379409246496
7737	-3.17231922715856
7738	-3.15254301216705
7739	-3.13794332279215
7740	-3.13074613247088
7741	-3.12721779513424
7742	-3.12015144040614
7743	-3.10443334982912
7744	-3.07498297123069
7745	-3.02954133323969
7746	-2.96595795471837
7747	-2.88043261123052
7748	-2.77000359767417
7749	-2.63269496826732
7750	-2.46933187170201
7751	-2.2808529617048
7752	-2.06801798960071
7753	-1.83227524112862
7754	-1.57639294785298
7755	-1.30181750037854
7756	-1.01049101656154
7757	-0.706234284411298
7758	-0.394393697787557
7759	-0.0795070019381713
7760	0.236991583635879
7761	0.552665645073655
7762	0.864370408291808
7763	1.16834351100768
7764	1.4596411517058
7765	1.73483447493636
7766	1.99431670720499
7767	2.23801994959659
7768	2.46433240168437
7769	2.67227549152892
7770	2.86021995329227
7771	3.02694018611717
7772	3.17222970542021
7773	3.29669581052388
7774	3.40341705877433
7775	3.49687713988699
7776	3.57795541814768
7777	3.64570748604198
7778	3.70337155410913
7779	3.75288286223156
7780	3.79356031795416
7781	3.82582305688703
7782	3.84896437282794
7783	3.86315807495088
7784	3.86975342050573
7785	3.86919494469044
7786	3.86156775913902
7787	3.8469352382137
7788	3.82270289187847
7789	3.78704258546788
7790	3.74367663003296
7791	3.69528867167549
7792	3.64347425662482
7793	3.59044057841174
7794	3.53604296851496
7795	3.48561937750514
7796	3.43966699897637
7797	3.3884244660935
7798	3.31661124823753
7799	3.20354075168465
7800	3.03133659332038
7801	2.78747878407746
7802	2.46296800793245
7803	2.05500324215853
7804	1.56760493709935
7805	1.00855019492986
7806	0.384380050322024
7807	-0.293937675689533
7808	-1.0106274458624
7809	-1.75009492496262
7810	-2.49972244820174
7811	-3.24993067726188
7812	-3.99319938058315
7813	-4.72223195980488
7814	-5.42872682338358
7815	-6.10722452865168
7816	-6.75409838007402
7817	-7.36313152160738
7818	-7.93167940742855
7819	-8.46111474648207
7820	-8.95184456948759
7821	-9.40511466111614
7822	-9.82505729260557
7823	-10.2140213365577
7824	-10.5726280296706
7825	-10.9057506863458
7826	-11.2166210960206
7827	-11.5064442857927
7828	-11.7791032687073
7829	-12.0375046066837
7830	-12.2836178426154
7831	-12.5182660889101
7832	-12.7408080577439
7833	-12.9528206104985
7834	-13.1559229666258
7835	-13.3499362930287
7836	-13.5362697863297
7837	-13.7160711895376
7838	-13.8895382511651
7839	-14.0571532381305
7840	-14.21920797102
7841	-14.3769004543054
7842	-14.5296264795688
7843	-14.6770906614269
7844	-14.8198879968773
7845	-14.9580806001854
7846	-15.0930189923776
7847	-15.2235233186698
7848	-15.3431669559188
7849	-15.4401304159454
7850	-15.4989108572136
7851	-15.508597115236
7852	-15.4674930364665
7853	-15.3833386142159
7854	-15.2680361899451
7855	-15.1318996201206
7856	-14.9820340318327
7857	-14.8211929516271
7858	-14.6517075036354
7859	-14.4768668181074
7860	-14.2971555443523
7861	-14.1121107362265
7862	-13.9220523518655
7863	-13.7279000870749
7864	-13.5299109257403
7865	-13.3270572027782
7866	-13.1192731063279
7867	-12.9076422057914
7868	-12.6913663484035
7869	-12.4691250799336
7870	-12.2411783785797
7871	-12.0068427065285
7872	-11.7668299501056
7873	-11.5229684953277
7874	-11.2765009074519
7875	-11.0292262827057
7876	-10.781802369001
7877	-10.5344842705373
7878	-10.2888227374797
7879	-10.0468421294563
7880	-9.81106230076774
7881	-9.5830557574331
7882	-9.36454707495168
7883	-9.15684630982214
7884	-8.96055146134622
7885	-8.77882238779017
7886	-8.61125144604326
7887	-8.45460239548563
7888	-8.30767419001953
7889	-8.17055057883191
7890	-8.04403368204125
7891	-7.92652497976153
7892	-7.81483241684894
7893	-7.70485441756539
7894	-7.59254325004841
7895	-7.47204653190501
7896	-7.34266766897761
7897	-7.20980236219151
7898	-7.07815902231468
7899	-6.94891826633865
7900	-6.82829452467014
7901	-6.72567985772701
7902	-6.6465226227376
7903	-6.59438271430859
7904	-6.57201666483354
7905	-6.57788051813625
7906	-6.60940027100879
7907	-6.66502165759276
7908	-6.74286803771316
7909	-6.84290164490243
7910	-6.96147834318203
7911	-7.09627757670375
7912	-7.24487624625814
7913	-7.4040723549534
7914	-7.57408858477977
7915	-7.75374101067578
7916	-7.94110322513388
7917	-8.13495112787025
7918	-8.3340367905305
7919	-8.53849380002553
7920	-8.74814017298182
7921	-8.9604910588255
7922	-9.17515986315745
7923	-9.39289605494862
7924	-9.61117663539408
7925	-9.82750006868015
7926	-10.0398917011132
7927	-10.2480724185754
7928	-10.4518756553549
7929	-10.6490521786469
7930	-10.8381614050624
7931	-11.0186112453321
7932	-11.1877848673821
7933	-11.3397703425172
7934	-11.4705341367168
7935	-11.5785299763886
7936	-11.6651449281159
7937	-11.735269029927
7938	-11.7919770659898
7939	-11.8346615581142
7940	-11.860324953952
7941	-11.8656957134543
7942	-11.8505313346861
7943	-11.8139348673275
7944	-11.7573311637665
7945	-11.6871485847482
7946	-11.6040248418352
7947	-11.5024865862814
7948	-11.3837864967881
7949	-11.2558289291093
7950	-11.1250260932904
7951	-10.9985387873959
7952	-10.8847598061442
7953	-10.7914045921759
7954	-10.7265523586891
7955	-10.6962305845445
7956	-10.7034382201661
7957	-10.7519649886401
7958	-10.8443932291719
7959	-10.9672234691455
7960	-11.091840928558
7961	-11.1923443237721
7962	-11.2607312748204
7963	-11.2917561343123
7964	-11.2794311312396
7965	-11.2219101825408
7966	-11.1145806869518
7967	-10.9563800115264
7968	-10.7521709304819
7969	-10.5050455853958
7970	-10.2178383996098
7971	-9.89901138389544
7972	-9.5538394137679
7973	-9.1886851208064
7974	-8.81049468083901
7975	-8.42488111066809
7976	-8.03772099596455
7977	-7.65360613336815
7978	-7.27563418382098
7979	-6.90827611496938
7980	-6.55616274134139
7981	-6.22143855771771
7982	-5.90705135092536
7983	-5.61427907085288
7984	-5.34221990584035
7985	-5.08952945610985
7986	-4.85556389023785
7987	-4.64083006451931
7988	-4.44438367962985
7989	-4.26341399003994
7990	-4.09720812289926
7991	-3.94518678584373
7992	-3.8067144982768
7993	-3.68129115153338
7994	-3.56265938551837
7995	-3.44493671790402
7996	-3.32487431589429
7997	-3.20789087837005
7998	-3.10654191631184
7999	-3.03475399240604
8000	-3.00095615887717
8001	-3.01299564723886
8002	-3.07927268342328
8003	-3.20182830128208
8004	-3.3810816648146
8005	-3.61580268018931
8006	-3.90807917123333
8007	-4.2591308548534
8008	-4.66866298640262
8009	-5.13656727421556
8010	-5.65653942642163
8011	-6.22186108243153
8012	-6.82642274532249
8013	-7.46271188944235
8014	-8.12293047404228
8015	-8.79807584224214
8016	-9.47864634434434
8017	-10.1552133545621
8018	-10.816732556018
8019	-11.4556715852767
8020	-12.0677732076432
8021	-12.6480072653216
8022	-13.1928672461256
8023	-13.7001948502493
8024	-14.1689223618017
8025	-14.6005008382049
8026	-14.9965733711122
8027	-15.3577238146945
8028	-15.6865432080134
8029	-15.9862904772654
8030	-16.2598363861345
8031	-16.5091195759779
8032	-16.7354788662137
8033	-16.9416015061376
8034	-17.1315992512224
8035	-17.307893713294
8036	-17.4703558594644
8037	-17.6184213121068
8038	-17.7506533503373
8039	-17.8696454303492
8040	-17.9806074804008
8041	-18.0860435915234
8042	-18.1878151049275
8043	-18.2859984572555
8044	-18.3799015148186
8045	-18.4704083362119
8046	-18.5551830138973
8047	-18.622508966639
8048	-18.6533931277505
8049	-18.6270767588387
8050	-18.5271519435634
8051	-18.3367496460939
8052	-18.0487377177757
8053	-17.6829092915511
8054	-17.2691869732259
8055	-16.8222872754411
8056	-16.3486142978623
8057	-15.8502524060376
8058	-15.3291971964731
8059	-14.7838394383425
8060	-14.2163008972248
8061	-13.6297838370494
8062	-13.0264952039569
8063	-12.4192211692658
8064	-11.8180206961267
8065	-11.2259425183891
8066	-10.645759021636
8067	-10.0852163987373
8068	-9.55460579983373
8069	-9.05820224919557
8070	-8.59439819933964
8071	-8.16335679804458
8072	-7.76657835807998
8073	-7.40248475958312
8074	-7.07132375987118
8075	-6.77139085406524
8076	-6.50165953169817
8077	-6.27158005040144
8078	-6.09866361466417
8079	-5.99010484488372
8080	-5.95018238450405
8081	-5.97328355131402
8082	-6.03174344215304
8083	-6.10723878512578
8084	-6.19224634765086
8085	-6.28103939857464
8086	-6.36804709515768
8087	-6.44794532957341
8088	-6.51756943112873
8089	-6.57569480023238
8090	-6.62249326387241
8091	-6.6564224029009
8092	-6.67798430719975
8093	-6.68989065333881
8094	-6.69549101504396
8095	-6.69686945945899
8096	-6.69661161905851
8097	-6.6959704722173
8098	-6.69451631478124
8099	-6.69211810710271
8100	-6.68924765244842
8101	-6.68643823075865
8102	-6.68759658736074
8103	-6.69635554973528
8104	-6.71241934916319
8105	-6.7335976627713
8106	-6.75265640973584
8107	-6.76763501184258
8108	-6.78792926054565
8109	-6.8187317871172
8110	-6.85512731333147
8111	-6.89032830968043
8112	-6.92075896997122
8113	-6.94732882792396
8114	-6.97406833917592
8115	-7.00343484202984
8116	-7.03363676596496
8117	-7.06182463525927
8118	-7.08629732052028
8119	-7.10957579867489
8120	-7.13528697408376
8121	-7.16441758299663
8122	-7.19694478976243
8123	-7.23262240852285
8124	-7.27043280969173
8125	-7.30914818737991
8126	-7.35215673586389
8127	-7.40383387693484
8128	-7.4631100661492
8129	-7.52496832819773
8130	-7.58588976097541
8131	-7.64715004482102
8132	-7.71448682823476
8133	-7.79163807855282
8134	-7.87342925967477
8135	-7.95081352386936
8136	-8.02197479691786
8137	-8.09499312158975
8138	-8.18314963014728
8139	-8.28772160830015
8140	-8.38913836016566
8141	-8.46813424849566
8142	-8.5281831950357
8143	-8.59187747534403
8144	-8.67184153430432
8145	-8.76755812777593
8146	-8.87863805458576
8147	-9.00740147004064
8148	-9.15746740836033
8149	-9.33128160993878
8150	-9.52998549522021
8151	-9.75285028064029
8152	-10.000414633792
8153	-10.2713268082896
8154	-10.5592192779908
8155	-10.85949799801
8156	-11.1715001199692
8157	-11.49103304065
8158	-11.8108524276207
8159	-12.1264456288678
8160	-12.4347156867574
8161	-12.7334119475852
8162	-13.0219937538958
8163	-13.300949086238
8164	-13.569572502718
8165	-13.8242033602104
8166	-14.0619400447342
8167	-14.281268802796
8168	-14.4791592236115
8169	-14.6504292691802
8170	-14.7922125718394
8171	-14.8941527125747
8172	-14.9395088155754
8173	-14.9188602128441
8174	-14.8272964593629
8175	-14.6598359762922
8176	-14.4149369021178
8177	-14.1059427261574
8178	-13.7548326614704
8179	-13.365607176357
8180	-12.9278565418121
8181	-12.4354283109626
8182	-11.9020003339004
8183	-11.3496015676643
8184	-10.7970453235838
8185	-10.2677125905515
8186	-9.77501034336973
8187	-9.3117586175299
8188	-8.86227232396598
8189	-8.40863964958327
8190	-7.93528348483198
8191	-7.43838824718282
8192	-6.93675671425647
8193	-6.46460752399814
8194	-6.02816519626852
8195	-5.62294513962953
8196	-5.2475327926431
8197	-4.88688828602194
8198	-4.52889141225289
8199	-4.16821968575271
8200	-3.80499657411809
8201	-3.44029007287155
8202	-3.07424369379341
8203	-2.70919459461043
8204	-2.34836738802927
8205	-1.99640513773825
8206	-1.65660375576374
8207	-1.33424032714449
8208	-1.03400088661204
8209	-0.760802663518518
8210	-0.520803580866252
8211	-0.312461493824402
8212	-0.13511424040201
8213	0.00834815599295527
8214	0.116162078909704
8215	0.189894851796343
8216	0.230259298594375
8217	0.239901496298492
8218	0.223769736987514
8219	0.184485796908274
8220	0.127234373103759
8221	0.0505765998861676
8222	-0.04762560713199
8223	-0.163976139431028
8224	-0.290649537023576
8225	-0.418936531392625
8226	-0.5458353719613
8227	-0.672284355039728
8228	-0.809095246983484
8229	-0.961617978478045
8230	-1.12811708392182
8231	-1.30964443737149
8232	-1.50363939831218
8233	-1.70749759917592
8234	-1.9236232930034
8235	-2.15240806977758
8236	-2.39108631721604
8237	-2.64044112676069
8238	-2.90040840674778
8239	-3.16801299617268
8240	-3.43954386637778
8241	-3.71286803396443
8242	-3.98691874500012
8243	-4.25556883038044
8244	-4.51225247011771
8245	-4.7574086750474
8246	-4.99544989247757
8247	-5.23302619511256
8248	-5.47219113985371
8249	-5.7112623022941
8250	-5.95593000767928
8251	-6.21699204504038
8252	-6.4955694152294
8253	-6.78898926793806
8254	-7.08926513331239
8255	-7.39122324486739
8256	-7.69479601866287
8257	-7.99408866121962
8258	-8.28645851050246
8259	-8.57286335002969
8260	-8.8529101284544
8261	-9.12231314236505
8262	-9.37916903326928
8263	-9.62523004054409
8264	-9.85990345569498
8265	-10.0801174314263
8266	-10.284267647574
8267	-10.4743018596598
8268	-10.6477894076904
8269	-10.811905811132
8270	-10.9825083400083
8271	-11.1727137906824
8272	-11.3938948911273
8273	-11.6463665207715
8274	-11.9113293163344
8275	-12.1687766861915
8276	-12.412392421478
8277	-12.6461020539141
8278	-12.8755672627581
8279	-13.0945354966409
8280	-13.2951677246673
8281	-13.4721282523062
8282	-13.6200471077505
8283	-13.7451332644945
8284	-13.8580239506538
8285	-13.9610634785359
8286	-14.0527822101935
8287	-14.1332614382174
8288	-14.2046720345078
8289	-14.268268613664
8290	-14.3239436628846
8291	-14.3731410550644
8292	-14.4178415018343
8293	-14.4598285875276
8294	-14.4987353208796
8295	-14.5335074998234
8296	-14.5640055492197
8297	-14.5906059988039
8298	-14.6148563401957
8299	-14.6373117344728
8300	-14.6594478771209
8301	-14.6814455050985
8302	-14.7035549029787
8303	-14.7262232817607
8304	-14.7457890834439
8305	-14.7605616780215
8306	-14.7747961606537
8307	-14.7939921168725
8308	-14.8210043222646
8309	-14.8594577917794
8310	-14.9119049135175
8311	-14.979634122792
8312	-15.0633785184822
8313	-15.1610875199405
8314	-15.2705281342308
8315	-15.3905052058456
8316	-15.5183312620246
8317	-15.6513443126936
8318	-15.7881940026444
8319	-15.9283074200651
8320	-16.069865393141
8321	-16.2101878833478
8322	-16.3483580364696
8323	-16.4828625930263
8324	-16.6112382064448
8325	-16.7326057507477
8326	-16.8457198237838
8327	-16.9505337395827
8328	-17.04779983037
8329	-17.1377510621635
8330	-17.220801352326
8331	-17.2968087963803
8332	-17.3663203497046
8333	-17.4296778989379
8334	-17.4872401530215
8335	-17.5393672491919
8336	-17.5867894160051
8337	-17.6306748506286
8338	-17.6709954278713
8339	-17.7063237375933
8340	-17.7342687742546
8341	-17.7507001296466
8342	-17.7525021830534
8343	-17.7366956157101
8344	-17.6950531758061
8345	-17.6215643080985
8346	-17.5149222461202
8347	-17.3728651733324
8348	-17.1933392884158
8349	-16.9734902891036
8350	-16.7116864014423
8351	-16.4113694423284
8352	-16.0741630865362
8353	-15.7020735896593
8354	-15.2985842045699
8355	-14.8664422498839
8356	-14.4106452107389
8357	-13.935096802982
8358	-13.4451630652989
8359	-12.946797536324
8360	-12.4450924136746
8361	-11.9463841706098
8362	-11.4568657198006
8363	-10.9835457563348
8364	-10.5296704744103
8365	-10.0947529096809
8366	-9.68021076751623
8367	-9.28923980476388
8368	-8.92383377737873
8369	-8.58393687185205
8370	-8.26962921936854
8371	-7.980508678588
8372	-7.71588137651862
8373	-7.47394838897215
8374	-7.25066280212562
8375	-7.04367579547686
8376	-6.85432113621585
8377	-6.68253255776295
8378	-6.5268523426727
8379	-6.38674695943396
8380	-6.26312798732077
8381	-6.15932015124302
8382	-6.07735054309718
8383	-6.02640068715801
8384	-6.01421116018921
8385	-6.04866541905
8386	-6.1300433222233
8387	-6.24700007538122
8388	-6.38952182767816
8389	-6.55032786664357
8390	-6.72495305616749
8391	-6.90892637973357
8392	-7.09794847746239
8393	-7.28806218629686
8394	-7.47849410859864
8395	-7.6701851243863
8396	-7.85987475103485
8397	-8.04727154640642
8398	-8.23520210659848
8399	-8.42310995546853
8400	-8.61187912154729
8401	-8.80202471728212
8402	-8.99202324686454
8403	-9.1797787850687
8404	-9.36489248248182
8405	-9.54986632336568
8406	-9.7379441904641
8407	-9.92956757947389
8408	-10.1243774936724
8409	-10.3195656061423
8410	-10.5168944815427
8411	-10.7169959820549
8412	-10.9129300321993
8413	-11.1009534781537
8414	-11.2871064426668
8415	-11.4733358603086
8416	-11.6546890067182
8417	-11.8204463775751
8418	-11.9531976099169
8419	-12.0385701189132
8420	-12.067213522737
8421	-12.0362969700214
8422	-11.9461431841713
8423	-11.798101118138
8424	-11.5940753456042
8425	-11.3355794838504
8426	-11.0242805701924
8427	-10.6649304913055
8428	-10.2600326095839
8429	-9.81198058491982
8430	-9.32876597374077
8431	-8.81879748183082
8432	-8.28967775271099
8433	-7.75125900316316
8434	-7.21411681392237
8435	-6.68651157069213
8436	-6.17431052061426
8437	-5.67941417649425
8438	-5.19953551713854
8439	-4.74236199081546
8440	-4.33268830347668
8441	-3.98822587659255
8442	-3.70027828486802
8443	-3.45596812474588
8444	-3.23761579430458
8445	-3.02846533094079
8446	-2.82146442320435
8447	-2.6108509061062
8448	-2.39613607310447
8449	-2.18140343801782
8450	-1.97185828386722
8451	-1.7715244216262
8452	-1.58513000796769
8453	-1.42091557714427
8454	-1.27770267773657
8455	-1.14358017587478
8456	-1.01166083539266
8457	-0.88530462174963
8458	-0.768611674322882
8459	-0.663036529479138
8460	-0.574325525860791
8461	-0.507606366365737
8462	-0.463060784813934
8463	-0.440617948092861
8464	-0.441103236155243
8465	-0.459619152453876
8466	-0.489649076202749
8467	-0.531357081349292
8468	-0.591098544403753
8469	-0.677014779845211
8470	-0.791276201750336
8471	-0.923893582601427
8472	-1.05684380382243
8473	-1.1742984250053
8474	-1.26856164670998
8475	-1.33474920872345
8476	-1.37022432249109
8477	-1.37585546851375
8478	-1.35521222831004
8479	-1.32296373943688
8480	-1.30055865429791
8481	-1.30599435017456
8482	-1.35428091173891
8483	-1.44965999918465
8484	-1.58661576706953
8485	-1.76890748311953
8486	-2.00056816091639
8487	-2.28271574532115
8488	-2.61490319397571
8489	-2.99048665400655
8490	-3.40312445568535
8491	-3.84665046048022
8492	-4.31651726868828
8493	-4.81045751475684
8494	-5.32489191216675
8495	-5.85389061748541
8496	-6.38892179892917
8497	-6.923731352335
8498	-7.45309956169002
8499	-7.9698702703253
8500	-8.47267784215655
8501	-8.96067822831061
8502	-9.42919899149437
8503	-9.87290450393541
8504	-10.2918820756997
8505	-10.6888071858924
8506	-11.0614160230009
8507	-11.4074884492344
8508	-11.726813232148
8509	-12.0205178742131
8510	-12.2936817128657
8511	-12.5514891954327
8512	-12.7966246433596
8513	-13.0314316813313
8514	-13.2573167396751
8515	-13.4737725164148
8516	-13.676554812505
8517	-13.8584205255411
8518	-14.0194949981663
8519	-14.1767132448735
8520	-14.3438462195297
8521	-14.5249745756499
8522	-14.7240694846554
8523	-14.943001933221
8524	-15.182004191764
8525	-15.4406873120162
8526	-15.7156027424723
8527	-16.0018125481139
8528	-16.2973280774915
8529	-16.5964098697933
8530	-16.8935770201357
8531	-17.1876558651606
8532	-17.4740516519877
8533	-17.7486988827668
8534	-18.0106739388143
8535	-18.2594982259194
8536	-18.4972939165909
8537	-18.7271559093472
8538	-18.9489157140885
8539	-19.1605061442386
8540	-19.3601831211944
8541	-19.5487644425346
8542	-19.7286525934313
8543	-19.9027506821657
8544	-20.0723523167755
8545	-20.2375017772297
8546	-20.3985261364666
8547	-20.5544804169638
8548	-20.7001364196998
8549	-20.8304869290348
8550	-20.9463203820814
8551	-21.049838249415
8552	-21.1415672866974
8553	-21.2198726709107
8554	-21.2832194994947
8555	-21.3316877253755
8556	-21.3672114305588
8557	-21.392517621736
8558	-21.4087860480346
8559	-21.4161642643142
8560	-21.4140410012488
8561	-21.4014542046116
8562	-21.3764458030339
8563	-21.3371021893528
8564	-21.2859529913049
8565	-21.2281317416381
8566	-21.1685517182789
8567	-21.110710207697
8568	-21.0576481544616
8569	-21.0104967860926
8570	-20.9699003175592
8571	-20.9383812237774
8572	-20.9141654858455
8573	-20.8924686624288
8574	-20.8696663364503
8575	-20.8410082153429
8576	-20.8022474768913
8577	-20.7500235089083
8578	-20.6785716871696
8579	-20.5823587844981
8580	-20.4575857492972
8581	-20.3050559446205
8582	-20.1397499104421
8583	-19.9756484761533
8584	-19.8098394946085
8585	-19.640448518573
8586	-19.4718091172015
8587	-19.304683941153
8588	-19.137112494122
8589	-18.967122288647
8590	-18.795367869378
8591	-18.6230858232164
8592	-18.4506559866026
8593	-18.2785195470824
8594	-18.1065812420408
8595	-17.9361254595264
8596	-17.7676011892605
8597	-17.6010212401377
8598	-17.4370613720585
8599	-17.2755159788912
8600	-17.1177330804456
8601	-16.9656807199644
8602	-16.8166585656729
8603	-16.6662475261733
8604	-16.5069816302808
8605	-16.3378558323531
8606	-16.1660693929937
8607	-16.0044821784633
8608	-15.8671073035228
8609	-15.768609573882
8610	-15.7260708585229
8611	-15.7521852823852
8612	-15.8543082920997
8613	-16.0315614840738
8614	-16.2825238763982
8615	-16.6029164943565
8616	-16.9864183257186
8617	-17.4315897529324
8618	-17.9302653620149
8619	-18.4714127801814
8620	-19.0487509115481
8621	-19.6568347707573
8622	-20.28642848251
8623	-20.9248234489035
8624	-21.561235605757
8625	-22.1889383910712
8626	-22.7993781748538
8627	-23.382264576076
8628	-23.9329415973819
8629	-24.4485249661908
8630	-24.9264381877865
8631	-25.3671671026423
8632	-25.7722304414281
8633	-26.1425990042739
8634	-26.4813644371605
8635	-26.7899203685851
8636	-27.0690916875651
8637	-27.3223383259722
8638	-27.550700460094
8639	-27.7534469568028
8640	-27.9328459783682
8641	-28.0922771422559
8642	-28.2358289632422
8643	-28.366264492058
8644	-28.4827255393238
8645	-28.5862041640187
8646	-28.6773474606631
8647	-28.7561269347574
8648	-28.8240255804115
8649	-28.881207573551
8650	-28.9233893211275
8651	-28.9397798586486
8652	-28.917490099726
8653	-28.842070560589
8654	-28.6990975071455
8655	-28.4782879934279
8656	-28.1711422360732
8657	-27.7672023987779
8658	-27.2547795340624
8659	-26.6313547317335
8660	-25.9116034809347
8661	-25.127195315892
8662	-24.3070439458662
8663	-23.4597184468426
8664	-22.5874006124529
8665	-21.6966558553206
8666	-20.7958005254388
8667	-19.8948966810792
8668	-19.005273094857
8669	-18.1369266218022
8670	-17.2983713678799
8671	-16.4953693652465
8672	-15.7342685544377
8673	-15.0113215692727
8674	-14.3211584511501
8675	-13.668465603305
8676	-13.0619108403964
8677	-12.4989243349301
8678	-11.9726798676337
8679	-11.4877395050529
8680	-11.0671430914515
8681	-10.6999355080235
8682	-10.3633951665515
8683	-10.0615746769106
8684	-9.78112343617327
8685	-9.5060523577057
8686	-9.22903215880269
8687	-8.94568298585775
8688	-8.65400272943604
8689	-8.35247089543549
8690	-8.04225002261986
8691	-7.72521551018229
8692	-7.40447143906149
8693	-7.08310668810712
8694	-6.76250945849745
8695	-6.44532870932114
8696	-6.13334757025203
8697	-5.82799591293373
8698	-5.53133697853729
8699	-5.24438831661957
8700	-4.97081402155162
8701	-4.71581377587228
8702	-4.48757451014693
8703	-4.29973022535835
8704	-4.16222778900175
8705	-4.08493002290742
8706	-4.06985085184412
8707	-4.10168645086027
8708	-4.15689590299418
8709	-4.2130115594595
8710	-4.25252953079416
8711	-4.26444033045632
8712	-4.24264226995168
8713	-4.18484548918311
8714	-4.09162870624543
8715	-3.96647934327126
8716	-3.81586069434009
8717	-3.64512977542209
8718	-3.4586011515428
8719	-3.26127637458904
8720	-3.06665741830022
8721	-2.88362435762296
8722	-2.71183304609395
8723	-2.55486664069263
8724	-2.43433532667464
8725	-2.3618698459329
8726	-2.33830071161453
8727	-2.36924941171251
8728	-2.45557027328258
8729	-2.59348946103748
8730	-2.78031691407378
8731	-3.00822660802186
8732	-3.28352003920262
8733	-3.61635425856148
8734	-3.98631925710892
8735	-4.37751093285259
8736	-4.80284265652868
8737	-5.27682474886376
8738	-5.79831087454129
8739	-6.36154850592172
8740	-6.96304736629402
8741	-7.60088666979248
8742	-8.26797803925052
8743	-8.95575538884304
8744	-9.65631658872625
8745	-10.3604028473222
8746	-11.058386670023
8747	-11.7402964300158
8748	-12.3982273599143
8749	-13.0274825344995
8750	-13.6261169854662
8751	-14.192310073399
8752	-14.7221682620329
8753	-15.2167352860675
8754	-15.6776542151168
8755	-16.1027651603783
8756	-16.4877000240532
8757	-16.8246073514215
8758	-17.1063794473784
8759	-17.331800736537
8760	-17.5020360555757
8761	-17.6296443796953
8762	-17.7314531260326
8763	-17.8128374620418
8764	-17.8760464679358
8765	-17.925896833206
8766	-17.9671535262221
8767	-18.0076516384277
8768	-18.0497855155566
8769	-18.0907269337879
8770	-18.1331242346965
8771	-18.174105665996
8772	-18.2073174231986
8773	-18.2312894699988
8774	-18.247566051997
8775	-18.2580569055396
8776	-18.2631430812005
8777	-18.2621361681482
8778	-18.2553230121881
8779	-18.2424798560439
8780	-18.2219704997637
8781	-18.1949104633494
8782	-18.163463690515
8783	-18.1301528544547
8784	-18.0976190999107
8785	-18.0655437718893
8786	-18.0350723728064
8787	-18.0049358466131
8788	-17.9732620351333
8789	-17.9390706444298
8790	-17.894135200689
8791	-17.8360525825135
8792	-17.7747090466851
8793	-17.7133738429057
8794	-17.6501966227526
8795	-17.5780036710774
8796	-17.4874976395542
8797	-17.3828701580007
8798	-17.2751395845102
8799	-17.1705519968352
8800	-17.0627682590708
8801	-16.9419323759915
8802	-16.7991858715385
8803	-16.6394607260804
8804	-16.4750705528236
8805	-16.309719756164
8806	-16.1434718104243
8807	-15.9707630064399
8808	-15.7868843882511
8809	-15.5897298516435
8810	-15.3764851164957
8811	-15.1462464748212
8812	-14.9001998946402
8813	-14.6442627064944
8814	-14.3918616701778
8815	-14.150392389805
8816	-13.9111318134499
8817	-13.6680749911833
8818	-13.4429786513562
8819	-13.2409798921377
8820	-13.0581728238387
8821	-12.9085762514679
8822	-12.7947930545966
8823	-12.7163886402072
8824	-12.6812454427073
8825	-12.7021966760793
8826	-12.7889896659244
8827	-12.9477545101463
8828	-13.1804812562421
8829	-13.488460978514
8830	-13.8697707100057
8831	-14.3201364267993
8832	-14.8363296710944
8833	-15.4103989443068
8834	-16.0330369057236
8835	-16.6931692909706
8836	-17.374022499834
8837	-18.0612008461101
8838	-18.7350514974511
8839	-19.3758764167565
8840	-19.9797543894117
8841	-20.5467170020039
8842	-21.0737001192551
8843	-21.5567544175093
8844	-21.9944845717073
8845	-22.3861156426171
8846	-22.7288861645635
8847	-23.0169642579415
8848	-23.233037253772
8849	-23.3758991496488
8850	-23.4727943939646
8851	-23.5517192374353
8852	-23.633711092534
8853	-23.7347906243144
8854	-23.8640529576702
8855	-24.0232215945666
8856	-24.2117593426378
8857	-24.4242559175869
8858	-24.6539069839894
8859	-24.8951059194113
8860	-25.142290078862
8861	-25.3918773145643
8862	-25.6414979713575
8863	-25.8894661849454
8864	-26.1341987076163
8865	-26.3746687124705
8866	-26.6082416716302
8867	-26.8308420662546
8868	-27.0404437304931
8869	-27.2354194681383
8870	-27.4125809466092
8871	-27.5666625134632
8872	-27.6917722628237
8873	-27.7834444624602
8874	-27.8341285164262
8875	-27.8356115610208
8876	-27.7811812802793
8877	-27.6630468901077
8878	-27.4804323877137
8879	-27.2436014200462
8880	-26.96502847545
8881	-26.650820862073
8882	-26.3033960201814
8883	-25.9244735413653
8884	-25.5157808762814
8885	-25.0788963457534
8886	-24.6164843327367
8887	-24.1310322631629
8888	-23.6261833711389
8889	-23.1072968229693
8890	-22.5784168578725
8891	-22.0426890282989
8892	-21.504636940222
8893	-20.969916601467
8894	-20.4427583729983
8895	-19.9267220665725
8896	-19.4245459662379
8897	-18.940437820758
8898	-18.4780732549667
8899	-18.040079889225
8900	-17.6269787657588
8901	-17.2376095149451
8902	-16.8687243406933
8903	-16.5153152348812
8904	-16.1671751554405
8905	-15.8185352388431
8906	-15.4786492579774
8907	-15.1397381078202
8908	-14.7948419159909
8909	-14.4511725833896
8910	-14.1218397303479
8911	-13.8264479977187
8912	-13.5671594174144
8913	-13.320929993747
8914	-13.0661872928245
8915	-12.7949760361652
8916	-12.509140448387
8917	-12.225285854629
8918	-11.9517669519
8919	-11.6779895241897
8920	-11.3955924038265
8921	-11.1005046493605
8922	-10.7871181906205
8923	-10.4577024625423
8924	-10.1208209658834
8925	-9.78469633654755
8926	-9.45507071655453
8927	-9.13503149202967
8928	-8.82548738493407
8929	-8.52702121851716
8930	-8.2423060321176
8931	-7.97251771124914
8932	-7.71308506846752
8933	-7.46000463679983
8934	-7.2130682720759
8935	-6.97329294858013
8936	-6.74253501423184
8937	-6.52159290180742
8938	-6.31013480313161
8939	-6.10276927137902
8940	-5.89606896925144
8941	-5.69451273121909
8942	-5.50413494700881
8943	-5.31951759100699
8944	-5.13647172893986
8945	-4.96159778142602
8946	-4.79806787397767
8947	-4.64783903419388
8948	-4.50634180488927
8949	-4.36857077080582
8950	-4.24331616576032
8951	-4.15278986521696
8952	-4.11266821107463
8953	-4.10529246166372
8954	-4.09627196499816
8955	-4.07254679377598
8956	-4.05232237641769
8957	-4.0539374694513
8958	-4.06819110717707
8959	-4.07707631027125
8960	-4.07398408412322
8961	-4.06820573728043
8962	-4.07677070852808
8963	-4.11443605147945
8964	-4.19247828395138
8965	-4.3165959848937
8966	-4.48913951140817
8967	-4.7111795902709
8968	-4.98239514218019
8969	-5.30429971212187
8970	-5.68002480554732
8971	-6.10618506304131
8972	-6.57778636996111
8973	-7.09162707864762
8974	-7.64282601312268
8975	-8.22521933626794
8976	-8.83209235530513
8977	-9.4569845777384
8978	-10.0909762525391
8979	-10.7240867723546
8980	-11.3467399409576
8981	-11.9516296288987
8982	-12.5317244675106
8983	-13.0794647252519
8984	-13.5868045107378
8985	-14.04758113839
8986	-14.4493850107742
8987	-14.776168992175
8988	-15.0204648933786
8989	-15.1933486552357
8990	-15.3207200754188
8991	-15.4265461794537
8992	-15.5307219897397
8993	-15.645211378416
8994	-15.7745993909921
8995	-15.9123442779255
8996	-16.0426485570149
8997	-16.1524768234809
8998	-16.2405710478191
8999	-16.3079933139911
9000	-16.3419416786749
9001	-16.3289312291173
9002	-16.2645260897459
9003	-16.1609745154091
9004	-16.0367658928961
9005	-15.8983337878272
9006	-15.7443601616323
9007	-15.5626901727447
9008	-15.3554758360342
9009	-15.1385780149352
9010	-14.9165424452272
9011	-14.6837422978302
9012	-14.4300468766674
9013	-14.1432043487379
9014	-13.8035501821659
9015	-13.4027918711404
9016	-12.9439677322746
9017	-12.4364983551061
9018	-11.8908481181045
9019	-11.3099806035095
9020	-10.694505352998
9021	-10.046257673138
9022	-9.3728502575726
9023	-8.68502628067083
9024	-7.99231353587453
9025	-7.30300281715228
9026	-6.62823387717212
9027	-5.97472168156644
9028	-5.3446027725017
9029	-4.7406764158202
9030	-4.16292537722058
9031	-3.61221467613157
9032	-3.09004540371634
9033	-2.59503497931809
9034	-2.12642445295451
9035	-1.68581918889398
9036	-1.27236202798854
9037	-0.880658450594131
9038	-0.505494521338558
9039	-0.146283594601632
9040	0.189888771635681
9041	0.483835719137954
9042	0.72824188570773
9043	0.920227543821706
9044	1.07237281133099
9045	1.20130627242135
9046	1.3190433592993
9047	1.44487763988609
9048	1.59732397491106
9049	1.80058834683738
9050	2.05868991880237
9051	2.33240950931538
9052	2.58378653827318
9053	2.81734366254447
9054	3.05830559217021
9055	3.31981375847387
9056	3.58147201251445
9057	3.82093320983792
9058	4.04679473386348
9059	4.27714982443982
9060	4.52054525911877
9061	4.78500845598963
9062	5.08039349968368
9063	5.39802119868249
9064	5.70788289297984
9065	5.98974014705727
9066	6.25083122575137
9067	6.50594282313798
9068	6.7688234811051
9069	7.05147555201164
9070	7.34947952920955
9071	7.64056483972026
9072	7.9050880939517
9073	8.14102806008626
9074	8.36476101203781
9075	8.58986364136623
9076	8.79633460811986
9077	8.95460201187304
9078	9.06083817879295
9079	9.14150812804637
9080	9.21915225592963
9081	9.27962837890586
9082	9.3092242704605
9083	9.32142833726914
9084	9.33488813411727
9085	9.36214132355217
9086	9.41727442467697
9087	9.51232660279109
9088	9.63665284019929
9089	9.76244712815132
9090	9.87757895176556
9091	9.98985686917086
9092	10.1098789420255
9093	10.2481998011214
9094	10.4136876713747
9095	10.6025029799332
9096	10.7941864147106
9097	10.9683307978205
9098	11.1205148775992
9099	11.2632679596342
9100	11.4126458365551
9101	11.5716677933443
9102	11.7235227137518
9103	11.8502220781084
9104	11.9545288513838
9105	12.0523788282715
9106	12.1567446172179
9107	12.2701223530584
9108	12.3914099955662
9109	12.5161623612023
9110	12.6283844209317
9111	12.7128763249512
9112	12.7713171574462
9113	12.8190068813495
9114	12.8713005922917
9115	12.92652308504
9116	12.9702872704266
9117	12.995376083931
9118	12.9998473576448
9119	12.9770992486843
9120	12.9233470283788
9121	12.8461984164442
9122	12.7578375869251
9123	12.6690073614327
9124	12.5865494698953
9125	12.507167085284
9126	12.4247392167774
9127	12.3392060345846
9128	12.2536574167804
9129	12.1750666813088
9130	12.1099731277
9131	12.0594268363524
9132	12.0231321236108
9133	11.9994216720531
9134	11.986350937346
9135	11.9781213134585
9136	11.963905926571
9137	11.9295205620053
9138	11.8564250192601
9139	11.7284144703404
9140	11.5344683798423
9141	11.2673438897528
9142	10.9226731879105
9143	10.4981656305942
9144	9.99879025709532
9145	9.43187731135062
9146	8.80584114226388
9147	8.13123926439012
9148	7.4159134766546
9149	6.67204418626752
9150	5.91397317428258
9151	5.15277487850563
9152	4.39797584969759
9153	3.65957797154062
9154	2.94811454076847
9155	2.26879715252738
9156	1.6264659565724
9157	1.02440083302904
9158	0.463317768611312
9159	-0.0544374048637861
9160	-0.530253006059309
9161	-0.968331320834847
9162	-1.37037587441943
9163	-1.73519771775826
9164	-2.06447120101649
9165	-2.35629459708306
9166	-2.60332717110328
9167	-2.79226224449177
9168	-2.92145814900715
9169	-3.00688807003397
9170	-3.06945471614849
9171	-3.1286713338614
9172	-3.19860529171745
9173	-3.28811410733476
9174	-3.40206796439352
9175	-3.54113267317831
9176	-3.69803370053128
9177	-3.85779123848227
9178	-4.00230979394211
9179	-4.13112238674293
9180	-4.2567730644547
9181	-4.38612860453275
9182	-4.52325839116364
9183	-4.66943056663515
9184	-4.82040920955911
9185	-4.96793576462998
9186	-5.10122775886171
9187	-5.21269595643283
9188	-5.30532626987901
9189	-5.38080150824751
9190	-5.43707526167711
9191	-5.47255034699191
9192	-5.48453815741425
9193	-5.47079886082622
9194	-5.43028559919916
9195	-5.36040468044816
9196	-5.26033954648558
9197	-5.13104803267395
9198	-4.97168402968611
9199	-4.7835314737586
9200	-4.57184715949857
9201	-4.34566108671667
9202	-4.10391009070031
9203	-3.84698614754881
9204	-3.58424007223319
9205	-3.32531489013946
9206	-3.0783408829417
9207	-2.84811532360191
9208	-2.63921830502094
9209	-2.45333553066797
9210	-2.29146926690336
9211	-2.15438905484238
9212	-2.04119698369911
9213	-1.94661928065838
9214	-1.86345676965089
9215	-1.78533151579659
9216	-1.69507002778607
9217	-1.57575831018486
9218	-1.41280873515773
9219	-1.20236666736066
9220	-0.963701032223181
9221	-0.717469001794692
9222	-0.475479332097695
9223	-0.246464156885442
9224	-0.0356240119764007
9225	0.152288859177529
9226	0.316253765113199
9227	0.456743061785962
9228	0.572474246524563
9229	0.664160032046598
9230	0.733924525225375
9231	0.785223294202466
9232	0.821608681710131
9233	0.847007276004042
9234	0.864177329894833
9235	0.875003219221819
9236	0.880064211355446
9237	0.880419602311213
9238	0.876654911591809
9239	0.870178013861323
9240	0.865087347456271
9241	0.861607851305514
9242	0.857202049974227
9243	0.852273539867611
9244	0.85082713365019
9245	0.854674620098484
9246	0.863463417840827
9247	0.877567882656084
9248	0.897309097698582
9249	0.922768396928246
9250	0.952751384579578
9251	0.986849930969207
9252	1.02602435622125
9253	1.07020963271969
9254	1.11941252968396
9255	1.17197219175183
9256	1.22488949290531
9257	1.27650292856912
9258	1.33117392534691
9259	1.40217118788353
9260	1.50060114983244
9261	1.6249384657466
9262	1.76952791456911
9263	1.93124004265155
9264	2.10631974547286
9265	2.28888575913001
9266	2.47475950492924
9267	2.66231214047914
9268	2.84987893491323
9269	3.03601082008471
9270	3.2200195489718
9271	3.4011763926737
9272	3.57975709111297
9273	3.75678132075717
9274	3.93291544592665
9275	4.10748741650164
9276	4.27987766051198
9277	4.44975422723215
9278	4.61589824793529
9279	4.77853592765674
9280	4.93761293342212
9281	5.09311807521225
9282	5.24545261723411
9283	5.39368961161822
9284	5.53675219192639
9285	5.67589548553972
9286	5.81169799201269
9287	5.94260494505366
9288	6.06863267603418
9289	6.19075940408838
9290	6.30964760766068
9291	6.42468814018539
9292	6.53420643865735
9293	6.63906281832164
9294	6.7423396510879
9295	6.84497706221965
9296	6.94685595151495
9297	7.04825404710905
9298	7.14868925353961
9299	7.24848657879946
9300	7.34652998463255
9301	7.4408941535158
9302	7.53229268215311
9303	7.62555189635685
9304	7.72598801500331
9305	7.8392792891227
9306	7.97071314944373
9307	8.11606923846787
9308	8.26016941496182
9309	8.38280741972781
9310	8.46702295257419
9311	8.50177979153153
9312	8.48074045373085
9313	8.40457729998765
9314	8.27444330428789
9315	8.09126488263482
9316	7.85569632794505
9317	7.56795799242654
9318	7.22948389826771
9319	6.84185937738239
9320	6.40923226552187
9321	5.9368468704899
9322	5.43170937688247
9323	4.9007288475979
9324	4.34773649733307
9325	3.77891555407912
9326	3.20106203153154
9327	2.6223672059057
9328	2.0516835399194
9329	1.49558593582077
9330	0.960928535309362
9331	0.453067513021098
9332	-0.0255848367274081
9333	-0.472986761947325
9334	-0.885782656438548
9335	-1.26257802138941
9336	-1.60402746992152
9337	-1.91021637259388
9338	-2.17986764442059
9339	-2.41289063471638
9340	-2.60907643177903
9341	-2.76204493977326
9342	-2.86226575968802
9343	-2.90379227650944
9344	-2.88558905193665
9345	-2.80213894742561
9346	-2.64345315062345
9347	-2.41234057423805
9348	-2.11943788238607
9349	-1.76596091628019
9350	-1.36272633094081
9351	-0.91145086046886
9352	-0.403682304579744
9353	0.155137613635585
9354	0.765659355933861
9355	1.42964977139346
9356	2.14136974754773
9357	2.89359301742548
9358	3.67653602855944
9359	4.47638571004912
9360	5.28100264298111
9361	6.08046229096823
9362	6.86523107393435
9363	7.62571757853677
9364	8.35836592871414
9365	9.06566620931242
9366	9.74267864895048
9367	10.3856020175178
9368	10.9951645244719
9369	11.5708184284001
9370	12.1075933407856
9371	12.6026807794149
9372	13.0692655641937
9373	13.522688490966
9374	13.9702724471643
9375	14.4149068697986
9376	14.8607259543194
9377	15.3117839690434
9378	15.7667892992224
9379	16.2218647727762
9380	16.6735293348185
9381	17.1196929837837
9382	17.5585923599863
9383	17.9888124193024
9384	18.4079059233156
9385	18.8142438281283
9386	19.2080146672794
9387	19.5909909667481
9388	19.9626090154257
9389	20.3199960329951
9390	20.6625660504858
9391	20.9915449489362
9392	21.3071306890766
9393	21.6091653533231
9394	21.8987317130174
9395	22.1775062022723
9396	22.4467042422073
9397	22.7055987888685
9398	22.9520368809001
9399	23.1870834911096
9400	23.4121130963137
9401	23.6231506507023
9402	23.812165453567
9403	23.9659308269436
9404	24.073459689008
9405	24.1267358461278
9406	24.1243768481372
9407	24.0806210805082
9408	24.0151624394596
9409	23.9433015546109
9410	23.8754893768408
9411	23.8182204175604
9412	23.7759902842843
9413	23.7523544823746
9414	23.7489474766373
9415	23.7650355416405
9416	23.7979293998674
9417	23.8455566385769
9418	23.9046704542818
9419	23.9717667424456
9420	24.0452378127189
9421	24.1217605020135
9422	24.1990399078964
9423	24.2766264903313
9424	24.3543946780193
9425	24.4309058649629
9426	24.5043804097162
9427	24.5720516702574
9428	24.6319351624702
9429	24.6853530488246
9430	24.7330351883106
9431	24.7756036371493
9432	24.8129517460538
9433	24.8444933351589
9434	24.8692702169037
9435	24.8866578855523
9436	24.8969095838422
9437	24.9012383685775
9438	24.900518736297
9439	24.8947171547493
9440	24.8836339048878
9441	24.8671061075169
9442	24.844307306728
9443	24.814277482787
9444	24.7765727315451
9445	24.7324339741542
9446	24.6849810007813
9447	24.6363665156388
9448	24.5852427844373
9449	24.5241032367441
9450	24.4420840035505
9451	24.3338501052046
9452	24.2024073856664
9453	24.0538577133879
9454	23.8936915803328
9455	23.7262343978661
9456	23.5540634894611
9457	23.3805958138377
9458	23.2088280461232
9459	23.0381143457394
9460	22.8683757048991
9461	22.6988728659588
9462	22.5291944369794
9463	22.3606247517513
9464	22.1921697447845
9465	22.0220196211586
9466	21.8507094542753
9467	21.6786850232084
9468	21.5051434093105
9469	21.3308909026877
9470	21.1571421319357
9471	20.9844876819619
9472	20.813718573668
9473	20.6445137767023
9474	20.4754728200837
9475	20.3072948417985
9476	20.1424258022665
9477	19.9801841880716
9478	19.8206130125804
9479	19.6669480735939
9480	19.520624350417
9481	19.3804693051649
9482	19.2455036507067
9483	19.1168662662968
9484	18.9950067823976
9485	18.879336028876
9486	18.767734827757
9487	18.6581919962452
9488	18.551341258928
9489	18.4485032717259
9490	18.3491709793356
9491	18.2526614852543
9492	18.159558099839
9493	18.0700950735676
9494	17.9844234754753
9495	17.902225440209
9496	17.8230304220336
9497	17.7464946070832
9498	17.6714644362273
9499	17.595681811178
9500	17.5196270775924
9501	17.444654372228
9502	17.3711352341833
9503	17.2996707372205
9504	17.2312310676832
9505	17.1659962793322
9506	17.103404735515
9507	17.0433355473562
9508	16.985886469417
9509	16.9293685208277
9510	16.8714683632618
9511	16.8115653598044
9512	16.7481711991937
9513	16.6793912401863
9514	16.5987591428109
9515	16.4994027523337
9516	16.3860854238347
9517	16.2676902431829
9518	16.1509387338631
9519	16.0406158410284
9520	15.9408154789857
9521	15.8543861817838
9522	15.7811670212917
9523	15.7199120023058
9524	15.668560700917
9525	15.6266570783977
9526	15.5936167398065
9527	15.5682924252103
9528	15.5494395512902
9529	15.5360278599863
9530	15.5286766195676
9531	15.5257850668746
9532	15.5253085696499
9533	15.5265215507991
9534	15.5284528541098
9535	15.5306815583751
9536	15.5338698281102
9537	15.5381414202958
9538	15.5420968079676
9539	15.5447793854768
9540	15.5465065124478
9541	15.5481573991744
9542	15.5503652199635
9543	15.5517676495495
9544	15.5505665117988
9545	15.5475754688922
9546	15.542807809657
9547	15.5354467902977
9548	15.526521751067
9549	15.5164092506419
9550	15.5050168015893
9551	15.4929051675209
9552	15.4803060161534
9553	15.4664447182171
9554	15.4516982213537
9555	15.4373108331386
9556	15.422346049697
9557	15.4067889819849
9558	15.3917276607423
9559	15.3766455390387
9560	15.3606947055543
9561	15.3454142884338
9562	15.3314852682126
9563	15.3177631970291
9564	15.3048527165902
9565	15.2942007904913
9566	15.2860674838272
9567	15.2799216939661
9568	15.2745865496741
9569	15.2690088774356
9570	15.2643747056987
9571	15.2616022738508
9572	15.2610849280184
9573	15.2639926193218
9574	15.2722333065845
9575	15.2880807770069
9576	15.3080875852868
9577	15.326146097404
9578	15.3402593664268
9579	15.3528544729182
9580	15.3671810176374
9581	15.3844899752724
9582	15.4082341808173
9583	15.4411133931618
9584	15.4829256113456
9585	15.5337850952901
9586	15.5926447048919
9587	15.6576125902796
9588	15.7264163373469
9589	15.797139190795
9590	15.8692669222026
9591	15.9436843964773
9592	16.0203345121485
9593	16.0974821548593
9594	16.1725477243089
9595	16.2442942334945
9596	16.3143488711729
9597	16.3833951477818
9598	16.4513276549911
9599	16.5181049271596
9600	16.5822484879832
9601	16.6424279145508
9602	16.6981749353204
9603	16.7489438906758
9604	16.795738063968
9605	16.8395362518875
9606	16.8791219271986
9607	16.9134050826736
9608	16.9425617661278
9609	16.9673341957939
9610	16.9879618928796
9611	17.0028970739613
9612	17.011222071323
9613	17.0134940916262
9614	17.010407764949
9615	17.0033023963956
9616	16.9926772337013
9617	16.9778426714442
9618	16.9594959033238
9619	16.9385671657053
9620	16.9163987045488
9621	16.8935788196691
9622	16.8698990006809
9623	16.8466517786098
9624	16.823821865273
9625	16.7999952553236
9626	16.7737816854305
9627	16.7463596716073
9628	16.7184821041397
9629	16.688261638255
9630	16.6548326807339
9631	16.6171948785165
9632	16.5753494280471
9633	16.5302602335386
9634	16.4821966921611
9635	16.4292929151139
9636	16.3672550446357
9637	16.2915753079019
9638	16.1998774916196
9639	16.085199452771
9640	15.9373500502322
9641	15.7472838035081
9642	15.5064241071997
9643	15.210477599835
9644	14.8576132130508
9645	14.4482754983844
9646	13.9890546856181
9647	13.4894485958504
9648	12.9599364396117
9649	12.4118284260159
9650	11.8542631143688
9651	11.2964543066964
9652	10.7482195058209
9653	10.2161523849787
9654	9.70391706239293
9655	9.21429538677553
9656	8.74912027672963
9657	8.30852134558119
9658	7.89153339637241
9659	7.49949238767293
9660	7.13255582985203
9661	6.78800751756167
9662	6.46400147335079
9663	6.15850069184313
9664	5.86772260839809
9665	5.58941610358131
9666	5.32421503050919
9667	5.07297425403858
9668	4.83435873738782
9669	4.60699737312125
9670	4.38995573768414
9671	4.18060791140391
9672	3.97745340594532
9673	3.78093599941342
9674	3.59093473943887
9675	3.40591709630489
9676	3.22649730399465
9677	3.05420717539322
9678	2.88909992840507
9679	2.73117324759848
9680	2.58212472094896
9681	2.44791147334859
9682	2.33600397362429
9683	2.25872784561162
9684	2.22666845911136
9685	2.24342028032105
9686	2.30621753621945
9687	2.40670710783345
9688	2.53598334657872
9689	2.68538026164713
9690	2.85444326559627
9691	3.04375238249156
9692	3.25750988172787
9693	3.50641174915272
9694	3.79649287527523
9695	4.13382003325835
9696	4.52421940006388
9697	4.9710270616585
9698	5.47624416385425
9699	6.03863459331053
9700	6.65118075452077
9701	7.30589974049358
9702	7.99436694733931
9703	8.70776698930694
9704	9.43612508025481
9705	10.1682978766514
9706	10.8941298214603
9707	11.603198189097
9708	12.2892590606812
9709	12.945198720172
9710	13.562446798747
9711	14.1327715726943
9712	14.6424430388282
9713	15.0780729508312
9714	15.4315289015605
9715	15.7127987219935
9716	15.9290560106727
9717	16.091604280733
9718	16.2164626542363
9719	16.3080999586661
9720	16.3735316854983
9721	16.4192654553929
9722	16.4501548017637
9723	16.4727625757677
9724	16.4922360849592
9725	16.5078373760358
9726	16.520502233841
9727	16.5308229938924
9728	16.5407651816919
9729	16.5524003672473
9730	16.5655500074375
9731	16.5840512304002
9732	16.6079325810818
9733	16.635329843683
9734	16.6651860233051
9735	16.6914353579451
9736	16.7060831084636
9737	16.7013660916439
9738	16.6691739254356
9739	16.6031161629408
9740	16.499854327393
9741	16.3583219534713
9742	16.1774525653779
9743	15.9555577553479
9744	15.6903321943196
9745	15.3817739539876
9746	15.031107159798
9747	14.641507898484
9748	14.217940089473
9749	13.7633707855567
9750	13.2818597377591
9751	12.7790849368786
9752	12.2607957729989
9753	11.7319972310499
9754	11.1971746726391
9755	10.6628151596344
9756	10.1381425207251
9757	9.63241716755987
9758	9.15328135678849
9759	8.70704893693403
9760	8.30584003648421
9761	7.9552168783005
9762	7.64930862986093
9763	7.38033624072383
9764	7.13300649872793
9765	6.89037937338962
9766	6.64181280997117
9767	6.38044389467925
9768	6.10890930246227
9769	5.84091769318794
9770	5.59177068025166
9771	5.36800210229436
9772	5.16721944554285
9773	4.99363437140598
9774	4.85359211226218
9775	4.74548610992837
9776	4.65849896474477
9777	4.57612932815987
9778	4.48492355184349
9779	4.37453813049674
9780	4.2412967596039
9781	4.08596019149103
9782	3.91650002608086
9783	3.74940592249384
9784	3.59690659910367
9785	3.46022226961653
9786	3.33707501622452
9787	3.2332641455181
9788	3.15846604601627
9789	3.11650884151728
9790	3.10139458581139
9791	3.10485339614036
9792	3.11907043810666
9793	3.13878262398184
9794	3.16340615440916
9795	3.19743100951036
9796	3.24578023413274
9797	3.3086325109698
9798	3.38725888351443
9799	3.48226977353952
9800	3.59382840119944
9801	3.72963802753625
9802	3.89287835045895
9803	4.0808996650132
9804	4.29257750654864
9805	4.52087484521523
9806	4.76152957788345
9807	5.01420126094273
9808	5.28229168455768
9809	5.5645473762673
9810	5.85341990454136
9811	6.14516080641037
9812	6.44859415429954
9813	6.781511695786
9814	7.14817724732673
9815	7.55511383693282
9816	8.00445430545824
9817	8.48385815241667
9818	8.98692117549894
9819	9.51055791067614
9820	10.0502567386659
9821	10.6011915477967
9822	11.1577450558805
9823	11.713531785614
9824	12.2640468941778
9825	12.805215269608
9826	13.3327977868038
9827	13.8457785301407
9828	14.342607069117
9829	14.8185758471263
9830	15.2720487583956
9831	15.7013575567002
9832	16.1047181952113
9833	16.4840675345577
9834	16.8412272585641
9835	17.1754833775253
9836	17.4867741438121
9837	17.7774613278486
9838	18.0479312442865
9839	18.296220703967
9840	18.5162974640643
9841	18.7012652961424
9842	18.8436751844158
9843	18.9413166978852
9844	18.990999267458
9845	18.9903677027197
9846	18.946791733982
9847	18.8778908576455
9848	18.7978973474627
9849	18.6988894409621
9850	18.5799755634884
9851	18.4534416809204
9852	18.3319846207007
9853	18.220440599974
9854	18.1113803659316
9855	17.9945032897867
9856	17.8646737597781
9857	17.7304671302235
9858	17.6037088197529
9859	17.4837386264422
9860	17.360875229208
9861	17.2314469183671
9862	17.0996865503224
9863	16.9711178238676
9864	16.8536194252887
9865	16.747734510845
9866	16.6438484859609
9867	16.5323168571074
9868	16.4086427460015
9869	16.2772959702744
9870	16.1424838293821
9871	16.0021049789641
9872	15.8511605011889
9873	15.68775281928
9874	15.5089531921688
9875	15.3136964057042
9876	15.1045496245787
9877	14.8848571530697
9878	14.6566400309126
9879	14.4237802849957
9880	14.1913107020136
9881	13.9602929762143
9882	13.7340487616857
9883	13.5160189594912
9884	13.3101598327177
9885	13.1199822268167
9886	12.9555737169566
9887	12.8276037376794
9888	12.7459151113695
9889	12.7155572203163
9890	12.7222532684506
9891	12.749498980339
9892	12.7954150285221
9893	12.8697133598635
9894	12.9854866890907
9895	13.1413766521749
9896	13.3180795241309
9897	13.5061483315191
9898	13.712562765556
9899	13.9476152698586
9900	14.2208041776976
9901	14.5390444453052
9902	14.8900917613781
9903	15.246314008277
9904	15.5969501437801
9905	15.9460302091673
9906	16.2920766826072
9907	16.6301641892965
9908	16.9557380616616
9909	17.2554491527374
9910	17.5200566919601
9911	17.7524492183806
9912	17.9558833851452
9913	18.1281923657988
9914	18.2695511449346
9915	18.3784755964786
9916	18.4523482822422
9917	18.4925174815478
9918	18.5015505553816
9919	18.4835863492185
9920	18.4372337243864
9921	18.3662458391498
9922	18.2797058733685
9923	18.1860164121817
9924	18.1016814325754
9925	18.0408811045919
9926	18.0068195069636
9927	18.0008166413074
9928	18.017529698668
9929	18.0450784353466
9930	18.0743517149628
9931	18.0943433409538
9932	18.0939029949556
9933	18.074235403855
9934	18.044003922217
9935	18.005853420799
9936	17.9648558330477
9937	17.9294923658353
9938	17.9060487555662
9939	17.9024050959478
9940	17.9248479098791
9941	17.9752633287819
9942	18.0534090156944
9943	18.1598601480013
9944	18.2939878399122
9945	18.4523998054017
9946	18.6311355932827
9947	18.8257227084211
9948	19.0319956585046
9949	19.244134978543
9950	19.4572340219941
9951	19.6698875528915
9952	19.8793473652335
9953	20.0729377507385
9954	20.2416103715184
9955	20.3754389995953
9956	20.4761757173764
9957	20.5509917146434
9958	20.5896471116107
9959	20.5929824860057
9960	20.5673272172687
9961	20.5258779038652
9962	20.475517849701
9963	20.4060694685273
9964	20.3105252487966
9965	20.1878506569851
9966	20.0413156237018
9967	19.8820763618946
9968	19.7181956637243
9969	19.5498937838643
9970	19.3777227176906
9971	19.203233439225
9972	19.0313128950165
9973	18.8574625803704
9974	18.6834376928886
9975	18.5148426636939
9976	18.350695311137
9977	18.1910680109115
9978	18.0292708017415
9979	17.8606861266014
9980	17.6791917836095
9981	17.4792986582823
9982	17.2625458732506
9983	17.0381302761532
9984	16.8117512260236
9985	16.5880545106657
9986	16.3697224844628
9987	16.1531294115172
9988	15.9391450067006
9989	15.729278147506
9990	15.5255434696858
9991	15.332232245309
9992	15.149712918544
9993	14.9747406924429
9994	14.8089502613737
9995	14.6524892368841
9996	14.5058484523071
9997	14.3682176095415
9998	14.2398408586943
9999	14.1232973643865
10000	14.0163045856653
10001	13.9159642515749
10002	13.8208270043396
10003	13.7336784152264
10004	13.6568452951807
10005	13.5892780740274
10006	13.5307694720894
10007	13.4801673773174
10008	13.4344217832643
10009	13.392370918366
10010	13.3541807758808
10011	13.3195422036905
10012	13.2875435663283
10013	13.256944574526
10014	13.2281928134411
10015	13.2021677764057
10016	13.178653392349
10017	13.1564569607442
10018	13.1346895550949
10019	13.1129099321679
10020	13.092184716159
10021	13.0740258277211
10022	13.0585189840111
10023	13.0461086262283
10024	13.0379542149801
10025	13.0334403890915
10026	13.0304717676524
10027	13.0273400527725
10028	13.0246563720593
10029	13.0236370355529
10030	13.0243660225655
10031	13.0262849460278
10032	13.0297761732494
10033	13.0337748048643
10034	13.0368205001384
10035	13.0374989241881
10036	13.0362309808039
10037	13.0337855906851
10038	13.0268799277498
10039	13.0144496634374
10040	12.9989976865405
10041	12.9849850744129
10042	12.9768871480525
10043	12.97438608418
10044	12.9764584331279
10045	12.9829711957646
10046	12.9925025588073
10047	13.0032835550439
10048	13.0111405722232
10049	13.0104727158082
10050	12.9986410898632
10051	12.9765281646401
10052	12.9448426075059
10053	12.90556037889
10054	12.8600544793379
10055	12.8094135297387
10056	12.7559928856293
10057	12.7037371584755
10058	12.6543509132487
10059	12.6056644549973
10060	12.5589749213805
10061	12.5181960470818
10062	12.4817196904516
10063	12.4434483242692
10064	12.4047509893135
10065	12.3671764031346
10066	12.3307083164435
10067	12.2988486745031
10068	12.2695914208098
10069	12.2339919900513
10070	12.1892054415667
10071	12.139067964642
10072	12.0938096052624
10073	12.0640714959467
10074	12.0450930806283
10075	12.0214709676194
10076	11.9821340779354
10077	11.927342612593
10078	11.8669892871223
10079	11.8134531251181
10080	11.7691744464692
10081	11.7249585729231
10082	11.6743375763221
10083	11.616036575698
10084	11.5494302893739
10085	11.4748862083878
10086	11.3983846528957
10087	11.3268409148433
10088	11.2622587756405
10089	11.1975645665946
10090	11.1166770695569
10091	11.0134251145561
10092	10.8932038113336
10093	10.7620121168617
10094	10.624729077623
10095	10.4815989391422
10096	10.3305023093691
10097	10.1651901719589
10098	9.97557398692677
10099	9.75355902450459
10100	9.49314505389134
10101	9.19219906594103
10102	8.85163590507662
10103	8.47479759711113
10104	8.06722805869334
10105	7.63534097507722
10106	7.1850279126182
10107	6.72113468824517
10108	6.24920796782009
10109	5.77592134155977
10110	5.30509916450634
10111	4.84166812595657
10112	4.39112117316074
10113	3.9557548852529
10114	3.53734617829409
10115	3.14089426978398
10116	2.77401060590114
10117	2.44797811415161
10118	2.17393916683085
10119	1.95475793689797
10120	1.77568786374864
10121	1.61759845159514
10122	1.46604523965527
10123	1.30581965665045
10124	1.12690693955301
10125	0.924691989400935
10126	0.696757168006519
10127	0.447891439486921
10128	0.189529795805395
10129	-0.0634780244387499
10130	-0.296649693582642
10131	-0.512567832517102
10132	-0.722485058101674
10133	-0.929022789057514
10134	-1.12293684579981
10135	-1.29150861451365
10136	-1.43509716178567
10137	-1.5613444711109
10138	-1.66317167690263
10139	-1.72859533891191
10140	-1.75766129823204
10141	-1.7628339419421
10142	-1.76413928040732
10143	-1.77587523005437
10144	-1.80673860151668
10145	-1.86346029879588
10146	-1.9499087687502
10147	-2.06468110946456
10148	-2.19965315230757
10149	-2.33931199940274
10150	-2.46547181710032
10151	-2.57071833249338
10152	-2.66180960920113
10153	-2.74366338839239
10154	-2.81001846133324
10155	-2.84610234931803
10156	-2.84111873925743
10157	-2.79450357137121
10158	-2.70813278180529
10159	-2.58785598602703
10160	-2.43899910074464
10161	-2.2639512347476
10162	-2.0674084425168
10163	-1.84623907562054
10164	-1.60318129398045
10165	-1.34508005982277
10166	-1.05333517441208
10167	-0.71779822043039
10168	-0.350325342153197
10169	0.0451840164001885
10170	0.468512457268878
10171	0.918052235454285
10172	1.39310455723287
10173	1.89189791752506
10174	2.41216661792067
10175	2.94868018333608
10176	3.49365108252812
10177	4.04131589189374
10178	4.58542641500327
10179	5.1173417956056
10180	5.6304471910954
10181	6.11993079752328
10182	6.58163135056648
10183	7.01327324794663
10184	7.41410492767253
10185	7.7865042327357
10186	8.1358723888062
10187	8.4668935102909
10188	8.7850445942076
10189	9.08778426787712
10190	9.36888983556956
10191	9.61505107641182
10192	9.82386214360526
10193	10.0075020880599
10194	10.1761298453611
10195	10.337960046353
10196	10.4956203002302
10197	10.6517574606479
10198	10.8098322726232
10199	10.9695683663848
10200	11.129419771798
10201	11.2861924947513
10202	11.4373493037057
10203	11.5804868132793
10204	11.7134153677617
10205	11.8382959946806
10206	11.9574065823183
10207	12.0680215497986
10208	12.165495955452
10209	12.2491416084962
10210	12.3191472784327
10211	12.3776362685539
10212	12.4293627587755
10213	12.47441956703
10214	12.5115581826659
10215	12.5378670226499
10216	12.5501238804238
10217	12.5463747336812
10218	12.5257397375887
10219	12.485431053255
10220	12.4237080821119
10221	12.3427392362934
10222	12.2440057858226
10223	12.1304223063546
10224	12.0030179778308
10225	11.8666382772591
10226	11.7259465713711
10227	11.5821456354062
10228	11.4367258279241
10229	11.2880257549299
10230	11.13521981216
10231	10.9753921574278
10232	10.807227253341
10233	10.6300154126867
10234	10.4401942148765
10235	10.23668482138
10236	10.0211472756091
10237	9.79373649564141
10238	9.56182687996914
10239	9.33884167426896
10240	9.13377244507706
10241	8.95725991598304
10242	8.81990732816708
10243	8.72765603723313
10244	8.68055837964099
10245	8.67873819759684
10246	8.72249066043976
10247	8.81017459209244
10248	8.93671415760429
10249	9.09693446848761
10250	9.28608425100311
10251	9.4936482818171
10252	9.71107209921494
10253	9.92412966843336
10254	10.111893273304
10255	10.2643924129031
10256	10.3921621375124
10257	10.5072528002656
10258	10.616974202395
10259	10.7298896288021
10260	10.8502682196017
10261	10.981237915669
10262	11.1229681468694
10263	11.2734639952103
10264	11.4333351387209
10265	11.6022073983088
10266	11.7750845412709
10267	11.9493104606613
10268	12.1264465210662
10269	12.3040867336059
10270	12.4770354964999
10271	12.6428403170181
10272	12.8013032247685
10273	12.9513487698078
10274	13.0892725811938
10275	13.2048407078987
10276	13.2863248378684
10277	13.3229681804371
10278	13.3008717139526
10279	13.2048133628857
10280	13.0212893026565
10281	12.7403727984664
10282	12.3545909203531
10283	11.8601358380655
10284	11.2591220592163
10285	10.5585210261804
10286	9.7689685047904
10287	8.90363626428094
10288	7.9796302895328
10289	7.01833975864785
10290	6.04078349480278
10291	5.06534110960033
10292	4.10691486498627
10293	3.17864097647925
10294	2.29323373643553
10295	1.45971006608623
10296	0.683443762601559
10297	-0.0346397836673239
10298	-0.698305616422105
10299	-1.31182316441003
10300	-1.87949707400593
10301	-2.40763788075719
10302	-2.90132016168771
10303	-3.36498487902478
10304	-3.80547319562665
10305	-4.21966468225629
10306	-4.59561022658812
10307	-4.92218972777935
10308	-5.19967509540658
10309	-5.4368225769658
10310	-5.64796613361552
10311	-5.84724843907417
10312	-6.04703688605307
10313	-6.25086673379107
10314	-6.44996102176765
10315	-6.63795629078711
10316	-6.81309817797006
10317	-6.97961659330608
10318	-7.14569804332689
10319	-7.31701902898708
10320	-7.48478748043947
10321	-7.62951344466409
10322	-7.74157315556895
10323	-7.82282371909566
10324	-7.88315427932717
10325	-7.92489026973999
10326	-7.93950542659527
10327	-7.93236829196954
10328	-7.92261793682851
10329	-7.92855151508709
10330	-7.95871874574157
10331	-8.00724925849067
10332	-8.0525872124702
10333	-8.07814155734581
10334	-8.08923815482044
10335	-8.1023584257928
10336	-8.13245654722289
10337	-8.18786711114531
10338	-8.27229892423236
10339	-8.38667676981549
10340	-8.52965554402167
10341	-8.69752303981877
10342	-8.88875174810412
10343	-9.10397857326716
10344	-9.33941875997095
10345	-9.58993237926687
10346	-9.85215765821319
10347	-10.1226631263494
10348	-10.3991963082347
10349	-10.6786279351089
10350	-10.9549590672097
10351	-11.2264222929982
10352	-11.494152957216
10353	-11.7558222411524
10354	-12.0081681008824
10355	-12.2501340945876
10356	-12.4824527367109
10357	-12.7068595765552
10358	-12.9214023768939
10359	-13.1204150337559
10360	-13.2937945553331
10361	-13.4172520456206
10362	-13.4752439764286
10363	-13.4856037977511
10364	-13.4674386127012
10365	-13.4267482843585
10366	-13.3666441019314
10367	-13.289591839659
10368	-13.1927738322504
10369	-13.0710271186186
10370	-12.9201892795512
10371	-12.7354026557923
10372	-12.5185273341884
10373	-12.2759461913713
10374	-12.0156066584157
10375	-11.7339617651777
10376	-11.4225549304864
10377	-11.0796394000094
10378	-10.7178435059682
10379	-10.3520913915172
10380	-9.98383939841137
10381	-9.62331637807196
10382	-9.27398895997182
10383	-8.92186997683569
10384	-8.55796196683992
10385	-8.19028880767403
10386	-7.84006724510551
10387	-7.5191481782107
10388	-7.23224892872445
10389	-6.98342333679796
10390	-6.77193751356217
10391	-6.59897427532864
10392	-6.46576619323261
10393	-6.36777291951066
10394	-6.30081006644263
10395	-6.26084566824384
10396	-6.24018783054332
10397	-6.2357990066296
10398	-6.24537297960532
10399	-6.26365950154605
10400	-6.28610737594347
10401	-6.31174083522857
10402	-6.34097517260842
10403	-6.37045691408198
10404	-6.40141395415754
10405	-6.43649526512269
10406	-6.47379003998683
10407	-6.51127879911506
10408	-6.54816954965202
10409	-6.58060970043587
10410	-6.60609381783388
10411	-6.62322534939072
10412	-6.63040262736907
10413	-6.63035442333262
10414	-6.62203886745281
10415	-6.60270911667207
10416	-6.5731224562812
10417	-6.53589457344735
10418	-6.49289481210721
10419	-6.44473003987144
10420	-6.39365744992936
10421	-6.33972022956738
10422	-6.28237280423896
10423	-6.22182541061452
10424	-6.15878598540121
10425	-6.10217012354478
10426	-6.06626608274591
10427	-6.06466498309691
10428	-6.10936375564698
10429	-6.20759861084643
10430	-6.36377501527164
10431	-6.5774052210859
10432	-6.84648068364941
10433	-7.16866784532589
10434	-7.53910515819406
10435	-7.95345409343599
10436	-8.40617027265799
10437	-8.88986197887597
10438	-9.39648461031614
10439	-9.91972374905201
10440	-10.4530206731675
10441	-10.9882447887833
10442	-11.5164665759141
10443	-12.0314868259727
10444	-12.5267282796006
10445	-12.9897284854553
10446	-13.4049854268727
10447	-13.7557708083128
10448	-14.0365704569729
10449	-14.245928123109
10450	-14.3963043622181
10451	-14.5085209631059
10452	-14.5921908528093
10453	-14.655494066212
10454	-14.6999600014465
10455	-14.7231833713908
10456	-14.7235657564505
10457	-14.7016810630919
10458	-14.6526148474268
10459	-14.5743546622895
10460	-14.4733587036325
10461	-14.3523754442365
10462	-14.2115151030758
10463	-14.046840664557
10464	-13.8521990743959
10465	-13.6327637065206
10466	-13.3931408465276
10467	-13.133137040715
10468	-12.8561122182967
10469	-12.5540498783121
10470	-12.2139313696407
10471	-11.8441931359203
10472	-11.4595191307887
10473	-11.0673881582647
10474	-10.6705821788399
10475	-10.2663779828284
10476	-9.85900726231067
10477	-9.46844946569968
10478	-9.10562925164258
10479	-8.76333557484533
10480	-8.42638004416095
10481	-8.07678044576518
10482	-7.71301375792444
10483	-7.35268672190194
10484	-7.01993721206907
10485	-6.72964014579666
10486	-6.47196243500251
10487	-6.23122011489709
10488	-6.01042963720029
10489	-5.81951954558309
10490	-5.65494332143454
10491	-5.51017150345609
10492	-5.38241480990525
10493	-5.26683354355958
10494	-5.15804578924785
10495	-5.04925588505535
10496	-4.93709294776835
10497	-4.82055367659256
10498	-4.69918063928285
10499	-4.57294354096063
10500	-4.44271809637059
10501	-4.30947547284572
10502	-4.17340939717763
10503	-4.03720721945677
10504	-3.90256888260573
10505	-3.77025665193812
10506	-3.64230873964567
10507	-3.51875484606609
10508	-3.39994141037597
10509	-3.28713560106826
10510	-3.18061253377898
10511	-3.07995947846805
10512	-2.98411148005774
10513	-2.89212476076087
10514	-2.80342204293068
10515	-2.71846167417419
10516	-2.63853064863203
10517	-2.56511056876985
10518	-2.49675615645034
10519	-2.43141326442045
10520	-2.3640089849426
10521	-2.28970851270642
10522	-2.21296677017498
10523	-2.14060548419529
10524	-2.0850538703823
10525	-2.06841236395773
10526	-2.10783652032812
10527	-2.21308911655287
10528	-2.39314216149554
10529	-2.6512323447041
10530	-2.9887027514596
10531	-3.40560306327489
10532	-3.90017947649209
10533	-4.46626678535119
10534	-5.09167408444495
10535	-5.76833174521971
10536	-6.49329092920341
10537	-7.25983150667329
10538	-8.05592174478574
10539	-8.86676156511051
10540	-9.67813958785482
10541	-10.4787489960887
10542	-11.2576149671507
10543	-12.0025086776097
10544	-12.7012895120972
10545	-13.3421914126991
10546	-13.9168040352635
10547	-14.4148006874519
10548	-14.8269556266408
10549	-15.1571593436529
10550	-15.410761379037
10551	-15.6056710176961
10552	-15.761052483122
10553	-15.8809067833675
10554	-15.9699837695218
10555	-16.0348564382584
10556	-16.0748815301839
10557	-16.0936560996715
10558	-16.1044973879907
10559	-16.1088170053065
10560	-16.103459803867
10561	-16.0989034681164
10562	-16.1097616108459
10563	-16.1366161488483
10564	-16.178070251095
10565	-16.2400197015076
10566	-16.3286820958285
10567	-16.4479610960681
10568	-16.5996473466915
10569	-16.7835863049973
10570	-16.9922797564283
10571	-17.2161482556577
10572	-17.4462198743726
10573	-17.6666489789973
10574	-17.8561921272186
10575	-17.9958150141359
10576	-18.0770737208554
10577	-18.1132203762893
10578	-18.1155829359381
10579	-18.0820387887448
10580	-18.0088729900737
10581	-17.9087801367976
10582	-17.8059991242321
10583	-17.7190488730945
10584	-17.6626854965789
10585	-17.6453378266007
10586	-17.6680484653314
10587	-17.7262407322365
10588	-17.8086959841253
10589	-17.9014333380951
10590	-17.9900334119168
10591	-18.0553231263382
10592	-18.0849163766802
10593	-18.0626656238542
10594	-17.9858873938406
10595	-17.8694335561913
10596	-17.7188475061639
10597	-17.539202174738
10598	-17.3369111513735
10599	-17.1128229532222
10600	-16.863554594704
10601	-16.5848355357342
10602	-16.2736101740677
10603	-15.9297760643651
10604	-15.5587830511027
10605	-15.1663932249502
10606	-14.7551596688774
10607	-14.3298954550357
10608	-13.8955608854401
10609	-13.4559655972976
10610	-13.014963726873
10611	-12.5761849482478
10612	-12.1444241078283
10613	-11.7227411844014
10614	-11.3104282299111
10615	-10.9064165961576
10616	-10.5081515211909
10617	-10.120890780076
10618	-9.75794674406681
10619	-9.42117202230386
10620	-9.11094823997189
10621	-8.82908797130277
10622	-8.58282682213723
10623	-8.3715621965723
10624	-8.18423001464908
10625	-8.00904825481978
10626	-7.83664235690539
10627	-7.66809765315681
10628	-7.5145288968137
10629	-7.38114266158417
10630	-7.25764475228623
10631	-7.1332010803124
10632	-7.00058987764653
10633	-6.85094203525765
10634	-6.68315371372269
10635	-6.50326499207232
10636	-6.31249442963335
10637	-6.11015523528515
10638	-5.90181067963912
10639	-5.69449301056859
10640	-5.49190536403281
10641	-5.29435886931204
10642	-5.10137004532207
10643	-4.91172993022716
10644	-4.72035029350183
10645	-4.52720656805633
10646	-4.34083487325977
10647	-4.16810387044509
10648	-4.00045112244061
10649	-3.84032029970865
10650	-3.6968952385708
10651	-3.57290232797212
10652	-3.47541056095042
10653	-3.40087480877879
10654	-3.34034170476723
10655	-3.29050838253877
10656	-3.25134943651623
10657	-3.22477095981492
10658	-3.21149049172111
10659	-3.20898962060894
10660	-3.2132177115544
10661	-3.22368393986917
10662	-3.24190858594554
10663	-3.26601305324347
10664	-3.29561477067944
10665	-3.33356253904483
10666	-3.3788017704528
10667	-3.42690949017294
10668	-3.47729310841176
10669	-3.5335049885916
10670	-3.59755639291982
10671	-3.66792646428116
10672	-3.74320485906709
10673	-3.82319608936895
10674	-3.90654644379953
10675	-3.99057220325819
10676	-4.07714735393203
10677	-4.17332012619841
10678	-4.28189868860339
10679	-4.39750238344229
10680	-4.51362211670068
10681	-4.63182459508204
10682	-4.75153230734442
10683	-4.87081885737439
10684	-4.99341019094474
10685	-5.12540276033136
10686	-5.27174377106611
10687	-5.4315918307412
10688	-5.60499306355136
10689	-5.79333651012309
10690	-5.99610552251123
10691	-6.2120604725873
10692	-6.44088751472175
10693	-6.67994090038701
10694	-6.92603777814582
10695	-7.17839045242848
10696	-7.43516979205635
10697	-7.69335138257524
10698	-7.95115055258765
10699	-8.20746825989066
10700	-8.45971137212266
10701	-8.70500445513804
10702	-8.94112660657254
10703	-9.16702835260342
10704	-9.38162675309326
10705	-9.58499855457041
10706	-9.7760088087014
10707	-9.95333779541189
10708	-10.1189945759481
10709	-10.2765032040171
10710	-10.4220619842358
10711	-10.5402617912766
10712	-10.6132129630469
10713	-10.633084264689
10714	-10.5930231573197
10715	-10.4822255689264
10716	-10.2912042572654
10717	-10.0092673055115
10718	-9.64063355000967
10719	-9.21801341531752
10720	-8.77323784093354
10721	-8.31024497098404
10722	-7.81629109883146
10723	-7.2762279790207
10724	-6.69827933360412
10725	-6.11257572233671
10726	-5.54409198960811
10727	-4.99766965826562
10728	-4.46227199727144
10729	-3.92370703428806
10730	-3.39163552438407
10731	-2.90136607228872
10732	-2.47058579618412
10733	-2.09654280073463
10734	-1.77478700841023
10735	-1.4994839565066
10736	-1.26560785039066
10737	-1.05904331230596
10738	-0.868764773794019
10739	-0.696194241508584
10740	-0.54287131077642
10741	-0.409112784798657
10742	-0.298935738070762
10743	-0.214387760688038
10744	-0.151636693197663
10745	-0.103751496634386
10746	-0.0654426247193369
10747	-0.0340901457938364
10748	-0.00539243662689801
10749	0.0250479365789098
10750	0.0591112475954037
10751	0.0924673818405927
10752	0.118495203796106
10753	0.135784198136813
10754	0.145635342960756
10755	0.146368741729826
10756	0.132361938643685
10757	0.101874854891859
10758	0.0566447370556901
10759	-0.00251151759949859
10760	-0.0711071649232625
10761	-0.143226400401075
10762	-0.221159904057641
10763	-0.314531598794089
10764	-0.428322079887001
10765	-0.55919906772413
10766	-0.706103291654145
10767	-0.871880622148464
10768	-1.05589048088848
10769	-1.25635952525631
10770	-1.47204945676969
10771	-1.69878481451182
10772	-1.93018677905955
10773	-2.16114481497737
10774	-2.38927990120591
10775	-2.61331010523866
10776	-2.82925907772857
10777	-3.03269248373145
10778	-3.22404915276184
10779	-3.40375586372931
10780	-3.57022562784534
10781	-3.72315483634624
10782	-3.87077366765607
10783	-4.01631525878181
10784	-4.15968576288657
10785	-4.30156820702556
10786	-4.44003404454959
10787	-4.57748929369021
10788	-4.71335206892725
10789	-4.85276923099726
10790	-5.01367504754219
10791	-5.21667415081389
10792	-5.47191650119139
10793	-5.76536134126561
10794	-6.06828349436497
10795	-6.36110551605655
10796	-6.62490065408958
10797	-6.84749712251471
10798	-7.03032234141836
10799	-7.17498854185332
10800	-7.29016816590732
10801	-7.37949997636739
10802	-7.44426433667218
10803	-7.49540498203385
10804	-7.52812186588453
10805	-7.52429791804344
10806	-7.47125112009822
10807	-7.36109290541546
10808	-7.18945161220373
10809	-6.95505859676118
10810	-6.66220352942728
10811	-6.31855951874403
10812	-5.93402800154838
10813	-5.52302431781352
10814	-5.0954642330867
10815	-4.64790883912765
10816	-4.17090890206005
10817	-3.65997432890051
10818	-3.11587950338547
10819	-2.54564175042828
10820	-1.95773396602894
10821	-1.36498991918662
10822	-0.780477679683117
10823	-0.215530328389302
10824	0.315769691761004
10825	0.803585291696743
10826	1.24378825434633
10827	1.63252471230219
10828	1.96299276010619
10829	2.22533670866285
10830	2.41586176467132
10831	2.53295218511618
10832	2.57543590979917
10833	2.56507518892918
10834	2.53337802618891
10835	2.4946180852018
10836	2.43914208911717
10837	2.35111572344321
10838	2.22325849507269
10839	2.05371061675488
10840	1.84526723186857
10841	1.59705906082506
10842	1.3061917161646
10843	0.969804284819296
10844	0.586840722691952
10845	0.161671587101026
10846	-0.303925465320611
10847	-0.806215251672503
10848	-1.33863135555479
10849	-1.8961705654716
10850	-2.47093870811773
10851	-3.05324146987787
10852	-3.63394509513643
10853	-4.20699217983065
10854	-4.76709255609401
10855	-5.30900636214112
10856	-5.82777751477875
10857	-6.31928418552711
10858	-6.78103142862046
10859	-7.21184047100052
10860	-7.61347091465433
10861	-7.98656878385234
10862	-8.33014019616642
10863	-8.64040750730226
10864	-8.90668753178222
10865	-9.13621619300775
10866	-9.34312237845933
10867	-9.53404275269485
10868	-9.71460597042907
10869	-9.88766913915608
10870	-10.0557002487155
10871	-10.2185188578224
10872	-10.3788852782
10873	-10.5400488902826
10874	-10.702114264232
10875	-10.8623418776929
10876	-11.0147912861551
10877	-11.1560151146724
10878	-11.2907180163436
10879	-11.425245874239
10880	-11.5615854917756
10881	-11.6988460164992
10882	-11.8357756532664
10883	-11.971113824655
10884	-12.1033185831749
10885	-12.2310951499187
10886	-12.3531823675773
10887	-12.468749866922
10888	-12.5760586993733
10889	-12.6690137583778
10890	-12.7443021788472
10891	-12.8038279937195
10892	-12.8491027888993
10893	-12.8831962856914
10894	-12.9113260577187
10895	-12.937148152343
10896	-12.9569553186385
10897	-12.9685514182111
10898	-12.9758110461717
10899	-12.9820152418908
10900	-12.9861183599301
10901	-12.979903224726
10902	-12.9606161854853
10903	-12.9336397188773
10904	-12.902573459932
10905	-12.8713229200431
10906	-12.8472936818711
10907	-12.8358219978788
10908	-12.8358312210613
10909	-12.8405117927173
10910	-12.8413457650128
10911	-12.8336668705934
10912	-12.8157307371677
10913	-12.7847735012789
10914	-12.7369025959111
10915	-12.6707482095025
10916	-12.5898417844529
10917	-12.495927242257
10918	-12.3884245891393
10919	-12.2697483763917
10920	-12.1395172354306
10921	-11.9984796513568
10922	-11.8528229124032
10923	-11.706470933334
10924	-11.5617412494816
10925	-11.4180324002525
10926	-11.2710041119549
10927	-11.1167692006853
10928	-10.9550011098207
10929	-10.7861375076145
10930	-10.6094189092587
10931	-10.4248479560038
10932	-10.2288063874192
10933	-10.020191394084
10934	-9.80088900388256
10935	-9.57009333749296
10936	-9.32626851595269
10937	-9.06933010118478
10938	-8.80877750782079
10939	-8.56037128158184
10940	-8.32285640369557
10941	-8.08634998124876
10942	-7.85141110336588
10943	-7.61739015292196
10944	-7.37602191135429
10945	-7.11877327766529
10946	-6.84263961491961
10947	-6.54734811067936
10948	-6.23475787568506
10949	-5.9081978968123
10950	-5.57307463657774
10951	-5.2358285675137
10952	-4.90087056289739
10953	-4.57261045594024
10954	-4.25371381677326
10955	-3.94597236490078
10956	-3.65146006318257
10957	-3.37038616781091
10958	-3.10154499788433
10959	-2.84578765850564
10960	-2.60513763017636
10961	-2.37984966691183
10962	-2.16924319929665
10963	-1.97183932580056
10964	-1.78712581142633
10965	-1.61608028882007
10966	-1.46433774640088
10967	-1.33673244442951
10968	-1.24094629842811
10969	-1.18820000022835
10970	-1.18164451530397
10971	-1.22838891955677
10972	-1.34108524813502
10973	-1.5286981761257
10974	-1.79949359959552
10975	-2.15795488170731
10976	-2.60471776225605
10977	-3.14101161932425
10978	-3.76534563290973
10979	-4.47419170743032
10980	-5.25729464163444
10981	-6.09775307366326
10982	-6.97999723695543
10983	-7.88864689468992
10984	-8.80833646723952
10985	-9.72233299973597
10986	-10.6150290106835
10987	-11.4739203630286
10988	-12.2883796820257
10989	-13.0509247316036
10990	-13.7586560832835
10991	-14.4097216506933
10992	-15.006124106736
10993	-15.5530846669654
10994	-16.0545145487782
10995	-16.5148828159552
10996	-16.9391047585322
10997	-17.3296475547353
10998	-17.6893276890861
10999	-18.0253999067426
11000	-18.3425697499558
11001	-18.636331898508
11002	-18.8941773632061
11003	-19.0964914459358
11004	-19.2385413552485
11005	-19.3403084208007
11006	-19.4261816900401
11007	-19.5155379362701
11008	-19.6211425790743
11009	-19.7523645794028
11010	-19.9144101239797
11011	-20.1063222300823
11012	-20.3259850252895
11013	-20.570436239898
11014	-20.8349955261124
11015	-21.1143133030241
11016	-21.403652381733
11017	-21.6997349371309
11018	-21.998216053489
11019	-22.2961912396527
11020	-22.5910900808756
11021	-22.879839415819
11022	-23.161049564568
11023	-23.4348410136158
11024	-23.699189990932
11025	-23.950180887922
11026	-24.1871401828405
11027	-24.4103214654744
11028	-24.6181926821287
11029	-24.807733841169
11030	-24.9784419576439
11031	-25.1301109210093
11032	-25.2600739275311
11033	-25.3608596774138
11034	-25.4246203066625
11035	-25.4458277911402
11036	-25.4148655608822
11037	-25.3204141983405
11038	-25.1571773277709
11039	-24.9239611222227
11040	-24.6273592442826
11041	-24.2854297383115
11042	-23.907522316505
11043	-23.4924211537057
11044	-23.0469615248879
11045	-22.5706700387885
11046	-22.0562690829273
11047	-21.5098600596992
11048	-20.9358059904408
11049	-20.3320035364263
11050	-19.6976789900608
11051	-19.0349962612309
11052	-18.3510556033479
11053	-17.6576850105071
11054	-16.967025180398
11055	-16.2868530857076
11056	-15.6233831010149
11057	-14.9828984000739
11058	-14.3687839798623
11059	-13.783872977453
11060	-13.2327445633114
11061	-12.7155571435128
11062	-12.2289965792565
11063	-11.7724601623691
11064	-11.3439956770763
11065	-10.9426890482365
11066	-10.5702645875622
11067	-10.2388106891559
11068	-9.96667363992509
11069	-9.76322739429089
11070	-9.6142221152974
11071	-9.52154474568649
11072	-9.49062704613451
11073	-9.51840530596859
11074	-9.60621605088282
11075	-9.74016490354578
11076	-9.9021446182403
11077	-10.0829833623016
11078	-10.2866569338676
11079	-10.5096514855335
11080	-10.7502792007335
11081	-11.021181936178
11082	-11.3308560481067
11083	-11.6765473832209
11084	-12.057044534697
11085	-12.4653977785105
11086	-12.883712881234
11087	-13.3033432019538
11088	-13.72634893979
11089	-14.1510615203445
11090	-14.5723473593712
11091	-14.9835262974852
11092	-15.3807096782546
11093	-15.7695529323321
11094	-16.1505628929492
11095	-16.5162187120673
11096	-16.8594358609383
11097	-17.1769957201982
11098	-17.4695049500784
11099	-17.7369734642286
11100	-17.9813130493792
11101	-18.2055145225377
11102	-18.4076038514888
11103	-18.5773371392524
11104	-18.7131899733558
11105	-18.8262948452249
11106	-18.9270636059559
11107	-19.0225497793791
11108	-19.1135278509185
11109	-19.1931474393248
11110	-19.2532209789969
11111	-19.294178617261
11112	-19.3240224554678
11113	-19.3476204808098
11114	-19.3579534851153
11115	-19.3447329937941
11116	-19.3104950644063
11117	-19.2642956474283
11118	-19.2107545432447
11119	-19.1522684816014
11120	-19.0787970887057
11121	-18.9830033037668
11122	-18.8702639891664
11123	-18.74423090891
11124	-18.6039379852848
11125	-18.4509232203133
11126	-18.2775203421133
11127	-18.0816841350666
11128	-17.87266630477
11129	-17.6562296126491
11130	-17.4392361082507
11131	-17.2220582637803
11132	-17.0031352922538
11133	-16.7836574361886
11134	-16.5635732042368
11135	-16.3433735716893
11136	-16.1238077952129
11137	-15.9026876618141
11138	-15.680998983165
11139	-15.459177302413
11140	-15.2353478217912
11141	-15.0106468637419
11142	-14.7832543833165
11143	-14.5471360172345
11144	-14.2996503050867
11145	-14.0466751458297
11146	-13.7993056089177
11147	-13.5565524388532
11148	-13.3175715692023
11149	-13.0833564599335
11150	-12.8465929206376
11151	-12.6086422751393
11152	-12.3785177461994
11153	-12.1427676565872
11154	-11.8896304377038
11155	-11.6323821203953
11156	-11.3790041358784
11157	-11.1337108339873
11158	-10.8886103184873
11159	-10.6315561946079
11160	-10.3595365125902
11161	-10.0673865635776
11162	-9.75055635619427
11163	-9.40562941719638
11164	-9.03211544201305
11165	-8.63106837458266
11166	-8.20522991739782
11167	-7.76047523987384
11168	-7.30225365259791
11169	-6.83618153637535
11170	-6.36759652221085
11171	-5.89917952977331
11172	-5.43403897672653
11173	-4.97534449502178
11174	-4.52620255445467
11175	-4.08513693908851
11176	-3.64914475855042
11177	-3.22403312357787
11178	-2.8221036253658
11179	-2.45204291378874
11180	-2.11364850307112
11181	-1.80785325354073
11182	-1.52567975005635
11183	-1.24763254892285
11184	-0.968193341853204
11185	-0.705469313960844
11186	-0.469956371078277
11187	-0.253951852710648
11188	-0.0586115065464961
11189	0.113973874149581
11190	0.255156029323625
11191	0.360332022790157
11192	0.439716490605405
11193	0.501843531080332
11194	0.552048974887927
11195	0.593402520190893
11196	0.625425087149114
11197	0.646319856169784
11198	0.659414949236731
11199	0.665726823306426
11200	0.667570656934245
11201	0.670200714349459
11202	0.674288543856066
11203	0.678431454024793
11204	0.679431193415974
11205	0.670264856675349
11206	0.655635443734562
11207	0.6465052675235
11208	0.647044378999188
11209	0.660823950813421
11210	0.684158045581617
11211	0.708175227224196
11212	0.730539339411352
11213	0.754263908381712
11214	0.781301954497623
11215	0.809913741692856
11216	0.83367543804139
11217	0.845571573068178
11218	0.848753127217802
11219	0.849632962496277
11220	0.852613631368646
11221	0.857745820206797
11222	0.854256122625585
11223	0.832958645005426
11224	0.797114641672343
11225	0.753504880170072
11226	0.704705170478092
11227	0.650110039925257
11228	0.581291006313537
11229	0.492979525900869
11230	0.383349934483447
11231	0.25895267992053
11232	0.127478367753358
11233	-0.0153547621814144
11234	-0.173279621231288
11235	-0.342589688929253
11236	-0.516125495029592
11237	-0.687322744053652
11238	-0.847224172790074
11239	-0.988296950880615
11240	-1.10785471410752
11241	-1.20409588563656
11242	-1.27810111289068
11243	-1.33286786383578
11244	-1.36614973316403
11245	-1.37586122642919
11246	-1.36585220542008
11247	-1.33800362634095
11248	-1.29304228657349
11249	-1.23429572948142
11250	-1.16556898732532
11251	-1.08917035706053
11252	-1.00484222408542
11253	-0.913460662662903
11254	-0.818419588897331
11255	-0.721264816042588
11256	-0.622676640723097
11257	-0.52580185406772
11258	-0.434256272272946
11259	-0.351706232245774
11260	-0.286664320386327
11261	-0.247647939503523
11262	-0.245483281486001
11263	-0.294083655641108
11264	-0.391962631444585
11265	-0.531402550952983
11266	-0.708411402246531
11267	-0.918764861839394
11268	-1.15813713103629
11269	-1.42156902838543
11270	-1.70407325893155
11271	-2.0015247141267
11272	-2.31042540261991
11273	-2.6273245506389
11274	-2.94813015632282
11275	-3.26913362318926
11276	-3.58866638848428
11277	-3.9056118988789
11278	-4.21714929898721
11279	-4.52021046205804
11280	-4.81327017110134
11281	-5.09540320750386
11282	-5.36497733589249
11283	-5.62193311054553
11284	-5.86654291851804
11285	-6.09900079939027
11286	-6.32073075829625
11287	-6.53137117902864
11288	-6.72992285952354
11289	-6.91723311772023
11290	-7.09358995830726
11291	-7.26009978838221
11292	-7.41948944081685
11293	-7.57079208586518
11294	-7.71206611216451
11295	-7.84420220799096
11296	-7.96743839693883
11297	-8.08328543280439
11298	-8.19399346101782
11299	-8.29958461647466
11300	-8.40025662162415
11301	-8.49722287622029
11302	-8.5915428779392
11303	-8.6829804367486
11304	-8.7704309721829
11305	-8.8526045360971
11306	-8.92804276676607
11307	-8.9948569533612
11308	-9.05045366245907
11309	-9.09316580396379
11310	-9.12304555959913
11311	-9.14384721926057
11312	-9.15647943197187
11313	-9.15625942384765
11314	-9.14005607865305
11315	-9.10668516457297
11316	-9.05935252567603
11317	-8.99919744987549
11318	-8.92583236737726
11319	-8.84082443886803
11320	-8.74468177112008
11321	-8.63799483935147
11322	-8.52319797179545
11323	-8.40152109208932
11324	-8.27330165126211
11325	-8.13959126950865
11326	-7.9995624859552
11327	-7.85201988977254
11328	-7.69827084443446
11329	-7.54040302778307
11330	-7.38064785791543
11331	-7.21998146629976
11332	-7.05823822993563
11333	-6.8961486363375
11334	-6.73352033808369
11335	-6.56907919458663
11336	-6.40380629218492
11337	-6.23981165720788
11338	-6.07782880274568
11339	-5.91715168341748
11340	-5.75888632150903
11341	-5.60531010628529
11342	-5.45649978546987
11343	-5.31190726426939
11344	-5.17068811299901
11345	-5.03217664344757
11346	-4.89693979546023
11347	-4.76712689938909
11348	-4.64402721621802
11349	-4.52779894848369
11350	-4.41775352679265
11351	-4.31271473748107
11352	-4.21299109995619
11353	-4.11862505260074
11354	-4.02813389746664
11355	-3.94148002691109
11356	-3.85855407330055
11357	-3.77741919467875
11358	-3.69813646245263
11359	-3.62241783428907
11360	-3.55266013870748
11361	-3.49088512086523
11362	-3.43739415068548
11363	-3.39196099806709
11364	-3.35305017105639
11365	-3.31956288325562
11366	-3.29190884333747
11367	-3.2699431382784
11368	-3.25318784862407
11369	-3.24132814654569
11370	-3.23509383542948
11371	-3.23589986683212
11372	-3.24507417173693
11373	-3.26584380576424
11374	-3.30539055358314
11375	-3.36958477103675
11376	-3.45838148378772
11377	-3.56662015055041
11378	-3.68323418041816
11379	-3.79229208320679
11380	-3.87972247192469
11381	-3.93667931063241
11382	-3.95527186579622
11383	-3.93235175483484
11384	-3.86742736233352
11385	-3.76251999212165
11386	-3.62200500594723
11387	-3.44847235725366
11388	-3.24683337125199
11389	-3.02522974337079
11390	-2.78924569519821
11391	-2.54407217363944
11392	-2.29525284103036
11393	-2.04630863004616
11394	-1.80036820221844
11395	-1.56057946438975
11396	-1.32841257281703
11397	-1.10349345355066
11398	-0.887364916511842
11399	-0.682053161138836
11400	-0.48860165120569
11401	-0.307807816973978
11402	-0.138846802022837
11403	0.0191830767271296
11404	0.167776350954568
11405	0.30762718541665
11406	0.438953860232868
11407	0.561904382456134
11408	0.676185915673315
11409	0.78038979342446
11410	0.875261707839466
11411	0.964507058044647
11412	1.04793022208359
11413	1.12450939270296
11414	1.19491425715492
11415	1.26036443607725
11416	1.32052987692922
11417	1.3767240631592
11418	1.43085085784789
11419	1.48123852796249
11420	1.52804581582992
11421	1.57358083307153
11422	1.61909112247388
11423	1.66365043457997
11424	1.70582168989718
11425	1.74798232183392
11426	1.79101366477749
11427	1.8319555464526
11428	1.86840651329777
11429	1.90062344567649
11430	1.92803995181636
11431	1.9513901292097
11432	1.97320946316987
11433	1.99519789699463
11434	2.01969919910938
11435	2.04748694081507
11436	2.08027622816538
11437	2.1137831298505
11438	2.13516441276344
11439	2.12805397103926
11440	2.07721417388548
11441	1.97155842065909
11442	1.80284322564172
11443	1.56279319741305
11444	1.24593700606657
11445	0.853443961757815
11446	0.388093853623283
11447	-0.144646460364174
11448	-0.735009828600137
11449	-1.37481842755354
11450	-2.05881528985809
11451	-2.77815568741616
11452	-3.51718722418878
11453	-4.26128250867726
11454	-5.00157751174723
11455	-5.72980118452569
11456	-6.43726844388583
11457	-7.11550028792642
11458	-7.75791010464518
11459	-8.3625924087321
11460	-8.92739927009851
11461	-9.44901924571588
11462	-9.92837244382668
11463	-10.366910434379
11464	-10.7674901092847
11465	-11.1357224338603
11466	-11.4734137465003
11467	-11.7812691601341
11468	-12.0614056614635
11469	-12.3168521003016
11470	-12.5492485974167
11471	-12.7605016880956
11472	-12.9535976010668
11473	-13.1322421002707
11474	-13.2998554216281
11475	-13.4567208943262
11476	-13.6023850769065
11477	-13.7379763650452
11478	-13.8638496311394
11479	-13.9789639084897
11480	-14.0844030395988
11481	-14.1810456345311
11482	-14.268178242236
11483	-14.3471825069969
11484	-14.4193484054826
11485	-14.4840016285623
11486	-14.5411311023772
11487	-14.5914106055144
11488	-14.6366839201669
11489	-14.676764425831
11490	-14.706014486103
11491	-14.7077182388733
11492	-14.6648568029169
11493	-14.5745599999265
11494	-14.446126317628
11495	-14.2893569135132
11496	-14.1086004649993
11497	-13.9087518274608
11498	-13.6944977692401
11499	-13.4692162362128
11500	-13.2351905684396
11501	-12.9916219068506
11502	-12.7367303143426
11503	-12.4724319587274
11504	-12.2003897302168
11505	-11.9203026584534
11506	-11.6313110297533
11507	-11.3341784323335
11508	-11.0308592676021
11509	-10.7210403472213
11510	-10.4062154109186
11511	-10.0882407105043
11512	-9.76912140097369
11513	-9.45110945890916
11514	-9.13496119050857
11515	-8.82262407791915
11516	-8.51721417701797
11517	-8.22029316742511
11518	-7.93353421835373
11519	-7.65869490372999
11520	-7.39524700418966
11521	-7.14262605015079
11522	-6.90134241561355
11523	-6.67108553509297
11524	-6.45075030975664
11525	-6.24056782292652
11526	-6.03991543927201
11527	-5.84831756009218
11528	-5.66591915513573
11529	-5.49295834800552
11530	-5.32992056147647
11531	-5.17524384400832
11532	-5.02750087286112
11533	-4.88692751067968
11534	-4.75216388361313
11535	-4.62268803990032
11536	-4.49973769409672
11537	-4.38276179114703
11538	-4.27037648583529
11539	-4.16148543844231
11540	-4.05523887397103
11541	-3.95196183963089
11542	-3.85282222067601
11543	-3.75884727739907
11544	-3.66882053681933
11545	-3.58092920241484
11546	-3.49274486246438
11547	-3.39978143290722
11548	-3.29373770656433
11549	-3.16782370468966
11550	-3.02141925803575
11551	-2.86041660446573
11552	-2.6937738241449
11553	-2.53419216633055
11554	-2.39471400450442
11555	-2.28036988844047
11556	-2.19366800954724
11557	-2.13792388513914
11558	-2.11353378312696
11559	-2.1198311554639
11560	-2.15435880816957
11561	-2.21261860679662
11562	-2.29329092233931
11563	-2.39287147700503
11564	-2.50881911350995
11565	-2.63863043216185
11566	-2.77938741018546
11567	-2.92943997410887
11568	-3.087684946851
11569	-3.25292632440127
11570	-3.42214736466507
11571	-3.5927254307322
11572	-3.7643439191748
11573	-3.93645797179781
11574	-4.10698153299087
11575	-4.27557399118784
11576	-4.44108575813274
11577	-4.60288214428418
11578	-4.76070675157436
11579	-4.91422648630245
11580	-5.06314701191744
11581	-5.20691323874151
11582	-5.34537661035096
11583	-5.47840254017445
11584	-5.60610328197419
11585	-5.72700440565008
11586	-5.83944668016836
11587	-5.94442408458977
11588	-6.04234159942842
11589	-6.1327381142221
11590	-6.21520286007752
11591	-6.2878106136244
11592	-6.34796047566654
11593	-6.39427973925522
11594	-6.42748469322368
11595	-6.44734461842619
11596	-6.45544543737549
11597	-6.45482008254463
11598	-6.44536546295422
11599	-6.42810304506378
11600	-6.4048890588053
11601	-6.37765021402534
11602	-6.3466216955571
11603	-6.30999233384882
11604	-6.26215773771564
11605	-6.19061161452677
11606	-6.08565022372574
11607	-5.94800441242464
11608	-5.78362095243824
11609	-5.5960152143997
11610	-5.38914749525432
11611	-5.16682298198722
11612	-4.93152741827039
11613	-4.68462779101916
11614	-4.42812542014573
11615	-4.1669738302345
11616	-3.90514855162529
11617	-3.64570854361468
11618	-3.39114156694002
11619	-3.14262765740592
11620	-2.90047369658135
11621	-2.66550990844106
11622	-2.43942931439483
11623	-2.22272939388801
11624	-2.01456798914325
11625	-1.81421751778377
11626	-1.61989586293906
11627	-1.43138518216398
11628	-1.25145593994403
11629	-1.08088022850986
11630	-0.917374032075176
11631	-0.756816058507491
11632	-0.595447343980132
11633	-0.431888555322065
11634	-0.26181316486571
11635	-0.0818978237400022
11636	0.109357606453203
11637	0.319296696108799
11638	0.54813480400239
11639	0.796572079955693
11640	1.06857849063747
11641	1.36123519565858
11642	1.67246635088137
11643	2.00162304417935
11644	2.34652596837891
11645	2.70375561806279
11646	3.06911649766356
11647	3.43869594538102
11648	3.80850269894276
11649	4.17559630191633
11650	4.53856700095258
11651	4.89542893697555
11652	5.2430942923713
11653	5.58154478989704
11654	5.9116924638207
11655	6.23091932704653
11656	6.5372155559535
11657	6.83218211291393
11658	7.11957180432606
11659	7.3995211670861
11660	7.66980119686922
11661	7.92982974498039
11662	8.17925124499168
11663	8.41895926978096
11664	8.64934862858805
11665	8.86978056299535
11666	9.0810253870417
11667	9.28362733504954
11668	9.47694752404701
11669	9.65704189513002
11670	9.81787450313669
11671	9.9499239060406
11672	10.0488286736349
11673	10.1080988278647
11674	10.1228036552132
11675	10.110176219749
11676	10.0882176753896
11677	10.0667531566979
11678	10.056733853708
11679	10.0676907924269
11680	10.1037578085061
11681	10.1642232556748
11682	10.2483706657596
11683	10.3548392415044
11684	10.480015031573
11685	10.6215626550966
11686	10.7762536413347
11687	10.9412902638111
11688	11.1140808293178
11689	11.2921890485156
11690	11.47170520823
11691	11.6478351058872
11692	11.8180056881575
11693	11.981232745156
11694	12.1371617009366
11695	12.2843150944446
11696	12.4231715629613
11697	12.5554796913791
11698	12.6814090173825
11699	12.8001117482501
11700	12.9111717164994
11701	13.0154451369745
11702	13.1151409699244
11703	13.211325683231
11704	13.3035255374459
11705	13.3911295267912
11706	13.4734260568553
11707	13.5502785556775
11708	13.6227632902579
11709	13.6908351948937
11710	13.7545582351938
11711	13.8145792329561
11712	13.8720759871042
11713	13.9271809146689
11714	13.9765574432791
11715	14.0200956626528
11716	14.0596202317019
11717	14.0954253904906
11718	14.1274823883315
11719	14.157079889851
11720	14.1850021713256
11721	14.2111868956972
11722	14.2372327394251
11723	14.2645704915117
11724	14.293335788621
11725	14.326382422074
11726	14.3628038763711
11727	14.3912008210453
11728	14.3958565655235
11729	14.3619242251584
11730	14.2766004589111
11731	14.128346506822
11732	13.9120009552405
11733	13.6259383241448
11734	13.2678372766909
11735	12.8366090882427
11736	12.3362470073773
11737	11.7733972549756
11738	11.1523676469943
11739	10.483020136841
11740	9.77870948631086
11741	9.04825953824272
11742	8.29909383841515
11743	7.5406930794063
11744	6.78461006521524
11745	6.04232392514956
11746	5.3229392744881
11747	4.63232859964073
11748	3.97661223181808
11749	3.35889583842075
11750	2.78071713120951
11751	2.24452049474159
11752	1.74748251314915
11753	1.28849267357652
11754	0.868014355349302
11755	0.48233625531345
11756	0.126776073476302
11757	-0.202305632022607
11758	-0.506853095429353
11759	-0.788968764678938
11760	-1.05177904675246
11761	-1.29693648463243
11762	-1.52384537484698
11763	-1.7331550637966
11764	-1.92687089607493
11765	-2.10627757709229
11766	-2.27437866055991
11767	-2.43561419731108
11768	-2.5920663391536
11769	-2.7428310249845
11770	-2.88804020398711
11771	-3.02750852955666
11772	-3.16176218711902
11773	-3.29186944425935
11774	-3.41759607467707
11775	-3.53804759086061
11776	-3.65040060815009
11777	-3.74789986992766
11778	-3.81668339155434
11779	-3.84234637074676
11780	-3.81454203601591
11781	-3.73098752327837
11782	-3.58937970910864
11783	-3.38259739021855
11784	-3.11176744960781
11785	-2.79097191501664
11786	-2.44174625804521
11787	-2.07610351424876
11788	-1.68922137273975
11789	-1.27088957825242
11790	-0.817448240885776
11791	-0.333590981154507
11792	0.167193094194948
11793	0.679436157686123
11794	1.19967405188117
11795	1.71960911321868
11796	2.23247515399428
11797	2.73402829956832
11798	3.22503890699229
11799	3.70808361202461
11800	4.18651678787537
11801	4.6539959875341
11802	5.10408457159881
11803	5.53671680643047
11804	5.94847227205521
11805	6.33490659304301
11806	6.69221843298247
11807	7.02137676088262
11808	7.32046811025993
11809	7.58744326415229
11810	7.82659049582322
11811	8.04557933879594
11812	8.24461188270713
11813	8.41901037925019
11814	8.56696745283908
11815	8.68857361060653
11816	8.78717713994353
11817	8.8639509638117
11818	8.91979238803585
11819	8.95607215843649
11820	8.97319239143809
11821	8.97432415602442
11822	8.96249892910643
11823	8.93717514312923
11824	8.89820280110598
11825	8.84792657470381
11826	8.78828142046173
11827	8.72048861808118
11828	8.64694445502141
11829	8.56866407203332
11830	8.48585620894167
11831	8.39625866904119
11832	8.29665922619179
11833	8.18681566584886
11834	8.06892097757568
11835	7.95284602421559
11836	7.8413093067496
11837	7.71762545307626
11838	7.5676744949515
11839	7.38378976300692
11840	7.15760961846511
11841	6.88374477754079
11842	6.55954522809183
11843	6.18645783136493
11844	5.76790993697382
11845	5.30811289078096
11846	4.81430856235572
11847	4.29369092834137
11848	3.75571749886773
11849	3.21032925572808
11850	2.66620514438096
11851	2.13200495307423
11852	1.61449838041272
11853	1.11761450184996
11854	0.645535694731583
11855	0.201096140825625
11856	-0.213798868905577
11857	-0.597524694224702
11858	-0.951361335720442
11859	-1.27782941745348
11860	-1.57804385748515
11861	-1.8511389970202
11862	-2.09654032195521
11863	-2.31426033717733
11864	-2.50505571325667
11865	-2.67173051233567
11866	-2.81531748894324
11867	-2.93318108428394
11868	-3.02302533545294
11869	-3.08182960118565
11870	-3.1079372660971
11871	-3.09648218010268
11872	-3.0404390889894
11873	-2.94080533461904
11874	-2.80063843757736
11875	-2.62217689909811
11876	-2.4105798241765
11877	-2.17098960710138
11878	-1.90633452637298
11879	-1.6183308578407
11880	-1.31311185864632
11881	-0.998857616183273
11882	-0.680156622014053
11883	-0.358188531517657
11884	-0.0351655816561822
11885	0.287823315838323
11886	0.610730167613907
11887	0.931578394023856
11888	1.24838115384692
11889	1.55544954831724
11890	1.84864836827922
11891	2.12515897094472
11892	2.38007268041847
11893	2.61206444238616
11894	2.83627320905115
11895	3.05948193820307
11896	3.26602959170591
11897	3.45731231859075
11898	3.63856719810467
11899	3.80890850168638
11900	3.97218494708422
11901	4.13248668829218
11902	4.29719552898143
11903	4.47990973470898
11904	4.69495928917218
11905	4.93979361519429
11906	5.19557557105843
11907	5.44674945715656
11908	5.69467095629934
11909	5.94810428721284
11910	6.21610645187377
11911	6.49625556347286
11912	6.77712833352445
11913	7.058434727824
11914	7.33787509270525
11915	7.60302778632472
11916	7.84587957226385
11917	8.06121651045728
11918	8.24321599297576
11919	8.39871869590234
11920	8.5406800506731
11921	8.67814831127606
11922	8.81543734073584
11923	8.95153233491889
11924	9.07678920238772
11925	9.18574481380165
11926	9.2845195454158
11927	9.38471067068682
11928	9.49023879241258
11929	9.58923795106404
11930	9.67386179208879
11931	9.74291855482973
11932	9.79198886358137
11933	9.82074184060961
11934	9.83225124242974
11935	9.83173887896072
11936	9.82370297251842
11937	9.81098642264645
11938	9.79785192870955
11939	9.78483869488205
11940	9.77112103813386
11941	9.75487502925646
11942	9.73272816128385
11943	9.70735755338601
11944	9.68505841288111
11945	9.66499010609098
11946	9.64183925126305
11947	9.61240218526097
11948	9.58403416127967
11949	9.5644883097665
11950	9.55494404710709
11951	9.55630807235477
11952	9.57169146182049
11953	9.59665773492894
11954	9.62321176800167
11955	9.64864514624549
11956	9.67615784440659
11957	9.71353979199008
11958	9.76698793510127
11959	9.832044715569
11960	9.90151748211303
11961	9.96862727044398
11962	10.0279604434145
11963	10.0750808700028
11964	10.1053794074882
11965	10.1238221799051
11966	10.1397477439281
11967	10.1566112794292
11968	10.1737835556756
11969	10.1945829319155
11970	10.2203889620263
11971	10.24889726556
11972	10.2738074525156
11973	10.292193919401
11974	10.312168211978
11975	10.33990728137
11976	10.3779285342085
11977	10.4259008801494
11978	10.4784230817441
11979	10.5306270867074
11980	10.5793634195326
11981	10.6236473088292
11982	10.66166502123
11983	10.6905233530017
11984	10.7069615097318
11985	10.7100102861945
11986	10.7043801098562
11987	10.6938986584393
11988	10.682331081384
11989	10.6712704490059
11990	10.6590272549032
11991	10.6434128873083
11992	10.6259092039713
11993	10.6089400892699
11994	10.5911781083179
11995	10.5696919218554
11996	10.5408822039464
11997	10.5019398523299
11998	10.4527026562785
11999	10.395482973338
12000	10.3308982774656
12001	10.2615194115479
12002	10.1945478704865
12003	10.1387601780745
12004	10.1072283637388
12005	10.1112973934168
12006	10.1560199162737
12007	10.243192404093
12008	10.3731572994795
12009	10.5449854446411
12010	10.7566011149474
12011	11.0036630976892
12012	11.2830776153226
12013	11.590545210974
12014	11.9174074929967
12015	12.2566869748959
12016	12.6019059539374
12017	12.9480668890881
12018	13.2915789588794
12019	13.6288654999703
12020	13.9559996019969
12021	14.2693618069288
12022	14.5653536307898
12023	14.8434408873948
12024	15.1112651674249
12025	15.37711749782
12026	15.6394402339685
12027	15.8823099327663
12028	16.0929555019304
12029	16.2602061765985
12030	16.3814628940395
12031	16.4609135269784
12032	16.4986052725968
12033	16.4934834115915
12034	16.4482240426998
12035	16.3830460869308
12036	16.3151123320735
12037	16.2484227483023
12038	16.1831929488209
12039	16.1169575659961
12040	16.0485439000065
12041	15.9759443873469
12042	15.8959343801399
12043	15.8112755593579
12044	15.7277181831643
12045	15.646937126263
12046	15.5696751857656
12047	15.4964268950527
12048	15.4233084872747
12049	15.3469456100577
12050	15.2678193149245
12051	15.1855669688534
12052	15.0990364378217
12053	15.0056099890463
12054	14.9052404317708
12055	14.798716768478
12056	14.6811754917476
12057	14.5502688410439
12058	14.408320044719
12059	14.262232077665
12060	14.1194090704028
12061	13.985501014917
12062	13.8654890614513
12063	13.7618520868116
12064	13.6724436577282
12065	13.5931912919342
12066	13.5213068043018
12067	13.4514385601657
12068	13.3821584852001
12069	13.3165423764977
12070	13.2564378290527
12071	13.201181245627
12072	13.1468883361369
12073	13.089553469355
12074	13.0299188299299
12075	12.9703597857988
12076	12.9116913728025
12077	12.8543977239886
12078	12.799022140654
12079	12.7457504249136
12080	12.6908738075067
12081	12.6323624709504
12082	12.5665503917605
12083	12.487693901376
12084	12.4011899085499
12085	12.3140637786968
12086	12.2265572570883
12087	12.1409333596603
12088	12.0587864047708
12089	11.9797927452853
12090	11.9046102120192
12091	11.832491037852
12092	11.7625466234812
12093	11.6920432323673
12094	11.6195489469328
12095	11.5435589451926
12096	11.4608498701429
12097	11.372403618575
12098	11.2780762672101
12099	11.1776287751456
12100	11.0660067793503
12101	10.9350763160385
12102	10.7899791200935
12103	10.6502962841712
12104	10.5370837199606
12105	10.4637085128082
12106	10.4405257433903
12107	10.4756892557004
12108	10.5735541403997
12109	10.7360200972358
12110	10.9603698965097
12111	11.241696891695
12112	11.5769007680876
12113	11.9601192074026
12114	12.3868154717396
12115	12.8502437123339
12116	13.3405738811198
12117	13.8506184899949
12118	14.3722766156416
12119	14.8961141006703
12120	15.4134241402977
12121	15.9176904838724
12122	16.4047952195251
12123	16.8705500994103
12124	17.3105376548894
12125	17.7244454300882
12126	18.1196764724081
12127	18.4986369103057
12128	18.8557372615175
12129	19.1795016633679
12130	19.4509629610901
12131	19.6670600822705
12132	19.8452646759669
12133	20.0011672425697
12134	20.1474556959024
12135	20.2961397491711
12136	20.4558328366368
12137	20.627750078972
12138	20.8083226524235
12139	20.9896460050125
12140	21.1650498306067
12141	21.3289294983212
12142	21.4769866978231
12143	21.6106391166928
12144	21.7291113585922
12145	21.8259602089703
12146	21.8981831445408
12147	21.9444902056151
12148	21.9700655593612
12149	21.9819308036567
12150	21.9808954183388
12151	21.967069549554
12152	21.9377145622718
12153	21.886817345061
12154	21.8158303232612
12155	21.7324341280586
12156	21.6395902483884
12157	21.5364189278664
12158	21.4191263826411
12159	21.2861682973145
12160	21.1391783878251
12161	20.9809531631786
12162	20.8069037030326
12163	20.6117307765283
12164	20.3981669786669
12165	20.1711215229027
12166	19.9399475890505
12167	19.7135993171008
12168	19.4975431841762
12169	19.2946196155141
12170	19.106419949256
12171	18.9323881707066
12172	18.7651108325644
12173	18.5909247211958
12174	18.4039568010909
12175	18.2031800028318
12176	17.9873964165014
12177	17.7567840278177
12178	17.510106760794
12179	17.2517387116966
12180	16.9834676506295
12181	16.7056260106652
12182	16.4319763509243
12183	16.1759636932447
12184	15.9327192604872
12185	15.6952702806384
12186	15.4683313050031
12187	15.2598451478189
12188	15.0803430684446
12189	14.9405663554508
12190	14.8446434270163
12191	14.7933600374073
12192	14.7879309399482
12193	14.828192862513
12194	14.9110798673529
12195	15.0336481109458
12196	15.1923712726576
12197	15.3812502182751
12198	15.5972479234101
12199	15.8390833587465
12200	16.1026259212036
12201	16.3847462036391
12202	16.6820321131141
12203	16.9919331591012
12204	17.3131119964572
12205	17.6447253584837
12206	17.9819652719384
12207	18.3092478694937
12208	18.6062656334664
12209	18.8655623366893
12210	19.0922532026312
12211	19.2975754625164
12212	19.495153188842
12213	19.692918237689
12214	19.8960239486316
12215	20.108275876333
12216	20.3291335122583
12217	20.5578073573181
12218	20.7918104577224
12219	21.0237763736695
12220	21.2439271891706
12221	21.4470548760047
12222	21.6300383638485
12223	21.7922574838663
12224	21.9350288799228
12225	22.0573505070548
12226	22.1562249310796
12227	22.2286539785152
12228	22.2766098819562
12229	22.3021005624137
12230	22.3031879075462
12231	22.2808773899569
12232	22.2413000794316
12233	22.1847039545364
12234	22.1059579195031
12235	22.0028407760375
12236	21.8737877798445
12237	21.7229877441329
12238	21.558206852981
12239	21.3835731306904
12240	21.193155352552
12241	20.9799146114453
12242	20.738466349171
12243	20.4662762652767
12244	20.1690051980927
12245	19.8502940002981
12246	19.5137280426109
12247	19.1635009287542
12248	18.8001005369796
12249	18.4252779920008
12250	18.0390616279375
12251	17.6462088436206
12252	17.2573368699173
12253	16.8863211230386
12254	16.5460576130978
12255	16.2426120333325
12256	15.9811714300811
12257	15.7652131711639
12258	15.5940393061395
12259	15.463225896551
12260	15.3690797039282
12261	15.3082202352606
12262	15.2773013228167
12263	15.2718584721088
12264	15.2867039456575
12265	15.3184006173797
12266	15.3654802400055
12267	15.4252243117872
12268	15.4925873084416
12269	15.5659873255485
12270	15.6463298472344
12271	15.7342790201643
12272	15.8293818211356
12273	15.9288345376566
12274	16.0211469956113
12275	16.0898739785866
12276	16.1194828635851
12277	16.0988881421284
12278	16.0235703852408
12279	15.8891182385525
12280	15.6903593936691
12281	15.4267935256415
12282	15.1001938026479
12283	14.7117871890447
12284	14.2653763071613
12285	13.7671075087945
12286	13.2249832074898
12287	12.6542789069463
12288	12.0694389925887
12289	11.4850502349554
12290	10.915137716037
12291	10.3610432896999
12292	9.82227496945543
12293	9.30109136218573
12294	8.8014442490395
12295	8.32986651229078
12296	7.88851513215084
12297	7.47760390017663
12298	7.10447016011748
12299	6.77545253435776
12300	6.48278281104814
12301	6.21672641509187
12302	5.97139623302061
12303	5.74239265827175
12304	5.52779061096016
12305	5.32758953623001
12306	5.14076073403881
12307	4.96612242973446
12308	4.80350134304286
12309	4.65029198916915
12310	4.50068971163035
12311	4.35414022406332
12312	4.21931060177033
12313	4.09958412396793
12314	3.99048488963714
12315	3.88674173252061
12316	3.79048832395121
12317	3.71548038614373
12318	3.66255442076544
12319	3.62420427679788
12320	3.60087131807802
12321	3.59227409425966
12322	3.59742432157144
12323	3.61412864360549
12324	3.64102103640612
12325	3.67797273599239
12326	3.72420849377426
12327	3.78024444637327
12328	3.84408912074571
12329	3.91343203996589
12330	3.98929225976808
12331	4.07066274802485
12332	4.15563446150262
12333	4.24369443554983
12334	4.33552550617155
12335	4.43207468988665
12336	4.5328318826913
12337	4.63849540989181
12338	4.75176191896203
12339	4.87212454011491
12340	4.99510923906708
12341	5.11219017539747
12342	5.21417513027469
12343	5.29355330761659
12344	5.34361883671274
12345	5.3634688832579
12346	5.34956091968894
12347	5.29902150845684
12348	5.21878178525801
12349	5.11730298431681
12350	4.99982368123098
12351	4.86957341309782
12352	4.73008276301339
12353	4.58815529190077
12354	4.449540035737
12355	4.31621922480975
12356	4.18830313560342
12357	4.06573137559092
12358	3.94800575427422
12359	3.83380230134591
12360	3.72485356164387
12361	3.62349081672946
12362	3.52945229695902
12363	3.44384066290139
12364	3.36807272869103
12365	3.30237040696312
12366	3.24650861135407
12367	3.19805684728935
12368	3.15580808467219
12369	3.11798521149926
12370	3.08304895241189
12371	3.05313532671151
12372	3.02984985180148
12373	3.01377948582757
12374	3.00343856681967
12375	2.99828233007805
12376	2.9989667063763
12377	3.00535236622112
12378	3.01738016062244
12379	3.03254767659084
12380	3.04992214171704
12381	3.07032692449445
12382	3.09423110471967
12383	3.12181468703722
12384	3.15396584080954
12385	3.19212532155012
12386	3.23398501714267
12387	3.27550516552116
12388	3.31576718063982
12389	3.35636462023472
12390	3.3978427348614
12391	3.44221522542919
12392	3.48959731940998
12393	3.53780921590846
12394	3.58612696670296
12395	3.63317206294106
12396	3.68041783295659
12397	3.72990723776725
12398	3.78178220782039
12399	3.83698047444288
12400	3.89659350573899
12401	3.96108309148053
12402	4.03038338646428
12403	4.10465863506773
12404	4.18459816211441
12405	4.27068154630628
12406	4.36123126534045
12407	4.45849417088104
12408	4.56501958067527
12409	4.67693483580069
12410	4.79298722164206
12411	4.91088764848992
12412	5.02434663845529
12413	5.1317856572076
12414	5.22078198504935
12415	5.27542013262079
12416	5.28778646383672
12417	5.24796827735092
12418	5.14952356699947
12419	4.98808795063372
12420	4.76034304787199
12421	4.46847490134639
12422	4.11886599811422
12423	3.71864199833408
12424	3.27374951363072
12425	2.79420402397348
12426	2.2888276864216
12427	1.76349485415073
12428	1.22831953830862
12429	0.69245325136669
12430	0.164280094534705
12431	-0.349490098916178
12432	-0.843903193341549
12433	-1.31313332157186
12434	-1.74644773475407
12435	-2.12975990495075
12436	-2.4470450144453
12437	-2.69985569629605
12438	-2.89490229207904
12439	-3.04456442038511
12440	-3.16584804743144
12441	-3.26498540881749
12442	-3.34568453966102
12443	-3.40069575193174
12444	-3.4241290369453
12445	-3.40863434753927
12446	-3.35394219065507
12447	-3.26956272898878
12448	-3.16103914093844
12449	-3.02340404923813
12450	-2.85899676159979
12451	-2.67514029538289
12452	-2.48218676001364
12453	-2.29239584668093
12454	-2.10790910349607
12455	-1.93309466670937
12456	-1.76740205213342
12457	-1.60665791505024
12458	-1.44608292958153
12459	-1.27962218839814
12460	-1.10400187866969
12461	-0.918737590254593
12462	-0.725082315050377
12463	-0.527290985444519
12464	-0.327806925773324
12465	-0.124865039372077
12466	0.0838115027703369
12467	0.299544516326829
12468	0.526393745730184
12469	0.766935405688202
12470	1.01375369268388
12471	1.25710971398644
12472	1.50228181121776
12473	1.75994509334164
12474	2.03359970797978
12475	2.32387536318991
12476	2.63164943390417
12477	2.95647205880513
12478	3.2947030742159
12479	3.64503592878886
12480	4.00779801360747
12481	4.3801036986616
12482	4.75641733541479
12483	5.13213283811521
12484	5.50268820869111
12485	5.86522418335016
12486	6.21842268100705
12487	6.56014797129234
12488	6.88753330468192
12489	7.19887599182235
12490	7.49230099659894
12491	7.77002455907082
12492	8.03595873681359
12493	8.29682034195551
12494	8.55315256013171
12495	8.79941972326447
12496	9.02202773597085
12497	9.22037998675088
12498	9.40536452017224
12499	9.57238787782921
12500	9.71532766491731
12501	9.83504184925638
12502	9.94164560894517
12503	10.0455225292312
12504	10.1497500466855
12505	10.2440793610605
12506	10.3219330220544
12507	10.3951055458313
12508	10.4677913126425
12509	10.5353463139906
12510	10.5904354482733
12511	10.6276441398209
12512	10.6550598806787
12513	10.6813304867671
12514	10.7075143487571
12515	10.7281013015793
12516	10.7349184245604
12517	10.7274296064243
12518	10.7165484608444
12519	10.7075369985551
12520	10.6999118428127
12521	10.6912517820338
12522	10.6771194830492
12523	10.6598997196156
12524	10.6448912892222
12525	10.634257574294
12526	10.6310923793522
12527	10.6345129142242
12528	10.6408898048851
12529	10.6510248171821
12530	10.6653468174798
12531	10.6851884983705
12532	10.7124305867047
12533	10.7435817468862
12534	10.7759783974273
12535	10.8105279491146
12536	10.8433605299548
12537	10.8717323342651
12538	10.8900629828777
12539	10.8922307301337
12540	10.8834409921683
12541	10.8715869500687
12542	10.8593141512265
12543	10.8432769536783
12544	10.8146017892029
12545	10.7679357154389
12546	10.7098557750283
12547	10.6490428915588
12548	10.5843884831783
12549	10.5024386465737
12550	10.3871770986271
12551	10.2365407342144
12552	10.0692384425556
12553	9.9120496873306
12554	9.77514318255593
12555	9.6641574438212
12556	9.58724805803386
12557	9.55110276044193
12558	9.56255910143904
12559	9.61830089392033
12560	9.71142194902602
12561	9.8377624636727
12562	9.99046407933603
12563	10.153528581148
12564	10.3176396446003
12565	10.4902196938017
12566	10.6758017179548
12567	10.8750748696587
12568	11.089532324919
12569	11.3114045465523
12570	11.5260247109043
12571	11.7251607847039
12572	11.896582224346
12573	12.0310579999691
12574	12.1410890437335
12575	12.2393553405974
12576	12.3222128844141
12577	12.3796485031041
12578	12.4164017442837
12579	12.4404069224469
12580	12.4475917406372
12581	12.4366173241696
12582	12.4103111065211
12583	12.370109550258
12584	12.3166457760317
12585	12.251690500803
12586	12.1814194372083
12587	12.1102300974318
12588	12.0405081013208
12589	11.9759181312402
12590	11.9197265885623
12591	11.8749639681643
12592	11.8427680359218
12593	11.8245783533308
12594	11.8232480410561
12595	11.8386659557027
12596	11.8684068370544
12597	11.9083103389038
12598	11.9509307916258
12599	11.9868658385316
12600	12.00181866166
12601	11.9843444287162
12602	11.935150753316
12603	11.8647736988631
12604	11.7814282172136
12605	11.6862103707203
12606	11.5808324766712
12607	11.4700439396518
12608	11.3576841583783
12609	11.2446555558404
12610	11.131960629765
12611	11.0198740474898
12612	10.9069966920967
12613	10.7921995365404
12614	10.6768662475315
12615	10.5613729174311
12616	10.444166473478
12617	10.3268668610699
12618	10.2121053565558
12619	10.0997202774485
12620	9.98734336771161
12621	9.87311257825551
12622	9.75780241197609
12623	9.64251138267815
12624	9.52847162590091
12625	9.41723326084469
12626	9.31076569209119
12627	9.20941592084694
12628	9.11195552575625
12629	9.01980390828692
12630	8.93147144353085
12631	8.84453166189198
12632	8.75383642056924
12633	8.64445950776958
12634	8.50999828965079
12635	8.3614683592654
12636	8.21737983690702
12637	8.08971914922725
12638	7.96879161720359
12639	7.83515455463953
12640	7.68131016884546
12641	7.50344757009941
12642	7.29568978917321
12643	7.05618922245505
12644	6.78541429648028
12645	6.48473351339406
12646	6.15549171821757
12647	5.80097060881422
12648	5.42599379298863
12649	5.03702592472681
12650	4.64127658115058
12651	4.24287753652297
12652	3.84519769845237
12653	3.45063839440683
12654	3.06114666467955
12655	2.67959885858359
12656	2.30764670190354
12657	1.94572843962949
12658	1.59524998875344
12659	1.25873292234212
12660	0.939038114445342
12661	0.637698027600657
12662	0.352487611169926
12663	0.079124552741973
12664	-0.184928942714002
12665	-0.440078806842654
12666	-0.685076794127988
12667	-0.918144729888709
12668	-1.13756626149944
12669	-1.34008709237187
12670	-1.51452495410444
12671	-1.65546728692166
12672	-1.76463775829282
12673	-1.85361657144259
12674	-1.9366297686835
12675	-2.01869094242833
12676	-2.10397714774288
12677	-2.19745410753922
12678	-2.30188461520996
12679	-2.41746082627277
12680	-2.544121461247
12681	-2.67967787249955
12682	-2.82025977128715
12683	-2.96346175020443
12684	-3.10680223719544
12685	-3.24933362999384
12686	-3.3912849388547
12687	-3.53053228273525
12688	-3.66549176565901
12689	-3.79520312683345
12690	-3.91694175578346
12691	-4.02994038811638
12692	-4.13391241805543
12693	-4.22741950289282
12694	-4.31031321722659
12695	-4.38422728578155
12696	-4.45035817649966
12697	-4.50912511191653
12698	-4.56134512369697
12699	-4.60448265281873
12700	-4.63633423743532
12701	-4.65757416528115
12702	-4.66927712505115
12703	-4.67194059566974
12704	-4.66516262476579
12705	-4.65027103984544
12706	-4.62857582946143
12707	-4.59535925330222
12708	-4.54878178020415
12709	-4.49006934460706
12710	-4.42158097941194
12711	-4.34861956649035
12712	-4.27448797935055
12713	-4.20362779382695
12714	-4.13669960029889
12715	-4.07114781167616
12716	-4.00672120407462
12717	-3.93542391286462
12718	-3.84787259694059
12719	-3.7462551757444
12720	-3.63789516492411
12721	-3.52609168327173
12722	-3.3994041500782
12723	-3.24010593218929
12724	-3.04452743007831
12725	-2.8248711926544
12726	-2.58742596568146
12727	-2.34007791163737
12728	-2.08198036935836
12729	-1.80124729175039
12730	-1.49835130074728
12731	-1.17070409411033
12732	-0.809851705939038
12733	-0.407984568878792
12734	0.0383887458819159
12735	0.528117667160909
12736	1.0565956155644
12737	1.6185105763498
12738	2.20613597917929
12739	2.8077110333713
12740	3.41434598258712
12741	4.01778390782365
12742	4.60950980145032
12743	5.18270388874261
12744	5.73145815075732
12745	6.25212614960426
12746	6.7421367170841
12747	7.20671888289479
12748	7.65327515765067
12749	8.08199672450104
12750	8.48176696530231
12751	8.84161059983607
12752	9.16101273776186
12753	9.45563477760956
12754	9.74253502017083
12755	10.028999715347
12756	10.3126951566033
12757	10.5891753727347
12758	10.8621267577523
12759	11.1274991503229
12760	11.3781237042591
12761	11.6187729358735
12762	11.8526922490527
12763	12.0742721319152
12764	12.2766003315267
12765	12.4538713972166
12766	12.6048711238574
12767	12.7289580642525
12768	12.8312942603397
12769	12.9166044732245
12770	12.9832717959622
12771	13.0318659801591
12772	13.0651032602619
12773	13.0761649792494
12774	13.0630769828511
12775	13.0323867397214
12776	12.9851777846498
12777	12.9264131951394
12778	12.8485787201453
12779	12.7389140281161
12780	12.5993703957175
12781	12.4356060287664
12782	12.2442040465933
12783	12.0210414272078
12784	11.7588914635385
12785	11.4484283491283
12786	11.0945899814423
12787	10.7021217908236
12788	10.2698761206253
12789	9.80418704691949
12790	9.31644920035695
12791	8.81748680072304
12792	8.30923567492676
12793	7.79645106730509
12794	7.29028042603024
12795	6.79754806501329
12796	6.32355250399534
12797	5.8751502282224
12798	5.45641879348075
12799	5.06535846578977
12800	4.70243041199774
12801	4.3644618253682
12802	4.05105754659136
12803	3.7666440348554
12804	3.50614309344076
12805	3.26071698993629
12806	3.03494869114896
12807	2.83303174457258
12808	2.6604029833875
12809	2.5285146029376
12810	2.44131155678018
12811	2.40128917046368
12812	2.41040916105798
12813	2.46884439677915
12814	2.57527317291584
12815	2.72440569828325
12816	2.91119124705041
12817	3.13288920614356
12818	3.38636892965645
12819	3.6693139632565
12820	3.98058160691269
12821	4.31736684368567
12822	4.67565776403319
12823	5.05212286725882
12824	5.44087465811827
12825	5.83471514951756
12826	6.22488124370055
12827	6.60004597721595
12828	6.95321216831829
12829	7.2744794949127
12830	7.54930503162921
12831	7.76731411904379
12832	7.91849544873713
12833	7.99681058896546
12834	8.02504666186249
12835	8.02392611973715
12836	7.98172075077718
12837	7.88900571291108
12838	7.75133047621207
12839	7.58423779030587
12840	7.4096999265476
12841	7.24539773943189
12842	7.10642549908048
12843	7.00651391699244
12844	6.95347864779182
12845	6.94980349518824
12846	6.99598489610226
12847	7.08895112702955
12848	7.22565172832795
12849	7.40205554211911
12850	7.6131785780403
12851	7.85532060748346
12852	8.12179699113596
12853	8.40552695578815
12854	8.69922023836168
12855	8.99607848560139
12856	9.29108963111651
12857	9.58099526011548
12858	9.86240525554848
12859	10.1313732987657
12860	10.387415803296
12861	10.6301068724311
12862	10.8557797959863
12863	11.0590456050369
12864	11.2273793093781
12865	11.3435982974422
12866	11.3956043998417
12867	11.3778912100643
12868	11.2948514357026
12869	11.1523295757109
12870	10.9610516997599
12871	10.7233279476034
12872	10.4296640034108
12873	10.0698738463901
12874	9.63269660264911
12875	9.11337904505119
12876	8.51256934915057
12877	7.83548304096171
12878	7.09031370474477
12879	6.28730499393379
12880	5.43719025703933
12881	4.55268790256765
12882	3.64835560143233
12883	2.73874811107046
12884	1.83764107172131
12885	0.956321900753375
12886	0.105463358903689
12887	-0.702918174827639
12888	-1.46206027760412
12889	-2.16770610849859
12890	-2.81112835299905
12891	-3.38271741243967
12892	-3.87522248735047
12893	-4.29951347973821
12894	-4.67233282509085
12895	-5.00106728183275
12896	-5.29827020583815
12897	-5.581528915508
12898	-5.86345226529411
12899	-6.15033478650569
12900	-6.44646288700216
12901	-6.75509782352645
12902	-7.07472672349866
12903	-7.4026658624208
12904	-7.7338829717078
12905	-8.06539360142315
12906	-8.39515560309693
12907	-8.72059513260525
12908	-9.04011824682487
12909	-9.35236360773244
12910	-9.65729373174635
12911	-9.95574812146465
12912	-10.2483784208833
12913	-10.5333441669685
12914	-10.8081619533183
12915	-11.0721403344533
12916	-11.3284385834927
12917	-11.5791487093043
12918	-11.8236036518917
12919	-12.0596091823247
12920	-12.2809995770868
12921	-12.4723671141811
12922	-12.6238787368227
12923	-12.7276401734854
12924	-12.7794759719669
12925	-12.7848901585596
12926	-12.7492939457409
12927	-12.6831005582032
12928	-12.5936837070201
12929	-12.4909535185862
12930	-12.379905791122
12931	-12.2597852443907
12932	-12.1359017600274
12933	-12.0112156313957
12934	-11.8831838109118
12935	-11.7502717331379
12936	-11.609733942661
12937	-11.4634326416788
12938	-11.3190056324307
12939	-11.1746786671764
12940	-11.0274045459108
12941	-10.8802692635154
12942	-10.7368719042062
12943	-10.597369859987
12944	-10.4623772579286
12945	-10.3346550065474
12946	-10.2146581736886
12947	-10.1002875322144
12948	-9.9924627283772
12949	-9.88922508862524
12950	-9.78640537139114
12951	-9.68468462783707
12952	-9.58676096600725
12953	-9.49259512328352
12954	-9.40014719030473
12955	-9.30995732068144
12956	-9.22482095046482
12957	-9.14660915324748
12958	-9.07338028301343
12959	-9.00146703115143
12960	-8.93007160328667
12961	-8.86439344228298
12962	-8.80942337450967
12963	-8.76429545061166
12964	-8.72256237348729
12965	-8.67990006718876
12966	-8.64210758904461
12967	-8.61402972589612
12968	-8.59357298182276
12969	-8.57504974633643
12970	-8.55290234883496
12971	-8.5248753533459
12972	-8.49101944947808
12973	-8.45153753159037
12974	-8.40739681145519
12975	-8.36121307081364
12976	-8.31616985253465
12977	-8.27472038834363
12978	-8.23908639072896
12979	-8.21177610724576
12980	-8.19408167912146
12981	-8.18394475080986
12982	-8.17636647734004
12983	-8.16355770841173
12984	-8.13808122096824
12985	-8.09865448574228
12986	-8.04452728327708
12987	-7.97621735426045
12988	-7.90124399553297
12989	-7.8319109989106
12990	-7.77852451007082
12991	-7.74180364267286
12992	-7.71410162483164
12993	-7.69186165780977
12994	-7.67768314138768
12995	-7.66666990168539
12996	-7.64991722635825
12997	-7.62227694437652
12998	-7.57940826484733
12999	-7.51978994272464
13000	-7.44236211159735
13001	-7.34547065381818
13002	-7.22905030944226
13003	-7.09448948633565
13004	-6.94233264239795
13005	-6.77395075912657
13006	-6.59370746553633
13007	-6.40572524578433
13008	-6.21434270638806
13009	-6.02355257167914
13010	-5.83564851011006
13011	-5.65301076723557
13012	-5.47730771115739
13013	-5.30709957468279
13014	-5.1400378284207
13015	-4.97264150184769
13016	-4.80108675377994
13017	-4.63025988959032
13018	-4.46879126202998
13019	-4.33135303527745
13020	-4.23701785314302
13021	-4.19647697935661
13022	-4.21472960841103
13023	-4.29710153662494
13024	-4.45031185778934
13025	-4.68000172132504
13026	-4.98723770281755
13027	-5.37007941593564
13028	-5.82635475393771
13029	-6.35194837597955
13030	-6.94314372839021
13031	-7.58873929621266
13032	-8.27422615800993
13033	-8.98951507097731
13034	-9.71387709487169
13035	-10.4298275263878
13036	-11.1280455701343
13037	-11.7982954630563
13038	-12.4308367673825
13039	-13.0179722717748
13040	-13.5588613094965
13041	-14.056142590108
13042	-14.5127307282645
13043	-14.9329778241346
13044	-15.323927283283
13045	-15.6931665239281
13046	-16.0448939129704
13047	-16.3791450367475
13048	-16.6961203042197
13049	-16.9969454809428
13050	-17.2819607171625
13051	-17.5510543808762
13052	-17.8051163421334
13053	-18.0464418874465
13054	-18.2779063211001
13055	-18.4989833133258
13056	-18.7091003852457
13057	-18.9088874391738
13058	-19.0978613714938
13059	-19.276622604489
13060	-19.444206859197
13061	-19.6000963791562
13062	-19.7473921347689
13063	-19.8831306424198
13064	-20.0001523167825
13065	-20.0897801146163
13066	-20.1429193402683
13067	-20.1513695301367
13068	-20.1072683449778
13069	-20.0115724881165
13070	-19.8712328667998
13071	-19.6930967322155
13072	-19.4824575634453
13073	-19.2428337746783
13074	-18.9770532200493
13075	-18.6855002794538
13076	-18.368767441485
13077	-18.0255296906152
13078	-17.6570150583082
13079	-17.2683397688783
13080	-16.8609090591935
13081	-16.4373724782003
13082	-16.0021864279387
13083	-15.5591197857238
13084	-15.1109998328055
13085	-14.6621688477581
13086	-14.2162608197403
13087	-13.7759708905591
13088	-13.3452111795814
13089	-12.9272180298085
13090	-12.5247273698041
13091	-12.1403866029717
13092	-11.776101172519
13093	-11.4325861457321
13094	-11.1110782733285
13095	-10.8114142007257
13096	-10.5310081490888
13097	-10.2705572223465
13098	-10.0324099112842
13099	-9.81598661731272
13100	-9.61854512885304
13101	-9.435357985887
13102	-9.26046673214542
13103	-9.09159908976391
13104	-8.92500632512642
13105	-8.75546607952979
13106	-8.58416071632529
13107	-8.42368380439077
13108	-8.28704128000205
13109	-8.17547239832401
13110	-8.09644820888546
13111	-8.0645395603121
13112	-8.07747238455812
13113	-8.10936293419868
13114	-8.14071861911258
13115	-8.17461573490784
13116	-8.231607334767
13117	-8.3289163405747
13118	-8.45481342672962
13119	-8.58907335586967
13120	-8.72292294545419
13121	-8.86803717252815
13122	-9.04274115577013
13123	-9.26007244729307
13124	-9.53458794884985
13125	-9.86124841417345
13126	-10.2179288662451
13127	-10.6026835534602
13128	-11.0284576600198
13129	-11.5023997716293
13130	-12.0272357865643
13131	-12.6017205748006
13132	-13.2199712966066
13133	-13.8747026911098
13134	-14.5574166104321
13135	-15.2578021233456
13136	-15.9650226841565
13137	-16.6684470091674
13138	-17.3563625737508
13139	-18.0113288770827
13140	-18.6186252478352
13141	-19.1710253678816
13142	-19.6640387594669
13143	-20.0960138579808
13144	-20.4714262661617
13145	-20.7908570437874
13146	-21.0510346439742
13147	-21.2573083790857
13148	-21.4134956326951
13149	-21.5178489404385
13150	-21.574750082139
13151	-21.5919542391318
13152	-21.5738517823607
13153	-21.5350447029203
13154	-21.491296533177
13155	-21.4477778645132
13156	-21.4077095284689
13157	-21.3777775850464
13158	-21.363173218081
13159	-21.3617439745349
13160	-21.3716201632944
13161	-21.3904364812408
13162	-21.417028699108
13163	-21.4506145337393
13164	-21.488034455853
13165	-21.5282097413912
13166	-21.569863779278
13167	-21.6102403110276
13168	-21.6463276161578
13169	-21.6763383776707
13170	-21.7022477127467
13171	-21.7215265942782
13172	-21.7304001403556
13173	-21.7241955389434
13174	-21.6955496057921
13175	-21.6356174232048
13176	-21.5345687976287
13177	-21.3839746081568
13178	-21.1741572321938
13179	-20.8986385561459
13180	-20.5524485044032
13181	-20.1315903935336
13182	-19.6341846305069
13183	-19.0643469141359
13184	-18.4283597713976
13185	-17.7340217478602
13186	-16.9918521467815
13187	-16.2123908752707
13188	-15.4110966967823
13189	-14.6008889389178
13190	-13.7911264537022
13191	-12.9932453206775
13192	-12.2194922919475
13193	-11.476189921723
13194	-10.7672237968782
13195	-10.0956620086248
13196	-9.46225255381528
13197	-8.86741131663284
13198	-8.31093917403251
13199	-7.79327049953219
13200	-7.31165892394178
13201	-6.86059143808265
13202	-6.43872294096033
13203	-6.04570929776755
13204	-5.67700595797328
13205	-5.32867000138282
13206	-4.99967626037683
13207	-4.69035605382628
13208	-4.40075870678742
13209	-4.13110822722347
13210	-3.87840622918403
13211	-3.63769722892921
13212	-3.40694343057664
13213	-3.18472864621484
13214	-2.96952841848939
13215	-2.75979746818316
13216	-2.55387458638259
13217	-2.35147779443498
13218	-2.15248318302358
13219	-1.95559132600975
13220	-1.75990628372939
13221	-1.56656074449005
13222	-1.3779133812259
13223	-1.20161156568684
13224	-1.04772137041527
13225	-0.933407664432947
13226	-0.874925884775512
13227	-0.876042451297861
13228	-0.939634025512674
13229	-1.06541763129337
13230	-1.24690834248
13231	-1.47800406880228
13232	-1.75303084045352
13233	-2.06764328186773
13234	-2.41622507411836
13235	-2.79249138760386
13236	-3.19397380872377
13237	-3.61819676455539
13238	-4.06411069130001
13239	-4.52860708742215
13240	-5.00713597802873
13241	-5.49841911463866
13242	-5.99669631033114
13243	-6.49534274937156
13244	-6.99022275220242
13245	-7.47839638574678
13246	-7.95708811068325
13247	-8.42277366817466
13248	-8.87235686034778
13249	-9.30309076585321
13250	-9.71233364914148
13251	-10.0974191756847
13252	-10.4584126237771
13253	-10.7949042427064
13254	-11.1080707634367
13255	-11.3997802835468
13256	-11.6702465482059
13257	-11.9194297498964
13258	-12.1484962658203
13259	-12.360768672056
13260	-12.5576845068318
13261	-12.7395078151151
13262	-12.9078869936627
13263	-13.0656114233654
13264	-13.214195187187
13265	-13.3533196200223
13266	-13.4829589448033
13267	-13.6018853013395
13268	-13.7099188943459
13269	-13.8094823572651
13270	-13.9007728195526
13271	-13.9847444349556
13272	-14.0646902739132
13273	-14.140847739477
13274	-14.2122554033633
13275	-14.2776144964033
13276	-14.3356188035014
13277	-14.3837309560336
13278	-14.4179448874947
13279	-14.4336857032559
13280	-14.426245396131
13281	-14.392431235175
13282	-14.3324355479122
13283	-14.2493524352701
13284	-14.1451492081714
13285	-14.0205181696993
13286	-13.8750170694471
13287	-13.7095803024827
13288	-13.5268588859336
13289	-13.3299593278675
13290	-13.1187532629883
13291	-12.8929210456998
13292	-12.654467649593
13293	-12.4053894145939
13294	-12.1478509593422
13295	-11.8830559783032
13296	-11.613131600143
13297	-11.3397807922281
13298	-11.0636922697453
13299	-10.7858554606755
13300	-10.5070664491974
13301	-10.2302683495097
13302	-9.95958872618855
13303	-9.69505318066694
13304	-9.43827027655625
13305	-9.19314400109821
13306	-8.95980837426923
13307	-8.7368927746823
13308	-8.5257277399127
13309	-8.32869079083501
13310	-8.14599812445064
13311	-7.9801698575913
13312	-7.8343396680119
13313	-7.71133434289556
13314	-7.61406137051663
13315	-7.54612786332573
13316	-7.50626832605348
13317	-7.48131799102819
13318	-7.45071578588052
13319	-7.39527838119902
13320	-7.3011723456054
13321	-7.15822031146308
13322	-6.96238504073735
13323	-6.71358211437699
13324	-6.41439378122176
13325	-6.07054195652026
13326	-5.69072474819241
13327	-5.28512569481389
13328	-4.86308738860229
13329	-4.43227740945465
13330	-4.00037966398771
13331	-3.57425372763726
13332	-3.15749267489935
13333	-2.75517033842362
13334	-2.37182755415635
13335	-2.00967234178418
13336	-1.67023055033061
13337	-1.35420531995497
13338	-1.06288782803886
13339	-0.795778543336027
13340	-0.549229547337243
13341	-0.321316923912173
13342	-0.110247989181347
13343	0.0863225217984712
13344	0.268436865158154
13345	0.439238968535787
13346	0.603313855954186
13347	0.762788380979581
13348	0.913297543616564
13349	1.04193406450235
13350	1.12764715650715
13351	1.15788044014193
13352	1.14234060084648
13353	1.08794863817121
13354	0.994005162066905
13355	0.862881089393213
13356	0.69328800894767
13357	0.483780585563899
13358	0.236373629537086
13359	-0.0477483510944893
13360	-0.367878416575382
13361	-0.720419434150983
13362	-1.10240827241492
13363	-1.51374042594751
13364	-1.95242828238303
13365	-2.41572284011986
13366	-2.90098462016661
13367	-3.40370055305728
13368	-3.91952696637624
13369	-4.44562996632909
13370	-4.97569679441016
13371	-5.5041715785676
13372	-6.02793840702455
13373	-6.5419417524685
13374	-7.04079004397925
13375	-7.51929870384939
13376	-7.97552671932422
13377	-8.40843323490931
13378	-8.81501748153643
13379	-9.19425869191143
13380	-9.54911807784841
13381	-9.88156835223604
13382	-10.1928485363039
13383	-10.4831419567491
13384	-10.7525171639799
13385	-11.0027980380412
13386	-11.2352116098989
13387	-11.4433787551418
13388	-11.6330230272909
13389	-11.8179885903202
13390	-12.0074875116955
13391	-12.2093035254754
13392	-12.4272389397833
13393	-12.6565607895213
13394	-12.8852278996549
13395	-13.1023629943286
13396	-13.3063785687314
13397	-13.5088040165119
13398	-13.7121450699572
13399	-13.9060849963805
13400	-14.0808479642052
13401	-14.2355003021942
13402	-14.3789634488076
13403	-14.5178836323847
13404	-14.648526517664
13405	-14.7602479831582
13406	-14.8595922157273
13407	-14.9624476828911
13408	-15.0792541813236
13409	-15.2195933040689
13410	-15.3871440626462
13411	-15.5819714283834
13412	-15.7960364925814
13413	-16.018588800559
13414	-16.240983896109
13415	-16.4556220771415
13416	-16.660522973428
13417	-16.8557294364768
13418	-17.0279765966279
13419	-17.1680270245343
13420	-17.2795400920547
13421	-17.3759884499601
13422	-17.4757828458883
13423	-17.5890858976732
13424	-17.7182921666524
13425	-17.8570213961498
13426	-18.0034748543366
13427	-18.164918286303
13428	-18.3440470363982
13429	-18.5328462876646
13430	-18.7190801708879
13431	-18.8922431620131
13432	-19.0523685033263
13433	-19.204515881928
13434	-19.3394093610181
13435	-19.4502625695751
13436	-19.5346202728444
13437	-19.5828735985013
13438	-19.5921219913676
13439	-19.566963224556
13440	-19.5147499838962
13441	-19.4386697608512
13442	-19.331131259578
13443	-19.1890816450681
13444	-19.0136998512662
13445	-18.7931658015316
13446	-18.527218787815
13447	-18.2247328840592
13448	-17.8868622691861
13449	-17.507745885268
13450	-17.0791685407698
13451	-16.5982518748801
13452	-16.0647056705763
13453	-15.4812003556946
13454	-14.8535614597024
13455	-14.1888544799036
13456	-13.4953950362398
13457	-12.7835446576874
13458	-12.0618569227874
13459	-11.3411639818428
13460	-10.6331750584768
13461	-9.94638605709937
13462	-9.28842917761877
13463	-8.66478733449277
13464	-8.0765866003993
13465	-7.52543652235607
13466	-7.010511989596
13467	-6.53006062600849
13468	-6.08597950095592
13469	-5.67603059909368
13470	-5.29564456933687
13471	-4.94510508619791
13472	-4.63472071887875
13473	-4.3786533222968
13474	-4.18388200140929
13475	-4.04933229653628
13476	-3.97916905856201
13477	-3.9727001769735
13478	-4.01599665387514
13479	-4.07877108600497
13480	-4.13521678044435
13481	-4.1968746653394
13482	-4.27756085213927
13483	-4.36848670808986
13484	-4.45694152402831
13485	-4.53000953392399
13486	-4.5839456119438
13487	-4.63636797104493
13488	-4.70708616082737
13489	-4.8008818596586
13490	-4.90714039423081
13491	-5.01044904239076
13492	-5.10589639942231
13493	-5.20654606355422
13494	-5.32964526896582
13495	-5.47219425465192
13496	-5.62048645769109
13497	-5.75993705019766
13498	-5.88264674004354
13499	-6.00510591314946
13500	-6.14290547423255
13501	-6.2872047299375
13502	-6.42270340247725
13503	-6.53471020066068
13504	-6.60631661244331
13505	-6.63764570511587
13506	-6.65427470563063
13507	-6.67893223079659
13508	-6.71236541440884
13509	-6.74082395253601
13510	-6.74793307142641
13511	-6.73045849262876
13512	-6.71112452089284
13513	-6.71394892157369
13514	-6.74291334045621
13515	-6.78770834469614
13516	-6.8356522835084
13517	-6.89119309902857
13518	-6.96998560000692
13519	-7.07952573018928
13520	-7.2113620788545
13521	-7.35032382445529
13522	-7.48951189536221
13523	-7.64243679686155
13524	-7.82448812242118
13525	-8.04339714646405
13526	-8.30932054137371
13527	-8.63392863274601
13528	-9.02594783932818
13529	-9.48704848536254
13530	-10.014909876256
13531	-10.6039604292558
13532	-11.247539117974
13533	-11.9350095187299
13534	-12.6539010111503
13535	-13.3865206903185
13536	-14.1122361776957
13537	-14.817173104726
13538	-15.4843878451103
13539	-16.1019883104855
13540	-16.674009380405
13541	-17.2074558863748
13542	-17.7037400784078
13543	-18.1649626456359
13544	-18.5953389658431
13545	-18.9986766682385
13546	-19.3788092229387
13547	-19.7429944248383
13548	-20.0961608778532
13549	-20.4182122713205
13550	-20.6850623052833
13551	-20.8935976179701
13552	-21.0480896428971
13553	-21.1538258131243
13554	-21.2300221961505
13555	-21.2971724498546
13556	-21.3631427500818
13557	-21.4335473291661
13558	-21.5134504243428
13559	-21.6065851344131
13560	-21.7129317383588
13561	-21.8266854136459
13562	-21.9407814942775
13563	-22.0480896471085
13564	-22.142221169136
13565	-22.2182152532349
13566	-22.2712187080701
13567	-22.2975398105144
13568	-22.2908505689343
13569	-22.2471459247454
13570	-22.1668631733789
13571	-22.0521813994658
13572	-21.9115514081098
13573	-21.7538088754432
13574	-21.5822102678378
13575	-21.3999025805811
13576	-21.2123693946093
13577	-21.0238300266394
13578	-20.8348270095547
13579	-20.6434376420682
13580	-20.4483366713612
13581	-20.2519285899604
13582	-20.0547654943689
13583	-19.8549870496296
13584	-19.6509786173328
13585	-19.4418465153615
13586	-19.2285853191148
13587	-19.0103691275238
13588	-18.7868990136607
13589	-18.5584489211129
13590	-18.3243465476037
13591	-18.0841727762304
13592	-17.837358397903
13593	-17.584536212397
13594	-17.3192732863927
13595	-17.0349353225648
13596	-16.7410226508183
13597	-16.4353727001465
13598	-16.1238080274183
13599	-15.8177988585792
13600	-15.5177475584117
13601	-15.2380510695843
13602	-14.9927924068882
13603	-14.7826828582157
13604	-14.587190247536
13605	-14.3886846464429
13606	-14.181433301946
13607	-13.9699044881787
13608	-13.7606778704779
13609	-13.5444079899362
13610	-13.3174171322879
13611	-13.0825076367111
13612	-12.8494676920478
13613	-12.6288155764197
13614	-12.4179432819998
13615	-12.2099214612267
13616	-12.0033362526891
13617	-11.7957743472057
13618	-11.585516035855
13619	-11.3782626018661
13620	-11.1775888708642
13621	-10.9787432428708
13622	-10.7830123396759
13623	-10.5996775841759
13624	-10.4365318851181
13625	-10.2954517645336
13626	-10.1654433246357
13627	-10.0385967123007
13628	-9.91211729151988
13629	-9.78325462698871
13630	-9.65195529965922
13631	-9.5195356752333
13632	-9.38726811728233
13633	-9.2567052316034
13634	-9.13071917235937
13635	-9.01382972130077
13636	-8.90752038827355
13637	-8.80471649268096
13638	-8.70715238758649
13639	-8.6226677136844
13640	-8.56339018814254
13641	-8.53967387466512
13642	-8.53827935514984
13643	-8.54316137278661
13644	-8.55315032440068
13645	-8.57904473279105
13646	-8.62913579209191
13647	-8.69849280932422
13648	-8.77074705357186
13649	-8.83636243582067
13650	-8.88880142326165
13651	-8.92199678862093
13652	-8.93663830992087
13653	-8.93247754567976
13654	-8.91509523082512
13655	-8.89369746367773
13656	-8.86217443609157
13657	-8.80394531718546
13658	-8.71394763777719
13659	-8.5937388422706
13660	-8.44896061156509
13661	-8.28862333974073
13662	-8.11921996690786
13663	-7.93905790599955
13664	-7.74623341689624
13665	-7.54341259600844
13666	-7.33482919998458
13667	-7.13574294774892
13668	-6.95874701256984
13669	-6.80131727050639
13670	-6.6586339409296
13671	-6.53303728088594
13672	-6.42429224829334
13673	-6.33266012327815
13674	-6.26119272935358
13675	-6.2048004455659
13676	-6.16524748842114
13677	-6.14403481366252
13678	-6.1380788217699
13679	-6.15353929206798
13680	-6.19366957091255
13681	-6.25592557626008
13682	-6.33242207320761
13683	-6.41634212500061
13684	-6.50277527369902
13685	-6.57768062103394
13686	-6.63451375623942
13687	-6.67624698033134
13688	-6.70931968832248
13689	-6.745045078376
13690	-6.7810881734041
13691	-6.80670548372694
13692	-6.81124579991346
13693	-6.78479590493643
13694	-6.71969194334036
13695	-6.61741375244901
13696	-6.48734716951302
13697	-6.34213588873155
13698	-6.19412413563191
13699	-6.05639703341228
13700	-5.94307628062283
13701	-5.86409981200653
13702	-5.82777353458621
13703	-5.82673195072396
13704	-5.84514006559118
13705	-5.88011962518211
13706	-5.94374772829828
13707	-6.04107560733498
13708	-6.16223584906818
13709	-6.31552149552652
13710	-6.51245521372704
13711	-6.74588188248946
13712	-7.00646152246017
13713	-7.27362328650821
13714	-7.53270447345145
13715	-7.77451863865698
13716	-7.98307646815126
13717	-8.14902838309244
13718	-8.26525267751716
13719	-8.33152620966492
13720	-8.35216679239829
13721	-8.33057142076616
13722	-8.27377162673053
13723	-8.19961224534066
13724	-8.12848101901557
13725	-8.06449795578961
13726	-8.01439984418947
13727	-7.99228871353303
13728	-7.99610662909563
13729	-8.01015634144391
13730	-8.03463159358721
13731	-8.07479465057
13732	-8.13068395866388
13733	-8.20033917307838
13734	-8.28590255600172
13735	-8.38099090854717
13736	-8.46935040303231
13737	-8.55631174912124
13738	-8.65310430961646
13739	-8.75600615389482
13740	-8.86037853476653
13741	-8.96611368280128
13742	-9.06775421510607
13743	-9.15937450308223
13744	-9.23915330947303
13745	-9.30828175029383
13746	-9.36694018424963
13747	-9.41380994335934
13748	-9.4488864020563
13749	-9.47353992478958
13750	-9.48829300362943
13751	-9.49552502961133
13752	-9.49876733338041
13753	-9.50102480650504
13754	-9.50742573572931
13755	-9.52424253025529
13756	-9.5561047326554
13757	-9.61162220622384
13758	-9.70073548267284
13759	-9.82802682867787
13760	-9.99401776899606
13761	-10.1997688288296
13762	-10.4468570337506
13763	-10.7299417189914
13764	-11.0431759847364
13765	-11.382970260541
13766	-11.744509952217
13767	-12.1213201441268
13768	-12.5073143300041
13769	-12.8989925818148
13770	-13.2899071322114
13771	-13.6745637644612
13772	-14.0479903986651
13773	-14.4065998039722
13774	-14.7485935944071
13775	-15.0716583788773
13776	-15.3763442846257
13777	-15.6632620540019
13778	-15.9323947887073
13779	-16.1858391092666
13780	-16.4263522978129
13781	-16.6553916600253
13782	-16.8738385983147
13783	-17.0802697454064
13784	-17.2742969436285
13785	-17.457595122267
13786	-17.630732457276
13787	-17.7945369278875
13788	-17.9497738403247
13789	-18.0962305375652
13790	-18.2344430798564
13791	-18.3663985053411
13792	-18.4925018558527
13793	-18.6114530694834
13794	-18.7212697717157
13795	-18.8206386240049
13796	-18.9080515951168
13797	-18.9782973631382
13798	-19.0266876831246
13799	-19.04758269738
13800	-19.0286854017701
13801	-18.9545595470691
13802	-18.8162055773807
13803	-18.6076290474585
13804	-18.3236695455188
13805	-17.9616654569156
13806	-17.5200083670073
13807	-16.9973555246627
13808	-16.3968312921831
13809	-15.7264462002803
13810	-14.9918610366142
13811	-14.2013988467022
13812	-13.3688431498672
13813	-12.508679590056
13814	-11.6332594518381
13815	-10.7536863196267
13816	-9.88363190745506
13817	-9.03897274147079
13818	-8.23026243936002
13819	-7.46327603980498
13820	-6.74437200559666
13821	-6.07558977208358
13822	-5.45620740517096
13823	-4.88614390172359
13824	-4.36147150501546
13825	-3.87720502545389
13826	-3.43243662172963
13827	-3.02564110581536
13828	-2.65040871704905
13829	-2.30233887913316
13830	-1.9800278688578
13831	-1.68156064279543
13832	-1.40471356253777
13833	-1.14496078876271
13834	-0.898766066026696
13835	-0.664744178027238
13836	-0.440665689439599
13837	-0.227130173083316
13838	-0.0246440140147682
13839	0.168146306243669
13840	0.352221559181213
13841	0.528898737942204
13842	0.698805973714788
13843	0.86080204046907
13844	1.01243470429642
13845	1.14807378580894
13846	1.25892487197204
13847	1.32982348972344
13848	1.34697072744311
13849	1.29861414976513
13850	1.18172738179316
13851	1.01018550771713
13852	0.800951912688698
13853	0.566640087078508
13854	0.317790304843691
13855	0.0619208468126997
13856	-0.195062018726329
13857	-0.449781122503238
13858	-0.700029129114246
13859	-0.946043604698864
13860	-1.18845059781059
13861	-1.42496039253363
13862	-1.65725078627977
13863	-1.88527815613405
13864	-2.10917300335797
13865	-2.33031904789195
13866	-2.54995870305398
13867	-2.77115851101555
13868	-2.99328190930244
13869	-3.21336862690873
13870	-3.43141598008549
13871	-3.64702377982166
13872	-3.85818461641586
13873	-4.06563617134927
13874	-4.27011275027574
13875	-4.46944953826834
13876	-4.66049268185764
13877	-4.84293565224496
13878	-5.01782307755122
13879	-5.18561918863369
13880	-5.34571248773329
13881	-5.49617211623811
13882	-5.63680342093179
13883	-5.76856241963964
13884	-5.89179673263393
13885	-6.00677644740556
13886	-6.11387843303691
13887	-6.21407663722682
13888	-6.30750704951311
13889	-6.3946357065869
13890	-6.47685089887296
13891	-6.55178555940258
13892	-6.61550764643167
13893	-6.66691351352989
13894	-6.70549595210205
13895	-6.73666092538752
13896	-6.76828697162315
13897	-6.80217295128528
13898	-6.83705533461862
13899	-6.87061564149625
13900	-6.90030295174726
13901	-6.92370272962103
13902	-6.94158929322361
13903	-6.95601631971777
13904	-6.96713233727939
13905	-6.97574636905789
13906	-6.9801470364898
13907	-6.97950659519787
13908	-6.97451633792711
13909	-6.96546051410948
13910	-6.95250507175995
13911	-6.93680236853477
13912	-6.92067630276665
13913	-6.9042772792823
13914	-6.88674006251876
13915	-6.86794915692649
13916	-6.84871086498528
13917	-6.82900361693047
13918	-6.80835570279337
13919	-6.78794880565586
13920	-6.76875872635437
13921	-6.74939826373129
13922	-6.72886258001317
13923	-6.7077585952575
13924	-6.68536650634368
13925	-6.66110065501672
13926	-6.63513352714045
13927	-6.60734713181144
13928	-6.57907325520815
13929	-6.55210912120071
13930	-6.52738840756079
13931	-6.5042731248387
13932	-6.48128107973794
13933	-6.45838650941976
13934	-6.43631317126759
13935	-6.41436902346526
13936	-6.39083985772857
13937	-6.36426411499899
13938	-6.33721463641116
13939	-6.31174653483739
13940	-6.28623483710059
13941	-6.25846189318611
13942	-6.22894332569922
13943	-6.19891029737882
13944	-6.16829260579986
13945	-6.13855963248763
13946	-6.11261529497446
13947	-6.09708462658965
13948	-6.09764656207785
13949	-6.11350857015465
13950	-6.14523794586743
13951	-6.19306342557638
13952	-6.25444318613958
13953	-6.32702461033799
13954	-6.40644553557412
13955	-6.4897404256053
13956	-6.57454293112242
13957	-6.65963057307036
13958	-6.74454788295557
13959	-6.82800471030854
13960	-6.90872362967205
13961	-6.98560786485776
13962	-7.05805124276844
13963	-7.12684258202712
13964	-7.19255386112036
13965	-7.25388174179657
13966	-7.31001330300242
13967	-7.36039002628416
13968	-7.40455765468339
13969	-7.44355309610532
13970	-7.47733164069331
13971	-7.50459078475061
13972	-7.52561173258656
13973	-7.54094241169204
13974	-7.55061897946597
13975	-7.55511803006771
13976	-7.55620684362216
13977	-7.55516383749279
13978	-7.5511507995893
13979	-7.54258123216046
13980	-7.52876068451466
13981	-7.5094668258027
13982	-7.48446699991365
13983	-7.45448973698122
13984	-7.41904758044995
13985	-7.37776250735514
13986	-7.33170649770692
13987	-7.28189995746825
13988	-7.22767276782595
13989	-7.16648844803034
13990	-7.09723717194212
13991	-7.02253834723932
13992	-6.94543292496702
13993	-6.86691433186651
13994	-6.78613035320438
13995	-6.70185161144865
13996	-6.61288111332258
13997	-6.51934261468174
13998	-6.42365373613344
13999	-6.32534701132192
14000	-6.22326657028334
14001	-6.11852773813505
14002	-6.0119349687916
14003	-5.90320526801266
14004	-5.79350477050003
14005	-5.68051996250726
14006	-5.562037809652
14007	-5.43477456290483
14008	-5.2955130427074
14009	-5.14229733702333
14010	-4.98209677653976
14011	-4.83632356019128
14012	-4.72869791525073
14013	-4.68088283044385
14014	-4.70647886706878
14015	-4.81262287332996
14016	-5.00416388338282
14017	-5.28364712398117
14018	-5.64905201066888
14019	-6.09105906007324
14020	-6.60016372163694
14021	-7.16578078985756
14022	-7.77378562243346
14023	-8.41532783392717
14024	-9.08155169133997
14025	-9.76116816921703
14026	-10.4436617546894
14027	-11.1164457438278
14028	-11.7701376798066
14029	-12.3979260401519
14030	-12.9920942419872
14031	-13.5470679578542
14032	-14.0607649760251
14033	-14.534252535088
14034	-14.967847647581
14035	-15.3636524135593
14036	-15.7251102713713
14037	-16.0523939182791
14038	-16.3476140107565
14039	-16.6139993393045
14040	-16.8540119108423
14041	-17.0686761039132
14042	-17.2584361832588
14043	-17.4261619421871
14044	-17.5745259800583
14045	-17.7055412283287
14046	-17.8201975744804
14047	-17.9187122301139
14048	-18.0025546462034
14049	-18.0692013314925
14050	-18.1082345375373
14051	-18.1047492681871
14052	-18.0433690941177
14053	-17.9157215542005
14054	-17.7201737708201
14055	-17.4548554588754
14056	-17.1188223956027
14057	-16.7136686653083
14058	-16.2488349969953
14059	-15.7381186428011
14060	-15.1762703150593
14061	-14.5655228475855
14062	-13.9172725724327
14063	-13.2291627334975
14064	-12.4979742507514
14065	-11.7242412369423
14066	-10.9118646506371
14067	-10.0668749097875
14068	-9.20380292639011
14069	-8.34000580366051
14070	-7.48825753305061
14071	-6.66453196569145
14072	-5.87967804558224
14073	-5.14230863098853
14074	-4.47838013889014
14075	-3.90271849905787
14076	-3.41453933334681
14077	-3.0234292351686
14078	-2.71907217008365
14079	-2.47363110250526
14080	-2.27859363971834
14081	-2.13031685449645
14082	-2.02056038135641
14083	-1.93560111629468
14084	-1.86482833815886
14085	-1.80263220669303
14086	-1.74546501493646
14087	-1.68916064780594
14088	-1.6325377288664
14089	-1.57536302357963
14090	-1.51693160116427
14091	-1.45672611553145
14092	-1.39292966153211
14093	-1.32435911779756
14094	-1.25061925295606
14095	-1.17353945200132
14096	-1.09455898552103
14097	-1.01416899869731
14098	-0.933909485066427
14099	-0.852551663528735
14100	-0.766700883380724
14101	-0.672722314154817
14102	-0.565286751537623
14103	-0.443822521564623
14104	-0.312539411963135
14105	-0.174552403891571
14106	-0.0356230039863719
14107	0.0840570635161443
14108	0.168776907090682
14109	0.231016784040018
14110	0.297726932406714
14111	0.378561812237799
14112	0.472993956040761
14113	0.574677974789772
14114	0.671384534495825
14115	0.761962115344114
14116	0.84854190666037
14117	0.932288174051712
14118	1.01699693139767
14119	1.10555860031934
14120	1.19081187800981
14121	1.26526813488564
14122	1.32849317768728
14123	1.37917442202469
14124	1.41481070056545
14125	1.43196699832119
14126	1.42879622631551
14127	1.40747999275023
14128	1.3687302229705
14129	1.31160614536604
14130	1.24038381719117
14131	1.1664799689193
14132	1.09583988824775
14133	1.03427435546128
14134	1.00078494231415
14135	1.00395984381011
14136	1.02930270116325
14137	1.05498861719115
14138	1.07904108610939
14139	1.12223696946863
14140	1.20780454981803
14141	1.33906106663477
14142	1.49677432155966
14143	1.66622191257141
14144	1.84416471790017
14145	2.03750910870625
14146	2.25138730283304
14147	2.48657217309029
14148	2.74638885368877
14149	3.03195090501773
14150	3.34407710445749
14151	3.67794259451541
14152	4.02769010624831
14153	4.3890878299082
14154	4.75629220118379
14155	5.12362827102325
14156	5.48766491960962
14157	5.84687863021148
14158	6.20110425286755
14159	6.54931162980885
14160	6.88856744708609
14161	7.2174924356497
14162	7.53538002722366
14163	7.84372366111772
14164	8.14056741626729
14165	8.42088042000607
14166	8.68110251758752
14167	8.91169518822979
14168	9.10259322232115
14169	9.25034921509107
14170	9.34846545139528
14171	9.38553788930748
14172	9.36206617444429
14173	9.28644669610738
14174	9.17063012476563
14175	9.02386923069131
14176	8.84640484700029
14177	8.64588564202485
14178	8.43115990262594
14179	8.2018780985716
14180	7.95555350610441
14181	7.69180916501126
14182	7.41339782666533
14183	7.12853602743784
14184	6.843177187748
14185	6.55984738143429
14186	6.27834300353113
14187	5.99587638414315
14188	5.71528494112374
14189	5.43332032999608
14190	5.14562535548097
14191	4.85207889386178
14192	4.56034078515755
14193	4.28136901088291
14194	4.01659454708313
14195	3.76943954980549
14196	3.54049047310267
14197	3.32680129238325
14198	3.12973531592302
14199	2.95250005944179
14200	2.79909940352166
14201	2.67233218156875
14202	2.57190314415442
14203	2.49283546237551
14204	2.43451196395784
14205	2.39225144420232
14206	2.35732614450858
14207	2.32746722195282
14208	2.30060299500216
14209	2.27469726004738
14210	2.24663916575801
14211	2.21405420967241
14212	2.17590742465285
14213	2.13410365276966
14214	2.09118887973254
14215	2.05027499010556
14216	2.01535560253942
14217	1.98835296684774
14218	1.97125412535493
14219	1.96650640411161
14220	1.97578818347095
14221	1.99902566191663
14222	2.03318541416147
14223	2.07977911156631
14224	2.13839365189898
14225	2.20912382954218
14226	2.29243498859649
14227	2.38757372348059
14228	2.49572405536978
14229	2.61321137729132
14230	2.74039169225825
14231	2.88006686539399
14232	3.0331307327493
14233	3.19837317613551
14234	3.37325008207558
14235	3.55874470131901
14236	3.75358040566911
14237	3.95831350796844
14238	4.17584182737575
14239	4.40502094699024
14240	4.6536402556623
14241	4.92667374007609
14242	5.20717177345301
14243	5.48840375050302
14244	5.77432141875715
14245	6.05446882030958
14246	6.31740826255728
14247	6.55957664938238
14248	6.76934735698305
14249	6.94187777833622
14250	7.08038029330915
14251	7.17722704044086
14252	7.22999350993359
14253	7.24452147228774
14254	7.2282833585055
14255	7.18786665302089
14256	7.12967462147765
14257	7.05832869161685
14258	6.97320006991025
14259	6.87432240449946
14260	6.76232503371005
14261	6.63725281210227
14262	6.50004131634172
14263	6.3530367841337
14264	6.19976009126331
14265	6.04254612473803
14266	5.88328764812317
14267	5.72348235423479
14268	5.56460130713235
14269	5.40850107975175
14270	5.26085339761459
14271	5.12926582629715
14272	5.02277536791904
14273	4.94845481650214
14274	4.91976497241581
14275	4.94438080290449
14276	5.02342285987609
14277	5.15720506649789
14278	5.33920056862885
14279	5.56407667833658
14280	5.82634980039351
14281	6.11978592046923
14282	6.43979811701923
14283	6.78275938132144
14284	7.14229185780201
14285	7.5130429572927
14286	7.88999151634389
14287	8.26760369506143
14288	8.64301521633638
14289	9.01294567401138
14290	9.37269703881982
14291	9.72085520819241
14292	10.0576514311383
14293	10.3826465705055
14294	10.6947990615634
14295	10.9935111978332
14296	11.2781781322655
14297	11.5463599289212
14298	11.7976628680686
14299	12.0337375136046
14300	12.2558819197963
14301	12.4653758773633
14302	12.6618479643423
14303	12.8457704104131
14304	13.0196302480426
14305	13.1834809001608
14306	13.3369969025361
14307	13.4822182998142
14308	13.621155242563
14309	13.7544250384444
14310	13.8824905454958
14311	14.0045536931111
14312	14.1202879913468
14313	14.2290544305591
14314	14.3300361180526
14315	14.4249400963592
14316	14.5171841155259
14317	14.6080646576215
14318	14.6962070977205
14319	14.7805554765344
14320	14.8622196119274
14321	14.9424694050364
14322	15.0203478326905
14323	15.0950473401002
14324	15.167482227328
14325	15.2388109982117
14326	15.3089962578719
14327	15.376637957731
14328	15.4401394405842
14329	15.4984795869885
14330	15.5527388215818
14331	15.6036228476392
14332	15.6505174252912
14333	15.6923130715273
14334	15.7251428112213
14335	15.7428752514545
14336	15.7421936175917
14337	15.7215671357647
14338	15.6773000845362
14339	15.6104488586342
14340	15.5262357163014
14341	15.4297863034787
14342	15.3257562777258
14343	15.2181085337894
14344	15.110035875461
14345	15.0022731820377
14346	14.8947756912349
14347	14.7886985737096
14348	14.6859749035932
14349	14.5869398414635
14350	14.4907598593333
14351	14.3975559882374
14352	14.3065691445529
14353	14.2181816936549
14354	14.1329208845616
14355	14.0493412407792
14356	13.9677873868841
14357	13.8876649268079
14358	13.8084864596635
14359	13.7313873477626
14360	13.655775801598
14361	13.5818517006447
14362	13.5106532262934
14363	13.4432314581218
14364	13.3785814279354
14365	13.3148280984807
14366	13.2522074481239
14367	13.1909460890979
14368	13.130958073307
14369	13.0727731362609
14370	13.0157815271821
14371	12.9586331120032
14372	12.9030040478164
14373	12.8510250511382
14374	12.8026156804978
14375	12.7571824687305
14376	12.7145754717303
14377	12.673828538697
14378	12.6340373901994
14379	12.5950121826119
14380	12.5581272948626
14381	12.5234195846337
14382	12.4906997361738
14383	12.4607333806279
14384	12.4327192246578
14385	12.4071690664899
14386	12.3848529516872
14387	12.3660814879533
14388	12.3506947007304
14389	12.3383757963919
14390	12.3293791837521
14391	12.3244271107394
14392	12.324826473182
14393	12.334870588235
14394	12.3585765650322
14395	12.3941772341642
14396	12.439725906232
14397	12.4975810203542
14398	12.5731177868717
14399	12.6718071607533
14400	12.7984805395748
14401	12.9537076100794
14402	13.1380316517193
14403	13.353436937077
14404	13.598683194241
14405	13.8710856428591
14406	14.1645274869884
14407	14.4739893199389
14408	14.7950521471663
14409	15.1239103235183
14410	15.4572454856111
14411	15.79096865311
14412	16.1207498374554
14413	16.4434635489672
14414	16.7574411546728
14415	17.0594084320079
14416	17.3483055767371
14417	17.6254747330717
14418	17.8889303752349
14419	18.1353527833416
14420	18.3665253569104
14421	18.5849073120067
14422	18.789734750512
14423	18.9808754631413
14424	19.1593610132658
14425	19.3256115043691
14426	19.4798889814882
14427	19.6226259649725
14428	19.7550358300917
14429	19.8767439604045
14430	19.9870027337212
14431	20.0870597009677
14432	20.1787591957383
14433	20.2628049748467
14434	20.340107774185
14435	20.4111252526597
14436	20.4744082159261
14437	20.5307377214348
14438	20.5818379132684
14439	20.6283721476015
14440	20.6727338482078
14441	20.714627649967
14442	20.7533239469506
14443	20.7913270195688
14444	20.8283574782453
14445	20.8622906984216
14446	20.8926838597085
14447	20.9197720960303
14448	20.9444470091309
14449	20.9671816884269
14450	20.9859608347683
14451	20.9995468485548
14452	21.0089571391761
14453	21.0148101297409
14454	21.0171376330242
14455	21.0143563097228
14456	21.0054199814226
14457	20.9872820929881
14458	20.9526589190887
14459	20.8946647305693
14460	20.8053486861726
14461	20.6783792558649
14462	20.5146210698213
14463	20.3177961710265
14464	20.0918442134251
14465	19.8388300382335
14466	19.5581039756336
14467	19.25170246454
14468	18.9245426041889
14469	18.5805671500352
14470	18.2218460138354
14471	17.8515136146119
14472	17.4725331602159
14473	17.0879301046763
14474	16.7015719220775
14475	16.3171223308576
14476	15.9377307948304
14477	15.5680381120079
14478	15.2123910209555
14479	14.8728437934962
14480	14.5500588317192
14481	14.2441502776381
14482	13.9560082707309
14483	13.6853468307097
14484	13.4318979119055
14485	13.1963577360754
14486	12.9758153391735
14487	12.7673326966022
14488	12.5709131646529
14489	12.386307528061
14490	12.2134886728249
14491	12.0519894763614
14492	11.9005197516616
14493	11.7573831231957
14494	11.6201739071637
14495	11.489162298333
14496	11.3654378337813
14497	11.2502763867631
14498	11.1442975670641
14499	11.0460929271387
14500	10.9560697981585
14501	10.8742562178651
14502	10.799308150747
14503	10.7302830318557
14504	10.6661962998515
14505	10.6061901191063
14506	10.5496728911254
14507	10.4984611918627
14508	10.4565040286628
14509	10.4263737306768
14510	10.4094140592734
14511	10.4064760513622
14512	10.4161829520735
14513	10.4350548943564
14514	10.4604579961103
14515	10.4891634286083
14516	10.5179863502723
14517	10.5460536501432
14518	10.5719619574511
14519	10.5939112178072
14520	10.6122672120953
14521	10.6272823986115
14522	10.6381195472875
14523	10.6435179673333
14524	10.6442846849573
14525	10.6414457313008
14526	10.6362630596489
14527	10.6303828397966
14528	10.6243472935639
14529	10.6189144305774
14530	10.6136030132126
14531	10.606618523644
14532	10.5990333616129
14533	10.5930803194121
14534	10.5891406486412
14535	10.587582392384
14536	10.5875115332248
14537	10.5881901893265
14538	10.5903168580665
14539	10.5948966806312
14540	10.6019368292367
14541	10.6102942324241
14542	10.6196396104804
14543	10.6292581049113
14544	10.6391068670823
14545	10.6500564865123
14546	10.6624067047451
14547	10.6764233144773
14548	10.6925126225297
14549	10.7114552237066
14550	10.7331358536386
14551	10.7565845291209
14552	10.7774319878128
14553	10.7903805262638
14554	10.7972153566457
14555	10.803620764142
14556	10.8140948400153
14557	10.8328077834107
14558	10.8636712556971
14559	10.9089937593819
14560	10.9690234501542
14561	11.0450687475096
14562	11.1384814569943
14563	11.2494932226746
14564	11.3759874769692
14565	11.5154364147905
14566	11.6666098169221
14567	11.8291966948248
14568	12.0041898992656
14569	12.1921490296814
14570	12.3905551992374
14571	12.5964517120309
14572	12.8075966428779
14573	13.0215274246081
14574	13.2365845755618
14575	13.449087675034
14576	13.6564713921927
14577	13.8585036470493
14578	14.0547639542378
14579	14.2454679197007
14580	14.4298833278158
14581	14.606629188818
14582	14.7754208566811
14583	14.9359967596115
14584	15.0881852418797
14585	15.2332701724015
14586	15.3708231973753
14587	15.4977665348612
14588	15.6132824089711
14589	15.7191599675617
14590	15.8171904152661
14591	15.9075597512983
14592	15.990392710416
14593	16.067162791014
14594	16.1410784062151
14595	16.2167384363141
14596	16.2939707426555
14597	16.3694488394427
14598	16.4414063149271
14599	16.506198433873
14600	16.5547300115793
14601	16.5803356616088
14602	16.57774302273
14603	16.5403836199916
14604	16.4660609153927
14605	16.3525862336387
14606	16.1966237942056
14607	15.9963741922023
14608	15.7549500218269
14609	15.4766987801099
14610	15.165548014097
14611	14.8319133964941
14612	14.4839101905881
14613	14.1222849341647
14614	13.7460222017822
14615	13.3546338543588
14616	12.952430248687
14617	12.5497499366954
14618	12.1599945598649
14619	11.7928152602263
14620	11.4518082914869
14621	11.1421854679592
14622	10.8668596400695
14623	10.6200041020849
14624	10.398033657837
14625	10.1974145907516
14626	10.0135221496496
14627	9.84580685461746
14628	9.69260349659405
14629	9.55099056364871
14630	9.41921511749682
14631	9.2979667660554
14632	9.18646183979608
14633	9.08268407190534
14634	8.98884884062116
14635	8.90609478918585
14636	8.83152387670094
14637	8.7627546445674
14638	8.69985125062255
14639	8.64313916208512
14640	8.5924691462309
14641	8.54956750242273
14642	8.51531396686349
14643	8.48973265035638
14644	8.47302009096272
14645	8.46752185648154
14646	8.47722676886221
14647	8.50522600686711
14648	8.55565294071151
14649	8.62951086290263
14650	8.72465072684148
14651	8.83718294857404
14652	8.96179297166832
14653	9.09299934145325
14654	9.22595976535583
14655	9.35788174845159
14656	9.48731667178904
14657	9.61315467517659
14658	9.73265279090895
14659	9.84508800487761
14660	9.95144977938343
14661	10.0518694708537
14662	10.14746196111
14663	10.2396599328601
14664	10.3273901970716
14665	10.4104028428014
14666	10.4899035908552
14667	10.566106966215
14668	10.6405496849526
14669	10.7142464044831
14670	10.7861927621951
14671	10.8554493361612
14672	10.9224438296144
14673	10.9883725126729
14674	11.053324382584
14675	11.1160643644569
14676	11.1776814200467
14677	11.2406091326718
14678	11.3036582259267
14679	11.3659986396484
14680	11.4270704249194
14681	11.4857071324813
14682	11.5429439462438
14683	11.5997629428836
14684	11.6561575512842
14685	11.7118556814795
14686	11.767012056356
14687	11.8219096548236
14688	11.8755643334493
14689	11.9267775390139
14690	11.9765023519047
14691	12.0264714687954
14692	12.0777709444505
14693	12.1298534816458
14694	12.1822210218412
14695	12.2339343379409
14696	12.2834195708169
14697	12.3301954592553
14698	12.3739796867629
14699	12.4157194568546
14700	12.4558783007359
14701	12.4949538547989
14702	12.5341691595309
14703	12.5733247495637
14704	12.6114556450538
14705	12.6494910063102
14706	12.6880751932639
14707	12.7252734101359
14708	12.7601718085235
14709	12.7936535644955
14710	12.8261215190696
14711	12.8578956756099
14712	12.8895111645946
14713	12.9192866480753
14714	12.9437181094778
14715	12.9574025504972
14716	12.9577533409163
14717	12.9499334327263
14718	12.9407090527134
14719	12.9370675739835
14720	12.9468011836867
14721	12.9741023103969
14722	13.0200893778728
14723	13.0840267909413
14724	13.1654497901205
14725	13.2648466843011
14726	13.3819027918075
14727	13.5140797224556
14728	13.6570842800834
14729	13.808615290505
14730	13.9670352745683
14731	14.1300536648877
14732	14.2941926772037
14733	14.4576475809051
14734	14.6200956872418
14735	14.7807668940857
14736	14.9379166645925
14737	15.0905024677097
14738	15.2380561317663
14739	15.380373770123
14740	15.5179823624139
14741	15.6517859224625
14742	15.7820630909659
14743	15.9080394990807
14744	16.028214450003
14745	16.1417706445263
14746	16.2484135907953
14747	16.3486109595455
14748	16.4438327240374
14749	16.5336909541464
14750	16.6190686593358
14751	16.7010716913239
14752	16.7794769684035
14753	16.8544745059173
14754	16.9251102254004
14755	16.9910959611898
14756	17.0534938523239
14757	17.1111974696822
14758	17.1635214393917
14759	17.212247881718
14760	17.2581376331617
14761	17.2997821761138
14762	17.3360370363524
14763	17.3689279526802
14764	17.400028023632
14765	17.4291181494876
14766	17.4561230299049
14767	17.4808830793248
14768	17.5027362560609
14769	17.5219407231185
14770	17.5382781863044
14771	17.5512299767522
14772	17.5623093811143
14773	17.5723286343124
14774	17.5810926367009
14775	17.5882731498183
14776	17.593559222062
14777	17.5967822681294
14778	17.5984797549865
14779	17.5999653526203
14780	17.6011299677021
14781	17.603243645635
14782	17.610175840668
14783	17.6260050966155
14784	17.651478103425
14785	17.6817303709953
14786	17.7098687021417
14787	17.7345029008963
14788	17.7571140760098
14789	17.7782672482632
14790	17.7983157848591
14791	17.8167777429326
14792	17.8330186262672
14793	17.8470568825478
14794	17.859161555549
14795	17.8702512785853
14796	17.8787741932492
14797	17.8822732406054
14798	17.8801917823467
14799	17.8709705593463
14800	17.855642850513
14801	17.836393029702
14802	17.8141884714257
14803	17.7885291870842
14804	17.7589760937805
14805	17.7274254037305
14806	17.6950930299868
14807	17.6624333225092
14808	17.6307268397615
14809	17.5999188208657
14810	17.5693794880162
14811	17.5401227036458
14812	17.5117686074903
14813	17.4823755878987
14814	17.4505532852421
14815	17.415945904644
14816	17.3792325290722
14817	17.3412744477083
14818	17.3019446386655
14819	17.2602301854368
14820	17.2170980373346
14821	17.174303188324
14822	17.1302691422807
14823	17.084221806829
14824	17.0389006628413
14825	16.9958472390625
14826	16.9549868914636
14827	16.9154658090445
14828	16.877298892296
14829	16.8407394970254
14830	16.8052564806385
14831	16.7708733597609
14832	16.7365232132348
14833	16.7023019287277
14834	16.6693545402271
14835	16.6386601056158
14836	16.6101570739764
14837	16.5824139095235
14838	16.5551675442012
14839	16.5280108974178
14840	16.5007126896585
14841	16.4728942402744
14842	16.4453910229239
14843	16.4179441509287
14844	16.3891703228278
14845	16.3602304679527
14846	16.33133851938
14847	16.3041051131282
14848	16.2781635719085
14849	16.2514047955657
14850	16.2237836697495
14851	16.1938426959595
14852	16.1556857362767
14853	16.1056473534214
14854	16.0470583536599
14855	15.9757167158085
14856	15.8802184961123
14857	15.7501692990783
14858	15.5773419570254
14859	15.3579975351575
14860	15.0915153479472
14861	14.778787972238
14862	14.4253518426323
14863	14.0364491742267
14864	13.6186221083438
14865	13.1806247658858
14866	12.7290615191292
14867	12.2724787195415
14868	11.8199907809914
14869	11.3771013478034
14870	10.9476044354306
14871	10.5347771245563
14872	10.1410959793482
14873	9.76852090899197
14874	9.41824147571126
14875	9.08916209436616
14876	8.78082872207171
14877	8.49299418885916
14878	8.22331312144215
14879	7.97062252041349
14880	7.73461728529023
14881	7.51557020062926
14882	7.31291498740189
14883	7.12326400956328
14884	6.9443714925996
14885	6.77635840091997
14886	6.61952879547073
14887	6.47229193629057
14888	6.33339311043199
14889	6.20182920444973
14890	6.07705925559553
14891	5.95966909866047
14892	5.84973383415999
14893	5.74592368431079
14894	5.64645735438144
14895	5.55066322178602
14896	5.45898385560485
14897	5.37261110736331
14898	5.29322072568825
14899	5.22020003873582
14900	5.15209786000148
14901	5.08851178685814
14902	5.0306598907517
14903	4.97978622965555
14904	4.93463151608953
14905	4.89454118839141
14906	4.86004948609364
14907	4.83234346231566
14908	4.81077436833228
14909	4.79371925449094
14910	4.78143838905274
14911	4.77472274722083
14912	4.77356838890096
14913	4.77790857817211
14914	4.78891905712873
14915	4.80961887820708
14916	4.84422475195548
14917	4.90117797663176
14918	4.99070046361471
14919	5.12298517977721
14920	5.30277648983467
14921	5.5272761574734
14922	5.79053712230841
14923	6.08616435873331
14924	6.40917827368534
14925	6.75503772592165
14926	7.12230020454425
14927	7.50697360882035
14928	7.90354967389408
14929	8.30911732167713
14930	8.71975394650729
14931	9.13205972654042
14932	9.54418742458856
14933	9.95284870463683
14934	10.3537500422135
14935	10.7437096324312
14936	11.1206512093438
14937	11.4837179396938
14938	11.8338758059245
14939	12.1699723624261
14940	12.4899670410822
14941	12.7944142119513
14942	13.0823891524803
14943	13.3535805933658
14944	13.6105601314613
14945	13.8529660171642
14946	14.0802419871542
14947	14.2933553008838
14948	14.4925171428819
14949	14.6789968243012
14950	14.8538556969044
14951	15.0176752265059
14952	15.1709457458927
14953	15.3150164294458
14954	15.4509012286761
14955	15.5788062780561
14956	15.6985594969651
14957	15.810113429465
14958	15.9152903768086
14959	16.0173811354486
14960	16.117638257674
14961	16.215000826522
14962	16.3106961589133
14963	16.4054237418784
14964	16.4974789677652
14965	16.5866075251447
14966	16.6719921945194
14967	16.7535660717406
14968	16.8335274172667
14969	16.9128469200966
14970	16.9908854079113
14971	17.0655406726045
14972	17.1348399017792
14973	17.1998393928411
14974	17.2619309526285
14975	17.322011729983
14976	17.3797548758476
14977	17.4297757184485
14978	17.463697435027
14979	17.4807919561872
14980	17.4820103639877
14981	17.4703992012269
14982	17.4554902816988
14983	17.4435665216897
14984	17.439505461999
14985	17.4473042059264
14986	17.4693120018396
14987	17.5077409650864
14988	17.5619305016793
14989	17.6300281336637
14990	17.7103789573561
14991	17.801414125556
14992	17.9028331620901
14993	18.0115240393477
14994	18.1249066976118
14995	18.240558583067
14996	18.3569184913202
14997	18.4744189384694
14998	18.5917424814056
14999	18.7079387155283
15000	18.8224739346698
15001	18.9345949486554
15002	19.043881231381
15003	19.1500989768159
15004	19.2519005096833
15005	19.3483096129035
15006	19.4387934009315
15007	19.5238886297875
15008	19.6041275392746
15009	19.6811876136458
15010	19.7577488221036
15011	19.8328606476868
15012	19.9045011638974
15013	19.9723768245887
15014	20.0366313481954
15015	20.0968185126684
15016	20.1527364027229
15017	20.2050942246175
15018	20.2542602928101
15019	20.3000607832795
15020	20.3432217799986
15021	20.3835630958518
15022	20.4191752759571
15023	20.449264934625
15024	20.4749066766465
15025	20.4974283688027
15026	20.5179128278551
15027	20.5382578324726
15028	20.5594870783358
15029	20.580839380583
15030	20.6017763816841
15031	20.6227367075723
15032	20.643550798926
15033	20.6628551203457
15034	20.6795469835388
15035	20.6938514370048
15036	20.7063594202783
15037	20.716207807049
15038	20.7229190179033
15039	20.7259921137145
15040	20.7244214578049
15041	20.7215523869819
15042	20.7188224780826
15043	20.7225551420669
15044	20.7369852652751
15045	20.7536280472193
15046	20.7647403347524
15047	20.7641489406782
15048	20.7473486992921
15049	20.7106762377116
15050	20.6500488855877
15051	20.5648191270768
15052	20.4558018604413
15053	20.3225512950419
15054	20.1637844621604
15055	19.9795324361532
15056	19.7719334053474
15057	19.5432926328684
15058	19.2939058933242
15059	19.025271435169
15060	18.7403677862617
15061	18.4427160784958
15062	18.136720358868
15063	17.8258710657708
15064	17.5129056128437
15065	17.1987991751587
15066	16.8853008987507
15067	16.5742500471954
15068	16.2682708286918
15069	15.9692257846343
15070	15.6782654444142
15071	15.3983166516992
15072	15.1321299675839
15073	14.8810600752311
15074	14.6447452751387
15075	14.4235395875676
15076	14.2197798673941
15077	14.0338282631123
15078	13.8638263446937
15079	13.7080685461621
15080	13.5646628186024
15081	13.433661313058
15082	13.3121877574442
15083	13.1976628461288
15084	13.0911312614728
15085	12.9912380534225
15086	12.8978485953085
15087	12.8107011074432
15088	12.7285013649285
15089	12.6518217911885
15090	12.5794599334201
15091	12.5109446544101
15092	12.446925057
15093	12.3873742603639
15094	12.3315708022708
15095	12.2769163492826
15096	12.2234017412888
15097	12.1718406789843
15098	12.1212694738665
15099	12.0710735308371
15100	12.0212406660028
15101	11.9718587625671
15102	11.922864039046
15103	11.8744533627282
15104	11.8266475671582
15105	11.7780185594622
15106	11.7266032145265
15107	11.6731231662289
15108	11.6195390097588
15109	11.5657593749306
15110	11.5127816222487
15111	11.4621266938887
15112	11.4103515445636
15113	11.3540327297708
15114	11.2978372198271
15115	11.246676470172
15116	11.197974010782
15117	11.1450687439664
15118	11.0817322136096
15119	11.0052286637186
15120	10.9146493836459
15121	10.8089951283128
15122	10.6873110722876
15123	10.5505428117938
15124	10.4023391075164
15125	10.2452529612012
15126	10.0810231108926
15127	9.9120007708982
15128	9.73915029489986
15129	9.56389686270951
15130	9.38882096110557
15131	9.21657565527483
15132	9.04895030500516
15133	8.8860305269345
15134	8.72846486168476
15135	8.5770851524291
15136	8.43161878909188
15137	8.29203562564587
15138	8.1588877505022
15139	8.03105646348003
15140	7.90711505481789
15141	7.7876338376859
15142	7.67280453999153
15143	7.56192906022877
15144	7.45366981696294
15145	7.34742065008602
15146	7.24408614904556
15147	7.1434776405114
15148	7.04499361122584
15149	6.94892847734974
15150	6.85568561206899
15151	6.76515738003891
15152	6.67681846279655
15153	6.59091776940911
15154	6.50870404989978
15155	6.4301445667137
15156	6.3546815036596
15157	6.28238994080692
15158	6.21276115464442
15159	6.14492284126921
15160	6.07892166226333
15161	6.01475864199908
15162	5.95331406166846
15163	5.89361406712408
15164	5.83579577596255
15165	5.78078116196238
15166	5.72812983560099
15167	5.67606967118842
15168	5.6209799870537
15169	5.56130129590892
15170	5.49781468412974
15171	5.43175132851777
15172	5.36277078896346
15173	5.29195071606892
15174	5.22004041568776
15175	5.14858477381114
15176	5.08060050513517
15177	5.01793926370342
15178	4.96359483077006
15179	4.92208790669342
15180	4.89782090760575
15181	4.89708371861825
15182	4.92453082725145
15183	4.97647948517452
15184	5.04472701392339
15185	5.12160875795665
15186	5.20088019596024
15187	5.27706595668881
15188	5.34577100827478
15189	5.40569303310607
15190	5.45746822804994
15191	5.50093319995408
15192	5.53581661814248
15193	5.56340006972384
15194	5.58555566816671
15195	5.60380899792046
15196	5.61683317855611
15197	5.62455109418949
15198	5.62873996201607
15199	5.63048328529804
15200	5.6309811006628
15201	5.62855323457896
15202	5.62219402416457
15203	5.61117385298461
15204	5.59635202003616
15205	5.57841467762243
15206	5.55782688931905
15207	5.53668733571642
15208	5.51480419776355
15209	5.49068366255022
15210	5.46252833737904
15211	5.43000418201694
15212	5.39411324757468
15213	5.35525200845992
15214	5.31331962247111
15215	5.2694803031669
15216	5.2256784058806
15217	5.18331519414346
15218	5.1416960808013
15219	5.10030859607002
15220	5.05975656599017
15221	5.02073967761888
15222	4.9820256006091
15223	4.94238186148285
15224	4.90377832935848
15225	4.86587343860623
15226	4.82730805912956
15227	4.78706295951698
15228	4.74354094944938
15229	4.69612472585887
15230	4.64484222370875
15231	4.59016476365951
15232	4.53328244256723
15233	4.47439928194117
15234	4.41362040715895
15235	4.35129907015407
15236	4.28765776978799
15237	4.22362900622131
15238	4.16039299035765
15239	4.09824095777934
15240	4.03654694085082
15241	3.97423370265372
15242	3.90969663865643
15243	3.84304571932958
15244	3.77249801280227
15245	3.69518186155457
15246	3.61012490402875
15247	3.52224543155753
15248	3.43795702442812
15249	3.3657203304935
15250	3.3223149578719
15251	3.32130352442266
15252	3.36972646207285
15253	3.47183445424657
15254	3.62837946401734
15255	3.84083527066582
15256	4.10776645462852
15257	4.425891246112
15258	4.79126826758167
15259	5.19710874059305
15260	5.63730852380622
15261	6.10363160678463
15262	6.58863046919693
15263	7.0844107121444
15264	7.58098607025342
15265	8.07340906262374
15266	8.55687281962221
15267	9.02522344120618
15268	9.47570426590418
15269	9.90517262440264
15270	10.309494184975
15271	10.6863508747616
15272	11.0353306822379
15273	11.355656238588
15274	11.6472566351144
15275	11.9115452201567
15276	12.1499663077677
15277	12.3631175103537
15278	12.5522756108919
15279	12.7202266146256
15280	12.8713045392947
15281	13.0066948761864
15282	13.1257947311453
15283	13.2290507439258
15284	13.3169189063758
15285	13.3911004823043
15286	13.4534915547323
15287	13.505574511265
15288	13.5492619985138
15289	13.5883666725078
15290	13.6209538197961
15291	13.6417248082505
15292	13.6484960474777
15293	13.6371834349537
15294	13.5988062118631
15295	13.5218489448849
15296	13.394360673958
15297	13.2050173771311
15298	12.9465751419166
15299	12.6131813922467
15300	12.2018315573028
15301	11.7108020296369
15302	11.1399812688128
15303	10.4948150601794
15304	9.78371379950483
15305	9.02052014704984
15306	8.21987553024925
15307	7.40923093238519
15308	6.61586904521045
15309	5.85336203366825
15310	5.12905405720002
15311	4.44550378966091
15312	3.80477293180011
15313	3.20197136811282
15314	2.62594975242199
15315	2.06914302848114
15316	1.53113934342212
15317	1.01069047282251
15318	0.504424681822369
15319	0.0114139099458263
15320	-0.470077952036163
15321	-0.941110032307002
15322	-1.39961016962092
15323	-1.84532695536576
15324	-2.27770033684697
15325	-2.69502129623184
15326	-3.09813888221977
15327	-3.48711288628242
15328	-3.86057111519505
15329	-4.21857935576548
15330	-4.56255874085392
15331	-4.89500593787027
15332	-5.21727709532096
15333	-5.52638158421927
15334	-5.81841139391364
15335	-6.08788498576049
15336	-6.31769865298619
15337	-6.50274553241305
15338	-6.6591691873174
15339	-6.80867328521702
15340	-6.97063372039591
15341	-7.15668550707654
15342	-7.37245689685981
15343	-7.6193701413554
15344	-7.89865556256975
15345	-8.19828663672101
15346	-8.49447926660962
15347	-8.7729872566417
15348	-9.03609794824969
15349	-9.28895932595045
15350	-9.52146233521807
15351	-9.71239112987742
15352	-9.85444809111626
15353	-9.96380620599542
15354	-10.0574377630281
15355	-10.1339645980996
15356	-10.1847381083783
15357	-10.2136349983587
15358	-10.2349026914757
15359	-10.2549347511519
15360	-10.2619352622682
15361	-10.2420381954084
15362	-10.1886379941287
15363	-10.1046299560094
15364	-9.99736440166786
15365	-9.87106893043141
15366	-9.7222242270717
15367	-9.55287780271868
15368	-9.36860517567484
15369	-9.17132244246834
15370	-8.96548729977475
15371	-8.75201556629418
15372	-8.52997377411783
15373	-8.2980934615383
15374	-8.05691723790727
15375	-7.81000990192099
15376	-7.55951015096032
15377	-7.30523447221396
15378	-7.04916131520741
15379	-6.79411555127436
15380	-6.54127408074239
15381	-6.29101818088788
15382	-6.04449551137532
15383	-5.80052628685275
15384	-5.55901149412978
15385	-5.32399992592354
15386	-5.09679887580799
15387	-4.87832864625564
15388	-4.67201861614028
15389	-4.47747579747669
15390	-4.29377862155486
15391	-4.12548414698319
15392	-3.97682822365337
15393	-3.84555733294982
15394	-3.73080825366659
15395	-3.63628206864115
15396	-3.56964632229783
15397	-3.53505829150107
15398	-3.52859474187115
15399	-3.54531777747505
15400	-3.58439942216982
15401	-3.6463624489346
15402	-3.731354433285
15403	-3.83938384332658
15404	-3.96910783070308
15405	-4.11838779105627
15406	-4.28545278568983
15407	-4.46977707484912
15408	-4.67041207736462
15409	-4.88553592840069
15410	-5.11245416348799
15411	-5.34713820720539
15412	-5.58701352733795
15413	-5.8318519241696
15414	-6.08052707647951
15415	-6.33069479682564
15416	-6.58073260179463
15417	-6.83000277343107
15418	-7.07660900472906
15419	-7.31883762511905
15420	-7.55627738434276
15421	-7.78714461906838
15422	-8.00838812199042
15423	-8.21992572751373
15424	-8.42251383831199
15425	-8.61538160574898
15426	-8.79942648153638
15427	-8.975490191846
15428	-9.14144820058398
15429	-9.29432479268132
15430	-9.43324450565363
15431	-9.55726565223113
15432	-9.66237617137831
15433	-9.74527477093734
15434	-9.80424375528248
15435	-9.83896571676137
15436	-9.84804571049576
15437	-9.83386807008778
15438	-9.79897605195515
15439	-9.743998218087
15440	-9.67236009392214
15441	-9.58613104957773
15442	-9.48878373865025
15443	-9.38459841350722
15444	-9.27487500134699
15445	-9.1606058131604
15446	-9.04250961409464
15447	-8.92066051978023
15448	-8.79604701328524
15449	-8.66807050714511
15450	-8.53605674875358
15451	-8.40248449769864
15452	-8.27002194205759
15453	-8.13866226869158
15454	-8.00779521688657
15455	-7.87851093934304
15456	-7.75206491764412
15457	-7.62904743022607
15458	-7.5078776665035
15459	-7.38833281547777
15460	-7.27233525492383
15461	-7.16128275446706
15462	-7.05510616466746
15463	-6.95433719726297
15464	-6.86140678160849
15465	-6.77732379447142
15466	-6.7022440993923
15467	-6.63578751848595
15468	-6.5762638508824
15469	-6.52114044270714
15470	-6.4700114189239
15471	-6.42282112699334
15472	-6.38143945577345
15473	-6.34876006000461
15474	-6.32469339873855
15475	-6.30656137494735
15476	-6.29076514771782
15477	-6.27648028303999
15478	-6.2641406579038
15479	-6.25292033375057
15480	-6.24394546766285
15481	-6.23968098971706
15482	-6.24236436765596
15483	-6.25412378818164
15484	-6.27408039554577
15485	-6.30058131908201
15486	-6.33400039488951
15487	-6.37569581420758
15488	-6.42750749034483
15489	-6.49098445179181
15490	-6.56525823576724
15491	-6.65282521269994
15492	-6.75649381294861
15493	-6.87665891815046
15494	-7.00701827105759
15495	-7.12654037817978
15496	-7.21268362897529
15497	-7.24467689061389
15498	-7.20382580452367
15499	-7.08011250964818
15500	-6.87022797906369
15501	-6.57729128394791
15502	-6.21063043601818
15503	-5.78263885697255
15504	-5.30343167752313
15505	-4.78245299181297
15506	-4.23390919189007
15507	-3.67079255340524
15508	-3.10414630624249
15509	-2.54680309716646
15510	-2.009184712282
15511	-1.49796545771263
15512	-1.0174754606834
15513	-0.569118270224098
15514	-0.151888177751589
15515	0.235048565064097
15516	0.591904849349735
15517	0.918068953059551
15518	1.21586194886691
15519	1.4891522784925
15520	1.73994088630499
15521	1.9693269487672
15522	2.17797492084052
15523	2.36954840582095
15524	2.54931804368568
15525	2.71622940947049
15526	2.8672843288432
15527	2.99793408149514
15528	3.09851719969603
15529	3.15725271838128
15530	3.16471402999481
15531	3.12025892815818
15532	3.03302019193173
15533	2.91193758916499
15534	2.75946951750718
15535	2.57582883616279
15536	2.36073859326385
15537	2.11443866629973
15538	1.83888552664941
15539	1.53614222284377
15540	1.20474259710492
15541	0.84205578111078
15542	0.446180309723708
15543	0.0201924236623479
15544	-0.433069349787094
15545	-0.910211771877491
15546	-1.40366082198322
15547	-1.90952876650691
15548	-2.4229958828575
15549	-2.93761632376191
15550	-3.44991415120863
15551	-3.95609895539101
15552	-4.45140870148674
15553	-4.933415969496
15554	-5.39929172376197
15555	-5.84547147356425
15556	-6.26991880163165
15557	-6.67176642273239
15558	-7.05302484923025
15559	-7.41612862961335
15560	-7.76090485270839
15561	-8.08446006316457
15562	-8.38474331905844
15563	-8.66219716327681
15564	-8.91780962361572
15565	-9.15325640606732
15566	-9.37161132793575
15567	-9.57539970357875
15568	-9.76656760204185
15569	-9.94850637297366
15570	-10.1213172387151
15571	-10.2844622744041
15572	-10.4401564812391
15573	-10.6049775046309
15574	-10.8014554511461
15575	-11.0457887993142
15576	-11.3471525158676
15577	-11.707778816396
15578	-12.1249905608033
15579	-12.587597990282
15580	-13.0851110876789
15581	-13.6102788471163
15582	-14.1536401203042
15583	-14.7037536056797
15584	-15.2504115264973
15585	-15.787292774733
15586	-16.3098248965021
15587	-16.8142306708107
15588	-17.298032595918
15589	-17.7596228109534
15590	-18.2003989480403
15591	-18.6206794134602
15592	-19.0160417962055
15593	-19.3866031834086
15594	-19.7387681217828
15595	-20.0740381258638
15596	-20.3881809874819
15597	-20.6765876488461
15598	-20.9339062282225
15599	-21.1645159906819
15600	-21.3784766842738
15601	-21.5830779756848
15602	-21.7846833944931
15603	-21.9877019038361
15604	-22.1945834827589
15605	-22.406679984058
15606	-22.6252335748781
15607	-22.8501699984574
15608	-23.0792592617791
15609	-23.3103511201192
15610	-23.542810540615
15611	-23.7741569777294
15612	-23.9998292094799
15613	-24.2132980878765
15614	-24.4041040038613
15615	-24.5598427854607
15616	-24.6683948724084
15617	-24.7293030350007
15618	-24.7463742471405
15619	-24.723238772197
15620	-24.6648414230569
15621	-24.5708090034275
15622	-24.4398986046768
15623	-24.2693322767063
15624	-24.0547314319997
15625	-23.7850560320179
15626	-23.4583272721923
15627	-23.0780496989081
15628	-22.6363373531021
15629	-22.1239805428094
15630	-21.533698020101
15631	-20.863182535358
15632	-20.1162834272893
15633	-19.299477438896
15634	-18.4236147752011
15635	-17.5025239599156
15636	-16.5509318284435
15637	-15.585732310327
15638	-14.6242555272705
15639	-13.6865545480567
15640	-12.7931035976223
15641	-11.9720235429622
15642	-11.2433749783834
15643	-10.61576164247
15644	-10.0968392024057
15645	-9.67909225225043
15646	-9.3467021160277
15647	-9.08482402341303
15648	-8.86220095315044
15649	-8.64503731286067
15650	-8.42813512447819
15651	-8.23459715777318
15652	-8.08041011171826
15653	-7.96667018860566
15654	-7.89607291319312
15655	-7.86935881718465
15656	-7.89164034638583
15657	-7.94940496786272
15658	-8.02892178608385
15659	-8.13881849444409
15660	-8.27943426950692
15661	-8.44888772010683
15662	-8.65254922661717
15663	-8.88982432388882
15664	-9.15748761958728
15665	-9.45528629907738
15666	-9.77294255578729
15667	-10.1098454745009
15668	-10.4708456708557
15669	-10.8422620466817
15670	-11.2212491127255
15671	-11.6120647964931
15672	-12.0134496886598
15673	-12.4129362373804
15674	-12.8038984343289
15675	-13.1892816165985
15676	-13.568784703842
15677	-13.9420924435692
15678	-14.3054299366552
15679	-14.6539746185395
15680	-14.9845496755173
15681	-15.2952654556265
15682	-15.583178084808
15683	-15.8553530745918
15684	-16.1211160245077
15685	-16.3859919880123
15686	-16.6531082098198
15687	-16.9219774592886
15688	-17.1917491824309
15689	-17.4628303857365
15690	-17.7338785421814
15691	-18.001589175697
15692	-18.2642906646839
15693	-18.5198934781865
15694	-18.7679272011685
15695	-19.009210606149
15696	-19.2418176850055
15697	-19.4648445227535
15698	-19.6787830001273
15699	-19.8793985577219
15700	-20.0558376445926
15701	-20.1983881233593
15702	-20.2988022678499
15703	-20.3589418424838
15704	-20.3830869571971
15705	-20.3716146259687
15706	-20.3298898335873
15707	-20.2608526705159
15708	-20.1634113020722
15709	-20.0446702299912
15710	-19.9137551930525
15711	-19.7640932499056
15712	-19.5851378172619
15713	-19.3704062514854
15714	-19.1110545042449
15715	-18.8070210515587
15716	-18.4800162006684
15717	-18.1494513337429
15718	-17.8132194506818
15719	-17.456106460265
15720	-17.0760454591897
15721	-16.701732080607
15722	-16.3496764626327
15723	-16.0104234482504
15724	-15.6725771028125
15725	-15.3273693518214
15726	-14.970865544212
15727	-14.6008540058604
15728	-14.2153676889969
15729	-13.8134857697194
15730	-13.4014996306243
15731	-12.9945360823305
15732	-12.6045304785475
15733	-12.2318475741611
15734	-11.8690109431438
15735	-11.51551179318
15736	-11.1860726031117
15737	-10.9006526537901
15738	-10.6663451446298
15739	-10.4783440611129
15740	-10.3277861189896
15741	-10.1944977159471
15742	-10.0576660310166
15743	-9.92089882580246
15744	-9.81155746715785
15745	-9.74398826373634
15746	-9.70487740724786
15747	-9.67659059269987
15748	-9.64473722373939
15749	-9.59912467503438
15750	-9.54295969094963
15751	-9.48917121764371
15752	-9.44218686734029
15753	-9.39407078274953
15754	-9.33601061863399
15755	-9.27137511848103
15756	-9.2124985452381
15757	-9.17114878792716
15758	-9.15373066996298
15759	-9.15848141546388
15760	-9.18194444235292
15761	-9.22787054282803
15762	-9.29514510885724
15763	-9.37282600966497
15764	-9.45081405303533
15765	-9.52727046993516
15766	-9.61099642772304
15767	-9.706534788344
15768	-9.8146975422358
15769	-9.94351234835421
15770	-10.0956732755131
15771	-10.2792343777853
15772	-10.5072481346327
15773	-10.781962238043
15774	-11.1039125405331
15775	-11.4761835357415
15776	-11.8992771636755
15777	-12.3698226608759
15778	-12.8824409391116
15779	-13.4286838177888
15780	-13.9997501940215
15781	-14.5873262043551
15782	-15.1831113441183
15783	-15.7776384352641
15784	-16.3630958243829
15785	-16.9341344170291
15786	-17.4856538542948
15787	-18.0125670486485
15788	-18.5091207082237
15789	-18.9710232263031
15790	-19.3977242162842
15791	-19.7923396162938
15792	-20.157634202673
15793	-20.4953638468754
15794	-20.805269180692
15795	-21.0832942176624
15796	-21.3264029373421
15797	-21.5345609949544
15798	-21.7068381333726
15799	-21.838257910504
15800	-21.9338223273262
15801	-21.998088559227
15802	-22.0312838530969
15803	-22.0370966428649
15804	-22.0164798214762
15805	-21.9705859185437
15806	-21.9037821572905
15807	-21.8197800582752
15808	-21.7233695235068
15809	-21.6185304139939
15810	-21.5054824700283
15811	-21.3859038780534
15812	-21.2611377782452
15813	-21.1330645376579
15814	-21.0019860083175
15815	-20.8678143331088
15816	-20.7313668046104
15817	-20.593960614955
15818	-20.4565361066587
15819	-20.3177462750944
15820	-20.1768650096667
15821	-20.0351815965878
15822	-19.8936004107301
15823	-19.7521152809227
15824	-19.6099859610432
15825	-19.4678374148627
15826	-19.3259275392061
15827	-19.1838324654172
15828	-19.0429236055031
15829	-18.9030939468271
15830	-18.7645768838223
15831	-18.6277869427695
15832	-18.4930206271084
15833	-18.3607531088057
15834	-18.2318736080493
15835	-18.1064629344334
15836	-17.9841308264567
15837	-17.8659968159182
15838	-17.7538533950774
15839	-17.6475053135173
15840	-17.5452600291413
15841	-17.4466984392286
15842	-17.3520525567629
15843	-17.262389940358
15844	-17.1783737998949
15845	-17.1002954520388
15846	-17.0279503902054
15847	-16.9621615419479
15848	-16.904670649755
15849	-16.8549397268248
15850	-16.8115660545046
15851	-16.7733096998783
15852	-16.7382279240079
15853	-16.7075625427962
15854	-16.6831315216781
15855	-16.6649170941997
15856	-16.6533188389987
15857	-16.6484224719951
15858	-16.6516660431574
15859	-16.6637777653921
15860	-16.6847048731585
15861	-16.7166157306336
15862	-16.7617617381289
15863	-16.8233043976912
15864	-16.9028759493077
15865	-16.9966599713756
15866	-17.1020309729272
15867	-17.2264644802797
15868	-17.3776784050057
15869	-17.5578516711145
15870	-17.7694782549445
15871	-18.0133045500757
15872	-18.2865864847111
15873	-18.5864267902058
15874	-18.9100881175414
15875	-19.2539893093861
15876	-19.6120383641464
15877	-19.9766914418359
15878	-20.3430777975879
15879	-20.7065530937559
15880	-21.0628018096962
15881	-21.4071493262597
15882	-21.735820268363
15883	-22.0492895268864
15884	-22.3474448610839
15885	-22.6295601891907
15886	-22.8947765147626
15887	-23.1417797438021
15888	-23.3706497267001
15889	-23.5818202767917
15890	-23.7752633276097
15891	-23.951544689916
15892	-24.1129676036946
15893	-24.2611504561653
15894	-24.3971820262804
15895	-24.5225108893282
15896	-24.6385315113788
15897	-24.7463212896088
15898	-24.8458081970962
15899	-24.9358825912335
15900	-25.0173901145046
15901	-25.092369575169
15902	-25.1612560139795
15903	-25.2233352883152
15904	-25.278477332189
15905	-25.3287216218626
15906	-25.3758477638144
15907	-25.4204647912572
15908	-25.4611894386064
15909	-25.4962694063448
15910	-25.5254131409506
15911	-25.5492497296097
15912	-25.5681325425893
15913	-25.5825655734819
15914	-25.5929405630293
15915	-25.5963606900844
15916	-25.5931443687977
15917	-25.5840234053917
15918	-25.5652684781244
15919	-25.5328806166778
15920	-25.4817035304756
15921	-25.4055948166835
15922	-25.2972982095799
15923	-25.1442420942457
15924	-24.9352478287116
15925	-24.6631004462848
15926	-24.3220880309551
15927	-23.9105176509762
15928	-23.4298593051906
15929	-22.8840685957402
15930	-22.2794533477272
15931	-21.6254161126193
15932	-20.93160122861
15933	-20.2076050861794
15934	-19.4658640737873
15935	-18.7204685868107
15936	-17.9842789711963
15937	-17.2654918727155
15938	-16.5696726091536
15939	-15.9016702068787
15940	-15.2669546150836
15941	-14.6706074666947
15942	-14.1121651480583
15943	-13.5911839654093
15944	-13.108545994884
15945	-12.660311421115
15946	-12.2448723537248
15947	-11.8624675063784
15948	-11.5091080759542
15949	-11.1815837929345
15950	-10.8774836795415
15951	-10.5945031681467
15952	-10.3309261263372
15953	-10.0853004020065
15954	-9.85678550683264
15955	-9.64315839443766
15956	-9.44296483561111
15957	-9.2548554860575
15958	-9.07654964269406
15959	-8.90661144108018
15960	-8.74492658749834
15961	-8.59079806842985
15962	-8.44284118556703
15963	-8.30160221420221
15964	-8.16709590173307
15965	-8.03973623079167
15966	-7.92020005332243
15967	-7.80854638710597
15968	-7.70373737458116
15969	-7.60540911912774
15970	-7.51487606503192
15971	-7.43135853102846
15972	-7.35518296054247
15973	-7.28787754832087
15974	-7.22964364419345
15975	-7.17808611654103
15976	-7.13298002415027
15977	-7.09847134528912
15978	-7.07536649859095
15979	-7.06388925723668
15980	-7.06724526201125
15981	-7.09578682931457
15982	-7.16307041629771
15983	-7.28094876466214
15984	-7.46205698667954
15985	-7.71224251972803
15986	-8.03248026709019
15987	-8.42337768995286
15988	-8.88607813738771
15989	-9.41996672401824
15990	-10.0194324557413
15991	-10.6763085189453
15992	-11.383411854321
15993	-12.1294363783165
15994	-12.8970307386676
15995	-13.6724271555771
15996	-14.4463290534389
15997	-15.2073747022028
15998	-15.9427932302133
15999	-16.6446748347179
16000	-17.3064321313602
16001	-17.9239808781072
16002	-18.4994535677637
16003	-19.0334121258831
16004	-19.5268772888895
16005	-19.9830787339725
16006	-20.4038356914182
16007	-20.7933539874146
16008	-21.1559787679449
16009	-21.493898610402
16010	-21.8103513258663
16011	-22.1096791741203
16012	-22.3927109171539
16013	-22.6589279025555
16014	-22.9110515927267
16015	-23.1520706060761
16016	-23.3837469436967
16017	-23.6065871566579
16018	-23.8204270404541
16019	-24.0267681346036
16020	-24.2264564366009
16021	-24.420691093647
16022	-24.6100409667361
16023	-24.7938961964518
16024	-24.9731293228709
16025	-25.146663154664
16026	-25.3139024418896
16027	-25.4772084313564
16028	-25.6373617159384
16029	-25.7940414766591
16030	-25.9477186153399
16031	-26.095636420691
16032	-26.2358193416451
16033	-26.3632072096619
16034	-26.4691423078044
16035	-26.5452931933351
16036	-26.5785111593894
16037	-26.5538543194822
16038	-26.4613768305404
16039	-26.2951934437175
16040	-26.0505603680835
16041	-25.7246601024372
16042	-25.3159600289483
16043	-24.8222981165074
16044	-24.2451432712015
16045	-23.5890093958639
16046	-22.8579552812534
16047	-22.0622177620641
16048	-21.2155990231391
16049	-20.329635594833
16050	-19.41610443812
16051	-18.4869607964503
16052	-17.5560413387392
16053	-16.6383644605731
16054	-15.7490413210463
16055	-14.8992745147165
16056	-14.0954439789846
16057	-13.3420186024808
16058	-12.641549265762
16059	-11.9971470251498
16060	-11.4074556043821
16061	-10.8667257388231
16062	-10.3753985070621
16063	-9.92984057706445
16064	-9.52194190892598
16065	-9.14967004689991
16066	-8.8171969206173
16067	-8.52930034065372
16068	-8.29349833153804
16069	-8.11163580061007
16070	-7.97640291872484
16071	-7.88233006956505
16072	-7.82158787751897
16073	-7.77910731050665
16074	-7.74174442445194
16075	-7.70241160774201
16076	-7.65518394317429
16077	-7.59463118141369
16078	-7.52005120287175
16079	-7.43297641077682
16080	-7.33533127715588
16081	-7.22957718275173
16082	-7.11787565831505
16083	-7.00177572096999
16084	-6.88162487494789
16085	-6.75696541645056
16086	-6.62901222139553
16087	-6.50484226017175
16088	-6.39471923136979
16089	-6.31635297697857
16090	-6.28791707420323
16091	-6.32389576173703
16092	-6.44172037520935
16093	-6.65506952231104
16094	-6.96947189961837
16095	-7.38317499447778
16096	-7.89312025324445
16097	-8.49625643623598
16098	-9.18980070567857
16099	-9.96507629973297
16100	-10.8059673213756
16101	-11.6988901205293
16102	-12.6280461866251
16103	-13.5732767133244
16104	-14.5133787934521
16105	-15.4308561781025
16106	-16.3137616515465
16107	-17.1541001256988
16108	-17.9456713353692
16109	-18.6824187171114
16110	-19.3647644531819
16111	-19.9934173830687
16112	-20.5714977389041
16113	-21.1039445751608
16114	-21.5947815619953
16115	-22.0487486722653
16116	-22.4695180980788
16117	-22.8616682114621
16118	-23.2297336102238
16119	-23.5753820775341
16120	-23.9016046771734
16121	-24.2129202947158
16122	-24.5121588126289
16123	-24.8009500389939
16124	-25.0772570522147
16125	-25.339603342009
16126	-25.5906855419442
16127	-25.8329163183749
16128	-26.0677309311294
16129	-26.2971983685828
16130	-26.5174010226259
16131	-26.7214343919276
16132	-26.9006502272621
16133	-27.0399099808082
16134	-27.1270651614383
16135	-27.1676121390624
16136	-27.1664488534804
16137	-27.1228237299218
16138	-27.0430574747827
16139	-26.9389761923267
16140	-26.8168590648982
16141	-26.6693894561904
16142	-26.4923060739162
16143	-26.2909996577962
16144	-26.067114796556
16145	-25.8167252420207
16146	-25.5437081725022
16147	-25.2619018451355
16148	-24.9800040496918
16149	-24.6948640126825
16150	-24.4101787871319
16151	-24.1317324427374
16152	-23.8601301557717
16153	-23.6089526713691
16154	-23.3828725866188
16155	-23.1701866137129
16156	-22.954220339961
16157	-22.7254943103043
16158	-22.4802175417459
16159	-22.2218569400111
16160	-21.9555087547444
16161	-21.6732843949525
16162	-21.3846184417728
16163	-21.1061567451229
16164	-20.8479582754636
16165	-20.6204862584392
16166	-20.4240159263908
16167	-20.2412746336897
16168	-20.0608582332528
16169	-19.8764677629534
16170	-19.6784172499706
16171	-19.4591428685682
16172	-19.2095309280608
16173	-18.925535078118
16174	-18.6077661142751
16175	-18.2590956903878
16176	-17.8833094979721
16177	-17.4852057822321
16178	-17.0701036040149
16179	-16.6449731301407
16180	-16.2191252242296
16181	-15.7997557134853
16182	-15.391385915607
16183	-15.0011978325747
16184	-14.6333395793511
16185	-14.2909748801343
16186	-13.9870242175753
16187	-13.7295498426648
16188	-13.5141469709751
16189	-13.3398300003882
16190	-13.1975132667318
16191	-13.0759769941233
16192	-12.9667950340397
16193	-12.8570547861752
16194	-12.7376339401121
16195	-12.6004680860773
16196	-12.4418038360666
16197	-12.2613104352109
16198	-12.0632288137667
16199	-11.8536616251833
16200	-11.6378942510785
16201	-11.4282371574857
16202	-11.2431690262863
16203	-11.0967758415384
16204	-11.0065208616874
16205	-10.994384267851
16206	-11.0585046001746
16207	-11.1859097590775
16208	-11.3545868669203
16209	-11.5428261501762
16210	-11.7451502944962
16211	-11.9575951869603
16212	-12.1908491607077
16213	-12.443803433484
16214	-12.6932730284919
16215	-12.9249685325813
16216	-13.1233949478783
16217	-13.2706152506756
16218	-13.3571642504404
16219	-13.3782696452611
16220	-13.3316407922532
16221	-13.2203885069455
16222	-13.0509194438482
16223	-12.8281312612216
16224	-12.5591140243288
16225	-12.2532696118067
16226	-11.9194671678112
16227	-11.5658279900557
16228	-11.2004153903138
16229	-10.8315849748312
16230	-10.4654394667337
16231	-10.1081361516796
16232	-9.76017747516872
16233	-9.41789743850186
16234	-9.08329948907885
16235	-8.76199916479951
16236	-8.46949972581549
16237	-8.2235049467829
16238	-8.03458972573418
16239	-7.8976221598727
16240	-7.79251668619605
16241	-7.70488361545688
16242	-7.63249438308724
16243	-7.57446105764664
16244	-7.53153948025697
16245	-7.50506980775978
16246	-7.48838336349796
16247	-7.47127620013344
16248	-7.44779121013784
16249	-7.41873400255739
16250	-7.39306544031557
16251	-7.38853122578071
16252	-7.41793107949853
16253	-7.4818067415924
16254	-7.57359361469045
16255	-7.69004765515839
16256	-7.83865972297453
16257	-8.0227989427763
16258	-8.23925109899261
16259	-8.49192177642943
16260	-8.78530579553147
16261	-9.10397815513294
16262	-9.43242708097265
16263	-9.78226787069587
16264	-10.1519309140846
16265	-10.5247214164518
16266	-10.8958645595619
16267	-11.2618136010176
16268	-11.6194295429782
16269	-11.9680116924001
16270	-12.3120142887566
16271	-12.6557014190499
16272	-12.9918140436937
16273	-13.3043493057724
16274	-13.5742722506108
16275	-13.7894979439634
16276	-13.9476415745191
16277	-14.0463670118184
16278	-14.0834734898322
16279	-14.0609601393773
16280	-13.9812443411204
16281	-13.8482069342348
16282	-13.6674855956447
16283	-13.4432068266495
16284	-13.1792896460418
16285	-12.8785957794983
16286	-12.5449491662018
16287	-12.1837587411405
16288	-11.799328934865
16289	-11.3939320209999
16290	-10.981639259565
16291	-10.5948334776384
16292	-10.2535929631047
16293	-9.95761490067692
16294	-9.70429451615862
16295	-9.48478078727996
16296	-9.29648794890266
16297	-9.14637905674166
16298	-9.03301387979096
16299	-8.95304013016872
16300	-8.905281522491
16301	-8.88201007069651
16302	-8.87819952687358
16303	-8.89349283303962
16304	-8.92386536998123
16305	-8.97709796394951
16306	-9.06300514472545
16307	-9.17530645699501
16308	-9.3062071575133
16309	-9.45782762547899
16310	-9.63913949451286
16311	-9.85321897175298
16312	-10.0925552835043
16313	-10.3500239988463
16314	-10.6229845114552
16315	-10.9169146421859
16316	-11.2345840199192
16317	-11.5684681300029
16318	-11.9050484814126
16319	-12.2302441007067
16320	-12.5300030422145
16321	-12.7908950956253
16322	-13.0046882639185
16323	-13.1671884110404
16324	-13.2763470571153
16325	-13.3319282962894
16326	-13.3337112287194
16327	-13.2842806215607
16328	-13.1876977003732
16329	-13.0469718039864
16330	-12.866806751599
16331	-12.6514739059074
16332	-12.4043771488994
16333	-12.1289233405164
16334	-11.8299980063111
16335	-11.5146428379919
16336	-11.1924683811529
16337	-10.8792777811163
16338	-10.594961828347
16339	-10.3588419929992
16340	-10.1919370330359
16341	-10.1024021871111
16342	-10.071952340226
16343	-10.0753421506708
16344	-10.0949554798513
16345	-10.1127462807948
16346	-10.1105168855908
16347	-10.0751898989932
16348	-10.0018619063086
16349	-9.89711839261174
16350	-9.77445984696402
16351	-9.6504670903887
16352	-9.53879283318966
16353	-9.44154651997732
16354	-9.35351543147099
16355	-9.26421363536274
16356	-9.17046505154914
16357	-9.08500827955818
16358	-9.01709592951307
16359	-8.96897049123821
16360	-8.95053006180377
16361	-8.97634448387534
16362	-9.05778730182726
16363	-9.19974289125913
16364	-9.40301883105873
16365	-9.67409038995058
16366	-10.0196720737487
16367	-10.440064021597
16368	-10.9291924492422
16369	-11.478053184941
16370	-12.078643021357
16371	-12.7211390600796
16372	-13.3955295564195
16373	-14.0913659149697
16374	-14.7955052052604
16375	-15.5003354476921
16376	-16.2044201309311
16377	-16.8970361587854
16378	-17.55602824054
16379	-18.1609843604517
16380	-18.7037701622882
16381	-19.1798145050304
16382	-19.5935868546967
16383	-19.9623236509242
16384	-20.3031593901063
16385	-20.6284560178142
16386	-20.9400528004937
16387	-21.2354833657231
16388	-21.5126407282795
16389	-21.7672988978502
16390	-21.9855273236039
16391	-22.1681674830604
16392	-22.3316248831973
16393	-22.4769288463444
16394	-22.6014796436309
16395	-22.7122916041381
16396	-22.8188030843773
16397	-22.9196030239344
16398	-23.007184405285
16399	-23.0728058069141
16400	-23.1118874876202
16401	-23.127804528633
16402	-23.1236497291824
16403	-23.1004666414653
16404	-23.0639594785116
16405	-23.0204033306659
16406	-22.9665865080514
16407	-22.8982808870009
16408	-22.8174465375085
16409	-22.7190301249916
16410	-22.5977345397394
16411	-22.4552379668096
16412	-22.2987302094229
16413	-22.1318956221975
16414	-21.9623939726473
16415	-21.8038730378744
16416	-21.6652839043714
16417	-21.5554788331545
16418	-21.4761921248608
16419	-21.4295242408212
16420	-21.4200978362394
16421	-21.4513886973824
16422	-21.5222858240044
16423	-21.6273246179917
16424	-21.7677679523537
16425	-21.9415590179088
16426	-22.1351276009816
16427	-22.3303235820761
16428	-22.5058350427615
16429	-22.6530660363848
16430	-22.769151042433
16431	-22.8504537812676
16432	-22.9002211470203
16433	-22.919801807524
16434	-22.9094400452717
16435	-22.8749059519355
16436	-22.8164250279997
16437	-22.7304749544902
16438	-22.6186357142362
16439	-22.4825247051358
16440	-22.3250088165774
16441	-22.1471456236044
16442	-21.9477442392979
16443	-21.7263761278681
16444	-21.483137724225
16445	-21.2194448387802
16446	-20.9388582802637
16447	-20.6414159284784
16448	-20.3246770452067
16449	-19.9946220721602
16450	-19.6593192189788
16451	-19.3213340683258
16452	-18.9832145506201
16453	-18.6548489097404
16454	-18.3332454868054
16455	-18.00453833012
16456	-17.665213650023
16457	-17.3303414714359
16458	-17.0081383653726
16459	-16.6985418758525
16460	-16.4172111248043
16461	-16.1732097082895
16462	-15.9692806141478
16463	-15.8147498146021
16464	-15.7179707942301
16465	-15.6827761670824
16466	-15.7081957130282
16467	-15.7901323242556
16468	-15.9273409020046
16469	-16.1158500094971
16470	-16.3515275325106
16471	-16.6335396329015
16472	-16.95913186546
16473	-17.3256711936248
16474	-17.728702910384
16475	-18.1626068829874
16476	-18.6226551996588
16477	-19.1033080805917
16478	-19.5990422434829
16479	-20.1031133432446
16480	-20.6003551758894
16481	-21.0687482997288
16482	-21.4807058449776
16483	-21.8221073753112
16484	-22.0927119959694
16485	-22.2998092477002
16486	-22.4644513068648
16487	-22.6037261483782
16488	-22.7272332726332
16489	-22.8336054983307
16490	-22.9139778072477
16491	-22.9696529467929
16492	-23.0152815426973
16493	-23.0669308602424
16494	-23.1338940618528
16495	-23.2195168757476
16496	-23.3225156682055
16497	-23.441142128449
16498	-23.5742701255082
16499	-23.715812111114
16500	-23.8600401083727
16501	-24.0013783100095
16502	-24.1338494115184
16503	-24.2564310625349
16504	-24.3671076447182
16505	-24.4587047172238
16506	-24.5225464945461
16507	-24.5576876473202
16508	-24.5708125823829
16509	-24.5717704716831
16510	-24.568633398404
16511	-24.5637005591572
16512	-24.5571320606077
16513	-24.5467883682653
16514	-24.530399236908
16515	-24.5028145209622
16516	-24.4564617117425
16517	-24.3880622112256
16518	-24.2965126754771
16519	-24.1848127355822
16520	-24.0533729883778
16521	-23.8957392580641
16522	-23.7069505223555
16523	-23.4889738043785
16524	-23.2422139285109
16525	-22.9662554207595
16526	-22.6585358080396
16527	-22.3140321960306
16528	-21.9388717760838
16529	-21.5373878621925
16530	-21.1023309120646
16531	-20.6253410465712
16532	-20.1187815489799
16533	-19.6064508757568
16534	-19.1028207501161
16535	-18.6194402753287
16536	-18.1675818004225
16537	-17.7506728924169
16538	-17.3689796496044
16539	-17.0213921737602
16540	-16.7064047352042
16541	-16.4195406101025
16542	-16.1565227451948
16543	-15.9156325275704
16544	-15.6928488653436
16545	-15.4862792608343
16546	-15.2944144655211
16547	-15.116284275013
16548	-14.9503302575885
16549	-14.7935376731096
16550	-14.6438080241054
16551	-14.500281937042
16552	-14.3619222763086
16553	-14.2269917955269
16554	-14.0954554244379
16555	-13.9681931107519
16556	-13.8473906682343
16557	-13.736142011099
16558	-13.6330929009081
16559	-13.527891226127
16560	-13.4101416942967
16561	-13.2684888195604
16562	-13.0895298713545
16563	-12.8659443005259
16564	-12.5937574032327
16565	-12.270152623549
16566	-11.8967707300526
16567	-11.478569278948
16568	-11.0214261758621
16569	-10.5356593164305
16570	-10.0297551572899
16571	-9.50925266426869
16572	-8.98079340440319
16573	-8.45162111328149
16574	-7.93062699510368
16575	-7.42200560242202
16576	-6.92738618918678
16577	-6.44907975756163
16578	-5.98766788257372
16579	-5.5426710954908
16580	-5.11315296046283
16581	-4.69988368646338
16582	-4.30130921743366
16583	-3.9145309080543
16584	-3.54071557717756
16585	-3.17870725149652
16586	-2.82591384449867
16587	-2.48123802745382
16588	-2.14332583033617
16589	-1.81156529460903
16590	-1.48554818345741
16591	-1.1642186022496
16592	-0.84753118710076
16593	-0.536907704282276
16594	-0.232330309890022
16595	0.0683387488923051
16596	0.366598016991385
16597	0.663770305459379
16598	0.960148324923625
16599	1.2538926281263
16600	1.54433403815364
16601	1.83177473116655
16602	2.11648749447383
16603	2.39849334707066
16604	2.67942012454092
16605	2.96557340661387
16606	3.26207031838528
16607	3.56082206340377
16608	3.85297441891163
16609	4.13785351219395
16610	4.39592939035183
16611	4.60907415414485
16612	4.76977831198389
16613	4.87707844324742
16614	4.96379949875535
16615	5.05474434869734
16616	5.14897420292287
16617	5.23523490594732
16618	5.29335510341334
16619	5.31768111652654
16620	5.32931348751561
16621	5.34732430690312
16622	5.36911581476225
16623	5.38567906832305
16624	5.39412164952824
16625	5.40544602332442
16626	5.42518953166388
16627	5.44533157292066
16628	5.453717162049
16629	5.43797091631947
16630	5.39868737497178
16631	5.35284648514391
16632	5.31288091138589
16633	5.27694718114068
16634	5.23536231792426
16635	5.18146094936937
16636	5.12379920345813
16637	5.07699767700344
16638	5.04366144535362
16639	5.01948129355702
16640	5.00360824843139
16641	4.99539776762578
16642	4.995749683505
16643	5.00264780311143
16644	5.0114452963914
16645	5.01564339058162
16646	5.00666781900805
16647	4.98413210614307
16648	4.95562392624163
16649	4.92579623785354
16650	4.89334021977749
16651	4.85588101252608
16652	4.81389227778852
16653	4.76924634369902
16654	4.72290770144538
16655	4.67805903295864
16656	4.63936193789307
16657	4.60646913096046
16658	4.57565268491468
16659	4.54322380868329
16660	4.50867933016989
16661	4.47691488212551
16662	4.45240986681418
16663	4.43414247495896
16664	4.41660519489383
16665	4.39512279371274
16666	4.37234551020073
16667	4.35268951204218
16668	4.33552062974898
16669	4.32006054752903
16670	4.30740801137046
16671	4.29971832521179
16672	4.29807940479289
16673	4.30093291863032
16674	4.30465187188214
16675	4.30618499553602
16676	4.30696069386689
16677	4.3106810544227
16678	4.3212109199532
16679	4.34112132804776
16680	4.36966285424594
16681	4.40311756348959
16682	4.43686227325715
16683	4.46900302554462
16684	4.50400609312898
16685	4.54499340950231
16686	4.59084108210244
16687	4.63955144638827
16688	4.68837156397457
16689	4.73659677180549
16690	4.78459967441085
16691	4.83079867187393
16692	4.8747935248278
16693	4.9185780398384
16694	4.96174981385201
16695	5.00335438849072
16696	5.04468725748115
16697	5.08846168514016
16698	5.13303057647821
16699	5.17377359890618
16700	5.21307168131062
16701	5.25450504483611
16702	5.29828469748004
16703	5.34657016331939
16704	5.40136833353635
16705	5.46341058858233
16706	5.53400777583059
16707	5.61834669380794
16708	5.72578743184179
16709	5.86716444425299
16710	6.05039637294944
16711	6.27898510738903
16712	6.55412558655604
16713	6.87498748781387
16714	7.23596195412282
16715	7.63116955742232
16716	8.05599222994456
16717	8.50075146764919
16718	8.95759247764481
16719	9.41908267327755
16720	9.87716026990612
16721	10.3270387517817
16722	10.7644256180776
16723	11.1856290070341
16724	11.5881634789374
16725	11.971537162384
16726	12.3350635692336
16727	12.6770515739695
16728	13.0007472060019
16729	13.3163311579943
16730	13.6322260306165
16731	13.9407943872196
16732	14.2201055192133
16733	14.4613992760948
16734	14.6809214481494
16735	14.8964405004547
16736	15.1204062971912
16737	15.3645322103362
16738	15.6346613638756
16739	15.9306137506443
16740	16.2502185116327
16741	16.587131838689
16742	16.9367602872243
16743	17.2933499075625
16744	17.648607940478
16745	17.9958402117103
16746	18.3288131409938
16747	18.6439409831832
16748	18.9417364087147
16749	19.2185136856862
16750	19.4719093400255
16751	19.7043588348212
16752	19.9122753366763
16753	20.0919089286222
16754	20.2423616363483
16755	20.3661307617032
16756	20.4686715931217
16757	20.5541123326356
16758	20.6250847262859
16759	20.6838458582998
16760	20.7293640023259
16761	20.7623448170762
16762	20.7841828713464
16763	20.7936094079506
16764	20.7921719593577
16765	20.7810290410488
16766	20.7543442809569
16767	20.7081991021362
16768	20.651091945641
16769	20.5944769826907
16770	20.5431875894628
16771	20.4970763729402
16772	20.4547221336294
16773	20.4118694647639
16774	20.3637354275193
16775	20.312693756098
16776	20.2647261027193
16777	20.2203768829824
16778	20.1726848353728
16779	20.1156891786561
16780	20.0492678660526
16781	19.9765130362656
16782	19.9025784158668
16783	19.8245991974155
16784	19.7343113083086
16785	19.6295483107955
16786	19.5133625118005
16787	19.395663690392
16788	19.2851647810307
16789	19.1874780468605
16790	19.1071390721939
16791	19.0415038530922
16792	18.9847633066185
16793	18.929444860882
16794	18.867162859954
16795	18.7911274563069
16796	18.6938352962969
16797	18.5787907179586
16798	18.453877648103
16799	18.3217387297422
16800	18.1855063330984
16801	18.0442506517141
16802	17.8971472656967
16803	17.7424217781546
16804	17.5735500845389
16805	17.3914015356062
16806	17.2110880916956
16807	17.0454860347577
16808	16.8986816759607
16809	16.7732291107081
16810	16.6674094897429
16811	16.5748314175859
16812	16.4884430387421
16813	16.4031155607486
16814	16.3112527356051
16815	16.2056164434695
16816	16.0863587680309
16817	15.9642844103638
16818	15.8507374061089
16819	15.7519929837833
16820	15.6744484815516
16821	15.6208346983859
16822	15.5918013747386
16823	15.5889633531814
16824	15.613715447934
16825	15.6643955004749
16826	15.7363888905625
16827	15.8256668320799
16828	15.9303239200644
16829	16.0493984109591
16830	16.1811980115407
16831	16.3248241755449
16832	16.4793578738645
16833	16.6427248651102
16834	16.8111231965602
16835	16.9784085796069
16836	17.13647178721
16837	17.2739062046055
16838	17.38156289131
16839	17.4470540980276
16840	17.4642339034183
16841	17.448643594379
16842	17.4157384386678
16843	17.3744765604559
16844	17.3357793624555
16845	17.3067159602827
16846	17.2897696466555
16847	17.2876937533166
16848	17.3040055390579
16849	17.3397392305962
16850	17.3908065877515
16851	17.4489289115983
16852	17.5076395693141
16853	17.5666239448258
16854	17.6300995166803
16855	17.6986544202712
16856	17.7653118975917
16857	17.8224202733203
16858	17.8648477957231
16859	17.8903375246237
16860	17.9002690802507
16861	17.8939563770192
16862	17.8746513378336
16863	17.8469036628362
16864	17.8080707499764
16865	17.7553424228481
16866	17.6853910002318
16867	17.5970275498451
16868	17.49599756319
16869	17.3873983124272
16870	17.2722491461172
16871	17.1495652067785
16872	17.0143056102439
16873	16.864157873954
16874	16.7036402702114
16875	16.534514318811
16876	16.3526841186869
16877	16.1609069051847
16878	15.9584686110571
16879	15.7448629087218
16880	15.5254995296654
16881	15.30266119409
16882	15.0816274974194
16883	14.8667605659372
16884	14.6589472420397
16885	14.4576951768406
16886	14.2641163112277
16887	14.0796977946833
16888	13.9040502717562
16889	13.7369597652108
16890	13.5787279665568
16891	13.4294541843451
16892	13.2875399262511
16893	13.15204997047
16894	13.0232631989151
16895	12.9022301431312
16896	12.7905669891576
16897	12.6875093477974
16898	12.5919731593796
16899	12.5029305073115
16900	12.4201062663792
16901	12.3439860046055
16902	12.2741827774526
16903	12.2104044816747
16904	12.1543936966221
16905	12.1066955943149
16906	12.0682238356545
16907	12.0397382237613
16908	12.01815857417
16909	12.0030753102114
16910	11.9991242389081
16911	12.009140204098
16912	12.0341309232473
16913	12.0742646661826
16914	12.1312639191642
16915	12.2068137157711
16916	12.3003160109108
16917	12.4101313880337
16918	12.5346221854874
16919	12.6731309483171
16920	12.823778604673
16921	12.9837309120744
16922	13.1511766133682
16923	13.3249339160388
16924	13.5030494057936
16925	13.6837884996935
16926	13.8669743131871
16927	14.0523380340592
16928	14.2388379141471
16929	14.4253021332036
16930	14.6099848264482
16931	14.7933397529856
16932	14.9768248877594
16933	15.1587644447272
16934	15.3367664719766
16935	15.5097819759471
16936	15.6774011464911
16937	15.8408874306994
16938	15.9999343641385
16939	16.1521104095134
16940	16.2963799664974
16941	16.4331655617763
16942	16.5623995721398
16943	16.6821365545942
16944	16.79186954469
16945	16.8936908735097
16946	16.9890499709502
16947	17.0776112394493
16948	17.1595287775788
16949	17.2349499593606
16950	17.3021548019102
16951	17.3611189730706
16952	17.4133059272987
16953	17.4595660163733
16954	17.5010265418491
16955	17.5362918856332
16956	17.5619094900375
16957	17.5735715194526
16958	17.5648506982684
16959	17.5316488523582
16960	17.4703217788557
16961	17.3740865555521
16962	17.2374622524854
16963	17.0570397331677
16964	16.8312867735401
16965	16.5600989113335
16966	16.2459427854863
16967	15.8899632260699
16968	15.4927706684193
16969	15.0601988287102
16970	14.5996309533937
16971	14.1174728747514
16972	13.6215063909983
16973	13.1185388004103
16974	12.6149383236255
16975	12.1178397097418
16976	11.6316804253109
16977	11.160557900719
16978	10.7095874833861
16979	10.2824245860755
16980	9.87931143614982
16981	9.50104554804568
16982	9.14862914736146
16983	8.81981684953371
16984	8.51411681713134
16985	8.23160542098656
16986	7.97093868251109
16987	7.72957570336253
16988	7.50432618112401
16989	7.29489550072676
16990	7.10052608181247
16991	6.91975660982508
16992	6.75219454463559
16993	6.595374904684
16994	6.44682599714792
16995	6.30656480728326
16996	6.17511401413091
16997	6.05411987043598
16998	5.94473498056162
16999	5.84840076940705
17000	5.76964800629436
17001	5.71550150296494
17002	5.6915024454449
17003	5.69979270048524
17004	5.73962374909497
17005	5.80536142687911
17006	5.89098955270679
17007	5.99430864888274
17008	6.11385427100403
17009	6.24708468706347
17010	6.3914217210423
17011	6.54710532804898
17012	6.71365739515812
17013	6.88841541427109
17014	7.07008190150715
17015	7.25819429718063
17016	7.45164813895117
17017	7.64993677592681
17018	7.85118179625467
17019	8.05340404409884
17020	8.25827724535869
17021	8.46766752066697
17022	8.68260950124949
17023	8.90282522663317
17024	9.1239757044229
17025	9.34432761149998
17026	9.56395446035705
17027	9.77633159884634
17028	9.97863336251292
17029	10.1810635878561
17030	10.3891165405582
17031	10.6009971099332
17032	10.8223237629603
17033	11.0624994409559
17034	11.3256569735956
17035	11.613178680261
17036	11.9270801802132
17037	12.2660679411639
17038	12.6256048966405
17039	13.0014555911982
17040	13.3875352433473
17041	13.778808289901
17042	14.173441823785
17043	14.5688570075925
17044	14.9624959393442
17045	15.3452898508839
17046	15.7077005703893
17047	16.0504536860539
17048	16.3711645811659
17049	16.6661782740461
17050	16.9451762373603
17051	17.2191514923198
17052	17.494602715146
17053	17.778539530689
17054	18.0718460154452
17055	18.3708001584102
17056	18.6700896078759
17057	18.9630565614231
17058	19.2432575802622
17059	19.5028276847181
17060	19.7345573388878
17061	19.9368725380353
17062	20.1123450880705
17063	20.2587483708595
17064	20.3756686887225
17065	20.4678730657069
17066	20.541387184488
17067	20.5981974212818
17068	20.6379745420503
17069	20.6638913333998
17070	20.6778253801196
17071	20.6819960782932
17072	20.6776914941341
17073	20.6633438452531
17074	20.6383902600494
17075	20.6008916734616
17076	20.5517677143819
17077	20.4901067879068
17078	20.4130101451035
17079	20.3224333957639
17080	20.220163369183
17081	20.1065607470565
17082	19.9754223116741
17083	19.8149936055594
17084	19.6159574674321
17085	19.3713262700445
17086	19.0741558985775
17087	18.7193602730512
17088	18.3032956298609
17089	17.8238322774283
17090	17.2855295016091
17091	16.6969633647916
17092	16.0674332553249
17093	15.4083891795864
17094	14.733991538072
17095	14.0567676904525
17096	13.3904872670291
17097	12.7495025586682
17098	12.1413845065835
17099	11.5654507898814
17100	11.0165763509416
17101	10.4906895265797
17102	9.98658733383601
17103	9.50807820312912
17104	9.06581046837213
17105	8.66945238261164
17106	8.31878419407643
17107	8.00208084646915
17108	7.70625318735949
17109	7.4246707413395
17110	7.15774776062252
17111	6.91389760109358
17112	6.70192534974429
17113	6.52515450520649
17114	6.3846133097235
17115	6.2805707151688
17116	6.21213438834237
17117	6.18037190897162
17118	6.18598462837417
17119	6.22128857228923
17120	6.27665893895962
17121	6.34272129560152
17122	6.40683510233644
17123	6.45879794417851
17124	6.49223796840895
17125	6.50170176125257
17126	6.48340982358353
17127	6.43574525049106
17128	6.35772165288966
17129	6.25116387059243
17130	6.12027630956382
17131	5.97003322578669
17132	5.80401464610408
17133	5.62262961313182
17134	5.42790548249595
17135	5.23088692297945
17136	5.05044204309543
17137	4.90581741427909
17138	4.81128107862561
17139	4.76382814635153
17140	4.74167203355325
17141	4.72487706143208
17142	4.70325584788322
17143	4.67068432969653
17144	4.6229624389678
17145	4.56297767635468
17146	4.5003413737377
17147	4.44244623679252
17148	4.39591720264305
17149	4.36501028186306
17150	4.35145336601023
17151	4.35962793274082
17152	4.38816998383912
17153	4.42940974953576
17154	4.47860360366382
17155	4.53449371458305
17156	4.60219310778167
17157	4.6889246408653
17158	4.79293884954094
17159	4.90477546196291
17160	5.01765256215823
17161	5.13179798345789
17162	5.25236963874914
17163	5.38388418311455
17164	5.52390946426003
17165	5.66013406474226
17166	5.7780291771857
17167	5.87256268240156
17168	5.94438101253645
17169	5.99535103662517
17170	6.03537315427161
17171	6.08140101388294
17172	6.14689125485163
17173	6.23866646106556
17174	6.36135316336603
17175	6.51495410437003
17176	6.69781518694698
17177	6.89876146345076
17178	7.09821183632391
17179	7.281955760937
17180	7.43823549291298
17181	7.55731192013244
17182	7.62917238024957
17183	7.65030394767717
17184	7.62908746320078
17185	7.57797245920401
17186	7.50832458617177
17187	7.42597610307345
17188	7.32822122844579
17189	7.20935124552309
17190	7.06847878041165
17191	6.90959604011574
17192	6.73967138853373
17193	6.57531090576134
17194	6.43970450984348
17195	6.35300355533935
17196	6.31981635853625
17197	6.33665911422194
17198	6.40265724850365
17199	6.51095945546436
17200	6.64828147234505
17201	6.81554158883313
17202	7.019342927086
17203	7.26118574754788
17204	7.54708011167063
17205	7.8817172852616
17206	8.26550344795438
17207	8.69177990186341
17208	9.15199945034734
17209	9.63747855238418
17210	10.1408881458846
17211	10.6557583119077
17212	11.1754651489265
17213	11.6930463456428
17214	12.2016220105404
17215	12.6952929728563
17216	13.1691581821302
17217	13.6199524112608
17218	14.044990880028
17219	14.4430010508489
17220	14.8163663888351
17221	15.1679527477299
17222	15.4970504264853
17223	15.806568294447
17224	16.1018298791765
17225	16.3869132042233
17226	16.6636957483652
17227	16.9236847596379
17228	17.1648987043658
17229	17.3915030607507
17230	17.593895968528
17231	17.76466208028
17232	17.9090300388145
17233	18.0402436211112
17234	18.165294860172
17235	18.2920546733072
17236	18.4211147461246
17237	18.5500123540986
17238	18.6751752506863
17239	18.7948978901922
17240	18.9092451507657
17241	19.0189180993642
17242	19.1259961711479
17243	19.2304506691862
17244	19.3301978037188
17245	19.4223061365268
17246	19.508582666814
17247	19.5814538146107
17248	19.6390837985053
17249	19.6835894241167
17250	19.7157956126726
17251	19.7374119920358
17252	19.7519431264474
17253	19.7577849843588
17254	19.7504837652785
17255	19.7346970239129
17256	19.715252529775
17257	19.6917933296787
17258	19.6665095337417
17259	19.6425785701464
17260	19.6204356040729
17261	19.599728469662
17262	19.5794160077635
17263	19.5605431737243
17264	19.5435494744862
17265	19.5260699844748
17266	19.5064956895434
17267	19.4834017207828
17268	19.4533706237912
17269	19.4162137945771
17270	19.3720284673459
17271	19.3207272684137
17272	19.2642651355172
17273	19.2034219373986
17274	19.1363178257162
17275	19.0637633630075
17276	18.988668865822
17277	18.9104452605008
17278	18.8298426249023
17279	18.7457848921968
17280	18.6546262313806
17281	18.5576159202361
17282	18.4571461063404
17283	18.3495932814974
17284	18.2327950759949
17285	18.1106364588481
17286	17.986569735156
17287	17.8616749885136
17288	17.7368123986157
17289	17.6112972770049
17290	17.4876205494651
17291	17.3707043134446
17292	17.2604273469763
17293	17.1546288224254
17294	17.0555848776939
17295	16.9666163170318
17296	16.8874268143856
17297	16.8172071965525
17298	16.7552567088455
17299	16.6998581118181
17300	16.6546900571491
17301	16.6248644699778
17302	16.611506224448
17303	16.6171514322104
17304	16.6436731003018
17305	16.6918092937139
17306	16.7600558090766
17307	16.8461330973819
17308	16.9474110954365
17309	17.0622194657323
17310	17.1897787237028
17311	17.3285786887619
17312	17.4761319663058
17313	17.6290254687568
17314	17.7858994112441
17315	17.9450038299272
17316	18.1039872947857
17317	18.2627832717418
17318	18.4207103463666
17319	18.5749789610258
17320	18.7235703439096
17321	18.8667245295256
17322	19.005644176891
17323	19.1418650833593
17324	19.2730586082249
17325	19.3915073302279
17326	19.4895276391572
17327	19.5605806612919
17328	19.6028210164629
17329	19.6184123334879
17330	19.6122999359163
17331	19.5953385205129
17332	19.5769939117432
17333	19.5637843401932
17334	19.5614955501671
17335	19.5721370143931
17336	19.5980770241824
17337	19.6406884126175
17338	19.6982205316526
17339	19.7686436991089
17340	19.8491041820644
17341	19.9381247222634
17342	20.0352754552572
17343	20.1380265916717
17344	20.2436479870334
17345	20.3519127493593
17346	20.462093023811
17347	20.5730821718319
17348	20.6839812233456
17349	20.7922194213644
17350	20.8957430454541
17351	20.9943350481437
17352	21.0888150169275
17353	21.178086249632
17354	21.2608451821821
17355	21.3367924419242
17356	21.4058563297077
17357	21.4683192094283
17358	21.5245957002961
17359	21.5752743509375
17360	21.6196702336694
17361	21.657345118608
17362	21.6896603805168
17363	21.7176987203335
17364	21.7424899112825
17365	21.7645465320256
17366	21.7831220716589
17367	21.7980410240932
17368	21.809646391106
17369	21.8192672176549
17370	21.8278270234903
17371	21.8351684832233
17372	21.8411453417287
17373	21.8452238513367
17374	21.8477087963778
17375	21.8493557658732
17376	21.8503327433469
17377	21.8502318356028
17378	21.8485419418029
17379	21.845294805929
17380	21.8399591429815
17381	21.8328895096394
17382	21.82536195917
17383	21.817078279525
17384	21.8079142896788
17385	21.7982261469846
17386	21.7892346529982
17387	21.7841653250546
17388	21.7819814187381
17389	21.7755495589877
17390	21.7557458656053
17391	21.7140528862966
17392	21.6452636043648
17393	21.5455015340874
17394	21.410526155373
17395	21.2365008486534
17396	21.0226285975226
17397	20.7716644275418
17398	20.4839765039709
17399	20.1619783949206
17400	19.8087801816543
17401	19.4275698024237
17402	19.0230346565018
17403	18.5999530771968
17404	18.1646492310324
17405	17.7222790443292
17406	17.2773226567534
17407	16.8340037791172
17408	16.3978159891569
17409	15.9724036921764
17410	15.5609372983426
17411	15.1660063575388
17412	14.7894569355729
17413	14.4349648988257
17414	14.1017995700521
17415	13.787704521716
17416	13.4931538063893
17417	13.2190340721501
17418	12.9645150179416
17419	12.7270444105638
17420	12.504851186183
17421	12.2976329488837
17422	12.1056500840667
17423	11.9287891412189
17424	11.7662251096357
17425	11.6159034701314
17426	11.4756221385441
17427	11.3432456909445
17428	11.2159039825821
17429	11.0938829370318
17430	10.9787535198019
17431	10.8709252553422
17432	10.7700699053847
17433	10.6755854206653
17434	10.5870339248253
17435	10.5019886308083
17436	10.4193305730552
17437	10.3378360566269
17438	10.2561567852572
17439	10.1754243370078
17440	10.0966016942337
17441	10.0215015273675
17442	9.95053954548002
17443	9.88294971145268
17444	9.81847703694805
17445	9.75618565890928
17446	9.69540360254431
17447	9.63617376878121
17448	9.58324729668188
17449	9.54233498308393
17450	9.5221877987412
17451	9.53923818453399
17452	9.60867766515434
17453	9.74042876495322
17454	9.94143392329217
17455	10.2177418803091
17456	10.5737667575491
17457	11.0092093332435
17458	11.5218715700353
17459	12.1063207987184
17460	12.7534271667281
17461	13.4538844584109
17462	14.1943084421309
17463	14.9595207410326
17464	15.7377170540622
17465	16.5157203325244
17466	17.2793209130646
17467	18.0176628231018
17468	18.7229837325804
17469	19.3900195846503
17470	20.0151526948779
17471	20.5954903319964
17472	21.1299908376867
17473	21.6202959988229
17474	22.0687181228553
17475	22.4771961143018
17476	22.8496186611846
17477	23.1909112002487
17478	23.5039398011732
17479	23.7912511386777
17480	24.0544565380112
17481	24.2947348384385
17482	24.51531549069
17483	24.7202488562126
17484	24.9128561100023
17485	25.0957615769433
17486	25.2697482666861
17487	25.4352282304296
17488	25.5942261962534
17489	25.7488721554948
17490	25.8993447331484
17491	26.044697800058
17492	26.1755748409969
17493	26.2744348691319
17494	26.3278861731277
17495	26.3263146898641
17496	26.2652740941567
17497	26.1490658700341
17498	25.9939757032736
17499	25.8134575272057
17500	25.6059239418258
17501	25.3608434729
17502	25.0646400667588
17503	24.7068660259974
17504	24.2784510706897
17505	23.7735921564003
17506	23.1910805403027
17507	22.5348933534796
17508	21.8119634366312
17509	21.0307269710043
17510	20.2015828413381
17511	19.3369841995935
17512	18.4571937779104
17513	17.5809833950998
17514	16.7287961368694
17515	15.9229820557716
17516	15.1776042209785
17517	14.5039898123955
17518	13.9094612801788
17519	13.3994766633397
17520	12.9734137189795
17521	12.6220533704485
17522	12.33337850213
17523	12.0961593364365
17524	11.9037463724812
17525	11.752785491673
17526	11.6377910129518
17527	11.5490292616479
17528	11.4788611008676
17529	11.424023115927
17530	11.3832078157141
17531	11.3540553118244
17532	11.3312293295777
17533	11.3132354968906
17534	11.3024236102623
17535	11.3001135047838
17536	11.3056593209441
17537	11.3180652047956
17538	11.3385984182759
17539	11.3687247532864
17540	11.4108298525563
17541	11.4648618883015
17542	11.5288183090351
17543	11.6009617013359
17544	11.6785953605976
17545	11.760174058105
17546	11.8465604023565
17547	11.9361038356424
17548	12.0247984969236
17549	12.1103145444799
17550	12.1915700584488
17551	12.2666302997603
17552	12.3356437024448
17553	12.3999781705294
17554	12.4590963995929
17555	12.5130733211845
17556	12.5631880372323
17557	12.6104494514877
17558	12.653869090051
17559	12.6936586493624
17560	12.7304743030865
17561	12.7653749914654
17562	12.7991629733454
17563	12.830277884674
17564	12.8583678685974
17565	12.8841392606805
17566	12.9083863376942
17567	12.9303758314699
17568	12.9489675264951
17569	12.9646522189457
17570	12.978561370775
17571	12.9919882472691
17572	13.0039081075785
17573	13.0139321536417
17574	13.0228047934927
17575	13.0320277292042
17576	13.0422740955483
17577	13.0531737921567
17578	13.0650102210499
17579	13.077009307772
17580	13.0895368964134
17581	13.102369946799
17582	13.1148865896944
17583	13.1266278448308
17584	13.1357429352591
17585	13.1420995364446
17586	13.1449931103616
17587	13.1438685152884
17588	13.1401354690291
17589	13.1363656305128
17590	13.1374400132293
17591	13.1474571896626
17592	13.1676189019262
17593	13.199112460278
17594	13.2446831955085
17595	13.3057424747407
17596	13.3812353920478
17597	13.4708658193792
17598	13.5737834897486
17599	13.6878082804244
17600	13.8130578875493
17601	13.9500757347589
17602	14.0972270852774
17603	14.2529623118117
17604	14.4165674930262
17605	14.5867419144688
17606	14.7596799042627
17607	14.9278364724139
17608	15.0901066817429
17609	15.2512851853586
17610	15.4105610206151
17611	15.5684782367893
17612	15.7274089390016
17613	15.88871095922
17614	16.0559408291344
17615	16.2307458825379
17616	16.4132058844511
17617	16.6031886332573
17618	16.8003727249345
17619	17.0034318875
17620	17.2094334721296
17621	17.4161835536508
17622	17.6226641535492
17623	17.826315689448
17624	18.0250274523227
17625	18.2165186595745
17626	18.3976996991876
17627	18.5668047920217
17628	18.7239137690579
17629	18.8696862832298
17630	19.0046407137985
17631	19.128965600601
17632	19.2427537671583
17633	19.3460951559657
17634	19.4385791731913
17635	19.5195935189946
17636	19.5886491834098
17637	19.6456109589322
17638	19.6902378513703
17639	19.7221464154472
17640	19.7429887344244
17641	19.7517222481846
17642	19.7406962707634
17643	19.7007992821977
17644	19.6267879142859
17645	19.5142302777678
17646	19.3632283260968
17647	19.1810793937662
17648	18.9733426361916
17649	18.7430735234767
17650	18.4948584983905
17651	18.2331107789927
17652	17.961104231065
17653	17.6834094158734
17654	17.4027189158291
17655	17.1201355716973
17656	16.8383426251021
17657	16.5583462708146
17658	16.2790797809703
17659	16.001623485731
17660	15.7264850200247
17661	15.4528781066496
17662	15.181337311378
17663	14.9133345431243
17664	14.6500655906439
17665	14.3925073871984
17666	14.1420937054951
17667	13.89888286922
17668	13.663097710354
17669	13.4354368036924
17670	13.2155469882784
17671	13.0030442153625
17672	12.7986019421051
17673	12.6029463634318
17674	12.4172556687433
17675	12.2408012357286
17676	12.071700285874
17677	11.9104351485824
17678	11.7569260379569
17679	11.6110768977985
17680	11.4727998433185
17681	11.3410050823689
17682	11.2145531822082
17683	11.0917793215667
17684	10.9710650875065
17685	10.8526380045622
17686	10.7367489351014
17687	10.6230183999218
17688	10.5125030968402
17689	10.4047712546783
17690	10.2991117115679
17691	10.1960035463713
17692	10.0954718224363
17693	9.99847214872988
17694	9.90539247021674
17695	9.81429807715843
17696	9.72570279001212
17697	9.64088360832642
17698	9.55981243499013
17699	9.48043059580387
17700	9.40087294456755
17701	9.32162756150577
17702	9.24142299260848
17703	9.16048907841747
17704	9.08011701265883
17705	9.00021635120837
17706	8.92072897955137
17707	8.84214162408885
17708	8.76356125004911
17709	8.68929068169132
17710	8.62338839472535
17711	8.56138738592684
17712	8.50089020395649
17713	8.43600961309903
17714	8.35737145909276
17715	8.25982277499005
17716	8.13913554729514
17717	7.99183522469122
17718	7.81775415565718
17719	7.61800736440864
17720	7.39412487615245
17721	7.15022573494937
17722	6.89049007299022
17723	6.61661824399437
17724	6.33216754867472
17725	6.04030886045476
17726	5.74407422624301
17727	5.4487726562595
17728	5.15570092467816
17729	4.86557487851589
17730	4.57936506332319
17731	4.29862647807593
17732	4.02556196068333
17733	3.75887054767284
17734	3.49915713877234
17735	3.24958628180853
17736	3.01016719497956
17737	2.78018412830596
17738	2.5605385364926
17739	2.35099687933351
17740	2.14996118221
17741	1.95562078800012
17742	1.76674181302365
17743	1.58361409539554
17744	1.40547655355823
17745	1.23103694050518
17746	1.06060953559523
17747	0.894382966408474
17748	0.731883212548993
17749	0.572900857039062
17750	0.417814522858239
17751	0.268420722980849
17752	0.124363141485346
17753	-0.0153479145078416
17754	-0.150371508366564
17755	-0.283410517579209
17756	-0.416237318005488
17757	-0.548270894654646
17758	-0.679819811537375
17759	-0.811095779952847
17760	-0.940728071629527
17761	-1.06858022598212
17762	-1.19498275038079
17763	-1.31941377070793
17764	-1.44299273890224
17765	-1.56529995656089
17766	-1.68491406992203
17767	-1.80159342258769
17768	-1.91711724423573
17769	-2.03062112817995
17770	-2.13973427449975
17771	-2.24410935850267
17772	-2.3430076833059
17773	-2.43578540200205
17774	-2.52234640350644
17775	-2.60283621112336
17776	-2.67822608114627
17777	-2.74634895547973
17778	-2.79276070916587
17779	-2.80075264925465
17780	-2.75942993787296
17781	-2.6598779372175
17782	-2.49468449755076
17783	-2.25846108895762
17784	-1.94938616721885
17785	-1.56878007849041
17786	-1.11996287149559
17787	-0.605196739368336
17788	-0.0299856656854666
17789	0.595982358278437
17790	1.262658173845
17791	1.96053448014219
17792	2.67751136534597
17793	3.39927470535277
17794	4.11395551364781
17795	4.81035400068701
17796	5.47921989913316
17797	6.11721818921314
17798	6.72109187217886
17799	7.28374594741098
17800	7.80044664375641
17801	8.28012680192277
17802	8.72583561792415
17803	9.13391676013634
17804	9.50461970337051
17805	9.83146211582208
17806	10.1082017822406
17807	10.3385278294185
17808	10.5280154679409
17809	10.6831272670551
17810	10.8158652941342
17811	10.9333118597143
17812	11.0327355814372
17813	11.1079143508041
17814	11.1550349085078
17815	11.1742379067265
17816	11.1655069784428
17817	11.126330772624
17818	11.0540108551698
17819	10.9508979815235
17820	10.8220066099536
17821	10.6700379700093
17822	10.4958290355492
17823	10.2973583497444
17824	10.0755313047357
17825	9.84285940616941
17826	9.61473764871972
17827	9.39891727871338
17828	9.20033543559422
17829	9.02362848291248
17830	8.87010752592264
17831	8.73646288048133
17832	8.6206434283969
17833	8.52475706753375
17834	8.44875475402594
17835	8.39098669354569
17836	8.34901209878069
17837	8.32075681728768
17838	8.30424618737663
17839	8.29763307866303
17840	8.30005379034993
17841	8.30927380539876
17842	8.32244283643098
17843	8.33781255165459
17844	8.35659218335874
17845	8.37853704832433
17846	8.39992878274596
17847	8.41188030954708
17848	8.39884544690595
17849	8.3434840754403
17850	8.22936182534153
17851	8.04312145867491
17852	7.77714570479627
17853	7.42733994994257
17854	6.99519134317172
17855	6.4851274083425
17856	5.90360659284874
17857	5.25931589338525
17858	4.56470897759968
17859	3.83222791623794
17860	3.07181247008161
17861	2.29449698596268
17862	1.51221014824017
17863	0.736295001093005
17864	-0.0233523796714596
17865	-0.758003686909825
17866	-1.46095467185093
17867	-2.12721605321276
17868	-2.7546170105409
17869	-3.34273017744247
17870	-3.89317088316067
17871	-4.40717811431629
17872	-4.88749883708848
17873	-5.33827410058276
17874	-5.76045789036517
17875	-6.15516605736813
17876	-6.52720373238598
17877	-6.88017336664653
17878	-7.21526234004333
17879	-7.53547408151959
17880	-7.84241408781476
17881	-8.1365021471577
17882	-8.41941344116202
17883	-8.69254657630858
17884	-8.95525090507159
17885	-9.20884754382917
17886	-9.45542583869451
17887	-9.69468803960633
17888	-9.92829869801299
17889	-10.1582425017004
17890	-10.3861778687575
17891	-10.6124572878574
17892	-10.8353114835005
17893	-11.0535557527138
17894	-11.2658893986683
17895	-11.4715974252074
17896	-11.6703998999646
17897	-11.8606497959103
17898	-12.0398207867718
17899	-12.2027127076277
17900	-12.3300331125324
17901	-12.4128225793335
17902	-12.4734592209074
17903	-12.5372010451711
17904	-12.6222903936116
17905	-12.7411219116567
17906	-12.8995547824838
17907	-13.1005525658641
17908	-13.3417505678527
17909	-13.6166748155699
17910	-13.9192408508849
17911	-14.242454321931
17912	-14.5791900489677
17913	-14.9248157993668
17914	-15.2720556831325
17915	-15.6157081569123
17916	-15.9532702549494
17917	-16.2822870994043
17918	-16.5997527739503
17919	-16.9026692942799
17920	-17.189875694643
17921	-17.4620831938685
17922	-17.7208033939095
17923	-17.9652300477634
17924	-18.1966736097975
17925	-18.4169258711562
17926	-18.625550727532
17927	-18.8230570695022
17928	-19.0095156847071
17929	-19.1850290848101
17930	-19.3519827150034
17931	-19.5122655680074
17932	-19.665972640862
17933	-19.8118685884626
17934	-19.9497194854215
17935	-20.0808058155525
17936	-20.2062175608007
17937	-20.3260864356171
17938	-20.439065827252
17939	-20.5450013630874
17940	-20.6448425391535
17941	-20.7358300960945
17942	-20.8072638422456
17943	-20.8464950686871
17944	-20.8394656388813
17945	-20.769850093637
17946	-20.6219067068117
17947	-20.3833333208059
17948	-20.0469196749788
17949	-19.6058039608606
17950	-19.0541353563561
17951	-18.38977526209
17952	-17.6158409601169
17953	-16.7432870512731
17954	-15.7880449566436
17955	-14.7672818806335
17956	-13.6982830309997
17957	-12.5978494877842
17958	-11.481758209781
17959	-10.3657771684934
17960	-9.26793530075347
17961	-8.20507602745421
17962	-7.18992488195926
17963	-6.23294228005291
17964	-5.34121316999784
17965	-4.51355721621201
17966	-3.74932508996182
17967	-3.04573417752464
17968	-2.39632885625764
17969	-1.79764749729651
17970	-1.2462610498348
17971	-0.735347495637073
17972	-0.262766530189283
17973	0.167033256878451
17974	0.549755054881263
17975	0.87304669366573
17976	1.12931749990896
17977	1.31141541512731
17978	1.42284516894978
17979	1.48644032613798
17980	1.52626966326309
17981	1.5616606106486
17982	1.60712654942931
17983	1.67188035841776
17984	1.76097795997745
17985	1.88206543966773
17986	2.04179977466125
17987	2.23105377259833
17988	2.43030991372439
17989	2.62984086126524
17990	2.83109652175599
17991	3.02531046818272
17992	3.19292809123462
17993	3.31113855589287
17994	3.36905945858634
17995	3.36898115527162
17996	3.30582181031558
17997	3.18025428112369
17998	2.99799000814937
17999	2.76424167947451
18000	2.48345729290909
18001	2.15592028246185
18002	1.78384094003474
18003	1.37035765825056
18004	0.917709937535289
18005	0.427040785214359
18006	-0.0992672321103562
18007	-0.656421618531639
18008	-1.2401474624158
18009	-1.84349511042207
18010	-2.4582645173858
18011	-3.07727934412763
18012	-3.6915173656589
18013	-4.2937096287534
18014	-4.87814162851742
18015	-5.4392908663089
18016	-5.97159833121149
18017	-6.47251742031794
18018	-6.94302194783397
18019	-7.38282844411244
18020	-7.79141349066843
18021	-8.16835869902688
18022	-8.5148030308294
18023	-8.83367938314723
18024	-9.13093542063702
18025	-9.41047993806233
18026	-9.67494239236554
18027	-9.92816892855914
18028	-10.1689192210173
18029	-10.3932409052034
18030	-10.5955581506843
18031	-10.7666700725853
18032	-10.9071639300074
18033	-11.0169670545849
18034	-11.0925360129012
18035	-11.137479582734
18036	-11.1592704994615
18037	-11.1674780913591
18038	-11.1645395136786
18039	-11.1504228337852
18040	-11.1276196869723
18041	-11.0978559013556
18042	-11.0606639190108
18043	-11.016976027984
18044	-10.9696736633811
18045	-10.9193394344885
18046	-10.8667839301431
18047	-10.813581880124
18048	-10.759564774825
18049	-10.7043604849723
18050	-10.6493197814694
18051	-10.593666103646
18052	-10.5368921971819
18053	-10.4802168272811
18054	-10.422393957484
18055	-10.3623558629051
18056	-10.3023116567816
18057	-10.2432557097117
18058	-10.1841949800199
18059	-10.1248324411829
18060	-10.0643455410134
18061	-10.0037865969413
18062	-9.94479272191851
18063	-9.8879022075549
18064	-9.83276511494237
18065	-9.77923780086352
18066	-9.72695877889003
18067	-9.67417428715903
18068	-9.62103614481531
18069	-9.56976161733186
18070	-9.52303321115873
18071	-9.48207178493804
18072	-9.44768758587043
18073	-9.42036286405807
18074	-9.40217488030504
18075	-9.39696595900753
18076	-9.40447676518916
18077	-9.42079823998229
18078	-9.44099257200955
18079	-9.46057624797377
18080	-9.47819551728819
18081	-9.49401853127442
18082	-9.50722237214345
18083	-9.5193698475879
18084	-9.53228628735457
18085	-9.5433178762952
18086	-9.55196478612676
18087	-9.55998344012117
18088	-9.56965929023888
18089	-9.58268878939827
18090	-9.59932594999461
18091	-9.62315449770348
18092	-9.65577415617852
18093	-9.69804313606984
18094	-9.75119852835789
18095	-9.814704334853
18096	-9.88829316917061
18097	-9.97023999822979
18098	-10.0571994875954
18099	-10.1450553498056
18100	-10.2292801011694
18101	-10.3067568229712
18102	-10.3745691017701
18103	-10.4356639842335
18104	-10.505009867498
18105	-10.6014581075484
18106	-10.72931560106
18107	-10.8791615110873
18108	-11.0409076679999
18109	-11.2033689001137
18110	-11.3599424937666
18111	-11.5087437790157
18112	-11.6443913108851
18113	-11.7644909086591
18114	-11.8680549286528
18115	-11.9500759964216
18116	-12.0135300251754
18117	-12.0627739467881
18118	-12.0985147389502
18119	-12.1219005065168
18120	-12.1327766674657
18121	-12.1320122439719
18122	-12.1203964482549
18123	-12.0991600475036
18124	-12.0683984378034
18125	-12.0271013724109
18126	-11.9766934265991
18127	-11.9186282534524
18128	-11.8534217511945
18129	-11.7831756990603
18130	-11.7087121727017
18131	-11.6311039811749
18132	-11.5513344448982
18133	-11.4677936897404
18134	-11.379261631907
18135	-11.2868486185702
18136	-11.191356740112
18137	-11.0920608205131
18138	-10.9896553655008
18139	-10.8879429880407
18140	-10.7926808436376
18141	-10.7102393256979
18142	-10.6444122062915
18143	-10.5939495845371
18144	-10.5602065421626
18145	-10.5496626166374
18146	-10.5656859634447
18147	-10.6100013247349
18148	-10.6827878796488
18149	-10.7808500553501
18150	-10.9028813633578
18151	-11.0455255629645
18152	-11.2055700117895
18153	-11.380070880837
18154	-11.5636175308428
18155	-11.7560979683388
18156	-11.9553317554011
18157	-12.1573363292487
18158	-12.358096450669
18159	-12.5537365038053
18160	-12.7454967642023
18161	-12.9333464001695
18162	-13.1143252798311
18163	-13.2885511720914
18164	-13.4575236186337
18165	-13.6209061711564
18166	-13.7779034105135
18167	-13.9277772814988
18168	-14.0699778049133
18169	-14.204495608904
18170	-14.3307585019718
18171	-14.4478360249494
18172	-14.5587315669292
18173	-14.6656655820092
18174	-14.768471962886
18175	-14.8657211918701
18176	-14.9563162006824
18177	-15.0411918787475
18178	-15.1209024768938
18179	-15.1949144367418
18180	-15.2613879613652
18181	-15.3207586895993
18182	-15.3759556913059
18183	-15.4288804071331
18184	-15.4801118009478
18185	-15.5282576563338
18186	-15.5716739677216
18187	-15.6102845926342
18188	-15.6449160786891
18189	-15.6764586816947
18190	-15.7050545047128
18191	-15.7302091129819
18192	-15.7508718258976
18193	-15.7641034530889
18194	-15.7649661194915
18195	-15.7488685653802
18196	-15.7112359097821
18197	-15.6481523676095
18198	-15.5592250727537
18199	-15.4481705944526
18200	-15.3195245818231
18201	-15.1764700828457
18202	-15.0228528660141
18203	-14.8595144443971
18204	-14.6843074528936
18205	-14.4978033745827
18206	-14.3029569703936
18207	-14.1021190080959
18208	-13.8961689753088
18209	-13.6857518086756
18210	-13.4694623619687
18211	-13.2477514066991
18212	-13.0235372123001
18213	-12.7988198076202
18214	-12.5750113139256
18215	-12.3545786283401
18216	-12.139524950144
18217	-11.9295357817502
18218	-11.7273741179784
18219	-11.5367597165946
18220	-11.3623937273831
18221	-11.2078824939931
18222	-11.0766172498234
18223	-10.9626592529819
18224	-10.8527067206876
18225	-10.7391426451529
18226	-10.620850067266
18227	-10.5071903439501
18228	-10.4076588185113
18229	-10.321777308245
18230	-10.2495077073466
18231	-10.187200743442
18232	-10.1293843273542
18233	-10.0747067584492
18234	-10.0196501950194
18235	-9.96271512555709
18236	-9.90217025199165
18237	-9.83529101235932
18238	-9.76207474284867
18239	-9.6839380163389
18240	-9.60051563664433
18241	-9.51267167981735
18242	-9.42428336344302
18243	-9.33710696886383
18244	-9.25170120018294
18245	-9.16779008769573
18246	-9.08472209806767
18247	-9.00469700183703
18248	-8.92863089064449
18249	-8.85619676392268
18250	-8.78760897535618
18251	-8.72348414167985
18252	-8.66553535066762
18253	-8.61328234747919
18254	-8.56777261462754
18255	-8.52934135210991
18256	-8.49565292347405
18257	-8.4638624566789
18258	-8.43002432996079
18259	-8.39040878945332
18260	-8.34626145377969
18261	-8.3051975137088
18262	-8.27551865710132
18263	-8.26012202931469
18264	-8.26304849003282
18265	-8.29036581279367
18266	-8.34706602666462
18267	-8.43715693364799
18268	-8.5590033495183
18269	-8.71080343646631
18270	-8.89145501738136
18271	-9.10160771736337
18272	-9.34034086607487
18273	-9.60142096609058
18274	-9.88290698790046
18275	-10.1827940934356
18276	-10.4963851881867
18277	-10.820672368532
18278	-11.1527102646214
18279	-11.4917883657406
18280	-11.8349566254971
18281	-12.1778126203097
18282	-12.5178950172323
18283	-12.8508083101594
18284	-13.1743827030358
18285	-13.4875472675945
18286	-13.7867571015462
18287	-14.0695326996685
18288	-14.335323038674
18289	-14.5836004355708
18290	-14.8137216247002
18291	-15.0259628926204
18292	-15.221506467886
18293	-15.4008839268415
18294	-15.5644599214362
18295	-15.7131008311429
18296	-15.847994588497
18297	-15.9710326307869
18298	-16.0833993309745
18299	-16.1842285395182
18300	-16.2733862545743
18301	-16.3532245674787
18302	-16.4266791764253
18303	-16.4958367198687
18304	-16.5593275552748
18305	-16.6114756952203
18306	-16.6474484211316
18307	-16.6624849695222
18308	-16.6545414940155
18309	-16.6211458585674
18310	-16.5595667252864
18311	-16.4741684070982
18312	-16.377254580523
18313	-16.2786356918085
18314	-16.1793136662759
18315	-16.0776877827294
18316	-15.9671525790452
18317	-15.8418478659032
18318	-15.7073879667066
18319	-15.5749071291144
18320	-15.4476381713352
18321	-15.3233219826373
18322	-15.2012535906134
18323	-15.0824846119714
18324	-14.9663357391796
18325	-14.8511217929688
18326	-14.7387252061992
18327	-14.6299733884728
18328	-14.5221499428207
18329	-14.4124016076882
18330	-14.2997641943005
18331	-14.1854584015354
18332	-14.0701753752642
18333	-13.9548905390042
18334	-13.838015552493
18335	-13.7157912222728
18336	-13.5901184738752
18337	-13.4681269520627
18338	-13.3527227083599
18339	-13.2497568931838
18340	-13.1651454729702
18341	-13.1025675552195
18342	-13.0672963647008
18343	-13.0594175234132
18344	-13.0767269892972
18345	-13.116576957265
18346	-13.177584941666
18347	-13.2593091809211
18348	-13.3609946401869
18349	-13.4778124412914
18350	-13.6047103625459
18351	-13.7391504265213
18352	-13.8751136567561
18353	-14.006003993038
18354	-14.1275654874079
18355	-14.229764082229
18356	-14.2942605585753
18357	-14.3110715805305
18358	-14.2761113332498
18359	-14.1864212887127
18360	-14.0540999048706
18361	-13.8906188866669
18362	-13.6966885710302
18363	-13.4635018885613
18364	-13.1739601924419
18365	-12.816342604551
18366	-12.3867422614322
18367	-11.8858283793323
18368	-11.3211602318
18369	-10.7045296727534
18370	-10.0626543795191
18371	-9.41820511396555
18372	-8.78324946781797
18373	-8.1758647922423
18374	-7.60188474778035
18375	-7.06687973088207
18376	-6.58702965787716
18377	-6.16978464966754
18378	-5.80668165234019
18379	-5.49712234190201
18380	-5.2529519422514
18381	-5.07582001531547
18382	-4.94475302902847
18383	-4.8499761793148
18384	-4.79607201801302
18385	-4.77228576175474
18386	-4.76772600948715
18387	-4.78548068132001
18388	-4.81606532695389
18389	-4.8466243542542
18390	-4.88467450554624
18391	-4.92951265493232
18392	-4.98388418471248
18393	-5.05373444328547
18394	-5.13365565950892
18395	-5.22775369188525
18396	-5.35487120032022
18397	-5.52558201271581
18398	-5.72420692338999
18399	-5.93617474207597
18400	-6.15634366986753
18401	-6.38574018377355
18402	-6.63885740973045
18403	-6.9245532372859
18404	-7.24607483550625
18405	-7.60525068526891
18406	-8.00009995491851
18407	-8.43075105686989
18408	-8.89548828864504
18409	-9.37840328701603
18410	-9.86830145925147
18411	-10.3653027763042
18412	-10.8646105281341
18413	-11.3700571416996
18414	-11.8900574585763
18415	-12.4285281729613
18416	-12.9889981380523
18417	-13.5718214796223
18418	-14.1740601460366
18419	-14.7903618896134
18420	-15.4127256234358
18421	-16.0323427003754
18422	-16.6420000611633
18423	-17.2365849878574
18424	-17.8119126639079
18425	-18.364301417807
18426	-18.8888177903568
18427	-19.3750088502365
18428	-19.8173468694967
18429	-20.2165337621751
18430	-20.5644081863152
18431	-20.8466278133374
18432	-21.068136205843
18433	-21.2503223890338
18434	-21.4144092305943
18435	-21.5776915064326
18436	-21.7522744402422
18437	-21.9460228692486
18438	-22.1624582627592
18439	-22.4009536292651
18440	-22.6557793882367
18441	-22.9171906413814
18442	-23.1707727097449
18443	-23.4075022123704
18444	-23.6241146900498
18445	-23.8136015211677
18446	-23.9702403187196
18447	-24.0948724267238
18448	-24.193643646789
18449	-24.2703138151951
18450	-24.3240765603604
18451	-24.3519944178121
18452	-24.3505981436567
18453	-24.3152923505617
18454	-24.248369660139
18455	-24.1590891603293
18456	-24.0506245934919
18457	-23.9251814046559
18458	-23.790422407978
18459	-23.6523820123983
18460	-23.5111508370953
18461	-23.3592368958444
18462	-23.1922220468767
18463	-23.0101687929062
18464	-22.8051596007964
18465	-22.5755666587476
18466	-22.3130575152922
18467	-22.0032417683774
18468	-21.645931104373
18469	-21.2441711466471
18470	-20.7970696299791
18471	-20.3046962769217
18472	-19.7727589996342
18473	-19.2068444000693
18474	-18.6102992458509
18475	-17.9920004819299
18476	-17.3618751669185
18477	-16.7270104194991
18478	-16.0936805239401
18479	-15.4697753588735
18480	-14.8637459521342
18481	-14.2798454805721
18482	-13.7221099378853
18483	-13.1942952776561
18484	-12.6960587170237
18485	-12.2266397276134
18486	-11.7875557039937
18487	-11.3802301269402
18488	-11.0023611715474
18489	-10.6486684264872
18490	-10.3164716733598
18491	-10.0067761904874
18492	-9.72891514984661
18493	-9.4987264522644
18494	-9.31828225962248
18495	-9.1948241818873
18496	-9.12326095171412
18497	-9.07357533660494
18498	-9.02200951156241
18499	-8.95319475481667
18500	-8.84855064998215
18501	-8.68951826700087
18502	-8.48499607201906
18503	-8.27153435687474
18504	-8.07514364601871
18505	-7.88884477512866
18506	-7.69563974039696
18507	-7.48560752674714
18508	-7.2542369238816
18509	-6.99967565338789
18510	-6.72318027215445
18511	-6.42820102040792
18512	-6.11902003918331
18513	-5.79989476117353
18514	-5.47412530109483
18515	-5.14398450150486
18516	-4.81519615171397
18517	-4.4942496014565
18518	-4.18450306274966
18519	-3.88953346047458
18520	-3.61247649388525
18521	-3.35877117537175
18522	-3.1337858936905
18523	-2.93554824550357
18524	-2.75544070557831
18525	-2.58775682066778
18526	-2.43472147505857
18527	-2.29968326788986
18528	-2.18264405353213
18529	-2.08575130617547
18530	-2.01310429881032
18531	-1.96747096380335
18532	-1.95297662879026
18533	-1.96650913733604
18534	-1.99243707150748
18535	-2.01949872569764
18536	-2.06096384635369
18537	-2.13603894915651
18538	-2.24235472432807
18539	-2.36215858992096
18540	-2.47670652525796
18541	-2.57192536894005
18542	-2.64079002387658
18543	-2.6801008007638
18544	-2.68755832360048
18545	-2.66167457420235
18546	-2.60217025258633
18547	-2.51181052171261
18548	-2.39585188398281
18549	-2.26019357327846
18550	-2.10687060808609
18551	-1.93620701142392
18552	-1.75206087795368
18553	-1.56003476503735
18554	-1.36459778008797
18555	-1.16803792882741
18556	-0.973058356466998
18557	-0.781658250806336
18558	-0.592720232269118
18559	-0.404381009453459
18560	-0.216266493466423
18561	-0.0396929325547137
18562	0.105360613746012
18563	0.195496056756824
18564	0.225496726270565
18565	0.207425523241071
18566	0.145779612067803
18567	0.0390591196868166
18568	-0.103531468110302
18569	-0.260968349278252
18570	-0.420925556087476
18571	-0.574660779796865
18572	-0.713611422128014
18573	-0.833762202532067
18574	-0.937067778658978
18575	-1.03875926334655
18576	-1.15076179464022
18577	-1.27802571439579
18578	-1.41538540329269
18579	-1.55741072788276
18580	-1.70390080119443
18581	-1.85623427738925
18582	-2.02163117883379
18583	-2.20640087844909
18584	-2.40554794852154
18585	-2.6040297567876
18586	-2.78650135425672
18587	-2.93863381564268
18588	-3.0496060414747
18589	-3.11297116858723
18590	-3.12788180139209
18591	-3.09688757429304
18592	-3.02234103181618
18593	-2.90614007487887
18594	-2.75270001154392
18595	-2.5686240944362
18596	-2.35576521211768
18597	-2.12492466178612
18598	-1.89350751852141
18599	-1.67524730435069
18600	-1.48354557407736
18601	-1.33890364807853
18602	-1.25349916888297
18603	-1.21169215065141
18604	-1.19233366378288
18605	-1.20420022825629
18606	-1.27921516613192
18607	-1.4286887316271
18608	-1.63260762316166
18609	-1.87627473563787
18610	-2.15192146312916
18611	-2.46371535976998
18612	-2.81768659765163
18613	-3.21284510201868
18614	-3.65454088456704
18615	-4.14241001173301
18616	-4.67473116501748
18617	-5.24817205812751
18618	-5.85546966164862
18619	-6.48393078334352
18620	-7.12188239544891
18621	-7.75847009386715
18622	-8.37731934243603
18623	-8.96228072665398
18624	-9.5010308494775
18625	-9.97944394187653
18626	-10.4022393483738
18627	-10.7781053281652
18628	-11.1032258578718
18629	-11.3906134058164
18630	-11.6582084605101
18631	-11.9165919984334
18632	-12.1734054409465
18633	-12.4331059299583
18634	-12.696794823401
18635	-12.9641684137777
18636	-13.2360211590058
18637	-13.5070752521371
18638	-13.7707082193734
18639	-14.022760985678
18640	-14.2558683570556
18641	-14.4660897035762
18642	-14.6529598004222
18643	-14.8166113664246
18644	-14.9583682398219
18645	-15.0800840176249
18646	-15.1835698070088
18647	-15.2689059954012
18648	-15.338291706997
18649	-15.3954197927449
18650	-15.4384507287823
18651	-15.461502042261
18652	-15.4596946612332
18653	-15.4294105997169
18654	-15.378151131352
18655	-15.3181588917606
18656	-15.2527152993408
18657	-15.191624440962
18658	-15.1509515114027
18659	-15.1408488207453
18660	-15.1662973702697
18661	-15.2279785832228
18662	-15.3238177697402
18663	-15.4540221092037
18664	-15.6175264494219
18665	-15.8091250552675
18666	-16.0262710366442
18667	-16.2675162918757
18668	-16.5285846525376
18669	-16.8044706932095
18670	-17.0895494314669
18671	-17.3801021753804
18672	-17.6730752363143
18673	-17.9661345949502
18674	-18.2582227773736
18675	-18.5449609488766
18676	-18.8229407925011
18677	-19.0928835303793
18678	-19.3555090360327
18679	-19.6090242954056
18680	-19.8509994368877
18681	-20.0800621951868
18682	-20.2958907559132
18683	-20.5001202558811
18684	-20.6944680833942
18685	-20.8784588152776
18686	-21.0498136636545
18687	-21.1946574385686
18688	-21.3015637180122
18689	-21.3616338962912
18690	-21.371045389538
18691	-21.3331707850454
18692	-21.2471869451779
18693	-21.1115691781276
18694	-20.9222095445001
18695	-20.6842171032684
18696	-20.4153325670504
18697	-20.1347693499988
18698	-19.8467910800931
18699	-19.5488009577543
18700	-19.242926810781
18701	-18.9288148939645
18702	-18.6035470823549
18703	-18.2655901786972
18704	-17.9141416461959
18705	-17.5511815765611
18706	-17.1786200234182
18707	-16.7986390178005
18708	-16.4158169002622
18709	-16.0332521085546
18710	-15.6542226274241
18711	-15.2809188406918
18712	-14.9151427012138
18713	-14.5599578096898
18714	-14.2170177009572
18715	-13.885776050851
18716	-13.5669366890248
18717	-13.262056115707
18718	-12.9782939820483
18719	-12.7233771702454
18720	-12.4970995163836
18721	-12.289518398376
18722	-12.089929091009
18723	-11.8951574293198
18724	-11.7045367969722
18725	-11.5184043043287
18726	-11.3396478203688
18727	-11.1736804747004
18728	-11.0236881758663
18729	-10.8927214411866
18730	-10.7827106753089
18731	-10.693332050126
18732	-10.6193418198174
18733	-10.5531750427277
18734	-10.4934686822308
18735	-10.4433527737853
18736	-10.4031116561722
18737	-10.3691303037677
18738	-10.3456577850231
18739	-10.3438154048876
18740	-10.3723414932906
18741	-10.4301852816215
18742	-10.5016792364841
18743	-10.5709091665347
18744	-10.631794012952
18745	-10.6818851670003
18746	-10.7239710772213
18747	-10.7695544303659
18748	-10.8280286866902
18749	-10.9002001623189
18750	-10.985735433847
18751	-11.0836633570558
18752	-11.1768259024971
18753	-11.2436298013463
18754	-11.2720692169949
18755	-11.2531095381772
18756	-11.1835720002526
18757	-11.0654060055082
18758	-10.9013544552709
18759	-10.6937894119657
18760	-10.4481794883706
18761	-10.1682813434576
18762	-9.85974841292706
18763	-9.52856780311362
18764	-9.18090992799135
18765	-8.82371110996767
18766	-8.46047639564842
18767	-8.09656161909824
18768	-7.73636582375697
18769	-7.38340809251941
18770	-7.04127070146168
18771	-6.71157384190874
18772	-6.3938985585389
18773	-6.08825750718761
18774	-5.79826783707438
18775	-5.53016747875573
18776	-5.29243007438232
18777	-5.09470724706006
18778	-4.94501394721295
18779	-4.85395756017523
18780	-4.82561813914939
18781	-4.84266547787568
18782	-4.88278169527975
18783	-4.92843864847844
18784	-4.96423472827487
18785	-4.97990222220302
18786	-4.96758991292559
18787	-4.92497911489046
18788	-4.8549980042405
18789	-4.75943704346702
18790	-4.64074857649243
18791	-4.50099587065849
18792	-4.34439245435037
18793	-4.17528136682243
18794	-3.99739903531788
18795	-3.81567515514402
18796	-3.63312585772447
18797	-3.4535553393184
18798	-3.28030554334741
18799	-3.11529658440695
18800	-2.95914204202718
18801	-2.81439398495769
18802	-2.68358215200648
18803	-2.56396295223619
18804	-2.45430674066569
18805	-2.35487679170788
18806	-2.26313648114864
18807	-2.17908077863265
18808	-2.10422400011561
18809	-2.03899124914946
18810	-1.98351452972839
18811	-1.93841434283708
18812	-1.90284098045584
18813	-1.8758551007032
18814	-1.85868777417988
18815	-1.85027141744745
18816	-1.85056281138264
18817	-1.85851417623906
18818	-1.87004545899989
18819	-1.88200758408331
18820	-1.89203511312827
18821	-1.90513275404546
18822	-1.93596800534104
18823	-2.00378388075662
18824	-2.12410129730869
18825	-2.30610617382408
18826	-2.55597043874059
18827	-2.87907530884961
18828	-3.27980738961666
18829	-3.76017704267135
18830	-4.31450042353009
18831	-4.9323593061363
18832	-5.60746351596319
18833	-6.33389733694963
18834	-7.0988281177255
18835	-7.88522468265599
18836	-8.67849104634855
18837	-9.4667849224189
18838	-10.2383170220846
18839	-10.9823235144183
18840	-11.6924386765972
18841	-12.366409939792
18842	-13.0004107306093
18843	-13.592710008956
18844	-14.1424783422178
18845	-14.6528682969321
18846	-15.1254378939415
18847	-15.5604861712186
18848	-15.9629415285581
18849	-16.33346735718
18850	-16.6749816391234
18851	-16.9924383385577
18852	-17.2886330752372
18853	-17.5653614636444
18854	-17.8233016869466
18855	-18.0638389419828
18856	-18.2880897627992
18857	-18.4971627131902
18858	-18.6913194733464
18859	-18.8710091769514
18860	-19.0396079936966
18861	-19.1999895640676
18862	-19.3532349562754
18863	-19.5010577297408
18864	-19.644462390631
18865	-19.782832987871
18866	-19.9143138890112
18867	-20.0386362834309
18868	-20.15510285847
18869	-20.2610219413295
18870	-20.349791436907
18871	-20.4127550186367
18872	-20.441081452875
18873	-20.424784722899
18874	-20.3618783110543
18875	-20.2558355494392
18876	-20.103083013204
18877	-19.8983709086157
18878	-19.6522498970444
18879	-19.3846200814399
18880	-19.1069038554913
18881	-18.8198686856787
18882	-18.5222066905486
18883	-18.2119188609696
18884	-17.8835751742628
18885	-17.5340566242834
18886	-17.1600676293315
18887	-16.7622223562365
18888	-16.3525744168002
18889	-15.9365915940021
18890	-15.5149185092822
18891	-15.0893872694276
18892	-14.6623528853563
18893	-14.2363208088304
18894	-13.8105808127321
18895	-13.391526838396
18896	-12.9877082459181
18897	-12.5996203314246
18898	-12.2227324727034
18899	-11.8553165329214
18900	-11.5101518280811
18901	-11.2013815357268
18902	-10.9354188297882
18903	-10.7113757357465
18904	-10.5172537990459
18905	-10.3420116656606
18906	-10.1805627477195
18907	-10.0308306264582
18908	-9.89080499569446
18909	-9.75649478987499
18910	-9.62505220622066
18911	-9.49353858634964
18912	-9.36269665947819
18913	-9.24044982231323
18914	-9.13913032646868
18915	-9.07851237889253
18916	-9.07044695967167
18917	-9.09871992229426
18918	-9.12803447231061
18919	-9.13625445003618
18920	-9.13717291735478
18921	-9.16180406742959
18922	-9.2224013023479
18923	-9.30516353988066
18924	-9.39346355922125
18925	-9.4853703334946
18926	-9.58140002809781
18927	-9.6792064927384
18928	-9.77480487752876
18929	-9.86435853226992
18930	-9.94534492210557
18931	-10.0205646437587
18932	-10.1036240180913
18933	-10.207254967457
18934	-10.33743943389
18935	-10.4970824453978
18936	-10.6879443500394
18937	-10.910505763092
18938	-11.1655259341258
18939	-11.4529818970205
18940	-11.7710973563715
18941	-12.1145205222636
18942	-12.4785223775779
18943	-12.8613791876452
18944	-13.2576444902816
18945	-13.6609967427572
18946	-14.0659772261904
18947	-14.4677589144389
18948	-14.8611644618682
18949	-15.2410727754044
18950	-15.6059458640007
18951	-15.9522608575381
18952	-16.2759604832053
18953	-16.5776871166308
18954	-16.8594366459223
18955	-17.1222394292716
18956	-17.3646057827597
18957	-17.5799977892062
18958	-17.7596849161769
18959	-17.8924460548367
18960	-17.979253430245
18961	-18.036943650213
18962	-18.0867062789603
18963	-18.151144093663
18964	-18.2448857197648
18965	-18.374594533963
18966	-18.5440092663265
18967	-18.7516577101165
18968	-18.9934504407377
18969	-19.2640731611436
18970	-19.5570132930269
18971	-19.8659984825657
18972	-20.1833732892815
18973	-20.5015919217299
18974	-20.8145834466943
18975	-21.1180168457984
18976	-21.4100315154494
18977	-21.6875484025276
18978	-21.9483962249524
18979	-22.1922879378878
18980	-22.4188124703818
18981	-22.6279521652233
18982	-22.8199142842223
18983	-22.9951070406846
18984	-23.1535333231622
18985	-23.296092778719
18986	-23.4212011895042
18987	-23.5254026401808
18988	-23.6039275356293
18989	-23.6487497321213
18990	-23.651259463219
18991	-23.6029461355527
18992	-23.4940981097333
18993	-23.3165370081982
18994	-23.0715559825977
18995	-22.7622487971598
18996	-22.3832694655572
18997	-21.9299302267721
18998	-21.4008473193386
18999	-20.7948891370021
19000	-20.1085722919521
19001	-19.3380627886976
19002	-18.4867654873348
19003	-17.563178692852
19004	-16.5795974010388
19005	-15.5519648213728
19006	-14.4981111757107
19007	-13.4369952433949
19008	-12.3876200531641
19009	-11.3615142725814
19010	-10.3676471502796
19011	-9.4198829052214
19012	-8.5158419603345
19013	-7.65363932233678
19014	-6.84175985195551
19015	-6.09121668521007
19016	-5.41643918372176
19017	-4.8472787040091
19018	-4.39727882690298
19019	-4.02777489418912
19020	-3.69182763213343
19021	-3.36703987598527
19022	-3.04818459082889
19023	-2.74095536324009
19024	-2.44789066856004
19025	-2.15942435764061
19026	-1.86311078242191
19027	-1.55879303986451
19028	-1.26293497825517
19029	-0.990011568107991
19030	-0.739904206290463
19031	-0.502485374707055
19032	-0.2782366809709
19033	-0.082703259000705
19034	0.0807377521500756
19035	0.217891282046207
19036	0.341199605150779
19037	0.460362847948747
19038	0.584383704472635
19039	0.724034579589118
19040	0.885058134134646
19041	1.07212914680787
19042	1.28547126707914
19043	1.52376426864174
19044	1.78515276881887
19045	2.06626925719278
19046	2.36273720207182
19047	2.67112560554716
19048	2.98668782275521
19049	3.30518364809122
19050	3.6252935137132
19051	3.94468283673082
19052	4.26094463592791
19053	4.57097976231436
19054	4.86716837443296
19055	5.14106019128041
19056	5.38963442199312
19057	5.60773495519982
19058	5.78323627372421
19059	5.91494904936826
19060	6.00101644160328
19061	6.04105283140441
19062	6.0481289082402
19063	6.03849815501616
19064	6.02487153154549
19065	6.00845384865031
19066	5.98454466056964
19067	5.95982023421579
19068	5.94586418181539
19069	5.95093735562621
19070	5.98078560235715
19071	6.03687060810069
19072	6.12120824816684
19073	6.23450819113019
19074	6.37695143599867
19075	6.54889104413326
19076	6.74554418071071
19077	6.96093049022181
19078	7.19179152244988
19079	7.43493133918003
19080	7.68482916813501
19081	7.9381039052364
19082	8.19368484225346
19083	8.44809416685282
19084	8.69639067545359
19085	8.92866022861643
19086	9.12912005443462
19087	9.28489144401887
19088	9.37704363864359
19089	9.39712803902234
19090	9.36453257090067
19091	9.30048217007923
19092	9.22004438091489
19093	9.13760425649719
19094	9.06553610867513
19095	9.01236128592534
19096	8.98227255752936
19097	8.97413442027848
19098	8.98624642587663
19099	9.01763676399942
19100	9.06591023993874
19101	9.12665673236019
19102	9.19645527604697
19103	9.27152993749835
19104	9.34955363216648
19105	9.42892557935527
19106	9.50600034435188
19107	9.58087557408428
19108	9.65137714311728
19109	9.71510988302057
19110	9.77297142061647
19111	9.82598333315448
19112	9.87426260001545
19113	9.91623208632756
19114	9.95065290264216
19115	9.97743771388973
19116	9.9979129384391
19117	10.0134536198991
19118	10.0245564846609
19119	10.0317088152004
19120	10.0342858879038
19121	10.0325464986606
19122	10.027413323067
19123	10.0189859364062
19124	10.0078489193622
19125	9.99490596662623
19126	9.97928713826936
19127	9.9604078226779
19128	9.94118774373576
19129	9.92417192457113
19130	9.91004499166039
19131	9.89712552365229
19132	9.87752025440592
19133	9.8374264490209
19134	9.7636567407894
19135	9.64635561239308
19136	9.47748150820204
19137	9.25058115427935
19138	8.96118348391363
19139	8.60983498221454
19140	8.19674177805292
19141	7.72543191859409
19142	7.20245534367443
19143	6.6349481675435
19144	6.03191239066148
19145	5.40047245674266
19146	4.74910332889712
19147	4.08870001339488
19148	3.4282366687194
19149	2.77499068168776
19150	2.13749729782601
19151	1.52148238589827
19152	0.932922085424119
19153	0.375304335156614
19154	-0.14947405842288
19155	-0.638976293518057
19156	-1.09536502382569
19157	-1.5190447912631
19158	-1.90897237899443
19159	-2.26808767762725
19160	-2.60069462266663
19161	-2.90929365257272
19162	-3.19433228172366
19163	-3.45716813503352
19164	-3.7014843498171
19165	-3.9296532470213
19166	-4.14276399560607
19167	-4.34174512847449
19168	-4.52727296722518
19169	-4.6997517750175
19170	-4.85925493262334
19171	-5.00596067458835
19172	-5.14085937579582
19173	-5.26528247593155
19174	-5.37961274810755
19175	-5.48639036046553
19176	-5.58647580049597
19177	-5.67793057171407
19178	-5.75753877569413
19179	-5.82180785987707
19180	-5.86656024117394
19181	-5.87871041125078
19182	-5.85199273743028
19183	-5.7940721271653
19184	-5.71080005567389
19185	-5.60649395637271
19186	-5.48520860908684
19187	-5.35041432391718
19188	-5.20361587080607
19189	-5.04656986684228
19190	-4.88061378454167
19191	-4.70581075413827
19192	-4.52221927161583
19193	-4.33041672048204
19194	-4.1312326158498
19195	-3.92369643064324
19196	-3.70878506899796
19197	-3.48654475787233
19198	-3.25478242293898
19199	-3.0124987725221
19200	-2.75967165127699
19201	-2.49766327273805
19202	-2.22859563316306
19203	-1.95457306299149
19204	-1.67749042942857
19205	-1.39829998759674
19206	-1.11885706372636
19207	-0.84106823643588
19208	-0.567393368422306
19209	-0.300954149661825
19210	-0.0433197489395732
19211	0.203877249310119
19212	0.440125936022801
19213	0.665088238070162
19214	0.877833251528884
19215	1.07807144723354
19216	1.26715750991151
19217	1.44644947147877
19218	1.61684485980936
19219	1.7788252573798
19220	1.93037541554737
19221	2.0699525833949
19222	2.19854711815337
19223	2.31616340123582
19224	2.42324691851805
19225	2.52031554688118
19226	2.60799273247831
19227	2.68864038777532
19228	2.76338787854301
19229	2.83491854964181
19230	2.90703158087208
19231	2.98482219148374
19232	3.07048631494144
19233	3.16504729639073
19234	3.26487680462925
19235	3.35826408920921
19236	3.43271125229358
19237	3.47654782103024
19238	3.47821824602745
19239	3.42981481513852
19240	3.33228615191181
19241	3.18766292676938
19242	2.99611049151245
19243	2.7598792404404
19244	2.48234020301478
19245	2.16429085788725
19246	1.80786246084425
19247	1.41807773033124
19248	0.998202707909289
19249	0.554514771230363
19250	0.0924677322616274
19251	-0.383271811146708
19252	-0.865511821329529
19253	-1.34828767735641
19254	-1.82456390584561
19255	-2.28937455404363
19256	-2.73906351448544
19257	-3.16786675297523
19258	-3.57402347687667
19259	-3.95596497252712
19260	-4.30980286747922
19261	-4.63523328740411
19262	-4.93332371919695
19263	-5.20372491831175
19264	-5.44543186984495
19265	-5.66002170267819
19266	-5.85289288022404
19267	-6.02636927477324
19268	-6.17877766489045
19269	-6.30942677367497
19270	-6.41978528427073
19271	-6.51201291212965
19272	-6.58803145655797
19273	-6.64765718199167
19274	-6.69273412332116
19275	-6.72761483595381
19276	-6.75279760418339
19277	-6.76704867334717
19278	-6.77254117117794
19279	-6.77048503986718
19280	-6.75814979948978
19281	-6.7349763879268
19282	-6.69955776294308
19283	-6.64548994574017
19284	-6.55973253302706
19285	-6.42953053398802
19286	-6.2518053974246
19287	-6.02394138310315
19288	-5.73656843122964
19289	-5.38318079262632
19290	-4.96522093365679
19291	-4.49843501179641
19292	-3.99652020591606
19293	-3.46698930045918
19294	-2.92114303745587
19295	-2.36887524440146
19296	-1.81570172110146
19297	-1.26308334632934
19298	-0.717121964336927
19299	-0.192138537035001
19300	0.297793412052423
19301	0.740715994103919
19302	1.13025429552237
19303	1.46853194162798
19304	1.76257801470284
19305	2.01756867536119
19306	2.23410128601418
19307	2.41167299301087
19308	2.55197732618893
19309	2.65991652780946
19310	2.74076449815573
19311	2.78998922059527
19312	2.80114344142741
19313	2.78405265644765
19314	2.75891099500613
19315	2.75113625808727
19316	2.78719307108998
19317	2.88738048725199
19318	3.06523041590347
19319	3.32496174769301
19320	3.66599854864188
19321	4.08038992130332
19322	4.55488533161904
19323	5.07590444444627
19324	5.62848925125618
19325	6.20107995587631
19326	6.78185027350646
19327	7.35859032816759
19328	7.92366961677325
19329	8.47103034625918
19330	8.9963655110137
19331	9.4972210844075
19332	9.97171897067788
19333	10.4202024727766
19334	10.84462783003
19335	11.2485725448609
19336	11.6343510056897
19337	12.0037480827653
19338	12.3585452317732
19339	12.6997936428438
19340	13.0300061033105
19341	13.3478253513579
19342	13.6487041630506
19343	13.9338817076278
19344	14.2136464724176
19345	14.4884961184531
19346	14.7512072254194
19347	14.9900734325033
19348	15.1855654792946
19349	15.3265349967782
19350	15.4159886721644
19351	15.4627453835433
19352	15.4840582220117
19353	15.4976647375693
19354	15.5133780286792
19355	15.5383023294691
19356	15.5766881515853
19357	15.629605454763
19358	15.6973518341635
19359	15.7813416149175
19360	15.8824223026784
19361	15.9974210274468
19362	16.1212658189331
19363	16.2516587039786
19364	16.3875448528035
19365	16.5298208239593
19366	16.6800241004949
19367	16.8366975423273
19368	16.9959786255884
19369	17.1462156923304
19370	17.2690094577209
19371	17.3495779358693
19372	17.3936732196806
19373	17.4112829185391
19374	17.4063634137594
19375	17.3849432680143
19376	17.348582922506
19377	17.2946612004981
19378	17.2208473233394
19379	17.1249944292303
19380	17.0128856887681
19381	16.8887377068524
19382	16.7479364549546
19383	16.5925152805004
19384	16.4282025501138
19385	16.250788718161
19386	16.0558006188881
19387	15.8356766686907
19388	15.5772889640366
19389	15.2852156672316
19390	14.9690619108272
19391	14.6277564534313
19392	14.2607749809891
19393	13.8750328397871
19394	13.4670800030556
19395	13.029375899494
19396	12.5701686994435
19397	12.1023945506901
19398	11.6305479006041
19399	11.1567634399338
19400	10.6804604410488
19401	10.20083153371
19402	9.72356131626971
19403	9.24830822860732
19404	8.77274595069873
19405	8.30055523003402
19406	7.83607322404233
19407	7.38271851925736
19408	6.94450732932949
19409	6.52619486783162
19410	6.13449599999444
19411	5.78291050010175
19412	5.47381337945438
19413	5.19782783439265
19414	4.94304460549424
19415	4.69821677148532
19416	4.45843611592003
19417	4.22523379416992
19418	4.00714087278956
19419	3.81970469560985
19420	3.67051760555109
19421	3.54551526859709
19422	3.4351981478719
19423	3.34362588003354
19424	3.2750846807937
19425	3.22150086243227
19426	3.16523378702231
19427	3.09253910508902
19428	2.99402589426758
19429	2.86526953199633
19430	2.70229012301893
19431	2.50753673927764
19432	2.29174879294356
19433	2.05799749594854
19434	1.80954585998413
19435	1.56590409756438
19436	1.34958738316486
19437	1.1764805336224
19438	1.04970167540843
19439	0.963338240415026
19440	0.911393548033922
19441	0.881647649764592
19442	0.858854232437045
19443	0.827664936541147
19444	0.79369607529496
19445	0.77675558285313
19446	0.780672035371581
19447	0.800223773480126
19448	0.824527654280512
19449	0.84453858571936
19450	0.856902612622928
19451	0.857521360322906
19452	0.84364966983119
19453	0.815831611029021
19454	0.776009372371012
19455	0.72528220271813
19456	0.661830048553305
19457	0.584745732800697
19458	0.497029991603897
19459	0.401163932192877
19460	0.298791589496577
19461	0.193063521249714
19462	0.0862597819137148
19463	-0.0208629577536443
19464	-0.127175968127543
19465	-0.232391861627777
19466	-0.336093682715219
19467	-0.43885883168515
19468	-0.54003588786625
19469	-0.634562148295693
19470	-0.713430572792406
19471	-0.759682711751951
19472	-0.754343721192169
19473	-0.685207691199985
19474	-0.540419720605215
19475	-0.309413253039322
19476	0.013080825904784
19477	0.43186046138843
19478	0.948883874419671
19479	1.55871815148723
19480	2.24898497467818
19481	3.00651456711638
19482	3.81873532905332
19483	4.66937092655261
19484	5.54032467258429
19485	6.41311390081615
19486	7.27158222454957
19487	8.1036993749272
19488	8.90032046387532
19489	9.65460212448899
19490	10.3619178735827
19491	11.0191941478159
19492	11.627810024682
19493	12.1918956830464
19494	12.7133248604231
19495	13.195013173915
19496	13.6459656836695
19497	14.0701560960935
19498	14.4573884925781
19499	14.8038997385382
19500	15.1127745521012
19501	15.3845879101549
19502	15.6293280393054
19503	15.8612564803417
19504	16.0933553103796
19505	16.3371917028895
19506	16.5982087469087
19507	16.8784754588684
19508	17.1769899077667
19509	17.4908548900831
19510	17.8170559973976
19511	18.1529261571555
19512	18.4952096551239
19513	18.8391236983594
19514	19.180749108185
19515	19.5149585591818
19516	19.83553362411
19517	20.1310102233493
19518	20.384461245138
19519	20.5817749481182
19520	20.714092664079
19521	20.7731773764329
19522	20.7644418341057
19523	20.7181486183413
19524	20.6543896231806
19525	20.5582657707861
19526	20.4193307858585
19527	20.2410725337057
19528	20.0289804240415
19529	19.789302484415
19530	19.5217625653489
19531	19.2203789406328
19532	18.8839147139237
19533	18.5274928886669
19534	18.1574676524996
19535	17.7652039965008
19536	17.3483285052244
19537	16.9109742047608
19538	16.4556345819544
19539	15.9845785182736
19540	15.5001966916807
19541	15.0003214989347
19542	14.487426558099
19543	13.9679564419708
19544	13.4471537389318
19545	12.9309361711418
19546	12.4241015551939
19547	11.9314533574992
19548	11.4573161346185
19549	11.0023385004852
19550	10.5683762865435
19551	10.1597037521858
19552	9.77733921925979
19553	9.41795789888045
19554	9.07684171642173
19555	8.75296142894669
19556	8.44913898626645
19557	8.16788508231809
19558	7.91057499167196
19559	7.67758614464582
19560	7.47099347957606
19561	7.29485622290149
19562	7.15521767097972
19563	7.03939118113347
19564	6.92942891918468
19565	6.81825708441245
19566	6.69640278408461
19567	6.55841200447083
19568	6.40274885971944
19569	6.22993448864902
19570	6.05053922428228
19571	5.87372214960504
19572	5.69977273387756
19573	5.53046749432636
19574	5.370145180243
19575	5.22588197866731
19576	5.10194648078358
19577	4.99120800584828
19578	4.88262647375312
19579	4.76884340484337
19580	4.64672096687723
19581	4.52177195456189
19582	4.40514401481827
19583	4.30098093143084
19584	4.20183798382785
19585	4.10019483937828
19586	3.99543320692676
19587	3.8882367435057
19588	3.78317933076184
19589	3.68415769823036
19590	3.58766460177212
19591	3.48942002612576
19592	3.38656434706997
19593	3.27941517407909
19594	3.17681464672344
19595	3.08760137204038
19596	3.00728229771514
19597	2.92770517487112
19598	2.84625683121309
19599	2.76066253285171
19600	2.6767803875616
19601	2.60942807508269
19602	2.56123565134566
19603	2.52623173368482
19604	2.50135046653579
19605	2.48440125498777
19606	2.47933625797021
19607	2.49063146759034
19608	2.51534428951723
19609	2.54946420692067
19610	2.58991512090868
19611	2.63560091697587
19612	2.69205992181816
19613	2.76378698776349
19614	2.85415216259708
19615	2.96975707713107
19616	3.11186326066618
19617	3.27252783337691
19618	3.43692093262443
19619	3.59802327519438
19620	3.75319111517862
19621	3.90406823806654
19622	4.05224580041618
19623	4.19797227926559
19624	4.34005765860363
19625	4.47676065407724
19626	4.60314785834408
19627	4.70830448737133
19628	4.78661760559142
19629	4.83612379282353
19630	4.85929410854858
19631	4.86138105176867
19632	4.85281119209663
19633	4.83666954677544
19634	4.80726185293744
19635	4.75891608154564
19636	4.69012430093033
19637	4.61308078128053
19638	4.54077147692689
19639	4.47812955511261
19640	4.4172987661488
19641	4.34266139384025
19642	4.24447893553556
19643	4.1140481141156
19644	3.94467675430818
19645	3.73386765141039
19646	3.47979749866174
19647	3.18345569470627
19648	2.84961972239429
19649	2.48578640147824
19650	2.10309597900222
19651	1.71921966659203
19652	1.35368003356356
19653	1.01900247870128
19654	0.723029125410775
19655	0.47501154963534
19656	0.267920220139181
19657	0.0913236884834702
19658	-0.0618743836215446
19659	-0.211465771690337
19660	-0.374676536001407
19661	-0.561464774884101
19662	-0.774813968242665
19663	-1.00537977724147
19664	-1.23686314814071
19665	-1.46077592229088
19666	-1.676807784315
19667	-1.88277655617436
19668	-2.07887177691123
19669	-2.26694598978182
19670	-2.45053888220422
19671	-2.63606035114669
19672	-2.82858615016163
19673	-3.02887864263882
19674	-3.23616131872461
19675	-3.450551564717
19676	-3.66934854625472
19677	-3.88820497172714
19678	-4.0964212489982
19679	-4.27618138516833
19680	-4.40683454737447
19681	-4.4702945577107
19682	-4.46514238553593
19683	-4.4097582063286
19684	-4.31915663109613
19685	-4.19999653751864
19686	-4.05665953325925
19687	-3.88395149048504
19688	-3.68132820151435
19689	-3.45052492780149
19690	-3.20033305517245
19691	-2.94429719012805
19692	-2.68471182378214
19693	-2.42043372981605
19694	-2.14925959593826
19695	-1.870418299884
19696	-1.58670348359296
19697	-1.29970855950501
19698	-1.00860300167536
19699	-0.713910326131312
19700	-0.419115898346313
19701	-0.126050011117005
19702	0.165608930493996
19703	0.454427661869937
19704	0.737604981381793
19705	1.01322029861311
19706	1.28242524926753
19707	1.54608825817699
19708	1.80341887293427
19709	2.0537455401963
19710	2.2961359685678
19711	2.52802206641781
19712	2.74682644128474
19713	2.95330764050598
19714	3.14976276545693
19715	3.33735001351197
19716	3.5189840333076
19717	3.69796666639079
19718	3.88361856274222
19719	4.08168297151857
19720	4.30059182337646
19721	4.55914648891087
19722	4.86532270352585
19723	5.22032749131874
19724	5.61956291486524
19725	6.05406623096813
19726	6.52172256663726
19727	7.0086575528396
19728	7.5091353363806
19729	8.03278428258552
19730	8.58159942302861
19731	9.14851490331647
19732	9.72482672803587
19733	10.3013036708549
19734	10.8642069451117
19735	11.4084783527772
19736	11.933524642622
19737	12.435625243669
19738	12.9173796784923
19739	13.3841146342443
19740	13.8367531250808
19741	14.2763120423792
19742	14.6986228057423
19743	15.095747132734
19744	15.459749373139
19745	15.7804493972026
19746	16.0567951012145
19747	16.2975277697909
19748	16.5111652348468
19749	16.7056075574966
19750	16.8905984005742
19751	17.0705066158632
19752	17.2454628686126
19753	17.4176462601222
19754	17.5849163820085
19755	17.7390211545415
19756	17.8765692739194
19757	17.9935822449589
19758	18.0878571734735
19759	18.1605636671859
19760	18.2186913035697
19761	18.2720630780963
19762	18.3258018210751
19763	18.3801853187163
19764	18.4322085385626
19765	18.4789928441931
19766	18.5201633448366
19767	18.5617808059542
19768	18.6076007451304
19769	18.6573661028414
19770	18.705166327084
19771	18.7435289490487
19772	18.7720119516342
19773	18.7932635152238
19774	18.8109587440789
19775	18.8265279658146
19776	18.8348354127771
19777	18.829090872939
19778	18.8063098903758
19779	18.7686022149275
19780	18.7227706411037
19781	18.6714892258391
19782	18.6150304247526
19783	18.5559502729665
19784	18.4879447711674
19785	18.4076594121091
19786	18.3190223051827
19787	18.2237518260576
19788	18.1270908664411
19789	18.0322646146055
19790	17.9340154818483
19791	17.8281947117748
19792	17.7158857033052
19793	17.5948906076002
19794	17.4704652172478
19795	17.3537453248641
19796	17.2537529914228
19797	17.1808004767755
19798	17.141476180654
19799	17.1394932487418
19800	17.1765365045129
19801	17.2527495833136
19802	17.3665835177557
19803	17.5148671480879
19804	17.6943850154772
19805	17.9014388363967
19806	18.1320802016249
19807	18.3823752987833
19808	18.6488519878064
19809	18.9284143655719
19810	19.2170326134618
19811	19.5086900489193
19812	19.79139376721
19813	20.0499733329521
19814	20.2687657132869
19815	20.4279592925271
19816	20.5134716011405
19817	20.5364306441515
19818	20.5222060547816
19819	20.4928355531983
19820	20.4653226620759
19821	20.450939007909
19822	20.4577071514728
19823	20.4898729805341
19824	20.5482458716576
19825	20.6324612588803
19826	20.7398421468758
19827	20.8663551066788
19828	21.0087119355692
19829	21.1613800871703
19830	21.3195623123556
19831	21.4813608850946
19832	21.6439173211676
19833	21.8047660396723
19834	21.961891999876
19835	22.1123404392524
19836	22.2550005301152
19837	22.3898726333456
19838	22.5152624970914
19839	22.6285127864254
19840	22.7284193168457
19841	22.8160915849877
19842	22.892471225122
19843	22.95849051223
19844	23.0153776932375
19845	23.0646536077447
19846	23.1079219512886
19847	23.1479717568105
19848	23.1846541976453
19849	23.2153812257019
19850	23.2338969570264
19851	23.2240688091625
19852	23.1701007026142
19853	23.0624480327278
19854	22.893755287431
19855	22.6575230720839
19856	22.3461431382624
19857	21.9547744643986
19858	21.4807432372656
19859	20.9229859888774
19860	20.285903344462
19861	19.5772067958641
19862	18.8070447139547
19863	17.9849237248333
19864	17.1231145874996
19865	16.2372286339568
19866	15.3404785980284
19867	14.4447472324112
19868	13.5620838481144
19869	12.704109019509
19870	11.8785431927246
19871	11.0926608817236
19872	10.3518072923066
19873	9.6580679534477
19874	9.01068298996241
19875	8.40598974187184
19876	7.84158773954965
19877	7.31898706662499
19878	6.83874985771014
19879	6.39963893217819
19880	6.00585111470406
19881	5.66731058478637
19882	5.38678792085951
19883	5.15620674629929
19884	4.96525861745413
19885	4.8008325177481
19886	4.6501105048563
19887	4.5039255514151
19888	4.35530862191998
19889	4.20009556249758
19890	4.035387538981
19891	3.85993870604633
19892	3.67706583073013
19893	3.49274575268769
19894	3.31523439712151
19895	3.15053585191703
19896	2.99809352413682
19897	2.8551720844848
19898	2.72065133286721
19899	2.59475672384623
19900	2.47727425998223
19901	2.37072125069824
19902	2.27808773236556
19903	2.20188556479773
19904	2.1472302146413
19905	2.12425410650354
19906	2.13929624662393
19907	2.18945442863674
19908	2.26869190159314
19909	2.36939231916417
19910	2.47767242774755
19911	2.59139648960073
19912	2.71169077456507
19913	2.82765614569061
19914	2.93093591708457
19915	3.01828428576911
19916	3.08845675315213
19917	3.14034530195676
19918	3.17338561618571
19919	3.18656488462917
19920	3.18041445697159
19921	3.15741798237294
19922	3.11868728415076
19923	3.06497933753678
19924	2.9981629639355
19925	2.91998607697306
19926	2.83205629852307
19927	2.73656073018626
19928	2.63500079210624
19929	2.52792742999596
19930	2.41756705394046
19931	2.30788024316442
19932	2.20255569041521
19933	2.10506338437109
19934	2.01436705574448
19935	1.92581104879596
19936	1.83841718317859
19937	1.75733457687903
19938	1.69510647251063
19939	1.65992360636535
19940	1.64357897614849
19941	1.6271989472451
19942	1.59731785492759
19943	1.54526961661135
19944	1.46261795604151
19945	1.34705041659978
19946	1.19889888586076
19947	1.02044469074573
19948	0.815020412909998
19949	0.586858584089478
19950	0.339569151698009
19951	0.0785757532457021
19952	-0.189559867886668
19953	-0.460716115495433
19954	-0.732181887974466
19955	-0.999617835538888
19956	-1.25819813322488
19957	-1.50563342922156
19958	-1.74038111425141
19959	-1.96228497993568
19960	-2.17234721728942
19961	-2.36907837508675
19962	-2.55114963720977
19963	-2.72119468182902
19964	-2.88125564134464
19965	-3.03244829503961
19966	-3.17432973827623
19967	-3.30616441154821
19968	-3.42732772369765
19969	-3.53860176926457
19970	-3.64142572525104
19971	-3.73579466791802
19972	-3.82161738607635
19973	-3.899805419426
19974	-3.97067537949812
19975	-4.03391358638878
19976	-4.09105636653176
19977	-4.14182269170695
19978	-4.18534573518424
19979	-4.22150158171205
19980	-4.25153201130276
19981	-4.27774685979865
19982	-4.30013777567237
19983	-4.31747846942129
19984	-4.32360472984803
19985	-4.30838441504122
19986	-4.25942386847258
19987	-4.15934863361626
19988	-3.99349515631794
19989	-3.75300554737349
19990	-3.43247191435714
19991	-3.02863984462736
19992	-2.54001874681734
19993	-1.96948491107331
19994	-1.32185569179839
19995	-0.603766562418899
19996	0.172555890880135
19997	0.995141699328834
19998	1.85416840052239
19999	2.73692712694933
20000	3.62930410933418
20001	4.517325775862
20002	5.38757934398993
20003	6.22803223133758
20004	7.02781919874117
20005	7.78294557500664
20006	8.49404797433643
20007	9.15961034257921
20008	9.77827012392726
20009	10.3523910630332
20010	10.8843920682223
20011	11.3768821181945
20012	11.8344144022261
20013	12.258866071331
20014	12.6529086346459
20015	13.0210722416903
20016	13.3666240652442
20017	13.6925382330449
20018	14.0002907195882
20019	14.2921882353758
20020	14.5713087232401
20021	14.8379172773769
20022	15.091225040843
20023	15.332731831109
20024	15.5647233536047
20025	15.7880376346889
20026	16.0036413294144
20027	16.2121204463018
20028	16.4133089905472
20029	16.6056793840938
20030	16.7876380536508
20031	16.9599538884348
20032	17.1227478208029
20033	17.2761874061672
20034	17.4212558279601
20035	17.558079993236
20036	17.6877371921826
20037	17.810191304612
20038	17.92436947178
20039	18.0298092435189
20040	18.1209627602951
20041	18.190430862994
20042	18.2287325179839
20043	18.2272787501226
20044	18.1783491300015
20045	18.069953830563
20046	17.8905752297983
20047	17.6333043060731
20048	17.2961247173188
20049	16.8793299687532
20050	16.3816204581291
20051	15.8012731405935
20052	15.1414924823753
20053	14.4116150528231
20054	13.6204030837318
20055	12.777449027514
20056	11.9003369429222
20057	11.0060842355477
20058	10.1078050996976
20059	9.2216958849977
20060	8.36163978954885
20061	7.53837776539524
20062	6.76041095397984
20063	6.03172335578224
20064	5.35488109950051
20065	4.73076714400435
20066	4.15633400686628
20067	3.62704493254035
20068	3.139187971594
20069	2.68903136822372
20070	2.27139776788096
20071	1.88332613157325
20072	1.5220987952212
20073	1.18299786587383
20074	0.862213259047008
20075	0.558943041473377
20076	0.27840111794372
20077	0.0282768672146955
20078	-0.185593563924312
20079	-0.358340943671477
20080	-0.482835630161613
20081	-0.55641419282409
20082	-0.586479871368601
20083	-0.586782731971875
20084	-0.562653367621694
20085	-0.516720042354259
20086	-0.45276891098399
20087	-0.37357282491601
20088	-0.282425994402627
20089	-0.182855468446919
20090	-0.0710766473782676
20091	0.0609333991816932
20092	0.21378577524445
20093	0.385507666643124
20094	0.576193183669644
20095	0.795353110865154
20096	1.04008251103931
20097	1.29808910071619
20098	1.56621885144065
20099	1.85565151610972
20100	2.1809533375761
20101	2.5395436196696
20102	2.92275975343333
20103	3.32253353208625
20104	3.73831182787333
20105	4.1651817932421
20106	4.59003930390999
20107	5.00113226563031
20108	5.4001584435902
20109	5.79896791341286
20110	6.20200927854505
20111	6.61207462684471
20112	7.03039322513119
20113	7.45521738384653
20114	7.88186244760105
20115	8.30592077313064
20116	8.72386082397338
20117	9.13251215878991
20118	9.52864164261013
20119	9.90881934103617
20120	10.2697364377677
20121	10.6091477529759
20122	10.9275389103457
20123	11.2278298277555
20124	11.5147199326651
20125	11.794973611084
20126	12.0627796331687
20127	12.3009333340624
20128	12.5055495556084
20129	12.6935906560201
20130	12.8808095926196
20131	13.0770490509829
20132	13.293220365731
20133	13.5357417257828
20134	13.807593798649
20135	14.1048309295632
20136	14.4192180232397
20137	14.7451841715392
20138	15.0696663373578
20139	15.3806632572606
20140	15.6745555869296
20141	15.9502773608721
20142	16.2101784613259
20143	16.4541247968865
20144	16.680995891821
20145	16.8869731572464
20146	17.0728302036922
20147	17.2391256686794
20148	17.3789522445264
20149	17.4844645876625
20150	17.5537843850972
20151	17.5967127860262
20152	17.6121960380065
20153	17.5933018215176
20154	17.5392541858857
20155	17.4563439983783
20156	17.3518307541112
20157	17.2277238777867
20158	17.0889984391556
20159	16.9310195262178
20160	16.7520406025718
20161	16.5617604943986
20162	16.3548762928644
20163	16.1257907185812
20164	15.8683829087783
20165	15.5705897289943
20166	15.2231975766325
20167	14.8268747773591
20168	14.3911779869169
20169	13.9267951238749
20170	13.4381258896952
20171	12.9301014870031
20172	12.4191176622116
20173	11.9062695814485
20174	11.3881659875828
20175	10.876188711197
20176	10.3826108387302
20177	9.91345378625343
20178	9.4683060238354
20179	9.04531463606706
20180	8.64701078510499
20181	8.274682428869
20182	7.92659712273685
20183	7.60253544760702
20184	7.30107008601812
20185	7.0197314729683
20186	6.75873896842448
20187	6.51747566773611
20188	6.29035565740763
20189	6.07388452036653
20190	5.86776966341061
20191	5.671947142119
20192	5.4881965017361
20193	5.31725870928055
20194	5.15645438064208
20195	5.00335698773864
20196	4.85961856561353
20197	4.72797818035699
20198	4.60986326756137
20199	4.50872453956955
20200	4.43266656404043
20201	4.38643296103287
20202	4.37405435310582
20203	4.39863998533856
20204	4.45894235001753
20205	4.55486665123972
20206	4.68518380505995
20207	4.84969325465887
20208	5.04612135667059
20209	5.27021351198957
20210	5.51856248968341
20211	5.78947161242861
20212	6.08222313423367
20213	6.39427379517715
20214	6.72315755095577
20215	7.06649959640229
20216	7.42061775845591
20217	7.78281732767854
20218	8.15155552490368
20219	8.52510554724344
20220	8.90178211553718
20221	9.27658401783283
20222	9.6459000027279
20223	10.008468146594
20224	10.3609299437764
20225	10.7004292251035
20226	11.026412608294
20227	11.3379054026457
20228	11.6322450925783
20229	11.9061584091963
20230	12.1576822895951
20231	12.3875219637183
20232	12.5962243961843
20233	12.7857096660171
20234	12.9583503964561
20235	13.1138848489373
20236	13.2530464226618
20237	13.3770528915112
20238	13.4855844626594
20239	13.577043030623
20240	13.6513518494697
20241	13.7090859314988
20242	13.7497183537103
20243	13.7737621243216
20244	13.7823671908868
20245	13.7756850312546
20246	13.7528504930383
20247	13.7125977116751
20248	13.6532872464797
20249	13.5754270531446
20250	13.4802173205757
20251	13.3676448985933
20252	13.2375775519941
20253	13.0910125809857
20254	12.9293431454268
20255	12.7532148307898
20256	12.5650482551472
20257	12.3661473975793
20258	12.1541526562459
20259	11.9214953901463
20260	11.6580451585255
20261	11.3567798957891
20262	11.0340186068483
20263	10.7141795177182
20264	10.4136161112351
20265	10.1526919050337
20266	9.94543198177681
20267	9.79393129892832
20268	9.69857119210419
20269	9.65710067008909
20270	9.66650586554768
20271	9.72516790248736
20272	9.82676306857025
20273	9.96663339268053
20274	10.1400893215632
20275	10.3418075753336
20276	10.5666275873783
20277	10.8083622528027
20278	11.06160163775
20279	11.3228145935524
20280	11.5872468123801
20281	11.8481772326447
20282	12.102498132147
20283	12.3496960834227
20284	12.5862855775239
20285	12.8089103930131
20286	13.0179017061251
20287	13.2138358707711
20288	13.3949954162851
20289	13.5601557347176
20290	13.7099790310646
20291	13.8473365221873
20292	13.9731689473729
20293	14.0836697477242
20294	14.1747626736696
20295	14.2417485342004
20296	14.2769107679803
20297	14.2693192917798
20298	14.2076839881533
20299	14.0810003531762
20300	13.8804279919765
20301	13.5983843886551
20302	13.2275291012067
20303	12.7622686734617
20304	12.2001887738415
20305	11.5466084424592
20306	10.8108099481925
20307	10.00522631281
20308	9.14335639824861
20309	8.23885037091528
20310	7.30705654937494
20311	6.36352064070359
20312	5.42277916370393
20313	4.49910599831118
20314	3.6043126250842
20315	2.74663830609356
20316	1.93265129753613
20317	1.16537712340929
20318	0.445909911331554
20319	-0.224601348255686
20320	-0.850406321771575
20321	-1.43715365585292
20322	-1.9872491018632
20323	-2.50194063104287
20324	-2.9837627299927
20325	-3.43599258025754
20326	-3.85759866533622
20327	-4.24508674172618
20328	-4.59316978395534
20329	-4.89109033122205
20330	-5.13577397663946
20331	-5.34089641647231
20332	-5.5246463263324
20333	-5.70558232432644
20334	-5.90234099319009
20335	-6.12171453807443
20336	-6.35823709012945
20337	-6.60216040324436
20338	-6.84716402723925
20339	-7.09651437292212
20340	-7.35423858750016
20341	-7.60657261624205
20342	-7.8290963680815
20343	-8.01069420773982
20344	-8.15649177905051
20345	-8.28298646750496
20346	-8.41151815150426
20347	-8.55853693804024
20348	-8.73388210205176
20349	-8.93561116188197
20350	-9.15012453878284
20351	-9.36588905050115
20352	-9.57825883712902
20353	-9.78115701424051
20354	-9.96601066759506
20355	-10.1286485550811
20356	-10.2770894404868
20357	-10.4228075777749
20358	-10.5615954496268
20359	-10.6748202464148
20360	-10.7514983948264
20361	-10.7947187076991
20362	-10.812391298493
20363	-10.8139185459728
20364	-10.8037945571922
20365	-10.7810791957632
20366	-10.7441318626317
20367	-10.6946977806408
20368	-10.6373291821328
20369	-10.5700962720709
20370	-10.4895512264593
20371	-10.3972301591808
20372	-10.2820326394032
20373	-10.1266601582478
20374	-9.91973209123558
20375	-9.65251801947955
20376	-9.31847220456417
20377	-8.91352231297982
20378	-8.43652713084522
20379	-7.88826590795987
20380	-7.27518974129044
20381	-6.60504876900322
20382	-5.88683792120823
20383	-5.13171499641153
20384	-4.35417066552302
20385	-3.56968485437561
20386	-2.78978390950175
20387	-2.02682427255578
20388	-1.29040944535376
20389	-0.587684529300305
20390	0.0724561549808435
20391	0.68843632163714
20392	1.26364405471099
20393	1.80056602703989
20394	2.2989366222632
20395	2.75271491740962
20396	3.15097615845636
20397	3.49734662971437
20398	3.79948803117862
20399	4.06388840545212
20400	4.30617613846244
20401	4.53151508750179
20402	4.73662259685306
20403	4.91630669353007
20404	5.06840194577245
20405	5.19309558186997
20406	5.29576167536081
20407	5.38282939806547
20408	5.45102179606432
20409	5.49768948713811
20410	5.5227685116569
20411	5.52950693504121
20412	5.51861932469083
20413	5.49312693289173
20414	5.46293912384292
20415	5.43136342931946
20416	5.39702195582075
20417	5.35907734158603
20418	5.30831617751997
20419	5.23584956082895
20420	5.14097091679071
20421	5.02305415791242
20422	4.89108342468135
20423	4.74435799401847
20424	4.5853661776345
20425	4.42950895279682
20426	4.28584596005076
20427	4.16121101730243
20428	4.05988134691413
20429	3.98213070554853
20430	3.92640586824389
20431	3.89196494295419
20432	3.87955053768797
20433	3.8890395033487
20434	3.91629334203836
20435	3.95939251371864
20436	4.01569367721946
20437	4.0819717906833
20438	4.15741160542278
20439	4.24082751083388
20440	4.32770463169901
20441	4.41230471273736
20442	4.48637437591963
20443	4.53770975142789
20444	4.55453243183778
20445	4.52673988626771
20446	4.44763072747282
20447	4.31519438996055
20448	4.13136798916952
20449	3.90202071124169
20450	3.63225111082092
20451	3.32726145254185
20452	2.9934795591808
20453	2.63616995762777
20454	2.2594465609663
20455	1.86850294107835
20456	1.46796865681077
20457	1.06221903581721
20458	0.655916197204797
20459	0.255238701861162
20460	-0.131379018672809
20461	-0.496778915149035
20462	-0.837973422057331
20463	-1.15476444608603
20464	-1.4485732860481
20465	-1.72149525484706
20466	-1.97483134750808
20467	-2.20717323592079
20468	-2.43118717896001
20469	-2.65880568264242
20470	-2.89146989773679
20471	-3.13256689683856
20472	-3.37208003813714
20473	-3.60574331882481
20474	-3.8303659809561
20475	-4.04390562942684
20476	-4.26323170754566
20477	-4.50134131735841
20478	-4.76185488155043
20479	-5.0469551067553
20480	-5.35753444860573
20481	-5.69329792492809
20482	-6.05209524327234
20483	-6.42964610409532
20484	-6.82122778832447
20485	-7.22293119065774
20486	-7.62982591108962
20487	-8.0360049145918
20488	-8.43765293833656
20489	-8.83253731522573
20490	-9.21842689505787
20491	-9.59259401536431
20492	-9.95324149749335
20493	-10.2998606639334
20494	-10.6307761038925
20495	-10.9423963145594
20496	-11.2279179750776
20497	-11.4680302954698
20498	-11.659355532149
20499	-11.8173893530176
20500	-11.9593053513854
20501	-12.1012920198926
20502	-12.2519792735189
20503	-12.4169157806939
20504	-12.5878700038724
20505	-12.7428706438363
20506	-12.8646642551995
20507	-12.9598326573277
20508	-13.0457513262364
20509	-13.1368917552591
20510	-13.2392851520312
20511	-13.3379040532287
20512	-13.4084645375774
20513	-13.4498823530642
20514	-13.4817920694063
20515	-13.5163589057717
20516	-13.5443563379444
20517	-13.5483568258581
20518	-13.5253681115869
20519	-13.4862612206006
20520	-13.4452352502435
20521	-13.4066960246769
20522	-13.3542032968291
20523	-13.2756635337122
20524	-13.1708199812498
20525	-13.0448839800086
20526	-12.9071900688281
20527	-12.760466844319
20528	-12.5942812074071
20529	-12.3995784330861
20530	-12.1701308206913
20531	-11.8907455540704
20532	-11.5475316364006
20533	-11.13262616673
20534	-10.6471248204835
20535	-10.1008178580981
20536	-9.516576249509
20537	-8.9265430146724
20538	-8.3568100766581
20539	-7.79801535680086
20540	-7.24186932033983
20541	-6.68628838961484
20542	-6.12491658162127
20543	-5.57741140629427
20544	-5.05772117504811
20545	-4.55622408090429
20546	-4.06122094824758
20547	-3.57247979296949
20548	-3.10072076052983
20549	-2.65734464842625
20550	-2.25377929381598
20551	-1.90845262457616
20552	-1.61418366663089
20553	-1.37118707725913
20554	-1.20011451515042
20555	-1.09363191167649
20556	-1.05149042303918
20557	-1.05869857993473
20558	-1.09458688249199
20559	-1.15194445520185
20560	-1.21661579155627
20561	-1.29289640546948
20562	-1.39141943898788
20563	-1.51790277323482
20564	-1.68057274500991
20565	-1.88568166545194
20566	-2.13729021460355
20567	-2.43713866440759
20568	-2.78265534152394
20569	-3.17185350181581
20570	-3.60613220477487
20571	-4.08341897006621
20572	-4.59893194999953
20573	-5.14843289808407
20574	-5.72486564042862
20575	-6.32044156151462
20576	-6.92881342161591
20577	-7.54309790385613
20578	-8.15642116272234
20579	-8.76051107962604
20580	-9.34556347313892
20581	-9.90683959383694
20582	-10.44328800456
20583	-10.9496092490245
20584	-11.4193576058005
20585	-11.8521063113661
20586	-12.2515786719181
20587	-12.6215662157484
20588	-12.9638170277423
20589	-13.2788155642861
20590	-13.566607565921
20591	-13.8240007984897
20592	-14.0482560387243
20593	-14.2375841789698
20594	-14.372431004706
20595	-14.4505398646812
20596	-14.4897065809787
20597	-14.501386396439
20598	-14.4980778577217
20599	-14.4802417702362
20600	-14.4424622213761
20601	-14.3838179949972
20602	-14.3121963220297
20603	-14.2341301290676
20604	-14.151806086223
20605	-14.0670707987989
20606	-13.9788757331051
20607	-13.8861755733598
20608	-13.7915676731461
20609	-13.6896450006421
20610	-13.5751769872127
20611	-13.456134796328
20612	-13.3387884774672
20613	-13.2289888303591
20614	-13.1238707919987
20615	-13.0175957780922
20616	-12.915817355564
20617	-12.819676079447
20618	-12.7245034913674
20619	-12.6313999574289
20620	-12.5416554406637
20621	-12.4516599900399
20622	-12.3635003596811
20623	-12.273711211967
20624	-12.1745430394553
20625	-12.0651253870576
20626	-11.9404169998407
20627	-11.7991256215463
20628	-11.64893779991
20629	-11.4959794265284
20630	-11.3500601273798
20631	-11.2215334286991
20632	-11.1152490721344
20633	-11.0373861609797
20634	-10.9900399325091
20635	-10.9695634277269
20636	-10.9709825477662
20637	-10.9892965884634
20638	-11.0229401271735
20639	-11.0742432756483
20640	-11.142623877436
20641	-11.2207654497117
20642	-11.3013162471696
20643	-11.3851788125486
20644	-11.4704047285275
20645	-11.5507700121492
20646	-11.6183852287222
20647	-11.6704873402029
20648	-11.7148947167008
20649	-11.7552256274274
20650	-11.7899412848217
20651	-11.8187347202484
20652	-11.8424952088769
20653	-11.8633390025217
20654	-11.8803982626304
20655	-11.8902360660286
20656	-11.8908622889615
20657	-11.8832217890605
20658	-11.8676456350025
20659	-11.8442252958431
20660	-11.8122389687133
20661	-11.7702040936285
20662	-11.7188463117427
20663	-11.6572550302502
20664	-11.5822827334999
20665	-11.4954055834853
20666	-11.3962080534744
20667	-11.2831565467042
20668	-11.1595634853311
20669	-11.0249907869342
20670	-10.8836481606144
20671	-10.7398437530733
20672	-10.5946126532115
20673	-10.4493584578773
20674	-10.3037199526238
20675	-10.1603855924642
20676	-10.0205427389222
20677	-9.88248416673298
20678	-9.74470423828146
20679	-9.60883620433201
20680	-9.47781294656178
20681	-9.35255276409851
20682	-9.23381621996058
20683	-9.12130774930259
20684	-9.01407110694347
20685	-8.9130538087258
20686	-8.81987413030483
20687	-8.73628222639895
20688	-8.66015288450133
20689	-8.5858160990763
20690	-8.50422533321897
20691	-8.41025850889977
20692	-8.30336430728968
20693	-8.18006089792286
20694	-8.03819849322243
20695	-7.87538605735461
20696	-7.68950583619061
20697	-7.47936321131479
20698	-7.24518179945889
20699	-6.98914493667603
20700	-6.71399734917653
20701	-6.42492855607343
20702	-6.12573024219971
20703	-5.81837804259485
20704	-5.50670483251292
20705	-5.19348477912251
20706	-4.88053544943939
20707	-4.57190464549192
20708	-4.27090953277992
20709	-3.97937031670782
20710	-3.69948953316315
20711	-3.43226484246565
20712	-3.17678975300627
20713	-2.93339351825573
20714	-2.7023444722458
20715	-2.48286895243602
20716	-2.27592252638423
20717	-2.08179133447579
20718	-1.89792626504005
20719	-1.722875651453
20720	-1.55792609606748
20721	-1.40257239000015
20722	-1.25586433349867
20723	-1.11791273822548
20724	-0.988802201268016
20725	-0.869131855893904
20726	-0.757605198647562
20727	-0.651653920652217
20728	-0.552239616072453
20729	-0.461108517048738
20730	-0.376882853702119
20731	-0.298740876728038
20732	-0.226212289713024
20733	-0.159837288193849
20734	-0.0995747038167603
20735	-0.0439319417445963
20736	0.00699189942962243
20737	0.0518389484983079
20738	0.0906511669797149
20739	0.124126608049767
20740	0.152044704692695
20741	0.174341784561793
20742	0.19187051108796
20743	0.205331204808646
20744	0.215650861286733
20745	0.220219465885959
20746	0.212792519862497
20747	0.184035642562592
20748	0.127506786588509
20749	0.0393365754732064
20750	-0.0806630189071506
20751	-0.226779562465864
20752	-0.390888441837403
20753	-0.562034848241849
20754	-0.729840625908829
20755	-0.886544359098986
20756	-1.02776013115582
20757	-1.15155922502901
20758	-1.25856615562445
20759	-1.34856599371961
20760	-1.42145311525397
20761	-1.48126549489503
20762	-1.529352883177
20763	-1.56532111628686
20764	-1.59143420562349
20765	-1.61077794652424
20766	-1.62586677482309
20767	-1.6357566549504
20768	-1.64161464956542
20769	-1.64629624522385
20770	-1.6500202882332
20771	-1.65336606905607
20772	-1.65690717370294
20773	-1.66058305176901
20774	-1.66354909057439
20775	-1.66660761708926
20776	-1.67192130277463
20777	-1.67994085401289
20778	-1.68990351928502
20779	-1.70021475176
20780	-1.71200057833039
20781	-1.72757822432837
20782	-1.74660056147644
20783	-1.76931887816297
20784	-1.79749745397854
20785	-1.83131174639018
20786	-1.8686156417907
20787	-1.90665423523918
20788	-1.94431331739086
20789	-1.98275612921225
20790	-2.02369435159652
20791	-2.06815926771051
20792	-2.11729300372158
20793	-2.17032534589384
20794	-2.22625176054066
20795	-2.28466726473664
20796	-2.34364149723671
20797	-2.40397899716333
20798	-2.46720263110161
20799	-2.53241646610397
20800	-2.59989102838581
20801	-2.66985205399049
20802	-2.74220320305676
20803	-2.81712556705287
20804	-2.89260194495174
20805	-2.96801089577057
20806	-3.04491780707892
20807	-3.12295296107907
20808	-3.2014411184211
20809	-3.28023473719776
20810	-3.35850739200033
20811	-3.43618348524613
20812	-3.51337265711298
20813	-3.58723689526461
20814	-3.65338409629394
20815	-3.7061175159113
20816	-3.74604487751679
20817	-3.78277768227343
20818	-3.82608416868715
20819	-3.88926079439865
20820	-3.98383617265744
20821	-4.11405452862116
20822	-4.28199270118565
20823	-4.48970016743465
20824	-4.73424879478764
20825	-5.01092718993709
20826	-5.31574585114971
20827	-5.64139206235195
20828	-5.98156559906679
20829	-6.33490444716623
20830	-6.69832975324146
20831	-7.06445897908209
20832	-7.42657145390162
20833	-7.78008551755557
20834	-8.12360598728761
20835	-8.45657139657411
20836	-8.77910874864639
20837	-9.08932623695996
20838	-9.38565725670905
20839	-9.66746489897656
20840	-9.93489644735604
20841	-10.1905402221373
20842	-10.434070843766
20843	-10.6635156796004
20844	-10.8790459750936
20845	-11.0813269286991
20846	-11.2713608452393
20847	-11.4498883586656
20848	-11.6174845808998
20849	-11.7750883071137
20850	-11.9232934861262
20851	-12.0649548481978
20852	-12.2009177566989
20853	-12.3313157194385
20854	-12.4575009971914
20855	-12.5784574612641
20856	-12.6944911415975
20857	-12.8057757305297
20858	-12.9120479011197
20859	-13.013567777844
20860	-13.1080655835927
20861	-13.1929576516684
20862	-13.2690958905162
20863	-13.3383795760659
20864	-13.4038028248054
20865	-13.4677057678615
20866	-13.5300723066114
20867	-13.5911600308846
20868	-13.6506001274114
20869	-13.7072103852044
20870	-13.7614625782966
20871	-13.8150415964459
20872	-13.8688587437068
20873	-13.9220572823069
20874	-13.9724574807228
20875	-14.0175183864238
20876	-14.0589529077838
20877	-14.1018406103444
20878	-14.1431573649482
20879	-14.1742580759489
20880	-14.1830911651542
20881	-14.1556345376609
20882	-14.07902608448
20883	-13.9427571843815
20884	-13.7427618837877
20885	-13.4763584437874
20886	-13.1380144250127
20887	-12.7270174993083
20888	-12.2462565844859
20889	-11.7011056780288
20890	-11.1040147886603
20891	-10.4661555024018
20892	-9.79471920266561
20893	-9.10274302790744
20894	-8.40510070939195
20895	-7.71100231611723
20896	-7.02929349807483
20897	-6.37035875499181
20898	-5.74157255308409
20899	-5.14770398777386
20900	-4.59084396649669
20901	-4.07312166258419
20902	-3.59622132472247
20903	-3.15775082361762
20904	-2.75493601847359
20905	-2.38537028140029
20906	-2.04661294539547
20907	-1.73646534099272
20908	-1.45284334261047
20909	-1.1907210311513
20910	-0.94681007649313
20911	-0.720413620760196
20912	-0.511137229154403
20913	-0.319569081643499
20914	-0.145672838113855
20915	0.00877629549071746
20916	0.145507941443943
20917	0.26194292951381
20918	0.344612170213019
20919	0.387800006137453
20920	0.399856894915242
20921	0.385936988418358
20922	0.345285148808647
20923	0.278148027484122
20924	0.183620063682874
20925	0.0608993493104362
20926	-0.0879112172796487
20927	-0.260138116822258
20928	-0.456299283044999
20929	-0.675678567418395
20930	-0.916007626550019
20931	-1.17713915148499
20932	-1.45821155103013
20933	-1.75669563674586
20934	-2.07233989194058
20935	-2.4048660113202
20936	-2.75275486574103
20937	-3.11523852731523
20938	-3.48970197832454
20939	-3.87355761945804
20940	-4.26499993038007
20941	-4.66112887977022
20942	-5.05728405011627
20943	-5.44741565016503
20944	-5.82792504092456
20945	-6.19847681962876
20946	-6.55633422479472
20947	-6.89775599675417
20948	-7.22167965725228
20949	-7.5293953050624
20950	-7.82289918196352
20951	-8.10258708011403
20952	-8.36727646177519
20953	-8.61559177173787
20954	-8.84717512140128
20955	-9.06006599059008
20956	-9.25415446662691
20957	-9.43278890486494
20958	-9.5972422195578
20959	-9.74468524426617
20960	-9.878310344446
20961	-9.98904580389741
20962	-10.0551864594895
20963	-10.0633224873385
20964	-10.0059720595692
20965	-9.88056852792026
20966	-9.68819368420994
20967	-9.42998794292104
20968	-9.10178890389565
20969	-8.69921790538211
20970	-8.23770697306883
20971	-7.73860000512847
20972	-7.21312958560547
20973	-6.66514558415683
20974	-6.08843682652996
20975	-5.48120511614789
20976	-4.86012000074045
20977	-4.24800332318776
20978	-3.65475505965848
20979	-3.07860298410935
20980	-2.51519228352524
20981	-1.96211832457578
20982	-1.42507988593489
20983	-0.915934956214341
20984	-0.448132006641395
20985	-0.0285307597120209
20986	0.348822480859784
20987	0.694655636176869
20988	1.01646327725799
20989	1.32083072708849
20990	1.61361758074155
20991	1.89607272170913
20992	2.1632420096106
20993	2.40895371327332
20994	2.63129860288711
20995	2.83088793708609
20996	3.00958336385933
20997	3.1681215267378
20998	3.30552210490363
20999	3.42530005244199
21000	3.533137483524
21001	3.62750582910223
21002	3.70788718167098
21003	3.78008064267829
21004	3.8488873488208
21005	3.91441916645569
21006	3.96759131908362
21007	3.99206163201732
21008	3.97763900032465
21009	3.92677457369443
21010	3.8461207468966
21011	3.73326691522127
21012	3.58493757894809
21013	3.40694339974442
21014	3.20562528112545
21015	2.98214702440831
21016	2.73775485796798
21017	2.47347060862544
21018	2.19282543521786
21019	1.90672651768729
21020	1.62748110797478
21021	1.36561731120411
21022	1.12773875033468
21023	0.919053793141425
21024	0.739844452221857
21025	0.587633270200504
21026	0.46414616060563
21027	0.37274288796546
21028	0.308604464420235
21029	0.254647141817063
21030	0.185571651124179
21031	0.0814578850867131
21032	-0.0550057531026884
21033	-0.214277544351419
21034	-0.387483517328754
21035	-0.559790248732973
21036	-0.720640220527084
21037	-0.870622164398304
21038	-1.01017687245783
21039	-1.13778473218137
21040	-1.25475678464745
21041	-1.36187233179162
21042	-1.45865183329693
21043	-1.54690009885763
21044	-1.62897914856809
21045	-1.70618308039978
21046	-1.77958010571414
21047	-1.84848409296924
21048	-1.9147384752557
21049	-1.97974594218416
21050	-2.04409033272447
21051	-2.1084983602733
21052	-2.17239043569698
21053	-2.23772383445258
21054	-2.30485473411318
21055	-2.37697654025614
21056	-2.46017295530345
21057	-2.560013539253
21058	-2.68187825954229
21059	-2.82739342679178
21060	-3.00147069658604
21061	-3.21575203698459
21062	-3.47204203674924
21063	-3.76654819047155
21064	-4.08931548573867
21065	-4.43211328053552
21066	-4.78791565081692
21067	-5.14505707776026
21068	-5.50043507714747
21069	-5.8499413689794
21070	-6.18902130051027
21071	-6.51200971039939
21072	-6.81810485605449
21073	-7.11313922672324
21074	-7.39648332779941
21075	-7.67294535479075
21076	-7.95216173820404
21077	-8.23522134991352
21078	-8.51902446465868
21079	-8.79138029680766
21080	-9.04568796983064
21081	-9.27769638985446
21082	-9.47844256156778
21083	-9.64798608402688
21084	-9.79486178347974
21085	-9.9223975746152
21086	-10.0289152252342
21087	-10.1191487327728
21088	-10.1992665287002
21089	-10.271189815977
21090	-10.3349841927988
21091	-10.3914274234744
21092	-10.4404992993026
21093	-10.4823894400494
21094	-10.5169364681411
21095	-10.5443295388644
21096	-10.5654801724889
21097	-10.581438531902
21098	-10.59572394946
21099	-10.6087545774605
21100	-10.6170076303614
21101	-10.6210104253073
21102	-10.620858704271
21103	-10.6173649008482
21104	-10.6116454363254
21105	-10.6009164070543
21106	-10.582489550053
21107	-10.5584904660985
21108	-10.5311626365478
21109	-10.5014217313417
21110	-10.4724356533395
21111	-10.4505310028705
21112	-10.4410756464742
21113	-10.4431620701477
21114	-10.4497974484437
21115	-10.454041588886
21116	-10.4562982851809
21117	-10.4656144511812
21118	-10.4902716779696
21119	-10.5326614966439
21120	-10.5930606479121
21121	-10.669060907748
21122	-10.7594653376596
21123	-10.8656907765413
21124	-10.9867194100879
21125	-11.1183111570205
21126	-11.2552924201176
21127	-11.3932904897146
21128	-11.523522760398
21129	-11.6421580292753
21130	-11.7546653919417
21131	-11.8725051483622
21132	-12.0105277009226
21133	-12.1657706567461
21134	-12.3346503186131
21135	-12.5221915751883
21136	-12.732065974741
21137	-12.9696428512877
21138	-13.2370070930234
21139	-13.5335752483054
21140	-13.8581185416355
21141	-14.208256782379
21142	-14.5769953084751
21143	-14.9584641169267
21144	-15.3468405054892
21145	-15.7342345783009
21146	-16.1122311633491
21147	-16.4709409058401
21148	-16.7935285062583
21149	-17.0702529327217
21150	-17.300038289373
21151	-17.4948423445624
21152	-17.6736493043604
21153	-17.8456525385674
21154	-18.0182808739438
21155	-18.1965219548129
21156	-18.383066542407
21157	-18.5787923981048
21158	-18.7831880933823
21159	-18.9950627802851
21160	-19.2128923789861
21161	-19.434506422033
21162	-19.6531911311298
21163	-19.8607156897608
21164	-20.0499053950006
21165	-20.2112833887712
21166	-20.3398828844876
21167	-20.436746806108
21168	-20.5022686963762
21169	-20.5382884202525
21170	-20.5514740106618
21171	-20.5472053704461
21172	-20.5263786990281
21173	-20.4917839738124
21174	-20.448865722327
21175	-20.4008629999886
21176	-20.3438654830368
21177	-20.273238848711
21178	-20.1866466108209
21179	-20.0790961831277
21180	-19.9503680548074
21181	-19.8046754015509
21182	-19.6546889176167
21183	-19.5172034164307
21184	-19.3880649509185
21185	-19.2473946196329
21186	-19.0828714042153
21187	-18.8999788267033
21188	-18.7135198540106
21189	-18.5340105811456
21190	-18.3671807075744
21191	-18.2143850609799
21192	-18.0755414073769
21193	-17.94746330833
21194	-17.8226236570579
21195	-17.6924363714596
21196	-17.5552204481201
21197	-17.4146949471906
21198	-17.2657444721281
21199	-17.0891344008097
21200	-16.8702375766584
21201	-16.6153216462113
21202	-16.3331686480742
21203	-16.0164071421459
21204	-15.6604574739638
21205	-15.2735354912813
21206	-14.8494256302854
21207	-14.3864464383724
21208	-13.8941266139695
21209	-13.3731793246651
21210	-12.8200095163652
21211	-12.2338499849367
21212	-11.6207197383622
21213	-10.9922908798361
21214	-10.3735397604831
21215	-9.79072908144424
21216	-9.26658448631344
21217	-8.81469000872226
21218	-8.42599199694354
21219	-8.08571940484869
21220	-7.78135081530121
21221	-7.49819660356583
21222	-7.22425392910924
21223	-6.9517523262794
21224	-6.67437385479483
21225	-6.38745355076289
21226	-6.09012151389622
21227	-5.78443430605253
21228	-5.47355283345905
21229	-5.16101155018405
21230	-4.84892845467131
21231	-4.54052831885083
21232	-4.23796694726865
21233	-3.94223508591226
21234	-3.65490511808342
21235	-3.37703480672222
21236	-3.11042674283609
21237	-2.85647369490346
21238	-2.61580752080037
21239	-2.38668085763872
21240	-2.16420487174601
21241	-1.94335240727018
21242	-1.72039988431455
21243	-1.50839547324146
21244	-1.32673958151571
21245	-1.19080563634525
21246	-1.10100982675524
21247	-1.05347828615591
21248	-1.05512569206129
21249	-1.10629008378859
21250	-1.19225737953758
21251	-1.29229220143498
21252	-1.39721773968421
21253	-1.51633714156741
21254	-1.65292309423838
21255	-1.80624206636254
21256	-1.97146607886825
21257	-2.14304800162588
21258	-2.33447618723484
21259	-2.56000105741953
21260	-2.83322363323348
21261	-3.14843335147723
21262	-3.48390367666781
21263	-3.82986171360247
21264	-4.18268733035751
21265	-4.543009775825
21266	-4.90741808266326
21267	-5.27189965896149
21268	-5.62966021517403
21269	-5.96414400093017
21270	-6.27147253456679
21271	-6.55473331601226
21272	-6.82055392445658
21273	-7.07373194182879
21274	-7.31221976299495
21275	-7.5384919680587
21276	-7.75133068450668
21277	-7.95058167324318
21278	-8.13880818051275
21279	-8.31475498381134
21280	-8.47654313982731
21281	-8.62407787545033
21282	-8.76190714826018
21283	-8.8958645303055
21284	-9.02755135529798
21285	-9.15344777851687
21286	-9.27055089518174
21287	-9.38367298768688
21288	-9.49937923691887
21289	-9.62196740049064
21290	-9.75578951823619
21291	-9.90134419885989
21292	-10.058168114792
21293	-10.2281225118279
21294	-10.409343247031
21295	-10.5972235115525
21296	-10.7883231539067
21297	-10.978915658596
21298	-11.1658352185939
21299	-11.347033071171
21300	-11.5230346695928
21301	-11.6928756834534
21302	-11.8529892279409
21303	-12.0024886526074
21304	-12.1428106128067
21305	-12.2714839559636
21306	-12.3867736636825
21307	-12.4904925051298
21308	-12.575861545007
21309	-12.6258163680081
21310	-12.6309684544114
21311	-12.6057338537238
21312	-12.5719130685857
21313	-12.5382118041156
21314	-12.5086494003366
21315	-12.486887571147
21316	-12.4692492985117
21317	-12.4530320162151
21318	-12.4396366845051
21319	-12.4281875265825
21320	-12.4166164049528
21321	-12.3983573689987
21322	-12.3596006426867
21323	-12.2841810411188
21324	-12.1592444735827
21325	-11.9780867304159
21326	-11.7370366287687
21327	-11.4332804934757
21328	-11.0681098198345
21329	-10.6426262208164
21330	-10.1635603443323
21331	-9.6394417539415
21332	-9.07619109002015
21333	-8.48386466343659
21334	-7.87301258193082
21335	-7.25390289860593
21336	-6.63532811037217
21337	-6.02816883044631
21338	-5.44278710237506
21339	-4.88485805090174
21340	-4.35878335211189
21341	-3.86228358814076
21342	-3.39048913499794
21343	-2.93935648618447
21344	-2.51484112745503
21345	-2.13535539836564
21346	-1.80390483881964
21347	-1.51743279223125
21348	-1.26726120536021
21349	-1.04111208485069
21350	-0.841572341694155
21351	-0.670865103439049
21352	-0.523410348417953
21353	-0.396695546614178
21354	-0.290385617391861
21355	-0.201323088292203
21356	-0.126537453134709
21357	-0.0606028831890338
21358	-0.00193808120082653
21359	0.0413535448437075
21360	0.0706750739964844
21361	0.095886403297536
21362	0.118461297103345
21363	0.135008199046698
21364	0.139875267682772
21365	0.12042307959679
21366	0.0805291459909235
21367	0.0391254387314148
21368	0.00525697569766432
21369	-0.0148021547725989
21370	-0.0218477484678347
21371	-0.0235603834080608
21372	-0.0240716726634924
21373	-0.0207148986401144
21374	-0.0092914482415018
21375	0.00679031317536651
21376	0.0153721549649745
21377	0.00575882498730307
21378	-0.0240403209028759
21379	-0.0674444208327196
21380	-0.118507296181467
21381	-0.17930261343045
21382	-0.2628373130927
21383	-0.374874725808914
21384	-0.505893390943114
21385	-0.65015348512141
21386	-0.807157444694542
21387	-0.972863320365111
21388	-1.15481868779233
21389	-1.35788852078201
21390	-1.57859336790759
21391	-1.81311259731009
21392	-2.05711261521421
21393	-2.31352027608472
21394	-2.58155839900516
21395	-2.86077256703094
21396	-3.1506550527122
21397	-3.44911389844928
21398	-3.75394705907403
21399	-4.06207863390672
21400	-4.37033228697596
21401	-4.67638599744178
21402	-4.97686353914499
21403	-5.26824831414052
21404	-5.54856024936108
21405	-5.81399642703319
21406	-6.06119056874415
21407	-6.28985683245136
21408	-6.50254121108152
21409	-6.7000441798398
21410	-6.88290079646379
21411	-7.05284910110611
21412	-7.20996516642202
21413	-7.35585455930579
21414	-7.49184294510454
21415	-7.61908478537449
21416	-7.7396937253899
21417	-7.85585199210434
21418	-7.9651022568062
21419	-8.06764202076217
21420	-8.15436564706047
21421	-8.19976821224471
21422	-8.18287072724255
21423	-8.09046701977823
21424	-7.91691867010452
21425	-7.66005513576191
21426	-7.32072548292647
21427	-6.90261160129218
21428	-6.41129798492011
21429	-5.85491763177387
21430	-5.24132762309611
21431	-4.57923056475491
21432	-3.88116238492992
21433	-3.1623340900223
21434	-2.4381666960806
21435	-1.72030693866668
21436	-1.01925185434913
21437	-0.344820751846705
21438	0.296869287180743
21439	0.90159383697893
21440	1.46582859396647
21441	1.98709755232056
21442	2.4656913455008
21443	2.90398483871503
21444	3.30583990790481
21445	3.67377517341191
21446	4.00930381510709
21447	4.31474372920995
21448	4.59274265414524
21449	4.8454608968873
21450	5.07596385341583
21451	5.2860830061489
21452	5.47702578615584
21453	5.65106742868955
21454	5.81099363060421
21455	5.9584314713517
21456	6.09233561834956
21457	6.21371455551024
21458	6.32439581656702
21459	6.42619620689555
21460	6.52115923410889
21461	6.61036562609031
21462	6.69448053498098
21463	6.7749899855213
21464	6.85417025744048
21465	6.93501460074272
21466	7.01774834487824
21467	7.09093642659564
21468	7.13058537535261
21469	7.117974087295
21470	7.04934825854691
21471	6.92677470970294
21472	6.75294249779363
21473	6.52732312832416
21474	6.24819792794971
21475	5.91542927678218
21476	5.52988761212695
21477	5.09420537139119
21478	4.61080080968345
21479	4.08429667035136
21480	3.51887702836741
21481	2.91750673443374
21482	2.28686778843874
21483	1.63466814187158
21484	0.967807793936691
21485	0.296119133242989
21486	-0.371313084939341
21487	-1.02685404772549
21488	-1.66404137103686
21489	-2.27608433298168
21490	-2.85832026270536
21491	-3.40919295479259
21492	-3.92538634525636
21493	-4.40643968413482
21494	-4.85484428426064
21495	-5.27099001406009
21496	-5.6554070637775
21497	-6.01245805729971
21498	-6.34610144207053
21499	-6.65626069062434
21500	-6.94325750481782
21501	-7.21012972970699
21502	-7.45927609261845
21503	-7.69134209533771
21504	-7.90821692209051
21505	-8.11291168785555
21506	-8.30774057468901
21507	-8.4948177318197
21508	-8.67473612812683
21509	-8.84823088280357
21510	-9.01582719501838
21511	-9.17712109339855
21512	-9.3308789934913
21513	-9.47464870080589
21514	-9.60796361894201
21515	-9.73039933785269
21516	-9.83406389354833
21517	-9.91530059496529
21518	-9.97204374836993
21519	-10.0029219319429
21520	-10.0108536850914
21521	-9.99593985163261
21522	-9.95905741976847
21523	-9.90295451634535
21524	-9.8304487042933
21525	-9.74279264466148
21526	-9.64177857452385
21527	-9.53079132033942
21528	-9.41089757607884
21529	-9.28301275711292
21530	-9.14966247611613
21531	-9.01053052921536
21532	-8.86465306301842
21533	-8.71283108779296
21534	-8.5554386951904
21535	-8.39237078489362
21536	-8.22349706934966
21537	-8.04895739537706
21538	-7.86927126894925
21539	-7.68577727161213
21540	-7.49785967459789
21541	-7.30552597852964
21542	-7.10837786203498
21543	-6.90518824473719
21544	-6.6958295987739
21545	-6.48050015325004
21546	-6.26193327114891
21547	-6.04236128922971
21548	-5.82510284441385
21549	-5.61229636149483
21550	-5.40339018546747
21551	-5.19699033705893
21552	-4.99337341630067
21553	-4.79464741707016
21554	-4.60273670704597
21555	-4.41831031463504
21556	-4.24362809469672
21557	-4.07969814597489
21558	-3.9243108591074
21559	-3.77816488007661
21560	-3.64342283443594
21561	-3.51783522389926
21562	-3.40272762650159
21563	-3.29981470675348
21564	-3.20964689993983
21565	-3.13546425721841
21566	-3.07354400631588
21567	-3.01916572397178
21568	-2.97192220180808
21569	-2.92921282172919
21570	-2.88741086714093
21571	-2.84494215959292
21572	-2.79954355259348
21573	-2.74883362681528
21574	-2.69215515117146
21575	-2.63007627173761
21576	-2.56348160099992
21577	-2.49400896248445
21578	-2.42352064669789
21579	-2.35204967346248
21580	-2.27860894394787
21581	-2.20264473564992
21582	-2.12416239029935
21583	-2.04530534525151
21584	-1.96848166298022
21585	-1.89290658224897
21586	-1.81976647566006
21587	-1.75084687135195
21588	-1.68476898942329
21589	-1.6175628114284
21590	-1.54249208163964
21591	-1.45437203394231
21592	-1.35336035640228
21593	-1.25002946174911
21594	-1.14541459692078
21595	-1.02083175642824
21596	-0.860519639169404
21597	-0.656281317048637
21598	-0.402590030243942
21599	-0.0975842780464981
21600	0.253610152362836
21601	0.643046869686607
21602	1.06334652474852
21603	1.50531859289449
21604	1.96386815676771
21605	2.43302818842199
21606	2.90276349633635
21607	3.36785722918876
21608	3.82749019354546
21609	4.27834221028224
21610	4.71632158553171
21611	5.14011066567951
21612	5.54713300900577
21613	5.93659477667789
21614	6.30832146829302
21615	6.66177512453816
21616	6.99764708627245
21617	7.31471342423864
21618	7.61319746544917
21619	7.89489518307637
21620	8.1605466911539
21621	8.41104255282228
21622	8.64721102880488
21623	8.86981194763394
21624	9.07960755550316
21625	9.27792009001312
21626	9.46553131780927
21627	9.64432247628274
21628	9.8170064012805
21629	9.98343897818275
21630	10.1427657471876
21631	10.2942921084226
21632	10.4378548399134
21633	10.5747842747985
21634	10.7032514405857
21635	10.8196587013185
21636	10.9175772913875
21637	10.9861396638398
21638	11.016224137228
21639	10.9974679101178
21640	10.9169822623894
21641	10.7689153751737
21642	10.5575398387252
21643	10.2883463697566
21644	9.97561765199862
21645	9.62165928947348
21646	9.22914220795263
21647	8.81767447630632
21648	8.39333413383112
21649	7.96463026371019
21650	7.54448364668204
21651	7.13789091123857
21652	6.74878332360002
21653	6.38014466734437
21654	6.03347556599986
21655	5.70904790044608
21656	5.40519662158774
21657	5.12015062755695
21658	4.85319664998857
21659	4.60614238012502
21660	4.38121807402303
21661	4.17933996953275
21662	4.00112988209423
21663	3.84560455429489
21664	3.71298054701163
21665	3.60063697136052
21666	3.50462655732578
21667	3.42612932767233
21668	3.36335758399256
21669	3.30826469482524
21670	3.25180736543581
21671	3.19224094050682
21672	3.13563872378421
21673	3.08670914040899
21674	3.04431023952343
21675	3.00813835573309
21676	2.97714922097292
21677	2.94863106056889
21678	2.92091929241554
21679	2.89156247578018
21680	2.86153709128721
21681	2.83403358008024
21682	2.8100479915662
21683	2.78747597922166
21684	2.76543875000761
21685	2.74221227515107
21686	2.71385845088554
21687	2.68109187027932
21688	2.64590995142331
21689	2.61132813145157
21690	2.58168582955455
21691	2.56341777826794
21692	2.55890367376711
21693	2.56500271622016
21694	2.58045954663053
21695	2.6033995515697
21696	2.63018082632456
21697	2.65756599277585
21698	2.68165728215873
21699	2.6999049678036
21700	2.70946929505734
21701	2.70931343158899
21702	2.70114569234152
21703	2.68792669372326
21704	2.67467013456251
21705	2.66554253845025
21706	2.66477680316961
21707	2.67516049527742
21708	2.69903254463616
21709	2.73770336887005
21710	2.79287630323452
21711	2.86625693779118
21712	2.95738506478587
21713	3.06502140501643
21714	3.18891180333172
21715	3.32973034903601
21716	3.4846772767281
21717	3.65040601138964
21718	3.82665508632498
21719	4.01285999100221
21720	4.20767399343121
21721	4.409180177516
21722	4.61475191537059
21723	4.8226012655334
21724	5.03160924417065
21725	5.24179926937793
21726	5.45267051193108
21727	5.65795873621026
21728	5.84843762539735
21729	6.01633154959394
21730	6.15761535113726
21731	6.25820366052278
21732	6.2970020960764
21733	6.26404369133222
21734	6.15357952638967
21735	5.9567871081602
21736	5.66843449229352
21737	5.29129151435765
21738	4.83615696981624
21739	4.31308953754779
21740	3.74783050141201
21741	3.1616677675358
21742	2.55632419456542
21743	1.93525090480174
21744	1.31023379254944
21745	0.699668683878722
21746	0.112927049968748
21747	-0.451646909698819
21748	-1.00085887985419
21749	-1.52966664318883
21750	-2.01655234579619
21751	-2.4456417158664
21752	-2.8157701879358
21753	-3.13512002093486
21754	-3.41989758343978
21755	-3.68935581503871
21756	-3.95891478524248
21757	-4.2337006226231
21758	-4.50886442562047
21759	-4.77991860204054
21760	-5.04588433002198
21761	-5.307372221815
21762	-5.56663957387501
21763	-5.82670140057045
21764	-6.08819330121346
21765	-6.34896982859746
21766	-6.60818105625842
21767	-6.86419268242452
21768	-7.11078217711759
21769	-7.33879181077486
21770	-7.54223173871165
21771	-7.72435716192594
21772	-7.89238019564832
21773	-8.05400072215118
21774	-8.21331137313427
21775	-8.36245929039706
21776	-8.48948693637369
21777	-8.59241766250001
21778	-8.67393126133675
21779	-8.73136161987655
21780	-8.75591693065852
21781	-8.74078756343449
21782	-8.68346216497302
21783	-8.58630721852048
21784	-8.45231145528606
21785	-8.28286890280794
21786	-8.08403754199167
21787	-7.85552078595658
21788	-7.59490955151682
21789	-7.30970214933595
21790	-6.9993793809973
21791	-6.66257358891983
21792	-6.31536137714409
21793	-5.96585199740032
21794	-5.61501508922926
21795	-5.27351701532577
21796	-4.95331636024273
21797	-4.65973432179012
21798	-4.39375587802049
21799	-4.15872120490844
21800	-3.95414734086854
21801	-3.77963081195192
21802	-3.63337545923796
21803	-3.51315364584355
21804	-3.41883215147247
21805	-3.34795007408529
21806	-3.29790509450866
21807	-3.26628770830407
21808	-3.25105052201085
21809	-3.24980892165689
21810	-3.25993283546806
21811	-3.27868747657636
21812	-3.30176478943794
21813	-3.32801389421429
21814	-3.36026271040317
21815	-3.39958985031208
21816	-3.44545708259083
21817	-3.49579176993679
21818	-3.54819545397903
21819	-3.60230205397833
21820	-3.65798954276169
21821	-3.71361839720522
21822	-3.7682216183352
21823	-3.82120327453024
21824	-3.87261438694689
21825	-3.91807038961737
21826	-3.9448410233202
21827	-3.9419914589728
21828	-3.90587045603264
21829	-3.83845785475445
21830	-3.74587747778522
21831	-3.63442728198799
21832	-3.508829695135
21833	-3.37295032294441
21834	-3.22984406377071
21835	-3.08040994840502
21836	-2.92368633371811
21837	-2.75973950973486
21838	-2.5917030533228
21839	-2.42290839744283
21840	-2.25506719326041
21841	-2.08845792165509
21842	-1.92177882415601
21843	-1.75458479577841
21844	-1.58716056699086
21845	-1.41886022326983
21846	-1.25017246444919
21847	-1.08301902642659
21848	-0.91814609208301
21849	-0.755493837924285
21850	-0.596148455404258
21851	-0.442045881252572
21852	-0.29281358142282
21853	-0.14698181227136
21854	-0.00538037589744545
21855	0.130070941743059
21856	0.259678178462834
21857	0.38446247451095
21858	0.505162296302931
21859	0.622377640053846
21860	0.735354286007495
21861	0.843715750870979
21862	0.946410189718925
21863	1.04335934587416
21864	1.13641650488658
21865	1.22490967196968
21866	1.31036738796728
21867	1.39552161542938
21868	1.48052191440074
21869	1.56533254193839
21870	1.64994597321235
21871	1.73494544222982
21872	1.81862971880867
21873	1.89811841309552
21874	1.97189573249194
21875	2.04198440653537
21876	2.10974947826856
21877	2.17493364147153
21878	2.23840746604738
21879	2.30100970121214
21880	2.36502892183683
21881	2.43080034520652
21882	2.49805314390494
21883	2.56733172162536
21884	2.63665491688644
21885	2.70513490620213
21886	2.77454552181112
21887	2.84439451296127
21888	2.91622105591677
21889	2.99645292293184
21890	3.09330554797479
21891	3.21402462760004
21892	3.35636251136698
21893	3.52360451858894
21894	3.73298410616873
21895	4.00254879493482
21896	4.34276611446974
21897	4.75573934342617
21898	5.23920552988158
21899	5.78743379016256
21900	6.39048033017375
21901	7.03537582488333
21902	7.70749434561607
21903	8.39420129434292
21904	9.08698895837912
21905	9.78061196475296
21906	10.4683440628777
21907	11.1458824338953
21908	11.8097365088133
21909	12.454111360819
21910	13.072770056357
21911	13.661782844949
21912	14.2204086329144
21913	14.7476627957596
21914	15.2443732319658
21915	15.7116841607488
21916	16.1503638724884
21917	16.5629190128378
21918	16.9526989991725
21919	17.3217397208976
21920	17.6708107147539
21921	18.002139929588
21922	18.3179611477562
21923	18.6190005706907
21924	18.9062618590812
21925	19.1811317741878
21926	19.444568975322
21927	19.6967585082596
21928	19.9381647798591
21929	20.1697590223933
21930	20.3911397328792
21931	20.6034751881825
21932	20.8086388676182
21933	21.0075489366944
21934	21.200540734034
21935	21.3874050554229
21936	21.5684829658222
21937	21.7405826693615
21938	21.8981708888052
21939	22.0363937024215
21940	22.1451362191037
21941	22.2107769265393
21942	22.2252809656632
21943	22.1793896686633
21944	22.068072112919
21945	21.8958109547383
21946	21.6657703186176
21947	21.3802837885118
21948	21.0413354504569
21949	20.6490342781088
21950	20.2039240746167
21951	19.7084783468354
21952	19.1651126250939
21953	18.577226828056
21954	17.9515631055257
21955	17.2936014337132
21956	16.6092570689369
21957	15.908391807951
21958	15.1998353554638
21959	14.491776706634
21960	13.7923314963393
21961	13.1087113553965
21962	12.4487047855467
21963	11.8192938055891
21964	11.2230030963151
21965	10.6629325808754
21966	10.1406136579169
21967	9.65250010446193
21968	9.19661824596673
21969	8.774307409948
21970	8.38940078137493
21971	8.05224204275335
21972	7.75940763519093
21973	7.49946263031427
21974	7.26405177048341
21975	7.04673221502812
21976	6.84702512809082
21977	6.66266014315254
21978	6.49192767359716
21979	6.33239714038737
21980	6.18303261670334
21981	6.03934916126885
21982	5.89626352482855
21983	5.76093665941432
21984	5.64037602395017
21985	5.52844214549632
21986	5.4156730542262
21987	5.29593342069423
21988	5.16888343499445
21989	5.04455798400045
21990	4.93539212933423
21991	4.84016523740431
21992	4.74913910227423
21993	4.65472537079062
21994	4.55446777703657
21995	4.4557721007079
21996	4.36938981855664
21997	4.29509236494663
21998	4.22328316127191
21999	4.14782966502505
22000	4.06938169785632
22001	3.9941578821044
22002	3.93026202387198
22003	3.87747934890792
22004	3.82988546970931
22005	3.78022371874868
22006	3.72400712175497
22007	3.66893948006109
22008	3.62535842486454
22009	3.59387675662373
22010	3.56377574936909
22011	3.52794764747117
22012	3.49671848151755
22013	3.48284677459382
22014	3.48639785645569
22015	3.49684847922078
22016	3.50260130284939
22017	3.50430062922172
22018	3.51741322227447
22019	3.55369881054538
22020	3.60814501055551
22021	3.66595483287705
22022	3.71368002824761
22023	3.74007169703171
22024	3.73978479564743
22025	3.72153149762982
22026	3.70265792589092
22027	3.69237868932259
22028	3.68711263619645
22029	3.67410085200594
22030	3.64196477902429
22031	3.59345253875803
22032	3.54171411955191
22033	3.49758627766098
22034	3.46485736286538
22035	3.44411223703778
22036	3.43537790687071
22037	3.43702935819076
22038	3.44807346405571
22039	3.47297790226344
22040	3.51566553390861
22041	3.57210957792619
22042	3.63103058549678
22043	3.68240649737489
22044	3.72139561432889
22045	3.74781962310338
22046	3.76321631382994
22047	3.76981250470573
22048	3.77409137876249
22049	3.78090767351992
22050	3.79146222833602
22051	3.81586707161563
22052	3.87090860098782
22053	3.96214074510584
22054	4.086836749369
22055	4.24569535513417
22056	4.4480663324149
22057	4.70317827599556
22058	5.00914297749437
22059	5.36084265636873
22060	5.75747164964023
22061	6.19896739964199
22062	6.68179005039764
22063	7.19924706651301
22064	7.74527998173223
22065	8.31551437129007
22066	8.90635167484975
22067	9.50535971203243
22068	10.1000042589564
22069	10.6827106107589
22070	11.2408628230788
22071	11.7646785554883
22072	12.252543580317
22073	12.7121218235095
22074	13.1544548860866
22075	13.5797667779225
22076	13.9785097609976
22077	14.3419557095196
22078	14.6564445662151
22079	14.9263969844256
22080	15.1553572337814
22081	15.3321102385426
22082	15.4554849970712
22083	15.5361705868368
22084	15.5845674217943
22085	15.6028616689886
22086	15.5932368527628
22087	15.5568258503365
22088	15.5027622183468
22089	15.4336534986262
22090	15.3475951808101
22091	15.2447274087056
22092	15.123853394301
22093	14.9846335728236
22094	14.823709184457
22095	14.6396817158474
22096	14.4329497907581
22097	14.2022599926363
22098	13.9466480623825
22099	13.6670984879164
22100	13.3622779985677
22101	13.0316957470497
22102	12.6826233342783
22103	12.3286988982102
22104	11.9713586145151
22105	11.61797923177
22106	11.277579126503
22107	10.9545376247875
22108	10.6582460847406
22109	10.3885776048212
22110	10.1436638900897
22111	9.92696934802105
22112	9.74020628902386
22113	9.58159366817854
22114	9.45162122404108
22115	9.34911747316042
22116	9.27018109067452
22117	9.21134536597424
22118	9.17111680254804
22119	9.14688376198516
22120	9.13668918516513
22121	9.14069480818161
22122	9.15711400668099
22123	9.18583823573637
22124	9.23000764829981
22125	9.29026985979153
22126	9.36255798460166
22127	9.44303174635684
22128	9.524703868605
22129	9.60187089157462
22130	9.67547460107202
22131	9.74830939608873
22132	9.8271927408285
22133	9.91850790370447
22134	10.0246128115643
22135	10.14525805082
22136	10.2779314885793
22137	10.4215512518414
22138	10.5768618527008
22139	10.7437033335403
22140	10.918769044814
22141	11.0999338160573
22142	11.2870992083717
22143	11.4768908427989
22144	11.6671007244165
22145	11.8567707279512
22146	12.0453587626415
22147	12.2323458004406
22148	12.4157646617993
22149	12.5940614676714
22150	12.7653230581759
22151	12.9270676304755
22152	13.0785173521421
22153	13.2202461727821
22154	13.353853984073
22155	13.480811025308
22156	13.5997213625706
22157	13.7098225240364
22158	13.8112732493578
22159	13.9044511762792
22160	13.9894298053407
22161	14.0649088229052
22162	14.1294496548039
22163	14.1826681561082
22164	14.2233101292486
22165	14.2510649521415
22166	14.2682994914046
22167	14.2759791107977
22168	14.2758076118647
22169	14.2691310722441
22170	14.2547680630348
22171	14.2248646931223
22172	14.1711405409796
22173	14.0907716032375
22174	13.9741785554249
22175	13.8069322534515
22176	13.5775496720738
22177	13.275533280706
22178	12.893700311462
22179	12.4334904892669
22180	11.9001743749269
22181	11.2995736829501
22182	10.6426293555326
22183	9.94420335072752
22184	9.21704236870024
22185	8.47417401864917
22186	7.73033962665732
22187	6.99910171930678
22188	6.29066910414078
22189	5.61306665882846
22190	4.97237412402154
22191	4.37167980511758
22192	3.81067071252406
22193	3.28909642981601
22194	2.80796980523821
22195	2.3653872793263
22196	1.95633992886984
22197	1.57639605232043
22198	1.22215881297863
22199	0.890306294634142
22200	0.578913863600839
22201	0.286115461697632
22202	0.00996766470387394
22203	-0.250700556178723
22204	-0.499024165810265
22205	-0.737141057207917
22206	-0.96467124362201
22207	-1.18206880630786
22208	-1.39024695545836
22209	-1.59115135528278
22210	-1.78626490353933
22211	-1.97510861648688
22212	-2.15767509305945
22213	-2.33391423837498
22214	-2.50444860576887
22215	-2.67018033700706
22216	-2.83144005109343
22217	-2.98711122858111
22218	-3.13565655014219
22219	-3.277311484265
22220	-3.41331152494746
22221	-3.54461739200561
22222	-3.67134860884761
22223	-3.79330404164141
22224	-3.91046872230909
22225	-4.02265981523988
22226	-4.13049194666482
22227	-4.23335999079925
22228	-4.32940010194043
22229	-4.41765808129899
22230	-4.49554965292118
22231	-4.55330442418969
22232	-4.57550538978831
22233	-4.54435256195404
22234	-4.44671759526313
22235	-4.27988254711257
22236	-4.04265819816088
22237	-3.73521098454845
22238	-3.36211303866421
22239	-2.92523954155976
22240	-2.42356004366997
22241	-1.86000244686018
22242	-1.24185271492357
22243	-0.57369681091632
22244	0.138712970461202
22245	0.884594053673201
22246	1.65151374867721
22247	2.4266731541841
22248	3.20066556148534
22249	3.96653745630853
22250	4.7161102786571
22251	5.43942407311825
22252	6.13011474238871
22253	6.78374229031853
22254	7.39911885702087
22255	7.97538022338935
22256	8.5134945362073
22257	9.01543420440564
22258	9.48112271791616
22259	9.91477197616407
22260	10.3186421688181
22261	10.6928232249238
22262	11.0393773215661
22263	11.3624258060851
22264	11.6662798007844
22265	11.9524076654457
22266	12.221267073059
22267	12.4734053229999
22268	12.7096530586564
22269	12.9315361851308
22270	13.1423756582349
22271	13.345216168213
22272	13.5417353384862
22273	13.7321944537462
22274	13.9156802807832
22275	14.0934376848395
22276	14.265829217168
22277	14.4314928583725
22278	14.5889755902815
22279	14.7370926586802
22280	14.8766166263913
22281	15.0103791750535
22282	15.13984807441
22283	15.2626618719764
22284	15.3773966242262
22285	15.4829999271298
22286	15.5768419174179
22287	15.6504902787086
22288	15.6963422803639
22289	15.7100073306926
22290	15.6856593589664
22291	15.6155274577679
22292	15.4932493094461
22293	15.3170927530594
22294	15.0882409234987
22295	14.8097519137723
22296	14.4825504916139
22297	14.1081124612921
22298	13.6892329243462
22299	13.2316406276012
22300	12.7388966411554
22301	12.213972510693
22302	11.6636459076467
22303	11.0921633344378
22304	10.5050943023894
22305	9.90891261401989
22306	9.31102175433205
22307	8.71949445997825
22308	8.14075904561804
22309	7.58116593148595
22310	7.04569884905483
22311	6.53789312055868
22312	6.06019461373508
22313	5.61400265559548
22314	5.20048914223018
22315	4.81895217595095
22316	4.466234022238
22317	4.14143008775279
22318	3.84300788016534
22319	3.56673013567448
22320	3.30896928911862
22321	3.0692551507042
22322	2.847388041944
22323	2.64327716038495
22324	2.45634990993897
22325	2.28232713266526
22326	2.1178384946353
22327	1.96028908093188
22328	1.80889322797004
22329	1.66557273773426
22330	1.53296042497573
22331	1.41111304576561
22332	1.2980660491754
22333	1.19347396343633
22334	1.09531896580248
22335	1.00407897824481
22336	0.919486950912248
22337	0.838114676724694
22338	0.760345898807673
22339	0.687273940888465
22340	0.617856203323395
22341	0.551073690931
22342	0.486442266823499
22343	0.42461970611775
22344	0.367558299484651
22345	0.316618313780482
22346	0.275269147675682
22347	0.252721593586558
22348	0.259042840438068
22349	0.307337148890899
22350	0.410885204050567
22351	0.576851947806495
22352	0.809587302160502
22353	1.11163842835515
22354	1.48338338888546
22355	1.92235756683048
22356	2.42828697440255
22357	2.9976134582113
22358	3.62124346171955
22359	4.29371486319581
22360	5.00647542752814
22361	5.74564070843244
22362	6.4988901677471
22363	7.25660433606
22364	8.01077084989129
22365	8.75420677508713
22366	9.47746307509714
22367	10.1704683873658
22368	10.8296272853574
22369	11.4521863254423
22370	12.0368645782005
22371	12.5820021140818
22372	13.0861189703139
22373	13.5523631129909
22374	13.9818220468169
22375	14.3762893341624
22376	14.7402983803802
22377	15.0767306527089
22378	15.3859561598736
22379	15.67046809684
22380	15.9358027035534
22381	16.1854663482149
22382	16.4210522275368
22383	16.6435253872659
22384	16.8541424672823
22385	17.0533556615085
22386	17.2414135634427
22387	17.4196249143694
22388	17.5878197544217
22389	17.747515446356
22390	17.9002126792905
22391	18.0452008644653
22392	18.1817364068467
22393	18.3093913306531
22394	18.4197498015001
22395	18.5028113684302
22396	18.5470774374115
22397	18.5435648028679
22398	18.491009219883
22399	18.3892356887778
22400	18.2428542670086
22401	18.0568465462483
22402	17.8355737206523
22403	17.5875505574632
22404	17.3194413372448
22405	17.0335731660731
22406	16.7330528674087
22407	16.4188298695481
22408	16.0911546879287
22409	15.7516268376755
22410	15.4034776805878
22411	15.0476070625814
22412	14.6834986533549
22413	14.313825231909
22414	13.9447454124797
22415	13.5827535286882
22416	13.2299679041643
22417	12.8842658620075
22418	12.5460142469141
22419	12.2134431549506
22420	11.8842584759446
22421	11.5683602156358
22422	11.2644858901336
22423	10.9628171135993
22424	10.6676264818419
22425	10.3873172071332
22426	10.1218096293427
22427	9.86996027315572
22428	9.63433954997161
22429	9.41627171993962
22430	9.21394426590103
22431	9.0232788442125
22432	8.84279998953385
22433	8.66995412643177
22434	8.50285426249716
22435	8.34729403421055
22436	8.19941787534517
22437	8.04924288104325
22438	7.88884277158343
22439	7.70764304640301
22440	7.50281025814901
22441	7.2794698664782
22442	7.04723152946325
22443	6.8176601630543
22444	6.59705183517858
22445	6.38226554038372
22446	6.17151201967115
22447	5.97021813883832
22448	5.78860585633236
22449	5.63122070375102
22450	5.49895026423322
22451	5.39632266543259
22452	5.3246148953796
22453	5.28655815265328
22454	5.28422084577812
22455	5.3180147356589
22456	5.38680478023733
22457	5.48660251792358
22458	5.6134330674852
22459	5.76400707257678
22460	5.9352280986046
22461	6.12383677727448
22462	6.3296861849881
22463	6.55424755762798
22464	6.79794929523024
22465	7.05882041091055
22466	7.33540669315347
22467	7.62832014045713
22468	7.93702511037064
22469	8.25986541741502
22470	8.59423019275822
22471	8.93876856530328
22472	9.29229400098604
22473	9.65084056398244
22474	10.0104277849946
22475	10.369695487091
22476	10.726025822132
22477	11.0760704272039
22478	11.4149815323478
22479	11.7366200882661
22480	12.0396257175838
22481	12.3267673771204
22482	12.5999946224106
22483	12.8592464942646
22484	13.1035235607091
22485	13.3260663976165
22486	13.5335041781314
22487	13.7396722156639
22488	13.9548822094881
22489	14.1912225370668
22490	14.4532045587332
22491	14.7368917510989
22492	15.0346534921788
22493	15.3415923537555
22494	15.6486730244427
22495	15.9493214939577
22496	16.238620798255
22497	16.513365531107
22498	16.775194961867
22499	17.0192492519485
22500	17.241792168008
22501	17.4377792192851
22502	17.6001511624701
22503	17.7340514505843
22504	17.8462739494747
22505	17.9409833259022
22506	18.0233680522145
22507	18.0968610698069
22508	18.1635826883674
22509	18.2289011131924
22510	18.2939704497423
22511	18.3558649163447
22512	18.4139122002892
22513	18.4668905393181
22514	18.5135985873564
22515	18.5526080333145
22516	18.5792646835601
22517	18.5942984715402
22518	18.6043378409583
22519	18.6115303139129
22520	18.6153780105057
22521	18.6108745014015
22522	18.5923791584015
22523	18.5640495915209
22524	18.5307856371698
22525	18.4924321963348
22526	18.44886021403
22527	18.3991554230192
22528	18.3449457073925
22529	18.2900386725735
22530	18.2363373918343
22531	18.1842621830236
22532	18.1315853608216
22533	18.0683904418294
22534	17.9916981750337
22535	17.9065522078873
22536	17.8147368136935
22537	17.7173889318377
22538	17.6096348211537
22539	17.4857918774036
22540	17.3491038250184
22541	17.2014896198831
22542	17.0408404150072
22543	16.8639619544351
22544	16.6749344089556
22545	16.4799141327087
22546	16.2866375443824
22547	16.1085007549625
22548	15.954787443477
22549	15.8344304056875
22550	15.7529897449765
22551	15.7108711627789
22552	15.707636991279
22553	15.7440238077477
22554	15.8195761346331
22555	15.9321018224615
22556	16.0791128879716
22557	16.259330190424
22558	16.4703392470631
22559	16.7065214221954
22560	16.9599273144571
22561	17.2246318799406
22562	17.4935491501081
22563	17.7541844035715
22564	17.9920023765774
22565	18.191920206235
22566	18.3419507700752
22567	18.4441804855577
22568	18.5052125911728
22569	18.5276546237692
22570	18.5054915615729
22571	18.4195581002169
22572	18.2625751581969
22573	18.0522150242892
22574	17.8042886155488
22575	17.5236170754905
22576	17.2158107225373
22577	16.8776457318237
22578	16.5068868667587
22579	16.106832458554
22580	15.6746615749656
22581	15.2093548492455
22582	14.7142667445623
22583	14.19196115654
22584	13.6452826458948
22585	13.0788948566677
22586	12.4989809057732
22587	11.9141202276236
22588	11.3324699391294
22589	10.7602491899006
22590	10.2030927111171
22591	9.66360289239541
22592	9.14413106251194
22593	8.64821860240989
22594	8.17797648914158
22595	7.73600391717558
22596	7.32400041422442
22597	6.94449638905391
22598	6.59823901798453
22599	6.28823508736332
22600	6.02106029333199
22601	5.79424586476905
22602	5.61181356231377
22603	5.46168482577805
22604	5.32556738600834
22605	5.19540404237319
22606	5.05789129988014
22607	4.90494964744671
22608	4.73759570130829
22609	4.56786482341153
22610	4.41034999633478
22611	4.26478828298884
22612	4.1214072606484
22613	3.97324263510841
22614	3.81971440939673
22615	3.66647372207583
22616	3.51763563622561
22617	3.36904443686268
22618	3.21394938803559
22619	3.04938076379653
22620	2.88369680150947
22621	2.73595541425509
22622	2.61315887313431
22623	2.50321719679595
22624	2.39303807182243
22625	2.27721598686583
22626	2.16158304051349
22627	2.05903317606131
22628	1.9750391584815
22629	1.90223766448933
22630	1.83344579155847
22631	1.76770369973017
22632	1.70556720771862
22633	1.65708136739606
22634	1.62777396710314
22635	1.60903299231754
22636	1.59438083670929
22637	1.58460191975103
22638	1.58286793263008
22639	1.59243402370498
22640	1.61146254186849
22641	1.63769546549566
22642	1.67108656863438
22643	1.7079417814299
22644	1.74864054435211
22645	1.79537397060952
22646	1.85001081720499
22647	1.91440137692796
22648	1.98874619810917
22649	2.06673842251495
22650	2.14692081882728
22651	2.22426365933026
22652	2.28222279637362
22653	2.31404446238334
22654	2.32044858724738
22655	2.30628379692194
22656	2.27960264829674
22657	2.25083396895856
22658	2.21685299267841
22659	2.16752303198537
22660	2.10087666008106
22661	2.01651422957458
22662	1.92492486062453
22663	1.83681693678248
22664	1.74563675777537
22665	1.64214924380826
22666	1.5209642911226
22667	1.38080738208466
22668	1.23364063432462
22669	1.09189224737952
22670	0.9513634783024
22671	0.803277886657507
22672	0.644287400656546
22673	0.478861981076544
22674	0.326772299588452
22675	0.198842717794921
22676	0.0939751689511029
22677	0.00501190342781713
22678	-0.0749631225260186
22679	-0.143100170980152
22680	-0.193861629465939
22681	-0.224665250883077
22682	-0.237763690462126
22683	-0.236828703859264
22684	-0.225923374428963
22685	-0.20177507889271
22686	-0.157723306220437
22687	-0.0932085181974323
22688	-0.00441601968089598
22689	0.109655860015859
22690	0.24252738944179
22691	0.394835308079629
22692	0.560699568107987
22693	0.720929585253104
22694	0.865446395983964
22695	0.987510542821194
22696	1.07863989091507
22697	1.13761166636813
22698	1.16703766945541
22699	1.16946590068328
22700	1.14492410552972
22701	1.09078526180973
22702	1.00515832965446
22703	0.89184872587986
22704	0.755651458387917
22705	0.598288797524089
22706	0.420168442582677
22707	0.222665839036448
22708	0.0100286464187337
22709	-0.211787792198332
22710	-0.437519293632045
22711	-0.664489358363373
22712	-0.890602274314377
22713	-1.11300004863204
22714	-1.32874847354988
22715	-1.5353470701048
22716	-1.73276351596542
22717	-1.92099906818833
22718	-2.09939135634825
22719	-2.26566361981597
22720	-2.41377020657911
22721	-2.53669293121123
22722	-2.62254252710771
22723	-2.66464686044515
22724	-2.6696777462932
22725	-2.65262732113227
22726	-2.62677056987907
22727	-2.59907579316852
22728	-2.57452568280509
22729	-2.55779378474558
22730	-2.55143203306723
22731	-2.55580048785483
22732	-2.57131044198449
22733	-2.59605629186745
22734	-2.62859511646119
22735	-2.66799602381843
22736	-2.71331678363011
22737	-2.76386825110933
22738	-2.81722329010306
22739	-2.87274499598642
22740	-2.92977906966919
22741	-2.98627265472933
22742	-3.04169409672986
22743	-3.0954615988287
22744	-3.14630567553412
22745	-3.19349488470816
22746	-3.23667889969953
22747	-3.27562163804527
22748	-3.31041908816012
22749	-3.34048380805764
22750	-3.36611234075025
22751	-3.38885577858496
22752	-3.40823274064532
22753	-3.42410959283474
22754	-3.43829715942122
22755	-3.44962663981681
22756	-3.45530463400235
22757	-3.45582379577107
22758	-3.45466663572133
22759	-3.45459812760526
22760	-3.45568617864835
22761	-3.45586258373799
22762	-3.45360950655056
22763	-3.44842306189032
22764	-3.43992760734717
22765	-3.42851632950694
22766	-3.41439607073163
22767	-3.39759084476896
22768	-3.37822017636819
22769	-3.35649457378046
22770	-3.33405415553353
22771	-3.31385710631326
22772	-3.29698068073319
22773	-3.28113595298838
22774	-3.2633250550523
22775	-3.24399644879736
22776	-3.22369746061916
22777	-3.20347263939647
22778	-3.18429229770506
22779	-3.16801682061584
22780	-3.15852810934654
22781	-3.15030929490047
22782	-3.13014701301041
22783	-3.08645839239715
22784	-3.01168015323132
22785	-2.90209640637608
22786	-2.75442406878259
22787	-2.5652822449958
22788	-2.33323501261877
22789	-2.05976893352318
22790	-1.74853323803751
22791	-1.40281324001835
22792	-1.02980617386422
22793	-0.637936935038533
22794	-0.231457124875477
22795	0.183993576729261
22796	0.602556397637135
22797	1.0190779185137
22798	1.42838822232435
22799	1.82625873202683
22800	2.21009125513317
22801	2.57691634126457
22802	2.92407775227456
22803	3.25108480847346
22804	3.55824975501853
22805	3.84685954753631
22806	4.1162423303395
22807	4.36514173340352
22808	4.59462154847762
22809	4.80691227903459
22810	5.00357698929775
22811	5.18386274030184
22812	5.34798440496018
22813	5.49757983329997
22814	5.63474598596863
22815	5.76092592244231
22816	5.87572943155173
22817	5.97781888975373
22818	6.06786773889851
22819	6.14846208485399
22820	6.22059839619043
22821	6.2856944408811
22822	6.34431972010481
22823	6.39632010177583
22824	6.44280751372605
22825	6.48388398410904
22826	6.5195586265697
22827	6.55112030064872
22828	6.57999890220239
22829	6.60553136983297
22830	6.62676555373137
22831	6.6430809069022
22832	6.65350605836842
22833	6.65757966027679
22834	6.65363338645607
22835	6.64032643802371
22836	6.61985158060232
22837	6.59312226382174
22838	6.56027460653113
22839	6.52015350065724
22840	6.47031572266848
22841	6.41076926939609
22842	6.34415782968753
22843	6.27864390543861
22844	6.21863857039779
22845	6.16182285886415
22846	6.0989170304916
22847	6.01362563478242
22848	5.89113103873154
22849	5.72189432386802
22850	5.49924930424684
22851	5.21746340641721
22852	4.87427995451524
22853	4.47230147396314
22854	4.0156330824908
22855	3.50761468892486
22856	2.9577965362729
22857	2.3791694843821
22858	1.77900100378416
22859	1.16255779834132
22860	0.536063700363103
22861	-0.091962319941963
22862	-0.712047253668059
22863	-1.31538723493753
22864	-1.89635712842547
22865	-2.45026606186517
22866	-2.97300854292376
22867	-3.46348521040566
22868	-3.92397148618388
22869	-4.35363498308724
22870	-4.75240567206413
22871	-5.12399934092165
22872	-5.46780475668491
22873	-5.78435567596389
22874	-6.07696531719976
22875	-6.34802076735833
22876	-6.59822838126082
22877	-6.83105662578973
22878	-7.05001233955549
22879	-7.25389906228709
22880	-7.44323952030818
22881	-7.62001169894907
22882	-7.78580274624513
22883	-7.94360129849495
22884	-8.09367233502249
22885	-8.23481836033356
22886	-8.36807610699042
22887	-8.49594592119099
22888	-8.61976154397527
22889	-8.73872569254756
22890	-8.85114567996559
22891	-8.95885890850567
22892	-9.06377610967517
22893	-9.16428186919653
22894	-9.2612001790686
22895	-9.35599864010919
22896	-9.44870566112243
22897	-9.53963702446469
22898	-9.62831563816063
22899	-9.71363021510944
22900	-9.79460891349212
22901	-9.8707186260131
22902	-9.94037766280582
22903	-10.0047133823711
22904	-10.0674802644392
22905	-10.127847685582
22906	-10.1833161963391
22907	-10.2312194628782
22908	-10.2650166318626
22909	-10.2691086543949
22910	-10.2288691856305
22911	-10.1420961414596
22912	-10.0104807784379
22913	-9.83093754372635
22914	-9.60262675808492
22915	-9.32918544341165
22916	-9.00857703296673
22917	-8.64092823698453
22918	-8.23115565019598
22919	-7.78160784526998
22920	-7.2986357738474
22921	-6.78931539623848
22922	-6.25966402981678
22923	-5.71803116981648
22924	-5.17086102829544
22925	-4.62376666558825
22926	-4.08429433319847
22927	-3.55876095060519
22928	-3.05199675250511
22929	-2.56911112958256
22930	-2.11237874958485
22931	-1.68336420364562
22932	-1.28336383205788
22933	-0.912531439682066
22934	-0.571207702690229
22935	-0.257856746212923
22936	0.0293361385472157
22937	0.291170674571146
22938	0.530560126711696
22939	0.752247741848156
22940	0.957493792033472
22941	1.14341641033602
22942	1.31135369135264
22943	1.46797216282297
22944	1.61669041192924
22945	1.7604385101543
22946	1.90129984124898
22947	2.03266133353251
22948	2.14865285587223
22949	2.2404566615189
22950	2.28501785009635
22951	2.26446161486505
22952	2.18422574016543
22953	2.07529578348362
22954	1.96177110390334
22955	1.85171497883054
22956	1.75658235346237
22957	1.68347625021565
22958	1.63182416976756
22959	1.59765986494329
22960	1.5793072305747
22961	1.57417902252677
22962	1.57425770026522
22963	1.57481326526709
22964	1.5745296990673
22965	1.56750272269332
22966	1.54927343965747
22967	1.51747405694435
22968	1.46987671572657
22969	1.4081008741007
22970	1.33440199112757
22971	1.24857926955215
22972	1.15244487278428
22973	1.04669978743592
22974	0.931440607985916
22975	0.812047910044798
22976	0.688553295863148
22977	0.557423279288666
22978	0.418817575166942
22979	0.270639540017524
22980	0.11230376464372
22981	-0.0531236689552567
22982	-0.225221783597822
22983	-0.402468830689213
22984	-0.581757757692261
22985	-0.76313085047542
22986	-0.941624976615128
22987	-1.11022297748922
22988	-1.26935772401818
22989	-1.4206262889451
22990	-1.56487561513956
22991	-1.70307223150907
22992	-1.83468107900179
22993	-1.95794650012319
22994	-2.07319940310924
22995	-2.18176235725446
22996	-2.28279774798189
22997	-2.37554608535509
22998	-2.46012031096415
22999	-2.53745471303305
23000	-2.60874455759901
23001	-2.67343241512985
23002	-2.73029548381354
23003	-2.78064465787625
23004	-2.82885820920455
23005	-2.8810368799273
23006	-2.94182031554126
23007	-3.01032968418539
23008	-3.08587556317226
23009	-3.17398806812449
23010	-3.27665500686615
23011	-3.39320695889884
23012	-3.52475947400565
23013	-3.6725326112213
23014	-3.83661375142606
23015	-4.01505317367392
23016	-4.20637579671907
23017	-4.40778106354623
23018	-4.61817171591881
23019	-4.83474922262445
23020	-5.05410001400309
23021	-5.27460703645966
23022	-5.49328948592827
23023	-5.70821585389275
23024	-5.91892202685799
23025	-6.12479607671992
23026	-6.32478104783916
23027	-6.51846573234542
23028	-6.70460725306079
23029	-6.8808653335101
23030	-7.04637259991091
23031	-7.20106045149695
23032	-7.34301013343698
23033	-7.47075166946427
23034	-7.58452242772114
23035	-7.68300157620485
23036	-7.76447158443167
23037	-7.82988274040155
23038	-7.88229574577467
23039	-7.92305468738888
23040	-7.9504173690506
23041	-7.96397046561426
23042	-7.96639118119583
23043	-7.95977450076957
23044	-7.94372539393662
23045	-7.91527797775878
23046	-7.86955275224557
23047	-7.80258615181402
23048	-7.70804581526461
23049	-7.57631327195023
23050	-7.39994806169015
23051	-7.17708447612271
23052	-6.90680401949788
23053	-6.58681287007512
23054	-6.21552239594
23055	-5.79281474032143
23056	-5.32282589068149
23057	-4.81240809848045
23058	-4.26729375287222
23059	-3.69617348810334
23060	-3.10838559871682
23061	-2.51210970152977
23062	-1.91558988030253
23063	-1.32306400134105
23064	-0.740769377653848
23065	-0.178266325675543
23066	0.360217850871817
23067	0.871071497428086
23068	1.34316626357063
23069	1.759884560564
23070	2.12838072974295
23071	2.47370945291303
23072	2.81133686586782
23073	3.14825715758236
23074	3.49149256220385
23075	3.84381248700073
23076	4.20277087087806
23077	4.56506240018243
23078	4.92567904189043
23079	5.28194509286521
23080	5.63170212916002
23081	5.97185030770678
23082	6.30104095615115
23083	6.617033466508
23084	6.91848926687307
23085	7.20558308922997
23086	7.47866952174193
23087	7.73727076157218
23088	7.98121218799824
23089	8.20991957594224
23090	8.42202953406774
23091	8.61773962184681
23092	8.79973108814704
23093	8.9701705683496
23094	9.1278212184015
23095	9.27190069042788
23096	9.40286613579648
23097	9.52100204489979
23098	9.62664549430979
23099	9.72014173082336
23100	9.80176312553615
23101	9.87174713006111
23102	9.92883162464299
23103	9.97026009816115
23104	9.99145851527218
23105	9.98110804631706
23106	9.92649295408499
23107	9.81721570912229
23108	9.63860982234825
23109	9.38031071430708
23110	9.04267349646668
23111	8.62698036122569
23112	8.14857520015571
23113	7.61191545811543
23114	7.01698401270203
23115	6.37765814273873
23116	5.69811107890948
23117	4.98735754696744
23118	4.25985790079401
23119	3.52845076620317
23120	2.80601839305039
23121	2.10210885180078
23122	1.41893715306494
23123	0.758676892202843
23124	0.129628115050959
23125	-0.465186181819451
23126	-1.02713973837573
23127	-1.55324210018132
23128	-2.04223565865937
23129	-2.4989424652264
23130	-2.92599921526638
23131	-3.32281057301673
23132	-3.6913954759485
23133	-4.03483834273384
23134	-4.35282554882232
23135	-4.64641527325342
23136	-4.91816528164169
23137	-5.1699616786085
23138	-5.40414049144677
23139	-5.619744677206
23140	-5.82076965825013
23141	-5.99827855630096
23142	-6.14365676429156
23143	-6.25376073167359
23144	-6.32426100256001
23145	-6.35958239962785
23146	-6.36351929632505
23147	-6.33796363201302
23148	-6.2840359634021
23149	-6.2054760445605
23150	-6.11559055486363
23151	-6.02793282909639
23152	-5.94396342865023
23153	-5.85686266600763
23154	-5.75808363830329
23155	-5.65674808039581
23156	-5.57165135794133
23157	-5.50783936743633
23158	-5.46137142574454
23159	-5.42700219493481
23160	-5.40024643047123
23161	-5.37514608479356
23162	-5.34747015940753
23163	-5.32502434947935
23164	-5.3183187852338
23165	-5.3276264765306
23166	-5.34998778722399
23167	-5.38138229262373
23168	-5.41682430068834
23169	-5.45316523718986
23170	-5.49225287594207
23171	-5.54029847943752
23172	-5.60032190970526
23173	-5.6683297699745
23174	-5.73751919303086
23175	-5.80583779117987
23176	-5.87858985996029
23177	-5.95994319065864
23178	-6.04493324757265
23179	-6.12411700056751
23180	-6.19548044567836
23181	-6.26777851708269
23182	-6.34963977234889
23183	-6.44143068207436
23184	-6.53739171613785
23185	-6.63199277233646
23186	-6.72368574257241
23187	-6.81407065591393
23188	-6.90744000241027
23189	-7.00518681045
23190	-7.10383515349954
23191	-7.19864235427073
23192	-7.28896599968143
23193	-7.37929837003567
23194	-7.4739869920344
23195	-7.57209222928025
23196	-7.67122972644782
23197	-7.77200056142811
23198	-7.87324490155064
23199	-7.97147110870995
23200	-8.06429861071189
23201	-8.15200304455391
23202	-8.2350338578109
23203	-8.31738180220749
23204	-8.403760311939
23205	-8.49542264945192
23206	-8.59185725791182
23207	-8.69000565479955
23208	-8.78955548990239
23209	-8.89110757254304
23210	-8.9874046628493
23211	-9.07020512902278
23212	-9.12644165448497
23213	-9.13938719215545
23214	-9.09825583529202
23215	-8.99405920132284
23216	-8.82346637074339
23217	-8.5876965149877
23218	-8.28612582207616
23219	-7.91886287659848
23220	-7.48890319781424
23221	-7.00154388887303
23222	-6.46123763354591
23223	-5.87422597689238
23224	-5.24830582417738
23225	-4.59244394648551
23226	-3.91739864877032
23227	-3.2315512674093
23228	-2.54505887137315
23229	-1.87034208048453
23230	-1.21650887529134
23231	-0.601955318366118
23232	-0.0451171339275502
23233	0.435586519534964
23234	0.820194452508801
23235	1.10368225347526
23236	1.28994246328442
23237	1.39742536943582
23238	1.45237457747403
23239	1.4755980447559
23240	1.48857478683824
23241	1.50855706433586
23242	1.53690443256854
23243	1.5601343913922
23244	1.5639530286193
23245	1.54747901324159
23246	1.51911380494314
23247	1.48000830527627
23248	1.42055354642578
23249	1.32703477260101
23250	1.19521747405551
23251	1.03487981186843
23252	0.861136280221239
23253	0.681207066184406
23254	0.489863435376013
23255	0.280698475467458
23256	0.0525849047572474
23257	-0.189830025812176
23258	-0.445284590475114
23259	-0.716294675539505
23260	-1.0037787088662
23261	-1.3081174143333
23262	-1.62795506176238
23263	-1.96892079534346
23264	-2.33311655940572
23265	-2.71263157725058
23266	-3.1059260696652
23267	-3.51122926108227
23268	-3.91646735739113
23269	-4.31015896784552
23270	-4.68579207987418
23271	-5.03860790089456
23272	-5.36712464101404
23273	-5.67159885988704
23274	-5.95182493353683
23275	-6.20830157876713
23276	-6.44235323876356
23277	-6.65570485752376
23278	-6.84941193264632
23279	-7.0267710470926
23280	-7.19082234317699
23281	-7.34096861320235
23282	-7.47753461327149
23283	-7.60243814915982
23284	-7.71607204951623
23285	-7.81961487306949
23286	-7.91594602405962
23287	-8.00666373208811
23288	-8.0953307848956
23289	-8.18541686305051
23290	-8.27926347208857
23291	-8.37803643821624
23292	-8.48442051140346
23293	-8.60803016312969
23294	-8.75429200049032
23295	-8.92288756870342
23296	-9.11604766425581
23297	-9.33559951734841
23298	-9.58024570999751
23299	-9.84577178582547
23300	-10.1285004997616
23301	-10.42397202521
23302	-10.7273979491983
23303	-11.0341316036077
23304	-11.3409291656262
23305	-11.647273065058
23306	-11.9503742493385
23307	-12.246702729018
23308	-12.5337827895477
23309	-12.8103850976104
23310	-13.0759148229503
23311	-13.3311136271779
23312	-13.577647004982
23313	-13.8140216026779
23314	-14.0391712036069
23315	-14.2555380723269
23316	-14.4651362894565
23317	-14.6686267486289
23318	-14.8656308613777
23319	-15.0553828864641
23320	-15.2386419494951
23321	-15.4160992690303
23322	-15.5880715771475
23323	-15.754770707738
23324	-15.9169790445457
23325	-16.0754406152783
23326	-16.2292562183793
23327	-16.3768212347279
23328	-16.517373667376
23329	-16.6496010112901
23330	-16.7728991200248
23331	-16.8891949747076
23332	-17.0011837503511
23333	-17.1102554363892
23334	-17.2163075474781
23335	-17.3206654847042
23336	-17.4245649470588
23337	-17.5272398293357
23338	-17.6277246130532
23339	-17.724001449535
23340	-17.815010767666
23341	-17.9016743949115
23342	-17.9859756380529
23343	-18.067897285088
23344	-18.1462065154787
23345	-18.2218152426663
23346	-18.2933044720705
23347	-18.3577696767019
23348	-18.4093147145601
23349	-18.4384586453871
23350	-18.4339397783464
23351	-18.3879433630358
23352	-18.3042417495922
23353	-18.1890559606857
23354	-18.0439710434462
23355	-17.8718886415118
23356	-17.6767833246601
23357	-17.4623441155955
23358	-17.2304711054757
23359	-16.9806925947845
23360	-16.7164622690027
23361	-16.4417796266659
23362	-16.1556598313814
23363	-15.8582035227772
23364	-15.5518424029531
23365	-15.2390801284011
23366	-14.9224746611476
23367	-14.6037279057103
23368	-14.2826712370919
23369	-13.9615655842404
23370	-13.6433713396126
23371	-13.3290665209451
23372	-13.0206834619821
23373	-12.7199085411951
23374	-12.4294159333527
23375	-12.1524140378787
23376	-11.8891037478298
23377	-11.639909409031
23378	-11.4051708178163
23379	-11.1842612695093
23380	-10.9771297171163
23381	-10.784089832635
23382	-10.603385956735
23383	-10.4340431979955
23384	-10.2777930759684
23385	-10.1331042084508
23386	-9.99887528476351
23387	-9.87575298726456
23388	-9.76276120149164
23389	-9.65819534055656
23390	-9.56165551366311
23391	-9.47294356553798
23392	-9.39086334444685
23393	-9.31823582484341
23394	-9.25866352715809
23395	-9.21567647417653
23396	-9.19417736975689
23397	-9.19537565981268
23398	-9.21826727802179
23399	-9.26369317616742
23400	-9.33364165986397
23401	-9.4253746391717
23402	-9.53659216790903
23403	-9.66693581005578
23404	-9.81218945070168
23405	-9.9703996156258
23406	-10.1407088466475
23407	-10.3203351567248
23408	-10.5077119739921
23409	-10.7024939361351
23410	-10.9043871075704
23411	-11.1119274444449
23412	-11.3244842086615
23413	-11.541358640269
23414	-11.7623645007326
23415	-11.9868688822262
23416	-12.2136725620939
23417	-12.4414861408224
23418	-12.6678520794526
23419	-12.8918639649933
23420	-13.1121046198184
23421	-13.3248329668415
23422	-13.5261518199134
23423	-13.7134853374344
23424	-13.8834671717979
23425	-14.0320640722809
23426	-14.1582031327302
23427	-14.2613540597308
23428	-14.3499276813539
23429	-14.4449558066679
23430	-14.5680713509508
23431	-14.7339675226456
23432	-14.9348832418144
23433	-15.1443630787981
23434	-15.3385589220316
23435	-15.5078868244137
23436	-15.6505017830123
23437	-15.7670465977037
23438	-15.8601294003186
23439	-15.9303324881596
23440	-15.9781249126463
23441	-16.0034891862979
23442	-16.013202819047
23443	-16.0194356647442
23444	-16.0281200145531
23445	-16.0314043529268
23446	-16.0093686791733
23447	-15.9532717119691
23448	-15.8719795746337
23449	-15.7731898761384
23450	-15.6619638147002
23451	-15.5432343301927
23452	-15.418752874232
23453	-15.2898380971486
23454	-15.1560636055822
23455	-15.0155332443486
23456	-14.8701972998927
23457	-14.7226745200581
23458	-14.5728049999407
23459	-14.4201724443889
23460	-14.2653235050181
23461	-14.1061194393349
23462	-13.9402827831272
23463	-13.7684267522014
23464	-13.5958797222465
23465	-13.4246139245072
23466	-13.2498249474437
23467	-13.073186431819
23468	-12.8969085398891
23469	-12.720159106376
23470	-12.5417076363909
23471	-12.3656531761544
23472	-12.1953485967536
23473	-12.0266568499104
23474	-11.8582727212694
23475	-11.6899128256491
23476	-11.5261542242106
23477	-11.3730954729251
23478	-11.2188882186231
23479	-11.0498018934872
23480	-10.8685789699539
23481	-10.6785418514766
23482	-10.4743991587539
23483	-10.2520408859464
23484	-10.0119736131806
23485	-9.75380371116797
23486	-9.4821842253923
23487	-9.2047075110588
23488	-8.92583524805101
23489	-8.65133514728312
23490	-8.40014183350561
23491	-8.17171901958306
23492	-7.95658970864904
23493	-7.76380628951273
23494	-7.58679128016011
23495	-7.41337068179019
23496	-7.24327204499738
23497	-7.07783847471217
23498	-6.91382150475669
23499	-6.74726888203965
23500	-6.57706679519027
23501	-6.40513858493377
23502	-6.23389742375671
23503	-6.06401984944069
23504	-5.89630077957892
23505	-5.73304368287104
23506	-5.57680754132401
23507	-5.42926718248678
23508	-5.29145354034118
23509	-5.16445575966613
23510	-5.0466030294176
23511	-4.93528246877391
23512	-4.83083217367244
23513	-4.73269329321281
23514	-4.64406601216763
23515	-4.57109547564616
23516	-4.52421301868202
23517	-4.5136318861283
23518	-4.54267619214147
23519	-4.61749199949265
23520	-4.74890761804418
23521	-4.94436179115677
23522	-5.20924396353454
23523	-5.54675692880962
23524	-5.95710070089316
23525	-6.43998419680187
23526	-6.99438273734642
23527	-7.61583048869799
23528	-8.29429985862563
23529	-9.01851468152128
23530	-9.77723202662322
23531	-10.5558498951544
23532	-11.3391859293465
23533	-12.1148899741031
23534	-12.8725940120174
23535	-13.6032980397601
23536	-14.2988125996224
23537	-14.9529301715996
23538	-15.5624900104225
23539	-16.1254440603295
23540	-16.6416753475808
23541	-17.1149232426875
23542	-17.5469524952992
23543	-17.9410932041412
23544	-18.3042727317274
23545	-18.6404749513986
23546	-18.9523499228773
23547	-19.2425033763089
23548	-19.5134660141566
23549	-19.7680682563817
23550	-20.0087740274508
23551	-20.2345863977177
23552	-20.4446306983097
23553	-20.6423033641367
23554	-20.8318623625357
23555	-21.0145689636196
23556	-21.1900539440423
23557	-21.3589806650969
23558	-21.521008248331
23559	-21.6750351739761
23560	-21.8207419515483
23561	-21.9589700562997
23562	-22.0863194963602
23563	-22.1958815586619
23564	-22.2775632422276
23565	-22.3121126975799
23566	-22.2805504485423
23567	-22.1718365917177
23568	-21.9794774675036
23569	-21.6986728860144
23570	-21.3255533419606
23571	-20.8558476673622
23572	-20.2881126799566
23573	-19.6216991073801
23574	-18.8615907183115
23575	-18.0191083761313
23576	-17.1036171685142
23577	-16.1276386805693
23578	-15.1066617503837
23579	-14.0559021584304
23580	-12.9923637334927
23581	-11.933198036144
23582	-10.8947419085859
23583	-9.89112851491261
23584	-8.9334246948042
23585	-8.03199336012479
23586	-7.19333608255833
23587	-6.42141217807923
23588	-5.71908263485091
23589	-5.0911119277456
23590	-4.53016733037844
23591	-4.0252225869317
23592	-3.57127279470791
23593	-3.15959310495765
23594	-2.78339250839253
23595	-2.440562624996
23596	-2.13173704076164
23597	-1.85563437365269
23598	-1.61897596105887
23599	-1.42766612798413
23600	-1.27879305516549
23601	-1.16904382769705
23602	-1.09654817413814
23603	-1.05986138727649
23604	-1.05475004600968
23605	-1.08006132386546
23606	-1.13732556472659
23607	-1.22321787674035
23608	-1.33028370761102
23609	-1.45583962232249
23610	-1.59323885568357
23611	-1.73370012337157
23612	-1.86668714838145
23613	-1.98059220548607
23614	-2.07105724159479
23615	-2.13279068394855
23616	-2.16138917657888
23617	-2.15298649494053
23618	-2.10471853105242
23619	-2.01999975602133
23620	-1.90555986689446
23621	-1.76663840399114
23622	-1.60593266937565
23623	-1.42532472105426
23624	-1.2279791701097
23625	-1.01966563266109
23626	-0.806383226096423
23627	-0.597227962381196
23628	-0.407741743863887
23629	-0.258307829005181
23630	-0.169520767047212
23631	-0.15901653189629
23632	-0.232212279251938
23633	-0.375755480220262
23634	-0.5743785793061
23635	-0.819557726971543
23636	-1.10092930479124
23637	-1.40772339091925
23638	-1.73432477053571
23639	-2.07872253443788
23640	-2.44209998445722
23641	-2.82333695826906
23642	-3.21719647490619
23643	-3.62183540100366
23644	-4.0319212711588
23645	-4.44223735064805
23646	-4.85234704813569
23647	-5.26010100021118
23648	-5.66264780749541
23649	-6.05656919392579
23650	-6.43840460841964
23651	-6.8063966275241
23652	-7.16077966285822
23653	-7.49915312646304
23654	-7.81909160883469
23655	-8.12300965837879
23656	-8.41197116500682
23657	-8.68536741524928
23658	-8.94292817396499
23659	-9.185342881182
23660	-9.41515325398067
23661	-9.63221639421051
23662	-9.83481643507332
23663	-10.0224677039002
23664	-10.1938456198699
23665	-10.3480577609798
23666	-10.48525889944
23667	-10.6115563820343
23668	-10.7404970311941
23669	-10.8849138039894
23670	-11.0567124370878
23671	-11.2657396352154
23672	-11.5170812340081
23673	-11.8122029442621
23674	-12.1489703552634
23675	-12.5256153327103
23676	-12.9397420348513
23677	-13.3849182165773
23678	-13.8524957024369
23679	-14.3357215269857
23680	-14.8278416254663
23681	-15.3225827003806
23682	-15.8155173664478
23683	-16.3037730965434
23684	-16.7838812665772
23685	-17.2514858139879
23686	-17.703680662361
23687	-18.1400720772745
23688	-18.5595662021961
23689	-18.9592442118456
23690	-19.3400030917936
23691	-19.7043461357094
23692	-20.0527120842961
23693	-20.3856404444927
23694	-20.7032613290427
23695	-21.0061322915221
23696	-21.2947931761307
23697	-21.5681517736477
23698	-21.8231931797878
23699	-22.0554323729728
23700	-22.2519282215786
23701	-22.3947311843946
23702	-22.4751306910269
23703	-22.5088556166511
23704	-22.5170764570826
23705	-22.5090007191741
23706	-22.4933403287188
23707	-22.4766903257288
23708	-22.4616162846407
23709	-22.4520155203994
23710	-22.4503272448979
23711	-22.4548996669904
23712	-22.4618872934418
23713	-22.4650267726171
23714	-22.4596577989232
23715	-22.4484878969639
23716	-22.434923188335
23717	-22.4185541597459
23718	-22.3989695560594
23719	-22.3729530174789
23720	-22.3387284147695
23721	-22.2972112531092
23722	-22.2479093761447
23723	-22.1898080934423
23724	-22.121750876889
23725	-22.0422545076411
23726	-21.9523978446377
23727	-21.8516808404448
23728	-21.7390386285359
23729	-21.6162786145477
23730	-21.4833317915894
23731	-21.3383440978567
23732	-21.1850291060949
23733	-21.0327403214278
23734	-20.8907828163794
23735	-20.7683024097857
23736	-20.6728259608086
23737	-20.6117217075773
23738	-20.5910527006472
23739	-20.6128401364322
23740	-20.6732638592464
23741	-20.7668771662914
23742	-20.8915286313523
23743	-21.0430595214478
23744	-21.2103441783545
23745	-21.379796538879
23746	-21.5357645678109
23747	-21.661545032482
23748	-21.7507665494889
23749	-21.7917072370571
23750	-21.7815586302422
23751	-21.739054594684
23752	-21.6735523560188
23753	-21.5764658089813
23754	-21.4358572888961
23755	-21.2622142443322
23756	-21.0787043510527
23757	-20.9031764468083
23758	-20.7493147595509
23759	-20.627830149891
23760	-20.5452372317272
23761	-20.505616484616
23762	-20.5088252442439
23763	-20.5531791887168
23764	-20.6378894169032
23765	-20.7591449953137
23766	-20.9129603297286
23767	-21.0947834084761
23768	-21.3017213896708
23769	-21.5277564416265
23770	-21.7669366470185
23771	-22.0140464551867
23772	-22.2647758478109
23773	-22.5184228702915
23774	-22.7709734135234
23775	-23.0179907610756
23776	-23.2567887367354
23777	-23.4847906541766
23778	-23.6993470052963
23779	-23.8972121931678
23780	-24.0779757905114
23781	-24.2421891993344
23782	-24.3903244488591
23783	-24.5226412077265
23784	-24.6415289534702
23785	-24.749656780859
23786	-24.8414994798878
23787	-24.9064731565926
23788	-24.9268145604581
23789	-24.8902284858817
23790	-24.8054375295363
23791	-24.6869437171863
23792	-24.5452083493283
23793	-24.3903339516328
23794	-24.2308606867619
23795	-24.0713141936659
23796	-23.9132588064576
23797	-23.7572962264377
23798	-23.6030636066072
23799	-23.448549177823
23800	-23.2934230972052
23801	-23.1367021224109
23802	-22.9758157595416
23803	-22.8091891278524
23804	-22.6368942528132
23805	-22.4592083989158
23806	-22.2768106660115
23807	-22.0911264201405
23808	-21.9013550438088
23809	-21.7059442702542
23810	-21.5046108636502
23811	-21.2973351495559
23812	-21.0842570597828
23813	-20.8682078857908
23814	-20.6520680071364
23815	-20.4356877921877
23816	-20.2200170910562
23817	-20.0077726402316
23818	-19.8013857564808
23819	-19.6013709596544
23820	-19.4061836425952
23821	-19.2164477437547
23822	-19.0348429914186
23823	-18.864402765284
23824	-18.7048147976196
23825	-18.5527116783667
23826	-18.4086065910783
23827	-18.2712720153033
23828	-18.13864586305
23829	-18.011208181058
23830	-17.8887857428976
23831	-17.7728395093035
23832	-17.6624518580178
23833	-17.5554740476089
23834	-17.4532981911299
23835	-17.3563109221035
23836	-17.260194874296
23837	-17.1619701769301
23838	-17.0582778856488
23839	-16.9414920551567
23840	-16.8059413707785
23841	-16.6515432870643
23842	-16.4760559119339
23843	-16.2651667099897
23844	-16.0085427518653
23845	-15.7032541546465
23846	-15.34570417995
23847	-14.9398427319019
23848	-14.4907916158913
23849	-14.0047061805924
23850	-13.4901714697038
23851	-12.9573006848182
23852	-12.4180636481946
23853	-11.8765447848541
23854	-11.3426883254104
23855	-10.8271041025972
23856	-10.3270504321798
23857	-9.83759703355905
23858	-9.36200973892788
23859	-8.90198774285137
23860	-8.46063868810742
23861	-8.03905714825273
23862	-7.63465728747908
23863	-7.24751942382523
23864	-6.88359565802453
23865	-6.54703455747239
23866	-6.23355852706463
23867	-5.93948513337933
23868	-5.65926825027844
23869	-5.38815376090859
23870	-5.12956808913548
23871	-4.88451098563574
23872	-4.65133455416634
23873	-4.43197110209124
23874	-4.22217706614941
23875	-4.01553562335905
23876	-3.81083642212001
23877	-3.60854422145541
23878	-3.41221208898434
23879	-3.22531224147999
23880	-3.05010559550091
23881	-2.88766726109784
23882	-2.7355789405734
23883	-2.59469220091014
23884	-2.46487403768326
23885	-2.34821836980954
23886	-2.25112776605838
23887	-2.17656329343449
23888	-2.12317681015671
23889	-2.09230876554042
23890	-2.0864155585474
23891	-2.10085688141961
23892	-2.13225143748522
23893	-2.18183051201269
23894	-2.24836808263009
23895	-2.33199059463445
23896	-2.43146844656309
23897	-2.54340211865226
23898	-2.67050970277182
23899	-2.81355263586235
23900	-2.96741999981374
23901	-3.13276011863303
23902	-3.31228524672963
23903	-3.50781062983322
23904	-3.72347885873241
23905	-3.96170039358454
23906	-4.22565276840405
23907	-4.51963543106162
23908	-4.84473465218266
23909	-5.1959721236735
23910	-5.56891304856437
23911	-5.9615199939928
23912	-6.37039537547534
23913	-6.79183761416214
23914	-7.22000640943735
23915	-7.64932643499761
23916	-8.07359233157303
23917	-8.48382147651726
23918	-8.87515932681131
23919	-9.22946957846087
23920	-9.54319172814764
23921	-9.82278562095064
23922	-10.0693421513789
23923	-10.2977788893391
23924	-10.5123127591877
23925	-10.7031015873311
23926	-10.8642513433767
23927	-10.990656239581
23928	-11.076317787831
23929	-11.1244105024119
23930	-11.1423829869527
23931	-11.1413062456207
23932	-11.1261288696929
23933	-11.1008303843261
23934	-11.0691294739427
23935	-11.0286380579621
23936	-10.9743146505182
23937	-10.9017325912349
23938	-10.8139267849506
23939	-10.7195060271607
23940	-10.625637675116
23941	-10.5313382618473
23942	-10.4325365084373
23943	-10.3278051055199
23944	-10.2153543901292
23945	-10.0947168642595
23946	-9.96921737074944
23947	-9.83923281667774
23948	-9.70488830636784
23949	-9.56498594947497
23950	-9.41583846806753
23951	-9.25867463711133
23952	-9.09578375360369
23953	-8.93115084655984
23954	-8.76577494052847
23955	-8.59415239413641
23956	-8.41421807898431
23957	-8.23020244182034
23958	-8.0456023472219
23959	-7.86577158254908
23960	-7.69127236284911
23961	-7.52084624198996
23962	-7.35649328011749
23963	-7.19533026637197
23964	-7.03257866458109
23965	-6.86290899784448
23966	-6.6838751719879
23967	-6.49386071624373
23968	-6.29335575173752
23969	-6.08373767677625
23970	-5.86567888290402
23971	-5.64093536489086
23972	-5.41056135030838
23973	-5.17699025010405
23974	-4.94293452985056
23975	-4.70759939202114
23976	-4.47327291925256
23977	-4.24316567606431
23978	-4.01711384773736
23979	-3.79939662592498
23980	-3.59816977829976
23981	-3.41194659350145
23982	-3.22449539743067
23983	-3.02162209928802
23984	-2.79513889175062
23985	-2.5376705492022
23986	-2.24929081224189
23987	-1.93819013275174
23988	-1.61761604617744
23989	-1.30323578033452
23990	-1.00501070834984
23991	-0.72772881962793
23992	-0.467131107575988
23993	-0.228591794704798
23994	-0.0283823701272236
23995	0.128739167704888
23996	0.260017877643768
23997	0.384063462064525
23998	0.497672498441315
23999	0.591808619578107
24000	0.666366534745836
24001	0.724597960950165
24002	0.760327665660997
24003	0.762376373854447
24004	0.724968275980439
24005	0.648812806036035
24006	0.5331305867975
24007	0.379095765826616
24008	0.187045772077991
24009	-0.0406982399451102
24010	-0.299204399181961
24011	-0.586843027632025
24012	-0.898403810498987
24013	-1.23091946472477
24014	-1.58563681450977
24015	-1.96147078784562
24016	-2.35541212425075
24017	-2.76440802966734
24018	-3.18776519739164
24019	-3.61640640728742
24020	-4.04724505543391
24021	-4.47978144068334
24022	-4.9084496640261
24023	-5.33991133101241
24024	-5.78445873304608
24025	-6.24758015089987
24026	-6.72723708124938
24027	-7.21914419526271
24028	-7.72092121225262
24029	-8.22939442874517
24030	-8.74265520433686
24031	-9.2603082275085
24032	-9.78080227494235
24033	-10.3043472413252
24034	-10.8305444665782
24035	-11.3576851058983
24036	-11.8850064781833
24037	-12.4134429681726
24038	-12.9436707296447
24039	-13.4757862350532
24040	-14.0108773435851
24041	-14.5472742065639
24042	-15.0832294913767
24043	-15.6193525590472
24044	-16.1558020944954
24045	-16.6926820143233
24046	-17.2316968105569
24047	-17.7743826351077
24048	-18.322021121776
24049	-18.8738764283018
24050	-19.4300048013108
24051	-19.9914697678181
24052	-20.559253908641
24053	-21.1314788043514
24054	-21.7067050148629
24055	-22.2868131073693
24056	-22.8714599195766
24057	-23.4611353284615
24058	-24.0549128310363
24059	-24.6519700172446
24060	-25.2546860333613
24061	-25.8647469985578
24062	-26.4818497703069
24063	-27.1045873584748
24064	-27.733004676415
24065	-28.3640514614824
24066	-28.9940015948939
24067	-29.6220166109352
24068	-30.2475445918811
24069	-30.8677129711972
24070	-31.4809324606568
24071	-32.0851757099261
24072	-32.6788195415635
24073	-33.2635051494568
24074	-33.8400451118862
24075	-34.4100331876532
24076	-34.9730600174925
24077	-35.5257567055991
24078	-36.0664480416519
24079	-36.5982222968404
24080	-37.1228901168042
24081	-37.6383505925817
24082	-38.14251932285
24083	-38.63535338356
24084	-39.1171989102504
24085	-39.5889604590086
24086	-40.0522247025708
24087	-40.5051806966344
24088	-40.9482870510086
24089	-41.3867476353799
24090	-41.821772294184
24091	-42.251287067985
24092	-42.6749661973737
24093	-43.0919342221251
24094	-43.5024526412239
24095	-43.9088874472589
24096	-44.311034971252
24097	-44.7073530630382
24098	-45.0972204200201
24099	-45.479570582816
24100	-45.8539502038226
24101	-46.2220226767121
24102	-46.5830635966605
24103	-46.9366194198894
24104	-47.2840502951645
24105	-47.6223479019323
24106	-47.947963652021
24107	-48.2626661210955
24108	-48.5678352580054
24109	-48.8614417464629
24110	-49.145063889735
24111	-49.4169114130427
24112	-49.6720486051701
24113	-49.9112344354471
24114	-50.1382295270767
24115	-50.3523767063923
24116	-50.5521513375689
24117	-50.7354678799044
24118	-50.9018137565989
24119	-51.0565551304616
24120	-51.1992111945365
24121	-51.3263262642265
24122	-51.4355640439359
24123	-51.5257173183373
24124	-51.5967653750393
24125	-51.6512624233892
24126	-51.6912725623445
24127	-51.7140842122749
24128	-51.7182030072581
24129	-51.7071019668638
24130	-51.6808618602841
24131	-51.6371859495941
24132	-51.5755814723973
24133	-51.4935935821813
24134	-51.3916782417617
24135	-51.2704968886528
24136	-51.1276500024622
24137	-50.9611686810117
24138	-50.7639402153903
24139	-50.5313364348632
24140	-50.2563691141487
24141	-49.9598222270222
24142	-49.6576915425293
24143	-49.3306249689231
24144	-48.9601481197236
24145	-48.5384420078286
24146	-48.1134087092119
24147	-47.6753370068808
24148	-47.1981235757152
24149	-46.7091383493204
24150	-46.2158673928722
24151	-45.7130409765989
24152	-45.211477404278
24153	-44.7262443439866
24154	-44.2603172837898
24155	-43.814921487334
24156	-43.3942604975809
24157	-42.9996347709002
24158	-42.6269552589575
24159	-42.2708690982037
24160	-41.929611645136
24161	-41.6025418777122
24162	-41.2891118273448
24163	-40.9911679580403
24164	-40.7084774600244
24165	-40.4394655778137
24166	-40.1834374128028
24167	-39.9414957524915
24168	-39.7140896340944
24169	-39.5000687984663
24170	-39.2969364535077
24171	-39.1038869572516
24172	-38.9209615768239
24173	-38.7479616931308
24174	-38.5845564706415
24175	-38.4283151561897
24176	-38.2782730691125
24177	-38.1340935104936
24178	-37.9947595312463
24179	-37.8582331999222
24180	-37.7240697777901
24181	-37.5931540812949
24182	-37.4664744917288
24183	-37.3442486285344
24184	-37.2256172350389
24185	-37.1107809964401
24186	-36.9990191496901
24187	-36.8894120426211
24188	-36.7814469968582
24189	-36.674703173369
24190	-36.5685985714185
24191	-36.4628206208509
24192	-36.3580801016574
24193	-36.2559368067875
24194	-36.156799567465
24195	-36.0627522509082
24196	-35.9793622634369
24197	-35.908523457428
24198	-35.8490394795252
24199	-35.8034858279877
24200	-35.7751568189373
24201	-35.7650297214692
24202	-35.7700812779223
24203	-35.7872281862237
24204	-35.8146009155498
24205	-35.8493983481672
24206	-35.8903763112002
24207	-35.936048859636
24208	-35.9848897102811
24209	-36.0366485589985
24210	-36.0914922264253
24211	-36.1486249521363
24212	-36.2057088815258
24213	-36.2613377482144
24214	-36.3144608881236
24215	-36.3639358116639
24216	-36.4090893598023
24217	-36.4513822976344
24218	-36.4922350402883
24219	-36.5300418177694
24220	-36.5633027092703
24221	-36.5911744689713
24222	-36.6135905886989
24223	-36.6299592745955
24224	-36.6384920022005
24225	-36.6364926630011
24226	-36.6239117417276
24227	-36.6014931105249
24228	-36.5690276228456
24229	-36.5277589796923
24230	-36.4795088912293
24231	-36.4250193674435
24232	-36.3639704975746
24233	-36.2952132890756
24234	-36.2185623367619
24235	-36.1339034687189
24236	-36.0407554186866
24237	-35.9387507642369
24238	-35.8288192412629
24239	-35.7139402434538
24240	-35.5958114457304
24241	-35.4735246493594
24242	-35.3476840712625
24243	-35.2197891819925
24244	-35.0866033795114
24245	-34.9470148412746
24246	-34.7956836283983
24247	-34.624435589139
24248	-34.4373399675573
24249	-34.2331187077375
24250	-33.9974183400435
24251	-33.7322922521224
24252	-33.4443684282986
24253	-33.1371791643881
24254	-32.8182591557376
24255	-32.4894551558298
24256	-32.1514739481005
24257	-31.8151259605085
24258	-31.4863368848876
24259	-31.1642774810547
24260	-30.8489178196924
24261	-30.5421218731597
24262	-30.2455442498766
24263	-29.9545650151077
24264	-29.6764455941622
24265	-29.420488380581
24266	-29.1801390548093
24267	-28.9467466741468
24268	-28.7165453517286
24269	-28.5010574073066
24270	-28.3154008848719
24271	-28.155715451693
24272	-28.0037667151265
24273	-27.84965871067
24274	-27.6948746419174
24275	-27.5523691019251
24276	-27.4285613720102
24277	-27.3086376595138
24278	-27.1842586212045
24279	-27.059542874832
24280	-26.9455984356965
24281	-26.8466878338908
24282	-26.7520347447344
24283	-26.6545524370937
24284	-26.5556389557629
24285	-26.4628511098154
24286	-26.3842788346491
24287	-26.3172770404676
24288	-26.2495138075725
24289	-26.1749245782049
24290	-26.0945788090395
24291	-26.016188320686
24292	-25.9447080879863
24293	-25.8696127109544
24294	-25.7875583421699
24295	-25.7040750817775
24296	-25.625626118796
24297	-25.5576472450394
24298	-25.4949715433129
24299	-25.4297208790362
24300	-25.3599985813154
24301	-25.284761790938
24302	-25.2091826445602
24303	-25.1371029105898
24304	-25.0637075111468
24305	-24.9864994060603
24306	-24.9054040649316
24307	-24.8253542595601
24308	-24.7546574454417
24309	-24.6920458830212
24310	-24.6286855947818
24311	-24.5606080189204
24312	-24.4904415006751
24313	-24.4277598693081
24314	-24.3788173047487
24315	-24.3340709817156
24316	-24.2838433390306
24317	-24.2284155236357
24318	-24.1758864220717
24319	-24.13404284569
24320	-24.0978040654582
24321	-24.0551734973621
24322	-24.0019930505929
24323	-23.9409601696089
24324	-23.8796951611117
24325	-23.8264189931189
24326	-23.7783222917041
24327	-23.7271391437966
24328	-23.6706942571628
24329	-23.6108857636842
24330	-23.5541428802434
24331	-23.5073380791713
24332	-23.465317591237
24333	-23.418471781867
24334	-23.3651319322039
24335	-23.3080203707031
24336	-23.2548936241674
24337	-23.2108373879505
24338	-23.1670290818267
24339	-23.1148947124535
24340	-23.0539470896572
24341	-22.9856528134788
24342	-22.9154118358106
24343	-22.8475851141393
24344	-22.7773013646209
24345	-22.6999819359233
24346	-22.6112935007405
24347	-22.5079559506452
24348	-22.392885041842
24349	-22.2682216916614
24350	-22.1321049177169
24351	-21.9863897555435
24352	-21.8267302558508
24353	-21.6438795271273
24354	-21.436324662363
24355	-21.2060874134754
24356	-20.9556639478032
24357	-20.6908151321378
24358	-20.4181853344038
24359	-20.1406336211837
24360	-19.8600589640573
24361	-19.5770293062551
24362	-19.2935052024653
24363	-19.0133947599722
24364	-18.7339852100189
24365	-18.4580030236448
24366	-18.1880446682875
24367	-17.9257165788314
24368	-17.6742926794817
24369	-17.4311579030689
24370	-17.1999506950886
24371	-16.9845157473734
24372	-16.7816754785607
24373	-16.5857523248091
24374	-16.3945920400451
24375	-16.2021222472828
24376	-15.9986823190488
24377	-15.7762368001539
24378	-15.5295044205634
24379	-15.2585421509946
24380	-14.9634138149914
24381	-14.6450443760341
24382	-14.3086613280766
24383	-13.9600866438393
24384	-13.6022067075343
24385	-13.2379311566625
24386	-12.8718460693254
24387	-12.5110792380556
24388	-12.1623482872991
24389	-11.8293283825996
24390	-11.5203932251302
24391	-11.2393125189766
24392	-10.9866255501484
24393	-10.764124171055
24394	-10.5729684756142
24395	-10.420075687237
24396	-10.3005889930389
24397	-10.2140745670221
24398	-10.1622636967444
24399	-10.1341414121192
24400	-10.1131861798466
24401	-10.0914343806189
24402	-10.0760855262242
24403	-10.0749987873446
24404	-10.0852385331568
24405	-10.1024130406579
24406	-10.1322533014686
24407	-10.1819929703213
24408	-10.2524278422899
24409	-10.3415397797065
24410	-10.4538212351758
24411	-10.5919584830686
24412	-10.7452510991403
24413	-10.8975643835757
24414	-11.0313127443824
24415	-11.1319194123304
24416	-11.1939956498234
24417	-11.2137286477289
24418	-11.1881581782467
24419	-11.1201459223925
24420	-11.0141023142048
24421	-10.8739857628799
24422	-10.7041999819587
24423	-10.5097645480761
24424	-10.2957035343114
24425	-10.0659902088697
24426	-9.82657434105292
24427	-9.58540795024393
24428	-9.34563014794198
24429	-9.10804411562831
24430	-8.87568951373877
24431	-8.6491790001449
24432	-8.42978626194124
24433	-8.2206494466705
24434	-8.02165793589374
24435	-7.83080134143995
24436	-7.64652423346817
24437	-7.47035131404783
24438	-7.30451256274908
24439	-7.14840574513416
24440	-7.00012827893591
24441	-6.8574257975178
24442	-6.71790057725852
24443	-6.5778347646878
24444	-6.43414809656367
24445	-6.29141928025098
24446	-6.15903380874242
24447	-6.05218130000364
24448	-5.98850320119443
24449	-5.97341130282708
24450	-6.00905924335679
24451	-6.09907024967162
24452	-6.24306361765719
24453	-6.44632431155384
24454	-6.71845155276645
24455	-7.04856139794168
24456	-7.40854611092312
24457	-7.78503765442112
24458	-8.18217343142139
24459	-8.6042021213148
24460	-9.05418802510262
24461	-9.52236728270347
24462	-9.98509228814909
24463	-10.4244254249321
24464	-10.8289540087609
24465	-11.1945982733417
24466	-11.5289274572049
24467	-11.8391683909296
24468	-12.1273777328376
24469	-12.3885760499861
24470	-12.6145515404574
24471	-12.8067366994593
24472	-12.9618039975289
24473	-13.0727598412998
24474	-13.1442354162505
24475	-13.1793310193626
24476	-13.1803264937538
24477	-13.1601256745766
24478	-13.1267552682884
24479	-13.083083023692
24480	-13.0336885497271
24481	-12.9798789335012
24482	-12.9159897453789
24483	-12.8442779468688
24484	-12.7686484243646
24485	-12.6921180351636
24486	-12.6219054399946
24487	-12.5568305078641
24488	-12.4868268293271
24489	-12.4030184748888
24490	-12.3063248591823
24491	-12.1950051841806
24492	-12.0663989227799
24493	-11.9216283464904
24494	-11.763306096234
24495	-11.5893119557607
24496	-11.4028809446221
24497	-11.2105403449947
24498	-11.0109623762809
24499	-10.8034203913579
24500	-10.5940316181946
24501	-10.3877389282809
24502	-10.1861715775382
24503	-9.99284392507561
24504	-9.80699742982145
24505	-9.62842186162683
24506	-9.46021393912937
24507	-9.30640627223309
24508	-9.16597764757551
24509	-9.02968332239034
24510	-8.89308602192485
24511	-8.75291914294893
24512	-8.60346285749152
24513	-8.44053303762306
24514	-8.26159458712536
24515	-8.06965501604362
24516	-7.86883872582844
24517	-7.66730553356789
24518	-7.47264571734782
24519	-7.29271061216748
24520	-7.13092780898491
24521	-6.98751826910808
24522	-6.86506949527828
24523	-6.76887680787372
24524	-6.6963246462319
24525	-6.62812046516787
24526	-6.5566411214822
24527	-6.4962524315385
24528	-6.46579838331072
24529	-6.46500861933863
24530	-6.48837188255696
24531	-6.53208506063629
24532	-6.58982837599295
24533	-6.65842687064844
24534	-6.73529798284564
24535	-6.81824142582587
24536	-6.90530948648597
24537	-6.99626110683505
24538	-7.08899445248454
24539	-7.18053237395452
24540	-7.27007077828625
24541	-7.35838230613684
24542	-7.44433587024433
24543	-7.525042629169
24544	-7.59863877696571
24545	-7.66263060518287
24546	-7.71762376552067
24547	-7.76495645994562
24548	-7.8049610835112
24549	-7.843946969866
24550	-7.89299079207826
24551	-7.96189161937871
24552	-8.05894780017058
24553	-8.18957697493299
24554	-8.35571967751143
24555	-8.56050274687186
24556	-8.80652790693877
24557	-9.09195944042734
24558	-9.41168973568164
24559	-9.76121656601259
24560	-10.136946602506
24561	-10.5349379945909
24562	-10.9512922264214
24563	-11.379047137644
24564	-11.8098106475227
24565	-12.2377433378472
24566	-12.6566181314184
24567	-13.0623934400073
24568	-13.4540160645508
24569	-13.8288435042825
24570	-14.1826156278265
24571	-14.5102650055135
24572	-14.805758062608
24573	-15.0653191061893
24574	-15.2838255400912
24575	-15.4504879637158
24576	-15.5685461325409
24577	-15.649978676183
24578	-15.706015453319
24579	-15.7451612488847
24580	-15.7733609752432
24581	-15.7892106608395
24582	-15.7841268021411
24583	-15.7564537397554
24584	-15.7101836336498
24585	-15.656497440228
24586	-15.605849380079
24587	-15.5629587551816
24588	-15.5275636702992
24589	-15.4961440270417
24590	-15.4647499133281
24591	-15.4335643419277
24592	-15.4065103478507
24593	-15.3848865810469
24594	-15.3634523050043
24595	-15.3328348787938
24596	-15.2933848482672
24597	-15.2524216205527
24598	-15.2128583222408
24599	-15.1734882705563
24600	-15.1273915695423
24601	-15.0689395794349
24602	-15.0012379380557
24603	-14.9302313443077
24604	-14.8586924819608
24605	-14.7822553131502
24606	-14.6935696538726
24607	-14.593161134655
24608	-14.4868505248925
24609	-14.3757012945078
24610	-14.2585276325358
24611	-14.1277542877744
24612	-13.9884418088474
24613	-13.8594158647133
24614	-13.7537020323047
24615	-13.6817191663544
24616	-13.6402239346791
24617	-13.6185870568857
24618	-13.6077238109283
24619	-13.6019591928809
24620	-13.5977363195926
24621	-13.5935715897356
24622	-13.5918904740196
24623	-13.591001539814
24624	-13.5851357802505
24625	-13.5704693364467
24626	-13.5451444430738
24627	-13.5118976664768
24628	-13.4724883455616
24629	-13.4292771938104
24630	-13.3867102662286
24631	-13.3453635544976
24632	-13.3025112266023
24633	-13.2511384073028
24634	-13.1883837564592
24635	-13.1170436273609
24636	-13.0380397708898
24637	-12.9479656047157
24638	-12.8377375622715
24639	-12.7052567311992
24640	-12.5605312933276
24641	-12.4129204169849
24642	-12.267761728505
24643	-12.1230668366035
24644	-11.9764865444298
24645	-11.825110308603
24646	-11.6631563691722
24647	-11.4917668475492
24648	-11.3078022278995
24649	-11.1095360791628
24650	-10.9039993433181
24651	-10.6915900130584
24652	-10.4744954322234
24653	-10.2577966533153
24654	-10.0466558458806
24655	-9.8500821463303
24656	-9.67130279153397
24657	-9.50896373589638
24658	-9.36153779459695
24659	-9.22707928391864
24660	-9.10584700047786
24661	-8.99948937885203
24662	-8.90577445192223
24663	-8.82356854095373
24664	-8.75081192063707
24665	-8.68439952554963
24666	-8.61828835447134
24667	-8.545414659975
24668	-8.45813484370655
24669	-8.34722473677445
24670	-8.20986422599007
24671	-8.0552680272195
24672	-7.90210303091442
24673	-7.76448986212671
24674	-7.6484643557391
24675	-7.55576650256151
24676	-7.48854183555226
24677	-7.4502388308643
24678	-7.43953555471049
24679	-7.45332303801325
24680	-7.48828797380798
24681	-7.54320416981903
24682	-7.61633338161169
24683	-7.70363150217928
24684	-7.80187950068309
24685	-7.90911061109511
24686	-8.02400545998239
24687	-8.14660017126266
24688	-8.27647674556298
24689	-8.41097044110596
24690	-8.5494913818706
24691	-8.6899425158846
24692	-8.82900911242789
24693	-8.96663102068902
24694	-9.10252065329894
24695	-9.23548052322681
24696	-9.36528653756611
24697	-9.49188860701959
24698	-9.61597908655723
24699	-9.73703157830398
24700	-9.85468413355102
24701	-9.96797654822415
24702	-10.0745035872796
24703	-10.1737810735226
24704	-10.2626846192778
24705	-10.3322210776774
24706	-10.3631285180719
24707	-10.3369352666825
24708	-10.2444166344558
24709	-10.0768382818227
24710	-9.82443155353747
24711	-9.48132550895696
24712	-9.04937215734552
24713	-8.53705709962436
24714	-7.95393796522762
24715	-7.31196746475139
24716	-6.62889241479441
24717	-5.91936507452553
24718	-5.19489321735248
24719	-4.46941472201008
24720	-3.75681706576012
24721	-3.06664832587798
24722	-2.40630004715418
24723	-1.78060189097381
24724	-1.19316511287255
24725	-0.645370297489357
24726	-0.135323069377114
24727	0.339254052869811
24728	0.780416180697299
24729	1.19136566220117
24730	1.577894458385
24731	1.94467752658197
24732	2.29236662021414
24733	2.62259196797793
24734	2.93793441386941
24735	3.23995272928564
24736	3.53234953202384
24737	3.81901850400024
24738	4.10003431306278
24739	4.3747642055561
24740	4.64300221191415
24741	4.904450200562
24742	5.16024227929945
24743	5.40981533751059
24744	5.65375951332102
24745	5.89311615114719
24746	6.1263243448381
24747	6.35381494931342
24748	6.57641110471068
24749	6.79600301875444
24750	7.01397302826402
24751	7.23205921368903
24752	7.45420284073776
24753	7.68342017210664
24754	7.92142428731569
24755	8.16168928189182
24756	8.3797230468165
24757	8.560850028762
24758	8.72459869006747
24759	8.89020066240076
24760	9.06471475636216
24761	9.25349733286625
24762	9.4563411585696
24763	9.67321196086273
24764	9.90294013101144
24765	10.1413594386847
24766	10.385351553398
24767	10.6311134403075
24768	10.8741256884671
24769	11.1130138663704
24770	11.3462642677926
24771	11.5728275587863
24772	11.7925647436492
24773	12.0053196678759
24774	12.2112327874014
24775	12.4082861658436
24776	12.5956382056123
24777	12.7734576750053
24778	12.9401257429713
24779	13.0941457404276
24780	13.2324635722645
24781	13.3494242160628
24782	13.4360897382122
24783	13.4832796211477
24784	13.4857489899136
24785	13.4358016180225
24786	13.3336845208152
24787	13.1896043594051
24788	13.0126390919287
24789	12.8169307070659
24790	12.609233839392
24791	12.3869203241173
24792	12.1470079379495
24793	11.8882566106397
24794	11.6130139954114
24795	11.3242667025437
24796	11.0240311127508
24797	10.7096820177009
24798	10.3794047537462
24799	10.0354269118806
24800	9.67944220427598
24801	9.3127099360029
24802	8.93886838614075
24803	8.56172673192308
24804	8.18170550582584
24805	7.80396773347133
24806	7.43262317835264
24807	7.06934068920214
24808	6.71764409807404
24809	6.37963069779014
24810	6.05613346951145
24811	5.74717419476228
24812	5.45226412095919
24813	5.169557907574
24814	4.89789943282658
24815	4.63832091338441
24816	4.38829878794934
24817	4.15282913685517
24818	3.94905419857577
24819	3.78134969923987
24820	3.64313125519069
24821	3.53442418653323
24822	3.45951470523531
24823	3.41585551191838
24824	3.3927490285627
24825	3.38196160227402
24826	3.383751083915
24827	3.40288007531844
24828	3.44628059155853
24829	3.51291739763496
24830	3.58973326647011
24831	3.66491545252286
24832	3.73954669940326
24833	3.82447098374958
24834	3.92903237941057
24835	4.04186391120249
24836	4.14590185937928
24837	4.24482152491405
24838	4.34873360753191
24839	4.46519085669682
24840	4.60139033566746
24841	4.75800357145627
24842	4.92810533329463
24843	5.10563396431692
24844	5.29330908316984
24845	5.50252695472014
24846	5.73747883271464
24847	5.98188973925051
24848	6.21750888015937
24849	6.44248723141748
24850	6.66369637111879
24851	6.89102307593274
24852	7.13477573924195
24853	7.3954336454024
24854	7.65752413661922
24855	7.89816143282257
24856	8.10762348115807
24857	8.29596685083068
24858	8.47785489954258
24859	8.65675436784845
24860	8.81139679153859
24861	8.92677633173089
24862	9.00441231285289
24863	9.05862329955959
24864	9.10869151508176
24865	9.14804272164215
24866	9.16134134192512
24867	9.14349447186611
24868	9.10547285593642
24869	9.06618309875451
24870	9.04269974571396
24871	9.04987222327486
24872	9.09637378733286
24873	9.18698444138144
24874	9.32376671191993
24875	9.50648279611158
24876	9.73305459646197
24877	9.99948417101392
24878	10.3024887589505
24879	10.6365515021778
24880	10.9888267066462
24881	11.3488525535545
24882	11.7131408185757
24883	12.0786371976559
24884	12.4452201456052
24885	12.8118850689538
24886	13.1748651348762
24887	13.5268524360367
24888	13.8529942136484
24889	14.1450321877744
24890	14.4018708190784
24891	14.605237709624
24892	14.7477470985451
24893	14.8380962270906
24894	14.8801967095811
24895	14.8844027844272
24896	14.8561844519298
24897	14.798579359876
24898	14.7194535426094
24899	14.6233688175123
24900	14.5029014769484
24901	14.3628364331432
24902	14.1995229067294
24903	13.9843407612433
24904	13.7104602693631
24905	13.3959067211922
24906	13.0492544613807
24907	12.6648524245982
24908	12.2419164693159
24909	11.7780375175971
24910	11.2669626989124
24911	10.7107835702732
24912	10.1165745522586
24913	9.49062082703858
24914	8.8416946864803
24915	8.17914747320533
24916	7.51224369361331
24917	6.85186556118801
24918	6.20495363259773
24919	5.57674280564449
24920	4.97572964157374
24921	4.40696168488141
24922	3.87441263029085
24923	3.38309042319058
24924	2.93194146157821
24925	2.51662324601183
24926	2.13387766665542
24927	1.78435079378863
24928	1.47166917874809
24929	1.19706772984687
24930	0.957820780375627
24931	0.764771884206759
24932	0.606596556662675
24933	0.453589539901265
24934	0.287799690130845
24935	0.0956812708249227
24936	-0.127591257783726
24937	-0.383035656384788
24938	-0.667987178353712
24939	-0.978409201653899
24940	-1.3086446144339
24941	-1.65349200298336
24942	-2.00937705274625
24943	-2.36928662839375
24944	-2.72842451366572
24945	-3.08600517863772
24946	-3.43729004489288
24947	-3.7809060046268
24948	-4.11890007972349
24949	-4.44866369158435
24950	-4.76656800886584
24951	-5.07196140529154
24952	-5.36442331014457
24953	-5.644763520823
24954	-5.91296411942556
24955	-6.1667594008971
24956	-6.40646996506155
24957	-6.63276024005839
24958	-6.84609966967302
24959	-7.04789692578198
24960	-7.23864637450608
24961	-7.41811115097268
24962	-7.58800596038349
24963	-7.74945827217695
24964	-7.90194972578686
24965	-8.04317221949061
24966	-8.16940930487781
24967	-8.27986998964769
24968	-8.37569495794534
24969	-8.44888812541465
24970	-8.4908196383658
24971	-8.50063620601654
24972	-8.47960590220983
24973	-8.43154639492703
24974	-8.36152265342943
24975	-8.27652205146007
24976	-8.17648597873972
24977	-8.0552056156902
24978	-7.91011129801709
24979	-7.75064505407521
24980	-7.58871095655395
24981	-7.41541415879531
24982	-7.21439108361952
24983	-6.98895105128399
24984	-6.74129866533441
24985	-6.47907340719752
24986	-6.22178411804763
24987	-5.97519773817439
24988	-5.74334561576579
24989	-5.53469425444369
24990	-5.35516612686211
24991	-5.20859767608703
24992	-5.09895013196203
24993	-5.02815005650325
24994	-4.99620586732056
24995	-5.00350130651075
24996	-5.04938691184379
24997	-5.13171535572446
24998	-5.2488301957509
24999	-5.40123144765912
25000	-5.58168618405459
25001	-5.77289100290455
25002	-5.95662564689185
25003	-6.11545321674088
25004	-6.22546017267765
25005	-6.27703704048602
25006	-6.28625536603478
25007	-6.26792456049586
25008	-6.22929406645667
25009	-6.17547045504174
25010	-6.11211629716714
25011	-6.04664926048856
25012	-5.98261870178278
25013	-5.919657787845
25014	-5.85679679865647
25015	-5.79548524222602
25016	-5.7333686630358
25017	-5.66830859623691
25018	-5.60041400336074
25019	-5.53005062058103
25020	-5.45665670034335
25021	-5.37767267887956
25022	-5.29251886842846
25023	-5.20033979146822
25024	-5.09915349888899
25025	-4.98687910844789
25026	-4.86370773610065
25027	-4.73207717282692
25028	-4.59368498509211
25029	-4.44809582326987
25030	-4.29522435843124
25031	-4.13473436569024
25032	-3.96774925997081
25033	-3.79738684016705
25034	-3.62499416865875
25035	-3.45152337598708
25036	-3.27762028666815
25037	-3.10296766754258
25038	-2.92816631494395
25039	-2.75371319003254
25040	-2.57752862990752
25041	-2.39108700643407
25042	-2.18851018955161
25043	-1.9643147118584
25044	-1.72392508251403
25045	-1.48404983165158
25046	-1.26208011869573
25047	-1.07386324162329
25048	-0.927165425002945
25049	-0.826787451725364
25050	-0.777007708278032
25051	-0.779943381323218
25052	-0.833557078055509
25053	-0.935006276204392
25054	-1.08132591592681
25055	-1.26906823161316
25056	-1.49464941915984
25057	-1.75404307976898
25058	-2.04574120781433
25059	-2.3660576001221
25060	-2.71056629136365
25061	-3.07599058490967
25062	-3.4581957120051
25063	-3.85119494208692
25064	-4.2503738044546
25065	-4.65164261064007
25066	-5.04873358366566
25067	-5.43739057378096
25068	-5.8156917854068
25069	-6.17586010242087
25070	-6.51093401403245
25071	-6.81973887199829
25072	-7.09554576798119
25073	-7.32732501508996
25074	-7.49781562977934
25075	-7.59544253599519
25076	-7.63082358923635
25077	-7.62451821471417
25078	-7.59805519890102
25079	-7.57231205034314
25080	-7.56269287481383
25081	-7.57914154573474
25082	-7.62799043456404
25083	-7.71156881956259
25084	-7.82809480626959
25085	-7.9743032529169
25086	-8.14484790039926
25087	-8.3278527164999
25088	-8.51524536252146
25089	-8.69239664021377
25090	-8.83954607528233
25091	-8.94141493673477
25092	-8.97901653739601
25093	-8.94448532886713
25094	-8.85385116232815
25095	-8.72744081539905
25096	-8.57966067746752
25097	-8.40886181332148
25098	-8.19736948464088
25099	-7.94847382772076
25100	-7.68072686494699
25101	-7.39857563641003
25102	-7.09088682602191
25103	-6.75309990364967
25104	-6.37979000257245
25105	-5.97492354013116
25106	-5.54877503058138
25107	-5.09947747252021
25108	-4.62661905488931
25109	-4.13245059426049
25110	-3.62056251951173
25111	-3.09678931391215
25112	-2.56759188958696
25113	-2.03785210745315
25114	-1.51387574553551
25115	-1.00165177915842
25116	-0.507302542699757
25117	-0.0341207981441672
25118	0.416383283288398
25119	0.842258733375429
25120	1.24320757457855
25121	1.61918103703848
25122	1.97112301895994
25123	2.30200369511368
25124	2.61821100006889
25125	2.92707174904581
25126	3.23628050817699
25127	3.54626549670481
25128	3.85959684265405
25129	4.1676739194122
25130	4.45834341266457
25131	4.72679900956826
25132	4.97359533121006
25133	5.19541597607759
25134	5.38113463720746
25135	5.53646549928432
25136	5.6840648322932
25137	5.83908246610271
25138	6.00065404074358
25139	6.15625179003699
25140	6.29394221286489
25141	6.42085539491845
25142	6.54705295758371
25143	6.67354665141335
25144	6.79801354862508
25145	6.90908109165223
25146	6.99766464029523
25147	7.07690196477349
25148	7.16146371027988
25149	7.2540271420373
25150	7.34815746589814
25151	7.43012535075619
25152	7.49879548305528
25153	7.56836442970956
25154	7.64559165876431
25155	7.72659805895549
25156	7.8065377563239
25157	7.8744978321694
25158	7.92699134914492
25159	7.97725184815788
25160	8.03207861894336
25161	8.08821357185653
25162	8.14155303360634
25163	8.183559876429
25164	8.21100650873558
25165	8.23553354886555
25166	8.26572726991038
25167	8.29983535599583
25168	8.3352663995794
25169	8.36321966328479
25170	8.37668165277236
25171	8.38545633262676
25172	8.39910205342173
25173	8.41540428605586
25174	8.43153974231169
25175	8.43779355126583
25176	8.42722532446547
25177	8.41153227142628
25178	8.40224666927119
25179	8.39797210514051
25180	8.39285759130669
25181	8.37754991421854
25182	8.34654776829053
25183	8.30731781977051
25184	8.26987821565387
25185	8.23391171980584
25186	8.18980395403683
25187	8.12193870507553
25188	8.02102943167981
25189	7.90610022421352
25190	7.79646015488638
25191	7.69715710824982
25192	7.60912065971109
25193	7.52326412742351
25194	7.43282077116408
25195	7.33967084249859
25196	7.24847888092284
25197	7.15977530111396
25198	7.06881482137885
25199	6.96778999135696
25200	6.84913411155187
25201	6.70640601622433
25202	6.53523175167599
25203	6.33925524223294
25204	6.13397003014152
25205	5.92951068514372
25206	5.71765514218424
25207	5.4896917930262
25208	5.24492672593839
25209	4.98884185683645
25210	4.73360685135407
25211	4.48611562061366
25212	4.24564750418947
25213	4.01137489287033
25214	3.78760928330984
25215	3.57658289109512
25216	3.37622578486137
25217	3.18889290740922
25218	3.01621794198821
25219	2.85261619701395
25220	2.69092323469371
25221	2.52700231254577
25222	2.35925958379747
25223	2.18907827662676
25224	2.01748281683552
25225	1.84103559233133
25226	1.65581232665729
25227	1.46632866782538
25228	1.27901124769557
25229	1.10091208892346
25230	0.941937618590163
25231	0.813119756809629
25232	0.722648061305798
25233	0.669289465306855
25234	0.647741310985804
25235	0.653061018648691
25236	0.684137383025923
25237	0.741316151575085
25238	0.823002947523183
25239	0.919361903138423
25240	1.01920417972109
25241	1.11990315828758
25242	1.21476474065111
25243	1.2966433589124
25244	1.36861609663215
25245	1.43281092835772
25246	1.48832081442162
25247	1.53810379288565
25248	1.58273971465524
25249	1.6206528645616
25250	1.64454586501388
25251	1.65169496788832
25252	1.65172141429437
25253	1.65590072522066
25254	1.65783562320714
25255	1.63974859840423
25256	1.58718840596072
25257	1.48662428204473
25258	1.32935410924323
25259	1.11130790127611
25260	0.835551378917301
25261	0.507428995545412
25262	0.134410595831008
25263	-0.27594473295925
25264	-0.714995578138774
25265	-1.17319861674823
25266	-1.641819643643
25267	-2.1123816832234
25268	-2.57797840500635
25269	-3.03466292916284
25270	-3.47874187706218
25271	-3.90491487541007
25272	-4.31028381146225
25273	-4.69319563544614
25274	-5.05192892984534
25275	-5.38741374173462
25276	-5.70316018865921
25277	-5.99920696930074
25278	-6.27721699871715
25279	-6.54019677058541
25280	-6.78893618133875
25281	-7.01752245841629
25282	-7.21346607454655
25283	-7.35991661558532
25284	-7.44566431791305
25285	-7.48129596721552
25286	-7.48939984968848
25287	-7.49044730792744
25288	-7.50029309210376
25289	-7.53238312106964
25290	-7.59539120222897
25291	-7.6904065108554
25292	-7.8151810376321
25293	-7.96949300561882
25294	-8.15003516191298
25295	-8.35136230815805
25296	-8.56883151236957
25297	-8.79795313441035
25298	-9.03575138115804
25299	-9.27818453060081
25300	-9.52118987521293
25301	-9.76107117548752
25302	-9.99603409413196
25303	-10.2237209758696
25304	-10.4406510257491
25305	-10.6464072173676
25306	-10.8411359182731
25307	-11.0229918925406
25308	-11.1896755867256
25309	-11.3409969872527
25310	-11.478878401974
25311	-11.6060534853931
25312	-11.7239332629312
25313	-11.8327995954733
25314	-11.933218400413
25315	-12.0255154682989
25316	-12.1068527305788
25317	-12.170303932348
25318	-12.2053733558809
25319	-12.1917436147199
25320	-12.109065465325
25321	-11.9541797104965
25322	-11.7290183429381
25323	-11.4312184513703
25324	-11.0559861927919
25325	-10.5949097055988
25326	-10.0548482853139
25327	-9.4572953635207
25328	-8.81102416440436
25329	-8.11528711851472
25330	-7.37086256156041
25331	-6.58885330569797
25332	-5.79179474519078
25333	-4.99843826873967
25334	-4.21895781760117
25335	-3.46042841622764
25336	-2.73395641981951
25337	-2.05450897050679
25338	-1.42803391202016
25339	-0.849145005415655
25340	-0.320328431462272
25341	0.148280863603552
25342	0.551209161279485
25343	0.891216522774097
25344	1.17241636821171
25345	1.3895010240907
25346	1.54664158507325
25347	1.64962098520791
25348	1.70938136116751
25349	1.75803405168867
25350	1.80701917488376
25351	1.85054139557497
25352	1.88212561976334
25353	1.89618771842899
25354	1.90362739873575
25355	1.92651989944403
25356	1.97337644131079
25357	2.02671525287348
25358	2.07054487703781
25359	2.10478608764521
25360	2.14252949908204
25361	2.19519611560746
25362	2.24827378225051
25363	2.28833069056404
25364	2.31309116981871
25365	2.33459784942837
25366	2.36644800822657
25367	2.40312766559853
25368	2.42902910569934
25369	2.43615789274474
25370	2.42248901350446
25371	2.39272908817943
25372	2.34976438815912
25373	2.28955479213915
25374	2.21868405633376
25375	2.14332179713675
25376	2.071643466621
25377	2.01091184266594
25378	1.96111653191076
25379	1.9137217350317
25380	1.86140754705979
25381	1.80208417938105
25382	1.72617813459258
25383	1.6234236494089
25384	1.49183832040498
25385	1.3338101233407
25386	1.15292412616458
25387	0.957109036949047
25388	0.754511825112226
25389	0.550118039799184
25390	0.344887514676236
25391	0.141603355847882
25392	-0.0579141289893375
25393	-0.255225711729069
25394	-0.447833864955991
25395	-0.633797576104319
25396	-0.81539299678117
25397	-0.990671160864505
25398	-1.15355916070984
25399	-1.30419002802312
25400	-1.44030587555083
25401	-1.55739361699419
25402	-1.65385642624017
25403	-1.73558011265346
25404	-1.80746062902565
25405	-1.8788957026027
25406	-1.96717469283933
25407	-2.08353581826559
25408	-2.23149610092845
25409	-2.40567533629743
25410	-2.59137344480894
25411	-2.77714926383332
25412	-2.96348499822552
25413	-3.14830135316466
25414	-3.32245915912706
25415	-3.48215954861506
25416	-3.63066056420902
25417	-3.76140795049318
25418	-3.8697412151959
25419	-3.96678752459776
25420	-4.05129081238071
25421	-4.11507669262036
25422	-4.16795542351143
25423	-4.22001252330192
25424	-4.27581577518063
25425	-4.34047867989382
25426	-4.41777825310445
25427	-4.50740993120535
25428	-4.60834600531605
25429	-4.72157187381791
25430	-4.84442261772745
25431	-4.96975716741315
25432	-5.09225455416183
25433	-5.20724165062697
25434	-5.3065904304396
25435	-5.37591237903563
25436	-5.40986425732689
25437	-5.42777512870863
25438	-5.45160855327093
25439	-5.49877272571148
25440	-5.58348650575504
25441	-5.71378518810705
25442	-5.8938597333397
25443	-6.12140716162506
25444	-6.39434753492897
25445	-6.70797457307435
25446	-7.05503302048589
25447	-7.42918753178604
25448	-7.82338925675093
25449	-8.2295018870507
25450	-8.64015420337223
25451	-9.05127227867933
25452	-9.45883947544124
25453	-9.85927183783923
25454	-10.2488663152431
25455	-10.6239155629154
25456	-10.981045196198
25457	-11.3125944663301
25458	-11.6040187906371
25459	-11.843087837245
25460	-12.0245839659112
25461	-12.1382218065068
25462	-12.1845731550482
25463	-12.1857930718349
25464	-12.1637073191231
25465	-12.1297906700577
25466	-12.0879502828885
25467	-12.0401209007742
25468	-11.9847524041271
25469	-11.9197018573664
25470	-11.8476321344535
25471	-11.7780362885699
25472	-11.7176696309696
25473	-11.6649944744561
25474	-11.6159580572599
25475	-11.5659173995784
25476	-11.5114982333746
25477	-11.4473303535858
25478	-11.370288083695
25479	-11.2805982863013
25480	-11.177264515245
25481	-11.0609272632036
25482	-10.931866550467
25483	-10.7861495200966
25484	-10.6250668578387
25485	-10.4526993486002
25486	-10.2714015345409
25487	-10.0813921693583
25488	-9.87921902071802
25489	-9.66584512393143
25490	-9.44294877786612
25491	-9.21009220404433
25492	-8.96986502190644
25493	-8.72605949942359
25494	-8.48111294135375
25495	-8.23806248548834
25496	-7.99663266235964
25497	-7.75457713101463
25498	-7.50798291798404
25499	-7.25127598135005
25500	-6.99912394970862
25501	-6.76717734994835
25502	-6.54218611433031
25503	-6.31673186407265
25504	-6.09673490378655
25505	-5.89012802843752
25506	-5.7106259449991
25507	-5.5676758755053
25508	-5.46831180357982
25509	-5.41786017621002
25510	-5.41284659241383
25511	-5.44974489245445
25512	-5.52696839487766
25513	-5.64072273636466
25514	-5.78869315045623
25515	-5.96694592894625
25516	-6.17439955897337
25517	-6.41026147102974
25518	-6.67147687929212
25519	-6.95566369410382
25520	-7.25856632114141
25521	-7.5769703650449
25522	-7.90815268121684
25523	-8.24700417838742
25524	-8.5897022422805
25525	-8.93531575793667
25526	-9.27959071113379
25527	-9.61212332399385
25528	-9.9190605635476
25529	-10.1832998658666
25530	-10.4006001060106
25531	-10.5830057538102
25532	-10.7474577140615
25533	-10.9099299664065
25534	-11.0809815239399
25535	-11.2635692441275
25536	-11.4538296162368
25537	-11.6414519282773
25538	-11.8167636105339
25539	-11.9836151970536
25540	-12.1538827717974
25541	-12.3373741972375
25542	-12.5397250482403
25543	-12.7609298879991
25544	-12.9948754979002
25545	-13.235255249407
25546	-13.4735697166615
25547	-13.6997152489133
25548	-13.9144345466677
25549	-14.1217335736126
25550	-14.3243097461648
25551	-14.5203321985374
25552	-14.6962725815854
25553	-14.8418522918066
25554	-14.9629454807311
25555	-15.0720392321304
25556	-15.178865139392
25557	-15.2913281512952
25558	-15.4128297976566
25559	-15.5420494156492
25560	-15.6779306170646
25561	-15.8203677073889
25562	-15.9672192036181
25563	-16.1135788951047
25564	-16.2486747489824
25565	-16.3579838465552
25566	-16.4285628279695
25567	-16.4523753472994
25568	-16.4235854197522
25569	-16.3418406119896
25570	-16.2121838772918
25571	-16.0395392354557
25572	-15.8340986193917
25573	-15.6086884828889
25574	-15.3669336563177
25575	-15.1045002568129
25576	-14.8218245115923
25577	-14.5116681496218
25578	-14.1780265114189
25579	-13.8343061132333
25580	-13.4831567517878
25581	-13.1275168382699
25582	-12.7674572078944
25583	-12.4057326145478
25584	-12.0466638195446
25585	-11.6943246846781
25586	-11.3522782172823
25587	-11.023078149034
25588	-10.7076183339067
25589	-10.4071702910066
25590	-10.1234924394468
25591	-9.85551138640021
25592	-9.60305923871374
25593	-9.36596742757833
25594	-9.14497885334402
25595	-8.94310459316628
25596	-8.76024370086686
25597	-8.59253552150437
25598	-8.43208500537938
25599	-8.27549357021436
25600	-8.12988548599081
25601	-8.00627812287424
25602	-7.91699532181373
25603	-7.87318274437501
25604	-7.88042063398796
25605	-7.93975620692251
25606	-8.05005605539325
25607	-8.21147130020621
25608	-8.4237086520372
25609	-8.68420136224263
25610	-8.99101748591228
25611	-9.34295445754231
25612	-9.73751616042945
25613	-10.1702268000255
25614	-10.6369661654282
25615	-11.1323652238088
25616	-11.6481420743581
25617	-12.176805198413
25618	-12.7112745048044
25619	-13.243241588516
25620	-13.7642135761791
25621	-14.2652923120416
25622	-14.7428192756815
25623	-15.1939023459008
25624	-15.6127333526206
25625	-15.9976893576788
25626	-16.3486521771187
25627	-16.6651842852737
25628	-16.9474854803483
25629	-17.195159510731
25630	-17.4066200432962
25631	-17.5790657094285
25632	-17.7086967227369
25633	-17.7897037246658
25634	-17.8110238053409
25635	-17.7603946570098
25636	-17.6302766878435
25637	-17.4216273461195
25638	-17.1380690355973
25639	-16.7828684030235
25640	-16.3562847009697
25641	-15.8559964376569
25642	-15.2871265246537
25643	-14.6581530969433
25644	-13.9733299416436
25645	-13.2398572917237
25646	-12.4731849982127
25647	-11.6865766961052
25648	-10.8885776406115
25649	-10.0889217300899
25650	-9.29741686250373
25651	-8.5216258101654
25652	-7.77099477436579
25653	-7.05322538059518
25654	-6.36994116389212
25655	-5.72490333137306
25656	-5.11979848640914
25657	-4.55566229468301
25658	-4.03062024035706
25659	-3.54127846822301
25660	-3.08750813937725
25661	-2.66323059490204
25662	-2.26378667609924
25663	-1.8904545256734
25664	-1.54175084206379
25665	-1.21604443028404
25666	-0.915207387594482
25667	-0.646487402982078
25668	-0.415111234674627
25669	-0.221937002070839
25670	-0.0726401050412763
25671	0.0234863695297765
25672	0.067878549117378
25673	0.0662058587258637
25674	0.0248119188823611
25675	-0.0474323014301469
25676	-0.14737559359468
25677	-0.264360963679756
25678	-0.385536699355472
25679	-0.508102498760289
25680	-0.637508443778294
25681	-0.769139822423676
25682	-0.886392947930839
25683	-0.985062104125096
25684	-1.07822862282739
25685	-1.16466188968908
25686	-1.24273019897472
25687	-1.32141686307769
25688	-1.39707386717266
25689	-1.46227924099613
25690	-1.51040827606418
25691	-1.53949982986318
25692	-1.55055962271753
25693	-1.54607986817002
25694	-1.5251737026466
25695	-1.48858188116863
25696	-1.44947697395861
25697	-1.41492147546779
25698	-1.3829191126035
25699	-1.3524149295869
25700	-1.31991872684274
25701	-1.28304605523704
25702	-1.24172116740073
25703	-1.1964035680572
25704	-1.14939881280938
25705	-1.10152339998038
25706	-1.05213514629502
25707	-1.00172577568435
25708	-0.952090367291979
25709	-0.906835196334155
25710	-0.865954496585086
25711	-0.826284771216146
25712	-0.785423434511696
25713	-0.74202853313201
25714	-0.691657283343693
25715	-0.626461167284537
25716	-0.540103696421633
25717	-0.42546370214271
25718	-0.277271083563716
25719	-0.0930807850089115
25720	0.125528535046592
25721	0.374183638773221
25722	0.64898582110531
25723	0.942907234364022
25724	1.24573703051451
25725	1.54356714159115
25726	1.81968129501117
25727	2.05912945205753
25728	2.25350118282699
25729	2.39533774592406
25730	2.48678898835586
25731	2.55506781956892
25732	2.61424924658267
25733	2.64623849032256
25734	2.63877298999458
25735	2.60262201961226
25736	2.55301816411613
25737	2.50445935410166
25738	2.47201150273416
25739	2.46458319321561
25740	2.48706583005312
25741	2.54360512939509
25742	2.63462321638851
25743	2.75614750116207
25744	2.90526533599539
25745	3.07848606071086
25746	3.27076981312482
25747	3.47851858066589
25748	3.69697062800838
25749	3.91979062226163
25750	4.14230171729333
25751	4.3614824143236
25752	4.57717186543541
25753	4.78991961958498
25754	5.00071840198058
25755	5.21088404227462
25756	5.41144740331481
25757	5.58653997548421
25758	5.72898036575019
25759	5.84250487496259
25760	5.94119992950558
25761	6.04219197595833
25762	6.15194491353468
25763	6.27237673952145
25764	6.40588933436598
25765	6.55415420840545
25766	6.71641362063084
25767	6.89022850781041
25768	7.07163413631729
25769	7.25827611251657
25770	7.44794835643473
25771	7.63805815885068
25772	7.8256280400843
25773	8.00719536598275
25774	8.18166739732465
25775	8.34647848021678
25776	8.4997531665478
25777	8.64187699724406
25778	8.77239467169723
25779	8.89125183000332
25780	8.9997125960985
25781	9.0977835130461
25782	9.18572651266253
25783	9.26411152974353
25784	9.33225843776255
25785	9.39060397696895
25786	9.44015924161284
25787	9.48009694349097
25788	9.50786824158042
25789	9.52224704781407
25790	9.52327953373644
25791	9.50969864170555
25792	9.47416988510889
25793	9.40584727910675
25794	9.29186914489964
25795	9.11992310168499
25796	8.88440814538927
25797	8.58244801934883
25798	8.20943421954662
25799	7.76345113457885
25800	7.24471799744388
25801	6.65690050453946
25802	6.010174319678
25803	5.31369072314083
25804	4.5767985938272
25805	3.81441664744896
25806	3.04269464153719
25807	2.27186919324724
25808	1.50948416143339
25809	0.765632027218946
25810	0.0497934091444842
25811	-0.630284953570099
25812	-1.27042357860767
25813	-1.86785293408908
25814	-2.42278525141777
25815	-2.93710941349685
25816	-3.41322187226866
25817	-3.85515358336838
25818	-4.26447173109157
25819	-4.64347638714639
25820	-4.9979276982708
25821	-5.33339268980753
25822	-5.65148705311646
25823	-5.95215619165814
25824	-6.23680566897291
25825	-6.50763173466656
25826	-6.76788438889709
25827	-7.02075238748281
25828	-7.26761209700689
25829	-7.50901317036573
25830	-7.74665629624421
25831	-7.98193066059798
25832	-8.21304078115012
25833	-8.43782453854267
25834	-8.65589023081758
25835	-8.86727537623842
25836	-9.07190781734465
25837	-9.26811708161811
25838	-9.45002011727655
25839	-9.60970497883598
25840	-9.74222943389977
25841	-9.83796781226119
25842	-9.88436223793176
25843	-9.87966242726655
25844	-9.82992217971191
25845	-9.74034368430087
25846	-9.61542793261014
25847	-9.45947732868034
25848	-9.2742758877214
25849	-9.0628120368984
25850	-8.82896735147765
25851	-8.57281957536986
25852	-8.29626898842464
25853	-8.00465609078211
25854	-7.70014769047052
25855	-7.383423148751
25856	-7.05620044764667
25857	-6.72046518959274
25858	-6.38071830559283
25859	-6.04047980661325
25860	-5.70014381932393
25861	-5.36171809935461
25862	-5.02916557468292
25863	-4.70406600241658
25864	-4.38359031863112
25865	-4.06394966388654
25866	-3.74712017079184
25867	-3.43664539455475
25868	-3.1323076805559
25869	-2.83734237313197
25870	-2.55278007250959
25871	-2.27784927970759
25872	-2.01321242144767
25873	-1.76729351664337
25874	-1.54580205627482
25875	-1.3473758537918
25876	-1.16980364769217
25877	-1.01046975338814
25878	-0.862302593369501
25879	-0.717571792577068
25880	-0.574752702263109
25881	-0.43310785227095
25882	-0.297359469376683
25883	-0.176026045395246
25884	-0.0834858866161306
25885	-0.0223123365729093
25886	0.0158806397928787
25887	0.0277445643807747
25888	0.0125307876445048
25889	-0.0126303937438647
25890	-0.030822652284289
25891	-0.0340670309587558
25892	-0.0180385348325396
25893	0.00832594249015221
25894	0.0360424145947086
25895	0.0674171157427108
25896	0.0998662235562056
25897	0.125849870208545
25898	0.146709591279085
25899	0.170436207311733
25900	0.199226118347847
25901	0.224031426371491
25902	0.232909117863848
25903	0.218579716373286
25904	0.178511079692999
25905	0.111843087611814
25906	0.0212474099932144
25907	-0.0885490513739082
25908	-0.224782584365476
25909	-0.39214117952043
25910	-0.58891842473432
25911	-0.814752470832985
25912	-1.05317710894196
25913	-1.30189864255123
25914	-1.57057487717575
25915	-1.86646452900875
25916	-2.2003048627898
25917	-2.57512788664364
25918	-2.99041443232439
25919	-3.44395966277388
25920	-3.93068218459967
25921	-4.44030310270532
25922	-4.96348135726395
25923	-5.49404569098536
25924	-6.02146878465176
25925	-6.53547265441172
25926	-7.03020705130634
25927	-7.50125951782873
25928	-7.94577776340075
25929	-8.36212135782688
25930	-8.74844298895979
25931	-9.11208574353601
25932	-9.45703537082567
25933	-9.7782220493407
25934	-10.0724266211756
25935	-10.3343331401858
25936	-10.5606959145875
25937	-10.7618034404867
25938	-10.9562572844343
25939	-11.1622203571239
25940	-11.3951826208381
25941	-11.6645957871414
25942	-11.972870414845
25943	-12.3165997111583
25944	-12.6919359748722
25945	-13.0932394689941
25946	-13.5116150090253
25947	-13.9401700857893
25948	-14.3729613520214
25949	-14.803897159396
25950	-15.2273861025436
25951	-15.6387520373212
25952	-16.0353460494834
25953	-16.4152133163517
25954	-16.7782368545713
25955	-17.1250750765647
25956	-17.4545327749403
25957	-17.760310336222
25958	-18.0242225673594
25959	-18.2323909802322
25960	-18.3805457434735
25961	-18.4728561748936
25962	-18.5294836304808
25963	-18.5695092297694
25964	-18.6077603826254
25965	-18.65745875859
25966	-18.7264702315942
25967	-18.8201418832557
25968	-18.9411682750912
25969	-19.0879225723541
25970	-19.2554940048752
25971	-19.440300576472
25972	-19.639266166307
25973	-19.8474529891502
25974	-20.0622692462682
25975	-20.2801107909772
25976	-20.4956004401387
25977	-20.7065698433516
25978	-20.9107584860124
25979	-21.1056193982617
25980	-21.2890000706052
25981	-21.4498384364238
25982	-21.5711739088438
25983	-21.6342019775083
25984	-21.6275458909152
25985	-21.5612609157052
25986	-21.451880049654
25987	-21.3136904771339
25988	-21.1587503884129
25989	-20.995255291614
25990	-20.8300264659525
25991	-20.6654848482481
25992	-20.5019668927936
25993	-20.3385906658493
25994	-20.1750720433696
25995	-20.0062048478405
25996	-19.8261346006616
25997	-19.6277769342107
25998	-19.4049652506986
25999	-19.1572438825275
26000	-18.879387423213
26001	-18.617461100908
26002	-18.3922291486847
26003	-18.1965573890983
26004	-18.0214870858454
26005	-17.8630027637496
26006	-17.7213757901015
26007	-17.5918233055926
26008	-17.4711515818722
26009	-17.3598738384296
26010	-17.2586612943803
26011	-17.1693170684637
26012	-17.0911213401266
26013	-17.0236697052636
26014	-16.9684867499205
26015	-16.9253176201398
26016	-16.8921332308405
26017	-16.8659029682961
26018	-16.8429814809558
26019	-16.8219936006538
26020	-16.8029049610873
26021	-16.7838164964078
26022	-16.7620327126791
26023	-16.7362471029934
26024	-16.7038921365716
26025	-16.6618490049525
26026	-16.6081761868515
26027	-16.5389288628119
26028	-16.4507746553014
26029	-16.3402719269615
26030	-16.2065251285149
26031	-16.0559072201273
26032	-15.8996653854759
26033	-15.7474772395357
26034	-15.6077003668868
26035	-15.4872083481779
26036	-15.3888389500172
26037	-15.314126752512
26038	-15.2640695343934
26039	-15.2393592933644
26040	-15.2391386002334
26041	-15.2615957358435
26042	-15.3039760396291
26043	-15.3641512246785
26044	-15.4411829513657
26045	-15.5325377669851
26046	-15.6348557026809
26047	-15.7462297154758
26048	-15.8657350395956
26049	-15.9912614101291
26050	-16.119573937027
26051	-16.2478797367602
26052	-16.3741816528492
26053	-16.4980072343697
26054	-16.620648473764
26055	-16.742452441127
26056	-16.8634633632992
26057	-16.985231106156
26058	-17.1078419544338
26059	-17.2286906274556
26060	-17.3432944854337
26061	-17.4450156530878
26062	-17.5253954745095
26063	-17.5719602395734
26064	-17.5705418329506
26065	-17.5097498247887
26066	-17.3804421057336
26067	-17.1769933929003
26068	-16.8994803874176
26069	-16.5630709195568
26070	-16.1900235971052
26071	-15.7869315589413
26072	-15.356191579486
26073	-14.9060125229518
26074	-14.4460280449806
26075	-13.9803316946912
26076	-13.5084334390415
26077	-13.0343757749282
26078	-12.5579553544488
26079	-12.0772031979679
26080	-11.5958385632502
26081	-11.1185147801718
26082	-10.6473851493318
26083	-10.1832365339543
26084	-9.72824703911869
26085	-9.28525687642714
26086	-8.85503074723357
26087	-8.43926575846002
26088	-8.03953948980939
26089	-7.65515939557032
26090	-7.28429443535333
26091	-6.92588584776087
26092	-6.57881865676012
26093	-6.24617130464304
26094	-5.93615227918317
26095	-5.65987525805788
26096	-5.42439967290105
26097	-5.229391931382
26098	-5.06738333952282
26099	-4.93009471602609
26100	-4.80553894205933
26101	-4.6792795299945
26102	-4.5421962752702
26103	-4.38539174546706
26104	-4.20180843890516
26105	-3.99330750420135
26106	-3.77251864711511
26107	-3.55690776200681
26108	-3.35286655721936
26109	-3.15334247036533
26110	-2.95152107482551
26111	-2.7427301658373
26112	-2.52158022530676
26113	-2.28584570813905
26114	-2.04034526964436
26115	-1.79886039187446
26116	-1.57156715635781
26117	-1.35742301353438
26118	-1.14807382575297
26119	-0.937014736427394
26120	-0.728724671551153
26121	-0.533107158239468
26122	-0.354460260186058
26123	-0.188586633346277
26124	-0.0290509917907017
26125	0.130097376918089
26126	0.295096962244053
26127	0.469517736786824
26128	0.64889699355393
26129	0.824767734128954
26130	0.994144514803384
26131	1.16079076062415
26132	1.3232900511473
26133	1.46975858907813
26134	1.59468304032124
26135	1.70169960168373
26136	1.79581956690093
26137	1.88067743732693
26138	1.95350028232028
26139	2.01051551852443
26140	2.05280602314395
26141	2.08612616366143
26142	2.12075166884243
26143	2.16129618347525
26144	2.20176001397772
26145	2.23261574978005
26146	2.24453410421216
26147	2.23548261135563
26148	2.21540158735039
26149	2.19831626649986
26150	2.18852737962046
26151	2.17646130099684
26152	2.14800877310554
26153	2.09970026967606
26154	2.03949063640524
26155	1.97474822200023
26156	1.90256996366931
26157	1.80909865108064
26158	1.68626628392798
26159	1.53745537712082
26160	1.36721997229962
26161	1.17442358445976
26162	0.956449100255952
26163	0.712857870490211
26164	0.442623339656389
26165	0.145075513625909
26166	-0.179705972465445
26167	-0.530992382558219
26168	-0.907323771704017
26169	-1.3076657659174
26170	-1.72996314051098
26171	-2.16981859454329
26172	-2.62166172074057
26173	-3.07940120321313
26174	-3.53766489633424
26175	-3.99268494247497
26176	-4.44057325823066
26177	-4.87670770770188
26178	-5.29783796485493
26179	-5.70117345497435
26180	-6.08388161224461
26181	-6.44375595612279
26182	-6.77655743862721
26183	-7.07682656700755
26184	-7.34343004108443
26185	-7.57108248270077
26186	-7.76153474374761
26187	-7.92317425739267
26188	-8.05868482051789
26189	-8.17132049890403
26190	-8.26416080945569
26191	-8.34142567050278
26192	-8.40699227121869
26193	-8.46224085359418
26194	-8.50989658408433
26195	-8.55420651153854
26196	-8.59701946058127
26197	-8.63702335519122
26198	-8.67280803083017
26199	-8.70502714055216
26200	-8.73387818104086
26201	-8.76026525733034
26202	-8.78600528989931
26203	-8.81083441039469
26204	-8.83353926106724
26205	-8.85242076717212
26206	-8.86625250318711
26207	-8.87604864754875
26208	-8.88282681635521
26209	-8.88719836244824
26210	-8.88874469244748
26211	-8.88629763336133
26212	-8.88148242946398
26213	-8.87516353781076
26214	-8.8692734561219
26215	-8.8644141807437
26216	-8.85642679414643
26217	-8.84346674674768
26218	-8.82611973802047
26219	-8.80509885122953
26220	-8.78277123831677
26221	-8.76283491410736
26222	-8.74572355527525
26223	-8.72911824440502
26224	-8.71086900120186
26225	-8.68851014627858
26226	-8.66094435540085
26227	-8.63002648346294
26228	-8.59810139265905
26229	-8.56644534694532
26230	-8.53308782314473
26231	-8.49489379064534
26232	-8.45314093617742
26233	-8.40864919782212
26234	-8.35986132610668
26235	-8.30723180294057
26236	-8.25261413237717
26237	-8.19766507103279
26238	-8.1437689844025
26239	-8.08990021906716
26240	-8.03464151764021
26241	-7.97740445738729
26242	-7.91867632920843
26243	-7.86145418605679
26244	-7.80663344692265
26245	-7.75351463729582
26246	-7.70542987323304
26247	-7.66575682623242
26248	-7.62787873184104
26249	-7.57903911173443
26250	-7.51325956177221
26251	-7.43760525004138
26252	-7.36888646750262
26253	-7.32352249067041
26254	-7.30514944693371
26255	-7.30147022607037
26256	-7.29357663834257
26257	-7.26872699836747
26258	-7.22787567750711
26259	-7.18355935868589
26260	-7.14665527206477
26261	-7.11732681778363
26262	-7.08856995733577
26263	-7.05487571021444
26264	-7.016567374194
26265	-6.97721261640024
26266	-6.93952587907013
26267	-6.90167936290713
26268	-6.85695962893907
26269	-6.80253961903976
26270	-6.75003981492108
26271	-6.71280104131182
26272	-6.69268655439089
26273	-6.69023512300513
26274	-6.70935542543067
26275	-6.74718105974105
26276	-6.79652876827307
26277	-6.85246863646025
26278	-6.91461127621215
26279	-6.98409066437854
26280	-7.05892912471237
26281	-7.13540169860405
26282	-7.21080109853871
26283	-7.28712803102654
26284	-7.36644072358812
26285	-7.44810515441391
26286	-7.53185514818291
26287	-7.61708257408892
26288	-7.70432576581507
26289	-7.79321572122833
26290	-7.88111800168075
26291	-7.96696902052977
26292	-8.04921537602137
26293	-8.1232950940942
26294	-8.18677506763192
26295	-8.2401322733951
26296	-8.28608348164974
26297	-8.33140551147562
26298	-8.38015691723932
26299	-8.42553390089611
26300	-8.4564877354644
26301	-8.47288207548792
26302	-8.48329988968341
26303	-8.49317550037464
26304	-8.50619876261742
26305	-8.52495737212192
26306	-8.55008517397142
26307	-8.58412061275153
26308	-8.6292011347523
26309	-8.68443699216315
26310	-8.74910624420822
26311	-8.8228970073436
26312	-8.90287228391998
26313	-8.98223018233228
26314	-9.05312301552246
26315	-9.11221868658543
26316	-9.16485174157758
26317	-9.22170501407942
26318	-9.29194305224863
26319	-9.3801320560503
26320	-9.48805552416945
26321	-9.6175504140079
26322	-9.76939807055992
26323	-9.94332859380083
26324	-10.1381949202459
26325	-10.3513254385093
26326	-10.5790417708384
26327	-10.8173471496484
26328	-11.0619804612912
26329	-11.3119465952371
26330	-11.566191527459
26331	-11.8210879885214
26332	-12.0726440634851
26333	-12.3174779043335
26334	-12.5532442591317
26335	-12.7772782983914
26336	-12.9892384980735
26337	-13.1901538231595
26338	-13.3778358459884
26339	-13.5503550411015
26340	-13.7071778636878
26341	-13.845329294845
26342	-13.9585057069991
26343	-14.0401678153831
26344	-14.0815228467955
26345	-14.072088191024
26346	-14.0074153505865
26347	-13.8841642937146
26348	-13.6968254556297
26349	-13.4435206038473
26350	-13.1228964582398
26351	-12.7334501125235
26352	-12.2758503064813
26353	-11.7522478546971
26354	-11.1679926866313
26355	-10.5307741825959
26356	-9.85090533534067
26357	-9.13815919509386
26358	-8.407388576144
26359	-7.67118876153878
26360	-6.93611192975994
26361	-6.21018025203561
26362	-5.5027665031308
26363	-4.82329670170115
26364	-4.17697497201085
26365	-3.56632519010553
26366	-2.99226080124129
26367	-2.45420316625747
26368	-1.94906804219162
26369	-1.47570427782129
26370	-1.03886428780986
26371	-0.641951709907596
26372	-0.285993459316796
26373	0.0291078794975766
26374	0.309073594103306
26375	0.559049745805224
26376	0.775624878958398
26377	0.964007944386672
26378	1.1296857259684
26379	1.2707430316316
26380	1.3895696237124
26381	1.49116828564445
26382	1.57823520394828
26383	1.65149612700896
26384	1.7135900187453
26385	1.76399216516722
26386	1.8016106926828
26387	1.82550325888787
26388	1.83673351140379
26389	1.83948129946602
26390	1.83489535194117
26391	1.82324556431365
26392	1.80396075552997
26393	1.77698764728518
26394	1.74399202298281
26395	1.70643011611364
26396	1.66436854101711
26397	1.61492020838181
26398	1.55530218197961
26399	1.48457895262668
26400	1.40062843857535
26401	1.30468917367996
26402	1.19562254285249
26403	1.06972655268093
26404	0.928832950353747
26405	0.778727691883141
26406	0.624923061357667
26407	0.470645260976644
26408	0.31897377419525
26409	0.17155369943856
26410	0.0298274603251646
26411	-0.106038094019708
26412	-0.236381728720407
26413	-0.360556113970192
26414	-0.478430741900582
26415	-0.590474628749892
26416	-0.697944465881504
26417	-0.80143409379878
26418	-0.901614186302067
26419	-0.999779309855049
26420	-1.09577983986938
26421	-1.19008436435221
26422	-1.28494365562075
26423	-1.38143637366253
26424	-1.47782063955003
26425	-1.57199505677155
26426	-1.66378198866651
26427	-1.75380155566302
26428	-1.84181362083218
26429	-1.92700891565128
26430	-2.00778786923364
26431	-2.08121353437413
26432	-2.14560440629049
26433	-2.20158479523517
26434	-2.2508065164828
26435	-2.29743215741583
26436	-2.34531438899142
26437	-2.39150212642141
26438	-2.4308619573805
26439	-2.45983704297881
26440	-2.47366986291483
26441	-2.46988114751882
26442	-2.44876430575733
26443	-2.41224520296959
26444	-2.36155581382577
26445	-2.29562524310388
26446	-2.21459798848894
26447	-2.12102152895212
26448	-2.01677703533925
26449	-1.90221530967194
26450	-1.77883239405236
26451	-1.64780474655651
26452	-1.50949749460772
26453	-1.36489351505436
26454	-1.21618864660014
26455	-1.06566751389982
26456	-0.914586288543559
26457	-0.764605808460101
26458	-0.616804619080069
26459	-0.471877897695475
26460	-0.330879994624199
26461	-0.195125466815745
26462	-0.0655494786581413
26463	0.0572081983477284
26464	0.17353552345595
26465	0.284458006825617
26466	0.389387554564365
26467	0.487711082470597
26468	0.57947241584864
26469	0.663698977686595
26470	0.740856499103061
26471	0.812615657140448
26472	0.878716346449126
26473	0.938488533237386
26474	0.990745089878343
26475	1.03502247909237
26476	1.07278122373854
26477	1.10631851552808
26478	1.13582196508101
26479	1.16044784960221
26480	1.18025612991751
26481	1.19582544344704
26482	1.20768918881409
26483	1.21674236362646
26484	1.22402353332478
26485	1.2286194601513
26486	1.23048719213409
26487	1.23007512479776
26488	1.2281215805461
26489	1.22487224887775
26490	1.21847909949179
26491	1.20866795258329
26492	1.19575054933316
26493	1.17790070733062
26494	1.15280904558308
26495	1.11488630815381
26496	1.06025067470072
26497	0.988165990921264
26498	0.893215784668774
26499	0.770199126202856
26500	0.61834788125577
26501	0.437387093463223
26502	0.227836067940296
26503	-0.00819703390206849
26504	-0.269417454779822
26505	-0.552886987675027
26506	-0.85379994706978
26507	-1.16997552677268
26508	-1.49737351056733
26509	-1.83040977383524
26510	-2.16674339561682
26511	-2.50438225357783
26512	-2.84101956811287
26513	-3.17432820779965
26514	-3.50101893211574
26515	-3.81876803178886
26516	-4.1252279254207
26517	-4.4191627735389
26518	-4.70020156847778
26519	-4.96777081350624
26520	-5.22096076097583
26521	-5.45856039334069
26522	-5.6810237247959
26523	-5.89123155365494
26524	-6.09040280546032
26525	-6.27652971751626
26526	-6.44796498684696
26527	-6.60479607430352
26528	-6.748997205761
26529	-6.88278219230617
26530	-7.00804046254824
26531	-7.1261403933289
26532	-7.23821484706173
26533	-7.34460813044939
26534	-7.44359332887058
26535	-7.53493447998107
26536	-7.61965016754153
26537	-7.69814439214512
26538	-7.77053686334619
26539	-7.83653306178969
26540	-7.89653295665139
26541	-7.95088202186678
26542	-7.99912212408514
26543	-8.04154155641724
26544	-8.07970226336391
26545	-8.1144187651672
26546	-8.14530837819896
26547	-8.17340470429282
26548	-8.20001262986516
26549	-8.22535024108085
26550	-8.24923500929021
26551	-8.26901530291094
26552	-8.27965735300897
26553	-8.27660187897449
26554	-8.25529000223178
26555	-8.21272415231218
26556	-8.14640561221772
26557	-8.05407545653026
26558	-7.93603753947026
26559	-7.79083803060135
26560	-7.61707494005108
26561	-7.41450221739303
26562	-7.18275764805102
26563	-6.92366388274617
26564	-6.63957601751372
26565	-6.33186624240627
26566	-6.00118109313684
26567	-5.64952261560395
26568	-5.28018175576022
26569	-4.89647260072964
26570	-4.50210078609245
26571	-4.10146412922607
26572	-3.69808775968255
26573	-3.29462423056365
26574	-2.89528023113991
26575	-2.503015797279
26576	-2.11915165206785
26577	-1.74511729090878
26578	-1.38315610574851
26579	-1.03725370285721
26580	-0.7091857712431
26581	-0.398546482564114
26582	-0.104445638723473
26583	0.175214376703712
26584	0.441909780215762
26585	0.696805427692409
26586	0.94104712745897
26587	1.17545188487279
26588	1.39997687112363
26589	1.61452591368686
26590	1.8181141137556
26591	2.00765164980964
26592	2.17760323399125
26593	2.32189977696136
26594	2.438495342373
26595	2.52339842414632
26596	2.56761894877579
26597	2.56394969192468
26598	2.50877940560623
26599	2.39871450682036
26600	2.23083616920175
26601	2.00420569227114
26602	1.72046775440392
26603	1.38170648458848
26604	0.991584595699753
26605	0.551808339491184
26606	0.0701628962907895
26607	-0.440460981026785
26608	-0.972486412832929
26609	-1.51819278141268
26610	-2.06487298227587
26611	-2.60637207902794
26612	-3.13957620540415
26613	-3.65739830562133
26614	-4.15686887289512
26615	-4.63684925338936
26616	-5.09375094945058
26617	-5.52217598313618
26618	-5.91941526413347
26619	-6.28747250476277
26620	-6.62972907187005
26621	-6.95030665897498
26622	-7.2550594076068
26623	-7.54131790581019
26624	-7.79824265565794
26625	-8.01999931253951
26626	-8.20423152971946
26627	-8.35228074517667
26628	-8.47135025326128
26629	-8.57105857119813
26630	-8.66121405765911
26631	-8.74745690873065
26632	-8.83316804273958
26633	-8.92023106989853
26634	-9.00704271214327
26635	-9.09270870624696
26636	-9.17589108300062
26637	-9.25228944774075
26638	-9.31779470962611
26639	-9.36865026952124
26640	-9.40091925966872
26641	-9.40927655671152
26642	-9.38810592267843
26643	-9.33366865670188
26644	-9.24435598544893
26645	-9.11812888264094
26646	-8.95211831189341
26647	-8.74482367962807
26648	-8.49372336055518
26649	-8.19558848170039
26650	-7.84778939168559
26651	-7.45000034287328
26652	-7.00476062467641
26653	-6.51463153125885
26654	-5.98306797076911
26655	-5.41684019929465
26656	-4.82208515259043
26657	-4.20472661508474
26658	-3.57245860071255
26659	-2.93310460103703
26660	-2.29375759989016
26661	-1.66148277504986
26662	-1.04353780159148
26663	-0.44474486579678
26664	0.128974532768062
26665	0.669403781697975
26666	1.16527799985445
26667	1.60542788556927
26668	1.98300897307103
26669	2.3048080520488
26670	2.57387497087252
26671	2.79545959886962
26672	2.97956149208131
26673	3.13229078700276
26674	3.26659771215215
26675	3.39273090590069
26676	3.51726676970066
26677	3.64858894886934
26678	3.78963208161565
26679	3.93553124723618
26680	4.07911649817953
26681	4.21793794810347
26682	4.3573420209648
26683	4.50000969734036
26684	4.64007986156847
26685	4.77036215653831
26686	4.89203293442817
26687	5.01148251868432
26688	5.13172440935393
26689	5.24720806045203
26690	5.35107869265078
26691	5.44610370024581
26692	5.53639168869492
26693	5.62013128229666
26694	5.69269864586472
26695	5.75271022304531
26696	5.80527224235944
26697	5.85311913247106
26698	5.89402315011969
26699	5.92688184557789
26700	5.95356653643308
26701	5.97642942002859
26702	5.99621042032729
26703	6.01667996571838
26704	6.03999647338354
26705	6.06078981372162
26706	6.07368645327248
26707	6.08083294624038
26708	6.08498889845094
26709	6.08364503011629
26710	6.07512950327739
26711	6.06222779142199
26712	6.04746691202779
26713	6.03225016085544
26714	6.01861001508572
26715	6.00559598221451
26716	5.99297113604848
26717	5.97950847638733
26718	5.96095611606737
26719	5.93441068065073
26720	5.89834469494165
26721	5.85238380705763
26722	5.79758262823735
26723	5.73817010562913
26724	5.67701294648254
26725	5.61202184467231
26726	5.54110477354216
26727	5.46088898368967
26728	5.36166320465933
26729	5.23658690288299
26730	5.08496086682224
26731	4.90321557316865
26732	4.68685930889673
26733	4.43260271174878
26734	4.13878568739368
26735	3.80825222173444
26736	3.44522921867557
26737	3.05392596429493
26738	2.63551249935608
26739	2.19038477625341
26740	1.72026121948661
26741	1.22708568749946
26742	0.714982976703935
26743	0.190500719677629
26744	-0.335111275206458
26745	-0.84872538345801
26746	-1.33672915200682
26747	-1.78762347056484
26748	-2.19768291316596
26749	-2.57390605003495
26750	-2.92583650249364
26751	-3.26066254854764
26752	-3.58528429661899
26753	-3.90315642499146
26754	-4.21647516423807
26755	-4.52741492205578
26756	-4.83682225050334
26757	-5.14489052998893
26758	-5.45038062857892
26759	-5.75138136050774
26760	-6.04546472131997
26761	-6.33175179095519
26762	-6.6110357787353
26763	-6.88269480269511
26764	-7.14347654977985
26765	-7.38807599617579
26766	-7.61190024775761
26767	-7.81342524236358
26768	-7.98910109474987
26769	-8.13287165754466
26770	-8.24021410016043
26771	-8.31249688054304
26772	-8.35409330715464
26773	-8.36847925657261
26774	-8.35687233827544
26775	-8.31996916758567
26776	-8.25944800486724
26777	-8.17850219678835
26778	-8.08140762559902
26779	-7.96806739516916
26780	-7.83720820586596
26781	-7.69066012370918
26782	-7.53088113942181
26783	-7.36349809492633
26784	-7.19597618415417
26785	-7.03390097422311
26786	-6.88381884616919
26787	-6.75071250010359
26788	-6.63782568152427
26789	-6.54645473447626
26790	-6.47629162282628
26791	-6.42604949499949
26792	-6.39473991586908
26793	-6.38107695121348
26794	-6.3846257354419
26795	-6.40526565745569
26796	-6.4426723896488
26797	-6.49649916392848
26798	-6.5620766779548
26799	-6.63220888130393
26800	-6.69197826103592
26801	-6.72229271395189
26802	-6.70873722458277
26803	-6.64154630048287
26804	-6.5162035924697
26805	-6.32900580154941
26806	-6.07509873214638
26807	-5.75207652931032
26808	-5.35887672376808
26809	-4.89584831566026
26810	-4.36981099257485
26811	-3.78872188601539
26812	-3.16166121277615
26813	-2.50013274841627
26814	-1.81620178159999
26815	-1.12187236062891
26816	-0.427207140658552
26817	0.258415371386154
26818	0.927797092643687
26819	1.57362434780785
26820	2.19159932015924
26821	2.78223552481645
26822	3.3470323779726
26823	3.88819897423132
26824	4.39973959569719
26825	4.87120444353057
26826	5.30235726227485
26827	5.69565018015082
26828	6.05771716214174
26829	6.39821804791037
26830	6.72326989883132
26831	7.04015585565918
26832	7.35513840305439
26833	7.67204435019508
26834	7.9942253837886
26835	8.32277064489533
26836	8.65694084423257
26837	8.99587626610535
26838	9.33784499348646
26839	9.68035097564599
26840	10.0217200264971
26841	10.3612959451873
26842	10.6954293843852
26843	11.0188739940884
26844	11.327090913436
26845	11.6122074861451
26846	11.8648701820654
26847	12.0785866802762
26848	12.2439482979857
26849	12.3580320370378
26850	12.4326177625909
26851	12.4853295468906
26852	12.5322741345142
26853	12.5843053221591
26854	12.6494363482292
26855	12.7339976599098
26856	12.8398637252544
26857	12.9671748339855
26858	13.1157695513051
26859	13.2837624515355
26860	13.4699124285939
26861	13.6718053927227
26862	13.883904953383
26863	14.1012869934944
26864	14.3206943975153
26865	14.5404403142488
26866	14.7585817964349
26867	14.9731089858575
26868	15.1834036695602
26869	15.387897964441
26870	15.5841438620815
26871	15.7714389425056
26872	15.9494788075756
26873	16.1208934918712
26874	16.2908027998582
26875	16.458387179469
26876	16.6147526883928
26877	16.7474589490193
26878	16.8458792415625
26879	16.9065665955937
26880	16.9361472887456
26881	16.9429563772285
26882	16.9341598416854
26883	16.9161883916105
26884	16.8920219679919
26885	16.8629207921164
26886	16.8303340613558
26887	16.7964802799031
26888	16.7620720292927
26889	16.7262182398044
26890	16.6883086268766
26891	16.6474216269086
26892	16.603926840617
26893	16.5587862685493
26894	16.5112576153401
26895	16.4588908621102
26896	16.4008417716967
26897	16.3379854667728
26898	16.270366030829
26899	16.1988099903353
26900	16.1234999921075
26901	16.0438894835442
26902	15.9606957652741
26903	15.8741914353398
26904	15.7837207523668
26905	15.6862474982059
26906	15.5755654629764
26907	15.4474722431727
26908	15.2982282879609
26909	15.1179501569058
26910	14.895082660576
26911	14.6224433065913
26912	14.2949817077053
26913	13.9088927215831
26914	13.463637103239
26915	12.9633605744956
26916	12.4197165827941
26917	11.8472528681078
26918	11.2622385658844
26919	10.685259904285
26920	10.1295704345103
26921	9.59434316444745
26922	9.0807900365008
26923	8.59313550708201
26924	8.1264759615182
26925	7.67296627171452
26926	7.2280027719465
26927	6.79037033583335
26928	6.35913999616754
26929	5.93331427819211
26930	5.5134424213008
26931	5.10029781737271
26932	4.69609387484179
26933	4.30225910325143
26934	3.92049846622302
26935	3.55330211649787
26936	3.20371817487882
26937	2.88120236000806
26938	2.5991757942946
26939	2.35943617124275
26940	2.15917116827519
26941	1.99249671146724
26942	1.8465966674067
26943	1.70861154215611
26944	1.56796895817951
26945	1.42036740515033
26946	1.26429639900618
26947	1.10282952918249
26948	0.946833129358618
26949	0.804784103240004
26950	0.678081850403213
26951	0.562025631045888
26952	0.449479274671069
26953	0.336434821656719
26954	0.224724856960345
26955	0.120063101777955
26956	0.0252066415478114
26957	-0.0612157338103314
26958	-0.142317348106319
26959	-0.2189304862277
26960	-0.289103888644907
26961	-0.35279180127068
26962	-0.411303916633052
26963	-0.467033550687297
26964	-0.522730344409595
26965	-0.577845542918466
26966	-0.628781724623388
26967	-0.670516766921047
26968	-0.700938830021047
26969	-0.722185145015986
26970	-0.73738083609946
26971	-0.747320261355077
26972	-0.751417764041566
26973	-0.74788291125752
26974	-0.7352368510754
26975	-0.71398022852418
26976	-0.687231310296189
26977	-0.655777278034313
26978	-0.616430616348689
26979	-0.568001756820307
26980	-0.51212845116312
26981	-0.452397977269919
26982	-0.390157140141786
26983	-0.319116944480215
26984	-0.23419700601134
26985	-0.137832202063279
26986	-0.0311491426196761
26987	0.0879144803376986
26988	0.219255564203162
26989	0.36148041054705
26990	0.513040193013679
26991	0.673426214348706
26992	0.846589929962889
26993	1.03454838595833
26994	1.23696653189713
26995	1.45489602895158
26996	1.68559048568125
26997	1.92609607241007
26998	2.17517443202091
26999	2.43686859374694
27000	2.71893206039004
27001	3.02338473432529
27002	3.34267735358695
27003	3.67162500312126
27004	4.01116816705517
27005	4.35871636652427
27006	4.70988611151688
27007	5.06777432551129
27008	5.43896437029898
27009	5.8250657672609
27010	6.22520718143954
27011	6.63646246422405
27012	7.0551955519048
27013	7.47801102809646
27014	7.90297750419062
27015	8.32772031544357
27016	8.74899232096623
27017	9.16410347406646
27018	9.57003728854333
27019	9.96535962060136
27020	10.3489196160507
27021	10.7184806893033
27022	11.0722274706001
27023	11.4096789209684
27024	11.7314525317051
27025	12.0382846575983
27026	12.3313234918876
27027	12.6102865418304
27028	12.8740036504211
27029	13.1199927541103
27030	13.3471231299368
27031	13.5530107346776
27032	13.7294177155804
27033	13.8720454398226
27034	13.977980521431
27035	14.0423347196419
27036	14.0582829714383
27037	14.0231788739386
27038	13.9420206355075
27039	13.8225839647605
27040	13.6749138424426
27041	13.5035286570263
27042	13.3045756186486
27043	13.0805228037357
27044	12.837331098628
27045	12.576385851963
27046	12.2988545446106
27047	12.0061093288918
27048	11.7024751502672
27049	11.388853816325
27050	11.0623006156622
27051	10.7202261141913
27052	10.3584394047716
27053	9.97370958383994
27054	9.56777003986326
27055	9.14510889190684
27056	8.71640530967098
27057	8.28990792267953
27058	7.8688338144253
27059	7.45650874867382
27060	7.05967592975987
27061	6.68620039903285
27062	6.338885314717
27063	6.01670593592252
27064	5.7159491749572
27065	5.43864111788295
27066	5.19254768871864
27067	4.97688250170742
27068	4.78660995398171
27069	4.62175261732175
27070	4.48199823852788
27071	4.37127116333628
27072	4.29285141425516
27073	4.24808874140635
27074	4.23821829976466
27075	4.25562461186562
27076	4.29018399962781
27077	4.33771577901756
27078	4.39972310578378
27079	4.48293340567825
27080	4.59079377619008
27081	4.71540386549179
27082	4.8463102831261
27083	4.97969854879724
27084	5.12180650191636
27085	5.28190088920891
27086	5.46170262558604
27087	5.65184867057114
27088	5.84015614664825
27089	6.02594828766072
27090	6.21389473159739
27091	6.4089168394524
27092	6.61745893670833
27093	6.84301369815618
27094	7.08586106816327
27095	7.3461825024662
27096	7.62469453749524
27097	7.91956755310532
27098	8.22755247917193
27099	8.54469134463701
27100	8.85671557083017
27101	9.14940966104853
27102	9.41481728088903
27103	9.6423089920861
27104	9.8250726212059
27105	9.96712354901389
27106	10.0694103197939
27107	10.1279360156614
27108	10.144385524669
27109	10.1204118906611
27110	10.0577216394618
27111	9.95605256732341
27112	9.81551496110076
27113	9.63783480068702
27114	9.42285444895225
27115	9.16927926152558
27116	8.878145727544
27117	8.55269416324784
27118	8.19529069411425
27119	7.80916900476201
27120	7.39868865186482
27121	6.96924894824588
27122	6.5272511761616
27123	6.07880819983093
27124	5.63068517484512
27125	5.19041263168993
27126	4.76510448694445
27127	4.36684072589426
27128	4.0071970214532
27129	3.68186526069671
27130	3.39299040130762
27131	3.13871896832476
27132	2.91034226401609
27133	2.70698623807051
27134	2.52299292648694
27135	2.35504625712919
27136	2.20372308723198
27137	2.07148731869457
27138	1.95909688552389
27139	1.86241256888684
27140	1.77905949496726
27141	1.71205974706166
27142	1.6639574654968
27143	1.63051867279159
27144	1.60497992362685
27145	1.58651063116452
27146	1.57990695959378
27147	1.58751670264334
27148	1.60739057867992
27149	1.63623084649436
27150	1.66777203466974
27151	1.69801223731644
27152	1.73159998360321
27153	1.77421341289354
27154	1.826696029222
27155	1.88610842353897
27156	1.94758673265862
27157	2.00771638394038
27158	2.06915444142702
27159	2.13657060794099
27160	2.20976800562886
27161	2.28514707440708
27162	2.35651463817219
27163	2.42182559498786
27164	2.48863769357517
27165	2.56174429978359
27166	2.63802483676731
27167	2.71246596554482
27168	2.78061209015451
27169	2.84563186092542
27170	2.91512917937652
27171	2.99254344861243
27172	3.07433149257701
27173	3.15110283218175
27174	3.21876647958912
27175	3.28481172220895
27176	3.35675984951454
27177	3.43116650996849
27178	3.50091279578618
27179	3.56062834328526
27180	3.60934774738497
27181	3.65413384265229
27182	3.70110835118471
27183	3.75090765141997
27184	3.79899483855988
27185	3.83855873006371
27186	3.87141755729636
27187	3.90782043624436
27188	3.9533592799145
27189	4.00600310084324
27190	4.06005583469637
27191	4.11043752202967
27192	4.15804974646974
27193	4.20910803034492
27194	4.26603736824175
27195	4.322475342683
27196	4.36869164128567
27197	4.40084968100457
27198	4.42648708403983
27199	4.45524209834476
27200	4.48834629595732
27201	4.51711632696958
27202	4.53340325275456
27203	4.54073306788749
27204	4.55077065253319
27205	4.57082642129497
27206	4.59760481749819
27207	4.62004719097954
27208	4.62645881902487
27209	4.6140508226825
27210	4.59323827471686
27211	4.57903425481911
27212	4.57372279359425
27213	4.56832102644132
27214	4.55469452870905
27215	4.53051359100208
27216	4.50145728119741
27217	4.47889533937485
27218	4.46826195883332
27219	4.46255810123052
27220	4.4528112398366
27221	4.4342658877908
27222	4.40105883303478
27223	4.34892772519047
27224	4.27760734180886
27225	4.18713333733392
27226	4.07972036057645
27227	3.95972736480539
27228	3.83715138860987
27229	3.72180264292296
27230	3.61649809021848
27231	3.52419190522279
27232	3.44843428250066
27233	3.39356020750046
27234	3.36157949643751
27235	3.35131745518475
27236	3.35815738194489
27237	3.37335050571827
27238	3.38876677296822
27239	3.40543560474014
27240	3.43124722055973
27241	3.46786923138479
27242	3.51115285398699
27243	3.55799881990422
27244	3.60668034729827
27245	3.65070013526902
27246	3.68184711977108
27247	3.6940715938255
27248	3.68355824333097
27249	3.64872634991227
27250	3.58910155685132
27251	3.50704598121464
27252	3.4046582043303
27253	3.28131651104001
27254	3.13773232667061
27255	2.97806531356945
27256	2.80539658867816
27257	2.62290749233088
27258	2.43481746880821
27259	2.24365810644359
27260	2.05018074118061
27261	1.85508989418293
27262	1.66039564622125
27263	1.46875093619351
27264	1.2831272221088
27265	1.10499108878096
27266	0.934934875459915
27267	0.773485634843488
27268	0.620920716437038
27269	0.478705791962564
27270	0.348154988045712
27271	0.230084513723485
27272	0.127444498722459
27273	0.0427329515376901
27274	-0.0199848897825844
27275	-0.0555241428346461
27276	-0.0595169579966034
27277	-0.0264755089980158
27278	0.0456841868297023
27279	0.157202025037624
27280	0.30833155878056
27281	0.497881975008839
27282	0.724481292286858
27283	0.987630406636361
27284	1.28807205069158
27285	1.6254467307792
27286	1.99572587211501
27287	2.39446179918071
27288	2.81910883475837
27289	3.26587643912024
27290	3.73074971366656
27291	4.21009791713321
27292	4.69813352768078
27293	5.18985841427303
27294	5.68135886725781
27295	6.16693443678285
27296	6.64239624177303
27297	7.10612956411524
27298	7.55556712611321
27299	7.98692724337842
27300	8.39632806431788
27301	8.77850046420853
27302	9.12787819966707
27303	9.44422941972482
27304	9.73154878620232
27305	9.98882369408184
27306	10.2192961610663
27307	10.4292288416692
27308	10.6152969408369
27309	10.7759889514263
27310	10.9171700766678
27311	11.0377634880084
27312	11.1350546027043
27313	11.2154150451272
27314	11.2887864201191
27315	11.3566514330923
27316	11.4130514643578
27317	11.4558353814156
27318	11.4890775087964
27319	11.5186434610602
27320	11.5465489246255
27321	11.5739994206457
27322	11.6027406452769
27323	11.6322339874385
27324	11.6623331637152
27325	11.691460329625
27326	11.7180414899218
27327	11.740272163878
27328	11.7541362505473
27329	11.7557038150812
27330	11.7412653430735
27331	11.7069462698361
27332	11.648941434582
27333	11.5657085474645
27334	11.4557110440949
27335	11.3176201069297
27336	11.1533370840359
27337	10.9631710132745
27338	10.7463588950565
27339	10.5043578186361
27340	10.2385990215855
27341	9.95019150202013
27342	9.64110313430888
27343	9.31401388854631
27344	8.97165601681058
27345	8.61785596321182
27346	8.25588737547862
27347	7.88779180050433
27348	7.51616240970266
27349	7.14344692762636
27350	6.77218154923627
27351	6.40596353077952
27352	6.04760009345684
27353	5.69965781969823
27354	5.36513738964996
27355	5.04571777873863
27356	4.74353367804836
27357	4.46251476217781
27358	4.20398346991508
27359	3.97466483935904
27360	3.77795304256227
27361	3.6039196911564
27362	3.44692112821554
27363	3.3028866049257
27364	3.16866512085067
27365	3.04575463660899
27366	2.93433519948102
27367	2.83581189017919
27368	2.7508667411346
27369	2.67890643345247
27370	2.61801682870676
27371	2.56462730115758
27372	2.51646933432128
27373	2.47358832154342
27374	2.44281297139488
27375	2.430275635828
27376	2.43520840365693
27377	2.4528319731389
27378	2.47804856469931
27379	2.51106753993392
27380	2.55929546132878
27381	2.62701328489273
27382	2.7095716316555
27383	2.80221268344424
27384	2.9031719304455
27385	3.01054264210679
27386	3.12145326294757
27387	3.23221984574413
27388	3.34173799069741
27389	3.45022804311793
27390	3.55585903865
27391	3.65752369851026
27392	3.75510524632302
27393	3.85108813867685
27394	3.94552347373144
27395	4.03626966353632
27396	4.13121255847471
27397	4.23932997240785
27398	4.35669026681443
27399	4.47906896709577
27400	4.60347607801716
27401	4.72212214944076
27402	4.83091553577098
27403	4.9278216912628
27404	5.01170311646019
27405	5.08380001840638
27406	5.14538575983111
27407	5.19837840705409
27408	5.24410522056272
27409	5.28264796627987
27410	5.3150036694117
27411	5.34243970622213
27412	5.36592721765555
27413	5.38477935705173
27414	5.39828462994184
27415	5.4068021376567
27416	5.41023373306871
27417	5.41014859656335
27418	5.40711281470214
27419	5.4013341234262
27420	5.39316636904543
27421	5.3810971654881
27422	5.36401619574573
27423	5.34248648518004
27424	5.31727539096343
27425	5.28868713065786
27426	5.25749324630332
27427	5.22304483081377
27428	5.18452887946526
27429	5.14248265902371
27430	5.09709644861336
27431	5.04872068704767
27432	4.99934161360733
27433	4.95200245672307
27434	4.9133214659093
27435	4.88840849982977
27436	4.87690542256211
27437	4.87773107536683
27438	4.89125390184315
27439	4.91694625306516
27440	4.95226015311084
27441	4.99544659401223
27442	5.04573753619262
27443	5.10138675535011
27444	5.16215843042363
27445	5.22800947157502
27446	5.29837250841122
27447	5.3708333610427
27448	5.44191818111196
27449	5.51149833772029
27450	5.57942847711867
27451	5.64374101586412
27452	5.70442937942528
27453	5.76278130856614
27454	5.81907355044928
27455	5.87326727583392
27456	5.92597722974082
27457	5.97795031307958
27458	6.02901624479251
27459	6.07972724904284
27460	6.12960138070842
27461	6.17744177630316
27462	6.22403118953154
27463	6.27043118608593
27464	6.31629768115676
27465	6.36188726835583
27466	6.40753132304691
27467	6.45265644633237
27468	6.49648989384794
27469	6.53888889774753
27470	6.58027450900995
27471	6.6202454103349
27472	6.65876972360033
27473	6.69614100579053
27474	6.73146568609689
27475	6.76495903929157
27476	6.79736511514672
27477	6.82882852567995
27478	6.8598385132504
27479	6.88981358660393
27480	6.91824361033126
27481	6.94501246173757
27482	6.96990165304142
27483	6.9926766756303
27484	7.01444333866158
27485	7.03469096684439
27486	7.04973265622622
27487	7.05766181387509
27488	7.05653545646526
27489	7.04636460117014
27490	7.02926403475855
27491	7.0072835862397
27492	6.98233972070559
27493	6.95504670829449
27494	6.92597788292181
27495	6.89721635035129
27496	6.87112471946057
27497	6.8500234366671
27498	6.835050149258
27499	6.82695521695677
27500	6.82546507044819
27501	6.82920273123537
27502	6.83812187088785
27503	6.85232975138513
27504	6.87174686244887
27505	6.89580629480341
27506	6.92245087170106
27507	6.95105719144467
27508	6.98302810603622
27509	7.01826132208347
27510	7.05475203594997
27511	7.09113974941497
27512	7.1276071458114
27513	7.16431271375119
27514	7.20027448247818
27515	7.23427616397696
27516	7.26563674238202
27517	7.29531528305209
27518	7.324839395084
27519	7.35420617855499
27520	7.38286691006308
27521	7.41043656779877
27522	7.43689164341985
27523	7.46367939392408
27524	7.49097460247309
27525	7.51821461405605
27526	7.54527813158247
27527	7.5723144427355
27528	7.59918621568093
27529	7.62420752123218
27530	7.64678700377418
27531	7.66677575830821
27532	7.68457802503134
27533	7.70138078215397
27534	7.71820761748029
27535	7.73815713425538
27536	7.76103683290757
27537	7.78492047449231
27538	7.80908653213768
27539	7.8299097911259
27540	7.84379373996016
27541	7.84851599338811
27542	7.84130614090855
27543	7.82080964360395
27544	7.78702744044671
27545	7.74042642771215
27546	7.68120022721088
27547	7.60809109798001
27548	7.52111867595799
27549	7.42277049271692
27550	7.31354542480736
27551	7.19413352507357
27552	7.06608625304327
27553	6.92916256287651
27554	6.78525980159727
27555	6.63505408599175
27556	6.47832522264434
27557	6.31627202410762
27558	6.14945683700384
27559	5.97872206568363
27560	5.80729991851499
27561	5.63831882909369
27562	5.4728723048379
27563	5.31121366077942
27564	5.1530598183955
27565	4.99882442836501
27566	4.84876170425345
27567	4.70263028398483
27568	4.56142531403604
27569	4.4256347492031
27570	4.29398093300635
27571	4.16616078887563
27572	4.04252296183026
27573	3.92289652316313
27574	3.8083856625794
27575	3.69910454130841
27576	3.5946197829222
27577	3.4948544736552
27578	3.39926355704154
27579	3.30864876711587
27580	3.22711919588428
27581	3.15743422904659
27582	3.10040973976926
27583	3.05959863019109
27584	3.03341897478671
27585	3.01881954405841
27586	3.01543571340597
27587	3.02333335853263
27588	3.04287316031569
27589	3.07426138408917
27590	3.11913448064783
27591	3.17752865872038
27592	3.24848203160564
27593	3.33110683695522
27594	3.42480359874809
27595	3.52757208216894
27596	3.63605093715086
27597	3.74848207881653
27598	3.86540054716912
27599	3.98697584196507
27600	4.11141865448718
27601	4.23665881588933
27602	4.36405423386054
27603	4.49493285529884
27604	4.62794766979602
27605	4.76018124358318
27606	4.88872196445148
27607	5.01464363106975
27608	5.14075176881942
27609	5.26919162254898
27610	5.39813639041301
27611	5.52495636736237
27612	5.64997109123306
27613	5.77364128903772
27614	5.89589647015616
27615	6.01693736898571
27616	6.13698823093282
27617	6.2539344632621
27618	6.36626737109518
27619	6.47538914570448
27620	6.58319834027159
27621	6.69005537326163
27622	6.79141304351798
27623	6.88375593685744
27624	6.96663716738428
27625	7.0428280482282
27626	7.11666415130342
27627	7.19435114218456
27628	7.27966072430127
27629	7.36828670194618
27630	7.45466932338587
27631	7.53524900889058
27632	7.60908647245919
27633	7.67726223225335
27634	7.74175347538737
27635	7.80298515634408
27636	7.86006627600355
27637	7.91284170910144
27638	7.9606779223284
27639	8.00385578441052
27640	8.04388090048033
27641	8.07966878944982
27642	8.10791196899982
27643	8.12655878913061
27644	8.13799098101661
27645	8.14413795014474
27646	8.14527361371701
27647	8.14361998086112
27648	8.14142329067321
27649	8.13944324820956
27650	8.13431089009106
27651	8.12095073672466
27652	8.09727221489653
27653	8.06540439320823
27654	8.0302120580476
27655	7.99408961269288
27656	7.95486078954118
27657	7.9103662418038
27658	7.86017312698826
27659	7.80489615930055
27660	7.75001113137208
27661	7.70311238070634
27662	7.66771663032694
27663	7.64556356528669
27664	7.63796096026482
27665	7.64598448481515
27666	7.67193034882101
27667	7.71918488522692
27668	7.78823733838059
27669	7.87729676244225
27670	7.98447686129155
27671	8.10757460918257
27672	8.24286325794274
27673	8.3868533538207
27674	8.53684009769841
27675	8.68653457452807
27676	8.82757315187235
27677	8.95410634322189
27678	9.06214443889628
27679	9.14961611723747
27680	9.21212251964912
27681	9.24459235787808
27682	9.25119954126237
27683	9.23632415862059
27684	9.19832034288792
27685	9.13880685202799
27686	9.05930637920386
27687	8.95733078465782
27688	8.83220036660907
27689	8.68187271668583
27690	8.50451275509532
27691	8.30604304871951
27692	8.09306981758656
27693	7.86196748300349
27694	7.6083739903864
27695	7.33139508638275
27696	7.0323045790101
27697	6.71619015884513
27698	6.390434472465
27699	6.06103753408108
27700	5.72511799428864
27701	5.37996281864522
27702	5.02782057035602
27703	4.67103287303093
27704	4.31313134617756
27705	3.96121985909137
27706	3.62090594207387
27707	3.29883521476562
27708	2.99857287389993
27709	2.71811825913018
27710	2.45994354207715
27711	2.2217390606054
27712	1.9979351967451
27713	1.7940970407464
27714	1.61452823838064
27715	1.45597565330578
27716	1.31701398248321
27717	1.19621531623238
27718	1.09131461027185
27719	0.997802573857763
27720	0.910801862206699
27721	0.825983374052314
27722	0.739664994372139
27723	0.65152688171889
27724	0.560591475991352
27725	0.464725035142186
27726	0.364374830810943
27727	0.259351512107124
27728	0.14908050643408
27729	0.0340482805722844
27730	-0.0852394371889734
27731	-0.207285979300701
27732	-0.330347216654802
27733	-0.453473718899478
27734	-0.575237355050058
27735	-0.696433592099007
27736	-0.817408869424498
27737	-0.934130864807202
27738	-1.0411885320237
27739	-1.12968455518142
27740	-1.19549748154086
27741	-1.2423041567734
27742	-1.27820753590093
27743	-1.31264325162145
27744	-1.35180060800407
27745	-1.40140551547685
27746	-1.46523847959403
27747	-1.54436930517758
27748	-1.63989671326656
27749	-1.75293476699257
27750	-1.8823608546242
27751	-2.02558489457168
27752	-2.18121643516326
27753	-2.34707854347139
27754	-2.51894932534887
27755	-2.69433000370768
27756	-2.87073754757813
27757	-3.04551004270326
27758	-3.21689470215236
27759	-3.38263647432206
27760	-3.54222250506233
27761	-3.69519696437659
27762	-3.84029381893243
27763	-3.97733773502654
27764	-4.10633745897438
27765	-4.22770992489243
27766	-4.34251606955159
27767	-4.45059180943649
27768	-4.55233233395207
27769	-4.64881027283115
27770	-4.74090432349546
27771	-4.82798218604072
27772	-4.90844606939485
27773	-4.9811858476742
27774	-5.04687525417117
27775	-5.10751739996994
27776	-5.1636377678857
27777	-5.21512907993064
27778	-5.26164326100387
27779	-5.30307932995767
27780	-5.34074306685112
27781	-5.3750345562436
27782	-5.40593477200558
27783	-5.43364497570124
27784	-5.45778876627563
27785	-5.47897933515897
27786	-5.49820625484429
27787	-5.51583558097582
27788	-5.53033957816606
27789	-5.53978564738182
27790	-5.54497047057131
27791	-5.54721943426692
27792	-5.54706947495901
27793	-5.54200222036328
27794	-5.52903022957748
27795	-5.50233837404612
27796	-5.45463209840761
27797	-5.37729324570379
27798	-5.26034201643423
27799	-5.09931532351178
27800	-4.89320249895599
27801	-4.64285602248283
27802	-4.3484942986168
27803	-4.0087633847493
27804	-3.62486243327144
27805	-3.20164250170554
27806	-2.74253719086013
27807	-2.25189377266849
27808	-1.73431286285444
27809	-1.19690017284009
27810	-0.647825459017992
27811	-0.092398648053722
27812	0.462372112863247
27813	1.01138785930329
27814	1.55124300788776
27815	2.07900136925307
27816	2.59095429085357
27817	3.08405046273357
27818	3.55575513445917
27819	4.00374992807564
27820	4.42847314595984
27821	4.82893546992821
27822	5.20242598936434
27823	5.54974054405838
27824	5.87441542818157
27825	6.17809084315078
27826	6.46173089869162
27827	6.72642780879613
27828	6.97299424911111
27829	7.20203618162309
27830	7.414334028795
27831	7.6119035689775
27832	7.79745113933321
27833	7.97296891788718
27834	8.1397817221281
27835	8.29870282299268
27836	8.4503671245364
27837	8.59639721706463
27838	8.73651083106653
27839	8.8706059790416
27840	9.00035069551426
27841	9.12566168537424
27842	9.24587464498331
27843	9.36196404283761
27844	9.47393773238698
27845	9.58134751482256
27846	9.68328387823083
27847	9.77904454390637
27848	9.86870623817225
27849	9.95236555973719
27850	10.0295566669491
27851	10.099663718712
27852	10.1604134761113
27853	10.2050313461335
27854	10.2260602158987
27855	10.2194190772591
27856	10.1820657103438
27857	10.1105800213065
27858	10.0041489251895
27859	9.86310713521408
27860	9.68942085943452
27861	9.48549091645132
27862	9.25312238690995
27863	8.99375717653506
27864	8.70765109972522
27865	8.39569089178875
27866	8.060350688778
27867	7.70366519914837
27868	7.32867292941541
27869	6.93912055035989
27870	6.53816763468299
27871	6.12863693713397
27872	5.7128750387357
27873	5.29326877329058
27874	4.87279992748161
27875	4.45396811243992
27876	4.03940317692467
27877	3.63287569056085
27878	3.23692990403088
27879	2.85402491858461
27880	2.48668512252178
27881	2.13664590291402
27882	1.80399236942565
27883	1.487644876876
27884	1.1865658177923
27885	0.900031987929011
27886	0.628482288265974
27887	0.371606047994989
27888	0.129005822121856
27889	-0.099998594751238
27890	-0.316855033160223
27891	-0.522290357133926
27892	-0.716700938783871
27893	-0.900187054155064
27894	-1.07405202501006
27895	-1.24022388310449
27896	-1.39918274537363
27897	-1.55165192694192
27898	-1.69718956778853
27899	-1.83612078894256
27900	-1.96966543214128
27901	-2.09709767209369
27902	-2.21769550169955
27903	-2.33192952742066
27904	-2.44019451382674
27905	-2.54286739685617
27906	-2.63844459766127
27907	-2.72512908961932
27908	-2.80069911894544
27909	-2.86227899469762
27910	-2.90642600564279
27911	-2.92455955618807
27912	-2.90598868060501
27913	-2.84241044092527
27914	-2.72810553520635
27915	-2.55920518505313
27916	-2.33431612987684
27917	-2.05418664992463
27918	-1.72069442369285
27919	-1.33418008404123
27920	-0.895762087798723
27921	-0.407801154516761
27922	0.125237230916215
27923	0.697761617656808
27924	1.30319744270617
27925	1.93399438680278
27926	2.58434807850647
27927	3.24721351163485
27928	3.91490781942912
27929	4.57877453849145
27930	5.23147073787206
27931	5.86695823613363
27932	6.48012135868881
27933	7.06787591537659
27934	7.62566615789464
27935	8.15037713662846
27936	8.64179103690178
27937	9.09937382299795
27938	9.52215495986233
27939	9.91007493171987
27940	10.2653006404228
27941	10.5907995410721
27942	10.8905633805977
27943	11.1672227944028
27944	11.4220288623103
27945	11.6575294162011
27946	11.8754216169847
27947	12.0762995320202
27948	12.2610678783572
27949	12.4310579632749
27950	12.5876352629924
27951	12.7318525374582
27952	12.8651728796264
27953	12.9891278553675
27954	13.1038181957192
27955	13.2098247895167
27956	13.3082600216915
27957	13.4003449971321
27958	13.4866324856511
27959	13.5662730723449
27960	13.6395439938808
27961	13.7060165175209
27962	13.7635182117582
27963	13.8119149585617
27964	13.8505526545752
27965	13.8755862654496
27966	13.8831263143667
27967	13.8655137693919
27968	13.813067492356
27969	13.7141407360412
27970	13.5570125442526
27971	13.3350594555613
27972	13.0454346367165
27973	12.686199425279
27974	12.2561503494774
27975	11.7555566859555
27976	11.1858752690975
27977	10.5515142731891
27978	9.86119072539446
27979	9.12537790188453
27980	8.35458251404027
27981	7.55995934545054
27982	6.75325028716678
27983	5.94643972394525
27984	5.14962517362278
27985	4.37150306999221
27986	3.62065041693185
27987	2.90310737097956
27988	2.22135306153486
27989	1.57647030644187
27990	0.969189082433813
27991	0.401558684911282
27992	-0.126827305608115
27993	-0.618857815425365
27994	-1.07823502280053
27995	-1.50830932279092
27996	-1.91099392930474
27997	-2.28912547208642
27998	-2.64503189431144
27999	-2.98058196089583
28000	-3.29632567432851
