Time	IMU_Yaw_Data
0	0
1	0.00044912825589773
2	0.00281865222656671
3	0.00925797334635856
4	0.0218109413855853
5	0.0415637472294879
6	0.0696353176846219
7	0.110078288512956
8	0.167022703001444
9	0.23875999986646
10	0.3261148156716
11	0.425974605329422
12	0.530942395622562
13	0.642655824850277
14	0.767131384608616
15	0.90828429487909
16	1.06701389465118
17	1.24274562137097
18	1.43475089706514
19	1.64154441063482
20	1.86032933015868
21	2.09077115728571
22	2.33762564281751
23	2.60391260864103
24	2.88749737068347
25	3.18573843333693
26	3.4979831019035
27	3.82396785949712
28	4.16305140050162
29	4.51538218708536
30	4.88084978473559
31	5.25975469582288
32	5.65369721882219
33	6.06372586714677
34	6.48958348926652
35	6.93704443610596
36	7.41326480317083
37	7.90997710693213
38	8.42502301434326
39	8.95560532932763
40	9.49040042308501
41	10.026111340087
42	10.5616003463474
43	11.0898773247876
44	11.600379668921
45	12.0865337152099
46	12.5617762054363
47	13.043190297785
48	13.5305295057182
49	14.0166109146105
50	14.4873331274422
51	14.9337266102287
52	15.3658531107044
53	15.8082846758113
54	16.2691910081505
55	16.73054195013
56	17.1789063931061
57	17.6319939827037
58	18.1026745480926
59	18.568910142113
60	19.0178514651885
61	19.452245404567
62	19.8868476957844
63	20.3272073804231
64	20.7633593189685
65	21.1921832856715
66	21.6149508583285
67	22.0338497393367
68	22.4488209880635
69	22.8615388362663
70	23.2721445148407
71	23.6799674517239
72	24.0833450929055
73	24.4819996668836
74	24.874630794829
75	25.2572689158704
76	25.6310277749244
77	25.9970284726969
78	26.3572212892737
79	26.7152390621978
80	27.0740452027356
81	27.4354232360865
82	27.8001777158652
83	28.1665331718846
84	28.5305230434847
85	28.8926968359242
86	29.2575596106356
87	29.6249551006156
88	29.9900878166649
89	30.3507014242194
90	30.7096248504391
91	31.0703351893152
92	31.4347616191122
93	31.8027725245039
94	32.1706355994234
95	32.534688754932
96	32.8920151853055
97	33.2392731693939
98	33.5741853978485
99	33.8951970439085
100	34.2009872316356
101	34.4909924286362
102	34.7657312797928
103	35.0299177042404
104	35.2919124918295
105	35.5637353419098
106	35.8530662911187
107	36.1522244030358
108	36.4564265743668
109	36.7710790488594
110	37.0934389894434
111	37.4166806231661
112	37.730000962398
113	38.0250114415173
114	38.3059120326158
115	38.5850897804553
116	38.867808391233
117	39.1472606288135
118	39.410052771479
119	39.6447051179722
120	39.8545578428423
121	40.0539698936247
122	40.2514762585515
123	40.4425746385169
124	40.6177401302868
125	40.767942992235
126	40.8982538522199
127	41.0219787652752
128	41.1416358932528
129	41.2528804602671
130	41.3495512699447
131	41.4269920444357
132	41.4903935988155
133	41.5467775843675
134	41.5976072741091
135	41.6364256219108
136	41.6555162742531
137	41.6592391414771
138	41.6545073017942
139	41.6425767680773
140	41.6184295326276
141	41.5747673195184
142	41.5129645768759
143	41.4381250179685
144	41.3524302138287
145	41.2513284675184
146	41.1285043357009
147	40.9849486250625
148	40.8238672483475
149	40.6448528438926
150	40.443528830438
151	40.2169811041821
152	39.9626935846702
153	39.6804466775854
154	39.3693004673054
155	39.0252313627047
156	38.6490733953921
157	38.2409130875114
158	37.8001775771157
159	37.3296727133092
160	36.8315853717701
161	36.3074960169072
162	35.7592743873702
163	35.1899573877129
164	34.6040560287974
165	34.0055085741468
166	33.3980025617676
167	32.785489142559
168	32.1720871267149
169	31.5616256562802
170	30.9566542800613
171	30.3591964946507
172	29.771297740731
173	29.1945161901139
174	28.6282134788194
175	28.0710576839465
176	27.5217218740391
177	26.9776733244026
178	26.438274045655
179	25.9043880713848
180	25.3750359700976
181	24.8488877758902
182	24.325337188438
183	23.8037603975449
184	23.283446829826
185	22.7639642329739
186	22.2439411315154
187	21.7205251987429
188	21.1922215962439
189	20.6585258214958
190	20.1185177412111
191	19.5687759660073
192	19.0085721988181
193	18.4462771771141
194	17.8896938434363
195	17.3352526068886
196	16.7823744447312
197	16.2337656313153
198	15.6873828148077
199	15.1368155943605
200	14.5742756109373
201	13.9974361320833
202	13.4108827666205
203	12.8205399474265
204	12.2270942655759
205	11.6242504403595
206	11.0089760432513
207	10.3831307573876
208	9.7503646769949
209	9.11567746335048
210	8.48320696437369
211	7.85466373234903
212	7.22758981620345
213	6.59788786500296
214	5.96554776652879
215	5.33521992636014
216	4.71168631774534
217	4.09476884779944
218	3.48177329535326
219	2.86882083436471
220	2.24905451496543
221	1.62062134906984
222	0.9867809211398
223	0.35041801048008
224	-0.282555058028212
225	-0.907397762031511
226	-1.52528385084522
227	-2.14375128173409
228	-2.76888252623525
229	-3.39978652827773
230	-4.03400158042294
231	-4.66965521068627
232	-5.30542478486
233	-5.94046225118678
234	-6.57429806863613
235	-7.20674325726675
236	-7.83780224046206
237	-8.46760270125852
238	-9.09634343078294
239	-9.72425793649936
240	-10.3515911141136
241	-10.9785859839499
242	-11.6054774127499
243	-12.2315894054032
244	-12.8558907212781
245	-13.4770577813511
246	-14.090986624947
247	-14.695842033277
248	-15.2967037279798
249	-15.8946416398811
250	-16.4875460643176
251	-17.0761764093268
252	-17.6604129610348
253	-18.240375364898
254	-18.8172346829618
255	-19.3923236960737
256	-19.9660569518027
257	-20.5377506687955
258	-21.1084287122776
259	-21.6784739971152
260	-22.2475539645344
261	-22.816319212316
262	-23.3846386849849
263	-23.9528836305067
264	-24.5211023184342
265	-25.0903946443869
266	-25.6587088968853
267	-26.2249641861392
268	-26.7911465909459
269	-27.3554335649187
270	-27.9181835620161
271	-28.4813854075383
272	-29.0432318338463
273	-29.602395604601
274	-30.1598300781699
275	-30.7167940565724
276	-31.2730438156923
277	-31.8262348839977
278	-32.3751339025197
279	-32.9228662581891
280	-33.4711963318435
281	-34.0204383128169
282	-34.5708404549283
283	-35.1205339902194
284	-35.668552817708
285	-36.214963644903
286	-36.7579154970099
287	-37.2966315022158
288	-37.828993989387
289	-38.3521664254409
290	-38.865194471814
291	-39.3669519186718
292	-39.860202463575
293	-40.3472146484766
294	-40.8284847709303
295	-41.2998118081201
296	-41.7580377442283
297	-42.2085765026998
298	-42.6525599530473
299	-43.0861399536058
300	-43.5030662526392
301	-43.9029992517743
302	-44.2900699499154
303	-44.6659065181713
304	-45.0301282610258
305	-45.380804685831
306	-45.7194610253763
307	-46.0450931245602
308	-46.3569473228608
309	-46.6571414594638
310	-46.9461017302711
311	-47.2252582372029
312	-47.4939533951411
313	-47.7522544892162
314	-48.000635618087
315	-48.2399866922492
316	-48.4709196499525
317	-48.692267025002
318	-48.9042048342714
319	-49.1071836360697
320	-49.3010078602123
321	-49.4864667268393
322	-49.6643257257248
323	-49.8340439750015
324	-49.9944968756885
325	-50.1451823266987
326	-50.287451537798
327	-50.4223928635185
328	-50.5497445203904
329	-50.6683558738416
330	-50.7776878548608
331	-50.8778965062885
332	-50.9710051949841
333	-51.0581091542838
334	-51.1350698387289
335	-51.1943639501879
336	-51.2303233059757
337	-51.2388646459643
338	-51.2170725489863
339	-51.1643595555257
340	-51.0809301615777
341	-50.9673610859033
342	-50.8245290656678
343	-50.6525874698058
344	-50.4496626222839
345	-50.2138192533842
346	-49.9453250861397
347	-49.645729737664
348	-49.3146176493336
349	-48.9491284457871
350	-48.5470543352042
351	-48.1077016421125
352	-47.6325834577377
353	-47.1251757680229
354	-46.5881790993645
355	-46.0234145225001
356	-45.4333466825527
357	-44.8220573605427
358	-44.1949448141069
359	-43.5586812327839
360	-42.9193982655454
361	-42.2811831669661
362	-41.6480647977021
363	-41.0239101398092
364	-40.4127678638079
365	-39.8174284083974
366	-39.2388842618495
367	-38.6782379210788
368	-38.1358797266436
369	-37.6112272062455
370	-37.101611265762
371	-36.6030711955764
372	-36.1123075686716
373	-35.6264096099733
374	-35.1429120476874
375	-34.6598396921507
376	-34.1750706349375
377	-33.6864356417731
378	-33.192007948153
379	-32.6912127496241
380	-32.1831461197582
381	-31.6666071734463
382	-31.1410000543816
383	-30.6057036483127
384	-30.0590468064824
385	-29.5004002971412
386	-28.9298113663049
387	-28.345319548225
388	-27.7459326482373
389	-27.132171212605
390	-26.5040136510185
391	-25.860807710276
392	-25.202981524083
393	-24.532735983128
394	-23.8522489611871
395	-23.1600664636937
396	-22.4531362474911
397	-21.7310542726097
398	-20.995193387615
399	-20.2476529938915
400	-19.4875441935611
401	-18.7129673795451
402	-17.9247078746026
403	-17.1216672302265
404	-16.3007045928024
405	-15.4642264781827
406	-14.6140720364728
407	-13.7480975865504
408	-12.8646070702659
409	-11.9622916749653
410	-11.0433557630266
411	-10.1039011606825
412	-9.1406105166829
413	-8.15055889844113
414	-7.13330336481852
415	-6.06768938475474
416	-4.93763013410778
417	-3.75784832048208
418	-2.50588450354757
419	-1.13417933528667
420	0.282151770179553
421	1.68278529923601
422	3.08940463046754
423	4.50279790591916
424	5.91346912248766
425	7.2968035535906
426	8.67846991094664
427	10.0871863925277
428	11.4998932836912
429	12.8782078429972
430	14.2339339558339
431	15.6709798571951
432	17.20759052834
433	18.7812062818206
434	20.3525028631098
435	21.8905427206595
436	23.3703137603695
437	24.7748901848591
438	26.0972290917485
439	27.3384582681964
440	28.5048673996303
441	29.6031059902406
442	30.6367729206205
443	31.6108876529479
444	32.5301881414449
445	33.3981565271169
446	34.217657931269
447	34.9930085079858
448	35.7284679673009
449	36.4281840774906
450	37.0965461486325
451	37.7360106010819
452	38.3487920203221
453	38.9364785510942
454	39.5011301370556
455	40.0454797018676
456	40.5705979728542
457	41.0782282374299
458	41.5714467950064
459	42.0519289120455
460	42.5205142847941
461	42.9790402733777
462	43.4283690554554
463	43.8683595604653
464	44.2984577328683
465	44.7200543908043
466	45.1347126522302
467	45.5416375634614
468	45.9408809670854
469	46.3338713468041
470	46.7216923047746
471	47.1031337479434
472	47.4759289002764
473	47.840452236367
474	48.1988918289241
475	48.5522615649782
476	48.9006045579906
477	49.2434255407648
478	49.5796794008536
479	49.9094837315053
480	50.2336223817699
481	50.5530278462932
482	50.8685991883827
483	51.1806565578403
484	51.4889694881367
485	51.7933806466534
486	52.0931386253849
487	52.3869847239212
488	52.6744936479615
489	52.9550588791112
490	53.2278274120738
491	53.4929326412233
492	53.7505657811373
493	54.0004698859722
494	54.2425495735839
495	54.4766167896996
496	54.7019930753859
497	54.9184743287351
498	55.125918628794
499	55.3237983610684
500	55.5106879399246
501	55.6853750074237
502	55.8498083262674
503	56.0056150823556
504	56.1539939775815
505	56.2957273889589
506	56.4295797980421
507	56.5524625663335
508	56.6632603841139
509	56.7649160428345
510	56.8580879277862
511	56.9425112774936
512	57.0199561438052
513	57.0899079676999
514	57.1497496069962
515	57.2002581377256
516	57.2420416920616
517	57.2744306889209
518	57.2986650036371
519	57.3147781551578
520	57.3226389809439
521	57.320958115449
522	57.3089914393637
523	57.2873782952233
524	57.2560956230925
525	57.2143384375846
526	57.1610099235982
527	57.0952658415534
528	57.01798746771
529	56.9282688462162
530	56.8239020127502
531	56.7056034382572
532	56.572393842406
533	56.4231867055024
534	56.2589880633443
535	56.0793156054586
536	55.8831169261727
537	55.6705999252246
538	55.4395619559922
539	55.1870303662383
540	54.9143753240494
541	54.6228448545225
542	54.3128422581198
543	53.9863653420239
544	53.6462585819241
545	53.295782337997
546	52.9384198471243
547	52.5775448688292
548	52.2160679593759
549	51.8571632924214
550	51.5035899992191
551	51.1574876869417
552	50.8203541033959
553	50.493599299136
554	50.1775836352024
555	49.8717387891582
556	49.5752605622518
557	49.2863373821691
558	49.0033485952915
559	48.7263915984158
560	48.455287283529
561	48.1884656793522
562	47.9231959371992
563	47.6571039935764
564	47.3892493448347
565	47.1190200875407
566	46.8450209779821
567	46.5633463523893
568	46.2700127512961
569	45.9638891100248
570	45.6444710494951
571	45.3114414360455
572	44.9680639221994
573	44.6179566676029
574	44.2639340049184
575	43.9087283259772
576	43.5531057748662
577	43.1982616311583
578	42.8420329133455
579	42.4783385648691
580	42.1050364309933
581	41.7237228135255
582	41.3369029464912
583	40.9479023644944
584	40.5576849439453
585	40.1634098688179
586	39.763438611818
587	39.3579200652997
588	38.9465705222469
589	38.5312813032473
590	38.1137694577179
591	37.693304706484
592	37.2692311607858
593	36.8408324760023
594	36.4087247221153
595	35.974213860892
596	35.5371120003876
597	35.096964889827
598	34.6553311899034
599	34.2133539284543
600	33.7719630695382
601	33.3326855627566
602	32.8967787973084
603	32.4646385284604
604	32.0355410500906
605	31.6080569022417
606	31.1820529288358
607	30.7579128827299
608	30.3348915155495
609	29.9122322325523
610	29.4885000255268
611	29.0627831351298
612	28.6341092450805
613	28.2009814380032
614	27.7631249126047
615	27.3213657526513
616	26.876780048781
617	26.4292967319621
618	25.9777044653053
619	25.5205240265225
620	25.0579586392984
621	24.588069486063
622	24.1105909942264
623	23.6289481024555
624	23.1451286404346
625	22.6624891251247
626	22.1855629362954
627	21.7173639385143
628	21.2592814951124
629	20.8109712076245
630	20.3714324289167
631	19.9388603577746
632	19.5111629180247
633	19.0866616634065
634	18.6639702429314
635	18.242079071045
636	17.8200864154448
637	17.3968478705709
638	16.9715780369721
639	16.5446788114868
640	16.1162192725364
641	15.6850199258702
642	15.2493233420799
643	14.8091142228246
644	14.365876853333
645	13.9202964636927
646	13.4709514243209
647	13.015560621335
648	12.5535615891
649	12.0857193945732
650	11.6120338355423
651	11.1327168457751
652	10.6493907083199
653	10.1630765135386
654	9.67402312130185
655	9.18316303115709
656	8.6915000203794
657	8.19708263145287
658	7.70001963536778
659	7.20262396273619
660	6.70275693677478
661	6.19612231008074
662	5.68146517845166
663	5.16203069357282
664	4.64170487984327
665	4.122307526811
666	3.60483510507541
667	3.09103132283353
668	2.58376925887638
669	2.08534212678602
670	1.59196228102628
671	1.09358272421188
672	0.582960523366294
673	0.062674196780822
674	-0.460237302675754
675	-0.98228876161089
676	-1.50257885413176
677	-2.0185557772419
678	-2.52520798926873
679	-3.02518124808453
680	-3.53152142812976
681	-4.05153246625506
682	-4.58078835119577
683	-5.11410679474322
684	-5.64870940780595
685	-6.18330794927892
686	-6.71593703983601
687	-7.24423054519242
688	-7.76832129169936
689	-8.29290711512451
690	-8.82664019226256
691	-9.37410004369888
692	-9.93162296916176
693	-10.4948349596365
694	-11.060302080611
695	-11.6240589305053
696	-12.1820410896791
697	-12.7286353734176
698	-13.2607884960831
699	-13.782474941454
700	-14.3086914306644
701	-14.8377231446346
702	-15.3559996950567
703	-15.8840120818741
704	-16.4210548327807
705	-16.9402355760162
706	-17.4362525786848
707	-17.9005980734891
708	-18.3200475200146
709	-18.6942755927863
710	-19.0290644599699
711	-19.3306488595076
712	-19.6088600443878
713	-19.8745685995642
714	-20.134126982355
715	-20.3947588800586
716	-20.665438362577
717	-20.9517007970393
718	-21.2568003956774
719	-21.5864526686965
720	-21.9425716217238
721	-22.32253059639
722	-22.727571151367
723	-23.1593920679888
724	-23.6115752006755
725	-24.0762649371002
726	-24.5515208973251
727	-25.0344122657185
728	-25.5207287032234
729	-26.0065517611872
730	-26.4883339369896
731	-26.964598093779
732	-27.4350933810593
733	-27.9014902538031
734	-28.3664570836094
735	-28.8299754988189
736	-29.2891024498655
737	-29.7373680199382
738	-30.1683205878954
739	-30.5726064212169
740	-30.9433771739066
741	-31.2800908099877
742	-31.5918921403923
743	-31.8781097325185
744	-32.128241546918
745	-32.3521584985978
746	-32.5589741055739
747	-32.7550160863798
748	-32.9482919539772
749	-33.1427634784562
750	-33.3432227584528
751	-33.551579633809
752	-33.7639317492494
753	-33.9764413207947
754	-34.1929365641358
755	-34.4173362627933
756	-34.6442234533486
757	-34.8694925694917
758	-35.0945820131078
759	-35.3202804304696
760	-35.5416476460672
761	-35.7533818367014
762	-35.9549351421736
763	-36.1464536811636
764	-36.3271736945637
765	-36.498898234866
766	-36.6647311159679
767	-36.8257458267671
768	-36.9837182342006
769	-37.1391365884687
770	-37.2870344731952
771	-37.4239044300323
772	-37.5513779654646
773	-37.668539566407
774	-37.7725438384247
775	-37.8662392764844
776	-37.9535069194789
777	-38.0313198136642
778	-38.0954938289877
779	-38.1421878968423
780	-38.1691632158028
781	-38.1830807186833
782	-38.190901033047
783	-38.1919649757459
784	-38.1819233078413
785	-38.1561619534682
786	-38.1145819979983
787	-38.0636239146928
788	-38.0091473797433
789	-37.9525918557995
790	-37.8907332007279
791	-37.816009106249
792	-37.7243508319795
793	-37.6223260889225
794	-37.518285302267
795	-37.4149112099147
796	-37.3096990905086
797	-37.1934246962124
798	-37.0615885661201
799	-36.9194308640889
800	-36.77211021173
801	-36.6211378254831
802	-36.4633284200779
803	-36.2901199999306
804	-36.096908939336
805	-35.8890292764546
806	-35.673715916895
807	-35.4561488354702
808	-35.2392659696971
809	-35.0238140601617
810	-34.810599290189
811	-34.600563587822
812	-34.3953518771323
813	-34.1934723476565
814	-33.9874289895608
815	-33.7715281843347
816	-33.5475935657527
817	-33.3153667338261
818	-33.0715611631897
819	-32.8136546255258
820	-32.5369559988598
821	-32.2386402856936
822	-31.9277507769064
823	-31.6112752651777
824	-31.2830886147132
825	-30.9407714884603
826	-30.5826888971272
827	-30.1982982002001
828	-29.7827529338885
829	-29.3514119075414
830	-28.9183240241028
831	-28.4783749409707
832	-28.0271182367643
833	-27.5742110455805
834	-27.1272218389502
835	-26.6822456277712
836	-26.2361387345009
837	-25.7867963857842
838	-25.3321439811754
839	-24.8735385706537
840	-24.412796998916
841	-23.9491738389633
842	-23.4821277424714
843	-23.0132241378103
844	-22.5432051927759
845	-22.072036198482
846	-21.6012789620571
847	-21.1340993473198
848	-20.6763774135999
849	-20.23905807076
850	-19.8318835079162
851	-19.4590542513109
852	-19.124442356412
853	-18.8224911161466
854	-18.5430112837681
855	-18.2794275926886
856	-18.0274327040357
857	-17.7838774073519
858	-17.5414707517047
859	-17.2869722268048
860	-17.0137506139977
861	-16.7368652650576
862	-16.4695125937366
863	-16.2081977407385
864	-15.9478718960065
865	-15.6840880833054
866	-15.4146423825762
867	-15.1382242804889
868	-14.8534513124238
869	-14.5609335457454
870	-14.263055006621
871	-13.9588907841184
872	-13.6457752421006
873	-13.3285497186499
874	-13.0114531234676
875	-12.6948291698317
876	-12.3784691154839
877	-12.0592209397796
878	-11.7359829087386
879	-11.4032158309372
880	-11.0579667336963
881	-10.7094558491854
882	-10.3643267250044
883	-10.0270761521474
884	-9.70009981291767
885	-9.37674417765661
886	-9.04355960473307
887	-8.70299275436784
888	-8.36365410407319
889	-8.03169235658739
890	-7.71021276828396
891	-7.3948157408676
892	-7.0821830018897
893	-6.76774211594614
894	-6.44946722655526
895	-6.12910776911745
896	-5.80554194576519
897	-5.47562720270316
898	-5.13910330491924
899	-4.79934458305244
900	-4.45926033266583
901	-4.11301408252592
902	-3.75768179546641
903	-3.39675445275518
904	-3.02939677081495
905	-2.65480968124887
906	-2.27265286434754
907	-1.88519568795833
908	-1.49661849609041
909	-1.1090667463585
910	-0.725009953939346
911	-0.346301558204734
912	0.0263764932681042
913	0.39221381806482
914	0.749758384936441
915	1.09913468959606
916	1.44120944279686
917	1.77635866043469
918	2.10452888612548
919	2.42542491239573
920	2.73991213421467
921	3.04823441042921
922	3.3504582437784
923	3.64766814049621
924	3.93942407338689
925	4.22262850557843
926	4.49036357780577
927	4.73599173840479
928	4.95311582391927
929	5.13766898521149
930	5.29252176161145
931	5.41600833592661
932	5.50261262236785
933	5.5518319460294
934	5.56421065960049
935	5.54054316922351
936	5.4821282432622
937	5.39221833035175
938	5.27362889506916
939	5.12829092761446
940	4.96238548072947
941	4.78094898610253
942	4.58440568809082
943	4.37524109520021
944	4.15342953916705
945	3.9169528742343
946	3.66608538362238
947	3.40232179385744
948	3.12672993768787
949	2.83814042558682
950	2.53726456925227
951	2.22456916509429
952	1.89966793554223
953	1.56372041147101
954	1.21839042586659
955	0.865995690595789
956	0.508107351220508
957	0.144608026127179
958	-0.22587606902238
959	-0.603933460055399
960	-0.988019314481447
961	-1.37284298949831
962	-1.75141973933653
963	-2.11791149516106
964	-2.46900210503765
965	-2.80286287091735
966	-3.11894381517809
967	-3.41700307715739
968	-3.69695503313099
969	-3.96110599383905
970	-4.21285565630609
971	-4.45408226405167
972	-4.6844384273058
973	-4.89800486008623
974	-5.09163987476735
975	-5.26821965567054
976	-5.4320900587142
977	-5.58554607476632
978	-5.72848118147684
979	-5.86076986961884
980	-5.98281523950386
981	-6.09285552934642
982	-6.185638468591
983	-6.25769562884924
984	-6.3057468358702
985	-6.33450334596266
986	-6.36020700444095
987	-6.39446756629364
988	-6.43468096853823
989	-6.46936452859308
990	-6.4887233940342
991	-6.49629985856489
992	-6.51040431237407
993	-6.54334226232017
994	-6.58519008168565
995	-6.61997168491587
996	-6.65244423949548
997	-6.70613921393663
998	-6.79369925275777
999	-6.90782594544114
1000	-7.0359102463081
1001	-7.16774451996006
1002	-7.29533466242856
1003	-7.41189915387061
1004	-7.51363021087174
1005	-7.60064049506206
1006	-7.67314634658528
1007	-7.7317496749916
1008	-7.77641722547724
1009	-7.80893358983539
1010	-7.83955799272854
1011	-7.88181387611656
1012	-7.94964856227541
1013	-8.05418446150869
1014	-8.20036953006584
1015	-8.39005670892537
1016	-8.62304923952075
1017	-8.89794703245794
1018	-9.21126515205764
1019	-9.55907837421829
1020	-9.93674035226665
1021	-10.3374383323593
1022	-10.7576632069472
1023	-11.1956225716493
1024	-11.6474954661194
1025	-12.1082113321024
1026	-12.5735471885714
1027	-13.0403834935957
1028	-13.5067608239547
1029	-13.9707251578
1030	-14.4285228595928
1031	-14.8762206911036
1032	-15.3095965235822
1033	-15.724740594219
1034	-16.1136334112936
1035	-16.4783464516049
1036	-16.8234541009624
1037	-17.1524061705098
1038	-17.471553170614
1039	-17.7834846590446
1040	-18.0929887932712
1041	-18.4044730349231
1042	-18.7182787318192
1043	-19.0297962890073
1044	-19.3344441703402
1045	-19.6300781228699
1046	-19.9173075744015
1047	-20.1927217025301
1048	-20.4550272958062
1049	-20.714255733425
1050	-20.9735807038492
1051	-21.2355576092341
1052	-21.5046174470994
1053	-21.7791357878834
1054	-22.0589540610614
1055	-22.3455213596606
1056	-22.6384847760789
1057	-22.9375476878377
1058	-23.2416760403134
1059	-23.5498150845409
1060	-23.8609797195228
1061	-24.1731740884007
1062	-24.4843904002326
1063	-24.7949124682692
1064	-25.1047445070832
1065	-25.4139846268695
1066	-25.7226242821288
1067	-26.0295114015426
1068	-26.3352823128969
1069	-26.6376437134065
1070	-26.931216015175
1071	-27.2106299683873
1072	-27.4770571590032
1073	-27.7268492381036
1074	-27.9576619555421
1075	-28.17487338479
1076	-28.3831193978061
1077	-28.5859487668921
1078	-28.7832327794939
1079	-28.9758076912276
1080	-29.1655877368675
1081	-29.3545600969584
1082	-29.5433955604561
1083	-29.7323359139278
1084	-29.9212765143745
1085	-30.109823429122
1086	-30.30034630343
1087	-30.4908466580568
1088	-30.6771333036431
1089	-30.8591286171582
1090	-31.0396674827217
1091	-31.2180101669707
1092	-31.3918470109291
1093	-31.5623302308985
1094	-31.7267663479012
1095	-31.8838008270892
1096	-32.0334557101601
1097	-32.173554366576
1098	-32.3036170126701
1099	-32.4247396134363
1100	-32.5390063443112
1101	-32.6469935290616
1102	-32.7486209008282
1103	-32.844851195763
1104	-32.9367466845082
1105	-33.0252708843769
1106	-33.1119477829083
1107	-33.1984235624677
1108	-33.2880628019743
1109	-33.3868931852125
1110	-33.4975896879374
1111	-33.6188497329957
1112	-33.7445356874069
1113	-33.8683567291731
1114	-33.9823843696963
1115	-34.0735416380524
1116	-34.1335554975136
1117	-34.1580549286033
1118	-34.146538043608
1119	-34.1004863845654
1120	-34.0212097318273
1121	-33.9122597620107
1122	-33.7744518583573
1123	-33.6118339329419
1124	-33.432317878245
1125	-33.2436867389266
1126	-33.0554877826019
1127	-32.8802510520681
1128	-32.7250373747383
1129	-32.581445166974
1130	-32.4410334169539
1131	-32.3020367020756
1132	-32.1602663063734
1133	-32.0125423568672
1134	-31.8530624251576
1135	-31.6738724491358
1136	-31.4675582648024
1137	-31.2289305185221
1138	-30.9584023075427
1139	-30.659220341607
1140	-30.3331766037549
1141	-29.9842705374969
1142	-29.6233165290103
1143	-29.2573065506961
1144	-28.8882080510944
1145	-28.5205857111703
1146	-28.1546726260294
1147	-27.7874786950979
1148	-27.4169754666391
1149	-27.0394161619564
1150	-26.6553803054781
1151	-26.267050202514
1152	-25.8736183777378
1153	-25.4767817822284
1154	-25.0788428164782
1155	-24.6814044797161
1156	-24.2863943386596
1157	-23.8946197867128
1158	-23.5070927033793
1159	-23.1257693024003
1160	-22.7516600966705
1161	-22.3855527077595
1162	-22.0277995474871
1163	-21.677998566816
1164	-21.3395625220757
1165	-21.0175062427469
1166	-20.7139134841822
1167	-20.4309073512806
1168	-20.1765228392602
1169	-19.9574351822152
1170	-19.7725354272772
1171	-19.6035051974244
1172	-19.4314327999191
1173	-19.2592881897723
1174	-19.104819534913
1175	-18.9706884959016
1176	-18.8453961399328
1177	-18.7195709180586
1178	-18.5862964766567
1179	-18.4524717411189
1180	-18.3344323452179
1181	-18.2370270903577
1182	-18.1498167949364
1183	-18.0589815033338
1184	-17.9588797721047
1185	-17.8549642898192
1186	-17.7590511908627
1187	-17.675670616734
1188	-17.5966274355306
1189	-17.5134305213963
1190	-17.4222889019183
1191	-17.3225831641549
1192	-17.2217920567312
1193	-17.1251426135819
1194	-17.0334596457156
1195	-16.9426119442362
1196	-16.8522679102327
1197	-16.7640888754579
1198	-16.6684781963094
1199	-16.5577167065562
1200	-16.4315418490042
1201	-16.2904948288517
1202	-16.1326517400518
1203	-15.9577750638004
1204	-15.7686697810823
1205	-15.5665977633444
1206	-15.3559555962636
1207	-15.142575339684
1208	-14.9228352726681
1209	-14.6864554837312
1210	-14.4286717670435
1211	-14.1603394840519
1212	-13.8815688993296
1213	-13.5855825167407
1214	-13.287257576528
1215	-12.9963496870507
1216	-12.7054322889201
1217	-12.3983097666653
1218	-12.0695507370142
1219	-11.7354062594502
1220	-11.3984458595728
1221	-11.0479223057647
1222	-10.6825179800951
1223	-10.3039052727208
1224	-9.90557973040767
1225	-9.48185890202865
1226	-9.03885015869596
1227	-8.58304536842647
1228	-8.11954967801669
1229	-7.6584137633411
1230	-7.21078379884336
1231	-6.77926321373299
1232	-6.361643379964
1233	-5.95079272792484
1234	-5.54278331097264
1235	-5.13327002333808
1236	-4.71676232407582
1237	-4.29086854070817
1238	-3.85193361925543
1239	-3.39808399553924
1240	-2.92813529652484
1241	-2.44436201191433
1242	-1.95339083951302
1243	-1.46372334102548
1244	-0.982779009717958
1245	-0.519679326590135
1246	-0.0825903709601084
1247	0.314896846930541
1248	0.664276053262826
1249	0.966683529404732
1250	1.24710904530794
1251	1.53682383613934
1252	1.83639151558325
1253	2.12825221748308
1254	2.39653893061455
1255	2.63289882985349
1256	2.85387154525114
1257	3.06683223590336
1258	3.26184041575064
1259	3.44788056567417
1260	3.63084994411868
1261	3.81283763438403
1262	3.99785648951865
1263	4.18671949596397
1264	4.37752275416189
1265	4.57135458617565
1266	4.76678363508287
1267	4.96000571975119
1268	5.14809761052011
1269	5.32760080377684
1270	5.50751826177492
1271	5.69332029484328
1272	5.88362535652073
1273	6.07177536549377
1274	6.25102945047529
1275	6.4248433612459
1276	6.59593326200253
1277	6.76538296489828
1278	6.93503590650047
1279	7.10674181403344
1280	7.28083805365871
1281	7.45776621534088
1282	7.63718551759451
1283	7.81927297553125
1284	8.0054210652262
1285	8.19586746354913
1286	8.38883115318375
1287	8.58283178623595
1288	8.7775257419805
1289	8.97335740582918
1290	9.16977453776277
1291	9.36673913898832
1292	9.56533826674807
1293	9.76447146490499
1294	9.96305321082563
1295	10.1604514379687
1296	10.35630512549
1297	10.5512080775964
1298	10.7450437855052
1299	10.937547444366
1300	11.1275675629725
1301	11.3148312503884
1302	11.5006523189831
1303	11.6856795307448
1304	11.8703812078158
1305	12.0543517838953
1306	12.2387868314967
1307	12.4274890394859
1308	12.6247789848214
1309	12.834663877904
1310	13.0557561468141
1311	13.2861650817871
1312	13.5273855167717
1313	13.7796676135442
1314	14.0433563104612
1315	14.3209960958254
1316	14.6144674540091
1317	14.9240548115858
1318	15.2480914017896
1319	15.5840672482542
1320	15.9245950924263
1321	16.2664647271389
1322	16.606853177366
1323	16.9443125801271
1324	17.2806786410492
1325	17.6136486467389
1326	17.9381017974714
1327	18.2502991375019
1328	18.5523726109218
1329	18.8458726091893
1330	19.1287151580107
1331	19.3970652717296
1332	19.6503769337408
1333	19.8912986602176
1334	20.1225000086142
1335	20.3449540364566
1336	20.5523086131475
1337	20.7410830684598
1338	20.9164120934932
1339	21.0830889587344
1340	21.2416690143406
1341	21.3915429009137
1342	21.5278512781743
1343	21.6455314845412
1344	21.7522673740731
1345	21.8545362378442
1346	21.955813413199
1347	22.0613015018085
1348	22.1737474084401
1349	22.2916694387186
1350	22.4102698417147
1351	22.5258974719297
1352	22.6371369793882
1353	22.7445076002453
1354	22.8485247054484
1355	22.9488373834864
1356	23.0451826538767
1357	23.1381155004354
1358	23.2266375202568
1359	23.3073761618277
1360	23.3788700351949
1361	23.4428323822449
1362	23.4996296573043
1363	23.5483354470966
1364	23.5877170865804
1365	23.6158099393772
1366	23.6315456403679
1367	23.6340526072017
1368	23.6229859307969
1369	23.6005411081732
1370	23.5678958939946
1371	23.5246726697938
1372	23.4694720491268
1373	23.402146182535
1374	23.324818010035
1375	23.2375799556361
1376	23.1422373250393
1377	23.0443448165347
1378	22.9481272674304
1379	22.8569852889315
1380	22.7747757391791
1381	22.7048046789967
1382	22.648599065983
1383	22.6057733666925
1384	22.5765998663487
1385	22.5605840320936
1386	22.555898352793
1387	22.5585682946278
1388	22.5617417450584
1389	22.5567279416912
1390	22.5308266983044
1391	22.4712710499041
1392	22.3699001950951
1393	22.2234068565551
1394	22.0310814942533
1395	21.7930872363651
1396	21.5120060237088
1397	21.1911947573905
1398	20.8336090384168
1399	20.4422548574704
1400	20.0215911908004
1401	19.576343937911
1402	19.1114613378667
1403	18.631414148819
1404	18.1411749326337
1405	17.6464125193697
1406	17.1515202522356
1407	16.6603767423571
1408	16.1766707106335
1409	15.7021617070102
1410	15.2378322638351
1411	14.7863500312655
1412	14.3490500867021
1413	13.9249896667892
1414	13.5142124876983
1415	13.1161921131359
1416	12.7289803705968
1417	12.3525152703678
1418	11.986921951884
1419	11.6309627700527
1420	11.2834593634232
1421	10.9435866718373
1422	10.6102412561789
1423	10.2829299280395
1424	9.96096074919837
1425	9.64206809304125
1426	9.32514605056174
1427	9.00992720921174
1428	8.69576305340078
1429	8.38217206807011
1430	8.06943380978028
1431	7.75738291904173
1432	7.44569384574008
1433	7.13468127762192
1434	6.82454211662978
1435	6.51498482628994
1436	6.20590469983614
1437	5.89634858434283
1438	5.58501481085944
1439	5.27265459943175
1440	4.96048995248911
1441	4.64978311358755
1442	4.34746144049113
1443	4.05268430732901
1444	3.7588823449044
1445	3.46028099376011
1446	3.15022739380028
1447	2.82664429081633
1448	2.48733894286486
1449	2.13116070153162
1450	1.7593250458755
1451	1.37332633106616
1452	0.977569322572147
1453	0.580745950728793
1454	0.185792965586488
1455	-0.209893897015284
1456	-0.607994576382849
1457	-1.00867813103551
1458	-1.40861192020304
1459	-1.80400559770585
1460	-2.1946395948525
1461	-2.5823395183147
1462	-2.96685082341659
1463	-3.34612611598783
1464	-3.7205317553732
1465	-4.09222690288683
1466	-4.46082963844016
1467	-4.82268457573039
1468	-5.17686300223389
1469	-5.5250069548097
1470	-5.87189331470663
1471	-6.22175379268625
1472	-6.57264628830876
1473	-6.92289681894581
1474	-7.2715899151511
1475	-7.61523980351539
1476	-7.95338313010977
1477	-8.29003347763698
1478	-8.62927122159413
1479	-8.97260547026007
1480	-9.31735956246348
1481	-9.65725309733096
1482	-9.99024758838018
1483	-10.3174874786135
1484	-10.635319222066
1485	-10.943379246141
1486	-11.2423580657937
1487	-11.5367082507618
1488	-11.8305493596909
1489	-12.1238134286879
1490	-12.4177137388521
1491	-12.7153451743123
1492	-13.0184984698595
1493	-13.3240923315508
1494	-13.6288538406578
1495	-13.9311355132659
1496	-14.2324364400667
1497	-14.5319989372764
1498	-14.8270626535553
1499	-15.116213638491
1500	-15.4050865440699
1501	-15.6976746720004
1502	-15.9935154098257
1503	-16.2908297938991
1504	-16.5862871010854
1505	-16.879369366959
1506	-17.1679260687109
1507	-17.4506300936174
1508	-17.7274208043097
1509	-17.9983913663057
1510	-18.2652664887941
1511	-18.5290413028996
1512	-18.7922066936792
1513	-19.0569959114401
1514	-19.323439717206
1515	-19.594010081444
1516	-19.8692032798318
1517	-20.1459853873949
1518	-20.4206781534121
1519	-20.692983351953
1520	-20.9644510341764
1521	-21.2390989242738
1522	-21.5205932100867
1523	-21.8104544135887
1524	-22.1109371715612
1525	-22.4230078570346
1526	-22.7468190630351
1527	-23.0825074962177
1528	-23.4299234370876
1529	-23.7885670181269
1530	-24.1559371062631
1531	-24.5265703618851
1532	-24.8934898497691
1533	-25.246801340894
1534	-25.5732206562522
1535	-25.857796946174
1536	-26.0967316992839
1537	-26.3036034241892
1538	-26.4956925156392
1539	-26.6848714313308
1540	-26.8783389574971
1541	-27.0792107574102
1542	-27.2901412352077
1543	-27.5118390729537
1544	-27.7437396770056
1545	-27.9848385611301
1546	-28.2309591204564
1547	-28.4789418431992
1548	-28.7267285282479
1549	-28.9727408663596
1550	-29.2155411663524
1551	-29.4532377142446
1552	-29.6839452586125
1553	-29.9062740182335
1554	-30.1203280130293
1555	-30.3264003864595
1556	-30.5249730606239
1557	-30.7163370584695
1558	-30.9002533527293
1559	-31.0755167153862
1560	-31.2410845018072
1561	-31.396400273034
1562	-31.5393397698758
1563	-31.6638999167415
1564	-31.7653810590484
1565	-31.844148595466
1566	-31.8967520988552
1567	-31.9204155883204
1568	-31.919744012083
1569	-31.9011562550327
1570	-31.8680547047976
1571	-31.8212974193108
1572	-31.7681034541946
1573	-31.719798251744
1574	-31.6756418021006
1575	-31.6241151975794
1576	-31.5607811988653
1577	-31.4816154473886
1578	-31.3762827306164
1579	-31.2393161777588
1580	-31.0671083341366
1581	-30.8554094672485
1582	-30.6014415989923
1583	-30.3034406462929
1584	-29.9603014839487
1585	-29.5715023143651
1586	-29.1376780074033
1587	-28.6597252358151
1588	-28.1399713581611
1589	-27.58294139506
1590	-26.9933751952492
1591	-26.3763658438742
1592	-25.7384639064573
1593	-25.0853081145998
1594	-24.4236772385309
1595	-23.7614283246844
1596	-23.1044431500909
1597	-22.4585987952948
1598	-21.8290449441718
1599	-21.2179069448821
1600	-20.6302554918219
1601	-20.0749877806387
1602	-19.5651737648041
1603	-19.1138243178739
1604	-18.7223176148648
1605	-18.3893283225495
1606	-18.1060571725013
1607	-17.8547253416003
1608	-17.6213101036975
1609	-17.3965100402756
1610	-17.1657281649207
1611	-16.9091947004652
1612	-16.6272038876343
1613	-16.343298382205
1614	-16.0732869354257
1615	-15.8104289896289
1616	-15.5355823582069
1617	-15.2416946990964
1618	-14.952980705046
1619	-14.693202834941
1620	-14.458730615789
1621	-14.2276698765274
1622	-13.9868274487685
1623	-13.7550134488417
1624	-13.5525554605231
1625	-13.3744248502802
1626	-13.2002218764743
1627	-13.0197642597829
1628	-12.8495409587916
1629	-12.6983014088979
1630	-12.5535313135674
1631	-12.402721364189
1632	-12.2372540909046
1633	-12.0487821861373
1634	-11.8285896799742
1635	-11.5767153761636
1636	-11.3052150224472
1637	-11.0315666325962
1638	-10.7691210686727
1639	-10.5200683803713
1640	-10.2699747484671
1641	-10.000891098825
1642	-9.71541189839885
1643	-9.43718526353321
1644	-9.18237470272232
1645	-8.95241317898356
1646	-8.73990856199105
1647	-8.53669333069773
1648	-8.3493631231449
1649	-8.18472983991025
1650	-8.03969967548647
1651	-7.91283012320957
1652	-7.80417409810413
1653	-7.71035046968562
1654	-7.62840445335891
1655	-7.55608953946395
1656	-7.48850608155776
1657	-7.42046439074177
1658	-7.34806158626749
1659	-7.26847342794383
1660	-7.18096675761904
1661	-7.08529146529153
1662	-6.98395759630364
1663	-6.87583346988198
1664	-6.75702179450511
1665	-6.62698402930968
1666	-6.48584252022901
1667	-6.33533989636683
1668	-6.1759241124914
1669	-6.00528570675106
1670	-5.8213684172646
1671	-5.63072136313035
1672	-5.44029017576091
1673	-5.25585615995802
1674	-5.08270527227079
1675	-4.92051975155872
1676	-4.77305363166564
1677	-4.6430275468133
1678	-4.52995528860332
1679	-4.43417014975996
1680	-4.35451066412541
1681	-4.2877258702126
1682	-4.2308551183661
1683	-4.18226412092842
1684	-4.14056247420691
1685	-4.1039551459455
1686	-4.06786024456306
1687	-4.03060054305182
1688	-3.98555622502878
1689	-3.91873460981956
1690	-3.82297406968438
1691	-3.69389596638076
1692	-3.52518476879353
1693	-3.31220561902727
1694	-3.05376424055285
1695	-2.75330149886907
1696	-2.41718502169832
1697	-2.04962454565125
1698	-1.65446398436477
1699	-1.23665225974562
1700	-0.800906331854987
1701	-0.351439300209613
1702	0.107340848617114
1703	0.571068393231689
1704	1.03615780430491
1705	1.50012140318792
1706	1.9596419576417
1707	2.41241281798349
1708	2.8579102965896
1709	3.29398746307927
1710	3.72012115573173
1711	4.1367926221816
1712	4.5436974850634
1713	4.94115370065108
1714	5.32878545484288
1715	5.70702765695166
1716	6.07800307617172
1717	6.44259314618573
1718	6.79991531202246
1719	7.14953035660313
1720	7.49218845874244
1721	7.82927829309914
1722	8.16140327342703
1723	8.48884448582556
1724	8.81212010040253
1725	9.13104218917022
1726	9.4456080803697
1727	9.75595264031837
1728	10.0630559817555
1729	10.3680918379924
1730	10.6711801276058
1731	10.9716042805962
1732	11.2685942409562
1733	11.5623583798635
1734	11.8535961488392
1735	12.140576651002
1736	12.4237439893899
1737	12.7003642880774
1738	12.9662403825387
1739	13.2103473488331
1740	13.4216348924355
1741	13.597222670675
1742	13.7386050155201
1743	13.8523333289466
1744	13.9486248518381
1745	14.0393243618546
1746	14.1305900864574
1747	14.2276189948397
1748	14.3343093194313
1749	14.4527528492933
1750	14.5844004248179
1751	14.7319993217353
1752	14.8968029284494
1753	15.0742017844676
1754	15.2549741651784
1755	15.4310610333887
1756	15.6026662181317
1757	15.7762786885983
1758	15.9560397573632
1759	16.1360705639163
1760	16.3067176319289
1761	16.4657460825154
1762	16.6156608318564
1763	16.7597691116336
1764	16.899739177801
1765	17.0307982041353
1766	17.1470901822246
1767	17.2507611609046
1768	17.3539323765863
1769	17.4641843690257
1770	17.5709764255401
1771	17.659868204486
1772	17.7275424145456
1773	17.7816013570836
1774	17.8315062448894
1775	17.8849905581482
1776	17.949252004159
1777	18.026716486817
1778	18.1155438880446
1779	18.2118892934739
1780	18.3133912948777
1781	18.4174793612257
1782	18.5214351856215
1783	18.6225390436851
1784	18.71684715695
1785	18.7989668384589
1786	18.8615685905655
1787	18.9016184123996
1788	18.9197774772651
1789	18.919084643641
1790	18.9023092570244
1791	18.8713108230958
1792	18.8273776364463
1793	18.7723087729393
1794	18.7088385149095
1795	18.638862341115
1796	18.5656220550813
1797	18.4919337767364
1798	18.4184777620478
1799	18.3440544015577
1800	18.2671721347882
1801	18.1882848896552
1802	18.1071650264944
1803	18.0241732968415
1804	17.9434778097808
1805	17.8665769484706
1806	17.7888108740144
1807	17.7044736365399
1808	17.6074695389473
1809	17.4892200912623
1810	17.3417238123909
1811	17.1549251984432
1812	16.919954984873
1813	16.6430042276287
1814	16.3386220040823
1815	16.0134030894494
1816	15.6651200748946
1817	15.2910998704897
1818	14.8906714959048
1819	14.4636115415116
1820	14.0110904821598
1821	13.5364300095823
1822	13.0436091248394
1823	12.5374485168214
1824	12.0232980753293
1825	11.506099832992
1826	10.9890187048454
1827	10.4771063620454
1828	9.97864316153071
1829	9.50121690612479
1830	9.05199648840357
1831	8.63432919021932
1832	8.24810562437948
1833	7.89246104325738
1834	7.5638197181316
1835	7.25732851552657
1836	6.97400762559808
1837	6.71276678289957
1838	6.47054034044192
1839	6.24440311341908
1840	6.02788612314688
1841	5.81448808892174
1842	5.59966821703393
1843	5.38201044386906
1844	5.16087677172064
1845	4.93500970457451
1846	4.7036258154805
1847	4.46682698458874
1848	4.22516014951331
1849	3.97996712251993
1850	3.7338282778791
1851	3.48918107912009
1852	3.24745939183813
1853	3.00869860624502
1854	2.76541952624732
1855	2.51502567533767
1856	2.2666190962701
1857	2.02477726599412
1858	1.78985042536092
1859	1.56692243537633
1860	1.35957029330194
1861	1.16333404087228
1862	0.974295180471195
1863	0.791999392555111
1864	0.616161115009819
1865	0.450298662900208
1866	0.301243008380469
1867	0.174975596689158
1868	0.0664664906511841
1869	-0.0352350374099988
1870	-0.138266609842472
1871	-0.248016598001272
1872	-0.365469135155017
1873	-0.489815219904639
1874	-0.613849875787375
1875	-0.729031649830495
1876	-0.830698017886523
1877	-0.91503944484386
1878	-0.980185154896581
1879	-1.0255399025008
1880	-1.05224329508667
1881	-1.06206900150686
1882	-1.05666277491111
1883	-1.03908625536857
1884	-1.01224686425104
1885	-0.977756306822706
1886	-0.937431708833497
1887	-0.893296208326246
1888	-0.846056845322003
1889	-0.79582224380376
1890	-0.742025560507974
1891	-0.684124021628887
1892	-0.623523092725421
1893	-0.568875737378477
1894	-0.533306000512549
1895	-0.529454318413745
1896	-0.566486348297924
1897	-0.649562707018063
1898	-0.780819168714102
1899	-0.96450483245921
1900	-1.20812712102529
1901	-1.50696154540654
1902	-1.83619907191319
1903	-2.1703068980191
1904	-2.50293550192066
1905	-2.83340163438059
1906	-3.15875585101424
1907	-3.47842663654885
1908	-3.79561459024863
1909	-4.11167383275737
1910	-4.42408961435224
1911	-4.73384408139474
1912	-5.03987387604972
1913	-5.34064365282663
1914	-5.63649745670678
1915	-5.92538264516459
1916	-6.20511128228476
1917	-6.47398662139379
1918	-6.73407486506598
1919	-6.98934359138253
1920	-7.24218885260814
1921	-7.49342799301476
1922	-7.74225344666671
1923	-7.98715439351063
1924	-8.22685660458728
1925	-8.46024413557822
1926	-8.68737552551011
1927	-8.90662565473344
1928	-9.11752843558606
1929	-9.32200259424987
1930	-9.5204380321604
1931	-9.70970481712605
1932	-9.88903513327838
1933	-10.0581358343712
1934	-10.2192401939735
1935	-10.3766084236979
1936	-10.5316658911693
1937	-10.6845231256099
1938	-10.8341530012632
1939	-10.9805279683082
1940	-11.1227654272844
1941	-11.2608424035047
1942	-11.3962201523062
1943	-11.5293190728915
1944	-11.6602723520595
1945	-11.7896508682752
1946	-11.9177277934073
1947	-12.0449904339442
1948	-12.1718800896915
1949	-12.2987844744629
1950	-12.4265951165177
1951	-12.5551720891071
1952	-12.6825190927116
1953	-12.8084285525007
1954	-12.9328462136317
1955	-13.0543947859028
1956	-13.1725776539268
1957	-13.2877871624073
1958	-13.4014428919144
1959	-13.5135063658318
1960	-13.6242329314496
1961	-13.7338070249576
1962	-13.8444283034489
1963	-13.9574426636652
1964	-14.0662706392625
1965	-14.1671618841514
1966	-14.2621577123205
1967	-14.3521724728579
1968	-14.4388182673057
1969	-14.5207805614939
1970	-14.5958772939598
1971	-14.6637530122648
1972	-14.7254343125106
1973	-14.7820681414431
1974	-14.8334637562137
1975	-14.8801412724754
1976	-14.9227990604609
1977	-14.9619694584287
1978	-14.9985047427707
1979	-15.0323872820268
1980	-15.0635509439017
1981	-15.0927627690727
1982	-15.1198706164226
1983	-15.1454339553576
1984	-15.1704904934606
1985	-15.194026951516
1986	-15.2147219983899
1987	-15.2323440809991
1988	-15.2466345020315
1989	-15.2573403657639
1990	-15.2648594027809
1991	-15.2681501637524
1992	-15.2658652748064
1993	-15.2590094149993
1994	-15.2481372311493
1995	-15.2328168494837
1996	-15.2132986070424
1997	-15.1895480330413
1998	-15.16162246676
1999	-15.1296285774084
2000	-15.0929013880259
2001	-15.0511954504169
2002	-15.0042251988066
2003	-14.9528287878921
2004	-14.8996067324473
2005	-14.8436040190276
2006	-14.7819302532767
2007	-14.7146223701828
2008	-14.6434003639259
2009	-14.5671555288267
2010	-14.483654632191
2011	-14.3936385513505
2012	-14.2988620614752
2013	-14.1982051008654
2014	-14.0891736847434
2015	-13.9709518727443
2016	-13.8434169311183
2017	-13.7094910896141
2018	-13.5737352164813
2019	-13.4383513164988
2020	-13.3049141639275
2021	-13.1695806671094
2022	-13.0260273272422
2023	-12.8709291763119
2024	-12.7003408353525
2025	-12.5119660670758
2026	-12.3032620067403
2027	-12.0730791066567
2028	-11.8226064897195
2029	-11.5529391679234
2030	-11.266208853029
2031	-10.965951397608
2032	-10.6564801203358
2033	-10.3397754597408
2034	-10.0172317002503
2035	-9.69073170202256
2036	-9.36275398672202
2037	-9.03794333609432
2038	-8.71913383781542
2039	-8.40695881612729
2040	-8.10236435665926
2041	-7.80601529827463
2042	-7.51745446782644
2043	-7.2324297021356
2044	-6.94582598659144
2045	-6.65083072082155
2046	-6.35117004102399
2047	-6.06059911025621
2048	-5.78647611718701
2049	-5.52310792637634
2050	-5.27288637636348
2051	-5.05096340506837
2052	-4.86136999293143
2053	-4.68201920746534
2054	-4.4968863179875
2055	-4.31621213857384
2056	-4.15757344568162
2057	-4.02782420037879
2058	-3.90649890531358
2059	-3.77753402554624
2060	-3.64303211402865
2061	-3.51797280131057
2062	-3.41441755177552
2063	-3.32286736580478
2064	-3.22590603315759
2065	-3.11673557009338
2066	-3.00100147199927
2067	-2.89181770982648
2068	-2.79411868083543
2069	-2.69209303604439
2070	-2.57701519535371
2071	-2.45558616348704
2072	-2.34226238747459
2073	-2.2437479935387
2074	-2.14829751526636
2075	-2.04317657654762
2076	-1.92591061476681
2077	-1.80311547093044
2078	-1.6834892817987
2079	-1.56994974015031
2080	-1.4509544463113
2081	-1.31895703097837
2082	-1.17300701640761
2083	-1.00683524170316
2084	-0.821740936294298
2085	-0.625639839370162
2086	-0.422818513080526
2087	-0.211840394961848
2088	0.0060400537194273
2089	0.227621803131924
2090	0.446913819369514
2091	0.660071776724199
2092	0.871121118631527
2093	1.08541555530738
2094	1.30602921741589
2095	1.5382767594667
2096	1.78886446157941
2097	2.05489817285071
2098	2.3264708978678
2099	2.60294045821775
2100	2.88665452537096
2101	3.17414513695417
2102	3.46678525137517
2103	3.76845270988808
2104	4.07639963064789
2105	4.38471805765547
2106	4.6915399116482
2107	4.99833478614669
2108	5.30365990821389
2109	5.60982383620216
2110	5.92233959824304
2111	6.24219159618694
2112	6.56552676676281
2113	6.88457789535575
2114	7.18929020821793
2115	7.47207734068156
2116	7.73836698650504
2117	7.99219282287188
2118	8.22019539325138
2119	8.41741673768398
2120	8.60007757234182
2121	8.7759768056317
2122	8.94517887038447
2123	9.10892642649132
2124	9.26682777966352
2125	9.42005698063624
2126	9.56883128059597
2127	9.71428196909751
2128	9.85809111177224
2129	10.0014218043188
2130	10.1441355331339
2131	10.2857513807329
2132	10.4258736352554
2133	10.5646163882928
2134	10.7019993545491
2135	10.8385671116598
2136	10.9742877254244
2137	11.1087236973516
2138	11.2417907881738
2139	11.3726554808426
2140	11.5014074587531
2141	11.6288653035103
2142	11.7547100315032
2143	11.8785616809547
2144	12.0007995974634
2145	12.1215187997459
2146	12.2396147664303
2147	12.3525813898585
2148	12.4553808044853
2149	12.5384814221296
2150	12.5992309759678
2151	12.6373949955847
2152	12.6490922508004
2153	12.6338707393154
2154	12.5916967902134
2155	12.5211744584031
2156	12.4221685540262
2157	12.2952115184852
2158	12.1437309985911
2159	11.9704869796308
2160	11.7771003640326
2161	11.5655753102288
2162	11.3375047018233
2163	11.0950757716395
2164	10.8396467420879
2165	10.5723616498914
2166	10.2940020632236
2167	10.0055158816627
2168	9.70764203408873
2169	9.40127401652259
2170	9.08829336117005
2171	8.7698429791666
2172	8.4470961033933
2173	8.1220347346785
2174	7.79667134824008
2175	7.4730217358991
2176	7.15251607632713
2177	6.83611121748858
2178	6.5252920223433
2179	6.22174624646129
2180	5.92638577630845
2181	5.63972896616317
2182	5.36248314529121
2183	5.09529482928191
2184	4.83807516015435
2185	4.58998080552823
2186	4.34987748264958
2187	4.11758188357102
2188	3.89446513427388
2189	3.68111614825179
2190	3.47637910525338
2191	3.27848936460207
2192	3.08581417756851
2193	2.89764386569026
2194	2.71429212747219
2195	2.53644853917004
2196	2.36414579846205
2197	2.19615497566924
2198	2.03154391193228
2199	1.87094358253363
2200	1.71471114500298
2201	1.56293718473106
2202	1.41648904762041
2203	1.27743994591129
2204	1.14999523168625
2205	1.03867677246872
2206	0.946822400129898
2207	0.880480673951279
2208	0.849415744347906
2209	0.861173086168197
2210	0.919302998369434
2211	1.02678080785875
2212	1.18533878225474
2213	1.39441473511596
2214	1.65110632878474
2215	1.95216695631611
2216	2.29644601500797
2217	2.6822503336105
2218	3.10830159184636
2219	3.57190747639493
2220	4.06878813488198
2221	4.59476299377352
2222	5.14478463675451
2223	5.71340316770374
2224	6.29404769836691
2225	6.88190623186025
2226	7.47208776015687
2227	8.05753567190269
2228	8.63225499745276
2229	9.19232398084048
2230	9.73350825413253
2231	10.2507952212408
2232	10.7415650153916
2233	11.2045360942565
2234	11.6361176419725
2235	12.0358094942257
2236	12.4058166527231
2237	12.7473189484301
2238	13.0602442825527
2239	13.3459789156708
2240	13.6042276624244
2241	13.8338933506386
2242	14.0318264396234
2243	14.1959784752481
2244	14.3275146625189
2245	14.4278208341577
2246	14.5000927354503
2247	14.5483437733942
2248	14.5725457773814
2249	14.5740056368022
2250	14.5566614378294
2251	14.5252623153727
2252	14.48289134037
2253	14.4322639683278
2254	14.377774672075
2255	14.3210442006348
2256	14.2637646978342
2257	14.2082520760835
2258	14.1565861151569
2259	14.1098116531149
2260	14.0679066386025
2261	14.0301439553331
2262	13.9966137546867
2263	13.9675438090032
2264	13.9422202192722
2265	13.9193669352063
2266	13.8973372906599
2267	13.8737590881005
2268	13.8450074079868
2269	13.8060113394286
2270	13.7475811239341
2271	13.6625660927693
2272	13.5433661591831
2273	13.3785807117837
2274	13.1598530462121
2275	12.8814081607575
2276	12.538508549682
2277	12.1290857889885
2278	11.6541084852124
2279	11.1187335648887
2280	10.5305197724289
2281	9.89812472744175
2282	9.23905447054657
2283	8.5659277348249
2284	7.8904736005143
2285	7.23113053822294
2286	6.59609908999801
2287	5.98430613047724
2288	5.38842425636065
2289	4.8092676852108
2290	4.25916210577913
2291	3.74449232006719
2292	3.27099840092995
2293	2.83833091976016
2294	2.43882142042033
2295	2.06799620606416
2296	1.72128429074744
2297	1.39466675438548
2298	1.08038354661411
2299	0.769883766130506
2300	0.458461016552656
2301	0.143070220677231
2302	-0.178559403065971
2303	-0.507421263586928
2304	-0.843207721673563
2305	-1.18426581832235
2306	-1.52905746731825
2307	-1.87647183062959
2308	-2.22546731366939
2309	-2.57516024106039
2310	-2.92250376396939
2311	-3.26449035886963
2312	-3.59773088228316
2313	-3.91381227962593
2314	-4.20725331138723
2315	-4.47462543567225
2316	-4.71946814551036
2317	-4.95326642773299
2318	-5.18250663053759
2319	-5.41088459348335
2320	-5.64082117741918
2321	-5.87183354878431
2322	-6.10388282579614
2323	-6.33650298242404
2324	-6.5670940485082
2325	-6.79366917778152
2326	-7.01528528672535
2327	-7.22866268010402
2328	-7.43070711508046
2329	-7.61868406694187
2330	-7.79214890270306
2331	-7.95558894339946
2332	-8.11194922632168
2333	-8.26175893901424
2334	-8.39892209048426
2335	-8.51931519091694
2336	-8.62572918046409
2337	-8.72212601820087
2338	-8.80935494854041
2339	-8.88807692088422
2340	-8.96504111769911
2341	-9.04615664600448
2342	-9.13476106981606
2343	-9.23325634364291
2344	-9.34066023082278
2345	-9.45396905080048
2346	-9.56935981377615
2347	-9.68119078408966
2348	-9.78607128537064
2349	-9.88635044965443
2350	-9.98431334162085
2351	-10.0792326222
2352	-10.1705122456909
2353	-10.2546206349058
2354	-10.3261946117228
2355	-10.3825420344853
2356	-10.4177197954074
2357	-10.4236538523781
2358	-10.3957050746485
2359	-10.3306342442053
2360	-10.2289523044219
2361	-10.0966440780009
2362	-9.94461586579815
2363	-9.78747089441563
2364	-9.64162895305798
2365	-9.51085030983996
2366	-9.39319447104702
2367	-9.28842867026854
2368	-9.18989338638719
2369	-9.0946255013128
2370	-9.00364366227778
2371	-8.91284033839465
2372	-8.81781969742475
2373	-8.71836603147783
2374	-8.6133462844014
2375	-8.50202139953245
2376	-8.3831869331551
2377	-8.25690180284097
2378	-8.12473099852712
2379	-7.98628548362374
2380	-7.84138769187395
2381	-7.69034229319172
2382	-7.53221576940216
2383	-7.36712846684787
2384	-7.19697392484922
2385	-7.0225018044196
2386	-6.84287294463315
2387	-6.65961386622669
2388	-6.47475200562912
2389	-6.28910607184085
2390	-6.10328739316844
2391	-5.91756198844395
2392	-5.73274892976994
2393	-5.54980480006014
2394	-5.36948459514712
2395	-5.19393079244675
2396	-5.03020477620504
2397	-4.886836349646
2398	-4.77064849924416
2399	-4.68468233901572
2400	-4.63445159374231
2401	-4.63127195674139
2402	-4.68389778965987
2403	-4.7979590906155
2404	-4.97658907674956
2405	-5.22049851887047
2406	-5.52910222213546
2407	-5.89938714995793
2408	-6.32685996781249
2409	-6.80526629185052
2410	-7.32473083356409
2411	-7.87640179037718
2412	-8.45287910536945
2413	-9.04381430308728
2414	-9.63923330119375
2415	-10.2315817581671
2416	-10.8128804408638
2417	-11.3773044004683
2418	-11.9204799247967
2419	-12.4377005323137
2420	-12.9248659112483
2421	-13.3802675970335
2422	-13.8036940128822
2423	-14.1936209295287
2424	-14.5485212667263
2425	-14.8692789226713
2426	-15.157536126437
2427	-15.4136595846713
2428	-15.6377969158891
2429	-15.8298300750959
2430	-15.9910713968257
2431	-16.1244869959484
2432	-16.2340699295335
2433	-16.3239414682585
2434	-16.3963783241768
2435	-16.4526930655146
2436	-16.4948366828938
2437	-16.526973641342
2438	-16.5521669047898
2439	-16.5709423703318
2440	-16.5843501583621
2441	-16.5902890793761
2442	-16.5838122317348
2443	-16.560101098502
2444	-16.5154635658495
2445	-16.4492756547494
2446	-16.3652488625632
2447	-16.2676598405658
2448	-16.1562298686343
2449	-16.0298781647
2450	-15.8886930420726
2451	-15.7334588422675
2452	-15.5641547648986
2453	-15.3804322439231
2454	-15.1822972739235
2455	-14.9688808579538
2456	-14.738900650966
2457	-14.4902546498271
2458	-14.2228884718439
2459	-13.9390798360646
2460	-13.6400954738024
2461	-13.3250150421414
2462	-12.9945768988566
2463	-12.6526967813443
2464	-12.3020534871553
2465	-11.9424594609147
2466	-11.5750879311129
2467	-11.2038521478212
2468	-10.8321894824579
2469	-10.4630568045424
2470	-10.0984009506323
2471	-9.7404818672953
2472	-9.391126558315
2473	-9.05090382401084
2474	-8.72066111640103
2475	-8.40058247696392
2476	-8.09080809148516
2477	-7.79307196668989
2478	-7.50449437883467
2479	-7.21388736121151
2480	-6.91022627556488
2481	-6.59932207607604
2482	-6.28636358827983
2483	-5.9801625251661
2484	-5.68828479195674
2485	-5.41119956268012
2486	-5.16513302308794
2487	-4.96586937690687
2488	-4.8086457687672
2489	-4.66274101107341
2490	-4.50647459481749
2491	-4.34750744929551
2492	-4.19709952181168
2493	-4.06879734271233
2494	-3.97832063808656
2495	-3.92174251442
2496	-3.87032469663361
2497	-3.80477193889983
2498	-3.72844324632875
2499	-3.65470173372176
2500	-3.59922411376381
2501	-3.55956342339239
2502	-3.51547045314108
2503	-3.45553523991241
2504	-3.38356461473445
2505	-3.30953533793547
2506	-3.24747222213557
2507	-3.19906165205711
2508	-3.144744777622
2509	-3.07031365709893
2510	-2.98057330533534
2511	-2.88521882146328
2512	-2.79867932166084
2513	-2.72972801076902
2514	-2.66190008739294
2515	-2.57602658642065
2516	-2.47320329778583
2517	-2.36430034177141
2518	-2.26404319732784
2519	-2.17531572759424
2520	-2.08204389132568
2521	-1.97415779148346
2522	-1.85554693838344
2523	-1.7389386024737
2524	-1.63651905707378
2525	-1.53871749609564
2526	-1.42855561247509
2527	-1.30344736856744
2528	-1.17225956511538
2529	-1.04824121197748
2530	-0.935166282320123
2531	-0.815948732482758
2532	-0.678392112194961
2533	-0.521297243474232
2534	-0.34213977145455
2535	-0.149666176447167
2536	0.0468789262318277
2537	0.254935300817391
2538	0.476641704600856
2539	0.70234226302555
2540	0.91821265493394
2541	1.1120464314837
2542	1.29693103199698
2543	1.48702609665332
2544	1.68409268617323
2545	1.88735873664359
2546	2.0878889592814
2547	2.27428838960954
2548	2.44955413604942
2549	2.63032720795899
2550	2.82319747567656
2551	3.02826034666734
2552	3.24107518505734
2553	3.4511241967542
2554	3.6544173930339
2555	3.85722744576151
2556	4.06595332969365
2557	4.27244493912151
2558	4.46756853762688
2559	4.65678892341013
2560	4.84821157640831
2561	5.04338063838575
2562	5.23647619761307
2563	5.41599774976978
2564	5.56881715020945
2565	5.69793099422558
2566	5.82211349558781
2567	5.95097650933327
2568	6.07676192642982
2569	6.18500888096833
2570	6.26828320863464
2571	6.33467956333471
2572	6.40115530600902
2573	6.47281784155896
2574	6.53601182252477
2575	6.58051486803077
2576	6.62337842498526
2577	6.68653142114088
2578	6.76705924239251
2579	6.85111695880629
2580	6.93038681804784
2581	6.9998357634058
2582	7.05495966530345
2583	7.09267170161482
2584	7.11141277057372
2585	7.11036791351201
2586	7.09112787091439
2587	7.05455076013468
2588	7.00005396190035
2589	6.92748679624116
2590	6.83684609987853
2591	6.72940699661819
2592	6.60716683829196
2593	6.47183906281877
2594	6.32468695400476
2595	6.16580891600741
2596	5.99491294286963
2597	5.81284598831645
2598	5.61969452677105
2599	5.41351812507862
2600	5.19307938968475
2601	4.96261548346388
2602	4.73829188852641
2603	4.53368420969681
2604	4.3489016198627
2605	4.17502519802666
2606	3.99962027768141
2607	3.81310978598357
2608	3.60873124441768
2609	3.3825858233473
2610	3.13272152261233
2611	2.85849874591792
2612	2.56245687870589
2613	2.24947124005678
2614	1.92247581056907
2615	1.58563768221957
2616	1.2444514792515
2617	0.902443192961347
2618	0.563039556080639
2619	0.229232742696978
2620	-0.0956975788766986
2621	-0.409263549367669
2622	-0.710017178837006
2623	-0.997416235517109
2624	-1.2722817710179
2625	-1.53474639523697
2626	-1.78488660273944
2627	-2.02220043244355
2628	-2.24613298942927
2629	-2.45828267403421
2630	-2.66102540660476
2631	-2.85575407741862
2632	-3.04208627654697
2633	-3.22025546407383
2634	-3.39199482299282
2635	-3.5583695886677
2636	-3.71935785182804
2637	-3.87403006505095
2638	-4.02093360112387
2639	-4.15639081594497
2640	-4.27421792899075
2641	-4.36698106196736
2642	-4.42652290075629
2643	-4.45016833957673
2644	-4.44402170109015
2645	-4.41712920871765
2646	-4.37669891054204
2647	-4.32843167035751
2648	-4.27662578655075
2649	-4.22321471111245
2650	-4.17010085197866
2651	-4.11853243698178
2652	-4.0693746919706
2653	-4.02308841126382
2654	-3.97867436951612
2655	-3.93681006617584
2656	-3.89720256002029
2657	-3.85805562528827
2658	-3.82015356659454
2659	-3.78369640318825
2660	-3.74822032767799
2661	-3.71440896462727
2662	-3.68210122838005
2663	-3.65054823109083
2664	-3.61900865350031
2665	-3.58670024361823
2666	-3.55397418198488
2667	-3.52187909826308
2668	-3.48951015863002
2669	-3.45608012086859
2670	-3.42168265322622
2671	-3.38529224461298
2672	-3.3468638556086
2673	-3.30753299244891
2674	-3.26757893226987
2675	-3.22586137660181
2676	-3.18143206091596
2677	-3.135528727734
2678	-3.09062495592567
2679	-3.05025581589077
2680	-3.01840586095949
2681	-2.9926332995167
2682	-2.96417408216028
2683	-2.9224738268701
2684	-2.85877716850546
2685	-2.76610650600023
2686	-2.63893733113538
2687	-2.47388996366231
2688	-2.2681202254452
2689	-2.02063432843351
2690	-1.73334880002515
2691	-1.41002659544402
2692	-1.05515375218582
2693	-0.673405221946921
2694	-0.270761959163404
2695	0.146095357480163
2696	0.571506578787473
2697	1.0005079621581
2698	1.42821044859166
2699	1.84976504719118
2700	2.26058613189617
2701	2.65780295700588
2702	3.04003482122597
2703	3.40558244772744
2704	3.75292680528343
2705	4.08158575443488
2706	4.39276777451477
2707	4.68750878055868
2708	4.96657314838948
2709	5.23178785360734
2710	5.48431470905757
2711	5.72435568858878
2712	5.95242695782537
2713	6.16946593074029
2714	6.37610459048026
2715	6.57365369308052
2716	6.76381114686801
2717	6.94734315860039
2718	7.1238700504355
2719	7.29369547259898
2720	7.45766722091123
2721	7.61630462995708
2722	7.77043047190405
2723	7.92023768333216
2724	8.06536415690229
2725	8.20480098070361
2726	8.33835897346491
2727	8.46663640661642
2728	8.59052627199052
2729	8.7115284381601
2730	8.83227118237804
2731	8.95771554253443
2732	9.09355970908896
2733	9.23774099604216
2734	9.37868128923438
2735	9.50329455805945
2736	9.60632001904266
2737	9.68951726062416
2738	9.7451085402309
2739	9.76251867147358
2740	9.75088259094414
2741	9.72812597555039
2742	9.70229047366729
2743	9.66666190244781
2744	9.60801430437519
2745	9.52192494119801
2746	9.42134903661438
2747	9.32089426367369
2748	9.22268498411047
2749	9.11749611111443
2750	8.99917771090295
2751	8.87830154289875
2752	8.76131182982898
2753	8.64219579462845
2754	8.51259317585939
2755	8.36906643614646
2756	8.21975269603736
2757	8.07547318212534
2758	7.94026888229863
2759	7.81525590308064
2760	7.69975827986548
2761	7.59047982948288
2762	7.48788114297724
2763	7.39248507974874
2764	7.30115207104348
2765	7.21462541407142
2766	7.1317099669703
2767	7.04802626984755
2768	6.96434024886611
2769	6.88401896087469
2770	6.80743035669844
2771	6.73434123287693
2772	6.66436217343787
2773	6.59676378573188
2774	6.53289357602074
2775	6.47230994314477
2776	6.41223855819807
2777	6.35054917435918
2778	6.28729326893602
2779	6.22256764819566
2780	6.15745710869169
2781	6.09169820409316
2782	6.02193158009934
2783	5.94596185495859
2784	5.86576881962883
2785	5.7871916040978
2786	5.71172552256879
2787	5.64166597620034
2788	5.58534091776543
2789	5.55095112037928
2790	5.54510203711663
2791	5.57226976329888
2792	5.63524385847318
2793	5.73548924910831
2794	5.8739658574562
2795	6.04897122484822
2796	6.25494760925103
2797	6.48599213306074
2798	6.73334783165687
2799	6.985875763726
2800	7.2395859371237
2801	7.48989417831674
2802	7.72678643817804
2803	7.94230235915659
2804	8.12868111600219
2805	8.28246207638893
2806	8.41014247752713
2807	8.52451200988915
2808	8.6374262650559
2809	8.75910297918884
2810	8.89720339450874
2811	9.05505121931545
2812	9.23486106545986
2813	9.436701659922
2814	9.65931384719235
2815	9.90024068661267
2816	10.1555667222235
2817	10.4214732402893
2818	10.6941476401797
2819	10.9698734311982
2820	11.2468928393391
2821	11.5256846991356
2822	11.8047138562755
2823	12.082568526752
2824	12.3529280947841
2825	12.6010895280938
2826	12.8209943657069
2827	13.0171361641893
2828	13.197116469623
2829	13.357838001954
2830	13.4981099734297
2831	13.6248607458053
2832	13.7358218441112
2833	13.8306344902737
2834	13.9066035289717
2835	13.9613765118465
2836	14.0027326133446
2837	14.0339151658463
2838	14.0539807293203
2839	14.0601433801652
2840	14.0497714358684
2841	14.0240711482473
2842	13.9879676660669
2843	13.9430706262766
2844	13.8904120606123
2845	13.8362900417668
2846	13.7819254883926
2847	13.7258580277418
2848	13.6684575494371
2849	13.6096648575705
2850	13.5470663178735
2851	13.4795301812131
2852	13.4067489968151
2853	13.3301630912654
2854	13.25041773876
2855	13.1657486555574
2856	13.0759261137785
2857	12.9811921598611
2858	12.8811702207798
2859	12.7771003788457
2860	12.6715825429894
2861	12.5651744827416
2862	12.460824370833
2863	12.3623656895713
2864	12.2723204022894
2865	12.195081400794
2866	12.1359707997247
2867	12.0976547448408
2868	12.0803224831279
2869	12.0835180261642
2870	12.1067949666513
2871	12.1482980151531
2872	12.2052931925578
2873	12.2764783598572
2874	12.3579971726415
2875	12.4423173612813
2876	12.5214010912893
2877	12.5883084954271
2878	12.6344211970791
2879	12.6517475600606
2880	12.6393802632131
2881	12.597199564645
2882	12.5243564686994
2883	12.4226621044485
2884	12.293373724353
2885	12.136572256791
2886	11.953239204245
2887	11.7456192770196
2888	11.5155288793512
2889	11.2650042676633
2890	10.9957616487541
2891	10.7103721678968
2892	10.4117107025977
2893	10.1028833551866
2894	9.78734611900869
2895	9.46755762967682
2896	9.14743191017654
2897	8.83019647644299
2898	8.51762155642015
2899	8.21157312773955
2900	7.91335555860648
2901	7.62343098299459
2902	7.34291188217764
2903	7.07292286188055
2904	6.81396572906804
2905	6.56625848470752
2906	6.33015876671706
2907	6.10487199467936
2908	5.88865512562657
2909	5.68159226700882
2910	5.48406548266497
2911	5.29642375676697
2912	5.11873055079597
2913	4.95017798330533
2914	4.79009045127398
2915	4.63765442558495
2916	4.49153834958244
2917	4.3507330426907
2918	4.21448018809949
2919	4.08193182237463
2920	3.95312560110587
2921	3.82871116608067
2922	3.71062959669626
2923	3.60392312492037
2924	3.51371386254004
2925	3.44166877376993
2926	3.39380157278355
2927	3.38029288081883
2928	3.4081876156493
2929	3.48224083001297
2930	3.60672691784866
2931	3.78439729480196
2932	4.01506552688906
2933	4.29677866120978
2934	4.62707600533831
2935	5.00417430217753
2936	5.42731335810094
2937	5.89426400037371
2938	6.40188182691731
2939	6.94530396666772
2940	7.51884021043158
2941	8.11680207907796
2942	8.73248146788
2943	9.36011137087147
2944	9.99217684564403
2945	10.6212920091301
2946	11.2423833019838
2947	11.8496304042538
2948	12.4383580110698
2949	13.0051430737394
2950	13.5473392754265
2951	14.0640312096746
2952	14.5547069857013
2953	15.0196757216977
2954	15.4595361664406
2955	15.8760087139424
2956	16.2705492820146
2957	16.6435761935458
2958	16.9968800462726
2959	17.3329075075487
2960	17.6536211072296
2961	17.96024985679
2962	18.2543034868659
2963	18.5372270967424
2964	18.8105749926388
2965	19.0756484737569
2966	19.3324704878822
2967	19.5808659058219
2968	19.8209955112517
2969	20.0531363840359
2970	20.2779318808664
2971	20.493093914315
2972	20.6935648616067
2973	20.8736068415492
2974	21.0261357414512
2975	21.1421427395633
2976	21.2142191901518
2977	21.24134758558
2978	21.2324677325029
2979	21.1990623278669
2980	21.149090194609
2981	21.0895491209186
2982	21.0276149273527
2983	20.9693225167159
2984	20.9166962551826
2985	20.8709145540308
2986	20.8318977014443
2987	20.7982468563011
2988	20.76981975053
2989	20.7455294492491
2990	20.724702321801
2991	20.7064631453339
2992	20.6899905372101
2993	20.6752802091729
2994	20.6618323005379
2995	20.6492294362959
2996	20.6365669737622
2997	20.6226298153947
2998	20.6072475949747
2999	20.5907707313841
3000	20.5733617425578
3001	20.5547023572363
3002	20.5341063648552
3003	20.5120232509916
3004	20.4890133527536
3005	20.4640091204563
3006	20.4357021731965
3007	20.4044003906742
3008	20.3694805744109
3009	20.3303116007727
3010	20.2873554736158
3011	20.2408207229213
3012	20.1909543132927
3013	20.1388355551822
3014	20.0880459341472
3015	20.0407155451123
3016	19.995100539532
3017	19.9469501416723
3018	19.8908446872844
3019	19.8229068229154
3020	19.7418356661691
3021	19.6468111977428
3022	19.5363229605967
3023	19.4095277484353
3024	19.2658342749131
3025	19.1052787204809
3026	18.9279972347548
3027	18.7336595577475
3028	18.5234242485813
3029	18.2991520216679
3030	18.0609677350146
3031	17.8087646095255
3032	17.5443388551008
3033	17.2700268088815
3034	16.9878810927227
3035	16.6998842128356
3036	16.4076554728481
3037	16.1136726649049
3038	15.8197052744134
3039	15.5261058750234
3040	15.234249828977
3041	14.9463438418183
3042	14.6647801887972
3043	14.3905846751703
3044	14.123268653382
3045	13.8629258439223
3046	13.6099277663223
3047	13.3647798241151
3048	13.1279820959143
3049	12.9001216512041
3050	12.6808841177956
3051	12.4692643162436
3052	12.264828967305
3053	12.0680665501405
3054	11.8810691340829
3055	11.7031483701876
3056	11.5367891952353
3057	11.3856045674196
3058	11.2443304017077
3059	11.1096256698634
3060	10.9813723726478
3061	10.8567124041494
3062	10.73334888176
3063	10.6098098921309
3064	10.485820444987
3065	10.3612685844028
3066	10.2358898805017
3067	10.1092615107201
3068	9.98139460053065
3069	9.85324076649877
3070	9.72499586803576
3071	9.59747328953358
3072	9.4711898935082
3073	9.34528814555168
3074	9.21959810231319
3075	9.0954340916534
3076	8.97299660784557
3077	8.85134216819029
3078	8.72957972661792
3079	8.6080618582298
3080	8.48719125607633
3081	8.36703493521281
3082	8.24813713357495
3083	8.12861042117321
3084	8.00708765919052
3085	7.88517992136661
3086	7.76430222930904
3087	7.64494016832954
3088	7.52779618024125
3089	7.41429897435347
3090	7.30658959762937
3091	7.20563525567614
3092	7.11403477822776
3093	7.0357019143069
3094	6.97136404409693
3095	6.92270451595948
3096	6.89263992144984
3097	6.88183336726765
3098	6.88677542393852
3099	6.90454821528918
3100	6.93399270345781
3101	6.97172742249682
3102	7.0152603889289
3103	7.06238640891132
3104	7.11064102866275
3105	7.15907843752566
3106	7.20603463507429
3107	7.25013066832689
3108	7.29351136227817
3109	7.33505930287085
3110	7.3713534312468
3111	7.40399829185476
3112	7.43409154494789
3113	7.46046229560048
3114	7.48328861659735
3115	7.50042637126446
3116	7.51088819369027
3117	7.51843782000128
3118	7.52316128734118
3119	7.52432936385132
3120	7.52357075731517
3121	7.52074488309513
3122	7.5161852760793
3123	7.51085233991331
3124	7.50238802526817
3125	7.49051612814987
3126	7.47579445884236
3127	7.45677522075728
3128	7.43478470304375
3129	7.4080117560181
3130	7.37544916324604
3131	7.33749308611566
3132	7.29340046709116
3133	7.24401160391193
3134	7.19005340550325
3135	7.13139142312934
3136	7.06512477607011
3137	6.98353910250986
3138	6.88372177998719
3139	6.77355129576901
3140	6.66337570183965
3141	6.55506313819031
3142	6.44284936923688
3143	6.32396776006167
3144	6.19802043811921
3145	6.0651666999113
3146	5.93032593877742
3147	5.79601694467816
3148	5.66238620544201
3149	5.53132305355269
3150	5.40225312641488
3151	5.27362991564386
3152	5.14219515416722
3153	5.0082268503781
3154	4.87568107114196
3155	4.74277974723502
3156	4.60583821256363
3157	4.46173261086744
3158	4.3065357627643
3159	4.13699995972262
3160	3.94987070804586
3161	3.74364208096036
3162	3.5198364953501
3163	3.28057481121776
3164	3.02717176855384
3165	2.76051174852049
3166	2.48116620410881
3167	2.19152209671125
3168	1.89495915339719
3169	1.59488615663958
3170	1.29284627348865
3171	0.98956968449324
3172	0.687533512065707
3173	0.388726006604063
3174	0.0941469793936803
3175	-0.195398473435288
3176	-0.479992090794386
3177	-0.761187725315059
3178	-1.03986888865898
3179	-1.31574749153398
3180	-1.58783545792106
3181	-1.85466808238485
3182	-2.11257412067144
3183	-2.35388640568051
3184	-2.56567843692073
3185	-2.74110618398339
3186	-2.89172519520196
3187	-3.03008387078922
3188	-3.16173091519902
3189	-3.29108740292119
3190	-3.41972720941359
3191	-3.54713992939839
3192	-3.67038694277014
3193	-3.78903024908574
3194	-3.90386335818075
3195	-4.01440763863733
3196	-4.11970257208516
3197	-4.22125490532739
3198	-4.31926067925052
3199	-4.41123360567508
3200	-4.49641254163479
3201	-4.57419367759437
3202	-4.6452681383637
3203	-4.71155041791746
3204	-4.77275509582855
3205	-4.82954943193157
3206	-4.88169106911452
3207	-4.92864353452354
3208	-4.97327184298481
3209	-5.0171302276107
3210	-5.05984865948758
3211	-5.10379617532005
3212	-5.15011137721538
3213	-5.19654814569645
3214	-5.24296618101863
3215	-5.2901014804959
3216	-5.33775898403903
3217	-5.38840233136972
3218	-5.44097156958534
3219	-5.49198934081519
3220	-5.54365611234912
3221	-5.59603125915874
3222	-5.64741163237879
3223	-5.69956692891313
3224	-5.75270654594632
3225	-5.80609364324543
3226	-5.86106141071078
3227	-5.9166974288645
3228	-5.97059838486315
3229	-6.02122401376457
3230	-6.06787107361688
3231	-6.11257204254051
3232	-6.15610805884233
3233	-6.19733463667766
3234	-6.23782581096849
3235	-6.27892678348488
3236	-6.31949982482039
3237	-6.35926948680765
3238	-6.39839241989418
3239	-6.43622213219716
3240	-6.47216387863247
3241	-6.50537997287698
3242	-6.53553147355295
3243	-6.56339586469411
3244	-6.58863523886143
3245	-6.60935730296055
3246	-6.62303605471076
3247	-6.63045147794037
3248	-6.6342940899262
3249	-6.63561968100815
3250	-6.63183105540326
3251	-6.61820078569156
3252	-6.59336403354885
3253	-6.5633831395858
3254	-6.5318359024901
3255	-6.49936267244914
3256	-6.47077615096463
3257	-6.45206859121283
3258	-6.4490946553802
3259	-6.46348111177275
3260	-6.49212462412076
3261	-6.53209165754122
3262	-6.5799240534425
3263	-6.63313749384825
3264	-6.68862847792661
3265	-6.74050944341067
3266	-6.78548542802715
3267	-6.82134733925426
3268	-6.84364114352629
3269	-6.84889648173145
3270	-6.83597191448948
3271	-6.80644718018815
3272	-6.76612521804443
3273	-6.72089439714606
3274	-6.67562959391455
3275	-6.63486578579308
3276	-6.60203539986295
3277	-6.58006528314962
3278	-6.56935430059301
3279	-6.56917369292598
3280	-6.57881013888188
3281	-6.59761332466449
3282	-6.62484419836652
3283	-6.65990708268194
3284	-6.70136699228822
3285	-6.74717527144008
3286	-6.79599000312003
3287	-6.84595501543936
3288	-6.89644138407574
3289	-6.94694871826589
3290	-6.9977744816464
3291	-7.05038093251494
3292	-7.10609388272977
3293	-7.16476083455716
3294	-7.22094287755454
3295	-7.26784068070566
3296	-7.29984929408032
3297	-7.3125987278807
3298	-7.30702593347417
3299	-7.28486926793278
3300	-7.24484985748559
3301	-7.18574998447216
3302	-7.10809041739983
3303	-7.01414532337943
3304	-6.90466608588196
3305	-6.77960052374886
3306	-6.63860153207018
3307	-6.48135422774091
3308	-6.30711090155264
3309	-6.11669838038926
3310	-5.91264614787321
3311	-5.69565573386744
3312	-5.46616956797028
3313	-5.22542896604709
3314	-4.97477745713382
3315	-4.715704487233
3316	-4.44982617793672
3317	-4.17938685913878
3318	-3.90713438047602
3319	-3.63555985353765
3320	-3.36607093282349
3321	-3.09935447377411
3322	-2.83640324133482
3323	-2.57827048295557
3324	-2.32638497220924
3325	-2.0829837859662
3326	-1.84902743989773
3327	-1.62486221823331
3328	-1.41101865982914
3329	-1.20689130426036
3330	-1.01191051430488
3331	-0.825413269885847
3332	-0.646179314589025
3333	-0.474348857427629
3334	-0.311029517131786
3335	-0.154208155272317
3336	-0.00170420064823806
3337	0.14656425484436
3338	0.29119559891639
3339	0.432737079986126
3340	0.571008001598862
3341	0.707437567012329
3342	0.84292614911748
3343	0.976781204287843
3344	1.10881451109927
3345	1.24425969187143
3346	1.39049439881962
3347	1.5529208091041
3348	1.73330179538436
3349	1.92263882601819
3350	2.11948348186845
3351	2.33212874477159
3352	2.56393307693104
3353	2.81616033415833
3354	3.08860114000567
3355	3.38022332181085
3356	3.68820094870536
3357	4.0075977893264
3358	4.3337349746611
3359	4.66376648751786
3360	4.99641915622839
3361	5.33009444420694
3362	5.66290340840338
3363	5.99305427044214
3364	6.31805307444478
3365	6.6361684121258
3366	6.94623554793291
3367	7.24844073670843
3368	7.54360097370601
3369	7.83150072887648
3370	8.11228978635245
3371	8.38641451902246
3372	8.65382642215636
3373	8.91365923730655
3374	9.16572242136245
3375	9.41041766023408
3376	9.64775288975735
3377	9.87770309251039
3378	10.1016379167633
3379	10.3209217591543
3380	10.5361678463018
3381	10.7481390278808
3382	10.9563707918357
3383	11.1601293767055
3384	11.3599309707799
3385	11.5562274572889
3386	11.7487247200028
3387	11.937515557482
3388	12.1225697414538
3389	12.3038284783186
3390	12.4815076582977
3391	12.6560729943589
3392	12.8234296055379
3393	12.9793428507103
3394	13.1170888233596
3395	13.2281841940336
3396	13.3101079142201
3397	13.3580771296793
3398	13.3653561873932
3399	13.3332642357186
3400	13.2666707068591
3401	13.1684636957819
3402	13.0475254277085
3403	12.9134900749784
3404	12.768239599978
3405	12.6102675798874
3406	12.4375880811687
3407	12.2458432365194
3408	12.0289204962608
3409	11.780477234971
3410	11.4965378587294
3411	11.1751436139206
3412	10.8145282566788
3413	10.4139216719448
3414	9.97412234808806
3415	9.49741935132414
3416	8.98809481144157
3417	8.45146882323427
3418	7.89290926367353
3419	7.31823872803891
3420	6.73405011845512
3421	6.14785330004784
3422	5.56958815780629
3423	5.01012138513921
3424	4.47932761469082
3425	3.98705181340921
3426	3.53857956067079
3427	3.13035598000767
3428	2.75451570248319
3429	2.40332629382649
3430	2.06972586220612
3431	1.7474903937893
3432	1.43181080109803
3433	1.11883033739524
3434	0.808200263032749
3435	0.500401685761957
3436	0.193919622179832
3437	-0.109612543026834
3438	-0.402916312597472
3439	-0.681087835301961
3440	-0.942340110389267
3441	-1.18196086996675
3442	-1.39324246038153
3443	-1.57365016496865
3444	-1.72979234515603
3445	-1.87164537096936
3446	-2.00731924187582
3447	-2.14352800679554
3448	-2.28533282211917
3449	-2.43576020342149
3450	-2.59682411587707
3451	-2.76890962945267
3452	-2.95118130829668
3453	-3.14290674559614
3454	-3.34352986215808
3455	-3.55174972518899
3456	-3.76520302728444
3457	-3.9837453947484
3458	-4.20738944166838
3459	-4.43058894992666
3460	-4.64253795517456
3461	-4.83290346050791
3462	-4.99263573065677
3463	-5.11642693882639
3464	-5.21186459112579
3465	-5.29056159010022
3466	-5.36040573284943
3467	-5.42981877827648
3468	-5.50562509588333
3469	-5.59155679597155
3470	-5.68839034643025
3471	-5.79643202293813
3472	-5.91489825695427
3473	-6.04199031492673
3474	-6.17526268061572
3475	-6.31261698614408
3476	-6.45374343552205
3477	-6.59745229316831
3478	-6.74153112793736
3479	-6.88431442282005
3480	-7.02396684260634
3481	-7.15966132815057
3482	-7.29081701327069
3483	-7.41757541632804
3484	-7.54077106341466
3485	-7.66048424777677
3486	-7.77662949177338
3487	-7.88803627379992
3488	-7.99478657171452
3489	-8.09870616966045
3490	-8.19900352869467
3491	-8.29507863775477
3492	-8.38411664625213
3493	-8.45963450282051
3494	-8.51453404047878
3495	-8.54271336123375
3496	-8.54464606247829
3497	-8.52498938238368
3498	-8.48880255067655
3499	-8.44088354118858
3500	-8.38565063987779
3501	-8.32738559935283
3502	-8.26860155915792
3503	-8.20907595749617
3504	-8.14832865530448
3505	-8.08618925871613
3506	-8.02360873368506
3507	-7.96195105846674
3508	-7.89996746333017
3509	-7.83685608628752
3510	-7.77171890753096
3511	-7.70437685612938
3512	-7.63665184179995
3513	-7.5691604036268
3514	-7.50158540833725
3515	-7.43327812482211
3516	-7.36272113280528
3517	-7.29040037427213
3518	-7.217110641154
3519	-7.14222112932485
3520	-7.06635863735187
3521	-6.99042566711326
3522	-6.91635849160628
3523	-6.84636517587043
3524	-6.78352836184799
3525	-6.72787849660415
3526	-6.67501763218715
3527	-6.6221945648896
3528	-6.56979032024563
3529	-6.52096067060784
3530	-6.47802126663964
3531	-6.44119623993278
3532	-6.41138891623137
3533	-6.38928150251858
3534	-6.37443640149335
3535	-6.36648856157576
3536	-6.36433918003636
3537	-6.36747407786535
3538	-6.37671246237959
3539	-6.3914183282911
3540	-6.4096119448145
3541	-6.43030669421139
3542	-6.45328514196092
3543	-6.47844112424151
3544	-6.5052252954415
3545	-6.53282914352126
3546	-6.56129328975453
3547	-6.59033148543925
3548	-6.61987523498081
3549	-6.6498926407465
3550	-6.67963590570559
3551	-6.7086824912606
3552	-6.73724485766891
3553	-6.76567072119319
3554	-6.79369046926886
3555	-6.82047797779618
3556	-6.8448857422033
3557	-6.8668918161529
3558	-6.88801846973251
3559	-6.90672527524254
3560	-6.91870121478986
3561	-6.9183919033783
3562	-6.90259445344183
3563	-6.87019221578956
3564	-6.82011789504447
3565	-6.75153996452494
3566	-6.66318321084375
3567	-6.55466565807026
3568	-6.42615026698271
3569	-6.27909191491961
3570	-6.11492490437855
3571	-5.93490770850938
3572	-5.74144504035992
3573	-5.53646354413712
3574	-5.32117135349844
3575	-5.09684985231067
3576	-4.8647980211535
3577	-4.62734778031366
3578	-4.38672013043618
3579	-4.14455700124548
3580	-3.90229876284971
3581	-3.66199776285905
3582	-3.42495010605011
3583	-3.19113007726113
3584	-2.96125216556255
3585	-2.73588571450727
3586	-2.51448227838287
3587	-2.29657707917143
3588	-2.08381155284048
3589	-1.87770083138554
3590	-1.67786435918877
3591	-1.48452962381933
3592	-1.29850405014274
3593	-1.11989197418631
3594	-0.948175415836979
3595	-0.781497898459702
3596	-0.618723867379628
3597	-0.460169138016048
3598	-0.306999250467248
3599	-0.159757688746032
3600	-0.018126469133547
3601	0.118183510194601
3602	0.249159608677822
3603	0.373711166394102
3604	0.492340507201497
3605	0.606711956031224
3606	0.716424672583688
3607	0.82121821977437
3608	0.921010927440185
3609	1.01571242429058
3610	1.10605025016956
3611	1.19225455405906
3612	1.27105716808032
3613	1.33833838603767
3614	1.38607805294718
3615	1.40942404163029
3616	1.41118572561945
3617	1.39280208182868
3618	1.3544908868913
3619	1.29699264599127
3620	1.22301700879015
3621	1.13658876988184
3622	1.0406342200092
3623	0.937310557568892
3624	0.828563553945029
3625	0.716156252901073
3626	0.601168667519052
3627	0.485912036494402
3628	0.371395954132068
3629	0.256267924178523
3630	0.141463228511408
3631	0.0279450717626297
3632	-0.0847708106333541
3633	-0.197519656716199
3634	-0.310473187259867
3635	-0.423784736835158
3636	-0.537782301160074
3637	-0.651847297601471
3638	-0.765672544886663
3639	-0.878927744500267
3640	-0.991102625166968
3641	-1.10173241749261
3642	-1.21158154346587
3643	-1.32153288982973
3644	-1.43111325276233
3645	-1.53959253338131
3646	-1.64778459194978
3647	-1.75694324151589
3648	-1.86709918350386
3649	-1.97749041741975
3650	-2.08671163521389
3651	-2.19426473296441
3652	-2.30026214804099
3653	-2.40458363593507
3654	-2.50676556343469
3655	-2.60647195363443
3656	-2.70399605753929
3657	-2.79645273921566
3658	-2.88179345893284
3659	-2.95743126201743
3660	-3.01904447730261
3661	-3.06608452034305
3662	-3.09752417889996
3663	-3.11029885258099
3664	-3.10029376044386
3665	-3.06436254255153
3666	-3.00029757451796
3667	-2.90684000804013
3668	-2.78523800126396
3669	-2.6379522712765
3670	-2.46777756169477
3671	-2.27775877093958
3672	-2.07354532348565
3673	-1.86006720840014
3674	-1.63948104257599
3675	-1.41550555489594
3676	-1.19053741076506
3677	-0.968196848446851
3678	-0.757276426904178
3679	-0.565048506132814
3680	-0.391412140177253
3681	-0.229322170363254
3682	-0.071092196614937
3683	0.0891844101536969
3684	0.259018175784906
3685	0.444834979780438
3686	0.651024130008927
3687	0.87943172498042
3688	1.12864014933131
3689	1.39551015248737
3690	1.67693819567397
3691	1.97032181454918
3692	2.27144608235693
3693	2.57729279722085
3694	2.8850132696917
3695	3.19172026616334
3696	3.49706134324658
3697	3.79974688313993
3698	4.09675923148743
3699	4.38870110168497
3700	4.68115909517416
3701	4.97886851231041
3702	5.27828555452822
3703	5.56752473956591
3704	5.83774355830945
3705	6.09144469576992
3706	6.33740857582194
3707	6.58568114459887
3708	6.8438780309148
3709	7.11513667079478
3710	7.40071222247069
3711	7.69722571856923
3712	7.99915440012361
3713	8.30100571920169
3714	8.60044219830444
3715	8.89666522390351
3716	9.18845956061721
3717	9.4759541401477
3718	9.75756479758631
3719	10.0325485670007
3720	10.3016214764227
3721	10.5626633321382
3722	10.8177124996819
3723	11.0698468370467
3724	11.3167981957685
3725	11.5572578109383
3726	11.7898569744438
3727	12.0110243209694
3728	12.2182268742142
3729	12.4123619762333
3730	12.5944784829659
3731	12.765908862828
3732	12.9289120678197
3733	13.0850402014629
3734	13.2324798107426
3735	13.3669817525532
3736	13.4863800450144
3737	13.5946069409591
3738	13.6943539007257
3739	13.7879309080946
3740	13.878237065469
3741	13.9637446107205
3742	14.0455257782168
3743	14.1221694840376
3744	14.1897509005154
3745	14.2491149235182
3746	14.3011679391616
3747	14.3468093943564
3748	14.385045790043
3749	14.4141213772088
3750	14.4340098944464
3751	14.4429838202078
3752	14.4414285346553
3753	14.4318187084771
3754	14.4143956637111
3755	14.388514171176
3756	14.3568709114709
3757	14.3203711782239
3758	14.2778410977152
3759	14.234936992176
3760	14.1967577260659
3761	14.1641006755513
3762	14.1376665327536
3763	14.1167132083624
3764	14.1028526510777
3765	14.0959788260878
3766	14.095629229366
3767	14.0996554521247
3768	14.1034580937425
3769	14.1020340469371
3770	14.0881384185437
3771	14.0509417154358
3772	13.9796075399254
3773	13.8658533941172
3774	13.7019288994514
3775	13.4836479264473
3776	13.2088588833387
3777	12.8760769837475
3778	12.4857519696222
3779	12.0400068813895
3780	11.5431094247046
3781	11.0014239145887
3782	10.4231932367687
3783	9.81748738260056
3784	9.19385765074455
3785	8.56154281062764
3786	7.92838977470215
3787	7.30280205454334
3788	6.6953529619812
3789	6.1217635053787
3790	5.59660033291449
3791	5.1215783317382
3792	4.69430408361256
3793	4.31420680149485
3794	3.97371806034163
3795	3.66195105777777
3796	3.36986972185811
3797	3.09128504424193
3798	2.82160167235438
3799	2.55911766130363
3800	2.30883051098566
3801	2.07918346210605
3802	1.87818965537686
3803	1.70939780019647
3804	1.5642058229037
3805	1.43119111615188
3806	1.30333023655717
3807	1.17832711632531
3808	1.06391388528827
3809	0.965760092719787
3810	0.879568109404761
3811	0.797501633170994
3812	0.711545451725325
3813	0.616158755783525
3814	0.510141131195698
3815	0.398712955165733
3816	0.290335029897279
3817	0.190150274326221
3818	0.0986944820108356
3819	0.00964737801590309
3820	-0.0852729163069577
3821	-0.182184141393753
3822	-0.269840875961268
3823	-0.344735965938433
3824	-0.412387270964246
3825	-0.481715055179171
3826	-0.561242596542859
3827	-0.65405534363918
3828	-0.754966621599484
3829	-0.856978431774298
3830	-0.958840967160787
3831	-1.06074985341229
3832	-1.15910177004435
3833	-1.24875641578955
3834	-1.32897709306046
3835	-1.4030540371457
3836	-1.47261471312516
3837	-1.53506234259407
3838	-1.58724435174475
3839	-1.6289042915967
3840	-1.66126236593652
3841	-1.68678995633291
3842	-1.70652865587297
3843	-1.72015082918103
3844	-1.72767118817499
3845	-1.73017024900155
3846	-1.72896149871139
3847	-1.72508827147775
3848	-1.71557441692397
3849	-1.69232663316773
3850	-1.64859610893993
3851	-1.59024519917193
3852	-1.53315737353805
3853	-1.48625551367888
3854	-1.4444130934005
3855	-1.39636670592516
3856	-1.33705782349085
3857	-1.27083520508388
3858	-1.20173379780837
3859	-1.13170350456934
3860	-1.06102348264735
3861	-0.987136182275168
3862	-0.911768159510892
3863	-0.837006580100064
3864	-0.763477626087931
3865	-0.692338842756789
3866	-0.617298521315331
3867	-0.532499976411425
3868	-0.441713407511528
3869	-0.358022853212858
3870	-0.292959235377576
3871	-0.239067287717522
3872	-0.175414388219144
3873	-0.0900846992278725
3874	0.0130277781360498
3875	0.128260298052215
3876	0.254472101878652
3877	0.389073117337236
3878	0.530398973607431
3879	0.67936836282127
3880	0.829019340170164
3881	0.967773169467538
3882	1.09204600003449
3883	1.20669641059012
3884	1.32841460829704
3885	1.47118063086478
3886	1.63032027384232
3887	1.78723690974176
3888	1.93459221974132
3889	2.06906411149438
3890	2.19473924910374
3891	2.32617194612904
3892	2.46199792088414
3893	2.58557093953003
3894	2.68599294009562
3895	2.76276121456429
3896	2.81672281392301
3897	2.84560335991076
3898	2.84330318215829
3899	2.80593238616156
3900	2.73162560563929
3901	2.61852069014743
3902	2.46454272095251
3903	2.27149097063649
3904	2.04229472828692
3905	1.77846006460844
3906	1.48305011486572
3907	1.16009732769852
3908	0.812705536259093
3909	0.447336226329065
3910	0.0719630571114862
3911	-0.306439852959854
3912	-0.678099952408118
3913	-1.03547162583493
3914	-1.37273726317958
3915	-1.68805741639606
3916	-1.98701722281505
3917	-2.27869498118895
3918	-2.57111382116979
3919	-2.86896965910882
3920	-3.1758662063404
3921	-3.49375139244897
3922	-3.82284329819436
3923	-4.16226497753126
3924	-4.5102802353512
3925	-4.86359654099287
3926	-5.2193185632528
3927	-5.57600298587955
3928	-5.93132859816095
3929	-6.28202944066306
3930	-6.62682231575154
3931	-6.96552432130975
3932	-7.29612663847388
3933	-7.61717194850628
3934	-7.92747448564351
3935	-8.22270623889345
3936	-8.4942815148271
3937	-8.73195747954606
3938	-8.92757897143618
3939	-9.08229220777314
3940	-9.21162090067363
3941	-9.3272057904932
3942	-9.43035953548797
3943	-9.52122778140554
3944	-9.5967853298478
3945	-9.65639760610791
3946	-9.70290798728757
3947	-9.74294739096373
3948	-9.78772138679743
3949	-9.84695955315524
3950	-9.92657948044685
3951	-10.0299422965823
3952	-10.1583661671008
3953	-10.3107467987673
3954	-10.4849441981503
3955	-10.6785559929452
3956	-10.8890574489674
3957	-11.1120578781775
3958	-11.3436923626921
3959	-11.5808824783463
3960	-11.8201046803588
3961	-12.0590989362474
3962	-12.2961544782105
3963	-12.5296275670214
3964	-12.7589430358097
3965	-12.9836869271711
3966	-13.2031394043855
3967	-13.4174828008928
3968	-13.6266167682453
3969	-13.8299796247422
3970	-14.0274537465312
3971	-14.2183721733017
3972	-14.4004842859562
3973	-14.5681567726831
3974	-14.7114091995275
3975	-14.8200136576789
3976	-14.8860256554472
3977	-14.9050923855648
3978	-14.8795051713286
3979	-14.814870241093
3980	-14.7160324094148
3981	-14.5888351008898
3982	-14.4420395759969
3983	-14.2785051281577
3984	-14.0990796475506
3985	-13.9134280521762
3986	-13.7258138797815
3987	-13.5369378327449
3988	-13.3387494860503
3989	-13.1214919529595
3990	-12.8810931017794
3991	-12.6137686061167
3992	-12.3148289570674
3993	-11.9798792577982
3994	-11.6106744100684
3995	-11.214252894572
3996	-10.8034088531803
3997	-10.3913386861174
3998	-9.97308063383269
3999	-9.54028225776178
4000	-9.10974129804286
4001	-8.69097486689824
4002	-8.2794590584451
4003	-7.87420131984948
4004	-7.47676210457052
4005	-7.09158512549806
4006	-6.72179046947372
4007	-6.36786495046114
4008	-6.02987594336543
4009	-5.71311435251615
4010	-5.42153537429656
4011	-5.1475115723376
4012	-4.88615081542472
4013	-4.65315793706045
4014	-4.45740597530398
4015	-4.27720871561415
4016	-4.10130645465471
4017	-3.93146709965002
4018	-3.76833002512168
4019	-3.61329482567222
4020	-3.46492731357464
4021	-3.32387905077363
4022	-3.19105127867317
4023	-3.06900240534966
4024	-2.95889205773394
4025	-2.85886135061324
4026	-2.76735571218956
4027	-2.68411131807919
4028	-2.6080183344695
4029	-2.53655735276521
4030	-2.46903620837182
4031	-2.40559463236694
4032	-2.34579625877689
4033	-2.28934179605087
4034	-2.23642690034546
4035	-2.18723090237407
4036	-2.14081467115644
4037	-2.09648739697261
4038	-2.05405310908842
4039	-2.01292224147499
4040	-1.97275228750683
4041	-1.93437209553296
4042	-1.89697621428433
4043	-1.86089612201231
4044	-1.82651146949594
4045	-1.79305793301804
4046	-1.76093515918338
4047	-1.72926520868578
4048	-1.69787605002632
4049	-1.66812605677676
4050	-1.64074890456839
4051	-1.61482491534754
4052	-1.59210595723987
4053	-1.57753438152342
4054	-1.57760576406603
4055	-1.59392833699424
4056	-1.62122782469403
4057	-1.65489140356788
4058	-1.69246288321413
4059	-1.7321145780402
4060	-1.77257847973112
4061	-1.81341483597039
4062	-1.85357497040356
4063	-1.89155271538031
4064	-1.92663455810997
4065	-1.95873032509628
4066	-1.98768438496223
4067	-2.01337463159664
4068	-2.03559515181462
4069	-2.05477272725498
4070	-2.07172382306673
4071	-2.08632085955714
4072	-2.09873361919174
4073	-2.10975081193722
4074	-2.11888654580366
4075	-2.12433935334514
4076	-2.12599310625934
4077	-2.12437978321578
4078	-2.12006855773761
4079	-2.11466266521638
4080	-2.10843687073964
4081	-2.10093606878034
4082	-2.09272811852331
4083	-2.08355766013033
4084	-2.07269267426511
4085	-2.05929020086728
4086	-2.04330017995058
4087	-2.02548404780478
4088	-2.00680312039706
4089	-1.98831105462102
4090	-1.96925759239054
4091	-1.94924926730221
4092	-1.92872739170682
4093	-1.9079316365378
4094	-1.88668382563021
4095	-1.86346164452974
4096	-1.8371509964924
4097	-1.80790972395025
4098	-1.77578546393374
4099	-1.74103983939154
4100	-1.70446641996309
4101	-1.66668576279712
4102	-1.62937574319979
4103	-1.59287871551146
4104	-1.5567630258561
4105	-1.52123235760792
4106	-1.48511121074566
4107	-1.44713821319027
4108	-1.40607250816382
4109	-1.36194087235405
4110	-1.31610928786325
4111	-1.26992076920618
4112	-1.22438681780177
4113	-1.17933420595725
4114	-1.13395784902978
4115	-1.08740917937758
4116	-1.04008641697134
4117	-0.993512285442079
4118	-0.947298720256264
4119	-0.900403863494271
4120	-0.854369925991068
4121	-0.809421827766819
4122	-0.764619310550168
4123	-0.718037528650764
4124	-0.663667452271606
4125	-0.594182253908052
4126	-0.508231867421279
4127	-0.410472774263627
4128	-0.310507001554821
4129	-0.222775690304542
4130	-0.160202519176371
4131	-0.130750605681262
4132	-0.13864673147753
4133	-0.184509240461638
4134	-0.269232280451379
4135	-0.39322429667776
4136	-0.55600174230026
4137	-0.756334276692702
4138	-0.990280348444055
4139	-1.25572356132533
4140	-1.55116192220621
4141	-1.87213455557659
4142	-2.21548386818812
4143	-2.57874802206369
4144	-2.95738128948658
4145	-3.34795265923761
4146	-3.74801741466628
4147	-4.15419322114564
4148	-4.56226231993075
4149	-4.9679619708896
4150	-5.36784940872299
4151	-5.76054089614009
4152	-6.14299959940539
4153	-6.51112262810923
4154	-6.86332756967835
4155	-7.19877885443953
4156	-7.5177140015757
4157	-7.82072879084776
4158	-8.10820821228693
4159	-8.37985457490448
4160	-8.63625446354097
4161	-8.87788028667289
4162	-9.10532425283804
4163	-9.31970034824703
4164	-9.52138737487878
4165	-9.71135326308535
4166	-9.89105108319333
4167	-10.0621266595136
4168	-10.2257274545995
4169	-10.3820776360352
4170	-10.5308437378628
4171	-10.6719111546599
4172	-10.8061927605562
4173	-10.9348324784152
4174	-11.0589712111945
4175	-11.1788315950819
4176	-11.2936795786002
4177	-11.4031259852446
4178	-11.506967606981
4179	-11.6050917846792
4180	-11.6978187496148
4181	-11.7867932009666
4182	-11.8734107666392
4183	-11.9593009538913
4184	-12.0442315374526
4185	-12.1260609447503
4186	-12.2044521741251
4187	-12.2806378882449
4188	-12.3550821490652
4189	-12.4276312313261
4190	-12.4919900053456
4191	-12.5349057494224
4192	-12.5436176545644
4193	-12.5078939248184
4194	-12.4194534071572
4195	-12.2735368962547
4196	-12.0676142844426
4197	-11.7994698156833
4198	-11.4682148338673
4199	-11.0746713000068
4200	-10.6221052229204
4201	-10.1147528255849
4202	-9.55816717944226
4203	-8.95919193691523
4204	-8.32524745292061
4205	-7.66634686528969
4206	-6.99258848986867
4207	-6.3132198935218
4208	-5.63697619555575
4209	-4.97200017666686
4210	-4.32466566921383
4211	-3.69807338472986
4212	-3.09565480570317
4213	-2.52070397884179
4214	-1.97435193115666
4215	-1.45628663873714
4216	-0.970792232453868
4217	-0.529385106699892
4218	-0.136973017855551
4219	0.221697392013241
4220	0.564262538253242
4221	0.896278342018434
4222	1.21691565762677
4223	1.52476607603494
4224	1.80291748827038
4225	2.0456733435129
4226	2.25468894651658
4227	2.42392648441693
4228	2.56183277272274
4229	2.67799594195764
4230	2.78042105550561
4231	2.87804236530085
4232	2.97771123090532
4233	3.08631647835803
4234	3.20906101026217
4235	3.34750160179351
4236	3.50164717941977
4237	3.67166517682318
4238	3.85582435524813
4239	4.05124745853014
4240	4.25596065236317
4241	4.46843241979057
4242	4.68731789684988
4243	4.91019825826807
4244	5.13415258332518
4245	5.35814036501044
4246	5.58065480112739
4247	5.80106129468679
4248	6.02126716629623
4249	6.24590626818877
4250	6.47734936653251
4251	6.71362460572376
4252	6.94911445204038
4253	7.1761792913742
4254	7.38239010033077
4255	7.56460564608419
4256	7.7162598659308
4257	7.83107657101868
4258	7.91946528830892
4259	7.99685194888148
4260	8.07274257193088
4261	8.13992336771621
4262	8.18767222437148
4263	8.21423591021149
4264	8.23451642701466
4265	8.25972144270674
4266	8.28267896189603
4267	8.28766560875423
4268	8.26589766335008
4269	8.22758554774813
4270	8.18844723645736
4271	8.15375236690653
4272	8.11585331239609
4273	8.06576272706663
4274	8.00453789667931
4275	7.94313379764491
4276	7.88921225613565
4277	7.84176055123439
4278	7.79502828942017
4279	7.74185932007848
4280	7.68245893097422
4281	7.62510061415125
4282	7.57369913725416
4283	7.52281902317739
4284	7.46592370599854
4285	7.40231696177467
4286	7.33994113329922
4287	7.28513865007628
4288	7.23768580675098
4289	7.19888379656279
4290	7.1694483334185
4291	7.1459810213583
4292	7.12310147202608
4293	7.09921083227282
4294	7.07803431240012
4295	7.06039890272009
4296	7.04487224389704
4297	7.02899320043586
4298	7.01069688276077
4299	6.99099288631426
4300	6.97226421196896
4301	6.955458045916
4302	6.93859596112919
4303	6.91734230008828
4304	6.88826313400982
4305	6.85427380316075
4306	6.81944838571489
4307	6.7845777209361
4308	6.74948114073046
4309	6.71049545137327
4310	6.66506556390377
4311	6.61570051491433
4312	6.56569684426367
4313	6.51723823157856
4314	6.46965894533805
4315	6.41962622513955
4316	6.3639172917012
4317	6.30098227650198
4318	6.23075968137474
4319	6.15350779066254
4320	6.07145711833641
4321	5.98626449802709
4322	5.89888252388156
4323	5.80876777093741
4324	5.7159528866535
4325	5.62299070604807
4326	5.53110489810194
4327	5.44175003796903
4328	5.35739848435235
4329	5.27787123613547
4330	5.20226657735901
4331	5.13098431375168
4332	5.06341395804815
4333	4.9975253163528
4334	4.93301177573831
4335	4.86998740047949
4336	4.80617215126639
4337	4.7389081965546
4338	4.66814444448118
4339	4.59625496187787
4340	4.52733854637575
4341	4.46950649026615
4342	4.43232650783651
4343	4.42154546531348
4344	4.43842557844932
4345	4.48457912688659
4346	4.56311667631497
4347	4.67648675682578
4348	4.82575614586413
4349	5.010583452897
4350	5.22920021934969
4351	5.47353186720996
4352	5.73074238495936
4353	5.99083805618585
4354	6.24921827625817
4355	6.50453181261498
4356	6.75299026755615
4357	6.99336257068105
4358	7.22295144607543
4359	7.4334835272724
4360	7.62628921352159
4361	7.80457625375761
4362	7.96938660930269
4363	8.11896969300908
4364	8.24933982501301
4365	8.36316451623553
4366	8.46427384283263
4367	8.54981745747038
4368	8.61736182097562
4369	8.6705510032924
4370	8.71154154026296
4371	8.73971294922531
4372	8.75715425189919
4373	8.76602926313299
4374	8.76637023796224
4375	8.75846845723017
4376	8.74241964086007
4377	8.71895882312354
4378	8.68725946841675
4379	8.64647698494986
4380	8.59771642291829
4381	8.5415874742522
4382	8.47804212848498
4383	8.40902612652563
4384	8.33578532034936
4385	8.25730412065757
4386	8.17225094411684
4387	8.07898817075987
4388	7.97346045239279
4389	7.85276422839777
4390	7.71737712867558
4391	7.57130259529619
4392	7.41851985451208
4393	7.26201961610147
4394	7.10416643301364
4395	6.94309926212679
4396	6.77387690255274
4397	6.59681899863106
4398	6.41500993592021
4399	6.2360697325243
4400	6.06728583041774
4401	5.90696138370058
4402	5.74624085457499
4403	5.5786888884575
4404	5.40347832313553
4405	5.21908584759607
4406	5.02954570289349
4407	4.83473108399416
4408	4.63684834057085
4409	4.43728715378072
4410	4.2340563313604
4411	4.02741050774148
4412	3.81331475862296
4413	3.58907430426062
4414	3.35342601542626
4415	3.10699132929602
4416	2.85173722464855
4417	2.5899930907304
4418	2.32411904089562
4419	2.05652194525663
4420	1.78938384603489
4421	1.52377983481957
4422	1.26143282856854
4423	1.00322294736558
4424	0.749135921862163
4425	0.500280434242826
4426	0.257663504066361
4427	0.0208748741374853
4428	-0.210592288172665
4429	-0.436121728614616
4430	-0.654934413324305
4431	-0.867143114680397
4432	-1.07283336876654
4433	-1.27206395937434
4434	-1.46567543330122
4435	-1.6543598308849
4436	-1.8384672948832
4437	-2.01797366114428
4438	-2.19222032838822
4439	-2.36035970753326
4440	-2.51996483132216
4441	-2.66719058546804
4442	-2.79444090910496
4443	-2.89815869235735
4444	-2.98621941191209
4445	-3.07275453082429
4446	-3.1697253372307
4447	-3.2828709770421
4448	-3.41512748058003
4449	-3.56953042175958
4450	-3.74811074703159
4451	-3.95018853204112
4452	-4.17424660064737
4453	-4.41715430310733
4454	-4.67387784822453
4455	-4.94156942213318
4456	-5.21869214456456
4457	-5.50254493711302
4458	-5.78974869983659
4459	-6.0767844926454
4460	-6.36232205306999
4461	-6.64559418076834
4462	-6.92501941104718
4463	-7.20010861380568
4464	-7.47044567562332
4465	-7.73586240217182
4466	-7.99605246157456
4467	-8.24951267061813
4468	-8.49608028561427
4469	-8.73640484175456
4470	-8.96999493541911
4471	-9.19654365760591
4472	-9.41652497299204
4473	-9.62935045721601
4474	-9.83084012886395
4475	-10.0122441904871
4476	-10.1666211442853
4477	-10.2882198275623
4478	-10.3745596539841
4479	-10.4347275193518
4480	-10.4787483296681
4481	-10.5111980777706
4482	-10.5354049396424
4483	-10.5538386469689
4484	-10.5690091922366
4485	-10.5840035403407
4486	-10.5994904375098
4487	-10.6155517632836
4488	-10.6319300740088
4489	-10.6480333399825
4490	-10.6629010423677
4491	-10.6751612696347
4492	-10.684771458044
4493	-10.6921937350782
4494	-10.697498933717
4495	-10.6998394010278
4496	-10.6991003843271
4497	-10.6953323913557
4498	-10.6876275279822
4499	-10.6759668497914
4500	-10.6615107377079
4501	-10.6446037581948
4502	-10.6250522059013
4503	-10.6028687517507
4504	-10.577839980902
4505	-10.5492277077285
4506	-10.5157990158989
4507	-10.4756769478506
4508	-10.4241752537558
4509	-10.3569544604497
4510	-10.2729996958226
4511	-10.1719444275131
4512	-10.0508160296636
4513	-9.90819779730961
4514	-9.74516755319101
4515	-9.56125331268989
4516	-9.35696194999214
4517	-9.13389374675593
4518	-8.89329480382102
4519	-8.63646020686345
4520	-8.36393304461426
4521	-8.07709000498924
4522	-7.77743964339172
4523	-7.46668391245148
4524	-7.1468035923026
4525	-6.81982761122443
4526	-6.48704188166094
4527	-6.15040454792881
4528	-5.81286846229612
4529	-5.4765801204708
4530	-5.14306412167439
4531	-4.81374618237713
4532	-4.49180211148389
4533	-4.17821744799372
4534	-3.87223677728799
4535	-3.57512784036689
4536	-3.28786054984891
4537	-3.01041266058634
4538	-2.74266539607027
4539	-2.48436408613315
4540	-2.23560159511546
4541	-1.99603685042263
4542	-1.76484601241666
4543	-1.54116029979254
4544	-1.32498272843006
4545	-1.11622159568706
4546	-0.913796413482328
4547	-0.717862434932522
4548	-0.528708312149331
4549	-0.345610471514718
4550	-0.167634791587661
4551	0.00615104059120945
4552	0.176704664035926
4553	0.344038491188313
4554	0.506744665293886
4555	0.664939682513031
4556	0.819774072770422
4557	0.971903953968224
4558	1.12208674225568
4559	1.27030562611681
4560	1.41638878742011
4561	1.55764437454606
4562	1.69143810628462
4563	1.80618530324151
4564	1.89223372152958
4565	1.9514142059721
4566	1.98742066516377
4567	2.00660842037604
4568	2.01704508948007
4569	2.02778612068798
4570	2.04465092069024
4571	2.07154394787169
4572	2.11058015476919
4573	2.16245967383834
4574	2.2272351586649
4575	2.30466395954553
4576	2.39390049769645
4577	2.49384640182238
4578	2.60280297725624
4579	2.7182680921426
4580	2.83699886318482
4581	2.95696978139876
4582	3.0778643961491
4583	3.19966125740483
4584	3.32110951107618
4585	3.44215967413815
4586	3.56287018631831
4587	3.6819806675548
4588	3.79946448417075
4589	3.91574017929534
4590	4.03067903452403
4591	4.14358335953862
4592	4.2539321908956
4593	4.36106486637569
4594	4.46562453440662
4595	4.56880692473948
4596	4.67092029453612
4597	4.77157878714152
4598	4.87075072718682
4599	4.96908847546533
4600	5.06724636013592
4601	5.16544861569829
4602	5.26252677611459
4603	5.35769520925753
4604	5.4516068743095
4605	5.54466452564154
4606	5.63683842749495
4607	5.72753486929996
4608	5.81595070993064
4609	5.9025358583981
4610	5.98808392783416
4611	6.07216855501027
4612	6.15419870244847
4613	6.23426541668282
4614	6.31257086987821
4615	6.38942342395238
4616	6.46452466489363
4617	6.53795340892745
4618	6.60948875468445
4619	6.67954242823421
4620	6.74949288198591
4621	6.82014982105031
4622	6.89334527486329
4623	6.97190553967012
4624	7.0594782586234
4625	7.1583213741946
4626	7.26137499522905
4627	7.36157593679336
4628	7.46099365759028
4629	7.56651658028436
4630	7.68373445932461
4631	7.81475035565872
4632	7.96213223152383
4633	8.12730040620316
4634	8.30777488733677
4635	8.5008115734524
4636	8.70446361917127
4637	8.91721622617122
4638	9.1377200091901
4639	9.36357481258882
4640	9.59219149617682
4641	9.82077223699887
4642	10.0478701518817
4643	10.2731181709431
4644	10.4947133681814
4645	10.7114435516881
4646	10.9234336270861
4647	11.1303676004338
4648	11.3313307284643
4649	11.5264878379151
4650	11.7170602422001
4651	11.9032639992127
4652	12.084475068966
4653	12.2594866170643
4654	12.4246780005163
4655	12.576357463275
4656	12.7122799599712
4657	12.8274904185202
4658	12.9146769564135
4659	12.9702446021033
4660	12.9916997359221
4661	12.9750895966451
4662	12.9211004516871
4663	12.8321486345434
4664	12.714396148886
4665	12.5725062646859
4666	12.4144451407477
4667	12.2471052668505
4668	12.0705275319736
4669	11.8907569865878
4670	11.70991915567
4671	11.5177365998582
4672	11.3078006115215
4673	11.0895335308014
4674	10.8686428630826
4675	10.6428259601851
4676	10.4090820896321
4677	10.1629085231737
4678	9.90097350248219
4679	9.620362038846
4680	9.31932386125167
4681	8.99771055520961
4682	8.6563028777063
4683	8.29566327474484
4684	7.91795690995936
4685	7.52655342410138
4686	7.12371802262501
4687	6.71245066651134
4688	6.29735578234615
4689	5.88140826520431
4690	5.46756468642293
4691	5.05930939159344
4692	4.65772401639818
4693	4.26451322222779
4694	3.88221295833684
4695	3.51331531925838
4696	3.15954520159073
4697	2.82387803077513
4698	2.5096938298741
4699	2.22293157734616
4700	1.96866163218294
4701	1.74849159812061
4702	1.55359071020537
4703	1.37345463242554
4704	1.20425991117009
4705	1.03943048120428
4706	0.875128887921933
4707	0.711884722867455
4708	0.555696564023937
4709	0.410128960892568
4710	0.274777662056061
4711	0.148834560461604
4712	0.030624466887408
4713	-0.0813943048391822
4714	-0.186883867027224
4715	-0.284742501636579
4716	-0.375330536485303
4717	-0.45936582839281
4718	-0.53723259905248
4719	-0.608816799296561
4720	-0.674478848869621
4721	-0.734830501488082
4722	-0.78974288859724
4723	-0.837667229409224
4724	-0.87927342523004
4725	-0.918051323814344
4726	-0.955929439835248
4727	-0.992781034287505
4728	-1.02642739498031
4729	-1.05440223098348
4730	-1.08086553218393
4731	-1.11098902395004
4732	-1.14390262287954
4733	-1.17625262141355
4734	-1.20335668081555
4735	-1.22603653522291
4736	-1.24965272034862
4737	-1.27596171465186
4738	-1.30606661557954
4739	-1.33807176421538
4740	-1.36738950002791
4741	-1.39305103866312
4742	-1.41832493289609
4743	-1.44480097306379
4744	-1.47340698405253
4745	-1.50039632898026
4746	-1.52189548981441
4747	-1.54388890884015
4748	-1.56883149507636
4749	-1.59536431387159
4750	-1.61757698094043
4751	-1.63002775291918
4752	-1.6380870250397
4753	-1.64694751296579
4754	-1.65647778227418
4755	-1.66071152283847
4756	-1.65370334031794
4757	-1.63942106560581
4758	-1.62493868681622
4759	-1.61312803526007
4760	-1.60364180714467
4761	-1.59012135492322
4762	-1.56766930405936
4763	-1.54501683195789
4764	-1.52891587999122
4765	-1.51966216962042
4766	-1.51689624717269
4767	-1.51838428923935
4768	-1.52398200163821
4769	-1.535136943662
4770	-1.5509991671797
4771	-1.57234132467776
4772	-1.59901827678464
4773	-1.62809461036356
4774	-1.65899881350753
4775	-1.69152678205286
4776	-1.72631554956981
4777	-1.76454216818966
4778	-1.80469243579319
4779	-1.84409354454064
4780	-1.88177649108771
4781	-1.91795220174894
4782	-1.95352717773754
4783	-1.98603791344414
4784	-2.00599852050419
4785	-2.00684695186709
4786	-1.99961387532595
4787	-1.99782092888502
4788	-2.00163446318414
4789	-2.00052088851434
4790	-1.9841456463452
4791	-1.95590920065061
4792	-1.92811401005669
4793	-1.90662016607469
4794	-1.89110218730283
4795	-1.879700237722
4796	-1.87073195959423
4797	-1.86637492982764
4798	-1.8651860815827
4799	-1.86622513369002
4800	-1.87041815479266
4801	-1.87532339319201
4802	-1.87916722762277
4803	-1.88507583435323
4804	-1.89336838917411
4805	-1.90290369790043
4806	-1.9132771203437
4807	-1.91899996733752
4808	-1.91794170126137
4809	-1.91519493124579
4810	-1.91483886061165
4811	-1.91714062969071
4812	-1.9192154208408
4813	-1.91785570664693
4814	-1.91446201131661
4815	-1.9119138522252
4816	-1.91168120168957
4817	-1.91396790126549
4818	-1.91423224579961
4819	-1.90869056130449
4820	-1.90142356364952
4821	-1.89756838783999
4822	-1.89893806018539
4823	-1.90117559361179
4824	-1.898086903493
4825	-1.88833226172387
4826	-1.8782110864072
4827	-1.87277799889574
4828	-1.87166004271227
4829	-1.86827202539648
4830	-1.85525301872881
4831	-1.83462586039419
4832	-1.81543442426644
4833	-1.80389326629982
4834	-1.79823903499209
4835	-1.79165742303211
4836	-1.77862544333885
4837	-1.76042976211969
4838	-1.74346652613958
4839	-1.73152473728865
4840	-1.72183204543586
4841	-1.70992216685833
4842	-1.69470248988251
4843	-1.67730291703334
4844	-1.65804273296598
4845	-1.63630094502222
4846	-1.61116244277938
4847	-1.5831518619728
4848	-1.55324979686691
4849	-1.51917339079639
4850	-1.48123818309049
4851	-1.440976832371
4852	-1.39890331082212
4853	-1.35568795289991
4854	-1.31192444256022
4855	-1.26924412750291
4856	-1.22869630648946
4857	-1.1910753828954
4858	-1.1571526590731
4859	-1.12771670272166
4860	-1.09940400884328
4861	-1.06899195789084
4862	-1.03779869133113
4863	-1.01005727174881
4864	-0.991352789884905
4865	-0.981526907514629
4866	-0.973368153446871
4867	-0.960493216109206
4868	-0.943645139580958
4869	-0.929904635519068
4870	-0.923037790621958
4871	-0.919078905763037
4872	-0.911162256563803
4873	-0.896737453437708
4874	-0.881951793363937
4875	-0.87438567857005
4876	-0.87613189593877
4877	-0.880213227934601
4878	-0.87921001340839
4879	-0.872988762821761
4880	-0.869015947156797
4881	-0.873662901799518
4882	-0.885458273651044
4883	-0.896988453463203
4884	-0.902272120095722
4885	-0.905286091107336
4886	-0.912533552964115
4887	-0.925420259936751
4888	-0.938783393547173
4889	-0.945921623611329
4890	-0.945426963680334
4891	-0.944612344974567
4892	-0.95301252347286
4893	-0.972247378504588
4894	-0.995500131522408
4895	-1.01384521238203
4896	-1.02421210778841
4897	-1.0300316653537
4898	-1.03654106366936
4899	-1.04798044840668
4900	-1.06483526009626
4901	-1.08511627677667
4902	-1.10540734772204
4903	-1.12163815515105
4904	-1.13358889976542
4905	-1.14255576761737
4906	-1.14884227526342
4907	-1.15241189243981
4908	-1.15403770946849
4909	-1.15583440212036
4910	-1.15890712950767
4911	-1.16340822337398
4912	-1.16933213279965
4913	-1.17625585602426
4914	-1.18290107386064
4915	-1.1867506579537
4916	-1.18602484768342
4917	-1.17940464106313
4918	-1.16513531533715
4919	-1.14213485426886
4920	-1.11057002482979
4921	-1.06997516491994
4922	-1.02100153799312
4923	-0.966160426666491
4924	-0.907473836696489
4925	-0.845339212448611
4926	-0.780073942954603
4927	-0.711952510221715
4928	-0.640882793012929
4929	-0.567380972725181
4930	-0.491145719735019
4931	-0.416995601198629
4932	-0.35249849155759
4933	-0.298572444253221
4934	-0.257382793445657
4935	-0.228628105675702
4936	-0.205719422873117
4937	-0.187458762640203
4938	-0.172184822538129
4939	-0.158706324793889
4940	-0.148569459475099
4941	-0.141100769591937
4942	-0.135838525822191
4943	-0.133706632129128
4944	-0.134368092477241
4945	-0.140596320834566
4946	-0.150583210682283
4947	-0.158458031003753
4948	-0.159605845320601
4949	-0.153911018725974
4950	-0.147282651451353
4951	-0.14457504857297
4952	-0.145565508096457
4953	-0.147776311530836
4954	-0.14886503370937
4955	-0.148430829388219
4956	-0.148316246333221
4957	-0.152300063395547
4958	-0.160025945177105
4959	-0.168869252508015
4960	-0.177335562980768
4961	-0.183420131760743
4962	-0.188830204140639
4963	-0.194321712681361
4964	-0.199962887069794
4965	-0.205062755105252
4966	-0.20919729547472
4967	-0.211784281351065
4968	-0.213424633907609
4969	-0.213716413998338
4970	-0.214976126402033
4971	-0.218080444703649
4972	-0.222166513572997
4973	-0.226173107074365
4974	-0.229854610736146
4975	-0.231462241838164
4976	-0.231256503150324
4977	-0.23088967049609
4978	-0.23045952324622
4979	-0.229471542562736
4980	-0.227622854811816
4981	-0.226251781240873
4982	-0.225179432260539
4983	-0.224958248704797
4984	-0.224143583815249
4985	-0.222228867756216
4986	-0.218182648078157
4987	-0.211698196652844
4988	-0.204221319122473
4989	-0.196915190475357
4990	-0.18814040643504
4991	-0.178635495386413
4992	-0.168619305435988
4993	-0.158418514775674
4994	-0.149215203924852
4995	-0.141653519137359
4996	-0.13497274634758
4997	-0.129530509647795
4998	-0.124687089852755
4999	-0.119820857829857
5000	-0.115510885127442
5001	-0.110701408878897
5002	-0.104225430391167
5003	-0.0959769675313443
5004	-0.0859572203607812
5005	-0.0746797686292317
5006	-0.0622770283116786
5007	-0.0502721008548393
5008	-0.03827448695207
5009	-0.0268219998429093
5010	-0.0170659375587207
5011	-0.00871797114082861
5012	-0.00190478992268704
5013	0.0051474540509699
5014	0.0133955292448121
5015	0.0236878407627154
5016	0.0325865421600521
5017	0.0371114571064569
5018	0.0360706378392712
5019	0.0333995000856521
5020	0.0310915670016449
5021	0.0289067169567479
5022	0.0265927487250706
5023	0.0237333187231165
5024	0.0208301030518869
5025	0.0183627750412968
5026	0.0164481777514179
5027	0.0170392025916616
5028	0.0195518893773161
5029	0.0224725975564825
5030	0.0258003449754373
5031	0.0303723354519519
5032	0.036178022442739
5033	0.0435170728277165
5034	0.0520234658761509
5035	0.0619821375467014
5036	0.0746004535669054
5037	0.0882568873783516
5038	0.10272098799832
5039	0.116601732594684
5040	0.12887814111997
5041	0.138238230373371
5042	0.148300537294382
5043	0.161159317898981
5044	0.175843284441519
5045	0.188627768693878
5046	0.196197095126709
5047	0.198367420406547
5048	0.199290948600835
5049	0.202500150853554
5050	0.207047379136246
5051	0.20876857626631
5052	0.20480365272569
5053	0.19756338551211
5054	0.191226324632759
5055	0.18805752848152
5056	0.185653602880272
5057	0.181067451402923
5058	0.173818968715689
5059	0.166293639619719
5060	0.161133030134459
5061	0.159428861539379
5062	0.158331756557525
5063	0.15447008761564
5064	0.146517471986469
5065	0.139587434347229
5066	0.138600348700615
5067	0.142357241253278
5068	0.144622150424571
5069	0.141875659349847
5070	0.137174917436092
5071	0.134333160725704
5072	0.134707403552625
5073	0.136432697980918
5074	0.134965037523108
5075	0.127402607244494
5076	0.118669361118817
5077	0.112295220542193
5078	0.109361568065116
5079	0.106092331380934
5080	0.0983697148676414
5081	0.0854940567317147
5082	0.0710732955401087
5083	0.0573594065727708
5084	0.0442860577068888
5085	0.0314044623268186
5086	0.0159480533426108
5087	-0.00282467634966914
5088	-0.0202783575142988
5089	-0.0336229605845833
5090	-0.0425663023727228
5091	-0.05070087172233
5092	-0.0635971203670203
5093	-0.0807575926370567
5094	-0.0961319785594249
5095	-0.106917888842413
5096	-0.11327830234395
5097	-0.118990440020887
5098	-0.130021791564941
5099	-0.145119365276395
5100	-0.158096157195259
5101	-0.164092127427579
5102	-0.162521800202591
5103	-0.160957321877251
5104	-0.167511598784734
5105	-0.182196915978714
5106	-0.196921492504638
5107	-0.204729799527129
5108	-0.205690093583801
5109	-0.207157563428026
5110	-0.215293106403109
5111	-0.228555862406442
5112	-0.240895752249158
5113	-0.248284628340535
5114	-0.251727927892107
5115	-0.257690783106058
5116	-0.271290716154044
5117	-0.290696333509939
5118	-0.308315486246575
5119	-0.319517826230506
5120	-0.325089175917924
5121	-0.330506190717577
5122	-0.340656154175624
5123	-0.354652492123556
5124	-0.367504544341683
5125	-0.37532474583716
5126	-0.378725047476225
5127	-0.382555671922988
5128	-0.389196138340184
5129	-0.39675005167334
5130	-0.401743652593519
5131	-0.401446427557225
5132	-0.396854929065676
5133	-0.39329134889273
5134	-0.39419572412708
5135	-0.39781782317184
5136	-0.399871119529252
5137	-0.396207508904448
5138	-0.386093025797955
5139	-0.37597003284584
5140	-0.3711129230866
5141	-0.369773418082477
5142	-0.366590273521655
5143	-0.358633055443686
5144	-0.347541100771439
5145	-0.338734820281963
5146	-0.336052236347411
5147	-0.336778549131615
5148	-0.336426579958064
5149	-0.332821350923395
5150	-0.327596621897838
5151	-0.325636550760165
5152	-0.3295740268436
5153	-0.333929759868275
5154	-0.334139183157936
5155	-0.329612995941401
5156	-0.325332169644307
5157	-0.324902776873324
5158	-0.3281729897095
5159	-0.331650322955879
5160	-0.332243299476712
5161	-0.329389727113599
5162	-0.327527536745294
5163	-0.330813819954803
5164	-0.337656680312042
5165	-0.344334748666415
5166	-0.347522360584473
5167	-0.34867093997686
5168	-0.352747695412025
5169	-0.362003238775957
5170	-0.373064930689884
5171	-0.382403975445306
5172	-0.388797355137229
5173	-0.394010166842652
5174	-0.401013596248856
5175	-0.411787831673773
5176	-0.423452704496045
5177	-0.434744493513825
5178	-0.444828621761754
5179	-0.454754731823388
5180	-0.465369631026688
5181	-0.476257230423367
5182	-0.487274664707515
5183	-0.498406791031111
5184	-0.510100375777697
5185	-0.5209733217844
5186	-0.529287083718287
5187	-0.536223939413761
5188	-0.544750910060401
5189	-0.556370450317165
5190	-0.569441502570833
5191	-0.579836893362685
5192	-0.586811341014588
5193	-0.593171171658229
5194	-0.603654235314147
5195	-0.621174464312975
5196	-0.643545768739188
5197	-0.666446547269813
5198	-0.688298378424222
5199	-0.708525668209332
5200	-0.728504913152774
5201	-0.748065093294636
5202	-0.768605019223972
5203	-0.789433864452438
5204	-0.808775977897877
5205	-0.826762419572705
5206	-0.841593862084628
5207	-0.8526431780201
5208	-0.863677832774064
5209	-0.877321687304975
5210	-0.892481800625823
5211	-0.907038352961015
5212	-0.919613445341107
5213	-0.932223254276453
5214	-0.947739772477119
5215	-0.966855177562219
5216	-0.985917787735278
5217	-1.00376146104667
5218	-1.01999923175749
5219	-1.03598168713263
5220	-1.05194812195564
5221	-1.06794580375461
5222	-1.08495993113491
5223	-1.10485918964135
5224	-1.12803359728043
5225	-1.15183893418303
5226	-1.17423763624676
5227	-1.19337431384089
5228	-1.21224701951697
5229	-1.2321223977309
5230	-1.25297718190049
5231	-1.27412131228086
5232	-1.29381788339642
5233	-1.30982726293994
5234	-1.32157123760011
5235	-1.33209853713569
5236	-1.34476693918499
5237	-1.36092408381705
5238	-1.37652217988657
5239	-1.38781690557626
5240	-1.39340830544284
5241	-1.39693573670271
5242	-1.40335191722385
5243	-1.41259771237159
5244	-1.41875316802939
5245	-1.41797952642755
5246	-1.41162489309841
5247	-1.40569056670408
5248	-1.40525412512202
5249	-1.40951475761248
5250	-1.41273776084526
5251	-1.41137650250358
5252	-1.40630804786349
5253	-1.40196377371513
5254	-1.40172609826006
5255	-1.40487500190965
5256	-1.40740365017199
5257	-1.40556837312937
5258	-1.39972583575897
5259	-1.39485348730605
5260	-1.39491816949273
5261	-1.39720151190401
5262	-1.39720235497483
5263	-1.39270226636378
5264	-1.387494900312
5265	-1.38668975842856
5266	-1.39183472980125
5267	-1.39719098366705
5268	-1.39771133197392
5269	-1.392773105655
5270	-1.38931503228241
5271	-1.39188598674971
5272	-1.3976811739581
5273	-1.40162711637661
5274	-1.40012285760113
5275	-1.39457796696275
5276	-1.39060808295675
5277	-1.39201348626552
5278	-1.39596902674347
5279	-1.39692797166971
5280	-1.3924271582076
5281	-1.38678425241439
5282	-1.38514636633684
5283	-1.38965274819195
5284	-1.39407484842964
5285	-1.39285309235753
5286	-1.38716427539572
5287	-1.38338889719538
5288	-1.38676862014575
5289	-1.39574776610608
5290	-1.40339015272882
5291	-1.40590967933554
5292	-1.40633701758135
5293	-1.41083380930427
5294	-1.42278459072708
5295	-1.4382362665137
5296	-1.45010697825332
5297	-1.45612990562539
5298	-1.46188400588889
5299	-1.472087581708
5300	-1.48729027307908
5301	-1.50312201622082
5302	-1.51376293778462
5303	-1.51767207573185
5304	-1.52166534947611
5305	-1.53245252405933
5306	-1.54833862367784
5307	-1.56072698346586
5308	-1.5633494701341
5309	-1.55927354596358
5310	-1.55738193684364
5311	-1.56397829564876
5312	-1.57587703781318
5313	-1.58398877148228
5314	-1.58383320838835
5315	-1.57971293776364
5316	-1.5800686320461
5317	-1.58924722851029
5318	-1.60064220352269
5319	-1.6047694701084
5320	-1.5995752334787
5321	-1.59319127606791
5322	-1.59466142066135
5323	-1.60402627075194
5324	-1.61247499410733
5325	-1.61298596923469
5326	-1.60611403704303
5327	-1.60008659477047
5328	-1.60231414755145
5329	-1.60990664749927
5330	-1.61340051875577
5331	-1.60775189180677
5332	-1.59655485093203
5333	-1.58931616610079
5334	-1.59060388476083
5335	-1.59754273634332
5336	-1.60136291901077
5337	-1.59387917322944
5338	-1.57842824729301
5339	-1.56629949087359
5340	-1.56359574079014
5341	-1.56616072064269
5342	-1.5643487915242
5343	-1.55208871297591
5344	-1.53488084719315
5345	-1.5224364008704
5346	-1.51795601713109
5347	-1.514173533714
5348	-1.50267124361324
5349	-1.48273583407944
5350	-1.46343909042116
5351	-1.45206520427662
5352	-1.44799037283331
5353	-1.44373311022217
5354	-1.43304000908294
5355	-1.41704638144802
5356	-1.40300849709818
5357	-1.39626199305222
5358	-1.39551341779989
5359	-1.39424443157288
5360	-1.38645975095251
5361	-1.37318483147412
5362	-1.36148947174176
5363	-1.35627147991834
5364	-1.35573352518895
5365	-1.35338790477623
5366	-1.34552965507338
5367	-1.33362762687047
5368	-1.32380414135602
5369	-1.32007034761199
5370	-1.31894730464835
5371	-1.31418780155926
5372	-1.30358169174256
5373	-1.29020994898378
5374	-1.28015169369889
5375	-1.27641761953223
5376	-1.27465174261375
5377	-1.26791508635456
5378	-1.2534439934902
5379	-1.23659759546212
5380	-1.22335546825225
5381	-1.21453897541705
5382	-1.20558179033051
5383	-1.19238996560508
5384	-1.17398857484855
5385	-1.15575752934004
5386	-1.14260662766625
5387	-1.13327938689955
5388	-1.12160355077226
5389	-1.10271207789157
5390	-1.07867991778376
5391	-1.05698338885343
5392	-1.0437816436872
5393	-1.03668239960337
5394	-1.02599488979339
5395	-1.00625206089487
5396	-0.982976504976484
5397	-0.965547001723401
5398	-0.958721415576109
5399	-0.955655203676869
5400	-0.944743332809999
5401	-0.921959623971865
5402	-0.895284772659609
5403	-0.877436527907488
5404	-0.872133451078758
5405	-0.866801407875787
5406	-0.847234287507402
5407	-0.815579995395704
5408	-0.787809204039743
5409	-0.775181712935085
5410	-0.771622902358323
5411	-0.760258100799295
5412	-0.732007400897694
5413	-0.698291676720932
5414	-0.675264116184976
5415	-0.666696233790401
5416	-0.658112676000634
5417	-0.632996884549992
5418	-0.592463479355665
5419	-0.55364666599314
5420	-0.530642022780804
5421	-0.522099454366265
5422	-0.512547372021087
5423	-0.48847750804913
5424	-0.452093183204756
5425	-0.417823281333764
5426	-0.396972136101351
5427	-0.385733120531569
5428	-0.371615428689244
5429	-0.348229047545099
5430	-0.321284864433238
5431	-0.299597213627477
5432	-0.285348219302441
5433	-0.272380450198863
5434	-0.253248624144816
5435	-0.226793110611131
5436	-0.200678510267032
5437	-0.179990284048996
5438	-0.164913548554591
5439	-0.149919858558889
5440	-0.129863280189234
5441	-0.10581189611112
5442	-0.0840930112032272
5443	-0.0701905283458312
5444	-0.0639726814150097
5445	-0.0595819193374346
5446	-0.0520466338026927
5447	-0.0407737248275663
5448	-0.0301180478190006
5449	-0.0239030641561294
5450	-0.0228889520031634
5451	-0.0224308374726452
5452	-0.0181402415709479
5453	-0.00896186860915892
5454	0.00154553091688295
5455	0.00797828452040072
5456	0.0105678265633544
5457	0.0138689558397087
5458	0.0206084962937802
5459	0.0312867496048452
5460	0.0411947789145906
5461	0.0452593707164738
5462	0.0449805181385204
5463	0.0455277978266836
5464	0.0499431679076345
5465	0.0551331380365345
5466	0.0573588307799246
5467	0.0546531049172017
5468	0.0463132049834028
5469	0.0375700397297877
5470	0.0330416081898429
5471	0.0324445329516221
5472	0.031496399926282
5473	0.0274743506910126
5474	0.0205015119050337
5475	0.0146018887146954
5476	0.0141952666458418
5477	0.0190845771956611
5478	0.0230936649780395
5479	0.0217820960042167
5480	0.0166691967264319
5481	0.0130785609175258
5482	0.014330549969765
5483	0.017817320922821
5484	0.0194618686300964
5485	0.0172891241238559
5486	0.0149037747033379
5487	0.0156109076779118
5488	0.0203493810565667
5489	0.0238697393638554
5490	0.0219572045444616
5491	0.0155807515606138
5492	0.00911620663466362
5493	0.00601302166484431
5494	0.00421497280115547
5495	-3.18554135592868e-05
5496	-0.00870135605690902
5497	-0.0164420887152248
5498	-0.0192966733239057
5499	-0.0187986177586289
5500	-0.0191764014376874
5501	-0.0236528705379497
5502	-0.0329776521233349
5503	-0.0413991053752637
5504	-0.0447601246664666
5505	-0.0444406884467683
5506	-0.0448182245314687
5507	-0.049525389532616
5508	-0.0582946459168496
5509	-0.0655831276765876
5510	-0.0667870566450567
5511	-0.0616844305425763
5512	-0.0555992619811653
5513	-0.0533946135858361
5514	-0.0549665294822563
5515	-0.0557115824735679
5516	-0.0513902235222142
5517	-0.0416360093155124
5518	-0.0310932966899885
5519	-0.025119214748326
5520	-0.0242891376081363
5521	-0.0230951565939777
5522	-0.0163942949207604
5523	-0.00441564637746535
5524	0.00678569900919357
5525	0.0112358007665011
5526	0.00903128601932184
5527	0.00674053067988684
5528	0.00992711780809265
5529	0.0171028635910009
5530	0.0223142682772972
5531	0.0214910106637403
5532	0.0149715029444859
5533	0.0078507657517775
5534	0.00489218052267032
5535	0.0068623184508119
5536	0.00878453404166858
5537	0.00467044841771205
5538	-0.00687150385672066
5539	-0.0197457619455728
5540	-0.0287279300504998
5541	-0.0339693044114126
5542	-0.0402629761932421
5543	-0.0518926567516312
5544	-0.0677366037057668
5545	-0.0833256597852409
5546	-0.0951890325624873
5547	-0.101799023680333
5548	-0.106353223138189
5549	-0.11223120962613
5550	-0.119822254343542
5551	-0.126752585189339
5552	-0.130722317137908
5553	-0.131643205495715
5554	-0.132209451559074
5555	-0.133952841230359
5556	-0.137062684856713
5557	-0.140541851570274
5558	-0.143460440274303
5559	-0.145678017961233
5560	-0.147783096260083
5561	-0.149893871794897
5562	-0.15131065695951
5563	-0.151809166076205
5564	-0.151173555847555
5565	-0.150026763181422
5566	-0.149183757597352
5567	-0.148196356076042
5568	-0.147429960022823
5569	-0.147370007274
5570	-0.148446952309712
5571	-0.152419216411886
5572	-0.158083798960865
5573	-0.164863167416576
5574	-0.170825356871353
5575	-0.177635148503724
5576	-0.18673210874951
5577	-0.197618509879908
5578	-0.208136977451833
5579	-0.218701088651017
5580	-0.232103324177923
5581	-0.2489994672827
5582	-0.268499850514907
5583	-0.287621349208501
5584	-0.305016533832776
5585	-0.321081917291964
5586	-0.340129178648789
5587	-0.364203055626063
5588	-0.387949370605082
5589	-0.404713360487556
5590	-0.41144673612726
5591	-0.413307509304679
5592	-0.419024132401222
5593	-0.432693729060479
5594	-0.454530293805225
5595	-0.482554724261168
5596	-0.51148174973588
5597	-0.534191407606959
5598	-0.54522812877891
5599	-0.540932391160768
5600	-0.519707866476507
5601	-0.481827295209422
5602	-0.428062972300754
5603	-0.357939602144042
5604	-0.273362907030995
5605	-0.177903405997897
5606	-0.074352573112026
5607	0.0327963334717806
5608	0.138548168223717
5609	0.238645990506322
5610	0.335737757099627
5611	0.435068983143878
5612	0.535733843253686
5613	0.631270408696227
5614	0.722342465191875
5615	0.812156023285394
5616	0.896987041639468
5617	0.972988955999485
5618	1.04128809669626
5619	1.10386775158169
5620	1.16070339720344
5621	1.21224526830941
5622	1.25860851290715
5623	1.30016702741627
5624	1.33642929322541
5625	1.36586279962218
5626	1.38742681303525
5627	1.39982616742656
5628	1.40120686731912
5629	1.39239353024153
5630	1.3775645016779
5631	1.36144601366082
5632	1.34796057966351
5633	1.34104373116651
5634	1.34388220554397
5635	1.35863651341537
5636	1.3855655850498
5637	1.42343441232569
5638	1.47198214047333
5639	1.53078268157547
5640	1.5988520654601
5641	1.67521333569729
5642	1.75791458628658
5643	1.84427768529222
5644	1.93271761756404
5645	2.02253434223606
5646	2.11341026537701
5647	2.20454977182523
5648	2.29775914741872
5649	2.39685659359974
5650	2.50445871322468
5651	2.6202014129704
5652	2.73827145523463
5653	2.85162515607619
5654	2.95307672499394
5655	3.03970999664895
5656	3.1122056621305
5657	3.16894071141211
5658	3.20802799407824
5659	3.22806169578622
5660	3.22866057480787
5661	3.20983531589108
5662	3.17186511779254
5663	3.11527598172633
5664	3.04125182291901
5665	2.95147772659214
5666	2.84721618359472
5667	2.72966449380291
5668	2.60050774015807
5669	2.4608519126513
5670	2.31062956977554
5671	2.15046485254802
5672	1.98117504041127
5673	1.80177252613486
5674	1.61255346971873
5675	1.41529716235026
5676	1.21100082039847
5677	1.00012332787272
5678	0.783516814118192
5679	0.562645507551698
5680	0.338699287284927
5681	0.112814511615284
5682	-0.114246929864375
5683	-0.341792220193554
5684	-0.568616526157525
5685	-0.794094469290298
5686	-1.01658186265541
5687	-1.23483404975554
5688	-1.44842911463234
5689	-1.65606705880104
5690	-1.85721605780194
5691	-2.05180838916444
5692	-2.23985073269313
5693	-2.42134461260781
5694	-2.59664654375406
5695	-2.76615309071682
5696	-2.92965266022305
5697	-3.08590412752225
5698	-3.23403414534931
5699	-3.37449220264844
5700	-3.50970771351359
5701	-3.64317571485939
5702	-3.77433352016772
5703	-3.89493721655161
5704	-3.99903957797673
5705	-4.08976268476456
5706	-4.168464876995
5707	-4.23432108026041
5708	-4.28651380777498
5709	-4.322918731548
5710	-4.34471009600932
5711	-4.35353416128768
5712	-4.35088167949205
5713	-4.33795497724468
5714	-4.31549574445275
5715	-4.28591941741069
5716	-4.24941477763964
5717	-4.20531540895139
5718	-4.15510552723211
5719	-4.10097771815855
5720	-4.04342709917085
5721	-3.98234052484177
5722	-3.91890444701601
5723	-3.85384711897704
5724	-3.78595762321694
5725	-3.71397481783741
5726	-3.63803243375126
5727	-3.55865469774248
5728	-3.47787693152753
5729	-3.39572383054056
5730	-3.30796467921984
5731	-3.21119257822888
5732	-3.10884623241329
5733	-3.00759088689045
5734	-2.90829776308144
5735	-2.80662279324696
5736	-2.69771477074994
5737	-2.58195026559271
5738	-2.46707767043162
5739	-2.35609578724893
5740	-2.2427427706142
5741	-2.12077009631764
5742	-1.99453655109943
5743	-1.87271819656962
5744	-1.75720920135198
5745	-1.63913269512752
5746	-1.50658615273861
5747	-1.35316311580264
5748	-1.17468194030631
5749	-0.969268998671105
5750	-0.737811826590283
5751	-0.48956541327086
5752	-0.233074394993583
5753	0.029423474359757
5754	0.2922700425771
5755	0.548010572438845
5756	0.799385518530198
5757	1.04944956490654
5758	1.29618052396447
5759	1.53878268749326
5760	1.77157823937966
5761	1.99105193692823
5762	2.19071597322076
5763	2.36314409859684
5764	2.50989662061277
5765	2.6496738895437
5766	2.80168005964891
5767	2.95860847670321
5768	3.10588700123234
5769	3.2335218077452
5770	3.33660959786708
5771	3.41362438867523
5772	3.46399983426004
5773	3.49182911230309
5774	3.50228672861838
5775	3.49864046413406
5776	3.48293112997078
5777	3.45700944736054
5778	3.42313023009774
5779	3.38308741725729
5780	3.33780337452333
5781	3.28750504570038
5782	3.23196799219752
5783	3.17219166062655
5784	3.10892904906908
5785	3.0412360473978
5786	2.96901706788519
5787	2.89409191384047
5788	2.81713204986256
5789	2.73777092315758
5790	2.6566146041311
5791	2.57363998991956
5792	2.48955109814204
5793	2.40510714064104
5794	2.32248411980613
5795	2.24671863861619
5796	2.18347746594225
5797	2.13466701853842
5798	2.09718503003419
5799	2.07036301609511
5800	2.05928479465682
5801	2.06680497734857
5802	2.0924163176301
5803	2.13666264023479
5804	2.19971310749312
5805	2.28090958452084
5806	2.37881027491847
5807	2.49270838538851
5808	2.6213304251658
5809	2.76271124848973
5810	2.91487271598824
5811	3.07521106168869
5812	3.24230264791621
5813	3.41482100257513
5814	3.59088262496791
5815	3.76909515287871
5816	3.94810797569882
5817	4.12615131807029
5818	4.30267953285806
5819	4.47686905473077
5820	4.6472819950805
5821	4.81400488169037
5822	4.97614181289641
5823	5.13258523699805
5824	5.28351428198548
5825	5.43009116662599
5826	5.57338055252433
5827	5.7128477736962
5828	5.84788613248789
5829	5.97852741877059
5830	6.10483995265976
5831	6.22745132430835
5832	6.34726526955565
5833	6.46436968599598
5834	6.57821901779421
5835	6.68841751343876
5836	6.7950685952703
5837	6.8986138571991
5838	6.99735006371432
5839	7.09035498224848
5840	7.17541514532899
5841	7.24570339215493
5842	7.29625147908308
5843	7.32351025854743
5844	7.32526333619815
5845	7.30408854222706
5846	7.26471057153274
5847	7.21213687005033
5848	7.15069147297124
5849	7.083413637027
5850	7.01316637182738
5851	6.94189037924461
5852	6.87256371061548
5853	6.80872642505853
5854	6.75123353038608
5855	6.69834393535143
5856	6.6479268655966
5857	6.59900881717388
5858	6.55096148389331
5859	6.50298379047363
5860	6.45381649365807
5861	6.40109169377121
5862	6.342646366955
5863	6.27942893376233
5864	6.21226072078555
5865	6.14019492577731
5866	6.06422193924734
5867	5.9852906283455
5868	5.90177604198239
5869	5.81153835504313
5870	5.7066489904909
5871	5.57775803580614
5872	5.42583199150113
5873	5.25670526949705
5874	5.07464133008176
5875	4.8808095677029
5876	4.67806169919352
5877	4.46961011882659
5878	4.25263403633608
5879	4.02521303780547
5880	3.79190672509303
5881	3.55957771444912
5882	3.33823583376299
5883	3.13001117463162
5884	2.92924224975028
5885	2.73379105402153
5886	2.54328344536512
5887	2.35709396238798
5888	2.17632203664809
5889	2.00221059716437
5890	1.83557277132412
5891	1.67858024806093
5892	1.52999240891586
5893	1.38724009969968
5894	1.24952718874285
5895	1.11854579858577
5896	0.993303463867917
5897	0.871178332345908
5898	0.753292498114754
5899	0.639758255993942
5900	0.531540272670165
5901	0.430724459656141
5902	0.336152976807938
5903	0.245617037469108
5904	0.157933060563898
5905	0.0720324327994075
5906	-0.0122926928410992
5907	-0.0947733130731161
5908	-0.175115606792134
5909	-0.253187686043466
5910	-0.328558176819797
5911	-0.401311900469807
5912	-0.472301705582046
5913	-0.540527798913997
5914	-0.605700514021014
5915	-0.668347767339891
5916	-0.728177328266455
5917	-0.785433570479168
5918	-0.839479786591242
5919	-0.888137460563599
5920	-0.928224104308816
5921	-0.957704814855245
5922	-0.976937081382211
5923	-0.986850780646667
5924	-0.990331228452738
5925	-0.991134529956394
5926	-0.990735899951665
5927	-0.989462101916117
5928	-0.987863779024562
5929	-0.987189277222999
5930	-0.988278690026914
5931	-0.991960892311477
5932	-0.99945476362443
5933	-1.01070982481471
5934	-1.02557366017642
5935	-1.04389976126961
5936	-1.06503173788377
5937	-1.08910988767002
5938	-1.11552278222054
5939	-1.143344274345
5940	-1.17227348358091
5941	-1.20230295122598
5942	-1.23323339146599
5943	-1.26487980080609
5944	-1.29720844844315
5945	-1.33047601542369
5946	-1.36538838810376
5947	-1.40114167891075
5948	-1.43660281450591
5949	-1.47199968292467
5950	-1.50747619250159
5951	-1.54245132707088
5952	-1.57715085998682
5953	-1.61239490888068
5954	-1.64797263483841
5955	-1.68329378550718
5956	-1.7177311071435
5957	-1.75090555727353
5958	-1.78315685554416
5959	-1.81482089025403
5960	-1.84693751620146
5961	-1.88096645646946
5962	-1.91673378525477
5963	-1.95285334191625
5964	-1.98821304811295
5965	-2.02186349313454
5966	-2.0537516985954
5967	-2.08462228055099
5968	-2.11442358582715
5969	-2.14237921384131
5970	-2.1679525685601
5971	-2.19205658541433
5972	-2.21511468587494
5973	-2.2376707268487
5974	-2.26046886078587
5975	-2.28455187086987
5976	-2.30984939867181
5977	-2.33478878518096
5978	-2.358174403844
5979	-2.37902459009604
5980	-2.39855712621882
5981	-2.4206097687717
5982	-2.45072602592121
5983	-2.49326930330554
5984	-2.54524302616589
5985	-2.60311969393461
5986	-2.66710804327717
5987	-2.74282118247214
5988	-2.83669499462681
5989	-2.950150266811
5990	-3.08289142726788
5991	-3.23414368166195
5992	-3.40298709232014
5993	-3.5868939454778
5994	-3.78327682310627
5995	-3.98999921394991
5996	-4.20366995897846
5997	-4.42126153067921
5998	-4.63985738175758
5999	-4.85583152893957
6000	-5.06724769481569
6001	-5.27401144677716
6002	-5.47605886521155
6003	-5.67295833164786
6004	-5.86368998074672
6005	-6.04754259460399
6006	-6.22503810587772
6007	-6.39652137224416
6008	-6.56255535514141
6009	-6.72470199067003
6010	-6.88314165185994
6011	-7.03723939541515
6012	-7.18663422418551
6013	-7.33119335997174
6014	-7.47111719676786
6015	-7.60644686712048
6016	-7.73762237335706
6017	-7.86507953090346
6018	-7.98909428709349
6019	-8.11006150793478
6020	-8.22846143342676
6021	-8.34451282866351
6022	-8.45743881929056
6023	-8.56765976249577
6024	-8.67633015296776
6025	-8.78321625898858
6026	-8.88791172890138
6027	-8.99072451177548
6028	-9.09212480681437
6029	-9.19198033275374
6030	-9.29050657601752
6031	-9.38770234646035
6032	-9.48311816559418
6033	-9.57707618139815
6034	-9.66949446893318
6035	-9.75989358501402
6036	-9.84774095413985
6037	-9.9326753369058
6038	-10.0151579673864
6039	-10.0954776262615
6040	-10.1745383323822
6041	-10.2528612765298
6042	-10.3298250074906
6043	-10.4016412370272
6044	-10.4629883106103
6045	-10.5082460582523
6046	-10.5310899913879
6047	-10.5262236268935
6048	-10.4874151299835
6049	-10.4083198131446
6050	-10.2849243516634
6051	-10.1162358302898
6052	-9.90238150785661
6053	-9.64359616622577
6054	-9.34159026181764
6055	-8.99819076324356
6056	-8.61509453070686
6057	-8.19506735856218
6058	-7.74017400263243
6059	-7.25322910538392
6060	-6.73997306925628
6061	-6.205620370762
6062	-5.65541447023919
6063	-5.09578652997058
6064	-4.53142600482448
6065	-3.96757435121123
6066	-3.40987921492798
6067	-2.86312316776678
6068	-2.33132596851972
6069	-1.81733893702604
6070	-1.32222548217986
6071	-0.846663438115021
6072	-0.392507000765887
6073	0.0395639525061646
6074	0.44995339657232
6075	0.839067826649085
6076	1.20784738168068
6077	1.55837562136231
6078	1.89267163137443
6079	2.2121030030849
6080	2.51804509734654
6081	2.81127424106598
6082	3.09254125736155
6083	3.36271461751683
6084	3.6229228741718
6085	3.87461278191885
6086	4.11790611592616
6087	4.35411715639913
6088	4.58495715536332
6089	4.81068710604781
6090	5.03197349318515
6091	5.24863765808079
6092	5.46043625240224
6093	5.66809333265459
6094	5.87240178393219
6095	6.07403054226852
6096	6.27265962998145
6097	6.46816432564376
6098	6.65973076887828
6099	6.84514715401227
6100	7.01341973122025
6101	7.14962193945897
6102	7.24525254033142
6103	7.2971970362048
6104	7.30462216227204
6105	7.26884695694769
6106	7.19551208228939
6107	7.09161635063556
6108	6.96418221546106
6109	6.8164900231551
6110	6.65273022984912
6111	6.47731012446317
6112	6.29327161759969
6113	6.10186928866845
6114	5.9035864430779
6115	5.70010455411699
6116	5.49153097498241
6117	5.27702818228869
6118	5.0566138905128
6119	4.83072523499566
6120	4.59939954104132
6121	4.36235829902749
6122	4.11936020638597
6123	3.87034480018551
6124	3.6157994527753
6125	3.35714256370993
6126	3.09493463694514
6127	2.83008289401165
6128	2.56414602856247
6129	2.29663765240234
6130	2.02816674734341
6131	1.76080286538191
6132	1.49615142967816
6133	1.23530535631149
6134	0.978825754766722
6135	0.727771105665431
6136	0.483817419980805
6137	0.247474300708807
6138	0.0185531899069826
6139	-0.203541717994028
6140	-0.420361504987753
6141	-0.631521817514626
6142	-0.834527255505171
6143	-1.02664297518364
6144	-1.20379302348301
6145	-1.36450866111679
6146	-1.50889333893126
6147	-1.63841856819298
6148	-1.75665266528142
6149	-1.86929065062503
6150	-1.98194862422889
6151	-2.09865516288591
6152	-2.2232704764305
6153	-2.3576314755963
6154	-2.50270675560295
6155	-2.65841538175376
6156	-2.82417732105708
6157	-2.99911398445656
6158	-3.18169687276632
6159	-3.36994404193196
6160	-3.56339014672357
6161	-3.76144195914299
6162	-3.96217765054934
6163	-4.16357371668334
6164	-4.36408691244755
6165	-4.56271631125015
6166	-4.75905733154317
6167	-4.95281647573922
6168	-5.14307204763288
6169	-5.32861740862752
6170	-5.50856077588343
6171	-5.68387833216629
6172	-5.8558773026404
6173	-6.02400796661069
6174	-6.1872123234329
6175	-6.3456824248842
6176	-6.50003965061106
6177	-6.65041045975328
6178	-6.79710461141676
6179	-6.94065377675088
6180	-7.08099711313922
6181	-7.21785938521518
6182	-7.35168379683025
6183	-7.48342922836253
6184	-7.61379350151945
6185	-7.74272576050352
6186	-7.86832157109587
6187	-7.98446448027279
6188	-8.08463649160536
6189	-8.16440320070091
6190	-8.22392115639883
6191	-8.26672563082479
6192	-8.29583473051007
6193	-8.31266319157892
6194	-8.31864840065253
6195	-8.31685067882203
6196	-8.30830584028369
6197	-8.29240162553517
6198	-8.2693377118821
6199	-8.2395552651718
6200	-8.20253882300761
6201	-8.15825875030508
6202	-8.10952514343112
6203	-8.05873096465136
6204	-8.00583759480083
6205	-7.9500347609439
6206	-7.88901493305146
6207	-7.82165505392382
6208	-7.75042102423679
6209	-7.67833210742895
6210	-7.605373469005
6211	-7.53027268484601
6212	-7.45193748649038
6213	-7.37057687282721
6214	-7.28691522025603
6215	-7.20117238021204
6216	-7.11445540338462
6217	-7.02732549871104
6218	-6.9383804055064
6219	-6.84606295018967
6220	-6.75124174461779
6221	-6.65317198456919
6222	-6.55156202210831
6223	-6.44691373181612
6224	-6.33988886662336
6225	-6.23100912058411
6226	-6.12021883423185
6227	-6.00820593028739
6228	-5.89464296546523
6229	-5.7785165338191
6230	-5.65845442412372
6231	-5.53713644062487
6232	-5.41700645413375
6233	-5.30222103290942
6234	-5.19626325649006
6235	-5.10015261001579
6236	-5.01372492886369
6237	-4.93676635145685
6238	-4.87194848195679
6239	-4.81961706504583
6240	-4.77949175575299
6241	-4.75006741091392
6242	-4.7299864642475
6243	-4.71648932159061
6244	-4.70663643122403
6245	-4.69690972436065
6246	-4.68060681505244
6247	-4.65412270863886
6248	-4.61366016866579
6249	-4.55394833053488
6250	-4.46947530071573
6251	-4.3555861913171
6252	-4.21174512828744
6253	-4.03924329381257
6254	-3.8403424132559
6255	-3.62124078597472
6256	-3.39051753792503
6257	-3.15843798589273
6258	-2.93278180767857
6259	-2.71121512787641
6260	-2.49810625169887
6261	-2.30443295380264
6262	-2.13124761513094
6263	-1.97474222211907
6264	-1.82629511252617
6265	-1.68091887459699
6266	-1.53433887127068
6267	-1.37687221438226
6268	-1.20180453477307
6269	-1.00697712462485
6270	-0.79349552856193
6271	-0.562957862448498
6272	-0.316737762470175
6273	-0.0569390447807498
6274	0.214248449533913
6275	0.493593200802036
6276	0.778717566395525
6277	1.06741376921416
6278	1.35722967818163
6279	1.64733858707134
6280	1.93769444821223
6281	2.22739911125112
6282	2.51456178333679
6283	2.79829144666287
6284	3.07796745870778
6285	3.35140378666426
6286	3.61698984468177
6287	3.87633134846055
6288	4.13019676636405
6289	4.37827108021422
6290	4.62105806046174
6291	4.85794794866554
6292	5.08806842058975
6293	5.31013948842963
6294	5.52183340245264
6295	5.71537154274208
6296	5.88085915023287
6297	6.01166774903429
6298	6.10502189489292
6299	6.15709285382511
6300	6.16278281833928
6301	6.12302413633453
6302	6.04190742334263
6303	5.92569775189527
6304	5.78032128814782
6305	5.60892610494713
6306	5.41374935606893
6307	5.19725751826429
6308	4.96217941508276
6309	4.70976739408274
6310	4.44111210801521
6311	4.15814811690444
6312	3.86151090403725
6313	3.5511731897722
6314	3.22759721050132
6315	2.89190293588352
6316	2.54499914090379
6317	2.18920090429495
6318	1.82659103892124
6319	1.45862258283329
6320	1.08785848560255
6321	0.716779132009141
6322	0.346335517486318
6323	-0.0226204382377441
6324	-0.387415918301877
6325	-0.744202008072957
6326	-1.08943551807911
6327	-1.42015588570552
6328	-1.73390368147527
6329	-2.02943845754547
6330	-2.30301695841879
6331	-2.55184586501573
6332	-2.77805507177722
6333	-2.9826776081547
6334	-3.16497092300507
6335	-3.32610893276433
6336	-3.46733819470064
6337	-3.58481001696608
6338	-3.67804766639384
6339	-3.7522878249026
6340	-3.81182867195671
6341	-3.85897880198649
6342	-3.89528931993657
6343	-3.92411334225671
6344	-3.94687867914604
6345	-3.96326318006217
6346	-3.97406309146163
6347	-3.97824065113827
6348	-3.97263362483684
6349	-3.95942968916123
6350	-3.94480442932597
6351	-3.93048689844661
6352	-3.91505772149325
6353	-3.89934316897798
6354	-3.8860275860814
6355	-3.87812050173242
6356	-3.87731601023294
6357	-3.88055496355025
6358	-3.88403795584522
6359	-3.88495423394951
6360	-3.87959662556911
6361	-3.86646481123278
6362	-3.84663730567875
6363	-3.82038184762222
6364	-3.78923642053035
6365	-3.75341602209975
6366	-3.71253395271181
6367	-3.66735711272063
6368	-3.61771682131145
6369	-3.56555574581094
6370	-3.51043828641455
6371	-3.45171611211501
6372	-3.39265115254416
6373	-3.33680497948676
6374	-3.28427656139543
6375	-3.22976727835484
6376	-3.16992230903873
6377	-3.10589049832359
6378	-3.0350310501747
6379	-2.95010802457696
6380	-2.8424975567243
6381	-2.70509944847029
6382	-2.53332877473568
6383	-2.32446031640076
6384	-2.07755348281264
6385	-1.79205591741249
6386	-1.46784702166452
6387	-1.10755211085867
6388	-0.717637004752788
6389	-0.298666509369415
6390	0.144833393609955
6391	0.590145746137743
6392	1.02026854121658
6393	1.4346653607593
6394	1.83250542556845
6395	2.21766598864687
6396	2.5994883253326
6397	2.98418976440681
6398	3.37263875305299
6399	3.76342244807685
6400	4.15635257590562
6401	4.54938353056906
6402	4.93937101646046
6403	5.32487213304923
6404	5.70471057099787
6405	6.07685253560287
6406	6.44006828239523
6407	6.7938026497813
6408	7.13667848155355
6409	7.46790774825083
6410	7.78724028024314
6411	8.09485401024813
6412	8.39186254637354
6413	8.67847594847289
6414	8.95553175091398
6415	9.22396144942047
6416	9.48297546196706
6417	9.73225600275843
6418	9.97231099370213
6419	10.2031739615182
6420	10.4220217383634
6421	10.6256473491764
6422	10.8073035841682
6423	10.9590615772476
6424	11.0738064533369
6425	11.1468953278531
6426	11.1770348988811
6427	11.1806298152838
6428	11.1775139286775
6429	11.164976435851
6430	11.131522833914
6431	11.0734025456416
6432	11.0012569155451
6433	10.9288256835141
6434	10.8673003587008
6435	10.8234089881483
6436	10.7928498398543
6437	10.7640115723416
6438	10.7288632725116
6439	10.6896944732408
6440	10.6563847279913
6441	10.6347405339943
6442	10.6143654423021
6443	10.5800593404394
6444	10.5321050511758
6445	10.4827957529313
6446	10.4411490042162
6447	10.4032630507972
6448	10.3540480313372
6449	10.2841065741054
6450	10.1990290756733
6451	10.1136176669141
6452	10.0445592040191
6453	9.99499929393854
6454	9.95238260411974
6455	9.90560610735919
6456	9.85182540882381
6457	9.79317444302508
6458	9.73599954482877
6459	9.68638633165332
6460	9.64403614205619
6461	9.60446714358436
6462	9.56345328679085
6463	9.51653969782545
6464	9.46064966917117
6465	9.39527168876355
6466	9.320710521101
6467	9.23965934073306
6468	9.15520248401
6469	9.07017455721749
6470	8.98837408573076
6471	8.90996724281065
6472	8.83080300064607
6473	8.74571854561756
6474	8.65374148423253
6475	8.55627620768475
6476	8.45065338715213
6477	8.33446946918858
6478	8.20497664474064
6479	8.05369266754226
6480	7.87244312775831
6481	7.65566026437781
6482	7.39824579936718
6483	7.09844577839974
6484	6.75816385804683
6485	6.37983056574051
6486	5.96637405142787
6487	5.52212101008711
6488	5.05285800925645
6489	4.56507847672006
6490	4.06447918491703
6491	3.55669158430792
6492	3.04856090909304
6493	2.54605527927505
6494	2.05271003383409
6495	1.57088446233365
6496	1.10299912739072
6497	0.651636932578339
6498	0.219694838748368
6499	-0.188663291161974
6500	-0.566395683365601
6501	-0.906995239201012
6502	-1.20729702183706
6503	-1.4753802817153
6504	-1.72371569140711
6505	-1.96202942832735
6506	-2.20010304144541
6507	-2.44243882337896
6508	-2.69033480242765
6509	-2.94563311227307
6510	-3.20620360055148
6511	-3.46458151937591
6512	-3.71679381569736
6513	-3.96591286047629
6514	-4.21285661578154
6515	-4.45083199330778
6516	-4.67182169970199
6517	-4.87585369445137
6518	-5.06751696873365
6519	-5.25110839509711
6520	-5.42861661742374
6521	-5.599907700178
6522	-5.76618840455432
6523	-5.92933952836526
6524	-6.09184321859636
6525	-6.25520554744593
6526	-6.41907345420548
6527	-6.58286144140234
6528	-6.74742418379089
6529	-6.91179250299489
6530	-7.07221917817051
6531	-7.2241765977737
6532	-7.36494732517412
6533	-7.49761938752093
6534	-7.62500612246655
6535	-7.74625552259526
6536	-7.85976306709829
6537	-7.96363300648243
6538	-8.05536988812275
6539	-8.13250535042464
6540	-8.19372625604269
6541	-8.23918842435801
6542	-8.27046154966116
6543	-8.29018299632521
6544	-8.29607901590431
6545	-8.2796720782552
6546	-8.23997013423972
6547	-8.1805207456013
6548	-8.10197034283054
6549	-8.00472883564199
6550	-7.89106872715756
6551	-7.76475608669369
6552	-7.62799335740375
6553	-7.48310947636366
6554	-7.33230957813842
6555	-7.17366166866949
6556	-7.00552246387564
6557	-6.82912885204931
6558	-6.64510372074204
6559	-6.45416154156142
6560	-6.25886387855572
6561	-6.06023717828966
6562	-5.86109204149737
6563	-5.66477621097465
6564	-5.46353243664371
6565	-5.24770302163364
6566	-5.02444263818539
6567	-4.80442309948831
6568	-4.59187548228575
6569	-4.39386569917315
6570	-4.20904723057191
6571	-4.03181599032579
6572	-3.86177371308984
6573	-3.69821351374278
6574	-3.54044022821802
6575	-3.38825773383818
6576	-3.24076730126146
6577	-3.09725931208143
6578	-2.95679122648208
6579	-2.81934251040086
6580	-2.68522555063219
6581	-2.55499948805746
6582	-2.42903033943531
6583	-2.30411363842606
6584	-2.17754893330708
6585	-2.0490821641916
6586	-1.91830979381221
6587	-1.78580455636878
6588	-1.65386516070564
6589	-1.52019119733622
6590	-1.37566360462324
6591	-1.21039804848899
6592	-1.01781509053589
6593	-0.794625890286916
6594	-0.539418700052875
6595	-0.255826908258158
6596	0.0481493708771008
6597	0.367484321998976
6598	0.693272738391593
6599	1.01867266115144
6600	1.34036031606873
6601	1.65521105315185
6602	1.96399161209856
6603	2.26483054091635
6604	2.55511960761769
6605	2.83198506355693
6606	3.09181303847532
6607	3.33355229701914
6608	3.5525323680412
6609	3.74353304531574
6610	3.90105339615778
6611	4.0257720806442
6612	4.13582551154939
6613	4.24470941828964
6614	4.34745927880935
6615	4.42882889329474
6616	4.48813741811046
6617	4.53531433627352
6618	4.57352958414531
6619	4.60353952180875
6620	4.61777539131439
6621	4.60465247297945
6622	4.56627263056364
6623	4.52151727799271
6624	4.4834359620214
6625	4.45067049823796
6626	4.41375083345612
6627	4.36144693640418
6628	4.29329398188638
6629	4.21720949509098
6630	4.1428547089911
6631	4.07607202925591
6632	4.00911776988651
6633	3.93148789102073
6634	3.84241864259504
6635	3.7486945954503
6636	3.6663733852747
6637	3.60708532250037
6638	3.56988590483316
6639	3.55270882136194
6640	3.55585849625125
6641	3.57851296664314
6642	3.61457209638374
6643	3.65605584221898
6644	3.69931713363839
6645	3.74122751448955
6646	3.77796740462698
6647	3.80783283452038
6648	3.83206894093612
6649	3.85343101588576
6650	3.87362088864116
6651	3.89161973151085
6652	3.90611204167994
6653	3.91773220455432
6654	3.9271488126395
6655	3.93386246325874
6656	3.93758287919359
6657	3.93814838132893
6658	3.93469474651326
6659	3.9272725941769
6660	3.91666816459247
6661	3.90219393306046
6662	3.88361586291193
6663	3.86105415292211
6664	3.83457420918607
6665	3.80400151436114
6666	3.76968515442107
6667	3.73232481190721
6668	3.69130393201539
6669	3.64723573175435
6670	3.59942624452186
6671	3.5457148291499
6672	3.48299147245187
6673	3.407534585636
6674	3.31905859383895
6675	3.21871940395585
6676	3.1048149281254
6677	2.97086025054092
6678	2.80897899058866
6679	2.6137628555443
6680	2.38132897644899
6681	2.10992372878436
6682	1.79952889138594
6683	1.45176198514895
6684	1.07034586022521
6685	0.661406296952255
6686	0.230116044198929
6687	-0.218679122097246
6688	-0.678000329654484
6689	-1.14146160675706
6690	-1.6030580174484
6691	-2.05747775804551
6692	-2.50065699113807
6693	-2.92975964337049
6694	-3.34355721026204
6695	-3.7402797516696
6696	-4.11825640823529
6697	-4.47784343554882
6698	-4.81923768154291
6699	-5.14345910247149
6700	-5.45184859779181
6701	-5.74466276450475
6702	-6.02269137789518
6703	-6.28746236780669
6704	-6.54136249857854
6705	-6.78651465895955
6706	-7.02334763025679
6707	-7.25146216288306
6708	-7.47066903774893
6709	-7.68111990542224
6710	-7.88413066786004
6711	-8.08135377582539
6712	-8.27310819401117
6713	-8.45987579891228
6714	-8.64250153370062
6715	-8.82208650553538
6716	-9.00020121708253
6717	-9.17700455064919
6718	-9.35159719237284
6719	-9.52387497021228
6720	-9.69402503935746
6721	-9.86090478703155
6722	-10.0215525814705
6723	-10.1699948793234
6724	-10.2972115976241
6725	-10.3962960164193
6726	-10.4596022189724
6727	-10.481375750375
6728	-10.4618550043171
6729	-10.4043328694116
6730	-10.3138133294837
6731	-10.1934465831564
6732	-10.0451945793635
6733	-9.87070096294152
6734	-9.67227153899467
6735	-9.45250674600053
6736	-9.21134971963496
6737	-8.94963396481169
6738	-8.66901211802599
6739	-8.36974770696105
6740	-8.05352619136053
6741	-7.72084431336865
6742	-7.37234989848289
6743	-7.00964268383029
6744	-6.63327775622624
6745	-6.24494267157164
6746	-5.84694229376522
6747	-5.44357462459933
6748	-5.03986290423443
6749	-4.63911951971445
6750	-4.24657837291456
6751	-3.87130087463893
6752	-3.52306660567491
6753	-3.20343614413691
6754	-2.9104943413487
6755	-2.63362527117994
6756	-2.36277877469204
6757	-2.10925097916001
6758	-1.88449459012178
6759	-1.68512629435676
6760	-1.49631333575894
6761	-1.31067401738966
6762	-1.12836865614904
6763	-0.940918554406482
6764	-0.740950137790064
6765	-0.525442349323369
6766	-0.291608458420624
6767	-0.0388619584244612
6768	0.232225337822604
6769	0.520753350996948
6770	0.824497039517738
6771	1.14082352867851
6772	1.46716015760626
6773	1.80095014583994
6774	2.13984658954028
6775	2.48170847087409
6776	2.82406658130541
6777	3.16590024411744
6778	3.50644680631218
6779	3.8424072496512
6780	4.17013268529987
6781	4.48242209104366
6782	4.7671677073682
6783	5.01098194106216
6784	5.20546279746773
6785	5.34700610338795
6786	5.44349536741813
6787	5.51302509756356
6788	5.57214839374676
6789	5.63383580242355
6790	5.70780451449194
6791	5.80145605885857
6792	5.91914322672177
6793	6.06188102435548
6794	6.22859585036499
6795	6.41656805544277
6796	6.62175382732039
6797	6.8399668079983
6798	7.06721367850965
6799	7.29972943439543
6800	7.53465010650078
6801	7.7698943842845
6802	8.00360764449195
6803	8.23442579403249
6804	8.46081595411863
6805	8.6815339338461
6806	8.89510962714615
6807	9.09997004834509
6808	9.29635247381508
6809	9.48538586518702
6810	9.66816992505669
6811	9.84495512200221
6812	10.016300557429
6813	10.1838260734274
6814	10.349947443068
6815	10.5151040469561
6816	10.6791096011116
6817	10.8426971342871
6818	11.0004204036206
6819	11.1458873714299
6820	11.276074879201
6821	11.385966400836
6822	11.4746399984821
6823	11.54876362262
6824	11.6154778426357
6825	11.6778978992148
6826	11.7367606913202
6827	11.7924161502426
6828	11.8450105525668
6829	11.8946173626662
6830	11.9409553947846
6831	11.9836743627019
6832	12.0236703069303
6833	12.0617230116953
6834	12.0974343761538
6835	12.1303073561235
6836	12.1586916134032
6837	12.1822801027927
6838	12.2026961842186
6839	12.2202320654845
6840	12.2341351509928
6841	12.2440972497098
6842	12.2509736921288
6843	12.2554948168828
6844	12.2571825483355
6845	12.256007988361
6846	12.2519867329089
6847	12.2449367656153
6848	12.2355195048065
6849	12.2244344406215
6850	12.2108327378443
6851	12.1931685413044
6852	12.1709486600429
6853	12.1446441190578
6854	12.1152577224166
6855	12.0829238617469
6856	12.0473502585674
6857	12.0087727988619
6858	11.964109522993
6859	11.9099980819783
6860	11.8414552920338
6861	11.7532116670571
6862	11.6442612943848
6863	11.5121779789371
6864	11.3516933899594
6865	11.1589308128326
6866	10.930830886687
6867	10.6659767206777
6868	10.3639385331008
6869	10.0242829917121
6870	9.64885571971041
6871	9.24067849412764
6872	8.80449909990218
6873	8.34556509730283
6874	7.86990692670744
6875	7.38370816311978
6876	6.89067655184772
6877	6.39641279889396
6878	5.90729648058395
6879	5.42776679703357
6880	4.96088753911545
6881	4.50882872451015
6882	4.0738120845841
6883	3.65643827652744
6884	3.25674593137809
6885	2.87544176895276
6886	2.51231213648834
6887	2.16581862428512
6888	1.83529237427699
6889	1.52083371876937
6890	1.22019908042804
6891	0.930578343824216
6892	0.651149780813033
6893	0.380916906495982
6894	0.118473261162142
6895	-0.136778252306759
6896	-0.385037599792101
6897	-0.626482992492914
6898	-0.861334420179748
6899	-1.09072791594285
6900	-1.31612805402119
6901	-1.53804451117489
6902	-1.75778785501022
6903	-1.9759729813619
6904	-2.19177668961836
6905	-2.40475497711799
6906	-2.61513710238262
6907	-2.82280887414326
6908	-3.02846042209928
6909	-3.23260139634575
6910	-3.43524822552917
6911	-3.63705566916998
6912	-3.83824118851904
6913	-4.03843581844424
6914	-4.23777211140896
6915	-4.43680044682865
6916	-4.63208657546889
6917	-4.81755173800294
6918	-4.98563653087135
6919	-5.13007150819489
6920	-5.24390563253513
6921	-5.32466277756931
6922	-5.37566361814717
6923	-5.39822453878067
6924	-5.39456529366924
6925	-5.36675663359539
6926	-5.3172540291323
6927	-5.24985229061762
6928	-5.16675302509455
6929	-5.0689651501635
6930	-4.95858295113166
6931	-4.83708613121379
6932	-4.70584619273466
6933	-4.56590211437892
6934	-4.41817625770287
6935	-4.26407701598615
6936	-4.10435694424859
6937	-3.93984136120209
6938	-3.77139222756174
6939	-3.59994669648993
6940	-3.4260181439442
6941	-3.24951757308271
6942	-3.06974943510038
6943	-2.88645339214711
6944	-2.70004751114562
6945	-2.5104918979954
6946	-2.31747808412226
6947	-2.12090163948256
6948	-1.92051540058879
6949	-1.71670613644411
6950	-1.51210368759998
6951	-1.30827055696225
6952	-1.10830614042369
6953	-0.915562128996014
6954	-0.734030415399727
6955	-0.568457543932226
6956	-0.422501015187084
6957	-0.305092645087692
6958	-0.220481821375364
6959	-0.166922138718018
6960	-0.140823578464564
6961	-0.136935008321779
6962	-0.153883260105715
6963	-0.190554462095569
6964	-0.251193836522634
6965	-0.345917460221891
6966	-0.481934722752449
6967	-0.663412111208138
6968	-0.89208117414792
6969	-1.16800171758223
6970	-1.48997793149704
6971	-1.85393245390515
6972	-2.25526747754218
6973	-2.68870820253863
6974	-3.14886473662134
6975	-3.62884293057697
6976	-4.12097390045247
6977	-4.61858757664766
6978	-5.1153557447046
6979	-5.60608884652085
6980	-6.08517062826183
6981	-6.5475097241354
6982	-6.98984276744066
6983	-7.40745446307755
6984	-7.79107462990133
6985	-8.12930541881649
6986	-8.42050170389269
6987	-8.66421269007601
6988	-8.86596912615078
6989	-9.03650943245281
6990	-9.18195640251093
6991	-9.30806357932783
6992	-9.41438822991805
6993	-9.50054934955111
6994	-9.57024642533071
6995	-9.62893921288357
6996	-9.68269698480623
6997	-9.73241756819252
6998	-9.77335494621414
6999	-9.80239330695737
7000	-9.82142385368083
7001	-9.83928623516127
7002	-9.86413617947687
7003	-9.8924100404119
7004	-9.91065029255313
7005	-9.91015805097299
7006	-9.89382420203777
7007	-9.86834787309115
7008	-9.83795294909937
7009	-9.803147721682
7010	-9.76140959137027
7011	-9.71022140633678
7012	-9.65098965755284
7013	-9.58666705442636
7014	-9.51766110218175
7015	-9.44313429665924
7016	-9.3611147255743
7017	-9.27072436101509
7018	-9.17702182770137
7019	-9.0847254834592
7020	-8.99810416060187
7021	-8.92176644125843
7022	-8.85486637377915
7023	-8.79459903830413
7024	-8.73898228297224
7025	-8.68605867466816
7026	-8.63487439493018
7027	-8.58733751642973
7028	-8.54240453022285
7029	-8.49693474760915
7030	-8.44959440087123
7031	-8.39820338533226
7032	-8.33985056259597
7033	-8.27177920831327
7034	-8.19278755330656
7035	-8.10115223673408
7036	-7.99412436337873
7037	-7.87143247386764
7038	-7.73340542514588
7039	-7.58102901128599
7040	-7.41967982835394
7041	-7.25211352958207
7042	-7.07428891866338
7043	-6.88360875393272
7044	-6.6900830159005
7045	-6.50271341138621
7046	-6.32205983351243
7047	-6.14710205181611
7048	-5.9819434389097
7049	-5.83273465736533
7050	-5.68312617149057
7051	-5.51827999597813
7052	-5.34461874942287
7053	-5.17767471291978
7054	-5.02101603233637
7055	-4.8696697259729
7056	-4.71449850813667
7057	-4.53955042802601
7058	-4.35004526514427
7059	-4.1668201839803
7060	-3.99819203797503
7061	-3.84909401822773
7062	-3.72875501888378
7063	-3.63822371037209
7064	-3.57723796491306
7065	-3.5478192419892
7066	-3.55127298033666
7067	-3.58765466742082
7068	-3.65442983791709
7069	-3.74835230582651
7070	-3.86772099816349
7071	-4.01048827015649
7072	-4.17442098063355
7073	-4.35812367559889
7074	-4.55993349167838
7075	-4.77825846458525
7076	-5.01290424387965
7077	-5.26257700904683
7078	-5.52492747394304
7079	-5.79783480275143
7080	-6.07771609461347
7081	-6.35875725008705
7082	-6.63084079027468
7083	-6.88125890825491
7084	-7.10642126331835
7085	-7.30350197532365
7086	-7.47019702954219
7087	-7.6084285768296
7088	-7.72024335656696
7089	-7.8117399932722
7090	-7.88749560214112
7091	-7.94913340296176
7092	-7.99770999094185
7093	-8.03407587615305
7094	-8.05981824614446
7095	-8.07622572129129
7096	-8.08342642889765
7097	-8.08306026567263
7098	-8.0756211317867
7099	-8.06086073709473
7100	-8.03945359496062
7101	-8.01254876872351
7102	-7.98065933014114
7103	-7.94365595658245
7104	-7.90150744270383
7105	-7.85296583334185
7106	-7.79874261502045
7107	-7.74044509409237
7108	-7.67770630903592
7109	-7.61048548333665
7110	-7.54075415431769
7111	-7.46844490386895
7112	-7.39419376101299
7113	-7.32032272274796
7114	-7.24916873543657
7115	-7.18466763064694
7116	-7.12529933985524
7117	-7.06792336451537
7118	-7.01573448191571
7119	-6.97540390991431
7120	-6.9518863399805
7121	-6.94897931995806
7122	-6.97082011075498
7123	-7.02027760057212
7124	-7.09723553486523
7125	-7.20059416846088
7126	-7.32845830617353
7127	-7.47837838668801
7128	-7.64821609108588
7129	-7.83508969204232
7130	-8.03724128615736
7131	-8.25238791795615
7132	-8.4759359105433
7133	-8.70429469766275
7134	-8.93492709227804
7135	-9.16440022687956
7136	-9.38950522547658
7137	-9.60591670748928
7138	-9.80657064481519
7139	-9.98511453519948
7140	-10.1357035177806
7141	-10.2532122326418
7142	-10.342530778353
7143	-10.4179270426679
7144	-10.4915478863375
7145	-10.5712658210637
7146	-10.6626472906059
7147	-10.7695031271376
7148	-10.8947109194365
7149	-11.039110192525
7150	-11.2016016444424
7151	-11.3807881102224
7152	-11.5753316320522
7153	-11.7834770498592
7154	-12.0022592670162
7155	-12.2285972486474
7156	-12.4609082723584
7157	-12.696439153798
7158	-12.9316695534434
7159	-13.1641307538934
7160	-13.3919098397067
7161	-13.6130665702543
7162	-13.8278334895622
7163	-14.0372759226512
7164	-14.2405229103646
7165	-14.4372579358784
7166	-14.6266215970856
7167	-14.8047880966762
7168	-14.9661671492979
7169	-15.102897442737
7170	-15.203313848368
7171	-15.2640682862513
7172	-15.2970194290939
7173	-15.3135550489024
7174	-15.319233878136
7175	-15.3175759444985
7176	-15.3111840256555
7177	-15.3029340155517
7178	-15.2939030829374
7179	-15.283838765081
7180	-15.2715429171956
7181	-15.2555028868834
7182	-15.2331554949602
7183	-15.2020358071519
7184	-15.1620667961149
7185	-15.1143140896122
7186	-15.0573869218687
7187	-14.9912118562113
7188	-14.9166788734789
7189	-14.831898062716
7190	-14.7364246929865
7191	-14.6313162151763
7192	-14.5153101363999
7193	-14.3858196215247
7194	-14.24264447076
7195	-14.0852490265703
7196	-13.9139022010144
7197	-13.7344456519323
7198	-13.5506653065714
7199	-13.3671815467439
7200	-13.1916155699081
7201	-13.0294047538931
7202	-12.8844753585586
7203	-12.7569150602566
7204	-12.6475533551026
7205	-12.5584346628316
7206	-12.4903138935486
7207	-12.4420238609486
7208	-12.4112007506471
7209	-12.3961334660017
7210	-12.3955627521985
7211	-12.4085029986954
7212	-12.4344925460339
7213	-12.4720731040814
7214	-12.518663355893
7215	-12.5732388965599
7216	-12.636658971283
7217	-12.7087947263143
7218	-12.7847103676778
7219	-12.8586466571335
7220	-12.9215515497317
7221	-12.9627906777433
7222	-12.9717617325013
7223	-12.9414232615613
7224	-12.8737640632129
7225	-12.7716010851236
7226	-12.6369730664732
7227	-12.4733728857548
7228	-12.2824097128843
7229	-12.065002683069
7230	-11.8242991060276
7231	-11.5637933128355
7232	-11.2857948309381
7233	-10.9936872585116
7234	-10.6903626939571
7235	-10.377338363961
7236	-10.0576206009559
7237	-9.73414539109145
7238	-9.40928058759067
7239	-9.08473228053287
7240	-8.76241435403296
7241	-8.4443830083934
7242	-8.13116825533632
7243	-7.82476707075636
7244	-7.52720617105324
7245	-7.23772583973373
7246	-6.95606039040714
7247	-6.68311402967807
7248	-6.41904079297145
7249	-6.1632621022807
7250	-5.91570011526017
7251	-5.67590352958629
7252	-5.44290514750797
7253	-5.21557815974126
7254	-4.99449522329315
7255	-4.78255572410013
7256	-4.584161229884
7257	-4.40552082382746
7258	-4.24920117531898
7259	-4.11660670954383
7260	-4.00546811933607
7261	-3.90380587361335
7262	-3.80037107993809
7263	-3.68764045943918
7264	-3.55879747193065
7265	-3.40921884336939
7266	-3.23569344892306
7267	-3.03800091813221
7268	-2.81846947211601
7269	-2.58007716025149
7270	-2.32452542230692
7271	-2.05534139370734
7272	-1.77784809898273
7273	-1.49549211579044
7274	-1.21104061248833
7275	-0.92653166326974
7276	-0.643895863603084
7277	-0.365454869994988
7278	-0.0919600027943684
7279	0.17650938873304
7280	0.439521091797773
7281	0.69587929062982
7282	0.94548532190051
7283	1.18829752519248
7284	1.42406420576881
7285	1.65408782535793
7286	1.87853575467875
7287	2.09778447367786
7288	2.3129932324137
7289	2.52469627866283
7290	2.7333983185942
7291	2.93934994997681
7292	3.14666762325727
7293	3.36222139003997
7294	3.58895886017831
7295	3.82131856935903
7296	4.04452037460765
7297	4.24970207280232
7298	4.44580085867597
7299	4.64544105747215
7300	4.85809745914925
7301	5.09106972343885
7302	5.34720699697318
7303	5.62672235949506
7304	5.92719983296195
7305	6.24554578306014
7306	6.57845475299179
7307	6.92226630569791
7308	7.27349246799251
7309	7.62824330622447
7310	7.98342272908388
7311	8.33659969760495
7312	8.68401081786808
7313	9.02005597156032
7314	9.342420934182
7315	9.65062343339224
7316	9.94163832981003
7317	10.2181173864094
7318	10.4846350696285
7319	10.7432460858129
7320	10.9976592862351
7321	11.2498667689062
7322	11.4999509882256
7323	11.7497528967666
7324	11.9999757840036
7325	12.2500326892599
7326	12.4961060281716
7327	12.733934067485
7328	12.9561575143896
7329	13.1550795027248
7330	13.324460468102
7331	13.4607572686908
7332	13.5609674372475
7333	13.6199239413136
7334	13.639118404019
7335	13.6288069127652
7336	13.5999355588042
7337	13.561690433884
7338	13.5223139652365
7339	13.4861522002611
7340	13.4570151653716
7341	13.4380691557424
7342	13.4296265585663
7343	13.4313242510876
7344	13.4414220417562
7345	13.4588164473053
7346	13.4832445770042
7347	13.5127359766243
7348	13.5465046820079
7349	13.5841653607485
7350	13.6242001758546
7351	13.6652535972726
7352	13.7062747960686
7353	13.7460443613111
7354	13.7838302594137
7355	13.8198248187265
7356	13.8536519330768
7357	13.8858169836084
7358	13.9182756382453
7359	13.9558333851867
7360	14.0000609293901
7361	14.0434936289464
7362	14.0758603617346
7363	14.0876933317517
7364	14.0713467339296
7365	14.0208853433399
7366	13.931733279257
7367	13.8000832469336
7368	13.6235719233203
7369	13.3996838575482
7370	13.1258584599508
7371	12.8017191872249
7372	12.4286868026803
7373	12.009150256028
7374	11.5458644473171
7375	11.0428482721337
7376	10.5047375204009
7377	9.93738787476398
7378	9.34825455518778
7379	8.74400193996148
7380	8.1318595797332
7381	7.51814552345798
7382	6.90806095679694
7383	6.30728299163159
7384	5.72144884523952
7385	5.15511058043764
7386	4.61051714597939
7387	4.08911403494831
7388	3.59178493394727
7389	3.117613194922
7390	2.66516595674517
7391	2.23411848298684
7392	1.82385554972861
7393	1.43327690599805
7394	1.0611898143806
7395	0.705999913393005
7396	0.366149271762038
7397	0.0396127689113083
7398	-0.275042266053653
7399	-0.578451731463825
7400	-0.871684128282941
7401	-1.15536052073892
7402	-1.42796115076853
7403	-1.68424691676571
7404	-1.9170336285784
7405	-2.11649292728809
7406	-2.27769501264782
7407	-2.41385590857696
7408	-2.53779722546511
7409	-2.64720914529197
7410	-2.73995526208267
7411	-2.81705373632741
7412	-2.8848919665366
7413	-2.95450727123328
7414	-3.03358398701989
7415	-3.12826436011879
7416	-3.24237522117033
7417	-3.37641817077826
7418	-3.52921359931135
7419	-3.69887240464984
7420	-3.88294087919226
7421	-4.07940373781064
7422	-4.28573348029172
7423	-4.49795963840897
7424	-4.71168508611095
7425	-4.92573492635576
7426	-5.14017320759789
7427	-5.35305744209594
7428	-5.5627268784047
7429	-5.76837047555695
7430	-5.96986183542269
7431	-6.16741191922814
7432	-6.36067389780356
7433	-6.54792264920756
7434	-6.72892552682266
7435	-6.90450500152089
7436	-7.07237380008295
7437	-7.22719936611354
7438	-7.36398174092889
7439	-7.47919399006548
7440	-7.56521272134143
7441	-7.61736693792232
7442	-7.63883796104821
7443	-7.63203886025832
7444	-7.59962459348206
7445	-7.54440918399413
7446	-7.46707144377676
7447	-7.36838735669352
7448	-7.24873911677275
7449	-7.11032515469388
7450	-6.9555037568634
7451	-6.78485167114737
7452	-6.59971075662564
7453	-6.40149323352948
7454	-6.19037038066469
7455	-5.96635068253489
7456	-5.73156860388139
7457	-5.48701094997017
7458	-5.23141419154303
7459	-4.96484325930031
7460	-4.68788114965036
7461	-4.40009439105089
7462	-4.10060037692016
7463	-3.78976593509465
7464	-3.47017296072531
7465	-3.14368370591887
7466	-2.81182868034364
7467	-2.47686542040055
7468	-2.14063808060648
7469	-1.80465041904022
7470	-1.46953571058391
7471	-1.13681620628576
7472	-0.808693979595373
7473	-0.486890101318099
7474	-0.173303930232903
7475	0.130311026012965
7476	0.419002584485376
7477	0.686476258212064
7478	0.920558527008581
7479	1.11383652634963
7480	1.27189624684838
7481	1.39191856966034
7482	1.46507218949592
7483	1.48905308953826
7484	1.46725695204358
7485	1.41796711867242
7486	1.35118633562279
7487	1.26103493546906
7488	1.14952206197385
7489	1.0214935196069
7490	0.881815600127791
7491	0.733103087370711
7492	0.57479289212724
7493	0.409202840337885
7494	0.239734719585118
7495	0.0647627866730484
7496	-0.119649196841203
7497	-0.314000781022933
7498	-0.517161692084826
7499	-0.724900174981251
7500	-0.932338388144027
7501	-1.14387528958759
7502	-1.36449941528558
7503	-1.59367899198318
7504	-1.83197425149879
7505	-2.07459664149335
7506	-2.31884305551958
7507	-2.56878108439326
7508	-2.82527059785254
7509	-3.08808925742237
7510	-3.35778651821304
7511	-3.62788918684906
7512	-3.89373139055808
7513	-4.15802028024967
7514	-4.42091327229902
7515	-4.68236290057832
7516	-4.94205082690363
7517	-5.19312623246653
7518	-5.43026162493077
7519	-5.65564461927127
7520	-5.87368913009485
7521	-6.08806187539077
7522	-6.29776471083389
7523	-6.49598248559021
7524	-6.67813503575125
7525	-6.84527155370823
7526	-7.00250933919752
7527	-7.15138263558177
7528	-7.28837890903589
7529	-7.41115467848615
7530	-7.52073767172043
7531	-7.6225474703402
7532	-7.71852816238651
7533	-7.80454670095108
7534	-7.87941894228486
7535	-7.95029720723795
7536	-8.02506454531422
7537	-8.10580768391412
7538	-8.19358098848637
7539	-8.28421310647115
7540	-8.36845515577077
7541	-8.44210725120427
7542	-8.50518977513249
7543	-8.56188292906582
7544	-8.61158383818677
7545	-8.64520958291787
7546	-8.65969576078274
7547	-8.65670251085755
7548	-8.63699308429424
7549	-8.60093626378857
7550	-8.55106829500868
7551	-8.48757303956604
7552	-8.41391582266215
7553	-8.33583238916397
7554	-8.25167392457489
7555	-8.15826353780946
7556	-8.06001178901917
7557	-7.95913804076508
7558	-7.8589224302372
7559	-7.76369601380657
7560	-7.66914266063277
7561	-7.57153998624955
7562	-7.4671832673208
7563	-7.3598418519808
7564	-7.25466219476952
7565	-7.14569296468197
7566	-7.02112811472519
7567	-6.87028757744616
7568	-6.69004005879421
7569	-6.48179460230657
7570	-6.25097641560433
7571	-5.99972552329161
7572	-5.72732536387497
7573	-5.43799284223155
7574	-5.13338129985585
7575	-4.81057092595355
7576	-4.4680445410085
7577	-4.11017850664232
7578	-3.74081430870735
7579	-3.36190546206825
7580	-2.97612946075906
7581	-2.59049025475775
7582	-2.2085782426325
7583	-1.82723190477762
7584	-1.44740588518654
7585	-1.07120386739107
7586	-0.700520994689592
7587	-0.338398109166196
7588	0.0156517685451427
7589	0.362336316313956
7590	0.700474964743811
7591	1.03087347835486
7592	1.35446288824045
7593	1.67009434894196
7594	1.9747403390503
7595	2.26563087141007
7596	2.54000656926911
7597	2.789550400457
7598	3.00753115049219
7599	3.19146028572476
7600	3.3376319117618
7601	3.44627527142086
7602	3.52799462666393
7603	3.59414183995907
7604	3.65253349094135
7605	3.71177030121677
7606	3.77839200106038
7607	3.85631929307068
7608	3.94709340299118
7609	4.05221772353026
7610	4.17178147162434
7611	4.30357948342084
7612	4.44647641728506
7613	4.59873900995085
7614	4.75914921312564
7615	4.92624927991465
7616	5.09747299534535
7617	5.27100544675743
7618	5.44521668409833
7619	5.61852366255674
7620	5.78983065799561
7621	5.95839019127841
7622	6.12301119171005
7623	6.28333223023461
7624	6.43946102584087
7625	6.59171147368749
7626	6.74034563692811
7627	6.884998688987
7628	7.02614988661826
7629	7.16448680669743
7630	7.30027750280216
7631	7.43765816921797
7632	7.5800030299175
7633	7.73339179759873
7634	7.89731653068633
7635	8.05670850132528
7636	8.19693916800886
7637	8.31653741930862
7638	8.41634042143896
7639	8.48319038151141
7640	8.51044876902198
7641	8.50902949804133
7642	8.49936907437812
7643	8.49302610220159
7644	8.48447162708424
7645	8.45735223123071
7646	8.40276415608618
7647	8.33616463966573
7648	8.26966368273475
7649	8.19668445623552
7650	8.10554421451722
7651	7.99195334986843
7652	7.86835853032573
7653	7.74914934551522
7654	7.63361100266953
7655	7.51710356513319
7656	7.39224769215713
7657	7.24600491435503
7658	7.07708777907836
7659	6.90204609958544
7660	6.73176194996815
7661	6.55998119805494
7662	6.37816222000596
7663	6.1770691905879
7664	5.95230059499131
7665	5.71223763248091
7666	5.46796301815034
7667	5.21615193702042
7668	4.94883555568414
7669	4.66812113901517
7670	4.38896162622146
7671	4.12013319436637
7672	3.86105268796245
7673	3.60754464463874
7674	3.35223820851415
7675	3.08942001606797
7676	2.81389281855656
7677	2.53496482303594
7678	2.26804437415124
7679	2.01571293044668
7680	1.77235064380866
7681	1.53838279511507
7682	1.32404086594216
7683	1.13655756357489
7684	0.9790328434404
7685	0.852343610243201
7686	0.755867948183159
7687	0.687874836791141
7688	0.641890667905863
7689	0.612884349877225
7690	0.597763488309237
7691	0.594343787535881
7692	0.599780943095208
7693	0.614496314828938
7694	0.640102673012047
7695	0.674686755494973
7696	0.716892418753576
7697	0.767832135817912
7698	0.830765066445113
7699	0.906963610248594
7700	0.995171294933452
7701	1.09404699313042
7702	1.20236188005876
7703	1.31929024337344
7704	1.44511499637283
7705	1.5777422368468
7706	1.71321171443665
7707	1.85096574686009
7708	1.99007821161396
7709	2.1291791105383
7710	2.2660651913409
7711	2.39915780674792
7712	2.52583952475482
7713	2.64193046660019
7714	2.74744801758601
7715	2.84104419397532
7716	2.92047907898011
7717	2.98926986409805
7718	3.0521063242763
7719	3.11197302269745
7720	3.17216775772711
7721	3.23406524442512
7722	3.29868123313004
7723	3.36782811206682
7724	3.44236006513953
7725	3.52220249727588
7726	3.60630780743072
7727	3.69384648251563
7728	3.78497276931379
7729	3.87929542623193
7730	3.97616750940965
7731	4.0749150419385
7732	4.17459138727619
7733	4.27348331736988
7734	4.37092869337793
7735	4.46732784927256
7736	4.56269363464558
7737	4.65700111127352
7738	4.74930489242989
7739	4.83871464770054
7740	4.92457361150494
7741	5.00708503882238
7742	5.08627278771656
7743	5.16135870150688
7744	5.23288966229379
7745	5.30059453539917
7746	5.36468125288962
7747	5.42913161479932
7748	5.50012355350202
7749	5.5799422787622
7750	5.66343337300613
7751	5.74479940957182
7752	5.81750169451747
7753	5.87326688732568
7754	5.90587695936338
7755	5.9127831208012
7756	5.8931891405534
7757	5.84594305189768
7758	5.76865144455225
7759	5.66063762502872
7760	5.52337549172702
7761	5.35891673332193
7762	5.1682738315476
7763	4.95224301568185
7764	4.7116240734904
7765	4.44799691076165
7766	4.16525391958514
7767	3.86621341099112
7768	3.55254399414354
7769	3.22693102705258
7770	2.89180238304823
7771	2.5496579541615
7772	2.20327149679413
7773	1.8542405459621
7774	1.50543879674273
7775	1.16113019479677
7776	0.822884210211362
7777	0.490950578120338
7778	0.168649049271162
7779	-0.141361944815052
7780	-0.438979691913144
7781	-0.724318706661651
7782	-0.997942948611545
7783	-1.25954691216405
7784	-1.50800400610646
7785	-1.74317291386085
7786	-1.96581039415468
7787	-2.17695374232207
7788	-2.37921351923004
7789	-2.57461915226373
7790	-2.76212754576038
7791	-2.94118280429486
7792	-3.11195579106751
7793	-3.27527941657145
7794	-3.43316970079291
7795	-3.58613631287644
7796	-3.73415429864541
7797	-3.87716850656019
7798	-4.01508410856052
7799	-4.14881682697873
7800	-4.27906108806126
7801	-4.40588748733203
7802	-4.52917915670821
7803	-4.64865164738938
7804	-4.76397250296175
7805	-4.87495827485615
7806	-4.98195725432139
7807	-5.08601292484493
7808	-5.18913047122991
7809	-5.29213562705723
7810	-5.39218003634715
7811	-5.47992011743509
7812	-5.54300038010878
7813	-5.57357557069344
7814	-5.56540228002355
7815	-5.50942463592171
7816	-5.39611489245141
7817	-5.23044539840901
7818	-5.03672239540012
7819	-4.83337605776242
7820	-4.61562301797495
7821	-4.36973470952526
7822	-4.09037108952196
7823	-3.78540816863274
7824	-3.46745344453483
7825	-3.13845580856464
7826	-2.78530526502218
7827	-2.39632638467955
7828	-1.98402473721302
7829	-1.57375471750948
7830	-1.1730038115011
7831	-0.770046561541672
7832	-0.353388728828198
7833	0.0645382593809078
7834	0.459411929614007
7835	0.822724555028298
7836	1.15986573919184
7837	1.48072392738378
7838	1.79353965686109
7839	2.10297429313227
7840	2.41132213035232
7841	2.71914508222135
7842	3.02740593750269
7843	3.33533550907836
7844	3.64117033616082
7845	3.94353841293006
7846	4.23979695950349
7847	4.52808781650751
7848	4.80769444738198
7849	5.07835051096023
7850	5.34055149497728
7851	5.5943660569588
7852	5.83993552239516
7853	6.07879107561709
7854	6.31333448569227
7855	6.54372729525216
7856	6.76955632122284
7857	6.99191004052856
7858	7.2069882200958
7859	7.40508261497516
7860	7.57735961896628
7861	7.72605328925286
7862	7.86197327741261
7863	7.99199658289238
7864	8.11958915922068
7865	8.24709320912678
7866	8.375257256775
7867	8.50401430796357
7868	8.63400581949836
7869	8.76581526461922
7870	8.89891983298527
7871	9.03301603858328
7872	9.16760674843223
7873	9.30114678903165
7874	9.43257815176334
7875	9.56168437115184
7876	9.68870648428453
7877	9.81335372784172
7878	9.93467711818
7879	10.0522528924217
7880	10.1660419829955
7881	10.2762954906756
7882	10.3826200161286
7883	10.4847360429631
7884	10.582515757975
7885	10.6723538379982
7886	10.7516491903242
7887	10.8167440528523
7888	10.8595216268299
7889	10.8746858153922
7890	10.8591628029387
7891	10.8136640485361
7892	10.7448367471083
7893	10.6598420797639
7894	10.5642771073681
7895	10.4621055690585
7896	10.3561031049648
7897	10.2487676002631
7898	10.1422061713885
7899	10.0377732602764
7900	9.93576987830645
7901	9.83607785345663
7902	9.73780297627176
7903	9.64067819942993
7904	9.5444467599236
7905	9.44900023535465
7906	9.35462073100478
7907	9.2609788480645
7908	9.16697916298994
7909	9.07169962267798
7910	8.9754459934975
7911	8.87777207397802
7912	8.77901695124524
7913	8.67990293097389
7914	8.57935452503854
7915	8.47661914500676
7916	8.3716951835887
7917	8.26477725308255
7918	8.15592044991322
7919	8.04472679232674
7920	7.9312340465094
7921	7.81573692093653
7922	7.69741517443112
7923	7.57546930870625
7924	7.45074329669549
7925	7.32362584965362
7926	7.19452748893701
7927	7.06355600966905
7928	6.93056914257152
7929	6.79624862278878
7930	6.6618369248584
7931	6.52869470592356
7932	6.39843964470303
7933	6.27638599751694
7934	6.16408596045038
7935	6.05582067539957
7936	5.94651629029486
7937	5.83507439289969
7938	5.71929369813787
7939	5.59671007555472
7940	5.4644969867043
7941	5.317253321384
7942	5.15491896700454
7943	4.98886847094331
7944	4.82845336422528
7945	4.67338411134392
7946	4.5224219441084
7947	4.37441050826633
7948	4.23018683989801
7949	4.0911804221339
7950	3.95685392326145
7951	3.8247218992015
7952	3.68999350858
7953	3.550528470196
7954	3.41191890450182
7955	3.27872826111149
7956	3.14927847114775
7957	3.02037012668083
7958	2.88801890805221
7959	2.75038189316331
7960	2.61025481669617
7961	2.47368403729163
7962	2.34299331291905
7963	2.21413438316816
7964	2.08329301894654
7965	1.95210895171172
7966	1.82544635455554
7967	1.70460908034429
7968	1.58682666697816
7969	1.47036880570289
7970	1.3566184637469
7971	1.24785346315815
7972	1.14489785725047
7973	1.04397068684332
7974	0.942129067590841
7975	0.845451084924412
7976	0.761836419681877
7977	0.689609797151745
7978	0.622478661923898
7979	0.557734921299267
7980	0.49399290175333
7981	0.428791248053159
7982	0.360434574451335
7983	0.288317546096544
7984	0.212065866501695
7985	0.132374304345375
7986	0.0503287517821512
7987	-0.0345857822801801
7988	-0.122911620177096
7989	-0.213765977340166
7990	-0.306724479626973
7991	-0.401118383652235
7992	-0.496239971361258
7993	-0.592198778495957
7994	-0.688765896193426
7995	-0.786053807381823
7996	-0.883611892731812
7997	-0.980942328027243
7998	-1.07787743438617
7999	-1.17393323099896
8000	-1.26786751423697
8001	-1.35748235575306
8002	-1.43816329039417
8003	-1.50526309435651
8004	-1.55515721494784
8005	-1.58397243976781
8006	-1.58855789798591
8007	-1.5673173321115
8008	-1.51869951586152
8009	-1.44257263344409
8010	-1.33924566049785
8011	-1.20970034210177
8012	-1.0514962663831
8013	-0.861528856727937
8014	-0.630047991742621
8015	-0.340753753444353
8016	0.0194855096782386
8017	0.461389213301567
8018	0.99118203839186
8019	1.60871174600048
8020	2.30687799288649
8021	3.07486641286545
8022	3.90091268628695
8023	4.77017557342037
8024	5.66710246646435
8025	6.57719996850515
8026	7.48577977654847
8027	8.38076453879539
8028	9.25852375039026
8029	10.1196100795141
8030	10.9502856925874
8031	11.7351073520136
8032	12.475074285883
8033	13.177522473143
8034	13.849930096209
8035	14.5044241604516
8036	15.1496998474415
8037	15.7775868632518
8038	16.3805721724512
8039	16.9626664150924
8040	17.5312234487779
8041	18.0872793275844
8042	18.6303648478546
8043	19.1677335219192
8044	19.7096943663652
8045	20.2593242212255
8046	20.8175001244062
8047	21.3854855006892
8048	21.95628716749
8049	22.5082491287631
8050	23.035592763393
8051	23.556148308938
8052	24.0822179159554
8053	24.6172047052577
8054	25.1534465080638
8055	25.6930780173627
8056	26.2427626991675
8057	26.7879272062086
8058	27.3170328888714
8059	27.8340966134553
8060	28.3344046629441
8061	28.8100127301734
8062	29.2651512648852
8063	29.7037259174904
8064	30.1303811815133
8065	30.5526526875423
8066	30.9754198869454
8067	31.4016037016414
8068	31.8331839656376
8069	32.2722844071892
8070	32.7198633009596
8071	33.1747131562633
8072	33.6357700805931
8073	34.1026569920923
8074	34.5728395498845
8075	35.0460306492017
8076	35.5254556904537
8077	36.0094000925967
8078	36.4924714169298
8079	36.9686289464091
8080	37.4329740514064
8081	37.8855554940023
8082	38.3297147742242
8083	38.7730598372548
8084	39.2185072736311
8085	39.6609820004532
8086	40.098712854016
8087	40.5334757583662
8088	40.9693919692313
8089	41.4023898874083
8090	41.8212840912922
8091	42.222253947429
8092	42.6140193778179
8093	43.0020911423512
8094	43.3863419198314
8095	43.770388480703
8096	44.1532549236112
8097	44.5294795162898
8098	44.8958736591071
8099	45.2521095305478
8100	45.5940175696189
8101	45.9208572811709
8102	46.2352923716264
8103	46.5410131824876
8104	46.837965973632
8105	47.1225586515226
8106	47.398355137308
8107	47.6667193284018
8108	47.9232178516644
8109	48.1659104171882
8110	48.3964750465584
8111	48.6157043994948
8112	48.8225603424724
8113	49.0172682068399
8114	49.2001137126881
8115	49.3721667391561
8116	49.5346018131173
8117	49.6862781875267
8118	49.8274077427984
8119	49.9588222762884
8120	50.0800342783921
8121	50.1915526743375
8122	50.2935355526392
8123	50.3854761102888
8124	50.4677951690934
8125	50.5409938749658
8126	50.6033313884813
8127	50.6521710384293
8128	50.6865936326643
8129	50.7058860203217
8130	50.7095463029369
8131	50.6974338318747
8132	50.6686734780634
8133	50.6244307218914
8134	50.5667516533963
8135	50.4974643967646
8136	50.4177698612418
8137	50.3292276714902
8138	50.2342341891555
8139	50.1341686738835
8140	50.0302308290503
8141	49.9229417564133
8142	49.8128795526204
8143	49.6995939159343
8144	49.5815434951799
8145	49.4563891566686
8146	49.320948092562
8147	49.1713849053488
8148	49.002162549823
8149	48.8082162306112
8150	48.5839113446761
8151	48.3255236200958
8152	48.0342333681406
8153	47.7132149882867
8154	47.3678181434047
8155	47.0023287567013
8156	46.615877589562
8157	46.2069870000988
8158	45.7773014914897
8159	45.3278972363539
8160	44.8616896364075
8161	44.3817469506313
8162	43.890866906466
8163	43.3926646128136
8164	42.8898906724141
8165	42.3871464142271
8166	41.8884963280055
8167	41.3962551881078
8168	40.9119052444944
8169	40.4364741570157
8170	39.9701654619234
8171	39.512380220213
8172	39.0622307608991
8173	38.6184215108991
8174	38.1794311899506
8175	37.7445891230937
8176	37.3133409409415
8177	36.8828161760378
8178	36.4499725156912
8179	36.0152240041014
8180	35.5772206925285
8181	35.1355481128518
8182	34.6924491222588
8183	34.2510628857307
8184	33.8163759097817
8185	33.3899566825133
8186	32.9684501834849
8187	32.5484723782013
8188	32.1289209976857
8189	31.7093172197973
8190	31.2905860569536
8191	30.8755811708999
8192	30.4664167631608
8193	30.0622847462143
8194	29.6611196013455
8195	29.2602005872116
8196	28.8546515924161
8197	28.440501871228
8198	28.0166402805937
8199	27.5841985977339
8200	27.1452661484152
8201	26.7023687184659
8202	26.2572666962488
8203	25.8093682623304
8204	25.3580488707905
8205	24.9020072269536
8206	24.4397674749461
8207	23.9722399805398
8208	23.4999238600518
8209	23.0229921731663
8210	22.5417245883253
8211	22.0522572965001
8212	21.5514132852519
8213	21.0417971564998
8214	20.525600427263
8215	20.0036447939479
8216	19.476760417476
8217	18.9442245703172
8218	18.4059267393909
8219	17.8599655891636
8220	17.3075260186043
8221	16.7516037149038
8222	16.1898329365084
8223	15.6200019948393
8224	15.0431308887616
8225	14.4606196107668
8226	13.8735429025792
8227	13.2827095551505
8228	12.6893052862069
8229	12.0943248383206
8230	11.4977616638782
8231	10.8993502434132
8232	10.2995418861727
8233	9.69944365870456
8234	9.09839762854926
8235	8.49562395120105
8236	7.89148281731352
8237	7.28523855240141
8238	6.67627774972717
8239	6.06465071444637
8240	5.44978182911742
8241	4.8321948080432
8242	4.21214910285644
8243	3.58924514900374
8244	2.96473150741277
8245	2.34047999300127
8246	1.7210904261138
8247	1.11136390394553
8248	0.513730509592634
8249	-0.067938015908532
8250	-0.632718985042208
8251	-1.18547094232227
8252	-1.72570050794991
8253	-2.24732674477575
8254	-2.74961935625309
8255	-3.23998197561828
8256	-3.72688114771706
8257	-4.21474992767724
8258	-4.70780938274999
8259	-5.20799861085614
8260	-5.72081166493887
8261	-6.24979728637422
8262	-6.78763543439467
8263	-7.32455145807215
8264	-7.8538937620707
8265	-8.3688855763152
8266	-8.86454282669368
8267	-9.34014715551788
8268	-9.7949546571899
8269	-10.2298788989059
8270	-10.649492723201
8271	-11.0592773952547
8272	-11.464046034542
8273	-11.8678581674292
8274	-12.2726112240871
8275	-12.6776582637804
8276	-13.0807834309141
8277	-13.4831907949905
8278	-13.886701284348
8279	-14.2915945876425
8280	-14.6990187377699
8281	-15.1083258155833
8282	-15.5177053179059
8283	-15.9291829676574
8284	-16.3467789118626
8285	-16.7719250990179
8286	-17.2033541459739
8287	-17.635213533729
8288	-18.0600279460999
8289	-18.4730074121707
8290	-18.87163136964
8291	-19.2558719181674
8292	-19.6270547236093
8293	-19.9865721390075
8294	-20.335328874797
8295	-20.6752782865758
8296	-21.0095320722403
8297	-21.3422468057904
8298	-21.6776478837371
8299	-22.0166058898787
8300	-22.3620544020814
8301	-22.7161273476718
8302	-23.0779920022046
8303	-23.4461006572784
8304	-23.8187836437771
8305	-24.1977979763725
8306	-24.5807011741526
8307	-24.9676507725487
8308	-25.3514996837941
8309	-25.7222957516515
8310	-26.0775375956442
8311	-26.4157007771417
8312	-26.7374540945264
8313	-27.0416530465882
8314	-27.327755717762
8315	-27.597032537126
8316	-27.850823429072
8317	-28.0900925947769
8318	-28.3166399945049
8319	-28.53239446759
8320	-28.7380866253722
8321	-28.9342035876482
8322	-29.1212476834053
8323	-29.2996893526484
8324	-29.4691647709864
8325	-29.6297423054033
8326	-29.7809418564494
8327	-29.9230987947037
8328	-30.0574505777436
8329	-30.1843930654758
8330	-30.3035259393982
8331	-30.4140908583121
8332	-30.5163329806263
8333	-30.6110087397209
8334	-30.7008797173522
8335	-30.7892482510462
8336	-30.8817646636928
8337	-30.9860066393971
8338	-31.1086151727345
8339	-31.2543618725502
8340	-31.4245180910802
8341	-31.6192204714791
8342	-31.8377756259749
8343	-32.0780112230754
8344	-32.3351486961998
8345	-32.605264154579
8346	-32.8858007989609
8347	-33.1724419347525
8348	-33.4612829761098
8349	-33.7479960018567
8350	-34.0293165601432
8351	-34.3035600894114
8352	-34.5684845516805
8353	-34.8220382492449
8354	-35.0630806567646
8355	-35.2900365483444
8356	-35.5014834702088
8357	-35.697088356337
8358	-35.8770670446358
8359	-36.0415634481341
8360	-36.1899594391585
8361	-36.3220039742317
8362	-36.4377451645504
8363	-36.5385038795883
8364	-36.6234389099079
8365	-36.6908042839454
8366	-36.7410258065733
8367	-36.7741137739402
8368	-36.7906248758694
8369	-36.7917854536367
8370	-36.777934593118
8371	-36.7481584328026
8372	-36.7021216872608
8373	-36.6396576725922
8374	-36.558011760296
8375	-36.454490963447
8376	-36.3266322720282
8377	-36.1679181009425
8378	-35.9706159543497
8379	-35.7312640506174
8380	-35.446787857929
8381	-35.110298254049
8382	-34.7215776910956
8383	-34.2871762218664
8384	-33.8113737077948
8385	-33.2997679137616
8386	-32.7573906934047
8387	-32.189506051724
8388	-31.6036552495156
8389	-31.0035830533755
8390	-30.3976717777881
8391	-29.7897523461583
8392	-29.1843691954771
8393	-28.58869596286
8394	-27.9989689376613
8395	-27.4169859181607
8396	-26.8464433006037
8397	-26.2912532849327
8398	-25.7605326515008
8399	-25.2669935641406
8400	-24.8218632108013
8401	-24.4207246956768
8402	-24.0495484701878
8403	-23.6906538751835
8404	-23.3218118476632
8405	-22.9377410090056
8406	-22.534953706747
8407	-22.1068335922484
8408	-21.6574445705987
8409	-21.1951456428516
8410	-20.7290821733072
8411	-20.2637514928426
8412	-19.8023001067673
8413	-19.3468369907831
8414	-18.8972982061564
8415	-18.4523952204457
8416	-18.0109494177226
8417	-17.5727729514112
8418	-17.1368889773091
8419	-16.7012363731503
8420	-16.2656090634261
8421	-15.8302364884446
8422	-15.3975573979681
8423	-14.9749144480417
8424	-14.5708792225008
8425	-14.1868509536796
8426	-13.8194104247216
8427	-13.460197182586
8428	-13.1070770270617
8429	-12.7627809052302
8430	-12.4301366129309
8431	-12.1149915057912
8432	-11.8188508143958
8433	-11.5414654576443
8434	-11.2827251420925
8435	-11.0398422017843
8436	-10.8092944302559
8437	-10.5865969032209
8438	-10.3621782543381
8439	-10.1288429784302
8440	-9.88044586872596
8441	-9.60675843591233
8442	-9.29728784246941
8443	-8.94644966271289
8444	-8.56369596709622
8445	-8.15299974715794
8446	-7.71134854713053
8447	-7.24562564943024
8448	-6.76756862176405
8449	-6.28887393233436
8450	-5.81652016840331
8451	-5.35543252082352
8452	-4.90939006415749
8453	-4.47847078898099
8454	-4.06132235701207
8455	-3.65676556495179
8456	-3.26261753228015
8457	-2.8769753893531
8458	-2.49720347022824
8459	-2.1218908237214
8460	-1.7502349882276
8461	-1.38162305486501
8462	-1.01624960510844
8463	-0.653425022644554
8464	-0.291270798009161
8465	0.0717307099882353
8466	0.435636920423199
8467	0.798119833108257
8468	1.15419289376295
8469	1.49903311489362
8470	1.82764208028199
8471	2.14478993867931
8472	2.46189734640227
8473	2.78584588095234
8474	3.10815275500001
8475	3.43399642929517
8476	3.7801952219797
8477	4.14524983868636
8478	4.51323818874825
8479	4.87004778726171
8480	5.21150971774992
8481	5.54566186971953
8482	5.8872054623223
8483	6.23610159792063
8484	6.5743656332999
8485	6.893311412845
8486	7.21164951386263
8487	7.54623950404728
8488	7.90061913922095
8489	8.2557001081787
8490	8.59505199252206
8491	8.92917001230865
8492	9.27744180178288
8493	9.64617011783925
8494	10.0189435031692
8495	10.3778830848378
8496	10.7189516561393
8497	11.0431290338912
8498	11.3656384366365
8499	11.6985226737245
8500	12.0309133368307
8501	12.3445990651242
8502	12.6289662003415
8503	12.888471807067
8504	13.1308721390984
8505	13.3663464666804
8506	13.5993026210591
8507	13.8239644722952
8508	14.0382962922275
8509	14.2412669303096
8510	14.4356328375645
8511	14.6240329023004
8512	14.8040921757046
8513	14.9754893316015
8514	15.1407397411179
8515	15.3017320962444
8516	15.4606564343055
8517	15.6158028706772
8518	15.7623400204401
8519	15.9011720938008
8520	16.0400314973494
8521	16.183865825426
8522	16.3330356313943
8523	16.4824196682958
8524	16.6249610463391
8525	16.7641611431024
8526	16.9056885520674
8527	17.0511651168429
8528	17.2009693852786
8529	17.3559031486068
8530	17.5166314007561
8531	17.6825021218728
8532	17.8531548772184
8533	18.0272680328739
8534	18.2024992142508
8535	18.3770595382242
8536	18.549368712609
8537	18.7183705507002
8538	18.8836809557334
8539	19.0443918845427
8540	19.1991917866033
8541	19.3467510429014
8542	19.4863562735063
8543	19.6174175192783
8544	19.7401927030533
8545	19.8554855654526
8546	19.9626620489527
8547	20.0601799984378
8548	20.1488229314499
8549	20.2320804595494
8550	20.3126060894707
8551	20.3948104594755
8552	20.4780969681708
8553	20.5530122373637
8554	20.6119524580241
8555	20.6564988711469
8556	20.69143726576
8557	20.7201182013327
8558	20.7448296053127
8559	20.76546317528
8560	20.7812946094778
8561	20.7920485746166
8562	20.7974581801563
8563	20.7971234558937
8564	20.7889108723206
8565	20.7703124759448
8566	20.740990330803
8567	20.7005720592098
8568	20.6485781505875
8569	20.5849528519028
8570	20.5079307033636
8571	20.4154706078615
8572	20.3060224815212
8573	20.1788466479283
8574	20.0341770755209
8575	19.8716074827582
8576	19.6899823746861
8577	19.4884079818536
8578	19.2662438912887
8579	19.0230617673563
8580	18.7576161864811
8581	18.468415809259
8582	18.1551452863478
8583	17.8189393788022
8584	17.4615601660284
8585	17.0843238408873
8586	16.6870610875102
8587	16.2699751355078
8588	15.8355188055231
8589	15.3874759010222
8590	14.9290469424431
8591	14.462749849593
8592	13.9905911381604
8593	13.5143541298828
8594	13.0368075571262
8595	12.5605622655117
8596	12.0880875693323
8597	11.6208734978451
8598	11.1592922060196
8599	10.7035993423329
8600	10.2531562982948
8601	9.807068487446
8602	9.36536300685351
8603	8.92823332274395
8604	8.49641817220821
8605	8.07134122625174
8606	7.65447750700869
8607	7.24215920545774
8608	6.82876498622009
8609	6.4139959351512
8610	6.00032350546923
8611	5.59283645514467
8612	5.19583266498373
8613	4.80971946728762
8614	4.43338560125417
8615	4.06523850985367
8616	3.70302147950134
8617	3.34301520626224
8618	2.98310217610689
8619	2.62223334582389
8620	2.25883118197217
8621	1.89122824881413
8622	1.52004048383789
8623	1.14775784857912
8624	0.77737950650928
8625	0.411313280209141
8626	0.0510117805386629
8627	-0.301900972639488
8628	-0.646875048177313
8629	-0.985472573623811
8630	-1.32031113598796
8631	-1.65511491671005
8632	-1.99543096233548
8633	-2.34385538125092
8634	-2.70190145567249
8635	-3.06784992800431
8636	-3.43740366873763
8637	-3.80855519928592
8638	-4.1797493007529
8639	-4.54977088345548
8640	-4.91900512815841
8641	-5.28789395604276
8642	-5.65765761229326
8643	-6.029525320063
8644	-6.40275649653105
8645	-6.77804594139895
8646	-7.15704678958425
8647	-7.54158558341195
8648	-7.93278188915472
8649	-8.33231946801889
8650	-8.73879801785298
8651	-9.15127622610594
8652	-9.56374601801954
8653	-9.96866934366666
8654	-10.3675493430279
8655	-10.7631627324641
8656	-11.1523972074421
8657	-11.5301459280235
8658	-11.8976700621334
8659	-12.2609667484745
8660	-12.6231850909059
8661	-12.9838460495761
8662	-13.3435711792473
8663	-13.7081928965713
8664	-14.0757674319726
8665	-14.4402821031186
8666	-14.801312217228
8667	-15.1599504842664
8668	-15.5118510363189
8669	-15.8604333900893
8670	-16.2123502326591
8671	-16.5646464031076
8672	-16.9204258041753
8673	-17.2829470769284
8674	-17.6507181129561
8675	-18.0204764294658
8676	-18.3915847708482
8677	-18.7647526062255
8678	-19.1373963311408
8679	-19.5071649976186
8680	-19.8722193148176
8681	-20.2313330604213
8682	-20.585056363402
8683	-20.9346000513619
8684	-21.2790976286932
8685	-21.618270911087
8686	-21.9520152901795
8687	-22.2797198459229
8688	-22.6019835637886
8689	-22.9195140912525
8690	-23.2324138559874
8691	-23.541511278397
8692	-23.8481376144403
8693	-24.1527067560748
8694	-24.454174513686
8695	-24.7516732171082
8696	-25.0450558094864
8697	-25.3370354328096
8698	-25.6313818420604
8699	-25.9314942306736
8700	-26.2309325499847
8701	-26.5223967494922
8702	-26.8036359978808
8703	-27.0700806307692
8704	-27.3198166909821
8705	-27.5547219835495
8706	-27.7789658503207
8707	-27.9959328560743
8708	-28.2069233226387
8709	-28.4121992041772
8710	-28.611979599621
8711	-28.8078451034016
8712	-29.0033835736241
8713	-29.1994434144026
8714	-29.3931126895337
8715	-29.584517211386
8716	-29.7808869754462
8717	-29.9855324600219
8718	-30.1965142296936
8719	-30.4104121679802
8720	-30.6267454884216
8721	-30.845633142647
8722	-31.0650055993672
8723	-31.2807300227157
8724	-31.4878489736982
8725	-31.6867381362493
8726	-31.8790702373497
8727	-32.0619354863114
8728	-32.2356253549651
8729	-32.4039557162275
8730	-32.5638718346131
8731	-32.7108782719231
8732	-32.8450803451128
8733	-32.9677038573248
8734	-33.0783174560774
8735	-33.1769113527902
8736	-33.2645585463195
8737	-33.3418093548736
8738	-33.4089768308381
8739	-33.4666963492826
8740	-33.5157753520698
8741	-33.5565408622775
8742	-33.5887219368853
8743	-33.6125794735089
8744	-33.6291353462623
8745	-33.6385630044475
8746	-33.640331073469
8747	-33.633563248634
8748	-33.6173023959545
8749	-33.592180745763
8750	-33.5593637909495
8751	-33.5188855311172
8752	-33.4697773997226
8753	-33.4119646271594
8754	-33.3458591917923
8755	-33.2718825892256
8756	-33.189717665471
8757	-33.0977451220801
8758	-32.9959267514824
8759	-32.884202917142
8760	-32.7618582623936
8761	-32.6282382458372
8762	-32.4803841758656
8763	-32.3151798745715
8764	-32.1292614856785
8765	-31.9202124545703
8766	-31.6882509408962
8767	-31.4346565400803
8768	-31.1654176902184
8769	-30.8830714554311
8770	-30.5930833952559
8771	-30.3013204193646
8772	-30.005297012684
8773	-29.6982370924259
8774	-29.3760898568485
8775	-29.0383750168602
8776	-28.6909184703246
8777	-28.3385304329876
8778	-27.9767437720479
8779	-27.6025450148761
8780	-27.2156531204965
8781	-26.8141195901102
8782	-26.4015559548337
8783	-25.9856030801652
8784	-25.568570655557
8785	-25.1502005817606
8786	-24.7325074269895
8787	-24.3239474461355
8788	-23.9361427390937
8789	-23.5684699602206
8790	-23.2067617583833
8791	-22.845287954223
8792	-22.4851018769982
8793	-22.1296839907096
8794	-21.7891169048395
8795	-21.4645393070579
8796	-21.1375495660296
8797	-20.7996280863689
8798	-20.4620324931967
8799	-20.1375979438168
8800	-19.8319339004092
8801	-19.5334084809762
8802	-19.2247344073923
8803	-18.8993573194
8804	-18.5650347717827
8805	-18.2341159428212
8806	-17.9089083701487
8807	-17.5808457547369
8808	-17.2426171525104
8809	-16.8910486883567
8810	-16.5360707274306
8811	-16.1883026070176
8812	-15.8446387182069
8813	-15.4963912107857
8814	-15.1391421980361
8815	-14.783506960818
8816	-14.4444129326612
8817	-14.1229645461368
8818	-13.8000624827922
8819	-13.4648558446967
8820	-13.1278409249534
8821	-12.8015259875027
8822	-12.5010977224119
8823	-12.2306640205036
8824	-11.962413106929
8825	-11.6746596548249
8826	-11.3637662189777
8827	-11.0331591995892
8828	-10.6944781096202
8829	-10.3572211649205
8830	-10.0165185695537
8831	-9.65798101242953
8832	-9.27678312888787
8833	-8.88338068754551
8834	-8.48959552423789
8835	-8.10003296395819
8836	-7.7083152002811
8837	-7.30516169774237
8838	-6.8874655416668
8839	-6.46844285864647
8840	-6.06242698278774
8841	-5.6568787919124
8842	-5.24529411475797
8843	-4.83347406982274
8844	-4.43019024680939
8845	-4.05026777611327
8846	-3.69871412485234
8847	-3.35357709586414
8848	-3.00543188685229
8849	-2.65835613738702
8850	-2.3090652799084
8851	-1.96127457381265
8852	-1.62259591185713
8853	-1.30487639163029
8854	-1.01208205527303
8855	-0.732393404531476
8856	-0.45114115999377
8857	-0.17527485526767
8858	0.0803986313877709
8859	0.330003944560144
8860	0.598171908521428
8861	0.890566922314863
8862	1.20104518335167
8863	1.51918278226916
8864	1.83544600540947
8865	2.14476363037204
8866	2.44579236749158
8867	2.73876038617374
8868	3.0238675714042
8869	3.30182175883371
8870	3.57380209850742
8871	3.83946512902941
8872	4.09901806457388
8873	4.35385074661683
8874	4.60307661366833
8875	4.83999073164922
8876	5.06201821462853
8877	5.27132940079678
8878	5.47210022681252
8879	5.68075182745827
8880	5.89424391045243
8881	6.09760785929971
8882	6.28682970423055
8883	6.45417824733783
8884	6.59367928003663
8885	6.70320817565098
8886	6.78192976421983
8887	6.83292508257277
8888	6.85878808216043
8889	6.86552843371819
8890	6.86060841362885
8891	6.85330367282982
8892	6.85224143342029
8893	6.86822266400011
8894	6.91140521388812
8895	6.98911382244093
8896	7.11200294728138
8897	7.27650535884828
8898	7.4677466746214
8899	7.68362663084751
8900	7.93074551096146
8901	8.20714301877831
8902	8.50318387575886
8903	8.80658722961999
8904	9.10817584596998
8905	9.40439003387173
8906	9.69206775720855
8907	9.96789934113416
8908	10.2308957407527
8909	10.4805375767597
8910	10.7172329030039
8911	10.9414500920601
8912	11.1525431303898
8913	11.3516778225063
8914	11.5407691871305
8915	11.7205105789813
8916	11.8922153116299
8917	12.0573892900274
8918	12.2168654156548
8919	12.3722679539826
8920	12.5235438692099
8921	12.6693520738392
8922	12.8076378553885
8923	12.933475611883
8924	13.0421489209872
8925	13.1318615341613
8926	13.210764690787
8927	13.294645183489
8928	13.3954771745868
8929	13.5176063378078
8930	13.6638810821223
8931	13.8369680156433
8932	14.0388716049862
8933	14.2730631316446
8934	14.5415211283208
8935	14.8387606127007
8936	15.1470928716395
8937	15.455620206682
8938	15.7644138821576
8939	16.0702930885516
8940	16.367910128075
8941	16.6537450236356
8942	16.9287766716459
8943	17.1987182908091
8944	17.4661986696432
8945	17.726541284277
8946	17.9738180908172
8947	18.1992789588474
8948	18.3988946850959
8949	18.5823663474965
8950	18.761075618062
8951	18.9365317693733
8952	19.0965537486689
8953	19.2317396637165
8954	19.3394331007577
8955	19.4278134736984
8956	19.5064572943089
8957	19.5699589190557
8958	19.615848158559
8959	19.6490632239897
8960	19.6729556560043
8961	19.6883355203061
8962	19.6960013136473
8963	19.6961400697472
8964	19.6889059371227
8965	19.6746464560802
8966	19.652213086876
8967	19.6205973833239
8968	19.5808050644011
8969	19.5338235149358
8970	19.4775153830137
8971	19.4110573486341
8972	19.3361158681759
8973	19.2520740717982
8974	19.1570063256122
8975	19.0504369628261
8976	18.931944635363
8977	18.8007207748788
8978	18.6587989468592
8979	18.5078463093014
8980	18.3455033651618
8981	18.16767938572
8982	17.9713859448449
8983	17.7557261642044
8984	17.5201839420572
8985	17.2647720452064
8986	16.9901561257432
8987	16.6966280862583
8988	16.3881597745854
8989	16.0661706537129
8990	15.7262033028393
8991	15.3665615750122
8992	14.9833650163044
8993	14.5719609465199
8994	14.1322850695022
8995	13.6650462854088
8996	13.1720631423901
8997	12.6574760160367
8998	12.1246711432643
8999	11.5775539413946
9000	11.0210753371253
9001	10.4589253148118
9002	9.8948162581913
9003	9.33311875023331
9004	8.77691590865072
9005	8.22848450128415
9006	7.69162653257162
9007	7.17259121294058
9008	6.67795744185474
9009	6.21405917189798
9010	5.79036699268202
9011	5.4026441946182
9012	5.04147409378481
9013	4.70053833819319
9014	4.36871853673879
9015	4.03644038416108
9016	3.69555946896117
9017	3.3410778786165
9018	2.97611580825691
9019	2.60780043833137
9020	2.24319084451016
9021	1.88287543108537
9022	1.52054921565069
9023	1.1512997720517
9024	0.772870959541126
9025	0.384477045279373
9026	-0.011569918686065
9027	-0.404917016120001
9028	-0.784256346404044
9029	-1.15095330991706
9030	-1.51086397608999
9031	-1.86691221403002
9032	-2.2227564820046
9033	-2.58222710585653
9034	-2.94759927786504
9035	-3.3196480526892
9036	-3.69812300484964
9037	-4.08180404979851
9038	-4.46980725651129
9039	-4.86100006763439
9040	-5.25447798344777
9041	-5.6494640929737
9042	-6.04092306648929
9043	-6.4212957809848
9044	-6.78649895312655
9045	-7.13869805895697
9046	-7.47480204449312
9047	-7.79809162580204
9048	-8.11612597042096
9049	-8.42735428553348
9050	-8.73058438747958
9051	-9.02571436467879
9052	-9.31180753702017
9053	-9.59129763429521
9054	-9.87004934632164
9055	-10.1530600904745
9056	-10.4419989174047
9057	-10.737557503192
9058	-11.041340744251
9059	-11.3540306309952
9060	-11.6767770401063
9061	-12.009928528618
9062	-12.3524126957117
9063	-12.7021992288183
9064	-13.0587081317749
9065	-13.4227985020277
9066	-13.7931229993381
9067	-14.1666046965892
9068	-14.5400252690806
9069	-14.9130603923882
9070	-15.2872419905092
9071	-15.6629658616448
9072	-16.0379998581829
9073	-16.4073690630764
9074	-16.7649169973524
9075	-17.1130154986225
9076	-17.4482101380826
9077	-17.7715447846013
9078	-18.0892110430731
9079	-18.3974272360784
9080	-18.6924324085791
9081	-18.9742000462869
9082	-19.2465330802071
9083	-19.5152315316334
9084	-19.7837853676208
9085	-20.0550310468169
9086	-20.3330584449214
9087	-20.6210996495409
9088	-20.9195008883855
9089	-21.224729018387
9090	-21.5307437823136
9091	-21.8308231458568
9092	-22.1245793911907
9093	-22.4149296300547
9094	-22.7019206294396
9095	-22.9852946097529
9096	-23.264773815579
9097	-23.541048327053
9098	-23.8152158522167
9099	-24.0865471403608
9100	-24.3538953396357
9101	-24.616969371898
9102	-24.8755910340243
9103	-25.1292098115374
9104	-25.3772866262412
9105	-25.6198501312338
9106	-25.8542802838764
9107	-26.0758427996523
9108	-26.286070824605
9109	-26.4879156692694
9110	-26.6794971047575
9111	-26.8542731784653
9112	-27.0042739761189
9113	-27.1246917928183
9114	-27.2159478723163
9115	-27.2831603448769
9116	-27.331722504432
9117	-27.368733246743
9118	-27.4004990065367
9119	-27.4272338622777
9120	-27.4464422924875
9121	-27.4591399771643
9122	-27.4700575159587
9123	-27.4819462781076
9124	-27.4922184214483
9125	-27.4979312376605
9126	-27.4979953736544
9127	-27.4957998417638
9128	-27.4977800867854
9129	-27.5060241083827
9130	-27.5171621711355
9131	-27.5248698229407
9132	-27.5293511518545
9133	-27.5369547921914
9134	-27.5507605004022
9135	-27.5672562724329
9136	-27.5804030246662
9137	-27.587040880625
9138	-27.5895124728312
9139	-27.5915985795178
9140	-27.5931481427416
9141	-27.5923374715437
9142	-27.5878504051787
9143	-27.5805431116238
9144	-27.5722125342181
9145	-27.5625827743036
9146	-27.5502787401624
9147	-27.5347489986858
9148	-27.5158038367847
9149	-27.4928450567091
9150	-27.4655105652018
9151	-27.4339905139287
9152	-27.3991391864143
9153	-27.3623671511955
9154	-27.3228486256737
9155	-27.2795198508746
9156	-27.2325234455796
9157	-27.1812294108662
9158	-27.1254758853354
9159	-27.0651510153882
9160	-26.9987727658677
9161	-26.925621794068
9162	-26.8477591522486
9163	-26.7689777884031
9164	-26.6916295024669
9165	-26.6126474729845
9166	-26.5250819705021
9167	-26.426425579249
9168	-26.3187562140312
9169	-26.2045570783083
9170	-26.0879111697819
9171	-25.9740307569654
9172	-25.8680691832124
9173	-25.7726228467388
9174	-25.6890519924645
9175	-25.6192456232315
9176	-25.5637800660021
9177	-25.5228962734226
9178	-25.4955164963322
9179	-25.4787714640359
9180	-25.4704502490505
9181	-25.4685411100115
9182	-25.4710730605979
9183	-25.4766301820951
9184	-25.4839644911528
9185	-25.4940878344707
9186	-25.5088479370487
9187	-25.5264362168696
9188	-25.5373345706682
9189	-25.5270587152625
9190	-25.4838142054671
9191	-25.3991048694602
9192	-25.2648455466742
9193	-25.075536340844
9194	-24.8284652117382
9195	-24.523573537311
9196	-24.1642768173431
9197	-23.7545419042733
9198	-23.3003248376753
9199	-22.8107259132145
9200	-22.2924900469875
9201	-21.753425971946
9202	-21.2025587664483
9203	-20.6465965729064
9204	-20.0922510166823
9205	-19.5450119130304
9206	-19.0085442530668
9207	-18.4859961517046
9208	-17.9802309508165
9209	-17.4914713255199
9210	-17.0191026455408
9211	-16.5635238079149
9212	-16.1246935669442
9213	-15.7011041127423
9214	-15.2908121035661
9215	-14.8920732841408
9216	-14.5031585873213
9217	-14.1225034944412
9218	-13.7487806050269
9219	-13.3810951212243
9220	-13.0180931976642
9221	-12.6587922598969
9222	-12.3026598307607
9223	-11.9496463160491
9224	-11.599449819194
9225	-11.2509127639067
9226	-10.9019041915416
9227	-10.5517839122087
9228	-10.2013363154245
9229	-9.85089024429634
9230	-9.50061388366911
9231	-9.14631471934491
9232	-8.78065242265914
9233	-8.39623778030873
9234	-7.98991794038974
9235	-7.56923691291188
9236	-7.15003686376964
9237	-6.7331901454367
9238	-6.31549740035738
9239	-5.90385171820478
9240	-5.49579754578999
9241	-5.08774779933889
9242	-4.68269555107898
9243	-4.28267929236551
9244	-3.88853324298169
9245	-3.49913397674696
9246	-3.10975492893442
9247	-2.7196246618869
9248	-2.33319513861275
9249	-1.95743367659731
9250	-1.58698945922527
9251	-1.21105569679342
9252	-0.827556498663666
9253	-0.451876579216189
9254	-0.0929956154246259
9255	0.254507638537489
9256	0.595508197975275
9257	0.936705532132863
9258	1.27003872581031
9259	1.58239704163184
9260	1.87167510361012
9261	2.15823445208819
9262	2.45340021518266
9263	2.74860588511544
9264	3.03448310276592
9265	3.29398924563067
9266	3.52062091594871
9267	3.73087664301232
9268	3.94596215715985
9269	4.17234271866379
9270	4.39494938799392
9271	4.6003947165644
9272	4.79454772147495
9273	4.99173911801013
9274	5.1983394118008
9275	5.40350364108942
9276	5.59505826716432
9277	5.78003678836449
9278	5.97435434071074
9279	6.18400468257284
9280	6.39536736862514
9281	6.58852494039964
9282	6.76085547152457
9283	6.93156463905614
9284	7.1236667396572
9285	7.34312829153971
9286	7.5904428877663
9287	7.86919749479862
9288	8.18237141926088
9289	8.531141944522
9290	8.91425451546034
9291	9.32809065967744
9292	9.76746844105624
9293	10.22833103118
9294	10.7063062953631
9295	11.197539470434
9296	11.6922060117408
9297	12.1803693288088
9298	12.6591299595027
9299	13.1237748379894
9300	13.5700591180859
9301	13.9950271010761
9302	14.3992279479241
9303	14.7798868820442
9304	15.1291390334162
9305	15.4496912434051
9306	15.7376888667975
9307	15.9881084474803
9308	16.2253327920301
9309	16.4711468145518
9310	16.7131353402833
9311	16.9411520194785
9312	17.1669113241221
9313	17.3988767424259
9314	17.6219688930868
9315	17.828665159852
9316	18.0192958484145
9317	18.188712078504
9318	18.3462835594984
9319	18.5022795719839
9320	18.662369813375
9321	18.8318330305736
9322	19.0143542411151
9323	19.2109312600231
9324	19.4201848100836
9325	19.6408058718631
9326	19.8708071958559
9327	20.1095305169564
9328	20.3571679647602
9329	20.6130281950111
9330	20.8784559906601
9331	21.1514764769837
9332	21.4230378509666
9333	21.6875553754221
9334	21.9467489363556
9335	22.1970195719779
9336	22.4335083234651
9337	22.6604589639279
9338	22.8852388198724
9339	23.114126740243
9340	23.3509865362423
9341	23.5966451711248
9342	23.8512211024097
9343	24.1139834997882
9344	24.3842343147633
9345	24.6602879149136
9346	24.9398833748259
9347	25.221551857219
9348	25.5034512202433
9349	25.783717984231
9350	26.0606098128071
9351	26.332764942091
9352	26.5995775934404
9353	26.8569117383037
9354	27.1005831735655
9355	27.3264174173531
9356	27.5305496044682
9357	27.7071421024873
9358	27.8480764722927
9359	27.9501342431179
9360	28.0149183134297
9361	28.0491727613182
9362	28.0640173777526
9363	28.0696695181755
9364	28.0730571090955
9365	28.0805589708857
9366	28.0970605946515
9367	28.1244742121021
9368	28.1632711809581
9369	28.2133505718189
9370	28.2737368254102
9371	28.342445123281
9372	28.4174807737397
9373	28.4968235307796
9374	28.5785384335595
9375	28.6606503772591
9376	28.7420739084258
9377	28.822510139864
9378	28.9003412597764
9379	28.9733033671039
9380	29.0397737711079
9381	29.0991061493517
9382	29.1513523620363
9383	29.1967099083003
9384	29.2347933300253
9385	29.2655501277833
9386	29.2899168435868
9387	29.3107134019398
9388	29.3302826651708
9389	29.3485735659683
9390	29.3618999307752
9391	29.3621838675988
9392	29.3398421853303
9393	29.2873650601259
9394	29.1999869766481
9395	29.0747521285531
9396	28.9089298952466
9397	28.69886271884
9398	28.440577848975
9399	28.1317707605264
9400	27.7721434696882
9401	27.3622707453581
9402	26.9036879525547
9403	26.3982879851279
9404	25.8504603907982
9405	25.2651457069968
9406	24.6474282892426
9407	24.0050658528348
9408	23.3455515588434
9409	22.6750447849532
9410	21.9994549815732
9411	21.3242876763073
9412	20.6554164929168
9413	19.9980465753273
9414	19.3566024589835
9415	18.7345809901976
9416	18.1333605279137
9417	17.5535100669319
9418	16.9948916406075
9419	16.4573861106288
9420	15.940383769949
9421	15.4417830892252
9422	14.9596722035702
9423	14.4927756595674
9424	14.0403971290605
9425	13.6010743912486
9426	13.1731729443432
9427	12.7540035734343
9428	12.3407959296886
9429	11.9326955599803
9430	11.5287446665554
9431	11.1290008185654
9432	10.7343242215168
9433	10.3466280727793
9434	9.97011603663463
9435	9.60905445231721
9436	9.27073184955441
9437	8.95481170736146
9438	8.65310001278028
9439	8.3564264442099
9440	8.05429631185575
9441	7.73961640970047
9442	7.40757118436668
9443	7.05551551145752
9444	6.68238019164337
9445	6.28969874914409
9446	5.88421981954137
9447	5.47394251239359
9448	5.06226091574634
9449	4.65420227110901
9450	4.25481302946442
9451	3.86166252698726
9452	3.46850427886428
9453	3.07153555627133
9454	2.67381140666209
9455	2.28363752534323
9456	1.90917195665402
9457	1.55395363040841
9458	1.21242226811302
9459	0.874939838452504
9460	0.534920087053082
9461	0.186181112960373
9462	-0.174440466264775
9463	-0.543196460936632
9464	-0.913037019499744
9465	-1.27787207629603
9466	-1.63378077393106
9467	-1.9816072836027
9468	-2.32763212981972
9469	-2.67848391038695
9470	-3.03804029650085
9471	-3.40351506483836
9472	-3.7665933381798
9473	-4.12179512002978
9474	-4.47056369163676
9475	-4.81362805950877
9476	-5.14918788389625
9477	-5.4803139189364
9478	-5.80898301258267
9479	-6.13324029341587
9480	-6.45015826194399
9481	-6.756617743183
9482	-7.05217015009811
9483	-7.3419180498068
9484	-7.63390623686789
9485	-7.93501599020196
9486	-8.25197464853385
9487	-8.58896020447268
9488	-8.94576193272188
9489	-9.32050430458925
9490	-9.71167371423874
9491	-10.1172125298184
9492	-10.5339835490655
9493	-10.958971241628
9494	-11.3894179713048
9495	-11.8229959916139
9496	-12.2577431671604
9497	-12.6921086007203
9498	-13.1251995196141
9499	-13.5557237520908
9500	-13.9811770573735
9501	-14.3951722261742
9502	-14.7905115929161
9503	-15.1578632220263
9504	-15.4907496798661
9505	-15.7868529939328
9506	-16.053714740115
9507	-16.3062284133951
9508	-16.5577445441564
9509	-16.8168078926749
9510	-17.0791367911083
9511	-17.3356350368653
9512	-17.5826738312143
9513	-17.8266859838385
9514	-18.0790111056624
9515	-18.3464693281889
9516	-18.6244108957863
9517	-18.8971357990727
9518	-19.153855010556
9519	-19.3936592249515
9520	-19.6210978272473
9521	-19.8460046690083
9522	-20.076866997256
9523	-20.3188385041638
9524	-20.5759407841718
9525	-20.8453285778512
9526	-21.1165001110442
9527	-21.3822119572852
9528	-21.645194312875
9529	-21.9104343312603
9530	-22.1799927832228
9531	-22.4557401849559
9532	-22.7384273486058
9533	-23.0273812852307
9534	-23.3217098394826
9535	-23.6201247234751
9536	-23.9207258988521
9537	-24.219580581597
9538	-24.5108048033051
9539	-24.7888161417684
9540	-25.0473965926568
9541	-25.2802778978219
9542	-25.4821493791133
9543	-25.6537607779513
9544	-25.803469484278
9545	-25.9371635709638
9546	-26.0544909971716
9547	-26.1569475352466
9548	-26.2477898085076
9549	-26.3248090028978
9550	-26.3851140398878
9551	-26.4296440619343
9552	-26.4613093073795
9553	-26.4838353137356
9554	-26.4993410167277
9555	-26.5083374406262
9556	-26.5120274386571
9557	-26.5111958326184
9558	-26.5054842019111
9559	-26.49562066107
9560	-26.4825075268114
9561	-26.4650257570063
9562	-26.4430151943298
9563	-26.4172013932501
9564	-26.3867970744158
9565	-26.350748266892
9566	-26.3091005578088
9567	-26.2620035282228
9568	-26.2097105120598
9569	-26.1527323103057
9570	-26.0905117687822
9571	-26.0226646719125
9572	-25.9491680400854
9573	-25.8700663449351
9574	-25.7856328636204
9575	-25.6946908308299
9576	-25.5963635074131
9577	-25.4909149714201
9578	-25.3788488808169
9579	-25.2607065027795
9580	-25.1385438117377
9581	-25.0164685726923
9582	-24.8984380397836
9583	-24.7848625843549
9584	-24.67025320408
9585	-24.5503389765598
9586	-24.4298504716877
9587	-24.3133702154521
9588	-24.2030276999326
9589	-24.1018414547263
9590	-24.0101788919781
9591	-23.9260957693426
9592	-23.8481925605646
9593	-23.7759784443175
9594	-23.7097622862235
9595	-23.6484538300091
9596	-23.589049906881
9597	-23.5295382182785
9598	-23.4684969262663
9599	-23.4046740674484
9600	-23.3378657676001
9601	-23.2677873239779
9602	-23.1933816438253
9603	-23.1141986205084
9604	-23.0292338718237
9605	-22.9370097529284
9606	-22.8377957679773
9607	-22.7324056102404
9608	-22.6203558811656
9609	-22.5003078099775
9610	-22.3716060940289
9611	-22.2355386943646
9612	-22.0934570611673
9613	-21.9447509989052
9614	-21.7864106975927
9615	-21.6165876380935
9616	-21.4352940337773
9617	-21.2399260941861
9618	-21.0278467279133
9619	-20.8006175772199
9620	-20.5619894301673
9621	-20.3102439242492
9622	-20.0440081417053
9623	-19.763169936473
9624	-19.4653495251674
9625	-19.1671614326807
9626	-18.8795224288173
9627	-18.5870807854772
9628	-18.2812901866012
9629	-17.967225855948
9630	-17.6461411911442
9631	-17.3167262694765
9632	-16.9803320494958
9633	-16.6372638617496
9634	-16.2886045697552
9635	-15.9368704756671
9636	-15.5839591538426
9637	-15.2309274189749
9638	-14.8790030844716
9639	-14.529370282387
9640	-14.1823389847711
9641	-13.8396680482654
9642	-13.5059472987279
9643	-13.1871623615174
9644	-12.8884243055197
9645	-12.6100223873968
9646	-12.3488255284378
9647	-12.1043112662694
9648	-11.8799693810967
9649	-11.6730296447859
9650	-11.4779723299996
9651	-11.2936544622344
9652	-11.1182460848747
9653	-10.9497007733888
9654	-10.785534759975
9655	-10.6228003082067
9656	-10.4571536735239
9657	-10.2839521420195
9658	-10.1015320730678
9659	-9.91183198192945
9660	-9.71884303402673
9661	-9.52339405098134
9662	-9.32339850447968
9663	-9.11850439012156
9664	-8.90965811842712
9665	-8.69452861026587
9666	-8.46997580418957
9667	-8.23928059457328
9668	-8.00264275209582
9669	-7.75530209601632
9670	-7.49750897701778
9671	-7.2263089807929
9672	-6.94720613574957
9673	-6.66563528760616
9674	-6.37664502559163
9675	-6.08045204912639
9676	-5.77934779595335
9677	-5.47455140514917
9678	-5.16637351008684
9679	-4.85656369889939
9680	-4.54772525680128
9681	-4.24099608411385
9682	-3.9369064197844
9683	-3.63547935095866
9684	-3.34035119097462
9685	-3.05311350017039
9686	-2.77405028196045
9687	-2.51157242211542
9688	-2.27172122397446
9689	-2.0546498925634
9690	-1.85399173824021
9691	-1.66781606136764
9692	-1.50299531375409
9693	-1.36159673377655
9694	-1.24364134929068
9695	-1.15078687475026
9696	-1.08402749885451
9697	-1.04150485145035
9698	-1.0195610585745
9699	-1.01486628286733
9700	-1.02467124262361
9701	-1.04647679571894
9702	-1.07732464071085
9703	-1.11381466294163
9704	-1.15356995424813
9705	-1.19496524230471
9706	-1.23632891358839
9707	-1.27443019357382
9708	-1.30478295548128
9709	-1.32218552169408
9710	-1.32165140546291
9711	-1.29676076573728
9712	-1.24048878427954
9713	-1.14767550474717
9714	-1.01493747534186
9715	-0.841373066470604
9716	-0.629628553369788
9717	-0.38353622832039
9718	-0.106746258244564
9719	0.196377937626387
9720	0.52166102944561
9721	0.865456629102288
9722	1.22437500209544
9723	1.59525516882423
9724	1.97500474475898
9725	2.35934954682062
9726	2.74501563453506
9727	3.12966922223958
9728	3.51217547264654
9729	3.89173829649925
9730	4.26712274268274
9731	4.63821475508442
9732	5.00326043392195
9733	5.36079625520518
9734	5.71157821699523
9735	6.05500404470227
9736	6.39070627630623
9737	6.71927473671124
9738	7.04120356056689
9739	7.3568475796061
9740	7.66667809048929
9741	7.97143774780906
9742	8.27091924836649
9743	8.56461960873358
9744	8.85252121311094
9745	9.1329518766939
9746	9.40401921066014
9747	9.6595236403466
9748	9.89094016619086
9749	10.0939292831787
9750	10.2702461604197
9751	10.4203556569615
9752	10.5375416445207
9753	10.621104509597
9754	10.6734158504728
9755	10.7070070396265
9756	10.7339883464448
9757	10.7493764538457
9758	10.7535417628928
9759	10.7505501982885
9760	10.7486368730143
9761	10.7548698485791
9762	10.7638032064789
9763	10.7723536663507
9764	10.7821873135514
9765	10.7929687976598
9766	10.8111198418415
9767	10.8416631883976
9768	10.8746015848168
9769	10.9037552107864
9770	10.9309190456182
9771	10.9618943523241
9772	11.0027153764651
9773	11.0470516681611
9774	11.0876421176188
9775	11.1243449938723
9776	11.16040246052
9777	11.2060027662201
9778	11.2666623558502
9779	11.3284672371825
9780	11.3828312663115
9781	11.4332083076071
9782	11.4853495526802
9783	11.5514879033691
9784	11.6368167451398
9785	11.7266429298587
9786	11.8070005418448
9787	11.8809568997798
9788	11.9572643695519
9789	12.0433476469038
9790	12.1462609248278
9791	12.2696954485156
9792	12.4084404728172
9793	12.5527106195523
9794	12.6960719412467
9795	12.8354676540978
9796	12.9723144762287
9797	13.1138086448143
9798	13.2644647069181
9799	13.4144107342159
9800	13.5469859762603
9801	13.6567266426884
9802	13.7463274671135
9803	13.8231388704955
9804	13.8948080584393
9805	13.964826760961
9806	14.0364298440056
9807	14.1125477670205
9808	14.1954686725687
9809	14.2859843337399
9810	14.3832790650232
9811	14.4867094556487
9812	14.5962122688814
9813	14.712117471757
9814	14.8329188461039
9815	14.9563950515973
9816	15.0818942440581
9817	15.207243317373
9818	15.3297469508537
9819	15.4490348296008
9820	15.5664285309954
9821	15.6825342505805
9822	15.7971501886448
9823	15.9085585641431
9824	16.0133647512605
9825	16.1034578005715
9826	16.1748272358879
9827	16.2360585575611
9828	16.2928670500452
9829	16.3424804019783
9830	16.3836743563378
9831	16.4186791296349
9832	16.4491024797081
9833	16.4724210168098
9834	16.4881231548365
9835	16.4968698438065
9836	16.4974691293367
9837	16.4896625390775
9838	16.4730498668039
9839	16.4475506298167
9840	16.412853894651
9841	16.369362619458
9842	16.3178437136764
9843	16.2576693546493
9844	16.1873645478716
9845	16.1059317902425
9846	16.0134007432085
9847	15.909409701017
9848	15.7939153398507
9849	15.6670066496252
9850	15.5284609499049
9851	15.3781539098536
9852	15.2146451901135
9853	15.0372593117799
9854	14.8461780233022
9855	14.6438028498127
9856	14.4329474257522
9857	14.2154383997
9858	13.9908227562137
9859	13.7563930498429
9860	13.5102696251282
9861	13.2523037450628
9862	12.9866058496889
9863	12.7166361969018
9864	12.446779725008
9865	12.1859369508848
9866	11.9435477249038
9867	11.7250314781201
9868	11.5331567336046
9869	11.3701146807818
9870	11.2361358434964
9871	11.1306704267961
9872	11.0520848016943
9873	10.9977817197233
9874	10.9654845808269
9875	10.9533847135459
9876	10.9595507133222
9877	10.9810402696511
9878	11.015570451317
9879	11.0619515531438
9880	11.1177165131572
9881	11.1788603123001
9882	11.2401444628013
9883	11.294143437478
9884	11.3302016069801
9885	11.335240495071
9886	11.2968986937643
9887	11.2063852986621
9888	11.0600171177859
9889	10.8571576770139
9890	10.597065680916
9891	10.2808213123468
9892	9.91222301435029
9893	9.49651202317786
9894	9.04060798634825
9895	8.55279808768381
9896	8.04054028995319
9897	7.51191769946657
9898	6.97386638002165
9899	6.43271364671944
9900	5.89393504401844
9901	5.36275028639623
9902	4.84349651223563
9903	4.33791804773306
9904	3.84820987489633
9905	3.37502753849497
9906	2.91671158509477
9907	2.47254732996923
9908	2.04219567356876
9909	1.62467468194585
9910	1.21941377368521
9911	0.825295003627319
9912	0.440647469820833
9913	0.0638624756362625
9914	-0.306775193212476
9915	-0.672545246758224
9916	-1.03407945144826
9917	-1.39217174518858
9918	-1.74864469530947
9919	-2.10425305586679
9920	-2.45811223022781
9921	-2.80659018845701
9922	-3.14098237293198
9923	-3.45193135112533
9924	-3.7381054883432
9925	-4.00853130268071
9926	-4.27391112802778
9927	-4.53790658792773
9928	-4.80315790595757
9929	-5.06694833794171
9930	-5.32067474914487
9931	-5.56079232436444
9932	-5.79350674185118
9933	-6.02597564083092
9934	-6.26057643147153
9935	-6.49689829495294
9936	-6.73076378287805
9937	-6.9556394417978
9938	-7.1705851790341
9939	-7.38236405411636
9940	-7.59631048843574
9941	-7.80775575186852
9942	-8.01017754014829
9943	-8.20250416195035
9944	-8.39005433095372
9945	-8.58107935587201
9946	-8.77749465151342
9947	-8.97549831635218
9948	-9.17027732998245
9949	-9.36195743983785
9950	-9.55490789955165
9951	-9.75277790284494
9952	-9.95501938601859
9953	-10.1531145485893
9954	-10.3401394070032
9955	-10.5218371575493
9956	-10.706630941545
9957	-10.8994776851225
9958	-11.1040545120965
9959	-11.3154494909757
9960	-11.5201325572476
9961	-11.7121142204936
9962	-11.8974760758909
9963	-12.0840587352879
9964	-12.2752846843925
9965	-12.4714996412607
9966	-12.6707224142651
9967	-12.8691361868408
9968	-13.0620484770073
9969	-13.2506387556113
9970	-13.4404392791262
9971	-13.6333920525011
9972	-13.8284762664023
9973	-14.0215315773919
9974	-14.2057732483885
9975	-14.3795799622227
9976	-14.5462012718948
9977	-14.708063378076
9978	-14.864107012826
9979	-15.0104691145243
9980	-15.1418174299407
9981	-15.2570220339613
9982	-15.358693249357
9983	-15.4465216760727
9984	-15.5175780488759
9985	-15.5708563277439
9986	-15.6048688343126
9987	-15.6159371026642
9988	-15.6081185279716
9989	-15.5920146812308
9990	-15.5731596705372
9991	-15.5523855809776
9992	-15.5293445989738
9993	-15.5068471448203
9994	-15.491939376763
9995	-15.4833709644083
9996	-15.4669629854472
9997	-15.429122159848
9998	-15.3705736528822
9999	-15.3023324982305
10000	-15.2347079501388
10001	-15.1752803963915
10002	-15.1308072611646
10003	-15.106463887952
10004	-15.1057763438969
10005	-15.131922935261
10006	-15.1848697252231
10007	-15.2635732882288
10008	-15.3686642169386
10009	-15.4985315340439
10010	-15.6496876510922
10011	-15.8183481100025
10012	-16.0015780143026
10013	-16.1974328359925
10014	-16.4028252054415
10015	-16.6147295179713
10016	-16.8303146565384
10017	-17.0473968966109
10018	-17.2646014132897
10019	-17.4806950693511
10020	-17.6917293706002
10021	-17.8876731284486
10022	-18.0519390322157
10023	-18.1760403171934
10024	-18.2713855505842
10025	-18.3539742781931
10026	-18.4367363398879
10027	-18.5306263993986
10028	-18.640347040112
10029	-18.7666200418756
10030	-18.909666080559
10031	-19.068847365447
10032	-19.2399784308191
10033	-19.419847420381
10034	-19.6062045721357
10035	-19.7957589753256
10036	-19.9848302025415
10037	-20.1703497333391
10038	-20.3520727214203
10039	-20.5294025564758
10040	-20.7001973245261
10041	-20.8621993201223
10042	-21.0136584874253
10043	-21.1546927351764
10044	-21.2853739863665
10045	-21.4055233551578
10046	-21.5149079101399
10047	-21.6139981265985
10048	-21.7047554548132
10049	-21.7885293512822
10050	-21.865586029573
10051	-21.9355404151096
10052	-21.998606668978
10053	-22.0548500719003
10054	-22.1041126746274
10055	-22.1468602001643
10056	-22.1836169498111
10057	-22.2130975318266
10058	-22.2345656068621
10059	-22.2494001369016
10060	-22.2584770989102
10061	-22.2604908601289
10062	-22.2523765870237
10063	-22.2271891485843
10064	-22.1755332197036
10065	-22.0894157359514
10066	-21.9598674515478
10067	-21.7777123477377
10068	-21.5366407896743
10069	-21.232152516553
10070	-20.8596168372417
10071	-20.4159305705156
10072	-19.9028296896634
10073	-19.3245532053566
10074	-18.690556090029
10075	-18.0144271701099
10076	-17.3015214085593
10077	-16.5615053159677
10078	-15.8043874883203
10079	-15.0369137173333
10080	-14.2742769900317
10081	-13.5303753263305
10082	-12.8019940764305
10083	-12.0908760885604
10084	-11.4059720339767
10085	-10.7555049151083
10086	-10.1434652054071
10087	-9.57100468506333
10088	-9.04613460560774
10089	-8.57703981134483
10090	-8.14267587529052
10091	-7.73883125083258
10092	-7.38487814074532
10093	-7.08138035678263
10094	-6.81801965174876
10095	-6.5789395712614
10096	-6.35551143091398
10097	-6.14426374034296
10098	-5.94131288223909
10099	-5.74116235960332
10100	-5.53942386533767
10101	-5.33419568200177
10102	-5.12410092276395
10103	-4.9084877031891
10104	-4.68797443600657
10105	-4.4621176165511
10106	-4.23167644730763
10107	-3.99463618250707
10108	-3.74581702664696
10109	-3.48146938013506
10110	-3.20547406305471
10111	-2.92286132270255
10112	-2.6398990619305
10113	-2.35440053066215
10114	-2.06027849123921
10115	-1.75586837805889
10116	-1.43657162368222
10117	-1.10051703587249
10118	-0.747839250801454
10119	-0.380312328322345
10120	-0.00109443059143331
10121	0.386173645183911
10122	0.778341045377889
10123	1.17284286633789
10124	1.56508723325056
10125	1.95025175940738
10126	2.32816212542456
10127	2.70020351669397
10128	3.06573300437183
10129	3.42534629912633
10130	3.78085988790885
10131	4.12930298387774
10132	4.46639469841077
10133	4.79174076596261
10134	5.10626484644787
10135	5.40886523360557
10136	5.69660756062394
10137	5.97154873798298
10138	6.23478685167513
10139	6.48446122830396
10140	6.72311957664714
10141	6.95063570784849
10142	7.16852194338703
10143	7.38348646968135
10144	7.59965586689907
10145	7.81087744320987
10146	8.01322368206165
10147	8.21224324383667
10148	8.4035288406229
10149	8.58179767387615
10150	8.75357835782146
10151	8.9211560031871
10152	9.08902704033513
10153	9.26157080944065
10154	9.42752809633994
10155	9.5824017536064
10156	9.73619711774833
10157	9.89023613478564
10158	10.0400058738684
10159	10.1801105499933
10160	10.3043569139776
10161	10.4101109454376
10162	10.4953192188072
10163	10.5604955264332
10164	10.6063276675456
10165	10.633695758667
10166	10.6443293852836
10167	10.6385707757573
10168	10.6173804263675
10169	10.582646965996
10170	10.5340663725465
10171	10.4714477287248
10172	10.3964072414386
10173	10.310559889612
10174	10.2160629862685
10175	10.1143196072328
10176	10.0047667494384
10177	9.88860230930415
10178	9.76674283088915
10179	9.63784480020669
10180	9.50171481290532
10181	9.35817882936043
10182	9.20657706738162
10183	9.04483306709797
10184	8.8723030967203
10185	8.69038917712786
10186	8.50359751122862
10187	8.32272071473305
10188	8.15006809359728
10189	7.97409808523063
10190	7.78391169427298
10191	7.57239886813177
10192	7.33386317237795
10193	7.06480991361666
10194	6.76438711619893
10195	6.43442893789571
10196	6.07793213037109
10197	5.6994707241294
10198	5.30578471034907
10199	4.90127602039899
10200	4.49049074140768
10201	4.07884835150864
10202	3.67070601774954
10203	3.26929634748262
10204	2.87693903647591
10205	2.49666388540622
10206	2.13082768963843
10207	1.77991646051618
10208	1.4436180648922
10209	1.12124334001535
10210	0.812028821444376
10211	0.517232067088488
10212	0.236839169604757
10213	-0.031227389336049
10214	-0.288312980067132
10215	-0.535109296200957
10216	-0.772138602782453
10217	-1.00057540879997
10218	-1.2217972222031
10219	-1.436545780189
10220	-1.6452375388289
10221	-1.84870764600805
10222	-2.04717513264803
10223	-2.24106561390056
10224	-2.43096362290881
10225	-2.6169965786356
10226	-2.80004685335465
10227	-2.98085213802758
10228	-3.15962606674649
10229	-3.337635713192
10230	-3.51581200754406
10231	-3.6944220250973
10232	-3.87280437657311
10233	-4.04855880412122
10234	-4.21875080651195
10235	-4.37870776038601
10236	-4.52110218058565
10237	-4.6395318588754
10238	-4.72626496919896
10239	-4.77290389505462
10240	-4.77796559363919
10241	-4.7420840342691
10242	-4.66423802202487
10243	-4.54434538801147
10244	-4.38486403706122
10245	-4.19297159453314
10246	-3.97870438320404
10247	-3.7534209100787
10248	-3.5244042843594
10249	-3.28945616335383
10250	-3.05327388744006
10251	-2.82702202186866
10252	-2.61402971054969
10253	-2.40077046840693
10254	-2.18388027890859
10255	-1.96375971875061
10256	-1.73308279133324
10257	-1.49043459435146
10258	-1.22866516183864
10259	-0.944515850054472
10260	-0.63915789528675
10261	-0.312428514579113
10262	0.0320077085332441
10263	0.38461656081803
10264	0.742331228646242
10265	1.10630451879821
10266	1.47110196009274
10267	1.83692897818546
10268	2.20610106983943
10269	2.57353858602019
10270	2.93297188334344
10271	3.28212044998973
10272	3.61469104231538
10273	3.92302522351614
10274	4.20613113210893
10275	4.45572557203338
10276	4.66976166763123
10277	4.84663613366995
10278	4.98122399449895
10279	5.08540389954209
10280	5.17432565585146
10281	5.2562124591941
10282	5.33948055578074
10283	5.43215606453594
10284	5.53959377914452
10285	5.6652532231378
10286	5.81022421610675
10287	5.97308854978481
10288	6.15429100527953
10289	6.35351742245182
10290	6.56242363525267
10291	6.7679715122968
10292	6.95598441321244
10293	7.12019320176639
10294	7.261564327221
10295	7.37810433367329
10296	7.47216313935718
10297	7.544513088969
10298	7.59397707177996
10299	7.62936477900334
10300	7.65662078918871
10301	7.67598919068344
10302	7.68515439306268
10303	7.68260802047775
10304	7.66532446847074
10305	7.63548161475293
10306	7.59855332730135
10307	7.5526738538782
10308	7.49870843523328
10309	7.43997773036802
10310	7.37859370096023
10311	7.31755256924405
10312	7.25868113113453
10313	7.20194396145524
10314	7.14724788753529
10315	7.09453553709492
10316	7.04293741047527
10317	6.99197546457094
10318	6.94178372168627
10319	6.89238743128196
10320	6.84317450103287
10321	6.79177880043685
10322	6.73778382134537
10323	6.68244448751266
10324	6.62542883596611
10325	6.56577909789587
10326	6.5022744818286
10327	6.43454708520494
10328	6.36233686818252
10329	6.28474867533335
10330	6.20208129026835
10331	6.11493754812017
10332	6.02370627549163
10333	5.92809992697573
10334	5.8269382339213
10335	5.71889121049425
10336	5.60236678790748
10337	5.47410516093036
10338	5.33122688858841
10339	5.17136869166786
10340	4.99018004440857
10341	4.77966343457089
10342	4.53001421908324
10343	4.23296850563848
10344	3.88399032081595
10345	3.48294449435552
10346	3.03228888588057
10347	2.53653591423395
10348	2.00194367688815
10349	1.43665236686709
10350	0.853512501245272
10351	0.263871245970834
10352	-0.324090543681875
10353	-0.900119076057735
10354	-1.45595615441366
10355	-1.98912611093761
10356	-2.49845343835889
10357	-2.98186695083992
10358	-3.43781712828596
10359	-3.86634320294577
10360	-4.26921971983401
10361	-4.64918901689968
10362	-5.01246959809372
10363	-5.36555847223825
10364	-5.7126994026769
10365	-6.05693802996687
10366	-6.39964424529293
10367	-6.74190768597067
10368	-7.08282642435909
10369	-7.4180806325577
10370	-7.7430561988977
10371	-8.05522003383772
10372	-8.35193856830046
10373	-8.62815314599301
10374	-8.8799792948069
10375	-9.11123690453774
10376	-9.329149364835
10377	-9.53524146854029
10378	-9.72305075310797
10379	-9.88571580463553
10380	-10.0215390191118
10381	-10.1373989802371
10382	-10.2377439711863
10383	-10.3235000131653
10384	-10.3937692032871
10385	-10.4396604829778
10386	-10.4556377835428
10387	-10.4397289072997
10388	-10.3882572234048
10389	-10.2989050337539
10390	-10.1706507995624
10391	-10.0037393941164
10392	-9.80028352563954
10393	-9.56214020723885
10394	-9.29099321250033
10395	-8.9888112452145
10396	-8.65649813826019
10397	-8.2953355092534
10398	-7.90929458465408
10399	-7.50175198160379
10400	-7.08338306237227
10401	-6.66612549350568
10402	-6.25858375433816
10403	-5.87594152433331
10404	-5.52058849577154
10405	-5.18631754383947
10406	-4.867204853375
10407	-4.5515159846671
10408	-4.22948628615839
10409	-3.89465059648857
10410	-3.54329752747455
10411	-3.17450403400204
10412	-2.78884827508327
10413	-2.38983214325903
10414	-1.97963947370952
10415	-1.55983537500824
10416	-1.13366431185418
10417	-0.70963331845543
10418	-0.300103603682429
10419	0.0918175699023041
10420	0.467036357398036
10421	0.825372920230132
10422	1.15729227372684
10423	1.44812065806218
10424	1.69341031531818
10425	1.89559428094272
10426	2.07013267975725
10427	2.22519406231923
10428	2.35400984832376
10429	2.45955173551553
10430	2.54637298776125
10431	2.6172305755262
10432	2.67707164121153
10433	2.72326408445322
10434	2.75423125434763
10435	2.77097135442704
10436	2.77128464483484
10437	2.76043538849624
10438	2.7462486063125
10439	2.73270856113724
10440	2.72511573889136
10441	2.72801785784566
10442	2.74357395273399
10443	2.77003759820332
10444	2.80445545801959
10445	2.8438887898382
10446	2.88683483999534
10447	2.93229382281671
10448	2.97344868887857
10449	2.99831437201016
10450	2.99508115663686
10451	2.95168603583728
10452	2.86046324068624
10453	2.7226313491984
10454	2.54981187167171
10455	2.36730182862689
10456	2.19047913205322
10457	2.01348920419528
10458	1.82843054472618
10459	1.62727884804788
10460	1.40179881149
10461	1.14681362139793
10462	0.859421040002992
10463	0.538187566234303
10464	0.183619793274891
10465	-0.20049435658309
10466	-0.609971585486025
10467	-1.04156648466447
10468	-1.4913877611995
10469	-1.95509246629739
10470	-2.4268445747871
10471	-2.90088830434595
10472	-3.36922608349062
10473	-3.8197234222542
10474	-4.24129125915379
10475	-4.62439641502738
10476	-4.96467204699796
10477	-5.26033202107006
10478	-5.51308608910452
10479	-5.73419004417273
10480	-5.93743741708692
10481	-6.13279324748148
10482	-6.32695070057472
10483	-6.52521684658813
10484	-6.73047469273558
10485	-6.94124573533432
10486	-7.15294302190908
10487	-7.36075551845897
10488	-7.55993950065061
10489	-7.74752254788186
10490	-7.92512273708913
10491	-8.09780248096872
10492	-8.27032684546531
10493	-8.44478584531922
10494	-8.62054025069143
10495	-8.79624790786308
10496	-8.96973391530345
10497	-9.13749316891623
10498	-9.29396746528759
10499	-9.43111749853019
10500	-9.54213371120127
10501	-9.62247883175991
10502	-9.667564885198
10503	-9.67564022013664
10504	-9.64592733340497
10505	-9.58000976891587
10506	-9.48142071366664
10507	-9.35021763489185
10508	-9.18621539162428
10509	-8.99103350458223
10510	-8.76682990349446
10511	-8.51468041829258
10512	-8.23514347083335
10513	-7.92872023049937
10514	-7.59529689268331
10515	-7.23557791138267
10516	-6.85060931827023
10517	-6.44221448936255
10518	-6.01230742589609
10519	-5.56267971822982
10520	-5.09725029834802
10521	-4.61952883632502
10522	-4.1327313707042
10523	-3.64075294554029
10524	-3.14672232064947
10525	-2.65488713382645
10526	-2.16961360647276
10527	-1.69321647077474
10528	-1.22815349554504
10529	-0.776807441727045
10530	-0.341029367796328
10531	0.0786257756617341
10532	0.483368179413053
10533	0.874511608619284
10534	1.25266221606111
10535	1.6174795292643
10536	1.9678007290113
10537	2.29940432340186
10538	2.60620155615145
10539	2.87798652768361
10540	3.10815241166887
10541	3.29911634267668
10542	3.44741345935433
10543	3.55372774435791
10544	3.62341421351428
10545	3.65910134120279
10546	3.67639312298746
10547	3.69210699470358
10548	3.7058206128777
10549	3.71176313232469
10550	3.70848267650485
10551	3.69689620189314
10552	3.68265820409989
10553	3.67313020812061
10554	3.66454388865409
10555	3.65164504275233
10556	3.63363056751129
10557	3.60968042938352
10558	3.58597332700722
10559	3.57069272492918
10560	3.56139200708467
10561	3.55265590705365
10562	3.54330399577912
10563	3.53288261406349
10564	3.52553861232794
10565	3.5281679469688
10566	3.53786620408394
10567	3.54766309375099
10568	3.55568366680859
10569	3.56109452304345
10570	3.56406699709456
10571	3.5712489194362
10572	3.58637466502697
10573	3.60287147617383
10574	3.61800074360177
10575	3.63163788742734
10576	3.64025939129317
10577	3.64810324029182
10578	3.66080407295039
10579	3.67413063466909
10580	3.68457622116037
10581	3.69224359455772
10582	3.69670490259844
10583	3.70244345635747
10584	3.71286841181742
10585	3.72188798989084
10586	3.72868923088883
10587	3.73583875983018
10588	3.74230736909685
10589	3.75134526497081
10590	3.76423138092008
10591	3.77663270807828
10592	3.78842420547136
10593	3.80069786117041
10594	3.81196686924033
10595	3.82633002019341
10596	3.84676528691691
10597	3.86782750945321
10598	3.88710566977638
10599	3.90406915488086
10600	3.91413224049746
10601	3.91929969548157
10602	3.92336384561868
10603	3.92315816750759
10604	3.9190160277609
10605	3.9125216495801
10606	3.9055903774738
10607	3.90131778273089
10608	3.89839257009243
10609	3.89544376603185
10610	3.89291129820661
10611	3.88939322687796
10612	3.88373262241196
10613	3.87676410103173
10614	3.8674508667984
10615	3.85648273575099
10616	3.84656246086303
10617	3.83613591463072
10618	3.82632761917042
10619	3.82043915394759
10620	3.8135187422803
10621	3.80457830115498
10622	3.79406956213494
10623	3.78548504441683
10624	3.78243497887139
10625	3.78007894803797
10626	3.77660815726572
10627	3.77267063424748
10628	3.76875101531157
10629	3.76815137760576
10630	3.77266625747175
10631	3.77679204412366
10632	3.77953729452742
10633	3.78240878649187
10634	3.78669107020397
10635	3.79462659133121
10636	3.80523447103668
10637	3.81593639894233
10638	3.82596751269778
10639	3.83431413970736
10640	3.84013239947662
10641	3.84676871974979
10642	3.85595327418855
10643	3.86458733664219
10644	3.8710838232431
10645	3.8738675088854
10646	3.8747508306378
10647	3.87682136441924
10648	3.87909576274909
10649	3.88013274168324
10650	3.87928809741938
10651	3.87462475322863
10652	3.86872777735012
10653	3.864379393592
10654	3.85989541601014
10655	3.85452487904667
10656	3.84862025289406
10657	3.84059252644092
10658	3.83255642927014
10659	3.8273110429446
10660	3.82077355405126
10661	3.81118515291394
10662	3.79797808520863
10663	3.7826312801709
10664	3.76770583166981
10665	3.75349531942112
10666	3.73492300545777
10667	3.70836245517722
10668	3.67451641948877
10669	3.63903948721033
10670	3.60589196011953
10671	3.57552441455515
10672	3.54758971091331
10673	3.52322433746145
10674	3.50200289309416
10675	3.48410202345441
10676	3.46788408585376
10677	3.44887480123904
10678	3.42869239546419
10679	3.40778447298824
10680	3.38636048934154
10681	3.36529288602508
10682	3.34516742684094
10683	3.32248865928121
10684	3.29199567193708
10685	3.25077177280909
10686	3.20206749132507
10687	3.15512849446617
10688	3.11249904126301
10689	3.06775878062369
10690	3.0119335708995
10691	2.93833368012766
10692	2.84155296804656
10693	2.71809695691355
10694	2.56635483670057
10695	2.38526792096813
10696	2.17566034228478
10697	1.93895089730256
10698	1.6774138046998
10699	1.39378134047528
10700	1.09095036779307
10701	0.771918369641357
10702	0.438655440532638
10703	0.0946407002844198
10704	-0.255461842111128
10705	-0.606578688930956
10706	-0.950228904438658
10707	-1.27995386806649
10708	-1.59136998941755
10709	-1.88383033355735
10710	-2.15676161320321
10711	-2.41404235047573
10712	-2.66182586378631
10713	-2.89780144089474
10714	-3.12019438608899
10715	-3.33451695893516
10716	-3.54417984320258
10717	-3.74632883055562
10718	-3.93587676888259
10719	-4.11396608267972
10720	-4.284139662025
10721	-4.4475905432052
10722	-4.60504861212296
10723	-4.75155483944058
10724	-4.88628748036499
10725	-5.01046782959019
10726	-5.12647473113777
10727	-5.23651582980448
10728	-5.3384345259639
10729	-5.4276353670238
10730	-5.50643826909513
10731	-5.58027339815227
10732	-5.65113614945347
10733	-5.72137073494584
10734	-5.79201238081097
10735	-5.86377241667403
10736	-5.9376175992934
10737	-6.01330667588425
10738	-6.09013978171315
10739	-6.16857563057117
10740	-6.24912461134292
10741	-6.33134589274728
10742	-6.41364109609078
10743	-6.49591346921844
10744	-6.57848739552331
10745	-6.66011142240202
10746	-6.74065622003439
10747	-6.82112017455422
10748	-6.90192458015599
10749	-6.98333225247428
10750	-7.0648494234984
10751	-7.14618475146525
10752	-7.22629331745939
10753	-7.30220536366991
10754	-7.36840535852161
10755	-7.42215126459836
10756	-7.46271544757504
10757	-7.48904497388242
10758	-7.50512645772895
10759	-7.51887529945904
10760	-7.53672636642606
10761	-7.56224359517339
10762	-7.59770275488611
10763	-7.64484192702164
10764	-7.70526413525962
10765	-7.7785603117599
10766	-7.86351264759858
10767	-7.95893234697703
10768	-8.06266979083435
10769	-8.17318653724724
10770	-8.28879311079099
10771	-8.40819602291747
10772	-8.53055498029575
10773	-8.65473315781675
10774	-8.77994308646817
10775	-8.90599073997784
10776	-9.03174446631415
10777	-9.155448600871
10778	-9.27743193656048
10779	-9.39749940286726
10780	-9.51464219806166
10781	-9.62877462823074
10782	-9.74080369907625
10783	-9.85115129959632
10784	-9.95901896391982
10785	-10.0643575602362
10786	-10.1679687015088
10787	-10.2689854408549
10788	-10.366186210892
10789	-10.4598090493757
10790	-10.5494335038835
10791	-10.633925759835
10792	-10.7141026072691
10793	-10.7914699837684
10794	-10.8668113489796
10795	-10.9405563008552
10796	-11.0124210338367
10797	-11.0827740816149
10798	-11.1517181698993
10799	-11.218094395365
10800	-11.2813277869391
10801	-11.3418618718683
10802	-11.4006368485462
10803	-11.4586749895856
10804	-11.5153542454887
10805	-11.5710148214074
10806	-11.6278178767598
10807	-11.6868521662862
10808	-11.7453830719777
10809	-11.7960776612717
10810	-11.8338997823035
10811	-11.8624331273619
10812	-11.8874136916969
10813	-11.9115732435295
10814	-11.9372386787055
10815	-11.9661953943413
10816	-11.9977341764315
10817	-12.0311131877395
10818	-12.0659546317015
10819	-12.1023864342486
10820	-12.140066555438
10821	-12.1778459941732
10822	-12.2154631868498
10823	-12.2531496179542
10824	-12.2912131721342
10825	-12.3290075693285
10826	-12.3651510319681
10827	-12.3991518106417
10828	-12.4304566073488
10829	-12.4580456896403
10830	-12.4817776713319
10831	-12.5014123713963
10832	-12.5170357976074
10833	-12.5293960927144
10834	-12.5385362082238
10835	-12.5450160140885
10836	-12.5490760831549
10837	-12.5499717587141
10838	-12.5466397079384
10839	-12.5374922601676
10840	-12.5226984218364
10841	-12.5040935690112
10842	-12.4821445666298
10843	-12.4575642149453
10844	-12.4302102258189
10845	-12.3992894778034
10846	-12.3656663995384
10847	-12.3294272693667
10848	-12.2900651158767
10849	-12.2481087811838
10850	-12.2029433093405
10851	-12.1523928521001
10852	-12.0951812865071
10853	-12.0314203937546
10854	-11.9616046829308
10855	-11.8862745669747
10856	-11.8053372875066
10857	-11.7185198404216
10858	-11.62608916975
10859	-11.5285482325403
10860	-11.4252964079966
10861	-11.3138165512614
10862	-11.1879960111476
10863	-11.0431547432643
10864	-10.8774060937919
10865	-10.689887486696
10866	-10.47876426637
10867	-10.2462358496877
10868	-9.9976961233963
10869	-9.73555621991877
10870	-9.46253678916178
10871	-9.18105446561447
10872	-8.89446641322827
10873	-8.60550619277693
10874	-8.31646492769453
10875	-8.02963940910457
10876	-7.7456777585032
10877	-7.46463877988582
10878	-7.18759609489945
10879	-6.91536640286432
10880	-6.64875290531994
10881	-6.38839710392852
10882	-6.13487968246461
10883	-5.8883987844902
10884	-5.64826312455356
10885	-5.41458602126575
10886	-5.18710029347103
10887	-4.96510544040556
10888	-4.74837235620453
10889	-4.53621089993702
10890	-4.32835886715559
10891	-4.12467668363097
10892	-3.92426393577253
10893	-3.72779018448281
10894	-3.5357440187141
10895	-3.3478726275242
10896	-3.16340908337729
10897	-2.98189896449227
10898	-2.80373303760759
10899	-2.6281195002284
10900	-2.45457529197188
10901	-2.28260434937633
10902	-2.11177511609533
10903	-1.9422875571924
10904	-1.77378012831732
10905	-1.60646098727994
10906	-1.44533818570537
10907	-1.29516174083685
10908	-1.15792117851594
10909	-1.03701810052519
10910	-0.93079391765027
10911	-0.837240746800313
10912	-0.762362514798098
10913	-0.714562354763333
10914	-0.699992200708682
10915	-0.720891367287187
10916	-0.77677078157283
10917	-0.865519415498274
10918	-0.985218045036804
10919	-1.13352772563802
10920	-1.3078383228476
10921	-1.50543644534251
10922	-1.72365837217195
10923	-1.9598558129066
10924	-2.21223816600266
10925	-2.47903686309681
10926	-2.75823019548541
10927	-3.04819679255058
10928	-3.34786270021451
10929	-3.65653468330049
10930	-3.97295263535068
10931	-4.2957738025991
10932	-4.62160352943494
10933	-4.94765526435192
10934	-5.2724948821148
10935	-5.5942874609213
10936	-5.91125459424651
10937	-6.22036952521716
10938	-6.51840715625897
10939	-6.79885881151764
10940	-7.05474955081235
10941	-7.27727361724587
10942	-7.45618258848544
10943	-7.5864849020958
10944	-7.67354833246123
10945	-7.72593178166365
10946	-7.75084013552392
10947	-7.75347737455884
10948	-7.72942083167777
10949	-7.67383581651943
10950	-7.58976649107684
10951	-7.48809086569229
10952	-7.38027264847142
10953	-7.26522365140739
10954	-7.13024355569893
10955	-6.96955119538341
10956	-6.78400041162023
10957	-6.58196543146347
10958	-6.37335157131743
10959	-6.14688737940622
10960	-5.89499472052789
10961	-5.62801697738497
10962	-5.36136245323509
10963	-5.10692446264755
10964	-4.85836181217299
10965	-4.59851402482132
10966	-4.32148411301542
10967	-4.02686145889224
10968	-3.7255231132823
10969	-3.42993968702422
10970	-3.1339869185799
10971	-2.82716706149956
10972	-2.50258219002695
10973	-2.15824773287531
10974	-1.79613781159739
10975	-1.42539047569831
10976	-1.05483943455288
10977	-0.680046824934701
10978	-0.300851036066595
10979	0.0756935215322766
10980	0.447476628416475
10981	0.817538174989051
10982	1.18919223092851
10983	1.56054135635003
10984	1.92704344007528
10985	2.28513401415326
10986	2.63435369672536
10987	2.9720728732566
10988	3.29608309202844
10989	3.60688723301474
10990	3.90263227023517
10991	4.18459644931814
10992	4.4546625407182
10993	4.71194856975252
10994	4.95623921682502
10995	5.18771325508236
10996	5.40837135857497
10997	5.62010376229984
10998	5.82211269383426
10999	6.01490134011938
11000	6.20222053369685
11001	6.38715729702281
11002	6.57253282054207
11003	6.75562266938483
11004	6.93226994425988
11005	7.10946221848402
11006	7.28498510197791
11007	7.45124014689306
11008	7.60697945785881
11009	7.74605819892101
11010	7.87334514291168
11011	8.00190975479219
11012	8.13126236340253
11013	8.25134428970996
11014	8.35553022968282
11015	8.44022317410792
11016	8.50265866071559
11017	8.54100860585983
11018	8.55432517839842
11019	8.54147545047278
11020	8.50197434102836
11021	8.43710199110928
11022	8.34801691721503
11023	8.23529554356467
11024	8.10054367634146
11025	7.94637793352067
11026	7.77330605665162
11027	7.5812461986632
11028	7.37124735601343
11029	7.14447751403784
11030	6.90097975362349
11031	6.64145646144369
11032	6.36646692252789
11033	6.07660497178142
11034	5.77248973427617
11035	5.45426420256202
11036	5.12390696106407
11037	4.78312250378411
11038	4.4340071124006
11039	4.07877064719115
11040	3.71863976237498
11041	3.35655537664508
11042	2.99744013642561
11043	2.64806647347427
11044	2.31478654363834
11045	2.00524793264901
11046	1.72375410731426
11047	1.46742447698813
11048	1.23038164972894
11049	1.00602491196921
11050	0.789748128519273
11051	0.57938133853143
11052	0.376873545951118
11053	0.185888703144443
11054	0.00836701835839752
11055	-0.151529218803655
11056	-0.291413045864414
11057	-0.415007745835326
11058	-0.523606992464996
11059	-0.620205176625155
11060	-0.713757198541897
11061	-0.809939175426341
11062	-0.909788459539034
11063	-1.01425723199134
11064	-1.12154846842109
11065	-1.22834013855027
11066	-1.33247986757253
11067	-1.43428128328115
11068	-1.53497270979943
11069	-1.6346557578185
11070	-1.73089689779712
11071	-1.82223223396925
11072	-1.91000113057439
11073	-1.99455180304876
11074	-2.07604183653508
11075	-2.154959707506
11076	-2.23092139561352
11077	-2.3026467454769
11078	-2.37238351374662
11079	-2.44215882158235
11080	-2.51104386345496
11081	-2.57944775791263
11082	-2.6452579142438
11083	-2.70631459574637
11084	-2.76524976064763
11085	-2.82400589277742
11086	-2.8829964961097
11087	-2.94224915229161
11088	-2.99628201831067
11089	-3.04215281527877
11090	-3.08164628985188
11091	-3.11434751729583
11092	-3.13907079076655
11093	-3.1564703613186
11094	-3.16577288216686
11095	-3.16729213654696
11096	-3.16053840404
11097	-3.14126845741601
11098	-3.11241513901125
11099	-3.08057470226446
11100	-3.04934366110309
11101	-3.01800841038714
11102	-2.98365731772682
11103	-2.94631923030706
11104	-2.91083569246239
11105	-2.87936210574899
11106	-2.85158809089385
11107	-2.8257707176355
11108	-2.80076352033496
11109	-2.77899596125961
11110	-2.75903723587408
11111	-2.74027943752858
11112	-2.721641049838
11113	-2.70363289069421
11114	-2.68857596474124
11115	-2.67376883978078
11116	-2.65761444087905
11117	-2.64296261749722
11118	-2.63033770023457
11119	-2.62012611714518
11120	-2.6148742133071
11121	-2.61049602640947
11122	-2.60654492552115
11123	-2.6068041623162
11124	-2.61210292960796
11125	-2.62117021489384
11126	-2.63250083240806
11127	-2.64107139179078
11128	-2.64698340953244
11129	-2.65661287319976
11130	-2.67169500140314
11131	-2.69133254678049
11132	-2.71236269923258
11133	-2.73039406217543
11134	-2.74712545668321
11135	-2.77071563757846
11136	-2.80520573195069
11137	-2.84860503864012
11138	-2.89696218699741
11139	-2.94386269557041
11140	-2.99053763596436
11141	-3.047427282206
11142	-3.12437099246814
11143	-3.22832083482576
11144	-3.36268830483936
11145	-3.52956612748376
11146	-3.72510955407171
11147	-3.94078735681412
11148	-4.16475368916383
11149	-4.38189762817279
11150	-4.58346041118858
11151	-4.76043214895926
11152	-4.90570014501942
11153	-5.02809114662163
11154	-5.13545058575399
11155	-5.22432799464923
11156	-5.29487351225808
11157	-5.35303071320587
11158	-5.39407712039063
11159	-5.41066740673397
11160	-5.40036963066979
11161	-5.35925079552553
11162	-5.28530618958244
11163	-5.17839284625644
11164	-5.03967075044415
11165	-4.86967222548102
11166	-4.66866171628179
11167	-4.43853059832086
11168	-4.18074444098356
11169	-3.89747071810645
11170	-3.58982123558396
11171	-3.25804808440791
11172	-2.90390137984598
11173	-2.52896564396007
11174	-2.136043119466
11175	-1.72867034347567
11176	-1.31061418855086
11177	-0.885649851560606
11178	-0.457033602263746
11179	-0.0290024569265085
11180	0.394876416659095
11181	0.812223582554373
11182	1.22007700080152
11183	1.61552738215039
11184	1.99683764220562
11185	2.36418253664897
11186	2.71785017790518
11187	3.05520688146262
11188	3.36843071825704
11189	3.64638564606337
11190	3.88411712279263
11191	4.08061211793713
11192	4.23358291066238
11193	4.3428952810121
11194	4.41808171112753
11195	4.4709967295147
11196	4.5126273768985
11197	4.55973695808119
11198	4.61688713758616
11199	4.6669783059319
11200	4.69672438720917
11201	4.7065771416797
11202	4.70228264924751
11203	4.69453269062912
11204	4.68803321175429
11205	4.6749262953767
11206	4.65027677330717
11207	4.61648185340514
11208	4.58063400141845
11209	4.55310843056579
11210	4.53088864779062
11211	4.50405436248581
11212	4.46859317447942
11213	4.42470814444775
11214	4.37798202062016
11215	4.33656573634626
11216	4.29773067920517
11217	4.25418028346519
11218	4.20394034993318
11219	4.14730457376627
11220	4.08774317850977
11221	4.03252518110972
11222	3.98434273644962
11223	3.93574420836515
11224	3.88121612970009
11225	3.82246951957459
11226	3.76507962348171
11227	3.7140901110691
11228	3.66567583524187
11229	3.61414599363938
11230	3.55734257101002
11231	3.50136664751938
11232	3.45522761569032
11233	3.41726554492897
11234	3.3771949652052
11235	3.328878656943
11236	3.2724669339419
11237	3.21467092094716
11238	3.16167726758266
11239	3.1063405491799
11240	3.0446336603302
11241	2.97671205652638
11242	2.90045120814872
11243	2.81791880699703
11244	2.7311888305518
11245	2.64049785942246
11246	2.54918025174056
11247	2.45815067200762
11248	2.36565050851144
11249	2.27590840975992
11250	2.19196471646299
11251	2.10971969926083
11252	2.02358198025023
11253	1.93485660856727
11254	1.8523310863726
11255	1.78063759531113
11256	1.71153328553846
11257	1.63951714678889
11258	1.56389904075672
11259	1.47925811661772
11260	1.37991826078835
11261	1.26136755062777
11262	1.12072384880386
11263	0.955029677325461
11264	0.764561200669202
11265	0.552434183331505
11266	0.322158556260525
11267	0.0786279748204013
11268	-0.172295589931639
11269	-0.423996143493125
11270	-0.667322759890877
11271	-0.894990515485163
11272	-1.10610894904342
11273	-1.29382810567834
11274	-1.45365989953114
11275	-1.59370868205058
11276	-1.72101789353116
11277	-1.84572756410025
11278	-1.98008567832544
11279	-2.12736250479001
11280	-2.28688579403027
11281	-2.45904912265132
11282	-2.64531537072885
11283	-2.84759880939846
11284	-3.06772333222406
11285	-3.3054854158804
11286	-3.55589858237102
11287	-3.81184877126656
11288	-4.06881902961161
11289	-4.31914368365241
11290	-4.5490082925997
11291	-4.75014223814827
11292	-4.92222174043008
11293	-5.07129421528914
11294	-5.20554466214658
11295	-5.33177689001657
11296	-5.45724648592759
11297	-5.58223105843739
11298	-5.69972691788784
11299	-5.80193158346553
11300	-5.87872761976365
11301	-5.92854727406553
11302	-5.95362428041141
11303	-5.95345795697766
11304	-5.93286530707416
11305	-5.89577803998263
11306	-5.84273702555797
11307	-5.77330774234602
11308	-5.6889745154977
11309	-5.59129594349495
11310	-5.48053520400187
11311	-5.35836511580735
11312	-5.22795864709448
11313	-5.09235748530723
11314	-4.95313984244056
11315	-4.81142928031323
11316	-4.67117862026993
11317	-4.53437422054259
11318	-4.40061543328117
11319	-4.27088063263513
11320	-4.14558350142805
11321	-4.02624398057295
11322	-3.9136848757648
11323	-3.80385835694821
11324	-3.6939087677895
11325	-3.58134165510924
11326	-3.45578923006217
11327	-3.31154268584204
11328	-3.15200611612989
11329	-2.98639550090293
11330	-2.82094949002582
11331	-2.65017436900428
11332	-2.46872728377408
11333	-2.2727273230052
11334	-2.05691366205658
11335	-1.81900668168458
11336	-1.56546510462287
11337	-1.3029573195351
11338	-1.03102151527172
11339	-0.748115068651932
11340	-0.454152020836172
11341	-0.15133709636948
11342	0.150792455428768
11343	0.449967368454041
11344	0.751734943792457
11345	1.05040113802878
11346	1.34690590516213
11347	1.64483764743025
11348	1.94554830710992
11349	2.25481541806177
11350	2.57585460608529
11351	2.90981509259366
11352	3.25494015705139
11353	3.60848807655824
11354	3.96829174017439
11355	4.3316476189331
11356	4.69601704368366
11357	5.06030387947025
11358	5.42249478762816
11359	5.7801367291229
11360	6.13101749221156
11361	6.47347164641087
11362	6.80701849141735
11363	7.1318513634257
11364	7.44933309351316
11365	7.76007573375389
11366	8.06327329486322
11367	8.35743162175639
11368	8.63810107291272
11369	8.89654659003959
11370	9.12402611445772
11371	9.31592471193485
11372	9.46623528936423
11373	9.57045429284547
11374	9.63575958883261
11375	9.67170761726705
11376	9.69538471573767
11377	9.7203402227457
11378	9.73356329245827
11379	9.72683372190217
11380	9.70759513828885
11381	9.69149833615977
11382	9.68824146320999
11383	9.6871466678961
11384	9.67821445031257
11385	9.65935203132312
11386	9.6380791557921
11387	9.62428383384606
11388	9.61544234985635
11389	9.60206322239167
11390	9.58018160458792
11391	9.55229852800891
11392	9.52700425247873
11393	9.51113967812275
11394	9.49570409398432
11395	9.47246380300164
11396	9.44273495247057
11397	9.41340279776765
11398	9.39262955924179
11399	9.37907110438743
11400	9.3631038705905
11401	9.3394922607823
11402	9.30959593084468
11403	9.27968740399176
11404	9.25842106187894
11405	9.24428367557941
11406	9.22801525707067
11407	9.2041630140394
11408	9.17341366381047
11409	9.14281917034772
11410	9.11907262593684
11411	9.09765178259942
11412	9.07054208748686
11413	9.03537538397076
11414	8.99664071147281
11415	8.96060603807158
11416	8.92796088941103
11417	8.89257901621795
11418	8.85019077167319
11419	8.80074631009704
11420	8.74694993148326
11421	8.6957461319606
11422	8.65027920247116
11423	8.60404041264057
11424	8.55090600269413
11425	8.49367883784523
11426	8.43578552216682
11427	8.37938264418599
11428	8.32881580474515
11429	8.28525789970165
11430	8.2418980646894
11431	8.1941857574344
11432	8.14490007521657
11433	8.09936592463401
11434	8.06074282215803
11435	8.02458297419358
11436	7.98583477931852
11437	7.94488531412398
11438	7.90714103381257
11439	7.87707328841374
11440	7.85262976843191
11441	7.82811728642273
11442	7.79889201680363
11443	7.76366233247146
11444	7.7276008230303
11445	7.69480987676935
11446	7.66281497690669
11447	7.63006543894269
11448	7.59621010729781
11449	7.55966478699531
11450	7.51539368262636
11451	7.46081963701952
11452	7.39989249742647
11453	7.33480515609749
11454	7.2635078999101
11455	7.18475091250614
11456	7.09975369269292
11457	7.00862006659765
11458	6.91051560881628
11459	6.80403115162728
11460	6.68834603164329
11461	6.56438549375296
11462	6.43328752105314
11463	6.29539660902093
11464	6.15048639174554
11465	5.99863121911458
11466	5.84131224970205
11467	5.68003050098304
11468	5.5161381869593
11469	5.35107716256027
11470	5.18834613860636
11471	5.03223369739891
11472	4.88897614308777
11473	4.7616540254237
11474	4.65002435224337
11475	4.54918946436605
11476	4.44664282063061
11477	4.32900453067863
11478	4.18595700364881
11479	4.01128097172378
11480	3.80079705187561
11481	3.55350166266901
11482	3.27191370187802
11483	2.95882959042218
11484	2.61823559196145
11485	2.25602988821681
11486	1.87739987262724
11487	1.48721018886102
11488	1.08978486245501
11489	0.689012941818197
11490	0.2880028907779
11491	-0.110030816116941
11492	-0.502280425890162
11493	-0.886998543057264
11494	-1.26261643555541
11495	-1.6276805982057
11496	-1.9803669499465
11497	-2.31995034083707
11498	-2.64633696337737
11499	-2.96018044445427
11500	-3.25933799200998
11501	-3.53756823420994
11502	-3.78849470530017
11503	-4.00994359985225
11504	-4.20145969055636
11505	-4.36028484313658
11506	-4.48741582792582
11507	-4.59302030976072
11508	-4.69088059641242
11509	-4.79151150663545
11510	-4.90340424485294
11511	-5.03210458590132
11512	-5.18085485429972
11513	-5.35087020384795
11514	-5.54119695818721
11515	-5.74976401408586
11516	-5.97225506912912
11517	-6.20412143755963
11518	-6.43690323251962
11519	-6.65808105935276
11520	-6.85800616136939
11521	-7.02680168915835
11522	-7.15819837535232
11523	-7.25881203332465
11524	-7.34157060126386
11525	-7.41916862209704
11526	-7.50007990938563
11527	-7.58818966357448
11528	-7.68594776335786
11529	-7.79557004820729
11530	-7.91899885774933
11531	-8.05548201325908
11532	-8.20334292086165
11533	-8.36156025225375
11534	-8.52721417351239
11535	-8.69819847295438
11536	-8.87346689954766
11537	-9.0509185175064
11538	-9.22885986756192
11539	-9.40579232218747
11540	-9.58065015496189
11541	-9.75326946196404
11542	-9.92326507811758
11543	-10.089898745325
11544	-10.2500778635323
11545	-10.3972139831364
11546	-10.520643540707
11547	-10.6128596792662
11548	-10.6779810943306
11549	-10.7272985742341
11550	-10.7719740731428
11551	-10.8191686082831
11552	-10.8737204799166
11553	-10.9392880464581
11554	-11.0176351610474
11555	-11.1092781058539
11556	-11.2130755899734
11557	-11.3276628092255
11558	-11.4512625874975
11559	-11.5820981036904
11560	-11.7182308340706
11561	-11.8570780201759
11562	-11.9971831350297
11563	-12.137190924579
11564	-12.2760149807617
11565	-12.4126477200801
11566	-12.5461835710467
11567	-12.675709787872
11568	-12.8015307509718
11569	-12.9239451973522
11570	-13.0424564256488
11571	-13.1561979270551
11572	-13.2641661774216
11573	-13.3657704094023
11574	-13.4574448616509
11575	-13.5336746514674
11576	-13.5887978086186
11577	-13.6140704747122
11578	-13.601025490484
11579	-13.5481666981345
11580	-13.4562486335346
11581	-13.3259208404495
11582	-13.1590760018865
11583	-12.9581446025298
11584	-12.7256304764252
11585	-12.4616107021693
11586	-12.1665352922684
11587	-11.8423100687412
11588	-11.4896913158324
11589	-11.1103700773741
11590	-10.7059798958324
11591	-10.2782494080396
11592	-9.82920496883648
11593	-9.36151416879019
11594	-8.87909427390477
11595	-8.38541272724831
11596	-7.88493282708157
11597	-7.38332157345193
11598	-6.88464682681758
11599	-6.39300769841637
11600	-5.91342226922919
11601	-5.45211079290442
11602	-5.01116758467853
11603	-4.5903733190787
11604	-4.19251201684788
11605	-3.82429966150601
11606	-3.48850035320708
11607	-3.17880063675246
11608	-2.89643302249485
11609	-2.64508821292809
11610	-2.42477045360597
11611	-2.23032487613244
11612	-2.06504877147486
11613	-1.93532874264679
11614	-1.84162275625695
11615	-1.78505614313054
11616	-1.76295227552471
11617	-1.77383713006815
11618	-1.81465710101611
11619	-1.88096316404866
11620	-1.96924993241362
11621	-2.07642184533609
11622	-2.20033328710829
11623	-2.33858687307787
11624	-2.48845559734356
11625	-2.64752165218253
11626	-2.81200229807501
11627	-2.97918093458437
11628	-3.14684118270784
11629	-3.30975347144572
11630	-3.46352900899229
11631	-3.60425616425031
11632	-3.72344155264373
11633	-3.81077168041061
11634	-3.86094845426621
11635	-3.87018340801941
11636	-3.83489889286128
11637	-3.75426419486592
11638	-3.62968366297153
11639	-3.46187786494517
11640	-3.25148965757949
11641	-3.00379243718525
11642	-2.72490263722782
11643	-2.42110206698414
11644	-2.10111893235414
11645	-1.77049495043354
11646	-1.43425191209177
11647	-1.09775243388032
11648	-0.762874691228336
11649	-0.430094395565207
11650	-0.0992572298572149
11651	0.229112752522707
11652	0.553840919761388
11653	0.874753794126407
11654	1.19091476939574
11655	1.50031591463673
11656	1.8027536271771
11657	2.09807922485333
11658	2.38699708746497
11659	2.66574546350348
11660	2.92688252303256
11661	3.16562014061254
11662	3.37406111948211
11663	3.54682895620199
11664	3.68094433353446
11665	3.77102574658609
11666	3.83263741972813
11667	3.8805477366332
11668	3.90861360784686
11669	3.91367697608616
11670	3.90111868739783
11671	3.88887156760439
11672	3.89012129682569
11673	3.90443149728603
11674	3.91727280079876
11675	3.91364941552169
11676	3.89439360173267
11677	3.85858491549017
11678	3.80699915215248
11679	3.74548478613352
11680	3.67473034159565
11681	3.59519700390543
11682	3.50721978922164
11683	3.41114367287949
11684	3.30835248458359
11685	3.19974597134575
11686	3.08641392100791
11687	2.96808045645725
11688	2.85007789988477
11689	2.73779552669263
11690	2.63028559577922
11691	2.52629874008466
11692	2.42327806071767
11693	2.31963933700352
11694	2.21151692127319
11695	2.08930887595407
11696	1.94476763798849
11697	1.77256747604828
11698	1.5688570671125
11699	1.33101755615617
11700	1.05819283473291
11701	0.751875229386189
11702	0.414795637455419
11703	0.0502761107698507
11704	-0.337881001810344
11705	-0.746173794533648
11706	-1.16996503236154
11707	-1.60379827831778
11708	-2.04194595823011
11709	-2.47899066575359
11710	-2.9103235291155
11711	-3.33203547442633
11712	-3.74010181102269
11713	-4.13069260178712
11714	-4.50044975748072
11715	-4.84295343107577
11716	-5.14850572785412
11717	-5.40848156691154
11718	-5.62342661636823
11719	-5.80414385730558
11720	-5.9638052082246
11721	-6.11190586861807
11722	-6.24859731378012
11723	-6.36548794869306
11724	-6.45297394885853
11725	-6.51296132135112
11726	-6.55674257959213
11727	-6.59412058081828
11728	-6.62548873106124
11729	-6.63979473488861
11730	-6.63068921467655
11731	-6.60918655447955
11732	-6.5868908441063
11733	-6.56001459826589
11734	-6.51720680405639
11735	-6.45285497177665
11736	-6.37378399450284
11737	-6.29342325584303
11738	-6.22509691264189
11739	-6.17277512578005
11740	-6.12598767342007
11741	-6.07137379542414
11742	-6.00900416143091
11743	-5.95154337321476
11744	-5.90260420887379
11745	-5.84793469388676
11746	-5.77523859442121
11747	-5.69122736201323
11748	-5.6131774500513
11749	-5.54785458491111
11750	-5.48162742155173
11751	-5.39703509771624
11752	-5.29167901248467
11753	-5.17683059733923
11754	-5.06160751657292
11755	-4.94356849686541
11756	-4.81246075150174
11757	-4.66203611328158
11758	-4.49292127463369
11759	-4.30203063219386
11760	-4.08677577370063
11761	-3.84701530557086
11762	-3.5807112988883
11763	-3.28782983901331
11764	-2.97013673610054
11765	-2.62947161072393
11766	-2.26892011914277
11767	-1.89311245545424
11768	-1.50634885789187
11769	-1.1112794614369
11770	-0.710915324351326
11771	-0.308544919237257
11772	0.092549217319844
11773	0.489608207505334
11774	0.880372491358945
11775	1.26207483783525
11776	1.63369280765325
11777	1.99607699050955
11778	2.34982639463132
11779	2.69439153672366
11780	3.02796397736159
11781	3.34888994339972
11782	3.65750620991889
11783	3.95508180952783
11784	4.24286450687643
11785	4.52241839601137
11786	4.79497812320039
11787	5.06123439119192
11788	5.32184886327802
11789	5.57793434858164
11790	5.83007120906031
11791	6.0747297944654
11792	6.30895130500933
11793	6.52039372659238
11794	6.6940022808345
11795	6.8305671476278
11796	6.92413501454208
11797	6.96604295402862
11798	6.95473578778095
11799	6.89134951347753
11800	6.78321716914376
11801	6.64696656000473
11802	6.49047775443745
11803	6.31175728267747
11804	6.11913786248709
11805	5.92128005002678
11806	5.72054679038153
11807	5.51702409214663
11808	5.30959176448763
11809	5.10621330721678
11810	4.91599180595734
11811	4.74058543558117
11812	4.5800649919122
11813	4.43356933257058
11814	4.29937266125688
11815	4.16984116752384
11816	4.03673421785002
11817	3.89914248631986
11818	3.755627971797
11819	3.60476853605945
11820	3.45358098080612
11821	3.3091352571491
11822	3.17218700474776
11823	3.04264808390834
11824	2.9210659287964
11825	2.80425090243374
11826	2.6942968626376
11827	2.59512473178007
11828	2.50646339040514
11829	2.43469486433929
11830	2.38361080818474
11831	2.34670585383621
11832	2.31818095977202
11833	2.29576728899325
11834	2.27969744283422
11835	2.27547634161352
11836	2.28495532798337
11837	2.30069618933126
11838	2.31885156180265
11839	2.34304248829734
11840	2.37805860985381
11841	2.43102269992406
11842	2.50136657216396
11843	2.57949573264472
11844	2.65891758496308
11845	2.7428116970629
11846	2.84246148663836
11847	2.96512769846294
11848	3.09900603565914
11849	3.23198930967706
11850	3.36490899397781
11851	3.503600765043
11852	3.65527338672165
11853	3.82837610661696
11854	4.02827937429642
11855	4.24149545514175
11856	4.45064111496346
11857	4.65562776620043
11858	4.86313386734284
11859	5.06938879536623
11860	5.25896428837903
11861	5.42393475595993
11862	5.564111345311
11863	5.68104135962706
11864	5.77884663708169
11865	5.85946112678318
11866	5.9253479401084
11867	5.98113698114191
11868	6.02875797351127
11869	6.07006126021924
11870	6.10653815917121
11871	6.1374321463041
11872	6.16330929463699
11873	6.18366392084361
11874	6.19803140934979
11875	6.20752467142347
11876	6.21375330031367
11877	6.21902546450963
11878	6.22437657694933
11879	6.23083789832821
11880	6.23862870797517
11881	6.24649930406797
11882	6.25388104035388
11883	6.25981617323599
11884	6.26340420333536
11885	6.26535190603208
11886	6.26784390531923
11887	6.27295579692479
11888	6.28020504752386
11889	6.28640943442914
11890	6.28854637719565
11891	6.28614196287648
11892	6.28148038832971
11893	6.27730322900047
11894	6.27352449084999
11895	6.26718572602695
11896	6.25640297204101
11897	6.24126738654528
11898	6.22244871291706
11899	6.20200896383464
11900	6.18294266523285
11901	6.16730955485897
11902	6.15713167003241
11903	6.15454177792961
11904	6.15989516551264
11905	6.1723302681061
11906	6.19105944863126
11907	6.21666588301823
11908	6.24893381837903
11909	6.28761608505752
11910	6.33235543107233
11911	6.38177302429835
11912	6.43454460165312
11913	6.48986498257612
11914	6.54664389779558
11915	6.60380463515842
11916	6.66098770327052
11917	6.71841385734649
11918	6.77584400039271
11919	6.83031476625835
11920	6.87849386917934
11921	6.91628878190971
11922	6.94200518864767
11923	6.95493677114562
11924	6.95495480565424
11925	6.94244501022316
11926	6.91782280522657
11927	6.88273947966832
11928	6.83904710853167
11929	6.78799509557026
11930	6.73013575132649
11931	6.66676002296863
11932	6.5997721195388
11933	6.53056078656727
11934	6.45985343604316
11935	6.38795286256307
11936	6.31417145576761
11937	6.23783449608912
11938	6.15949858124849
11939	6.0790597278023
11940	5.99688455752493
11941	5.91329486674782
11942	5.82701503864022
11943	5.73808199615302
11944	5.64757458346569
11945	5.55593570645894
11946	5.46319451277519
11947	5.36855116139389
11948	5.27173023316158
11949	5.17241975163537
11950	5.07107803478072
11951	4.96851748421652
11952	4.86471462357981
11953	4.76014619772286
11954	4.65560816110552
11955	4.55300415704945
11956	4.45354708941467
11957	4.35941868627249
11958	4.2738538835546
11959	4.19896226344105
11960	4.13460028627218
11961	4.07900425590557
11962	4.03421500623232
11963	4.00285672360689
11964	3.9857514832521
11965	3.98351736633625
11966	3.9963282828024
11967	4.02349106429948
11968	4.06325074062352
11969	4.11458099923271
11970	4.17499488237252
11971	4.24136815340287
11972	4.31167133594177
11973	4.38491841104885
11974	4.4604269836008
11975	4.53618397665465
11976	4.61058458015509
11977	4.68271584204175
11978	4.7524459377399
11979	4.82087012639373
11980	4.88671978622769
11981	4.94893548029005
11982	5.00721602179463
11983	5.06066864837333
11984	5.10770379625022
11985	5.14762250220361
11986	5.18327235395853
11987	5.21626464652382
11988	5.24712722682133
11989	5.27455450880165
11990	5.29592460510146
11991	5.30985053185744
11992	5.31785601122476
11993	5.3227610474706
11994	5.32526918702238
11995	5.32418861972003
11996	5.31750486916491
11997	5.30376888260949
11998	5.28417784112295
11999	5.26121188963736
12000	5.23443434371397
12001	5.20395185074306
12002	5.17035168691092
12003	5.13363891345392
12004	5.09431317344745
12005	5.0524522013058
12006	5.00799409808843
12007	4.95981263349254
12008	4.90668293744747
12009	4.84883245701809
12010	4.7875945438625
12011	4.72228617654845
12012	4.64734464158155
12013	4.55835489653825
12014	4.46053126670469
12015	4.36144284827656
12016	4.26247938895817
12017	4.16324753518226
12018	4.05548276197869
12019	3.92883621542887
12020	3.787571916118
12021	3.645424286287
12022	3.50685773161653
12023	3.37619352809484
12024	3.25650645774067
12025	3.14559049235472
12026	3.04349522234731
12027	2.94838977989467
12028	2.85941432508986
12029	2.7765734868609
12030	2.69908724476618
12031	2.62517323655664
12032	2.55357280470954
12033	2.48427384210919
12034	2.41571725729572
12035	2.34656136445918
12036	2.27575641246508
12037	2.20035930460189
12038	2.11404863985891
12039	2.00736500035663
12040	1.87277902831311
12041	1.70573709558367
12042	1.50404619307998
12043	1.26785645642202
12044	0.998669600576402
12045	0.700584797056289
12046	0.379422802097745
12047	0.040678153469883
12048	-0.310580593846839
12049	-0.670269433948744
12050	-1.03433263948745
12051	-1.39876637629784
12052	-1.76058713453518
12053	-2.11780556320792
12054	-2.46856933026804
12055	-2.81135500291647
12056	-3.1452920713665
12057	-3.46776487359601
12058	-3.77574595394475
12059	-4.06559862123861
12060	-4.32886312033013
12061	-4.55435229764796
12062	-4.74060551781691
12063	-4.90008078334789
12064	-5.0454841183297
12065	-5.18370651686642
12066	-5.32090308731901
12067	-5.46365383774899
12068	-5.61534474480689
12069	-5.77563383104743
12070	-5.94340863981695
12071	-6.11758178156509
12072	-6.29729701429952
12073	-6.48169114091166
12074	-6.66916669944055
12075	-6.85760733773681
12076	-7.04537595275843
12077	-7.23187086584134
12078	-7.41573884448158
12079	-7.5964231021569
12080	-7.77472724058633
12081	-7.95035988858407
12082	-8.12329839893312
12083	-8.29354736948637
12084	-8.45835421061146
12085	-8.61314394902667
12086	-8.75502426840382
12087	-8.88311773920233
12088	-8.99729804669282
12089	-9.09749831582056
12090	-9.18191926738621
12091	-9.24804762664922
12092	-9.29259296782987
12093	-9.30726281025726
12094	-9.28425812587198
12095	-9.22775179381608
12096	-9.15426199046297
12097	-9.0755075100512
12098	-8.99696424807903
12099	-8.92452253138353
12100	-8.8633438730157
12101	-8.81878462386774
12102	-8.79509385931869
12103	-8.79538738058893
12104	-8.8195388158349
12105	-8.8666469585919
12106	-8.93543183459503
12107	-9.02156330146851
12108	-9.12135770008111
12109	-9.23284096949105
12110	-9.35470402976427
12111	-9.48570092013535
12112	-9.62316095997897
12113	-9.76456495873495
12114	-9.90597890448538
12115	-10.043295087032
12116	-10.1722714313299
12117	-10.2864681023659
12118	-10.3787507919742
12119	-10.4428453440039
12120	-10.4707437345147
12121	-10.4541770857857
12122	-10.3872853722777
12123	-10.2664198835815
12124	-10.0902049319044
12125	-9.85767785081748
12126	-9.56898118834746
12127	-9.2241605920303
12128	-8.8240063041569
12129	-8.37017650049077
12130	-7.86588228762077
12131	-7.31478015045599
12132	-6.72126770423994
12133	-6.09239997079402
12134	-5.43528351159883
12135	-4.75771674890851
12136	-4.06762007419955
12137	-3.37264860758833
12138	-2.68185271527023
12139	-2.00649397727528
12140	-1.3525158716778
12141	-0.723188295945666
12142	-0.131821026289709
12143	0.411917148987221
12144	0.894449480644894
12145	1.30444446263068
12146	1.64515421280138
12147	1.92091574003908
12148	2.1433145871728
12149	2.33133477486357
12150	2.50749159566815
12151	2.6960537192057
12152	2.90553861353473
12153	3.11524892240411
12154	3.29903732765061
12155	3.45387235262247
12156	3.59101326529518
12157	3.72229653372256
12158	3.86118197989919
12159	4.01676840671143
12160	4.18797978512343
12161	4.37097216569177
12162	4.55849183575732
12163	4.73081114131175
12164	4.87829858058316
12165	4.99937935253751
12166	5.09061376728769
12167	5.16599848388701
12168	5.24426005841525
12169	5.32635456622301
12170	5.40227319730481
12171	5.46576062365406
12172	5.51818088556373
12173	5.56241609689534
12174	5.59563631174778
12175	5.61573330445735
12176	5.62439838699871
12177	5.62447096739057
12178	5.62531859198571
12179	5.63968050413895
12180	5.66746927107158
12181	5.69408648839621
12182	5.70511905364119
12183	5.69855833541021
12184	5.68976908425027
12185	5.69075040389078
12186	5.69912478341143
12187	5.70151592349308
12188	5.68709379713359
12189	5.65897355970262
12190	5.63119478671473
12191	5.61380872929887
12192	5.60527574476169
12193	5.59286116323883
12194	5.56419044334838
12195	5.52261650324275
12196	5.48392941522679
12197	5.45825132155297
12198	5.44224447056331
12199	5.42346535522171
12200	5.39243993710358
12201	5.35181982023635
12202	5.31423742361288
12203	5.29177962676474
12204	5.28246441532634
12205	5.27060913773472
12206	5.24504923267605
12207	5.20934893724111
12208	5.17563171023818
12209	5.15148966161073
12210	5.13393236194108
12211	5.11179657514918
12212	5.0768586806052
12213	5.03455946721291
12214	4.99818561627457
12215	4.97443262630715
12216	4.95500964482903
12217	4.92795528405977
12218	4.88976418441182
12219	4.85042393809184
12220	4.823361590309
12221	4.80864598011612
12222	4.7917045083083
12223	4.76207827146721
12224	4.72243316050635
12225	4.68471233230471
12226	4.65951973682655
12227	4.64553260168128
12228	4.62997448624001
12229	4.60174500513925
12230	4.56465770786218
12231	4.53204559785495
12232	4.51092531089716
12233	4.49642084001943
12234	4.47588305308665
12235	4.44172941386267
12236	4.40074161493651
12237	4.36745743382139
12238	4.34973094278294
12239	4.34019317047951
12240	4.32482789395062
12241	4.29739490965047
12242	4.26392119125981
12243	4.23710748582409
12244	4.22280523322648
12245	4.21169258548678
12246	4.19130980470255
12247	4.15866744222813
12248	4.12394256618696
12249	4.09668472498029
12250	4.07627675593733
12251	4.05353284758067
12252	4.02081478900679
12253	3.97996330862906
12254	3.93878592048027
12255	3.90236690015806
12256	3.87014709437786
12257	3.83535293473692
12258	3.7911875410004
12259	3.74058325321254
12260	3.69325987334589
12261	3.65527623543231
12262	3.62346116856849
12263	3.58853501296083
12264	3.54536031824964
12265	3.49805100839878
12266	3.45901167820538
12267	3.43743268669175
12268	3.42597882950523
12269	3.41067668822425
12270	3.38549253348744
12271	3.35662637440972
12272	3.33608347164312
12273	3.32873398937719
12274	3.32528032505879
12275	3.31446602772222
12276	3.29492567324862
12277	3.27575038714625
12278	3.26411820339017
12279	3.25870108176822
12280	3.25080190840151
12281	3.23370822537875
12282	3.2098986569012
12283	3.1899184551651
12284	3.18163695985589
12285	3.18109905501144
12286	3.17778552662003
12287	3.16629645113027
12288	3.15060717960979
12289	3.13905387389837
12290	3.13693183767919
12291	3.13936181689203
12292	3.13677597905636
12293	3.12440845601911
12294	3.10824170525001
12295	3.09800934976577
12296	3.095393002608
12297	3.0917103674157
12298	3.0792549665783
12299	3.05746440563818
12300	3.03453238789075
12301	3.01841662828274
12302	3.00884119596773
12303	2.99876475779601
12304	2.98216439224041
12305	2.95988279852035
12306	2.9376986031057
12307	2.91967314335694
12308	2.90630492992915
12309	2.89226653227759
12310	2.8712437153168
12311	2.84265230242781
12312	2.81284659669351
12313	2.78677891926852
12314	2.7647670141061
12315	2.74216696224412
12316	2.71406523589515
12317	2.68067526083394
12318	2.64594818410868
12319	2.61197622095956
12320	2.57982332445469
12321	2.54782362785527
12322	2.51232974274993
12323	2.47241061235424
12324	2.43102330408438
12325	2.38879864149104
12326	2.34612162714726
12327	2.30382837201819
12328	2.25817029413838
12329	2.209604597182
12330	2.1620023271211
12331	2.11503915133721
12332	2.06738224170555
12333	2.01821061529388
12334	1.96564107988676
12335	1.91210639296201
12336	1.86565842957138
12337	1.83282829742925
12338	1.80829621985816
12339	1.77891569866482
12340	1.73810055649057
12341	1.69236986657929
12342	1.65568112876531
12343	1.63585502839126
12344	1.62713354641318
12345	1.61645379341882
12346	1.59411078267907
12347	1.56243063379801
12348	1.53737637711713
12349	1.52986253186351
12350	1.53182673736198
12351	1.52666363811128
12352	1.50734308622713
12353	1.48375985134024
12354	1.47096222374076
12355	1.47317437960872
12356	1.4784755609664
12357	1.47245183415321
12358	1.4534574712714
12359	1.43427517624643
12360	1.42927533753105
12361	1.43800020969874
12362	1.44420068386
12363	1.43454867915671
12364	1.41310330985838
12365	1.39606261366163
12366	1.3949318391502
12367	1.40397151073992
12368	1.40694287334093
12369	1.39414190269456
12370	1.37252235466046
12371	1.35807761950391
12372	1.35747548726092
12373	1.36198341341947
12374	1.35651030647995
12375	1.33543784716862
12376	1.30937168260045
12377	1.2930449540088
12378	1.28994366485336
12379	1.28663769490925
12380	1.26968607910159
12381	1.24150657108181
12382	1.21602984044131
12383	1.20303857459118
12384	1.19938881989562
12385	1.1927517303412
12386	1.17441038546793
12387	1.1483566806549
12388	1.12619883494943
12389	1.11434517195245
12390	1.10527339036314
12391	1.08991091468788
12392	1.06596217184143
12393	1.04122945461841
12394	1.02294697403699
12395	1.00957087352139
12396	0.995149856507985
12397	0.974235131308841
12398	0.949213257326129
12399	0.926951726706511
12400	0.911449498025328
12401	0.899619092917351
12402	0.885635299380568
12403	0.867128114483391
12404	0.846719316441769
12405	0.828463422224968
12406	0.814270390312985
12407	0.803926967991338
12408	0.793707746367862
12409	0.780574863642307
12410	0.765316853910334
12411	0.751134330435811
12412	0.739536571478253
12413	0.729545968183617
12414	0.719633358362139
12415	0.708124701269435
12416	0.695442191772774
12417	0.681745943207832
12418	0.666888663762624
12419	0.652190047004956
12420	0.63909269365309
12421	0.629520887244745
12422	0.623549022789621
12423	0.620163439520687
12424	0.618045141911879
12425	0.615660007748802
12426	0.610355555950737
12427	0.5983990639439
12428	0.579975134611271
12429	0.556156551174616
12430	0.5262127572179
12431	0.486598087805288
12432	0.43208886904017
12433	0.357177086692937
12434	0.257364062997566
12435	0.129261081023011
12436	-0.0303378954045246
12437	-0.223278246802874
12438	-0.449745626025735
12439	-0.707523621445292
12440	-0.992784043828391
12441	-1.30134537933876
12442	-1.62962619048826
12443	-1.97035435100099
12444	-2.31257433740036
12445	-2.64763459355846
12446	-2.96675293406865
12447	-3.25490485497519
12448	-3.50883564036856
12449	-3.73553779455328
12450	-3.94423194161103
12451	-4.14696526059626
12452	-4.35141793182163
12453	-4.56132400230981
12454	-4.77877882604588
12455	-5.00625076639106
12456	-5.24257226366491
12457	-5.48579203231742
12458	-5.73519115923065
12459	-5.98864946204184
12460	-6.24348862229704
12461	-6.49768273342657
12462	-6.7503132686712
12463	-7.00062141378459
12464	-7.24722910808271
12465	-7.48930850106024
12466	-7.72612559063176
12467	-7.95431178746237
12468	-8.16850339587755
12469	-8.3629703868818
12470	-8.52935847973289
12471	-8.66329236367802
12472	-8.76911700428179
12473	-8.857895515043
12474	-8.94082037198157
12475	-9.02575926298266
12476	-9.11905386528745
12477	-9.22563450390503
12478	-9.3490017148327
12479	-9.48836874596818
12480	-9.64125728530293
12481	-9.80566099158715
12482	-9.98012608694762
12483	-10.1626640815459
12484	-10.3510285133306
12485	-10.542735722988
12486	-10.7343749630328
12487	-10.9239841916598
12488	-11.1109168483798
12489	-11.2940961149192
12490	-11.4733582176142
12491	-11.6486911398051
12492	-11.8199429259529
12493	-11.9870730872874
12494	-12.1496582274685
12495	-12.3071812164673
12496	-12.4595143055184
12497	-12.6062423814414
12498	-12.7464989726488
12499	-12.8800606524307
12500	-13.004367609336
12501	-13.1130306595667
12502	-13.1971584050525
12503	-13.2448886646192
12504	-13.2511092258234
12505	-13.2224190704327
12506	-13.1648926313861
12507	-13.0819355105371
12508	-12.9775643126952
12509	-12.8542283882015
12510	-12.7138485781916
12511	-12.5579792331688
12512	-12.3876271020154
12513	-12.2041060914877
12514	-12.0090739276795
12515	-11.8036126517315
12516	-11.5886465627056
12517	-11.3647995886487
12518	-11.1317669439712
12519	-10.8896787306878
12520	-10.638994233254
12521	-10.3784072457668
12522	-10.1070806114766
12523	-9.8257353446453
12524	-9.53496000042579
12525	-9.23607632672967
12526	-8.93030387283484
12527	-8.61827305038566
12528	-8.30057770631798
12529	-7.97912123025596
12530	-7.65579812054246
12531	-7.33155689694071
12532	-7.0082617236467
12533	-6.68863632301057
12534	-6.37457379911983
12535	-6.06792144595357
12536	-5.76949099001072
12537	-5.47886583308938
12538	-5.1966763226291
12539	-4.92382054858518
12540	-4.66038495741799
12541	-4.40582741613914
12542	-4.15953304097066
12543	-3.92190596798566
12544	-3.69201926487753
12545	-3.46841106713517
12546	-3.25127178974387
12547	-3.04050583550589
12548	-2.83569035853554
12549	-2.63668033704727
12550	-2.44318368863694
12551	-2.25473686993933
12552	-2.07126853082997
12553	-1.89181105775329
12554	-1.71795962086038
12555	-1.55591218160577
12556	-1.41649115604826
12557	-1.30516007314796
12558	-1.22002489122938
12559	-1.15644054027404
12560	-1.10263464731044
12561	-1.04767617967258
12562	-0.984571914571068
12563	-0.906902921943089
12564	-0.809698430616639
12565	-0.690646752549349
12566	-0.549989590239509
12567	-0.389423587946498
12568	-0.209502063923763
12569	-0.0122451928737227
12570	0.197394409881294
12571	0.415872267405993
12572	0.6397538187001
12573	0.865558512041574
12574	1.09180495483505
12575	1.31761599923928
12576	1.54133021416349
12577	1.76170563268671
12578	1.97761702532976
12579	2.18861785302414
12580	2.39534633271565
12581	2.59830228275844
12582	2.79760190337499
12583	2.99302818637054
12584	3.1845580260237
12585	3.37273893859741
12586	3.55774450928027
12587	3.73964713584474
12588	3.91840606517416
12589	4.09456282466081
12590	4.26870316389043
12591	4.44008475211984
12592	4.60787593745409
12593	4.77253054838425
12594	4.93573676102016
12595	5.09755140347971
12596	5.25762083143956
12597	5.41527969816382
12598	5.57049008001062
12599	5.72397144324782
12600	5.87522463037746
12601	6.02407725109583
12602	6.1715281635282
12603	6.31905955737575
12604	6.46622568625301
12605	6.61144844464545
12606	6.75423408243937
12607	6.89553560428428
12608	7.0353265174968
12609	7.17287526946568
12610	7.30873886666846
12611	7.44453073613193
12612	7.58362279638319
12613	7.73148803854328
12614	7.88761259308185
12615	8.04280377662178
12616	8.18381115892017
12617	8.30670744106086
12618	8.41533138067074
12619	8.50431348891436
12620	8.56084806896403
12621	8.58468263453096
12622	8.5957101388232
12623	8.60729532709697
12624	8.61513776397027
12625	8.60520763490013
12626	8.56999524639014
12627	8.52400129609303
12628	8.47972658943819
12629	8.43404884394678
12630	8.37463144294612
12631	8.29344238805714
12632	8.20046524731802
12633	8.11004196329929
12634	8.02721836764014
12635	7.941878507692
12636	7.84387690088393
12637	7.74056798669266
12638	7.64178884792812
12639	7.55015635959912
12640	7.45846215515542
12641	7.35933191698374
12642	7.25691336105455
12643	7.16135042433737
12644	7.07727088164461
12645	7.00439252873775
12646	6.93748871822397
12647	6.87193040270207
12648	6.8117917208067
12649	6.76136930301536
12650	6.72024730823813
12651	6.68409549863155
12652	6.64761311661496
12653	6.60878446456919
12654	6.57231351632435
12655	6.54186780977227
12656	6.51617440510179
12657	6.49536826373143
12658	6.47655759475303
12659	6.45402940442897
12660	6.4286232765379
12661	6.40666827470142
12662	6.39056135754649
12663	6.37719605112328
12664	6.36136529268128
12665	6.33787629356039
12666	6.30808792149467
12667	6.27961508587964
12668	6.25595669276144
12669	6.23699261687547
12670	6.21932663483994
12671	6.19800956418267
12672	6.17477595382949
12673	6.15446904173372
12674	6.13891976136744
12675	6.12838310051426
12676	6.12083200754243
12677	6.11244375343181
12678	6.10438849353498
12679	6.0995643055339
12680	6.09834300260519
12681	6.0993173758634
12682	6.10060567522363
12683	6.10033418291725
12684	6.10061116504274
12685	6.10368679745766
12686	6.10766002911522
12687	6.11023769049652
12688	6.10886729535212
12689	6.10328476271259
12690	6.09781712235969
12691	6.09366456232837
12692	6.08875822989461
12693	6.08073179949871
12694	6.06860557267636
12695	6.0552379868015
12696	6.04264150926511
12697	6.03108315806308
12698	6.01944772520758
12699	6.006986315305
12700	5.99403548426675
12701	5.9801193659124
12702	5.9635950725405
12703	5.94425725916365
12704	5.92292136554908
12705	5.89893726217984
12706	5.87190159260435
12707	5.84370490545569
12708	5.81350342435234
12709	5.77861245043022
12710	5.74233975188174
12711	5.70821284739722
12712	5.67680950290142
12713	5.64136727807084
12714	5.59401155836177
12715	5.53760296752581
12716	5.48199813679153
12717	5.43448340895663
12718	5.3908439171412
12719	5.33567103159494
12720	5.25805899286513
12721	5.16455687606017
12722	5.07313294567053
12723	4.99376393245674
12724	4.92360307795534
12725	4.85530234717914
12726	4.78698018139856
12727	4.71776540565511
12728	4.64631319784111
12729	4.57174472420517
12730	4.49601067796666
12731	4.42089842136969
12732	4.34062512309579
12733	4.25458538370259
12734	4.16872944703223
12735	4.08205856640441
12736	3.99308773560459
12737	3.9025670285591
12738	3.8121385857835
12739	3.72529105626169
12740	3.64920190406833
12741	3.59098603642172
12742	3.54562549875241
12743	3.50114755111728
12744	3.45097836072214
12745	3.40215767486724
12746	3.35952460431609
12747	3.3218019756415
12748	3.28285027601162
12749	3.23330820610445
12750	3.17462861898733
12751	3.1169996317921
12752	3.06587351266847
12753	3.02053062316759
12754	2.97538345719921
12755	2.9282408776309
12756	2.87938884104575
12757	2.82819129308296
12758	2.77336100630344
12759	2.71709233038361
12760	2.66174288555923
12761	2.60497080787991
12762	2.54837469843902
12763	2.49567766306019
12764	2.44708363520604
12765	2.40007688206853
12766	2.35255446193791
12767	2.30530889308627
12768	2.2600025689977
12769	2.21616462821142
12770	2.17460913380605
12771	2.13666159955164
12772	2.10400613594925
12773	2.07464655121588
12774	2.04365687097339
12775	2.0050502383742
12776	1.95701492187265
12777	1.90479540274064
12778	1.85350540940339
12779	1.80223548225904
12780	1.74370022905804
12781	1.66972200564367
12782	1.57467434811913
12783	1.45442736905712
12784	1.30631317874667
12785	1.12944778141256
12786	0.924021570461351
12787	0.69377481705179
12788	0.440798534368627
12789	0.16903665545404
12790	-0.114630361326499
12791	-0.403129530679299
12792	-0.687308498679545
12793	-0.959637393725514
12794	-1.21304432384619
12795	-1.44491312307446
12796	-1.65454179645819
12797	-1.84061858458973
12798	-2.00325351087394
12799	-2.15059351912724
12800	-2.29232993982706
12801	-2.43260818437295
12802	-2.57522357435844
12803	-2.72143349475682
12804	-2.8722459222274
12805	-3.02803685909417
12806	-3.1879928219163
12807	-3.35174106374989
12808	-3.51960177334261
12809	-3.68989227706083
12810	-3.8605641637727
12811	-4.03178594839516
12812	-4.20336437643073
12813	-4.37384459322133
12814	-4.54116830390617
12815	-4.70475551097595
12816	-4.86547541492932
12817	-5.02443542872099
12818	-5.18128090000134
12819	-5.33360770525119
12820	-5.47814955241009
12821	-5.61205390544417
12822	-5.73070717596332
12823	-5.83053999814512
12824	-5.90940157845244
12825	-5.96733297236854
12826	-6.00637873250288
12827	-6.02852856958165
12828	-6.03681947087756
12829	-6.03341043246333
12830	-6.01844907996617
12831	-5.98842149941234
12832	-5.93667075975311
12833	-5.85694044931219
12834	-5.74787294903663
12835	-5.61516350836183
12836	-5.46720809360912
12837	-5.30644620560203
12838	-5.12667381628949
12839	-4.92223530353281
12840	-4.69900585168414
12841	-4.4716743417784
12842	-4.24567991227158
12843	-4.01380424168518
12844	-3.76894832697335
12845	-3.50885719433707
12846	-3.23983477191661
12847	-2.97125059373359
12848	-2.70650784722919
12849	-2.44210572105023
12850	-2.17199862321417
12851	-1.89369345215637
12852	-1.60727034926953
12853	-1.31069827559402
12854	-1.00234789311899
12855	-0.682138944467277
12856	-0.350349335168764
12857	-0.00799151678403768
12858	0.343113959254594
12859	0.700085515863776
12860	1.05861387255439
12861	1.41478889645182
12862	1.76692396646594
12863	2.11504745817999
12864	2.45869297431863
12865	2.79532507307655
12866	3.1221163841647
12867	3.43851681225495
12868	3.74478561241827
12869	4.03991592733966
12870	4.31858754130478
12871	4.57446255258192
12872	4.79762869565102
12873	4.98032151613731
12874	5.11774326886296
12875	5.20738081253697
12876	5.26132475184012
12877	5.29240485573112
12878	5.30919299056639
12879	5.32026650948229
12880	5.33066681759109
12881	5.34413970728577
12882	5.36292568361362
12883	5.38777896696477
12884	5.41986583051498
12885	5.45901750072645
12886	5.50394224315743
12887	5.55471856885385
12888	5.61032418722347
12889	5.66902636411454
12890	5.72958956792839
12891	5.7910764876938
12892	5.85298818671824
12893	5.91494476925245
12894	5.9765513926071
12895	6.03816186923995
12896	6.10084506469219
12897	6.16440979117971
12898	6.22789532134547
12899	6.29021372464211
12900	6.35033199739758
12901	6.40782441463051
12902	6.46268037794877
12903	6.51564014539474
12904	6.56808906830147
12905	6.62239561844393
12906	6.67981943154984
12907	6.7397509458579
12908	6.80045251415417
12909	6.8575347525162
12910	6.90749526225771
12911	6.94865375286406
12912	6.97953850324796
12913	7.0026162300144
12914	7.02181151837933
12915	7.03784446710978
12916	7.04719229971608
12917	7.04933916725571
12918	7.04854023912958
12919	7.04342823667548
12920	7.03011858106003
12921	7.0100316201831
12922	6.98494806195737
12923	6.95556074816701
12924	6.92274603020424
12925	6.88763735688269
12926	6.85283858701349
12927	6.82209037395347
12928	6.79882515606518
12929	6.78474277243621
12930	6.78077915873993
12931	6.78688001716725
12932	6.80325584105562
12933	6.8297588111397
12934	6.86461415740025
12935	6.90635581748636
12936	6.95453449483004
12937	7.00839646840975
12938	7.06643681548229
12939	7.12894742442506
12940	7.19707512767947
12941	7.26924662197078
12942	7.34302142190764
12943	7.41727852021849
12944	7.49192066208147
12945	7.56632792195211
12946	7.6401319691623
12947	7.71379737377544
12948	7.78642791563799
12949	7.85765514588838
12950	7.92732960715672
12951	7.99517929287357
12952	8.06176050356643
12953	8.12683535863348
12954	8.18963633773809
12955	8.24990992824162
12956	8.30567334958778
12957	8.35374970766597
12958	8.38778272694753
12959	8.40380203457737
12960	8.40040588506051
12961	8.3745819712352
12962	8.32494066091073
12963	8.25136707216051
12964	8.15511448230823
12965	8.0367781807045
12966	7.89580751030886
12967	7.73332172200524
12968	7.55159474497582
12969	7.35148388890337
12970	7.13460307728195
12971	6.90231029225993
12972	6.65526677854765
12973	6.39406327486202
12974	6.12004413867331
12975	5.83504194768144
12976	5.53988679070276
12977	5.23732513371085
12978	4.92911610317594
12979	4.6169163160737
12980	4.3036095031071
12981	3.99102893729643
12982	3.68165232192326
12983	3.37867884082102
12984	3.08386514265777
12985	2.79778659450805
12986	2.52191179121046
12987	2.2566685311921
12988	2.00151985271853
12989	1.75656753903919
12990	1.52126666779496
12991	1.29484777938382
12992	1.07790578328734
12993	0.870539833172602
12994	0.670421377870923
12995	0.476497438457774
12996	0.289061002654653
12997	0.107749403450395
12998	-0.0675393042771492
12999	-0.237897155350173
13000	-0.403279525129251
13001	-0.562524901764854
13002	-0.715476447288197
13003	-0.861741174459388
13004	-1.00063584369584
13005	-1.13166627775417
13006	-1.25560571414055
13007	-1.37403796339502
13008	-1.48791430137391
13009	-1.59820940171479
13010	-1.7056831904246
13011	-1.81076110504132
13012	-1.91342330003932
13013	-2.01219482028305
13014	-2.10640103321594
13015	-2.19587427215017
13016	-2.28071487366619
13017	-2.36105766702293
13018	-2.43834269130525
13019	-2.51407131417985
13020	-2.58750799784781
13021	-2.65928456094695
13022	-2.72942525431106
13023	-2.79557875899116
13024	-2.85547478656758
13025	-2.90702787200602
13026	-2.943608900529
13027	-2.95897664596257
13028	-2.9507205168531
13029	-2.91649475556903
13030	-2.85372503120984
13031	-2.76041507463704
13032	-2.63685670945463
13033	-2.48453916259334
13034	-2.30558023004881
13035	-2.10281929693596
13036	-1.88019904787002
13037	-1.64104954859119
13038	-1.38603038431164
13039	-1.1163226850717
13040	-0.833373273049056
13041	-0.537092380541764
13042	-0.22738772379446
13043	0.093401514207377
13044	0.422626480885394
13045	0.758434631940845
13046	1.09847086268828
13047	1.44128991197802
13048	1.78525770066237
13049	2.12840770897021
13050	2.46806786971314
13051	2.80184395530965
13052	3.12885180357393
13053	3.44738832228074
13054	3.7552973219523
13055	4.05195483363118
13056	4.33679044699126
13057	4.60947724823717
13058	4.87038208602359
13059	5.1189477408939
13060	5.35607342166482
13061	5.58266568355717
13062	5.79758164128233
13063	6.00062985223084
13064	6.19281512110483
13065	6.37540034652235
13066	6.54980433398738
13067	6.71669861441063
13068	6.87561692515622
13069	7.02767696759321
13070	7.17431253290077
13071	7.31512756837412
13072	7.45031476645679
13073	7.57991009622794
13074	7.7037100628467
13075	7.82256179531543
13076	7.93751742027704
13077	8.05011333713064
13078	8.160367168019
13079	8.26751765791112
13080	8.37186903028872
13081	8.47378338052212
13082	8.57262870766876
13083	8.66823321348966
13084	8.76137899298201
13085	8.85164866497333
13086	8.93920674562093
13087	9.02456804395416
13088	9.10751324616052
13089	9.18792892586211
13090	9.26579350669771
13091	9.34117186357458
13092	9.4140231151258
13093	9.48431532837857
13094	9.55200993591472
13095	9.6151874305462
13096	9.67137457580844
13097	9.71091740652552
13098	9.725721573925
13099	9.71467284189543
13100	9.67549536658209
13101	9.60764418590443
13102	9.51349794497554
13103	9.39557057190164
13104	9.25488979476896
13105	9.09358983448022
13106	8.91448236810599
13107	8.7193184622346
13108	8.50979075422805
13109	8.2864803275467
13110	8.05096946796094
13111	7.80574738744582
13112	7.55178815568518
13113	7.28927910178244
13114	7.01740215702161
13115	6.73753365214473
13116	6.45103112783761
13117	6.15836850607802
13118	5.86092739915597
13119	5.55981637166695
13120	5.25727438459793
13121	4.95515730518977
13122	4.65501665970092
13123	4.35984972055522
13124	4.07066499718507
13125	3.78789910331557
13126	3.5131606465115
13127	3.24663034901684
13128	2.98822671069762
13129	2.73866489066348
13130	2.4983725194676
13131	2.26710451849232
13132	2.04502203955885
13133	1.83181983283142
13134	1.62720860944372
13135	1.43144206285147
13136	1.24449552756114
13137	1.06543017778549
13138	0.892534604656678
13139	0.725676855885858
13140	0.56459676620031
13141	0.40806019730638
13142	0.255723081938955
13143	0.108288384349351
13144	-0.0345709953922144
13145	-0.172630982306466
13146	-0.304992713779417
13147	-0.432294861412399
13148	-0.554555576453148
13149	-0.672114841394583
13150	-0.786389343714461
13151	-0.898112121189826
13152	-1.00833383854678
13153	-1.11740808168849
13154	-1.22433267753705
13155	-1.3283083459554
13156	-1.42908500540125
13157	-1.52822820569866
13158	-1.62716032296877
13159	-1.72509720986979
13160	-1.81972122694943
13161	-1.90844384336817
13162	-1.98625928728113
13163	-2.05012694097489
13164	-2.0976810174704
13165	-2.12946316277288
13166	-2.15356356899356
13167	-2.17800678715387
13168	-2.20845212952025
13169	-2.24939648065266
13170	-2.30600480600599
13171	-2.38016213742229
13172	-2.47058266021365
13173	-2.57681071135453
13174	-2.69697022043611
13175	-2.82909086672667
13176	-2.9726076862436
13177	-3.12560459130349
13178	-3.28550946762919
13179	-3.45005209502618
13180	-3.6169780860366
13181	-3.78488490550657
13182	-3.95257205395981
13183	-4.11982317430194
13184	-4.28598577728453
13185	-4.44972645927082
13186	-4.61143768178688
13187	-4.77040738222586
13188	-4.92633503272942
13189	-5.07956484891691
13190	-5.22924128640284
13191	-5.37503168715299
13192	-5.51746309328883
13193	-5.65599914550164
13194	-5.78996816235319
13195	-5.91950993541158
13196	-6.04377471586601
13197	-6.1636271581531
13198	-6.28018017376491
13199	-6.39355434315144
13200	-6.50458738673811
13201	-6.61269618217124
13202	-6.71799025480179
13203	-6.82164259286331
13204	-6.92339226173552
13205	-7.02295971030517
13206	-7.12064210425601
13207	-7.2170129246763
13208	-7.31260489284516
13209	-7.40859707758408
13210	-7.5047438269653
13211	-7.59950001876185
13212	-7.69284204707536
13213	-7.78485520319292
13214	-7.87526835082789
13215	-7.96373788289637
13216	-8.04960830706035
13217	-8.13285246431932
13218	-8.21350547861596
13219	-8.29069432522811
13220	-8.36365657141708
13221	-8.43282219035875
13222	-8.49919748935814
13223	-8.56475288797755
13224	-8.63181099120485
13225	-8.70219902203745
13226	-8.7737613928675
13227	-8.83470914653732
13228	-8.87459509086611
13229	-8.896087015911
13230	-8.90384766594797
13231	-8.90080389482041
13232	-8.89074999429343
13233	-8.87563840397862
13234	-8.85641033986542
13235	-8.83261309933836
13236	-8.80452065320398
13237	-8.77297870651905
13238	-8.73855503457164
13239	-8.70032675509687
13240	-8.65891863266645
13241	-8.61574029082736
13242	-8.56959934626972
13243	-8.51990060302635
13244	-8.46653206843069
13245	-8.4105330148584
13246	-8.35285367095862
13247	-8.29363990100591
13248	-8.23333840596013
13249	-8.1717502404858
13250	-8.10857443070186
13251	-8.04334303851988
13252	-7.97585583013604
13253	-7.90576722002847
13254	-7.83391022159864
13255	-7.76053191681061
13256	-7.68484974694471
13257	-7.60646031613267
13258	-7.52512769562734
13259	-7.44136880725827
13260	-7.35519206294157
13261	-7.26655666744267
13262	-7.17584836324781
13263	-7.08355267210937
13264	-6.98931423279601
13265	-6.89096410032274
13266	-6.78599993200797
13267	-6.67192380095254
13268	-6.54556430709842
13269	-6.40675617239909
13270	-6.2533149199649
13271	-6.08821920745453
13272	-5.92490211725607
13273	-5.77666554218265
13274	-5.65487049285992
13275	-5.56861838448326
13276	-5.52412704795812
13277	-5.52560297173747
13278	-5.57620004018192
13279	-5.67605115843262
13280	-5.82395026252028
13281	-6.01787992459771
13282	-6.25471815014184
13283	-6.53110502045477
13284	-6.84267750736684
13285	-7.18438216806881
13286	-7.55034377157253
13287	-7.93482094679131
13288	-8.33298402448561
13289	-8.740522659695
13290	-9.15168026891845
13291	-9.56096593124042
13292	-9.96435516683142
13293	-10.3573150663029
13294	-10.7332453973558
13295	-11.083234807645
13296	-11.394869846498
13297	-11.659637040746
13298	-11.8808686179839
13299	-12.0706054302793
13300	-12.243161250104
13301	-12.410702778223
13302	-12.5824798636903
13303	-12.7634443594364
13304	-12.9570744233323
13305	-13.1636486659342
13306	-13.3806521454823
13307	-13.6004731571504
13308	-13.814493581831
13309	-14.0168729182854
13310	-14.2000373178891
13311	-14.3553868391208
13312	-14.4785985320049
13313	-14.5639561598436
13314	-14.6082211005135
13315	-14.6207348405252
13316	-14.611178281045
13317	-14.5790609131848
13318	-14.5169518204266
13319	-14.4211145746483
13320	-14.3020916052835
13321	-14.1762386050044
13322	-14.0527736215278
13323	-13.923163557059
13324	-13.7833492763658
13325	-13.6329359828697
13326	-13.4676766991909
13327	-13.2978534189974
13328	-13.1341500689345
13329	-12.9830755213035
13330	-12.8503991170424
13331	-12.7398064083872
13332	-12.6517131121504
13333	-12.586941363067
13334	-12.5472131461919
13335	-12.5315457311801
13336	-12.5383349521905
13337	-12.5669165886712
13338	-12.6157857499674
13339	-12.6824393723601
13340	-12.7640303605222
13341	-12.8584786479361
13342	-12.9633332848568
13343	-13.07709877594
13344	-13.1996195390459
13345	-13.3282770271996
13346	-13.4573696060507
13347	-13.5757192562756
13348	-13.6681620496894
13349	-13.7265569674631
13350	-13.7568157031015
13351	-13.7665136826799
13352	-13.7585730025191
13353	-13.7370918009812
13354	-13.7060037099658
13355	-13.6678662565106
13356	-13.6253609460861
13357	-13.5800122885376
13358	-13.5321405492034
13359	-13.4821250725383
13360	-13.4292942405658
13361	-13.3721100408888
13362	-13.3096421288889
13363	-13.2416454411059
13364	-13.1685680396237
13365	-13.0900459328778
13366	-13.0058865508616
13367	-12.9155859952851
13368	-12.819061628101
13369	-12.7175676884092
13370	-12.6100762927965
13371	-12.4957010658257
13372	-12.3758165055517
13373	-12.2513703244298
13374	-12.1213671286737
13375	-11.9847104850463
13376	-11.8418980100535
13377	-11.6932051843118
13378	-11.5385019038705
13379	-11.3792049700912
13380	-11.2175260800731
13381	-11.0535836305934
13382	-10.8875145549869
13383	-10.7197829141183
13384	-10.5510905257153
13385	-10.3831614808364
13386	-10.2163839709604
13387	-10.0508528108576
13388	-9.88707199075405
13389	-9.72610343618863
13390	-9.56808792124031
13391	-9.41245194866634
13392	-9.25954606168512
13393	-9.10894432841984
13394	-8.96014426526944
13395	-8.81369892366945
13396	-8.66946740646224
13397	-8.52493390590526
13398	-8.37508379185768
13399	-8.21161733126996
13400	-8.02982421822118
13401	-7.83374515539395
13402	-7.6245290296391
13403	-7.39840541307918
13404	-7.15817911940681
13405	-6.91097704111129
13406	-6.66294049226512
13407	-6.41772791785675
13408	-6.17672425464985
13409	-5.94120672710428
13410	-5.71201815119679
13411	-5.48955870480916
13412	-5.27331485390155
13413	-5.06352094836662
13414	-4.86128786807309
13415	-4.66655913459388
13416	-4.47792494470066
13417	-4.29470330441971
13418	-4.11639491723344
13419	-3.942003320019
13420	-3.77115812471924
13421	-3.60384404040801
13422	-3.44094149701957
13423	-3.28151167969081
13424	-3.12478405871223
13425	-2.97122569010811
13426	-2.82065986378914
13427	-2.67354743069106
13428	-2.52967941965743
13429	-2.3877528612438
13430	-2.24773202038
13431	-2.10958008815385
13432	-1.97309709676425
13433	-1.83831246182651
13434	-1.70437741328563
13435	-1.57103963381523
13436	-1.43799270131838
13437	-1.30623191495788
13438	-1.17810578549291
13439	-1.05405909071938
13440	-0.934444206253221
13441	-0.82092613126459
13442	-0.711601494422976
13443	-0.605288848564464
13444	-0.502911363867409
13445	-0.40503782581607
13446	-0.312676889619253
13447	-0.227104511689019
13448	-0.152784166510669
13449	-0.0962334656143612
13450	-0.0660148476434914
13451	-0.0687401751567478
13452	-0.106578113272452
13453	-0.179465184930883
13454	-0.287352293001014
13455	-0.429901289120977
13456	-0.60467120152883
13457	-0.809406089833334
13458	-1.04055510523354
13459	-1.29577344536529
13460	-1.5743190382791
13461	-1.8746908925867
13462	-2.19593494785197
13463	-2.53678887967556
13464	-2.89475832397371
13465	-3.26690870247342
13466	-3.65043946881766
13467	-4.04297412208534
13468	-4.44204640433191
13469	-4.84366759682814
13470	-5.24217009233727
13471	-5.63189691299592
13472	-6.0048918108575
13473	-6.34886627137374
13474	-6.65029504790974
13475	-6.90587571668112
13476	-7.12186342405788
13477	-7.3068082834954
13478	-7.47023100768399
13479	-7.62187201251906
13480	-7.77149931527463
13481	-7.92121011796854
13482	-8.05924002270307
13483	-8.17269211089217
13484	-8.26608851528043
13485	-8.35199551054458
13486	-8.43944515257617
13487	-8.53575280780511
13488	-8.6444080182804
13489	-8.7619448273912
13490	-8.87962170484475
13491	-8.98786010387283
13492	-9.08000774705376
13493	-9.15778213805803
13494	-9.23028229019578
13495	-9.30404693925607
13496	-9.3717564822632
13497	-9.41833328062561
13498	-9.44048205800678
13499	-9.4478666295206
13500	-9.45265149848782
13501	-9.45972801142006
13502	-9.45805957009877
13503	-9.43425804097903
13504	-9.38708803810523
13505	-9.32923422674061
13506	-9.27613202485097
13507	-9.22658793596463
13508	-9.16262905187522
13509	-9.07138991398299
13510	-8.95917057449113
13511	-8.84113749420502
13512	-8.72420916609597
13513	-8.59503452335762
13514	-8.43595071062111
13515	-8.24688711651158
13516	-8.03231891626016
13517	-7.7908487024614
13518	-7.52048879139537
13519	-7.22110898840875
13520	-6.89288325181548
13521	-6.53658429168837
13522	-6.15451732254717
13523	-5.75001366108664
13524	-5.32700652609398
13525	-4.8887691545834
13526	-4.43771811813772
13527	-3.97870104233251
13528	-3.51690852754496
13529	-3.05498735229329
13530	-2.59586989042109
13531	-2.14314021527257
13532	-1.70038595075761
13533	-1.26929862713032
13534	-0.850535202610184
13535	-0.443908956168084
13536	-0.049161706706645
13537	0.332101630168231
13538	0.699138483762634
13539	1.05245495111486
13540	1.39282369570988
13541	1.72116200578725
13542	2.03883945898414
13543	2.34690918142506
13544	2.64395201995876
13545	2.92568406568213
13546	3.18207083053581
13547	3.39930363265083
13548	3.57058043689092
13549	3.69734576923734
13550	3.79289938254607
13551	3.87709118639115
13552	3.96620084166674
13553	4.07347283383051
13554	4.20781346699073
13555	4.37372243594559
13556	4.57347192019025
13557	4.80629608405364
13558	5.06753092392871
13559	5.35091833946812
13560	5.65049268407487
13561	5.96140035734204
13562	6.27940936859496
13563	6.60066839248663
13564	6.91991238984185
13565	7.2363610885361
13566	7.55099839045484
13567	7.86132611275103
13568	8.16329683856405
13569	8.45214518389941
13570	8.72696977378014
13571	8.99136225962016
13572	9.24837948003044
13573	9.49485900211064
13574	9.72885258284983
13575	9.95121286707707
13576	10.158710618925
13577	10.3542414124408
13578	10.5423634453891
13579	10.7217149038023
13580	10.8922623400926
13581	11.0511760335673
13582	11.1943411179494
13583	11.3261947675876
13584	11.4548245205068
13585	11.5771294682568
13586	11.6873906194801
13587	11.7889538085584
13588	11.8817869947426
13589	11.9613739938362
13590	12.02667041546
13591	12.0804876941338
13592	12.123861810948
13593	12.152245155201
13594	12.1638452945433
13595	12.1560691939083
13596	12.1220307531211
13597	12.0574969194663
13598	11.9601541829806
13599	11.8284675384961
13600	11.6620624756028
13601	11.4607051737201
13602	11.2246308191403
13603	10.9541143113276
13604	10.6497339120006
13605	10.3125790480243
13606	9.94323137154913
13607	9.54332458113699
13608	9.11488764781116
13609	8.65937385715196
13610	8.18001628221051
13611	7.68176784397773
13612	7.1692296978974
13613	6.6466229217763
13614	6.11873805504699
13615	5.59114869313228
13616	5.06902171083467
13617	4.5565597189873
13618	4.05767139265499
13619	3.57494967240525
13620	3.11104415507168
13621	2.66955873759768
13622	2.25431678510295
13623	1.87047596470923
13624	1.52398672772664
13625	1.22144770614407
13626	0.958319493522865
13627	0.722375928378174
13628	0.502308614406015
13629	0.286474909740838
13630	0.0679509265132549
13631	-0.157713634126539
13632	-0.393592702773745
13633	-0.640418186287935
13634	-0.894641844406604
13635	-1.14761486250572
13636	-1.39244848691784
13637	-1.62503021519457
13638	-1.84461385660398
13639	-2.05631641579808
13640	-2.2657043508954
13641	-2.46868027441208
13642	-2.6547935250393
13643	-2.82132612568665
13644	-2.97625150201772
13645	-3.12847882310082
13646	-3.28307441162445
13647	-3.44230344849368
13648	-3.59996425536677
13649	-3.74210236693008
13650	-3.86098983613181
13651	-3.9613584266573
13652	-4.05394542031354
13653	-4.14509195221658
13654	-4.23273516169665
13655	-4.31142214429855
13656	-4.37801654927985
13657	-4.43405735418144
13658	-4.48397057059688
13659	-4.52877168139696
13660	-4.56477892512448
13661	-4.58938858819874
13662	-4.60579369931444
13663	-4.62043060001187
13664	-4.63504328237177
13665	-4.64611917448466
13666	-4.64787237763889
13667	-4.63689714298954
13668	-4.61611561875395
13669	-4.59264217094519
13670	-4.57173913971661
13671	-4.55227105214579
13672	-4.52752138435257
13673	-4.49239744017772
13674	-4.44823361796839
13675	-4.39713238215276
13676	-4.3381083835187
13677	-4.27076172145076
13678	-4.19872229031344
13679	-4.12779096074144
13680	-4.06207131224724
13681	-4.00035782237828
13682	-3.93815254864837
13683	-3.87094819869224
13684	-3.79339217721234
13685	-3.70265604925809
13686	-3.60952445873377
13687	-3.52568827766257
13688	-3.44197340648643
13689	-3.33898922272714
13690	-3.20784984446638
13691	-3.05760625042034
13692	-2.90286079158675
13693	-2.75180564530165
13694	-2.61099852481005
13695	-2.48785402999972
13696	-2.3881508258267
13697	-2.31557948328129
13698	-2.27288151497726
13699	-2.26238175991002
13700	-2.28435240325785
13701	-2.33714282202186
13702	-2.41868333067798
13703	-2.52778418159652
13704	-2.66346768705042
13705	-2.82401445744691
13706	-3.00653326046915
13707	-3.20565691739451
13708	-3.41390304873655
13709	-3.62290964158129
13710	-3.81930031804966
13711	-3.98596399201812
13712	-4.11836128469357
13713	-4.21717168923248
13714	-4.28375457962388
13715	-4.32269737888832
13716	-4.34019411165279
13717	-4.34501745350062
13718	-4.34708349062299
13719	-4.35800761689335
13720	-4.38509477435038
13721	-4.43024823985786
13722	-4.49144482604551
13723	-4.56617426278806
13724	-4.64953454088766
13725	-4.73378186790694
13726	-4.81720301699871
13727	-4.89805418450151
13728	-4.97478231025027
13729	-5.04252530958546
13730	-5.10169492655435
13731	-5.15851936424223
13732	-5.21421378701935
13733	-5.26636905600578
13734	-5.30909911804943
13735	-5.34153421632908
13736	-5.37219790508808
13737	-5.41021670656996
13738	-5.45782281199452
13739	-5.51438211265751
13740	-5.57318773364719
13741	-5.62682018325631
13742	-5.67283537505402
13743	-5.71617594323405
13744	-5.76474331391084
13745	-5.82216015889607
13746	-5.88966790651402
13747	-5.96125519718818
13748	-6.03004500461771
13749	-6.09529499509202
13750	-6.15716902582412
13751	-6.21690480382713
13752	-6.27580142007118
13753	-6.33131885312727
13754	-6.37788435694387
13755	-6.4114829044157
13756	-6.43365966346126
13757	-6.44977309131495
13758	-6.46509292855397
13759	-6.47993281017423
13760	-6.49123209543826
13761	-6.49578897668689
13762	-6.49190495521113
13763	-6.47829751624353
13764	-6.45102302974822
13765	-6.409016756632
13766	-6.35368714034395
13767	-6.28656127556502
13768	-6.21262944662377
13769	-6.13631231252299
13770	-6.05995209856057
13771	-5.9857350277148
13772	-5.91312311646413
13773	-5.84145628519173
13774	-5.76902364641831
13775	-5.69237288458782
13776	-5.61036894701179
13777	-5.5184666155876
13778	-5.41022122186841
13779	-5.28625647261257
13780	-5.15186335099178
13781	-5.00902745021564
13782	-4.85396873651658
13783	-4.68915468494713
13784	-4.51717517322969
13785	-4.34215506438701
13786	-4.17331157696472
13787	-4.01135535460578
13788	-3.84632491121082
13789	-3.67326175071283
13790	-3.48666894629621
13791	-3.28951452746894
13792	-3.09258382030225
13793	-2.89603858551856
13794	-2.69649599433743
13795	-2.49510246473278
13796	-2.29346381275543
13797	-2.08893111570805
13798	-1.88012048838729
13799	-1.66613031966246
13800	-1.44526320507442
13801	-1.21543374274816
13802	-0.977228643742637
13803	-0.732205185432027
13804	-0.4825453115298
13805	-0.22976200816588
13806	0.0255451649554597
13807	0.281610709625901
13808	0.536411424307394
13809	0.788247106623892
13810	1.03617196633314
13811	1.2795667227055
13812	1.51789744547119
13813	1.7500956249807
13814	1.97545899136001
13815	2.1944679788528
13816	2.40665580779119
13817	2.6104289993318
13818	2.80612819046727
13819	2.99532471991121
13820	3.1865918403027
13821	3.38687084408679
13822	3.59576605391708
13823	3.80813939172711
13824	4.01815612211896
13825	4.23271786637461
13826	4.46289625335764
13827	4.71476653351721
13828	4.99455387552681
13829	5.30447625849973
13830	5.64286252125005
13831	6.00581425379484
13832	6.3878551263466
13833	6.78487444311973
13834	7.19314477133459
13835	7.6084538190368
13836	8.02759048356542
13837	8.44673592165397
13838	8.86260652537874
13839	9.2733788660383
13840	9.67767467881363
13841	10.0745852710446
13842	10.4633229916005
13843	10.8422015751445
13844	11.2100065716201
13845	11.5663322028636
13846	11.9113004266283
13847	12.2454086330551
13848	12.5696270167604
13849	12.8849687192741
13850	13.1922983304464
13851	13.4917035358794
13852	13.7833496873682
13853	14.0667277918389
13854	14.3421786394764
13855	14.6104170985845
13856	14.8715929536958
13857	15.1250170751258
13858	15.3677875941244
13859	15.595509329458
13860	15.8035845883856
13861	15.9921860090643
13862	16.1629991750522
13863	16.3168136850007
13864	16.4528295554099
13865	16.5740867564565
13866	16.6836368493247
13867	16.7779766966569
13868	16.8563965849957
13869	16.9218061040994
13870	16.9746110292346
13871	17.0150109363264
13872	17.0438521125876
13873	17.0610827311228
13874	17.0680665076297
13875	17.0641298548377
13876	17.0493770471345
13877	17.0239311060934
13878	16.9856110619561
13879	16.935046379203
13880	16.8756916380002
13881	16.8086059793994
13882	16.7284630922237
13883	16.6321230208677
13884	16.5197077178852
13885	16.3871453490577
13886	16.2303374951615
13887	16.0472885584428
13888	15.8367930558652
13889	15.5983352343286
13890	15.3316420245046
13891	15.0377925533387
13892	14.7177657582401
13893	14.3721451671343
13894	14.0021662540229
13895	13.6097052767865
13896	13.1971301269719
13897	12.7683152056995
13898	12.3267854439927
13899	11.875810843439
13900	11.4202369646862
13901	10.9649215560211
13902	10.5127894006312
13903	10.0667742659731
13904	9.63042221296408
13905	9.20628107622666
13906	8.79782014859762
13907	8.40812935477616
13908	8.04036923252474
13909	7.70075381624874
13910	7.3970736750568
13911	7.12730657939273
13912	6.88383617795613
13913	6.66239859570562
13914	6.45797322160232
13915	6.26228323327895
13916	6.06944722946102
13917	5.88519461590363
13918	5.71677282881727
13919	5.55989885180612
13920	5.40422660992579
13921	5.24369545014276
13922	5.08211064280123
13923	4.92845541112203
13924	4.7874443602412
13925	4.65381531722931
13926	4.51766505499409
13927	4.37079805570022
13928	4.21181827231993
13929	4.05042782238611
13930	3.89651705272782
13931	3.74860069675493
13932	3.59862720683424
13933	3.44461342212849
13934	3.29454771252469
13935	3.15749714606052
13936	3.03323467272395
13937	2.91350044412389
13938	2.7946913613226
13939	2.6848055003655
13940	2.59047308075254
13941	2.51088869595921
13942	2.44094862403202
13943	2.37411012455955
13944	2.30543126466667
13945	2.23168675434389
13946	2.15099688011892
13947	2.06205911742673
13948	1.96414445893164
13949	1.85725114250382
13950	1.74081453812722
13951	1.61701740856627
13952	1.49064418573638
13953	1.36425630026458
13954	1.23950360209377
13955	1.11744898722392
13956	0.999779475879146
13957	0.887995215737298
13958	0.783943358195651
13959	0.689642141774586
13960	0.606527513304377
13961	0.537687718773418
13962	0.489808480587342
13963	0.470340254096582
13964	0.482332377430911
13965	0.524213855991547
13966	0.597043177583348
13967	0.706110091513509
13968	0.854154674899715
13969	1.03999086370078
13970	1.26030866581474
13971	1.50799850094547
13972	1.76683467569047
13973	2.02869602797153
13974	2.2971261690691
13975	2.56960906937888
13976	2.84942990022297
13977	3.14076168465778
13978	3.44646749831312
13979	3.77207800299681
13980	4.12041378340132
13981	4.49319475864578
13982	4.88874984143189
13983	5.2983111947405
13984	5.71005506016877
13985	6.11178362565581
13986	6.48990224686092
13987	6.83180881915706
13988	7.14407113059981
13989	7.44358490945016
13990	7.73165588464653
13991	8.0020683447608
13992	8.25188462780108
13993	8.48296981401647
13994	8.70076872533727
13995	8.90955392825437
13996	9.10638665214986
13997	9.2896946800255
13998	9.46133340195951
13999	9.62484657779571
14000	9.78133298862692
14001	9.92376288401427
14002	10.0475833913428
14003	10.1547575447204
14004	10.2482187958757
14005	10.3314144475934
14006	10.4041201329057
14007	10.4646507126421
14008	10.5155418709646
14009	10.563705718339
14010	10.6130097786428
14011	10.6597389641479
14012	10.6985217799266
14013	10.7274226799021
14014	10.7481126457501
14015	10.7614292101441
14016	10.7675619711744
14017	10.7676562051085
14018	10.7615024348508
14019	10.7496371875864
14020	10.7325868529897
14021	10.7112035659206
14022	10.685865506201
14023	10.6541910218196
14024	10.617534473077
14025	10.5784543711668
14026	10.5367086791051
14027	10.4928188767086
14028	10.4459488305036
14029	10.395366878935
14030	10.3420050061818
14031	10.2860956030482
14032	10.2270102007246
14033	10.1634477509854
14034	10.0934717378381
14035	10.0148506543207
14036	9.927080712484
14037	9.83005118920396
14038	9.72159240509235
14039	9.60292105946597
14040	9.47372973527125
14041	9.33336230302182
14042	9.18660302862045
14043	9.03484949904384
14044	8.8768218859096
14045	8.71188925555725
14046	8.53996280621139
14047	8.3619158300248
14048	8.17868542446289
14049	7.99090660228376
14050	7.79941588542204
14051	7.60551334732148
14052	7.41109125517347
14053	7.21659071256613
14054	7.02133702012295
14055	6.82640028762465
14056	6.63217073932705
14057	6.43937763066626
14058	6.24930815584443
14059	6.06219577154139
14060	5.87877754696585
14061	5.69964470754462
14062	5.52437933815753
14063	5.35302138384824
14064	5.18675099762607
14065	5.02588551267622
14066	4.87055533015388
14067	4.7212990103621
14068	4.57721361489134
14069	4.4366235400747
14070	4.29962241120882
14071	4.16671723173653
14072	4.03872197686291
14073	3.91546731766756
14074	3.79491135223312
14075	3.67699836217638
14076	3.56280420319337
14077	3.45200613324795
14078	3.34398238896017
14079	3.23849303898927
14080	3.13451508583324
14081	3.03150175964227
14082	2.93007754988256
14083	2.83079902421931
14084	2.73407924355562
14085	2.63997526621296
14086	2.54862380949467
14087	2.46282646936877
14088	2.38613329252497
14089	2.32137885179522
14090	2.26916242680252
14091	2.23080731834427
14092	2.21356984485628
14093	2.22615124691229
14094	2.27424301673096
14095	2.35954824930573
14096	2.4807389564395
14097	2.63670673657307
14098	2.82648052239973
14099	3.04741406451103
14100	3.2977255203911
14101	3.57731440789228
14102	3.88576051575917
14103	4.22127097240808
14104	4.58060244568523
14105	4.95911296555036
14106	5.35365286680678
14107	5.76182165849357
14108	6.17992642392776
14109	6.60460435122878
14110	7.03298807830091
14111	7.46175130019338
14112	7.88760382241643
14113	8.30776292113451
14114	8.71967416888538
14115	9.12138974302935
14116	9.51028599934144
14117	9.88417207601494
14118	10.2427485512299
14119	10.5860258635471
14120	10.9130923678835
14121	11.2235853376575
14122	11.5177010640521
14123	11.796324443473
14124	12.0608148160408
14125	12.3116542735794
14126	12.5495798269502
14127	12.7756220195864
14128	12.9907992470539
14129	13.1960968345718
14130	13.3924643154184
14131	13.5818955055515
14132	13.7656677036957
14133	13.9436636224285
14134	14.1157843740213
14135	14.2816285481974
14136	14.4412818890702
14137	14.5955279026763
14138	14.74495424978
14139	14.8898276875843
14140	15.0303004809443
14141	15.1669260395485
14142	15.2994832075966
14143	15.4277571386788
14144	15.5520240367882
14145	15.6718639569067
14146	15.7866642060567
14147	15.897039108478
14148	16.0036389038517
14149	16.1067309743312
14150	16.206442322378
14151	16.2981932058934
14152	16.3736339249034
14153	16.4228414549911
14154	16.4379785841405
14155	16.4105964034707
14156	16.3350147368757
14157	16.2101908697042
14158	16.03730629129
14159	15.8184294237688
14160	15.5554516171281
14161	15.2514270480397
14162	14.9078895803533
14163	14.5270001161286
14164	14.1099972618323
14165	13.6583572290804
14166	13.1770600029711
14167	12.670585696946
14168	12.1436593482278
14169	11.6009689916493
14170	11.0475041285296
14171	10.489405272138
14172	9.93166073511733
14173	9.37945737011075
14174	8.83791754112738
14175	8.31135572994183
14176	7.80279695501553
14177	7.31431210247004
14178	6.84792737258619
14179	6.40466157735814
14180	5.98409924087562
14181	5.58470658765462
14182	5.20442923289271
14183	4.84223708458737
14184	4.49822537364494
14185	4.17178892197043
14186	3.86068113653733
14187	3.56371976828223
14188	3.28046659476045
14189	3.00856967284726
14190	2.74553388031113
14191	2.48972711303206
14192	2.24006108923233
14193	1.99574725098137
14194	1.75734576596365
14195	1.52505011025137
14196	1.29741088932234
14197	1.07510613735983
14198	0.861083740886417
14199	0.659882210259422
14200	0.475746613152008
14201	0.31193533545983
14202	0.170000979697293
14203	0.0511541693037053
14204	-0.0492746763348731
14205	-0.13729179388709
14206	-0.213389816806202
14207	-0.277158625464604
14208	-0.327551108335369
14209	-0.370090598109942
14210	-0.417813303189593
14211	-0.478248021879467
14212	-0.545311452016362
14213	-0.603903882657957
14214	-0.648935903999629
14215	-0.687412078963391
14216	-0.725095615463183
14217	-0.760392151611049
14218	-0.785177366041006
14219	-0.796908694076103
14220	-0.804579408033141
14221	-0.821547943763566
14222	-0.854706346778187
14223	-0.897233254782541
14224	-0.936142807394794
14225	-0.965733838949876
14226	-0.993221981170564
14227	-1.02790881009988
14228	-1.06717928827146
14229	-1.09938628812736
14230	-1.11798917954761
14231	-1.12697407883798
14232	-1.13519664065324
14233	-1.15068110749785
14234	-1.17515820172066
14235	-1.2025312746767
14236	-1.22423824551789
14237	-1.23776357364355
14238	-1.24703273453026
14239	-1.25915783819522
14240	-1.27926240141709
14241	-1.30824991674341
14242	-1.34374831219126
14243	-1.38266870627573
14244	-1.42219663553365
14245	-1.4579667339212
14246	-1.48788120655785
14247	-1.51192245763441
14248	-1.53347885795823
14249	-1.55643770033971
14250	-1.58017903182755
14251	-1.60016325326046
14252	-1.61124175684813
14253	-1.614897867907
14254	-1.61662859284732
14255	-1.61976106536537
14256	-1.62668138320665
14257	-1.64034698011386
14258	-1.66288589240357
14259	-1.69216490140187
14260	-1.72404594582647
14261	-1.75655583567204
14262	-1.7887845990161
14263	-1.81662434217683
14264	-1.83397450785269
14265	-1.83952040709098
14266	-1.8407674636944
14267	-1.84442255278749
14268	-1.84279482449012
14269	-1.8267841125282
14270	-1.79791169185921
14271	-1.76659747834659
14272	-1.74055026004904
14273	-1.71977774292468
14274	-1.69254497198949
14275	-1.64467325050325
14276	-1.57927381959592
14277	-1.5120191382373
14278	-1.45150689371852
14279	-1.39667631168027
14280	-1.34310936722322
14281	-1.28769690549244
14282	-1.22980704184559
14283	-1.17296000577904
14284	-1.12334252009946
14285	-1.08019743806398
14286	-1.03605537694319
14287	-0.988367527462252
14288	-0.937767569631215
14289	-0.889519523927742
14290	-0.84938955010469
14291	-0.815148284637172
14292	-0.776062354311507
14293	-0.724521601845184
14294	-0.662646514801911
14295	-0.598173911834301
14296	-0.534694437068612
14297	-0.473460481084885
14298	-0.413892874492501
14299	-0.352455490818611
14300	-0.287501671898447
14301	-0.220599908483669
14302	-0.154663424499793
14303	-0.0931730194893922
14304	-0.035852993520408
14305	0.0181792705427593
14306	0.0693931259086574
14307	0.119384345034546
14308	0.167815624183111
14309	0.21482115835222
14310	0.258425159987731
14311	0.296689704053013
14312	0.331704733721185
14313	0.364958397145491
14314	0.396132660851868
14315	0.425485140140382
14316	0.453905357948299
14317	0.481106574578866
14318	0.505019759220525
14319	0.525941517527791
14320	0.545190486072333
14321	0.567229245703488
14322	0.593225308221877
14323	0.619059890048701
14324	0.643410751921952
14325	0.666807455675824
14326	0.690420911757223
14327	0.713392526205368
14328	0.735379090287066
14329	0.756639208573054
14330	0.778377686717309
14331	0.800396549737284
14332	0.82051778386319
14333	0.837753565643308
14334	0.852520800917769
14335	0.86613948788161
14336	0.880774556769087
14337	0.897538787947936
14338	0.914990358386345
14339	0.929463532469342
14340	0.941037546380191
14341	0.951159162282748
14342	0.96236161362071
14343	0.975500448071718
14344	0.98941412286367
14345	1.00203758021764
14346	1.01267515039286
14347	1.02359916650586
14348	1.03729017083837
14349	1.054045536615
14350	1.07106378404792
14351	1.08775280997441
14352	1.10284561846441
14353	1.1185018373778
14354	1.13546489812827
14355	1.15062883002945
14356	1.16317255528925
14357	1.1732178573127
14358	1.18119084655327
14359	1.1890623674301
14360	1.19618327210112
14361	1.20120046837684
14362	1.20370590107255
14363	1.20486229877968
14364	1.20470529782794
14365	1.20402553491985
14366	1.20332978122228
14367	1.20206340577209
14368	1.19764390716154
14369	1.19065969022381
14370	1.18464582180067
14371	1.18100186665705
14372	1.17936179590507
14373	1.17720858853927
14374	1.17154784518359
14375	1.16275533388534
14376	1.15513456140982
14377	1.15115425810603
14378	1.14947648348895
14379	1.1448219465818
14380	1.13608971139363
14381	1.12639500867155
14382	1.12038976817576
14383	1.11947650469248
14384	1.11816321373152
14385	1.11222417717421
14386	1.09984784819517
14387	1.08213602471758
14388	1.06392767153181
14389	1.04627501096401
14390	1.02977599069998
14391	1.01320716305644
14392	0.996463758621327
14393	0.981567989351879
14394	0.970815471147329
14395	0.963033616896454
14396	0.954947288787783
14397	0.945259735404873
14398	0.934485922244364
14399	0.926566270855427
14400	0.92401524361415
14401	0.923748537991007
14402	0.921146060133855
14403	0.916063537402697
14404	0.911259042359245
14405	0.911910321354263
14406	0.918043673080607
14407	0.924658079400927
14408	0.927520667537203
14409	0.926223752174719
14410	0.924764267522492
14411	0.928198577627392
14412	0.937587895587295
14413	0.950146132079651
14414	0.960986014061734
14415	0.966667340223403
14416	0.9707062212722
14417	0.97766297705947
14418	0.986855914187237
14419	0.994387068220585
14420	0.999536708394796
14421	1.00470835846787
14422	1.01336385512165
14423	1.02700585399865
14424	1.04367814854328
14425	1.05865453552472
14426	1.06923905168245
14427	1.07720771188163
14428	1.08678941360639
14429	1.0983084340255
14430	1.10992170035033
14431	1.120423699591
14432	1.12916990161117
14433	1.13849800571372
14434	1.14942499984291
14435	1.1609936971007
14436	1.1700054762452
14437	1.17646214175742
14438	1.18406545821516
14439	1.19453558998235
14440	1.20969149291651
14441	1.22707366015896
14442	1.24351393414856
14443	1.25921495506744
14444	1.27395232283034
14445	1.28864545824055
14446	1.30353677944551
14447	1.3190222570558
14448	1.33444105458757
14449	1.34949904444568
14450	1.36172244352981
14451	1.37005121873942
14452	1.37736826497025
14453	1.38585792702565
14454	1.39633343068035
14455	1.40587020326475
14456	1.41354245527481
14457	1.41954489663232
14458	1.42711454195674
14459	1.43694378144919
14460	1.44853127254091
14461	1.46005168004311
14462	1.47134429627455
14463	1.4821422408918
14464	1.49352103190986
14465	1.50583720611242
14466	1.51666113007691
14467	1.52472167604203
14468	1.53011314081476
14469	1.53597319346722
14470	1.54257386927197
14471	1.5500544504254
14472	1.55530350080011
14473	1.55834225165395
14474	1.56013898761463
14475	1.56049604169334
14476	1.55940409032005
14477	1.55781535780273
14478	1.55705506546535
14479	1.55742443352474
14480	1.55871890001855
14481	1.56069283889343
14482	1.56468309912388
14483	1.56993226193264
14484	1.57509639782989
14485	1.5801029159905
14486	1.58582569589715
14487	1.59175427370382
14488	1.59844240380702
14489	1.60399202679492
14490	1.60806457992204
14491	1.61084037669238
14492	1.61217414070712
14493	1.61227312705352
14494	1.60967350130563
14495	1.60510123286454
14496	1.59941654489366
14497	1.5956404581126
14498	1.5943175394404
14499	1.59443242171152
14500	1.59356508571146
14501	1.59132495494664
14502	1.58927210271647
14503	1.58872071540142
14504	1.59027279400835
14505	1.59207103523392
14506	1.59257038710001
14507	1.59118439690787
14508	1.58854286984281
14509	1.58546176653445
14510	1.58164130409059
14511	1.57658595061238
14512	1.56996806778065
14513	1.56195228085714
14514	1.55384619216415
14515	1.54500621633009
14516	1.53533542263395
14517	1.52642815317901
14518	1.51876888613992
14519	1.51150660147875
14520	1.50508363400377
14521	1.49873442573391
14522	1.49147553719827
14523	1.48170371128763
14524	1.47083529096239
14525	1.46058035351234
14526	1.45039083672807
14527	1.4395505736074
14528	1.42798973913949
14529	1.41836776676138
14530	1.41070066266056
14531	1.4035419343067
14532	1.39483816470653
14533	1.38528503222149
14534	1.37725157824516
14535	1.37269210352965
14536	1.37096225955848
14537	1.37022825942913
14538	1.36847863555509
14539	1.36592424730128
14540	1.36427995738699
14541	1.36579025547695
14542	1.37006794125153
14543	1.3730307244738
14544	1.37149831332964
14545	1.36581277070269
14546	1.36100983051128
14547	1.36096176231541
14548	1.36761912860147
14549	1.37863485640299
14550	1.38876363820588
14551	1.39587492587386
14552	1.4015348333885
14553	1.40846254784799
14554	1.41672380006312
14555	1.42063534242619
14556	1.41421970750482
14557	1.397890169093
14558	1.37819169314781
14559	1.36210137755023
14560	1.35109052087107
14561	1.34872939763479
14562	1.35969701842431
14563	1.3846915335289
14564	1.42402852583752
14565	1.47886370887536
14566	1.55053806066008
14567	1.63967910710983
14568	1.74770837604084
14569	1.87539620071822
14570	2.01973512710449
14571	2.17693713051365
14572	2.33945595836086
14573	2.50173870102819
14574	2.65882338968372
14575	2.80094264719494
14576	2.92547863561337
14577	3.04097462124265
14578	3.15809852695034
14579	3.28431108482514
14580	3.42518391740353
14581	3.58337973492987
14582	3.76043117997475
14583	3.95626790837457
14584	4.16985239436082
14585	4.40036944593926
14586	4.64492915382318
14587	4.89906089957245
14588	5.15897602233038
14589	5.42271528076
14590	5.68861202453819
14591	5.95316187941803
14592	6.21375219457845
14593	6.46867444113796
14594	6.71664235190612
14595	6.95699496124636
14596	7.18815255010683
14597	7.4123479875284
14598	7.63516722653615
14599	7.86101708284898
14600	8.08666178875516
14601	8.30338108884116
14602	8.50072074194867
14603	8.67187271486866
14604	8.81503957257312
14605	8.92479531279413
14606	9.00060157368461
14607	9.05896275233489
14608	9.11189810123204
14609	9.15813706245819
14610	9.18684002508077
14611	9.18983082897164
14612	9.17418786718291
14613	9.15326260799409
14614	9.13468357985631
14615	9.12111126903945
14616	9.10871773334289
14617	9.09150919758266
14618	9.07146120624342
14619	9.05164968025314
14620	9.03322619338649
14621	9.01212898177586
14622	8.98267339351167
14623	8.94307288327444
14624	8.89923879299886
14625	8.8539930206318
14626	8.80443551164304
14627	8.74463043821949
14628	8.66727452976241
14629	8.57297842446551
14630	8.47326124270013
14631	8.37660242996701
14632	8.28645300929399
14633	8.20538877885173
14634	8.13363665970062
14635	8.07151077402577
14636	8.01677509798422
14637	7.96591598734778
14638	7.91915059394606
14639	7.88102949566481
14640	7.85212582292952
14641	7.83171232362669
14642	7.81980844193166
14643	7.81011393167872
14644	7.80110064845452
14645	7.79579268196823
14646	7.79466119062185
14647	7.79834193617004
14648	7.8040770397293
14649	7.80898334527182
14650	7.81521914744353
14651	7.82338823573563
14652	7.83266777984517
14653	7.84377555992877
14654	7.85320122122047
14655	7.8594764691851
14656	7.86252657212091
14657	7.86223590144555
14658	7.85940208959906
14659	7.85268067448396
14660	7.84070807496475
14661	7.82330527462131
14662	7.80043984989188
14663	7.7728301811422
14664	7.74243985564876
14665	7.70654689963577
14666	7.66602428812821
14667	7.62511980190756
14668	7.58594017897615
14669	7.5479925008608
14670	7.50719313711809
14671	7.46117431467331
14672	7.40942204935272
14673	7.34859774717512
14674	7.27588322541949
14675	7.1966255466932
14676	7.1164268921465
14677	7.03738169812287
14678	6.95893976813933
14679	6.88070901184754
14680	6.80390736769112
14681	6.72957216609083
14682	6.65981518542815
14683	6.59603804882743
14684	6.53864547755599
14685	6.48788577605061
14686	6.4442955131693
14687	6.40831924736343
14688	6.37911464837037
14689	6.3550124234688
14690	6.33566090366418
14691	6.32165338990308
14692	6.3134460685465
14693	6.31051361671171
14694	6.31218298947593
14695	6.31740644441853
14696	6.32479453956708
14697	6.33361404215582
14698	6.3431287819562
14699	6.35345784963901
14700	6.36479822712851
14701	6.37745200267731
14702	6.39219079222281
14703	6.40880102383951
14704	6.42479198881777
14705	6.43844225825874
14706	6.4445273959123
14707	6.43498610394562
14708	6.40611572094899
14709	6.35531067151911
14710	6.28125193382239
14711	6.18480283482336
14712	6.06802414846716
14713	5.93273999636095
14714	5.78137688722458
14715	5.61593046600019
14716	5.4389660911484
14717	5.25292309146997
14718	5.05926113594992
14719	4.86021940600984
14720	4.65877092115445
14721	4.45700050438986
14722	4.25598904138991
14723	4.05629530828664
14724	3.8582702351874
14725	3.66333661139268
14726	3.47274099753717
14727	3.28659982030821
14728	3.10432684410733
14729	2.9257440745552
14730	2.75161681210911
14731	2.58199782853705
14732	2.41614756851401
14733	2.25404515297456
14734	2.09622386755227
14735	1.94291679358329
14736	1.79371460527592
14737	1.64852659206688
14738	1.50693467782436
14739	1.36880830727477
14740	1.23481097025729
14741	1.10567626935243
14742	0.981228347390151
14743	0.86056315277636
14744	0.742843687996888
14745	0.627545378754068
14746	0.513803862575243
14747	0.40146497648113
14748	0.291651041053541
14749	0.184131543693521
14750	0.0789313155893399
14751	-0.0238115682739164
14752	-0.12453569955941
14753	-0.22316676182263
14754	-0.32026250914651
14755	-0.416044782160164
14756	-0.510157815933887
14757	-0.603833984470258
14758	-0.697850991796215
14759	-0.791210824312626
14760	-0.883391274975075
14761	-0.975325483816442
14762	-1.06798720826714
14763	-1.15999995718199
14764	-1.24944726257015
14765	-1.33501300486989
14766	-1.41363024134329
14767	-1.48117783154112
14768	-1.53619878314123
14769	-1.5786515134683
14770	-1.61239185960318
14771	-1.64606712587447
14772	-1.68666516067698
14773	-1.73940384218897
14774	-1.80887349813368
14775	-1.89788332044373
14776	-2.00726662017201
14777	-2.13637883136092
14778	-2.28336819938327
14779	-2.4455871940524
14780	-2.62086396053363
14781	-2.80701541844665
14782	-3.00127405708051
14783	-3.20128529879297
14784	-3.40501746570151
14785	-3.61008587553073
14786	-3.81562834421885
14787	-4.02064660534452
14788	-4.2240081871138
14789	-4.42518432369052
14790	-4.62271977432897
14791	-4.81564064388325
14792	-5.00435363600768
14793	-5.18855205565726
14794	-5.36713569658563
14795	-5.5393749059015
14796	-5.70668646562888
14797	-5.8705645657271
14798	-6.03137901818686
14799	-6.19017645157035
14800	-6.34642572001342
14801	-6.49905812244183
14802	-6.64757115893549
14803	-6.79255450057345
14804	-6.93451648724664
14805	-7.07252464641655
14806	-7.20632449915418
14807	-7.33611011554934
14808	-7.46157287501153
14809	-7.58332700294371
14810	-7.70218944944026
14811	-7.81775090101585
14812	-7.93035654173034
14813	-8.04118966281658
14814	-8.15108463648453
14815	-8.2602116207973
14816	-8.36810985958988
14817	-8.474206817464
14818	-8.57875486984187
14819	-8.68268795163032
14820	-8.78543831304873
14821	-8.8858267482032
14822	-8.98517520081128
14823	-9.08451927267317
14824	-9.18280382455806
14825	-9.27964449478046
14826	-9.37406505448181
14827	-9.46141102910352
14828	-9.53116333376376
14829	-9.57888936170357
14830	-9.61306474899662
14831	-9.64157656502059
14832	-9.6687870464598
14833	-9.69721580953095
14834	-9.72784684876703
14835	-9.76114807111542
14836	-9.79751803167923
14837	-9.83780729889397
14838	-9.8816204880788
14839	-9.92812430267429
14840	-9.97683413231561
14841	-10.0270331603861
14842	-10.0771945731654
14843	-10.1269124005859
14844	-10.1763252041919
14845	-10.2240688328893
14846	-10.2695012262647
14847	-10.3115584017993
14848	-10.3503231722444
14849	-10.3863573588154
14850	-10.4192079860585
14851	-10.4485015806595
14852	-10.4750229334655
14853	-10.4993020816286
14854	-10.5202880838718
14855	-10.5384876705558
14856	-10.5539655204851
14857	-10.5662208911389
14858	-10.5757937396163
14859	-10.5830130733806
14860	-10.5882986680975
14861	-10.5917613174713
14862	-10.592798179563
14863	-10.5917416334819
14864	-10.5891746001976
14865	-10.5849960658832
14866	-10.5795117650428
14867	-10.5727141491971
14868	-10.563147857643
14869	-10.5508586960165
14870	-10.5366304773859
14871	-10.5208699398187
14872	-10.5038139892606
14873	-10.4852502909362
14874	-10.4653119384273
14875	-10.4443910022022
14876	-10.4223587190624
14877	-10.3989330865427
14878	-10.3743855658586
14879	-10.3483162549493
14880	-10.3202626808847
14881	-10.2892916640447
14882	-10.2543406840615
14883	-10.2160471847526
14884	-10.1749768635296
14885	-10.1301491761967
14886	-10.079502108735
14887	-10.018826818962
14888	-9.94018857929749
14889	-9.83922681797649
14890	-9.71693446175677
14891	-9.5737140897272
14892	-9.40906463389704
14893	-9.22634096922964
14894	-9.03135428969561
14895	-8.82861943665427
14896	-8.6206699757038
14897	-8.40882434240573
14898	-8.19366833312882
14899	-7.97707860498683
14900	-7.7615625700726
14901	-7.54851531890291
14902	-7.33781726378266
14903	-7.12932802682316
14904	-6.92439554256831
14905	-6.72375862840833
14906	-6.52746897623488
14907	-6.33493341489384
14908	-6.14656231558687
14909	-5.96347395212023
14910	-5.7853825146907
14911	-5.61165682187624
14912	-5.4421691797233
14913	-5.27691901812558
14914	-5.11573652847786
14915	-4.95840268502734
14916	-4.80500037339657
14917	-4.65575156862191
14918	-4.5107494139475
14919	-4.37061352329158
14920	-4.23546651382204
14921	-4.10311481471105
14922	-3.97288945829775
14923	-3.84588418775387
14924	-3.72230504705422
14925	-3.60167920480449
14926	-3.48279357796707
14927	-3.36578384675064
14928	-3.25144538002897
14929	-3.1398599023358
14930	-3.03105490856703
14931	-2.9246155515453
14932	-2.81985106177926
14933	-2.71660341969812
14934	-2.61543439814451
14935	-2.51683946199947
14936	-2.42064645232393
14937	-2.32608215892146
14938	-2.23209098237094
14939	-2.13834498542822
14940	-2.04531672425242
14941	-1.95303951846471
14942	-1.86173446571041
14943	-1.77146534297727
14944	-1.68109325383427
14945	-1.59131209858147
14946	-1.50254585983463
14947	-1.41614185016795
14948	-1.33723534791308
14949	-1.27126870661404
14950	-1.22382597588409
14951	-1.19406136194701
14952	-1.17880198836084
14953	-1.17802433259194
14954	-1.19497266161857
14955	-1.23268864352233
14956	-1.291915421966
14957	-1.37213768699809
14958	-1.47139390444254
14959	-1.58656220437984
14960	-1.7155424214146
14961	-1.85732956387627
14962	-2.00945661242265
14963	-2.16995254919679
14964	-2.33815537273654
14965	-2.51307770980257
14966	-2.69391556048643
14967	-2.87984177557532
14968	-3.06872842808143
14969	-3.25919746262266
14970	-3.45140137257766
14971	-3.64597047513227
14972	-3.84381914814729
14973	-4.04414313740143
14974	-4.24555648564493
14975	-4.44659378034437
14976	-4.64581765894232
14977	-4.84239526096151
14978	-5.03593040213483
14979	-5.22601139104219
14980	-5.4126283242982
14981	-5.59541620985396
14982	-5.7727414178938
14983	-5.94420855969729
14984	-6.10923268437524
14985	-6.26767543161041
14986	-6.41990543524757
14987	-6.56514357043746
14988	-6.70337840838283
14989	-6.83517138048439
14990	-6.96083550548948
14991	-7.0802735504701
14992	-7.1921938803747
14993	-7.29606732152189
14994	-7.39029884308559
14995	-7.47128237385534
14996	-7.53392839525521
14997	-7.57290576510996
14998	-7.58352782773561
14999	-7.56462791399077
15000	-7.51891611308152
15001	-7.44867123694238
15002	-7.35477868421423
15003	-7.2379284368106
15004	-7.10006325687616
15005	-6.94374584694157
15006	-6.77051309220705
15007	-6.58100381218608
15008	-6.3759113190105
15009	-6.15503134136637
15010	-5.91783422160771
15011	-5.66599060653836
15012	-5.40220048576617
15013	-5.12804973361955
15014	-4.84465552220615
15015	-4.55406617760788
15016	-4.25787805274213
15017	-3.95716488310924
15018	-3.65403135759878
15019	-3.35030427749449
15020	-3.04719461066085
15021	-2.74711480979327
15022	-2.45307091976891
15023	-2.16657300864297
15024	-1.88804549146529
15025	-1.61793770973963
15026	-1.35658743458707
15027	-1.103204870965
15028	-0.856815197022843
15029	-0.617392332957972
15030	-0.384984666863541
15031	-0.159217266166321
15032	0.059686375278216
15033	0.270923945980429
15034	0.474138302887259
15035	0.670071172346548
15036	0.859770825409533
15037	1.0433236088177
15038	1.22115712132248
15039	1.39373654860135
15040	1.56107339456344
15041	1.72421962549595
15042	1.88339931690862
15043	2.03713650643591
15044	2.18397420760782
15045	2.31277577487627
15046	2.41382179593943
15047	2.48874026144609
15048	2.53465775780571
15049	2.54600070527832
15050	2.51749880951892
15051	2.44718694010876
15052	2.33801966393139
15053	2.19208413254451
15054	2.00965880943767
15055	1.79289421720014
15056	1.54543870491576
15057	1.27022491059647
15058	0.969115523781871
15059	0.643017763840826
15060	0.29454816182341
15061	-0.073403937752441
15062	-0.457465161952824
15063	-0.854178626615533
15064	-1.26065634769291
15065	-1.67489606794358
15066	-2.09385749860694
15067	-2.51432666467865
15068	-2.93347690881483
15069	-3.34831385029174
15070	-3.75598869860157
15071	-4.15310735760372
15072	-4.53710096407273
15073	-4.90595486238884
15074	-5.25869553547991
15075	-5.59441495672755
15076	-5.91175406569571
15077	-6.21135288347605
15078	-6.49487106321231
15079	-6.76284560370732
15080	-7.01552608728091
15081	-7.25255043672722
15082	-7.47494784731063
15083	-7.6823091391353
15084	-7.87228632230204
15085	-8.04270384267937
15086	-8.18916955234693
15087	-8.30972066249238
15088	-8.40259379825652
15089	-8.46600374013837
15090	-8.50339094163354
15091	-8.51716163900491
15092	-8.50715459511447
15093	-8.4745293253227
15094	-8.42612116738579
15095	-8.37157609106315
15096	-8.31105073670137
15097	-8.24001344664847
15098	-8.16288702758187
15099	-8.08296360923582
15100	-7.99763100623635
15101	-7.90391599382235
15102	-7.80076331056595
15103	-7.68411835134462
15104	-7.53945599701806
15105	-7.36054878233177
15106	-7.15973560290717
15107	-6.95208224901481
15108	-6.73845321622241
15109	-6.51230297089898
15110	-6.2722481952975
15111	-6.01955077887749
15112	-5.76451554778107
15113	-5.52322344545714
15114	-5.30251532594543
15115	-5.095914246454
15116	-4.90064431641319
15117	-4.71933723415976
15118	-4.54702930726404
15119	-4.3845640734502
15120	-4.22704898027044
15121	-4.07055558581209
15122	-3.91614947291958
15123	-3.75869671081846
15124	-3.59908192679924
15125	-3.44358078607594
15126	-3.29506014619467
15127	-3.14739043778231
15128	-2.99901068639095
15129	-2.85064963581842
15130	-2.70007338296552
15131	-2.55389836997065
15132	-2.41955999454305
15133	-2.30044728437724
15134	-2.19797424848522
15135	-2.11212702184176
15136	-2.04360728181709
15137	-1.9931513445833
15138	-1.95921282981513
15139	-1.94098604011549
15140	-1.93799434123664
15141	-1.9483010885706
15142	-1.97080103979247
15143	-2.00425952410334
15144	-2.04791926540074
15145	-2.10094919209219
15146	-2.16129467289665
15147	-2.22814663503315
15148	-2.30147180867686
15149	-2.3802012741025
15150	-2.46287804299304
15151	-2.5489870331234
15152	-2.63883137384699
15153	-2.73214272461564
15154	-2.82786034536084
15155	-2.92570336716657
15156	-3.02566335409509
15157	-3.1272253854862
15158	-3.23054629864556
15159	-3.33597373018374
15160	-3.44441357341671
15161	-3.55712075771264
15162	-3.67367844120718
15163	-3.79085260546205
15164	-3.90103941839093
15165	-3.99165452996777
15166	-4.04806836101198
15167	-4.05859117526909
15168	-4.01538162096427
15169	-3.91268943535362
15170	-3.7469117293819
15171	-3.51712307580521
15172	-3.22635957393811
15173	-2.87929788228823
15174	-2.48298102802443
15175	-2.04536540154153
15176	-1.57395405784696
15177	-1.07828250753776
15178	-0.56798790789121
15179	-0.0522857222470624
15180	0.460858822894019
15181	0.965315925094193
15182	1.45662413744133
15183	1.93145367446825
15184	2.38725961471272
15185	2.82254780166086
15186	3.23678791921936
15187	3.63017904593621
15188	4.00365578463089
15189	4.35947288423867
15190	4.6991707361911
15191	5.02534245768118
15192	5.34180885948392
15193	5.64670222758882
15194	5.93377800507845
15195	6.20307888514958
15196	6.45649861529522
15197	6.69107383063681
15198	6.90377168916983
15199	7.09991873795064
15200	7.28431656633066
15201	7.44944696931227
15202	7.59023137361294
15203	7.71747567076644
15204	7.84334555008352
15205	7.95861667944965
15206	8.04762651340244
15207	8.11035667900864
15208	8.15353662364679
15209	8.18418562041198
15210	8.20879072569874
15211	8.23268322430773
15212	8.26081685369569
15213	8.29599508530745
15214	8.3392140833257
15215	8.3912973095538
15216	8.45341856686263
15217	8.52654532116331
15218	8.61010377090717
15219	8.7033915026098
15220	8.80581936307643
15221	8.91615193937002
15222	9.03140635388699
15223	9.14868647576362
15224	9.26756041167913
15225	9.38653841411459
15226	9.50398200552955
15227	9.61867289354953
15228	9.72919242204885
15229	9.83507098864634
15230	9.93640984676861
15231	10.0356223834403
15232	10.1399221921113
15233	10.2559284860669
15234	10.3829323184868
15235	10.5114493263056
15236	10.6281063845026
15237	10.7196977543299
15238	10.7799311563909
15239	10.8063729455442
15240	10.7955342783913
15241	10.7457054954713
15242	10.657531863396
15243	10.5320997973752
15244	10.3708878745243
15245	10.1731647632814
15246	9.94030207909357
15247	9.68152276173811
15248	9.39888102940209
15249	9.08868889832569
15250	8.75263291873211
15251	8.39949833385836
15252	8.03787946235618
15253	7.66879928346684
15254	7.29107849134678
15255	6.90465378366782
15256	6.51247183956383
15257	6.1191127140111
15258	5.7276557280718
15259	5.33802264327575
15260	4.94935984338861
15261	4.56521552303792
15262	4.19469199282033
15263	3.84352164858198
15264	3.51460606824784
15265	3.21077571697294
15266	2.92765227365495
15267	2.65978391215133
15268	2.40273200463429
15269	2.15573065285307
15270	1.92003291231661
15271	1.69230007020225
15272	1.46796968195393
15273	1.24700645058864
15274	1.03715410730606
15275	0.843814545316196
15276	0.66476196394472
15277	0.495256465948929
15278	0.333205692570047
15279	0.180246521814139
15280	0.0387426489054502
15281	-0.0920955178461477
15282	-0.216215387041033
15283	-0.336644946914216
15284	-0.452872741783475
15285	-0.561087592556944
15286	-0.659162980270085
15287	-0.751821535229295
15288	-0.846795423878615
15289	-0.94567207008532
15290	-1.04130072455099
15291	-1.12579329665481
15292	-1.19882526406092
15293	-1.26578504866026
15294	-1.33120358809643
15295	-1.39135449452639
15296	-1.43866170840731
15297	-1.47409399403658
15298	-1.50814609602936
15299	-1.55294928882295
15300	-1.61531769732061
15301	-1.69717771791522
15302	-1.79540213153977
15303	-1.90478035218292
15304	-2.02154339812642
15305	-2.14310343977017
15306	-2.26859861015435
15307	-2.39387529749382
15308	-2.5135895665109
15309	-2.62398747027598
15310	-2.71982815841622
15311	-2.79506447631966
15312	-2.84834837076746
15313	-2.88190714861155
15314	-2.89603205463887
15315	-2.89158768532675
15316	-2.87344619985781
15317	-2.84662862986547
15318	-2.81280556665094
15319	-2.77792020821154
15320	-2.75094657547195
15321	-2.72727214365752
15322	-2.69042324494497
15323	-2.62992535722458
15324	-2.5432465280949
15325	-2.42657243415794
15326	-2.27709594281272
15327	-2.09298849804581
15328	-1.8712368445068
15329	-1.60874813309682
15330	-1.30372729160332
15331	-0.95520045881879
15332	-0.566998844512578
15333	-0.153592896139564
15334	0.269791591931704
15335	0.696229675532417
15336	1.12624873967931
15337	1.56549989064463
15338	2.01743269242269
15339	2.48127316795142
15340	2.94903389821858
15341	3.40935126535525
15342	3.85122789560429
15343	4.26432230131603
15344	4.63922019335205
15345	4.96722383417978
15346	5.24813543027731
15347	5.48836235007
15348	5.69919537318682
15349	5.89173222519615
15350	6.07364979715362
15351	6.25142746167677
15352	6.42998086137709
15353	6.61219821595522
15354	6.79930431659649
15355	6.99116332308343
15356	7.18782958260158
15357	7.38850206253937
15358	7.59112124582001
15359	7.79500710422654
15360	7.99946730166361
15361	8.20297435677193
15362	8.40359700865962
15363	8.60023690424368
15364	8.79154928554662
15365	8.97927882617378
15366	9.16757887993954
15367	9.36201469081845
15368	9.56097036227373
15369	9.74955759132168
15370	9.91878456065546
15371	10.0674593858779
15372	10.2005380620327
15373	10.3250728212151
15374	10.4445164264207
15375	10.5612307436603
15376	10.67585953555
15377	10.7888537960339
15378	10.9007174006196
15379	11.0110990976248
15380	11.1192424838214
15381	11.2253159885674
15382	11.3284242292781
15383	11.4285794350787
15384	11.5260670751557
15385	11.6198460969719
15386	11.7104627089887
15387	11.7981266052275
15388	11.881579709534
15389	11.9612930425708
15390	12.0374460152679
15391	12.1087158174354
15392	12.1726788729839
15393	12.2296761536867
15394	12.2789918446102
15395	12.3161989492292
15396	12.3400960490319
15397	12.3509196290207
15398	12.3485934536288
15399	12.3354631425656
15400	12.3138342498528
15401	12.2834512566571
15402	12.2449711115885
15403	12.1975134343578
15404	12.1397483882454
15405	12.0735079697128
15406	11.9994358589575
15407	11.9167445197915
15408	11.8257241296835
15409	11.7264972336788
15410	11.6195035610888
15411	11.5071338125416
15412	11.3898468958926
15413	11.266961018614
15414	11.1370775518319
15415	10.9979701682047
15416	10.8506323623396
15417	10.7003486473412
15418	10.5523336267526
15419	10.4066255432777
15420	10.2551093864019
15421	10.0880932638148
15422	9.90135825496144
15423	9.69102109199274
15424	9.45354909556348
15425	9.18786275026587
15426	8.89322564736844
15427	8.57025096580123
15428	8.2224221359065
15429	7.85382770532872
15430	7.4668462979584
15431	7.06359889731729
15432	6.64784038560005
15433	6.22468573312281
15434	5.79838008587041
15435	5.37236638957559
15436	4.95057845356528
15437	4.53659939132494
15438	4.13442700212858
15439	3.74626317217309
15440	3.37132198088078
15441	3.00944482107703
15442	2.65968506175291
15443	2.32032455268664
15444	1.99203891983442
15445	1.67778201722374
15446	1.38289671910565
15447	1.12025223890938
15448	0.889920498851775
15449	0.682042439420216
15450	0.486857579215019
15451	0.291154076941162
15452	0.0876855267374823
15453	-0.127395968845512
15454	-0.350247236419262
15455	-0.571131716763512
15456	-0.784639779941618
15457	-0.995851652750207
15458	-1.21193885792916
15459	-1.43742097179601
15460	-1.67492991513314
15461	-1.92418705303848
15462	-2.18296891782505
15463	-2.44531905129319
15464	-2.70226941416148
15465	-2.95010005741414
15466	-3.19295402914141
15467	-3.43380278094902
15468	-3.66915031181316
15469	-3.89218776794082
15470	-4.1036600694177
15471	-4.30951250311829
15472	-4.51507203086697
15473	-4.71947522826405
15474	-4.915047125548
15475	-5.09945676985284
15476	-5.2780854512923
15477	-5.45770667778374
15478	-5.64284197432858
15479	-5.83525625957547
15480	-6.03569818442589
15481	-6.24450391436759
15482	-6.45837865089619
15483	-6.67192407480562
15484	-6.88008705903284
15485	-7.07776366501046
15486	-7.26072649478765
15487	-7.42444117344315
15488	-7.56926405781486
15489	-7.70216912633458
15490	-7.82597770472415
15491	-7.9404183016926
15492	-8.04707880775261
15493	-8.14573210977654
15494	-8.23534044271984
15495	-8.3147848248766
15496	-8.38507917550608
15497	-8.44554118000942
15498	-8.49409406344373
15499	-8.53231935893822
15500	-8.55957177407038
15501	-8.57398182412556
15502	-8.57590387644075
15503	-8.5662761197271
15504	-8.54366627467478
15505	-8.50499977638283
15506	-8.4517422051405
15507	-8.38702220786175
15508	-8.31142461116889
15509	-8.22916508877805
15510	-8.14291718442743
15511	-8.04828699798979
15512	-7.94217878264506
15513	-7.82217758374064
15514	-7.68488073416256
15515	-7.52825614289127
15516	-7.35222589799948
15517	-7.15682823418481
15518	-6.93998527406966
15519	-6.69954060276778
15520	-6.43268744332768
15521	-6.13733568048382
15522	-5.81646812898582
15523	-5.4808428250477
15524	-5.13308301730421
15525	-4.77225837192514
15526	-4.39997271274769
15527	-4.01235866597881
15528	-3.60610799318495
15529	-3.18203416283705
15530	-2.74575130868224
15531	-2.30390335841607
15532	-1.8618110422339
15533	-1.42382973555557
15534	-0.999670578385367
15535	-0.600567270719488
15536	-0.232776591258753
15537	0.111445435576672
15538	0.429230504754903
15539	0.70695058303803
15540	0.943473873671181
15541	1.1377047567241
15542	1.29086323024612
15543	1.41182698710798
15544	1.5062666867833
15545	1.57740647862205
15546	1.62925638696043
15547	1.66470108974228
15548	1.68756695037995
15549	1.70179916434157
15550	1.70932861571318
15551	1.71070381333272
15552	1.70682778619958
15553	1.69854817290662
15554	1.68677789853476
15555	1.67153580790638
15556	1.65247176893655
15557	1.6306026430334
15558	1.60621510618667
15559	1.57888219271065
15560	1.54912150899686
15561	1.51898034409164
15562	1.49405565131232
15563	1.4799675220283
15564	1.48053546542392
15565	1.49558538235466
15566	1.52149812699742
15567	1.55587425667075
15568	1.59742488340552
15569	1.64345006304176
15570	1.69209997355923
15571	1.7425425991272
15572	1.79336075948537
15573	1.84353279713683
15574	1.89141860771596
15575	1.93482837753905
15576	1.97383964432457
15577	2.00869694979173
15578	2.03984078278534
15579	2.06930070574822
15580	2.09780388934896
15581	2.12436090098003
15582	2.14781204718954
15583	2.16860549599941
15584	2.18834385916853
15585	2.20705074630645
15586	2.22423562137153
15587	2.23988738511161
15588	2.25429826207414
15589	2.26816199842372
15590	2.28162803791184
15591	2.29507413961048
15592	2.30829549326649
15593	2.3213441018718
15594	2.33351227989611
15595	2.34417593952908
15596	2.35362258390203
15597	2.36084580313594
15598	2.36556078272232
15599	2.36832494317209
15600	2.37054860904644
15601	2.37319697373656
15602	2.37580170537248
15603	2.37802216543654
15604	2.38007284924077
15605	2.38208332102945
15606	2.38359876442779
15607	2.38413499079422
15608	2.38377242074288
15609	2.38257477449288
15610	2.38016040484127
15611	2.37652395150358
15612	2.37091096549212
15613	2.36300359077474
15614	2.3534541345776
15615	2.34278950517466
15616	2.33139075648832
15617	2.31915888792801
15618	2.3054257442561
15619	2.28976811171067
15620	2.27320541761923
15621	2.25610541883193
15622	2.23618702451037
15623	2.21145309907437
15624	2.17640356684176
15625	2.12825763980035
15626	2.07129369224757
15627	2.00991632358153
15628	1.948545375531
15629	1.89183358568907
15630	1.84410685644096
15631	1.80921639890946
15632	1.78998889438102
15633	1.78834573609548
15634	1.8049253598586
15635	1.83945004368929
15636	1.8912828962177
15637	1.95905780262743
15638	2.04093364577847
15639	2.13524723141844
15640	2.23896979223557
15641	2.3493687482193
15642	2.4652759678292
15643	2.58578509934896
15644	2.70961769321934
15645	2.83455846336821
15646	2.95932888671377
15647	3.08402654084095
15648	3.2085223444725
15649	3.33206999683407
15650	3.45377023732762
15651	3.57305315821934
15652	3.69025060945466
15653	3.80539064231113
15654	3.91846691577789
15655	4.02867029942422
15656	4.13484834144602
15657	4.23733696996902
15658	4.33642465452692
15659	4.43217344700844
15660	4.5239168616086
15661	4.61161580743139
15662	4.69567714319583
15663	4.77624999184428
15664	4.85319240397577
15665	4.92635386853625
15666	4.99618525024561
15667	5.06227830885774
15668	5.12464392764438
15669	5.18446712651865
15670	5.24150260562458
15671	5.29524182359085
15672	5.34613259334353
15673	5.39432673922875
15674	5.44101857289455
15675	5.48734332947155
15676	5.53284105246425
15677	5.57639113377022
15678	5.61697083553567
15679	5.65437150644905
15680	5.68919757818929
15681	5.72492687403247
15682	5.76563331628394
15683	5.81497828059157
15684	5.87172647042558
15685	5.92978804485717
15686	5.98333540977101
15687	6.02656094444548
15688	6.05521393108799
15689	6.0662666773936
15690	6.05742717200642
15691	6.02899609196074
15692	5.98118935033031
15693	5.91372772726483
15694	5.82668685381534
15695	5.72038453477892
15696	5.59621661110815
15697	5.45566320294549
15698	5.29893389378541
15699	5.1271564059414
15700	4.9422771327456
15701	4.74522869898647
15702	4.53641120880795
15703	4.31663232475132
15704	4.08655215634551
15705	3.84749805283692
15706	3.60028534503383
15707	3.34493047125023
15708	3.08399892163355
15709	2.82018314864568
15710	2.55417415086814
15711	2.2869524201662
15712	2.0205357359802
15713	1.75574820529039
15714	1.49247150777359
15715	1.2321150226392
15716	0.97663798594836
15717	0.726930503452846
15718	0.48367310443299
15719	0.24893744692522
15720	0.0232849076216827
15721	-0.194010076041573
15722	-0.402289622698578
15723	-0.601423965545755
15724	-0.791832710810302
15725	-0.973945982203019
15726	-1.14850697738746
15727	-1.31675169158314
15728	-1.47944819960885
15729	-1.63636547579725
15730	-1.787238166397
15731	-1.93167191973056
15732	-2.06936497769132
15733	-2.20113985320701
15734	-2.32772381211327
15735	-2.44827822113849
15736	-2.56193245566329
15737	-2.66983804269982
15738	-2.77325362151477
15739	-2.87222928327665
15740	-2.96738557566734
15741	-3.0591503048165
15742	-3.14755430293139
15743	-3.23211585531207
15744	-3.31333241976581
15745	-3.39186985546401
15746	-3.4680024443415
15747	-3.54261958397027
15748	-3.61781017042266
15749	-3.69548795158435
15750	-3.77666099000597
15751	-3.86071905260572
15752	-3.93942522056036
15753	-4.00794407874517
15754	-4.07438533944614
15755	-4.149355595098
15756	-4.23935793536549
15757	-4.34819613412298
15758	-4.47725869408418
15759	-4.62647132595098
15760	-4.79395724551726
15761	-4.97690797771048
15762	-5.17312440666872
15763	-5.37977267558711
15764	-5.59266900666964
15765	-5.80874997258633
15766	-6.02614176734241
15767	-6.24259744255576
15768	-6.45611827738222
15769	-6.6654500893781
15770	-6.86938648589031
15771	-7.06708013147087
15772	-7.25794621245053
15773	-7.44177554817972
15774	-7.61894954881976
15775	-7.79000001527967
15776	-7.95492904047418
15777	-8.11375515380419
15778	-8.2666634998651
15779	-8.414022917893
15780	-8.55654181831858
15781	-8.69348503984083
15782	-8.82470269584363
15783	-8.9515877003218
15784	-9.07488105702274
15785	-9.19503950568262
15786	-9.31350192271252
15787	-9.43069666245878
15788	-9.54521460571729
15789	-9.65649213073279
15790	-9.76521638532777
15791	-9.87206427492204
15792	-9.97708513273342
15793	-10.0807926773222
15794	-10.1836413777779
15795	-10.2848350969557
15796	-10.3838844026868
15797	-10.4812519879573
15798	-10.5771058938651
15799	-10.6713147064969
15800	-10.7639889289181
15801	-10.8546273067527
15802	-10.941897603807
15803	-11.0225803007555
15804	-11.0918850962418
15805	-11.1443869270405
15806	-11.1734678985218
15807	-11.1738708762188
15808	-11.1445292024076
15809	-11.0877056928398
15810	-11.0051785239137
15811	-10.8980682644587
15812	-10.7669257890463
15813	-10.6128298622266
15814	-10.4378571242634
15815	-10.2429952688286
15816	-10.0294470933021
15817	-9.79919585628358
15818	-9.55304438219642
15819	-9.29100490563668
15820	-9.01288759597958
15821	-8.71959093133982
15822	-8.41222082633698
15823	-8.09173198793052
15824	-7.75863856214258
15825	-7.41442209883818
15826	-7.06128507948083
15827	-6.70054665111181
15828	-6.33499793873995
15829	-5.96733704194271
15830	-5.59994382057695
15831	-5.23494092790478
15832	-4.87471715683521
15833	-4.52128064851042
15834	-4.1762934638652
15835	-3.84092560903771
15836	-3.51593184744199
15837	-3.20249536760781
15838	-2.90149407182561
15839	-2.61223593381644
15840	-2.33307661577352
15841	-2.06310226439807
15842	-1.80196889349446
15843	-1.55000145900809
15844	-1.30741646250417
15845	-1.0741210752913
15846	-0.8491296721714
15847	-0.632051884010416
15848	-0.429005748262577
15849	-0.244451244149931
15850	-0.085063442531644
15851	0.0429984363896441
15852	0.144847162825321
15853	0.223166923746713
15854	0.278256746887022
15855	0.315542678337798
15856	0.342974397993916
15857	0.367416044323966
15858	0.395945983551499
15859	0.438483093000446
15860	0.49555316911936
15861	0.555332946958032
15862	0.611565247909998
15863	0.665748411559709
15864	0.721999825412888
15865	0.787289066809793
15866	0.863108234693041
15867	0.939610967989569
15868	1.00892987580374
15869	1.07694751460934
15870	1.15275765533382
15871	1.23584079252713
15872	1.31489752062186
15873	1.382517734159
15874	1.44056640607791
15875	1.49554649868539
15876	1.55824667452084
15877	1.63067365095993
15878	1.7018570261931
15879	1.76486395540176
15880	1.82373956090025
15881	1.88602198774043
15882	1.95638302574049
15883	2.03306521804855
15884	2.10977855716516
15885	2.18122481385106
15886	2.24861547045326
15887	2.31765036841472
15888	2.39331639986972
15889	2.47610261317214
15890	2.56088058838336
15891	2.64163275608406
15892	2.71562518475261
15893	2.78435064790597
15894	2.85153289886751
15895	2.92048506297312
15896	2.99119572586403
15897	3.05763312281623
15898	3.1146447945747
15899	3.16334797658839
15900	3.20801741369398
15901	3.25282477015104
15902	3.29901714521482
15903	3.34265160782313
15904	3.38155722315975
15905	3.41367332907706
15906	3.43658727563928
15907	3.45514096694585
15908	3.47650160224008
15909	3.50255285724503
15910	3.52786038559741
15911	3.54525032677402
15912	3.55271438558035
15913	3.55461457538395
15914	3.5544164125372
15915	3.55396718141295
15916	3.55078856635326
15917	3.54366902179627
15918	3.5352399566366
15919	3.5265102629153
15920	3.51837368024484
15921	3.50958089119242
15922	3.50266840492086
15923	3.49680361171609
15924	3.4855422000415
15925	3.46811903197415
15926	3.44635317838735
15927	3.42421042637239
15928	3.4061430986915
15929	3.39315375826244
15930	3.38075605868205
15931	3.36398938718758
15932	3.34221723494016
15933	3.31982471443049
15934	3.30282051690075
15935	3.2951128726455
15936	3.29668656638046
15937	3.30199006142514
15938	3.30622757269997
15939	3.30795107307249
15940	3.30708031658604
15941	3.30823237031304
15942	3.31301338761918
15943	3.31843850887575
15944	3.32108398429224
15945	3.32153134022516
15946	3.32303372568373
15947	3.32888813992329
15948	3.33890289496445
15949	3.34785510524435
15950	3.35440578330693
15951	3.35976030836187
15952	3.36495274754088
15953	3.37386482613202
15954	3.38783340278633
15955	3.40272290080271
15956	3.4143681172596
15957	3.42207373842053
15958	3.42989733525718
15959	3.44192871315933
15960	3.45635794524294
15961	3.46947590874018
15962	3.47890469432601
15963	3.48662022407037
15964	3.50012600402926
15965	3.52506775740156
15966	3.56211570300691
15967	3.60496050976543
15968	3.64719537092402
15969	3.68669411220307
15970	3.72086292095053
15971	3.74577477600946
15972	3.75890468714911
15973	3.76577583824464
15974	3.77305779141401
15975	3.78322295500382
15976	3.78961292582232
15977	3.78440168785095
15978	3.76782483048
15979	3.74596111351807
15980	3.72365965294221
15981	3.70332427132227
15982	3.68320281295682
15983	3.66179108402888
15984	3.63762022506113
15985	3.6122901082643
15986	3.59065967560467
15987	3.57337196537047
15988	3.5565342551777
15989	3.53830050671084
15990	3.51887937172727
15991	3.49869995555149
15992	3.47724810820047
15993	3.45510054253324
15994	3.43436775521373
15995	3.41744042638514
15996	3.40219854733398
15997	3.3853635547827
15998	3.36654609783115
15999	3.34537210723847
16000	3.32370748219631
16001	3.30420161564828
16002	3.29182031703947
16003	3.29073821018392
16004	3.30579726456048
16005	3.33910380020539
16006	3.39390123394985
16007	3.47369199520848
16008	3.58335057311189
16009	3.72497461920628
16010	3.89926403241096
16011	4.10033286870888
16012	4.3142850338777
16013	4.53966984554088
16014	4.78583933858808
16015	5.05723096611163
16016	5.34895908881315
16017	5.65468042373515
16018	5.97834491278888
16019	6.32197421158302
16020	6.68806018216238
16021	7.08975383027104
16022	7.53075972633392
16023	7.99837719007435
16024	8.48998221563373
16025	9.01277289416555
16026	9.56529535116432
16027	10.1486082363833
16028	10.7623368199151
16029	11.4019371333549
16030	12.0643682269696
16031	12.7460854600531
16032	13.4396943415852
16033	14.1381544155668
16034	14.8324267720352
16035	15.5139093588712
16036	16.1812206209342
16037	16.8309382466618
16038	17.4623427200904
16039	18.0733442264719
16040	18.6621998089816
16041	19.2335182024862
16042	19.7812318834105
16043	20.2978134632762
16044	20.7811694803732
16045	21.2375773780137
16046	21.6858652812525
16047	22.1519913730799
16048	22.6464738382221
16049	23.1525527344046
16050	23.6614686756074
16051	24.1764802757848
16052	24.6855304263153
16053	25.1803227552696
16054	25.6698894020272
16055	26.1726878790846
16056	26.6949589143758
16057	27.2292237172387
16058	27.7680718979442
16059	28.3109006197437
16060	28.8614280578026
16061	29.4226121898919
16062	29.9965486229802
16063	30.5818793993267
16064	31.176913869284
16065	31.7799026831409
16066	32.3894604332965
16067	33.0031286503583
16068	33.6183631085526
16069	34.2329518663533
16070	34.8450591972366
16071	35.4534129027387
16072	36.0555969252343
16073	36.6459538389097
16074	37.2143132136338
16075	37.7463835825905
16076	38.236566590559
16077	38.683902054986
16078	39.0882441572096
16079	39.4570090248082
16080	39.7973564463529
16081	40.1173028433309
16082	40.42712979724
16083	40.7342333318292
16084	41.0439611472398
16085	41.3604102437384
16086	41.6896001755287
16087	42.0346532571395
16088	42.3889940234882
16089	42.7443609906169
16090	43.098230174184
16091	43.4533128032718
16092	43.8083286154603
16093	44.1550436458844
16094	44.4887541960688
16095	44.8125603354665
16096	45.1316735346904
16097	45.4480423184069
16098	45.7607868595402
16099	46.0680731573734
16100	46.370366832424
16101	46.667545648919
16102	46.9586624499008
16103	47.2402837506376
16104	47.5120682394964
16105	47.7756095897671
16106	48.0291785738068
16107	48.2705212092182
16108	48.4967349617103
16109	48.7091362039313
16110	48.9109745959792
16111	49.1021745058043
16112	49.2816637292116
16113	49.4498446215987
16114	49.6097927821322
16115	49.7653840469579
16116	49.9166947915237
16117	50.062406380475
16118	50.1995191339242
16119	50.3247497713426
16120	50.4392150625175
16121	50.5439658941228
16122	50.6366591098974
16123	50.7161696537428
16124	50.7842092343635
16125	50.8417845968912
16126	50.8891735956086
16127	50.926863046276
16128	50.9564661194107
16129	50.9785481597535
16130	50.9927902414878
16131	50.9982302102766
16132	50.9922913597365
16133	50.9723161134265
16134	50.9339443284473
16135	50.8721363936153
16136	50.7856985318242
16137	50.6773368270008
16138	50.5525506429204
16139	50.4152953832088
16140	50.2669434731598
16141	50.1114469139339
16142	49.9506678717062
16143	49.7833280543842
16144	49.6094246107709
16145	49.4287735953785
16146	49.2413927848801
16147	49.0474103076943
16148	48.8460335579316
16149	48.6361131268434
16150	48.4157049461214
16151	48.18314306474
16152	47.9372278333293
16153	47.6767842202365
16154	47.4015100527241
16155	47.1108161602811
16156	46.8037563501007
16157	46.4789470019047
16158	46.1355082085489
16159	45.7718836891435
16160	45.3864395042206
16161	44.977394966482
16162	44.547402087029
16163	44.0998619692993
16164	43.6378981362189
16165	43.1652703967084
16166	42.6861094292526
16167	42.2068295448531
16168	41.7301641230977
16169	41.2565973810523
16170	40.7867483603429
16171	40.3215819297728
16172	39.8605582975379
16173	39.402983204511
16174	38.9491219129238
16175	38.5006212306328
16176	38.0602204478747
16177	37.627406424953
16178	37.1996467629473
16179	36.7756018870476
16180	36.3545256150284
16181	35.9342147772229
16182	35.5129604844025
16183	35.090847835257
16184	34.6670356811289
16185	34.240497713055
16186	33.8101182622103
16187	33.3735981846405
16188	32.9309348874099
16189	32.4814922418165
16190	32.02589276097
16191	31.5647177406025
16192	31.0996279544024
16193	30.6340928654461
16194	30.1677881292559
16195	29.6996372144679
16196	29.2283519037742
16197	28.7527462331596
16198	28.2721214020499
16199	27.7865698456638
16200	27.2976630078917
16201	26.8064392107949
16202	26.3127940990449
16203	25.8173051740451
16204	25.3201157413999
16205	24.8221920768607
16206	24.3255022826225
16207	23.8287645897777
16208	23.327997983253
16209	22.8258376790673
16210	22.3235554739874
16211	21.8198288572812
16212	21.3174707055845
16213	20.8172705837246
16214	20.3182838138689
16215	19.8199587227071
16216	19.3226435636441
16217	18.82659897381
16218	18.3308684598799
16219	17.8345462914465
16220	17.3369215016786
16221	16.8366207870098
16222	16.3323527383395
16223	15.8243723752318
16224	15.3128743986713
16225	14.7967625773069
16226	14.2758539921745
16227	13.7504525356493
16228	13.2192741372244
16229	12.6804838344675
16230	12.1344313482312
16231	11.5824051689658
16232	11.0254621901437
16233	10.4634608735869
16234	9.89651297628914
16235	9.32623193537127
16236	8.75314311541075
16237	8.17790695300603
16238	7.60197459486706
16239	7.02554096247995
16240	6.44875244734986
16241	5.87194091603743
16242	5.29453898778726
16243	4.71589072445142
16244	4.1356689553336
16245	3.55417301035367
16246	2.96967558598512
16247	2.37994740493832
16248	1.78315501218609
16249	1.18022025908631
16250	0.576752879932874
16251	-0.020395988203744
16252	-0.612933841148936
16253	-1.20370903320698
16254	-1.78793791134966
16255	-2.36054384104508
16256	-2.92167548651987
16257	-3.47387116061786
16258	-4.01639480467856
16259	-4.54849056128879
16260	-5.07102939238832
16261	-5.5868183587884
16262	-6.09747468818788
16263	-6.60283184680057
16264	-7.10330743892023
16265	-7.60059233188693
16266	-8.09542327738519
16267	-8.5873688939362
16268	-9.07664734096739
16269	-9.56394021514905
16270	-10.0498935617041
16271	-10.5350037717461
16272	-11.0190085731076
16273	-11.501725281268
16274	-11.9825095053919
16275	-12.4610617731484
16276	-12.9389006180008
16277	-13.4158662347052
16278	-13.8895158961343
16279	-14.3567317223696
16280	-14.8156515739435
16281	-15.2739390084226
16282	-15.7342796848436
16283	-16.1923847749455
16284	-16.6460310941845
16285	-17.0893421017395
16286	-17.5193882598154
16287	-17.9380696038203
16288	-18.3465581830435
16289	-18.7444738886623
16290	-19.1312363181174
16291	-19.5081309400559
16292	-19.8764405987436
16293	-20.2365283582666
16294	-20.589829270874
16295	-20.9386485824171
16296	-21.2851071307401
16297	-21.6296587094125
16298	-21.9720698170064
16299	-22.3131120876267
16300	-22.6519321085072
16301	-22.9879669185287
16302	-23.3214287816455
16303	-23.6524130885589
16304	-23.9806617613466
16305	-24.3062442889827
16306	-24.6320477210929
16307	-24.9606062257434
16308	-25.2962295378052
16309	-25.6364438641551
16310	-25.9818743208376
16311	-26.3305964209172
16312	-26.6767156631695
16313	-27.021318321537
16314	-27.3638208363751
16315	-27.703288705792
16316	-28.0382486260757
16317	-28.3676648686295
16318	-28.6911846501688
16319	-29.0086689905768
16320	-29.3203027150668
16321	-29.625949147799
16322	-29.923624812549
16323	-30.211287053856
16324	-30.4879073378031
16325	-30.7536835595768
16326	-31.0089608852887
16327	-31.2541619831851
16328	-31.4897839945122
16329	-31.7167597690659
16330	-31.9363699698247
16331	-32.1486765467975
16332	-32.3530028438728
16333	-32.5472756291636
16334	-32.7299236311156
16335	-32.9001084034153
16336	-33.0578110843007
16337	-33.2030662117824
16338	-33.3370974868668
16339	-33.4613071111138
16340	-33.5762662184665
16341	-33.6827570508008
16342	-33.7806993639023
16343	-33.8649067711653
16344	-33.9328338521458
16345	-33.9897168496135
16346	-34.0377228805058
16347	-34.0742846263566
16348	-34.0970171588324
16349	-34.1049819131488
16350	-34.0989299532828
16351	-34.0809932098134
16352	-34.0555750963178
16353	-34.0277567591169
16354	-33.9999869262696
16355	-33.9662356961856
16356	-33.9167321666731
16357	-33.8477031586539
16358	-33.7603858707893
16359	-33.6592572739945
16360	-33.5492475865255
16361	-33.429384275326
16362	-33.2933589694483
16363	-33.1359029294478
16364	-32.9542621749706
16365	-32.7493898840461
16366	-32.5252462637489
16367	-32.2832062565274
16368	-32.0225998359965
16369	-31.7413434647152
16370	-31.4344858479869
16371	-31.1026065467395
16372	-30.748338299576
16373	-30.3712027554075
16374	-29.9707984522102
16375	-29.5522257913762
16376	-29.1219003358295
16377	-28.6806048779274
16378	-28.2348593506385
16379	-27.7934379113001
16380	-27.3615459877589
16381	-26.9427471010161
16382	-26.5435151987866
16383	-26.1725097292489
16384	-25.830921219223
16385	-25.5149132073405
16386	-25.2116930230776
16387	-24.9072208882465
16388	-24.5905968975142
16389	-24.2708587620242
16390	-23.9616137509317
16391	-23.6634267118858
16392	-23.3816111866742
16393	-23.1201416714216
16394	-22.8800439522053
16395	-22.6598727184316
16396	-22.4578586810519
16397	-22.2707756231455
16398	-22.0951724335416
16399	-21.9271949197024
16400	-21.7623926685367
16401	-21.5983619831718
16402	-21.4333543213114
16403	-21.2634673810698
16404	-21.0850110366343
16405	-20.892336099045
16406	-20.6813831356831
16407	-20.4444777034794
16408	-20.1712301126933
16409	-19.8559731106985
16410	-19.4960397023046
16411	-19.0913425620488
16412	-18.6510689847707
16413	-18.1862101463752
16414	-17.709294791783
16415	-17.2416222850087
16416	-16.7898991695394
16417	-16.3361136637165
16418	-15.8755876825139
16419	-15.4210450047851
16420	-14.9706780565651
16421	-14.527857714406
16422	-14.096369955511
16423	-13.6694727804496
16424	-13.2432555610953
16425	-12.8146073291973
16426	-12.3801912230248
16427	-11.9390492114831
16428	-11.4918416935628
16429	-11.0395278427978
16430	-10.5834540530137
16431	-10.1242395531849
16432	-9.66129120211296
16433	-9.19429120189653
16434	-8.72345250371477
16435	-8.25040080796996
16436	-7.77527339248885
16437	-7.29684530526449
16438	-6.8163687212418
16439	-6.334791228869
16440	-5.8525223665706
16441	-5.36913352688455
16442	-4.87812372221696
16443	-4.36865721477221
16444	-3.82997771219708
16445	-3.26232437590157
16446	-2.66909657368742
16447	-2.05947085650206
16448	-1.44103294038782
16449	-0.809685778729128
16450	-0.160294395031105
16451	0.508457190366438
16452	1.19312973881041
16453	1.8889473325464
16454	2.5917157760626
16455	3.29559890064938
16456	3.99642805409693
16457	4.68888170520511
16458	5.36804000836079
16459	6.03716634564512
16460	6.69845318302174
16461	7.35229186240795
16462	7.99679412189587
16463	8.62694057261439
16464	9.24609778556052
16465	9.86045284005633
16466	10.4706837181867
16467	11.0731003837833
16468	11.6659317776366
16469	12.2537760484316
16470	12.8385567556729
16471	13.4131307783572
16472	13.9704275342494
16473	14.507190884046
16474	15.0200732214919
16475	15.5112277782082
16476	15.9933275079685
16477	16.4751223623045
16478	16.9608289334816
16479	17.4519577652768
16480	17.9301656917926
16481	18.3826719443763
16482	18.8293164415246
16483	19.280642021048
16484	19.7171192045904
16485	20.125315747007
16486	20.5051027941577
16487	20.8787876908468
16488	21.2541901954161
16489	21.6114841677871
16490	21.9494794959324
16491	22.2781962099971
16492	22.6001724420828
16493	22.9191177840186
16494	23.2387918283838
16495	23.5603092770801
16496	23.8843145603107
16497	24.209111900936
16498	24.5292501937894
16499	24.8380615200134
16500	25.1341654175375
16501	25.4277831225313
16502	25.7261996657353
16503	26.031629928131
16504	26.3437900592463
16505	26.6570572658388
16506	26.9616532471049
16507	27.2481098930378
16508	27.5289012343715
16509	27.8059336490009
16510	28.0705383175739
16511	28.324534598697
16512	28.5642247450594
16513	28.7849147236154
16514	28.9863980500602
16515	29.1757700163359
16516	29.3582566953977
16517	29.5332220466379
16518	29.6974367996264
16519	29.8473279657313
16520	29.9840634684215
16521	30.113244334086
16522	30.2386205087598
16523	30.3585795594073
16524	30.4676228417063
16525	30.5605417998163
16526	30.6380667033341
16527	30.7080495596086
16528	30.775604916174
16529	30.8381988016365
16530	30.8907808067579
16531	30.9278206867587
16532	30.9489112640897
16533	30.9617061131722
16534	30.9706014991164
16535	30.9747510850441
16536	30.9726415672587
16537	30.9621545487185
16538	30.9409602002835
16539	30.9051058848047
16540	30.853154962962
16541	30.7890810572064
16542	30.7156858928637
16543	30.6323281805209
16544	30.5376530977918
16545	30.4323951307224
16546	30.3214581409559
16547	30.2091223284063
16548	30.0941090720913
16549	29.9730172842075
16550	29.8452475315013
16551	29.706503156502
16552	29.5508126985837
16553	29.3755445907981
16554	29.1797875961258
16555	28.963707385891
16556	28.7272629860932
16557	28.4699470848972
16558	28.1914961374036
16559	27.8916630101269
16560	27.5705581833363
16561	27.2294931046652
16562	26.8695706359283
16563	26.4924163775995
16564	26.1004994591552
16565	25.6960938460048
16566	25.281542330091
16567	24.8595304227251
16568	24.432316888228
16569	24.0014324904214
16570	23.5689670792175
16571	23.1375292919784
16572	22.7096100745545
16573	22.2861526877358
16574	21.8664644547775
16575	21.4511549773676
16576	21.0411862649906
16577	20.6364778001153
16578	20.2373072411963
16579	19.8439446132005
16580	19.4558224963715
16581	19.0715675680429
16582	18.6906207132331
16583	18.3125776867979
16584	17.9358035007772
16585	17.5594571538462
16586	17.1848863786989
16587	16.8169329225702
16588	16.4568658661872
16589	16.101321643238
16590	15.7472953273568
16591	15.395117823148
16592	15.046555915812
16593	14.6988312047008
16594	14.3476023958941
16595	13.9943870135975
16596	13.6448442559673
16597	13.3011693379074
16598	12.960864326761
16599	12.6213310429919
16600	12.2811088541701
16601	11.9385404259759
16602	11.5914659417662
16603	11.2408612855031
16604	10.8870860829711
16605	10.5283750598389
16606	10.1650880335627
16607	9.79648935111761
16608	9.42242928474082
16609	9.04626441535352
16610	8.66807781555141
16611	8.28739357625846
16612	7.90399384753973
16613	7.51566896841886
16614	7.12501578122801
16615	6.73797844916751
16616	6.35412154133763
16617	5.97171548009075
16618	5.58763433960015
16619	5.19612737248069
16620	4.79984076715038
16621	4.40363232030233
16622	4.00047045825482
16623	3.58822224411755
16624	3.17673534423764
16625	2.76944305039268
16626	2.37047337772683
16627	1.98229743985771
16628	1.59915574186154
16629	1.21483691264572
16630	0.824535817303228
16631	0.429712509157119
16632	0.0338696863771474
16633	-0.366781053957719
16634	-0.773305827387303
16635	-1.18284104850441
16636	-1.59505508412985
16637	-2.00849519635222
16638	-2.42116333772351
16639	-2.83452337362686
16640	-3.25121944584554
16641	-3.6735310571252
16642	-4.10279332241984
16643	-4.53884670051634
16644	-4.9800921991849
16645	-5.42491673070246
16646	-5.87251250047888
16647	-6.32174477801168
16648	-6.77233777469783
16649	-7.22431423764086
16650	-7.67771941166705
16651	-8.13261603430515
16652	-8.58822909518189
16653	-9.04378923583246
16654	-9.50014930305415
16655	-9.95773841472858
16656	-10.4153555383422
16657	-10.874171875219
16658	-11.335430004342
16659	-11.7996477837177
16660	-12.2671762782711
16661	-12.7352108123188
16662	-13.1964282111789
16663	-13.6478484060888
16664	-14.0934412284776
16665	-14.5326612118512
16666	-14.9660877380676
16667	-15.3988549575016
16668	-15.8316811638646
16669	-16.2632009909776
16670	-16.6971839178529
16671	-17.1363777266626
16672	-17.5784778711234
16673	-18.0193559563436
16674	-18.4546068236389
16675	-18.8810664328362
16676	-19.2980177213602
16677	-19.7120613729705
16678	-20.1267061289481
16679	-20.5426684358193
16680	-20.9604203950675
16681	-21.37361085802
16682	-21.7781714945305
16683	-22.1757921599184
16684	-22.569521213036
16685	-22.9615517041716
16686	-23.3545309153704
16687	-23.7492226415266
16688	-24.1434014580037
16689	-24.5362726525846
16690	-24.9230349448112
16691	-25.2994356424023
16692	-25.6661520776408
16693	-26.0270934038148
16694	-26.3844148746907
16695	-26.7359043813124
16696	-27.0815172293061
16697	-27.420268490114
16698	-27.7493524977182
16699	-28.070360627175
16700	-28.3848989459235
16701	-28.6905786859149
16702	-28.9838656248959
16703	-29.265651043122
16704	-29.5405560157354
16705	-29.8109012871599
16706	-30.0771458383264
16707	-30.3389204401324
16708	-30.5961443692022
16709	-30.8488825681972
16710	-31.0971618659087
16711	-31.3412112560298
16712	-31.5811238328496
16713	-31.8158148117844
16714	-32.0431779861936
16715	-32.2613954442854
16716	-32.4700056908481
16717	-32.6713230863368
16718	-32.8693159499091
16719	-33.0663863390562
16720	-33.2608520081544
16721	-33.4492707145052
16722	-33.6306330819246
16723	-33.8057353123877
16724	-33.9778717167426
16725	-34.1486103100413
16726	-34.3162095828049
16727	-34.4807399753679
16728	-34.6418091988757
16729	-34.7983740539067
16730	-34.9503949382951
16731	-35.0973653365177
16732	-35.2386535346511
16733	-35.3738962141968
16734	-35.5022735631109
16735	-35.6227726713059
16736	-35.7331142049845
16737	-35.8323813000453
16738	-35.9203986961902
16739	-35.9976030212239
16740	-36.0639605114863
16741	-36.1188080856708
16742	-36.1613233675799
16743	-36.1922763761541
16744	-36.2154593684651
16745	-36.2361013655548
16746	-36.2579837615097
16747	-36.2773584332111
16748	-36.289063287397
16749	-36.2925154372818
16750	-36.293080816211
16751	-36.2976965516108
16752	-36.3010392114247
16753	-36.2870751728782
16754	-36.2406157905249
16755	-36.1524756747355
16756	-36.0261384369933
16757	-35.8742151024385
16758	-35.7032253472304
16759	-35.5109450172749
16760	-35.2926492244833
16761	-35.0462234571234
16762	-34.7734363854997
16763	-34.4733908682428
16764	-34.1438936595754
16765	-33.7883099979851
16766	-33.4112159767758
16767	-33.0122596167382
16768	-32.5917238783687
16769	-32.1583605259019
16770	-31.7164196340644
16771	-31.2579845112321
16772	-30.778782350098
16773	-30.2875215154211
16774	-29.7870312451014
16775	-29.2728328732205
16776	-28.7467023640363
16777	-28.2110816815617
16778	-27.6662143043243
16779	-27.1103837074954
16780	-26.543079619041
16781	-25.9659429419021
16782	-25.3804786505536
16783	-24.7898092351178
16784	-24.1973405017606
16785	-23.6051929698482
16786	-23.0145919960212
16787	-22.4271576530064
16788	-21.8451124260561
16789	-21.2744315142641
16790	-20.7273178143802
16791	-20.2232987400303
16792	-19.7743128267992
16793	-19.3858641281422
16794	-19.0559933116423
16795	-18.7716810958044
16796	-18.5196525355257
16797	-18.2784908944095
16798	-18.0157297436172
16799	-17.7106301942448
16800	-17.3720148475506
16801	-17.0322940758028
16802	-16.7137570465569
16803	-16.417078400418
16804	-16.1278569657564
16805	-15.8255808646777
16806	-15.5120312006217
16807	-15.2055009683277
16808	-14.9138077263526
16809	-14.6318802538123
16810	-14.3460345799278
16811	-14.043172469644
16812	-13.7342270811079
16813	-13.4412235642982
16814	-13.1686884343678
16815	-12.9055603291265
16816	-12.6390593370908
16817	-12.3655820671171
16818	-12.0954041560385
16819	-11.8363705182483
16820	-11.574076272946
16821	-11.2892359088283
16822	-10.9854269054258
16823	-10.678374957852
16824	-10.3761825258399
16825	-10.0759386807349
16826	-9.76539292012393
16827	-9.4405038169574
16828	-9.11913902842494
16829	-8.81146387523449
16830	-8.50612825357322
16831	-8.18168044265574
16832	-7.82836860998068
16833	-7.463220807233
16834	-7.1119489357568
16835	-6.78507572987345
16836	-6.46578501699837
16837	-6.13552061418289
16838	-5.79245542924169
16839	-5.45841257002534
16840	-5.14800361130606
16841	-4.85321187521885
16842	-4.55556104933706
16843	-4.23644364843812
16844	-3.90043852373024
16845	-3.5697668110186
16846	-3.25745117356809
16847	-2.95615416572402
16848	-2.66100759003656
16849	-2.35759374468101
16850	-2.03089147310333
16851	-1.70040438043889
16852	-1.38279108201995
16853	-1.06125875479205
16854	-0.720122140267466
16855	-0.368878339645482
16856	-0.0254911556185267
16857	0.308285578308386
16858	0.635869570131786
16859	0.960991415195918
16860	1.2868491876656
16861	1.60152484259598
16862	1.89989509529137
16863	2.20160951001179
16864	2.52086645416876
16865	2.84528653650059
16866	3.16502879578805
16867	3.48051122818757
16868	3.79685990947308
16869	4.12886197725364
16870	4.48280941628013
16871	4.83585033701425
16872	5.17412907994953
16873	5.49969619124249
16874	5.81161051351781
16875	6.10870510233892
16876	6.40318909884436
16877	6.71213901110587
16878	7.02915425388095
16879	7.33570962498186
16880	7.62315293465778
16881	7.89785826160162
16882	8.1626503796002
16883	8.41800614196925
16884	8.66676017956256
16885	8.91081146718889
16886	9.15307083948563
16887	9.39613622175525
16888	9.64283392467534
16889	9.89551583373058
16890	10.1569743463264
16891	10.4307891004455
16892	10.7185030449827
16893	11.0213266080775
16894	11.3343199332257
16895	11.6535114066788
16896	11.9762206540986
16897	12.3049387129122
16898	12.6410683863737
16899	12.9781308493539
16900	13.3136274094311
16901	13.646816096224
16902	13.9749048523935
16903	14.2948270604736
16904	14.6061035117517
16905	14.9075185964069
16906	15.1988105897485
16907	15.4811475099565
16908	15.7550102124821
16909	16.0213078971973
16910	16.2813026130781
16911	16.535514641284
16912	16.7834420149822
16913	17.0245855410735
16914	17.2599486601421
16915	17.4904593900011
16916	17.7166854617789
16917	17.9389237038374
16918	18.1569733769635
16919	18.3715908067684
16920	18.5825022105943
16921	18.7890262505269
16922	18.9899329331448
16923	19.1813573647487
16924	19.3561340096244
16925	19.5102197631371
16926	19.6482574234035
16927	19.7718041325977
16928	19.8797305746567
16929	19.9743801888995
16930	20.054757308224
16931	20.1205183116132
16932	20.175339281525
16933	20.2211854174441
16934	20.2591497789581
16935	20.2900381862788
16936	20.3143903959708
16937	20.3342612299084
16938	20.3506397407478
16939	20.3629496113839
16940	20.3716003251017
16941	20.3774853410088
16942	20.3808713711755
16943	20.3809304536598
16944	20.3773532171082
16945	20.3708984081269
16946	20.3620773749789
16947	20.3505433530771
16948	20.3360536241677
16949	20.3181791133243
16950	20.2953713369862
16951	20.2670924848837
16952	20.2337916211807
16953	20.1956968903286
16954	20.153448426718
16955	20.1067902766122
16956	20.0547851186994
16957	19.9970902871074
16958	19.9331073034784
16959	19.8621797740664
16960	19.784054588051
16961	19.6981993158087
16962	19.6049056116335
16963	19.5049373200793
16964	19.3988091189349
16965	19.2864381607206
16966	19.167816186879
16967	19.0416532698939
16968	18.9053393699386
16969	18.757865683945
16970	18.5982412924881
16971	18.4250579915076
16972	18.2370240708164
16973	18.0327762636291
16974	17.8115380622058
16975	17.5740317806736
16976	17.3217562190144
16977	17.0569458959902
16978	16.7813762296057
16979	16.4969183603152
16980	16.2098473435011
16981	15.9253939362395
16982	15.6471021372009
16983	15.3727021314316
16984	15.102804521147
16985	14.8395830311874
16986	14.5776083676172
16987	14.310129330331
16988	14.0326791173361
16989	13.7474409039219
16990	13.4586249453778
16991	13.1682531689445
16992	12.8763978700126
16993	12.5811412991541
16994	12.2810887433909
16995	11.9779539839935
16996	11.6743229686558
16997	11.3728653287053
16998	11.0743827500221
16999	10.7766870688276
17000	10.4761008531355
17001	10.1721138697888
17002	9.86875914319417
17003	9.57018329505388
17004	9.27830798520153
17005	8.99331140048138
17006	8.71342793036939
17007	8.43747205184731
17008	8.16324045742181
17009	7.889981120378
17010	7.61885194776616
17011	7.34748236899447
17012	7.07132491773945
17013	6.7875222148782
17014	6.49561531238835
17015	6.19630255125132
17016	5.88970499352398
17017	5.57504863126725
17018	5.25148067212961
17019	4.91893325952905
17020	4.57689445566011
17021	4.2225341873511
17022	3.85582373388643
17023	3.48100226030518
17024	3.10279899250699
17025	2.7257071355252
17026	2.35252733312613
17027	1.98460065514389
17028	1.62475817595797
17029	1.27501642302756
17030	0.932060765275873
17031	0.589818083534564
17032	0.244445745257281
17033	-0.106406655497629
17034	-0.466670141203264
17035	-0.838633058845704
17036	-1.22162631832237
17037	-1.61571204626234
17038	-2.02061330011853
17039	-2.43531718017372
17040	-2.85929725590021
17041	-3.29100279910473
17042	-3.72855402626672
17043	-4.17089241784107
17044	-4.61585085287735
17045	-5.06093461799765
17046	-5.50523602033718
17047	-5.94839424972777
17048	-6.39069432712929
17049	-6.83179696831728
17050	-7.27102009058358
17051	-7.70952955736623
17052	-8.14739151239379
17053	-8.58313440999258
17054	-9.01579743088656
17055	-9.44263159868321
17056	-9.852665984032
17057	-10.2462329119008
17058	-10.6325415046055
17059	-11.0157430586376
17060	-11.3994308031379
17061	-11.7836225763636
17062	-12.1680580712584
17063	-12.5511428371815
17064	-12.926414288925
17065	-13.2952289347047
17066	-13.664591128394
17067	-14.037841112695
17068	-14.4158815667652
17069	-14.7932120107498
17070	-15.1614505915245
17071	-15.5164419409078
17072	-15.860904853722
17073	-16.2006992088103
17074	-16.5397687884245
17075	-16.8792144679408
17076	-17.218569860001
17077	-17.558386761556
17078	-17.899422953576
17079	-18.2402193401431
17080	-18.5774189690817
17081	-18.9100585431172
17082	-19.2370027844523
17083	-19.5563158656044
17084	-19.8685353322166
17085	-20.1748917054853
17086	-20.4780350758375
17087	-20.7779005385406
17088	-21.0677654435065
17089	-21.3450697442634
17090	-21.6151860634123
17091	-21.8829783187447
17092	-22.1501938719287
17093	-22.4159898720748
17094	-22.6797342095068
17095	-22.9416610470156
17096	-23.2028187992969
17097	-23.4647266878547
17098	-23.7201688156825
17099	-23.9663763900933
17100	-24.2039363259861
17101	-24.4311908802525
17102	-24.6562277392412
17103	-24.8869925268913
17104	-25.1203494758551
17105	-25.3537345614328
17106	-25.5926416965846
17107	-25.8429103236711
17108	-26.1074171729217
17109	-26.3861036774606
17110	-26.677773323129
17111	-26.9816717216835
17112	-27.2959335933087
17113	-27.6172088378145
17114	-27.9441009593343
17115	-28.2753428716531
17116	-28.6077485835303
17117	-28.9386932141074
17118	-29.2661085984222
17119	-29.5887843574666
17120	-29.9062509276881
17121	-30.2175909613983
17122	-30.5224471260578
17123	-30.8180419963516
17124	-31.0964385243655
17125	-31.3502639893739
17126	-31.5724222108807
17127	-31.7682253698526
17128	-31.9496537707287
17129	-32.1253849512734
17130	-32.3040907840109
17131	-32.4899581517231
17132	-32.6844035376196
17133	-32.8843037646962
17134	-33.0819681506697
17135	-33.273763165676
17136	-33.4640224933065
17137	-33.6564368580697
17138	-33.8481046631106
17139	-34.0333167746996
17140	-34.2096233209466
17141	-34.3797342865703
17142	-34.5473294963311
17143	-34.710103189659
17144	-34.8597726676789
17145	-34.9915630510849
17146	-35.1095371085124
17147	-35.2217829575502
17148	-35.3277343575738
17149	-35.4186994869698
17150	-35.4934466816587
17151	-35.5589713476958
17152	-35.622032912889
17153	-35.682549274675
17154	-35.7304278238618
17155	-35.7588089329933
17156	-35.774390061247
17157	-35.7858800487011
17158	-35.7990665290934
17159	-35.8158876315406
17160	-35.829201788304
17161	-35.83171994771
17162	-35.8261201402293
17163	-35.8206444916835
17164	-35.8179938295368
17165	-35.8115002173718
17166	-35.7902299929306
17167	-35.7504608153519
17168	-35.6994512475185
17169	-35.6478006993274
17170	-35.5978860373768
17171	-35.5360604152807
17172	-35.4468327363396
17173	-35.3314870141593
17174	-35.2029469498122
17175	-35.0683268615445
17176	-34.916751633281
17177	-34.731481643835
17178	-34.5126606404997
17179	-34.2643381167353
17180	-33.9845277292406
17181	-33.6715438798691
17182	-33.3252212229011
17183	-32.9474181626019
17184	-32.5400598482177
17185	-32.1048462966346
17186	-31.6430287813686
17187	-31.1583867152589
17188	-30.6558461664074
17189	-30.139421971366
17190	-29.6128725350558
17191	-29.0803449376211
17192	-28.5467562813546
17193	-28.015615973076
17194	-27.4880936333016
17195	-26.9649949634665
17196	-26.4484041236751
17197	-25.9415457608042
17198	-25.4458843853909
17199	-24.962036497582
17200	-24.4936086084179
17201	-24.0443934264258
17202	-23.6187975358008
17203	-23.2189238451701
17204	-22.8546321404386
17205	-22.5309318272632
17206	-22.2410011914997
17207	-21.9760066443127
17208	-21.7140590630727
17209	-21.4366201496149
17210	-21.1435702610254
17211	-20.8587678700196
17212	-20.5952496763743
17213	-20.3317220937904
17214	-20.0549495779994
17215	-19.7717028840866
17216	-19.4899219447566
17217	-19.2195816057373
17218	-18.9645406289595
17219	-18.71431715031
17220	-18.4513377197714
17221	-18.1673763255201
17222	-17.8714680680429
17223	-17.5834693360746
17224	-17.3137893343907
17225	-17.058171295853
17226	-16.8045744504229
17227	-16.5442663934722
17228	-16.2849089409315
17229	-16.0324437469283
17230	-15.7776311832539
17231	-15.5090765835052
17232	-15.220933146781
17233	-14.9270341333825
17234	-14.6404986180548
17235	-14.3498244825365
17236	-14.045278013137
17237	-13.7318218980404
17238	-13.4151016268203
17239	-13.0874919013762
17240	-12.7386572814577
17241	-12.3682817804973
17242	-12.0003374667101
17243	-11.6414232097686
17244	-11.2780197650903
17245	-10.9134884285917
17246	-10.5453859830156
17247	-10.1678573973087
17248	-9.77858176621044
17249	-9.38025520017608
17250	-8.97416132720083
17251	-8.55876270370113
17252	-8.1356182446788
17253	-7.70665224615211
17254	-7.27359401869903
17255	-6.83678957381058
17256	-6.39564313234813
17257	-5.95075281532344
17258	-5.50400864780171
17259	-5.05690678492599
17260	-4.60996324256421
17261	-4.16373322126306
17262	-3.71816473895052
17263	-3.27194273701259
17264	-2.82401977859395
17265	-2.37426941542302
17266	-1.92283693243861
17267	-1.47769424345652
17268	-1.05719633953745
17269	-0.679165498230244
17270	-0.343264985050006
17271	-0.049328345304151
17272	0.211907332476442
17273	0.45231839869208
17274	0.675192203086379
17275	0.901165315039532
17276	1.16180755497909
17277	1.46618285336878
17278	1.77935955060506
17279	2.06620065283338
17280	2.32180910212634
17281	2.55557285691913
17282	2.78718576684171
17283	3.01781968644281
17284	3.23045991126724
17285	3.4208096217264
17286	3.59046758794152
17287	3.73974279046142
17288	3.87977558727838
17289	4.01764079899582
17290	4.14721673894022
17291	4.26759273196268
17292	4.37997626845049
17293	4.48135017266865
17294	4.57407897744093
17295	4.66412632986411
17296	4.75602622063944
17297	4.84792149193593
17298	4.94046350489087
17299	5.03303765902583
17300	5.12112594005897
17301	5.20622493578247
17302	5.29147003609141
17303	5.37659166105521
17304	5.4623337369697
17305	5.55003025542094
17306	5.64322639711956
17307	5.74340071109368
17308	5.84483208111826
17309	5.94698476860269
17310	6.0496374843284
17311	6.15082478979909
17312	6.25225819791166
17313	6.35452080271088
17314	6.45989928549453
17315	6.56925688691628
17316	6.68182146089332
17317	6.79915984162986
17318	6.92211215379854
17319	7.04640682986456
17320	7.16970022378157
17321	7.29293031900584
17322	7.41865873566255
17323	7.54880768592976
17324	7.68242549419916
17325	7.81889013109589
17326	7.95869497420126
17327	8.10448755112891
17328	8.25915846045547
17329	8.42219244007131
17330	8.58840583773455
17331	8.75702466624864
17332	8.92610114608534
17333	9.08905682038645
17334	9.24090364562842
17335	9.37611872141179
17336	9.49313954668683
17337	9.5928355314439
17338	9.67538288109149
17339	9.74182298762929
17340	9.79259016995981
17341	9.82881476385616
17342	9.8525353986232
17343	9.86492378353753
17344	9.86765460097538
17345	9.86369418994201
17346	9.85544843105146
17347	9.8442242684363
17348	9.83056277861959
17349	9.81366106156536
17350	9.79339610490368
17351	9.77076076824276
17352	9.74687835603629
17353	9.72103586704646
17354	9.69241775005069
17355	9.66232512078775
17356	9.63406131228108
17357	9.61470171090058
17358	9.61362154639043
17359	9.63922670235903
17360	9.6998571094368
17361	9.80295676967285
17362	9.95384093171062
17363	10.1545106289854
17364	10.404589230163
17365	10.7012853364723
17366	11.039779354571
17367	11.4136131711824
17368	11.8165376457319
17369	12.2426102737738
17370	12.6852880142464
17371	13.1391894863141
17372	13.5987465000226
17373	14.0585955541109
17374	14.5153474326587
17375	14.9663367704547
17376	15.4085972016828
17377	15.8398946952814
17378	16.2581605621849
17379	16.6624537976795
17380	17.0520288714235
17381	17.4263222448264
17382	17.7865994403211
17383	18.1330416884097
17384	18.4648620079821
17385	18.7823904951811
17386	19.086923492746
17387	19.3790719799327
17388	19.6582148597555
17389	19.924977293818
17390	20.1811448848959
17391	20.4274091764833
17392	20.6624101299881
17393	20.8836526787652
17394	21.0871470538538
17395	21.2655270901266
17396	21.4128209434602
17397	21.5255925642549
17398	21.5986118214967
17399	21.6268375395735
17400	21.6099254477549
17401	21.5500008266144
17402	21.4544901152175
17403	21.3361017768197
17404	21.2025305851898
17405	21.0579097490165
17406	20.897764451108
17407	20.7175008668894
17408	20.5149765009727
17409	20.2871916724432
17410	20.033394801603
17411	19.7544198962643
17412	19.4520949267719
17413	19.1325434891575
17414	18.8028980756618
17415	18.4641438527025
17416	18.111329158586
17417	17.7450526995438
17418	17.371962597706
17419	16.9952629679432
17420	16.6133119148935
17421	16.2246788410106
17422	15.8322350356296
17423	15.438648810165
17424	15.0467170983076
17425	14.6583613007642
17426	14.274238398763
17427	13.8944651381851
17428	13.5193370779547
17429	13.1510882590251
17430	12.7915722750244
17431	12.4417273862908
17432	12.102364116126
17433	11.7733420454305
17434	11.4539096745397
17435	11.1423757817086
17436	10.8381449651194
17437	10.5405755799733
17438	10.2490524150644
17439	9.96523369563433
17440	9.69242389578166
17441	9.43148453359495
17442	9.18497453394471
17443	8.95123381522025
17444	8.72855417678574
17445	8.51845930121781
17446	8.31852262376138
17447	8.12563253398968
17448	7.93754204115572
17449	7.75243862916286
17450	7.56996051546492
17451	7.39098305503847
17452	7.21771946351391
17453	7.05119888380261
17454	6.88613452505018
17455	6.71564413676166
17456	6.53762820455785
17457	6.35554125440282
17458	6.17242535256748
17459	5.98781721834585
17460	5.80089861428809
17461	5.61192371774747
17462	5.42386954724062
17463	5.24111972085413
17464	5.06599327662062
17465	4.89601854362153
17466	4.72427621847086
17467	4.54715119407024
17468	4.37015704694792
17469	4.19978699579779
17470	4.04002489105337
17471	3.89028536606278
17472	3.74204509375048
17473	3.58899157075574
17474	3.43299535655247
17475	3.27955591636237
17476	3.13396042287273
17477	2.99208338119731
17478	2.84242531095468
17479	2.68257463144331
17480	2.51807646156497
17481	2.3551121242841
17482	2.19188698522929
17483	2.02092301813457
17484	1.84045014587587
17485	1.65337908545501
17486	1.46514641113054
17487	1.28142907576294
17488	1.1030243731317
17489	0.925216517350732
17490	0.741825477911364
17491	0.556940460305019
17492	0.379311246786479
17493	0.207611681824074
17494	0.0323234574455738
17495	-0.15307114133094
17496	-0.347562159747002
17497	-0.551299723670315
17498	-0.766168160873488
17499	-0.985861593297627
17500	-1.2042398575787
17501	-1.42040323065714
17502	-1.63395627372614
17503	-1.84367975211186
17504	-2.04421620441456
17505	-2.23747831116134
17506	-2.43645834541082
17507	-2.64642964837335
17508	-2.86865694021819
17509	-3.10611540448344
17510	-3.36138503842025
17511	-3.63670602046868
17512	-3.93122704465145
17513	-4.24357189254777
17514	-4.57125577900708
17515	-4.91069184317645
17516	-5.25940433279726
17517	-5.61562574405824
17518	-5.97719708570421
17519	-6.34077337437981
17520	-6.704726369881
17521	-7.06842978407817
17522	-7.43015878719077
17523	-7.78831863747639
17524	-8.14201216238544
17525	-8.49039296327212
17526	-8.83161400426729
17527	-9.1638264851024
17528	-9.48319727043047
17529	-9.77905455890579
17530	-10.0501017334109
17531	-10.3035485997235
17532	-10.5473792224943
17533	-10.7865958540564
17534	-11.0219566485429
17535	-11.2537119601804
17536	-11.4796235510414
17537	-11.6981492135227
17538	-11.9130166483998
17539	-12.1308212164337
17540	-12.3532340227319
17541	-12.5724985131808
17542	-12.7807933700961
17543	-12.9843214279326
17544	-13.1944781468736
17545	-13.4171594335584
17546	-13.6488155440883
17547	-13.8792735844626
17548	-14.1008415855362
17549	-14.3180372074757
17550	-14.5387279476378
17551	-14.7597608392067
17552	-14.9675450738809
17553	-15.1545711990859
17554	-15.3232440706872
17555	-15.4775444608573
17556	-15.6266138297155
17557	-15.7815797721814
17558	-15.9508912945482
17559	-16.1399318452008
17560	-16.3479150259881
17561	-16.5649772443289
17562	-16.7795369182778
17563	-16.9912185253431
17564	-17.2065070354704
17565	-17.4299279355158
17566	-17.6636176434866
17567	-17.9089737695466
17568	-18.1635756069677
17569	-18.421446486659
17570	-18.6773845792171
17571	-18.9253612144442
17572	-19.157893783448
17573	-19.3669894042695
17574	-19.5446960014732
17575	-19.688460975117
17576	-19.8050319585202
17577	-19.9051465544258
17578	-19.9870805647503
17579	-20.0439514073529
17580	-20.0781961742987
17581	-20.0915100210176
17582	-20.0859810502997
17583	-20.0646613175585
17584	-20.0323845311729
17585	-19.9934951921949
17586	-19.9482019653142
17587	-19.8883817358742
17588	-19.8024518789621
17589	-19.6875923439112
17590	-19.5490875887501
17591	-19.3920374656632
17592	-19.2160825995567
17593	-19.0198464207287
17594	-18.8014194561129
17595	-18.5582529900844
17596	-18.2902242390495
17597	-17.9968670737149
17598	-17.681318567566
17599	-17.3432639882063
17600	-16.9761437859808
17601	-16.5772909100027
17602	-16.1481183943081
17603	-15.6907638065231
17604	-15.2095237134851
17605	-14.7072524385007
17606	-14.1914387100564
17607	-13.6714795636469
17608	-13.1447864779402
17609	-12.6152210438548
17610	-12.0877067931061
17611	-11.5644405623071
17612	-11.0498607317087
17613	-10.5414778628385
17614	-10.0398008275303
17615	-9.55239025223087
17616	-9.07967973478578
17617	-8.62700908655312
17618	-8.20368452391681
17619	-7.80374875037452
17620	-7.43717371894314
17621	-7.1164999349636
17622	-6.84236089045595
17623	-6.60665957104233
17624	-6.39906627501053
17625	-6.21589583178716
17626	-6.04764576037603
17627	-5.8859919726248
17628	-5.72044532423701
17629	-5.54653751748194
17630	-5.36282574103957
17631	-5.16622394930464
17632	-4.95252928757578
17633	-4.71894721866138
17634	-4.46915723330634
17635	-4.2130064201646
17636	-3.9547304107973
17637	-3.70524929056905
17638	-3.47403434692587
17639	-3.24835845395875
17640	-3.02441476079759
17641	-2.81420903032176
17642	-2.6258596812072
17643	-2.45509622523417
17644	-2.28925552674112
17645	-2.12017217649591
17646	-1.9388333200929
17647	-1.7357856294503
17648	-1.50933757750543
17649	-1.26081275732541
17650	-0.991150532135866
17651	-0.701893912653118
17652	-0.395169979981411
17653	-0.0712516368772429
17654	0.267870566344963
17655	0.618975818177677
17656	0.981062907941928
17657	1.35159756869896
17658	1.72441638422768
17659	2.09343344085281
17660	2.45581288976142
17661	2.80296192130812
17662	3.1236044010118
17663	3.41394391035251
17664	3.67461639503753
17665	3.90798409085257
17666	4.11692632451163
17667	4.32402097804999
17668	4.55486217400835
17669	4.80083534196274
17670	5.03734924006073
17671	5.25215633873616
17672	5.44765045005321
17673	5.63290111954796
17674	5.81913023330886
17675	6.01453459235403
17676	6.22478280154331
17677	6.45366930431511
17678	6.70173850460102
17679	6.96829178662185
17680	7.25184224666706
17681	7.54952237976987
17682	7.85855105496615
17683	8.17528440773251
17684	8.49642438678442
17685	8.81999521061258
17686	9.14400091840326
17687	9.46688632937507
17688	9.78807160890578
17689	10.1062161026012
17690	10.4202558139881
17691	10.7302466793563
17692	11.035975442408
17693	11.3387338513637
17694	11.6423889475323
17695	11.9508088495895
17696	12.2653984135352
17697	12.5843855802159
17698	12.901379367113
17699	13.2094220945811
17700	13.5071513489151
17701	13.7999869848042
17702	14.0944410416213
17703	14.3937872467794
17704	14.6989678607322
17705	15.0099298455205
17706	15.3256798794324
17707	15.6457242006936
17708	15.9636040967763
17709	16.2746609110845
17710	16.5828750272993
17711	16.8891045853675
17712	17.1931584931361
17713	17.4968250499576
17714	17.8010505894357
17715	18.1042460533111
17716	18.4035126937786
17717	18.6962403708712
17718	18.9798448868833
17719	19.2512844404873
17720	19.5109701034199
17721	19.7610633989426
17722	20.0007965239095
17723	20.2287237799191
17724	20.4473456967703
17725	20.6596802120135
17726	20.8666640345255
17727	21.0671680214611
17728	21.2606073017945
17729	21.4440016112687
17730	21.6176891150257
17731	21.7837651056864
17732	21.940253198929
17733	22.0843069459281
17734	22.2152893826821
17735	22.3407420190111
17736	22.4648373463543
17737	22.5905041153748
17738	22.7241896388432
17739	22.8695818592653
17740	23.0285479664145
17741	23.1991858774607
17742	23.3770394916394
17743	23.5546384815884
17744	23.7252196663095
17745	23.8874236261157
17746	24.0376556986065
17747	24.1682657455057
17748	24.2773561715264
17749	24.3650496734161
17750	24.4375257871887
17751	24.5052727962005
17752	24.5664987577645
17753	24.6082738365699
17754	24.6205864158683
17755	24.6086829618649
17756	24.5836672912942
17757	24.5496339339282
17758	24.5061461168474
17759	24.4536955071765
17760	24.3955188486297
17761	24.331998073973
17762	24.2543902611709
17763	24.1557789305606
17764	24.0351343862465
17765	23.8923970020834
17766	23.7281500017617
17767	23.5430264270907
17768	23.3363357080117
17769	23.1119934640036
17770	22.8775543551641
17771	22.6373550949805
17772	22.3924461586757
17773	22.1370149276175
17774	21.8689182564191
17775	21.5952321131939
17776	21.3190515439289
17777	21.0421547033894
17778	20.7682557016748
17779	20.492753305534
17780	20.210660173701
17781	19.9191479333031
17782	19.6135989209205
17783	19.2923549994175
17784	18.9556624362845
17785	18.6037931366059
17786	18.2375100793549
17787	17.8591923824548
17788	17.4716994946124
17789	17.0790339458405
17790	16.6843037480627
17791	16.2899859317147
17792	15.8986489849362
17793	15.5120333245702
17794	15.1312444421652
17795	14.7569175117236
17796	14.3905029969459
17797	14.0349351394738
17798	13.6926520088037
17799	13.3671124255856
17800	13.0634941026836
17801	12.7834978645618
17802	12.5313145150281
17803	12.3079422666434
17804	12.1061874202184
17805	11.914759601384
17806	11.7239503399428
17807	11.534985153712
17808	11.3547463169926
17809	11.1855610998096
17810	11.0206646057023
17811	10.853589190854
17812	10.6817413804228
17813	10.5077534019873
17814	10.3360481179319
17815	10.1679392556211
17816	10.0034305484743
17817	9.84021999864184
17818	9.67551770875187
17819	9.51083004805692
17820	9.35110850398364
17821	9.19278769269941
17822	9.0290525581153
17823	8.8585904287816
17824	8.68119160728931
17825	8.50126860807843
17826	8.32425175197511
17827	8.14681369862223
17828	7.96340334976189
17829	7.77168289462231
17830	7.57311246903473
17831	7.37129498744736
17832	7.16978947814619
17833	6.96849148512133
17834	6.76202014923582
17835	6.54655807673255
17836	6.3239256546973
17837	6.10108569183526
17838	5.88377293699501
17839	5.67192920370275
17840	5.46160106147406
17841	5.24856613623923
17842	5.03440241701879
17843	4.8233678847427
17844	4.61502262565921
17845	4.40352154786035
17846	4.1819303947643
17847	3.94680549687451
17848	3.69922628095032
17849	3.44475060253265
17850	3.19023391228645
17851	2.9347811216933
17852	2.67368815816908
17853	2.40477068758048
17854	2.1297601975358
17855	1.85693538990653
17856	1.59276207841574
17857	1.33496339088793
17858	1.07630089357197
17859	0.816597725578652
17860	0.562212266737228
17861	0.318514248076078
17862	0.0867101466467466
17863	-0.138284230369712
17864	-0.357624055833001
17865	-0.567028691313833
17866	-0.765995623690481
17867	-0.95776259324347
17868	-1.14789702711052
17869	-1.34233891038192
17870	-1.54451297942604
17871	-1.75572673374468
17872	-1.97375619478367
17873	-2.19404081978728
17874	-2.41323032488297
17875	-2.63180083081035
17876	-2.85170311546749
17877	-3.07192442917217
17878	-3.28937005673468
17879	-3.50172552133359
17880	-3.70716784381966
17881	-3.90224443068251
17882	-4.08612043273048
17883	-4.26450397407656
17884	-4.44483673293914
17885	-4.63390672082389
17886	-4.83355139932357
17887	-5.04457824592373
17888	-5.26723538853459
17889	-5.4964883819233
17890	-5.72751429250139
17891	-5.95247494486746
17892	-6.16256779356433
17893	-6.36032868723254
17894	-6.55124514406806
17895	-6.73401726145729
17896	-6.90752663743583
17897	-7.07219439287425
17898	-7.22895379548614
17899	-7.38086826680981
17900	-7.52850753995303
17901	-7.66990685283854
17902	-7.80580352642978
17903	-7.93418665262986
17904	-8.04978453614882
17905	-8.14851963552475
17906	-8.22856161250075
17907	-8.29040704594062
17908	-8.33422473982442
17909	-8.36070305300863
17910	-8.37164561205716
17911	-8.3684230969795
17912	-8.35239220275656
17913	-8.32586965264477
17914	-8.29044454961303
17915	-8.24764095195674
17916	-8.19926595132981
17917	-8.14687142810954
17918	-8.09101465151344
17919	-8.03204348331166
17920	-7.97060715078459
17921	-7.90810220619284
17922	-7.84672551208555
17923	-7.78613847634364
17924	-7.72671726711143
17925	-7.66754339805729
17926	-7.60356298456867
17927	-7.53023477419534
17928	-7.45041353563584
17929	-7.37643152430685
17930	-7.32208911401773
17931	-7.29437911182178
17932	-7.29825515939627
17933	-7.33837233344042
17934	-7.41804037057384
17935	-7.53955426004223
17936	-7.70137259940258
17937	-7.90094480509256
17938	-8.13383859230233
17939	-8.39489830363416
17940	-8.68199983904313
17941	-8.99079256552915
17942	-9.31502528151574
17943	-9.65102119237352
17944	-9.9952698290622
17945	-10.3443773128062
17946	-10.6951223848683
17947	-11.043556023687
17948	-11.387982033187
17949	-11.7265824472068
17950	-12.0579777639023
17951	-12.3817057509371
17952	-12.69638825121
17953	-13.0012452756651
17954	-13.2961543894942
17955	-13.581230913163
17956	-13.8562322414684
17957	-14.1206660493992
17958	-14.3740528082055
17959	-14.6179148232527
17960	-14.8542153397659
17961	-15.0833597516161
17962	-15.3038207272564
17963	-15.5129950670262
17964	-15.7095213042375
17965	-15.8940249615205
17966	-16.0675210256582
17967	-16.2301238869954
17968	-16.3799630056693
17969	-16.5148855197428
17970	-16.6299147596657
17971	-16.7213677789759
17972	-16.7930810347705
17973	-16.8527642099543
17974	-16.9066849476798
17975	-16.9578273753525
17976	-17.0077444828191
17977	-17.0571936691917
17978	-17.1064898383196
17979	-17.1559139422951
17980	-17.2059247680162
17981	-17.2561236334425
17982	-17.3065814342466
17983	-17.3577284277263
17984	-17.4097782296143
17985	-17.4610848063633
17986	-17.5095671024529
17987	-17.5553730392209
17988	-17.5982794012148
17989	-17.6380722065029
17990	-17.6738485402259
17991	-17.7029910692275
17992	-17.7214370832992
17993	-17.7248789555563
17994	-17.7104104784833
17995	-17.6775158159624
17996	-17.6266607217622
17997	-17.5567513592067
17998	-17.4678982267455
17999	-17.3599413590494
18000	-17.2336750378706
18001	-17.0910170428726
18002	-16.9331327316479
18003	-16.7610543840364
18004	-16.5755844476794
18005	-16.3763738778971
18006	-16.1639702096633
18007	-15.9387764366887
18008	-15.7006245656221
18009	-15.4492816445847
18010	-15.184300501378
18011	-14.9056759613243
18012	-14.6130723178409
18013	-14.3077414727413
18014	-13.9911765978026
18015	-13.6644079889353
18016	-13.3290428372139
18017	-12.9874974651577
18018	-12.6419106070386
18019	-12.2938312464436
18020	-11.9459964038586
18021	-11.6006148101307
18022	-11.2585434970321
18023	-10.9200106853843
18024	-10.5865382413757
18025	-10.2590636968062
18026	-9.9384585525908
18027	-9.62639888680446
18028	-9.32167869269396
18029	-9.02227119110865
18030	-8.72698904252428
18031	-8.4359547547713
18032	-8.15021902799637
18033	-7.86965425957153
18034	-7.59325535027155
18035	-7.32078838296404
18036	-7.05706030948436
18037	-6.80572737152957
18038	-6.57483545024122
18039	-6.37457852634946
18040	-6.20361007104952
18041	-6.06194455161879
18042	-5.95754081631825
18043	-5.8968301414235
18044	-5.88219602250963
18045	-5.91528350484463
18046	-5.99150938025429
18047	-6.09676705917278
18048	-6.22484735739477
18049	-6.37064577742817
18050	-6.52299226487011
18051	-6.67474010991202
18052	-6.82364486381437
18053	-6.971067120798
18054	-7.11550067105826
18055	-7.25389829688814
18056	-7.38630644097911
18057	-7.5157452105895
18058	-7.63981360577782
18059	-7.75243834879842
18060	-7.85098554230352
18061	-7.93622233033039
18062	-8.01256469870301
18063	-8.08294477519771
18064	-8.14819431902368
18065	-8.20825913071345
18066	-8.25744304762194
18067	-8.28894971342568
18068	-8.30355027292161
18069	-8.30521148834197
18070	-8.2923672078341
18071	-8.26332328484892
18072	-8.22496626079357
18073	-8.18370440104814
18074	-8.14222498759882
18075	-8.10247707069722
18076	-8.06090703384156
18077	-8.01240196796334
18078	-7.9533228964561
18079	-7.88329531605961
18080	-7.80396521457749
18081	-7.7152359269818
18082	-7.61567878121648
18083	-7.51141205562961
18084	-7.41342363884714
18085	-7.32535575248017
18086	-7.24716901167401
18087	-7.17450821318849
18088	-7.10107050677694
18089	-7.02336387375212
18090	-6.94029153926616
18091	-6.85403607709903
18092	-6.76725448710785
18093	-6.67850525993999
18094	-6.58230060401303
18095	-6.47363308299514
18096	-6.35042394851937
18097	-6.21309552533703
18098	-6.06443881796246
18099	-5.90586044294885
18100	-5.73653807106981
18101	-5.56113473072702
18102	-5.38596846879035
18103	-5.21444272771745
18104	-5.0536502597373
18105	-4.90915982650688
18106	-4.7842051430963
18107	-4.68286973100187
18108	-4.60682705832895
18109	-4.55499283846216
18110	-4.52462708641278
18111	-4.51396376948286
18112	-4.52171330738977
18113	-4.54578318794622
18114	-4.58382517151688
18115	-4.63324810703578
18116	-4.6902071646797
18117	-4.75021509732232
18118	-4.80624279505296
18119	-4.84758072711952
18120	-4.86402976261713
18121	-4.84580443193278
18122	-4.7804733608288
18123	-4.6585850264909
18124	-4.47567318917954
18125	-4.23236561137636
18126	-3.9364829273351
18127	-3.59854433479337
18128	-3.23369170568762
18129	-2.86269014406874
18130	-2.48560091070598
18131	-2.10422786674625
18132	-1.73766760293016
18133	-1.39256141330898
18134	-1.07319147281911
18135	-0.77665654701943
18136	-0.499757379448707
18137	-0.245613707826993
18138	-0.00756350838264248
18139	0.224172627526366
18140	0.456767480354087
18141	0.694700052504443
18142	0.940152932478977
18143	1.19376170192134
18144	1.45585887542825
18145	1.72445567363231
18146	1.99711314611112
18147	2.27326717400245
18148	2.55568437429038
18149	2.84899664958845
18150	3.15418048284481
18151	3.46830602327745
18152	3.77986147754724
18153	4.08925853671575
18154	4.39618118485397
18155	4.69840126996197
18156	5.00039943155011
18157	5.28343663309319
18158	5.53387269669586
18159	5.77170705466672
18160	6.00820653051925
18161	6.23675163420625
18162	6.44321723346678
18163	6.60996457011728
18164	6.74407598831994
18165	6.86897449736802
18166	6.99503050642847
18167	7.12019694981241
18168	7.23176236307058
18169	7.31829579408557
18170	7.39505297138461
18171	7.47859861168777
18172	7.56485299674927
18173	7.64510709127945
18174	7.70604371664164
18175	7.7424307630493
18176	7.77311457300323
18177	7.81460924186927
18178	7.86500280722535
18179	7.91823015360766
18180	7.96219229035493
18181	7.98679312048211
18182	8.00466814417575
18183	8.03129202164571
18184	8.06529539276824
18185	8.09937439033674
18186	8.12275190544429
18187	8.12918824928634
18188	8.13118054279864
18189	8.14268766240228
18190	8.16243441599128
18191	8.18155087176133
18192	8.18818027221962
18193	8.18004419611225
18194	8.1715988684333
18195	8.17419573068388
18196	8.18559019024174
18197	8.19867620156846
18198	8.20162007244069
18199	8.18715434761071
18200	8.16740310865022
18201	8.1573424739239
18202	8.15574802069252
18203	8.15522881903819
18204	8.14667320457005
18205	8.12520953608074
18206	8.10198590616814
18207	8.08985204152087
18208	8.08727938145085
18209	8.08796990933794
18210	8.08484783746555
18211	8.06823169499151
18212	8.03817018878704
18213	8.00773203212837
18214	7.98515769347399
18215	7.96697545192549
18216	7.9419344942059
18217	7.90239684829035
18218	7.85903734032986
18219	7.82390085238784
18220	7.79541305839564
18221	7.76456478059796
18222	7.7173079152528
18223	7.6461059419326
18224	7.56400357914979
18225	7.48858468749126
18226	7.42389930760653
18227	7.36354191445906
18228	7.30150861270054
18229	7.23999260138231
18230	7.18513552195908
18231	7.13938397680835
18232	7.09557742656131
18233	7.04068188674419
18234	6.9624884339812
18235	6.85631381797978
18236	6.73412358323197
18237	6.61332475077462
18238	6.49922084125624
18239	6.38843226270903
18240	6.27898146552033
18241	6.17338002557921
18242	6.06971916747292
18243	5.96504743886431
18244	5.86299762313069
18245	5.76627550389285
18246	5.67419548699971
18247	5.58395417432401
18248	5.49415762185402
18249	5.40502291252787
18250	5.31647671317347
18251	5.22815929419787
18252	5.13908806061732
18253	5.04968214770589
18254	4.95953304927731
18255	4.86833826675654
18256	4.77680901992338
18257	4.68435084017393
18258	4.59099112974724
18259	4.49657047741888
18260	4.40087736520864
18261	4.3046724735822
18262	4.2078984627181
18263	4.11072962782722
18264	4.013098623537
18265	3.91437698947933
18266	3.81394334630147
18267	3.71123312490533
18268	3.60703639589693
18269	3.50218785225582
18270	3.39663509172137
18271	3.2880284277527
18272	3.17495078932235
18273	3.05672076629879
18274	2.92966380650768
18275	2.79463771190187
18276	2.65242957585361
18277	2.49922514543469
18278	2.33079125788075
18279	2.1410316197099
18280	1.92585020136019
18281	1.6844910360173
18282	1.41779787724539
18283	1.12911253504301
18284	0.822205550401551
18285	0.500093192526078
18286	0.167812470165502
18287	-0.168981809226486
18288	-0.506994450020347
18289	-0.8436681347979
18290	-1.17622798356898
18291	-1.5021627627221
18292	-1.8199945735845
18293	-2.12918797719981
18294	-2.4298092808735
18295	-2.72170366933406
18296	-3.00476506981495
18297	-3.27947505917807
18298	-3.5462557890231
18299	-3.80514995645669
18300	-4.05668796821952
18301	-4.30221897338992
18302	-4.54310334579484
18303	-4.78036208192769
18304	-5.01460312816612
18305	-5.2452434178586
18306	-5.47190644152637
18307	-5.69463786012412
18308	-5.91338600816858
18309	-6.12853530311291
18310	-6.34045302104558
18311	-6.54938325299655
18312	-6.75583244520072
18313	-6.96105542887395
18314	-7.16545277301362
18315	-7.36801653542559
18316	-7.56860374814314
18317	-7.76782322892075
18318	-7.96600922141296
18319	-8.16336519624497
18320	-8.35978302005551
18321	-8.55438475389465
18322	-8.74747736109587
18323	-8.94044860638481
18324	-9.13252040969081
18325	-9.32242789227363
18326	-9.51109676454228
18327	-9.69848262351877
18328	-9.88357037761292
18329	-10.0666787664173
18330	-10.2482221183583
18331	-10.4281130723863
18332	-10.6053247576974
18333	-10.7756590717994
18334	-10.9333132836162
18335	-11.0666613907425
18336	-11.1709212769094
18337	-11.2592060292086
18338	-11.3450410192581
18339	-11.437643922952
18340	-11.5446883575037
18341	-11.6706556360097
18342	-11.8177258955361
18343	-11.9856245977314
18344	-12.172280029232
18345	-12.3752691216349
18346	-12.592380402383
18347	-12.8200571724449
18348	-13.0551966616157
18349	-13.2951071480576
18350	-13.5376165330866
18351	-13.7817756101946
18352	-14.0254795994624
18353	-14.2676172605927
18354	-14.5075476924285
18355	-14.7434147283249
18356	-14.9749510544449
18357	-15.2025828277706
18358	-15.4263035941712
18359	-15.6450318688673
18360	-15.8574787941277
18361	-16.0636316823126
18362	-16.2637812056039
18363	-16.4586984761299
18364	-16.6484016390933
18365	-16.8327659832973
18366	-17.0122398452819
18367	-17.1864344139592
18368	-17.3548028396479
18369	-17.5181637168444
18370	-17.677863446977
18371	-17.8343067728999
18372	-17.9873728622032
18373	-18.1377581856914
18374	-18.286086275107
18375	-18.4323746041761
18376	-18.5765103379033
18377	-18.718205642359
18378	-18.8580658196986
18379	-18.9963543650461
18380	-19.130246628134
18381	-19.255931663665
18382	-19.3631612987973
18383	-19.4408486838406
18384	-19.4855972758928
18385	-19.5021448684489
18386	-19.497001206112
18387	-19.4736286531441
18388	-19.4366930147982
18389	-19.3900211527114
18390	-19.3352130452476
18391	-19.273392346082
18392	-19.2046379615504
18393	-19.1302136884879
18394	-19.0515101757683
18395	-18.9676998004654
18396	-18.8785307738622
18397	-18.7843296272882
18398	-18.6849222390472
18399	-18.5798060526417
18400	-18.4680666242446
18401	-18.3497039950373
18402	-18.2258484102262
18403	-18.0970342672259
18404	-17.9621255691931
18405	-17.8202822647016
18406	-17.6716093940063
18407	-17.516404730229
18408	-17.354504330418
18409	-17.1843397650317
18410	-17.0055484258171
18411	-16.8183130329069
18412	-16.6227760726578
18413	-16.4193898037232
18414	-16.2070872695923
18415	-15.9851176213595
18416	-15.7543743751907
18417	-15.5167542061207
18418	-15.2747516629611
18419	-15.0302847234182
18420	-14.7839842643868
18421	-14.5357781652352
18422	-14.2867557356706
18423	-14.038319694862
18424	-13.7893081177828
18425	-13.5369360749467
18426	-13.2787592489099
18427	-13.013244022347
18428	-12.7409685825804
18429	-12.4623961660577
18430	-12.1711358440786
18431	-11.8654248092393
18432	-11.5532572757934
18433	-11.2429109487673
18434	-10.9394597962185
18435	-10.6430044581197
18436	-10.3510894121815
18437	-10.0612904911805
18438	-9.77019018582536
18439	-9.48472634920624
18440	-9.21212524233122
18441	-8.94332773009008
18442	-8.6727788463184
18443	-8.40789473559205
18444	-8.15827296333824
18445	-7.92693401671676
18446	-7.69934091653774
18447	-7.46585105390647
18448	-7.22243042059447
18449	-6.961737286354
18450	-6.68063496010984
18451	-6.37616812711123
18452	-6.04909873398784
18453	-5.70458597525011
18454	-5.34940021364412
18455	-4.98581154150846
18456	-4.61692631797437
18457	-4.24601913253459
18458	-3.8730448870372
18459	-3.49779728240725
18460	-3.12348555532413
18461	-2.75359771038777
18462	-2.39404225939542
18463	-2.05138468025878
18464	-1.73222291531465
18465	-1.43965985849936
18466	-1.16721549844293
18467	-0.905860672055982
18468	-0.648499113126708
18469	-0.39373910364801
18470	-0.140318889695055
18471	0.11271121938581
18472	0.364273211161562
18473	0.609902880191741
18474	0.846753247596875
18475	1.07239841083108
18476	1.28428711859787
18477	1.48670547981356
18478	1.67863860065912
18479	1.85837666317956
18480	2.03173460788339
18481	2.20317676759148
18482	2.37800583959151
18483	2.56007779452974
18484	2.75259184602827
18485	2.95886555305376
18486	3.17917960782055
18487	3.41357642251378
18488	3.6618769383578
18489	3.92367959473035
18490	4.19723948421421
18491	4.48127874317109
18492	4.77364675199077
18493	5.07092151001685
18494	5.37242869837615
18495	5.67758682395266
18496	5.98444517868115
18497	6.29293004528991
18498	6.60263442482238
18499	6.9119506054425
18500	7.21943210508333
18501	7.51962219771714
18502	7.80684635422373
18503	8.06799546233356
18504	8.29223739922329
18505	8.47325186248338
18506	8.61042939807602
18507	8.71935709913568
18508	8.81504929362026
18509	8.90871694994913
18510	9.0112272730297
18511	9.12968153789837
18512	9.26793710127823
18513	9.42754691803506
18514	9.60790953600396
18515	9.80745041042499
18516	10.0231414390438
18517	10.2520335374607
18518	10.4907706490132
18519	10.73539810236
18520	10.9831962411945
18521	11.231884627457
18522	11.4796813891479
18523	11.7251680259616
18524	11.9678804176295
18525	12.2067298640994
18526	12.4411461694121
18527	12.6716084412496
18528	12.897991271868
18529	13.1197737090429
18530	13.3371441509187
18531	13.5507702906295
18532	13.7606832929479
18533	13.970188941407
18534	14.1831379948106
18535	14.3993597870695
18536	14.6171478896178
18537	14.8290832856824
18538	15.0249224171276
18539	15.200367224517
18540	15.3612600317061
18541	15.5122025617124
18542	15.6392136469057
18543	15.7353380647877
18544	15.8084616344582
18545	15.8749284426909
18546	15.9488104578805
18547	16.023970070459
18548	16.0873311210212
18549	16.1292477163175
18550	16.1432738868619
18551	16.1248466948941
18552	16.0706295454173
18553	15.9786218648208
18554	15.8482305280177
18555	15.6803346795406
18556	15.4762421991205
18557	15.237185922483
18558	14.9638684004444
18559	14.6573755976154
18560	14.3191907048864
18561	13.9508860636723
18562	13.5539990623014
18563	13.1293397038941
18564	12.6837646366181
18565	12.2303676773027
18566	11.7818849741688
18567	11.3469979009765
18568	10.9298415716161
18569	10.5328287331849
18570	10.152850237582
18571	9.78452199980293
18572	9.42528437924835
18573	9.0804294179061
18574	8.76234945714968
18575	8.47354730480418
18576	8.2113654364295
18577	7.97462975916947
18578	7.76070254989219
18579	7.56416937775611
18580	7.37905312108922
18581	7.20267123138533
18582	7.03479626400085
18583	6.87612745895816
18584	6.72706089685721
18585	6.58935600433857
18586	6.46445973646069
18587	6.35080168612194
18588	6.24737640473978
18589	6.15386255471353
18590	6.07008195609599
18591	5.99601764006934
18592	5.93027796143471
18593	5.86846587954014
18594	5.80576462594739
18595	5.74130764953567
18596	5.67836692321663
18597	5.62162511957583
18598	5.56883401570898
18599	5.51047041321504
18600	5.44066928894395
18601	5.35621324326019
18602	5.25452869571363
18603	5.13602974096647
18604	5.00229894831001
18605	4.85952651543967
18606	4.71641492498636
18607	4.58115016519586
18608	4.4610751614269
18609	4.35880665113718
18610	4.27313343430547
18611	4.20175952023066
18612	4.14422863566832
18613	4.09980357136288
18614	4.06683053115927
18615	4.04362649917909
18616	4.02621877859679
18617	4.01057880682858
18618	3.99323617865845
18619	3.97127795493325
18620	3.94294899359849
18621	3.9082720976538
18622	3.86645896340133
18623	3.81590024312443
18624	3.75608590792517
18625	3.68707687722322
18626	3.61046061803053
18627	3.52883477068302
18628	3.44385723957148
18629	3.35604537762431
18630	3.26476323336889
18631	3.1682517832046
18632	3.06677187103125
18633	2.96259420138797
18634	2.85796888618141
18635	2.75423024073154
18636	2.65160613598827
18637	2.5565900410467
18638	2.47517906300359
18639	2.41056121632799
18640	2.36607420533014
18641	2.33893164602681
18642	2.32221830156504
18643	2.30878625474063
18644	2.2932771001049
18645	2.27168629471902
18646	2.2409260835848
18647	2.20028075129671
18648	2.14985735342605
18649	2.09033564798753
18650	2.02306055448386
18651	1.94913584868914
18652	1.8689024054857
18653	1.78280165768776
18654	1.69185478866917
18655	1.59696636095637
18656	1.49868134454088
18657	1.39765947291174
18658	1.29489745981611
18659	1.19143689466509
18660	1.08785324520012
18661	0.983986643873562
18662	0.880356284333047
18663	0.776975555077558
18664	0.674675484024119
18665	0.574204738275131
18666	0.475220584156778
18667	0.376799413879047
18668	0.278600087816376
18669	0.181000326280223
18670	0.0846268085344338
18671	-0.0106200370408318
18672	-0.105435051155072
18673	-0.200011112931347
18674	-0.295161256469854
18675	-0.390853498179777
18676	-0.486581765760037
18677	-0.582547243546571
18678	-0.67899557984847
18679	-0.775661794177518
18680	-0.872242149228462
18681	-0.968557094446324
18682	-1.06437001642243
18683	-1.16008557683754
18684	-1.25612200437876
18685	-1.35261581277835
18686	-1.4504586170996
18687	-1.54953383948255
18688	-1.64952608090947
18689	-1.7506380075156
18690	-1.85234859422189
18691	-1.95511021563886
18692	-2.05954898612002
18693	-2.16570549937054
18694	-2.27313615026898
18695	-2.38110475630939
18696	-2.48935447454592
18697	-2.59815950837395
18698	-2.70840252026577
18699	-2.82164400295491
18700	-2.93523175498363
18701	-3.04107762607756
18702	-3.12758233189311
18703	-3.18259567897096
18704	-3.19665427616737
18705	-3.16327888010529
18706	-3.07822127847187
18707	-2.93972805456117
18708	-2.74952169990928
18709	-2.50942169608108
18710	-2.22149934393128
18711	-1.88776675200351
18712	-1.51022969014168
18713	-1.09323471308371
18714	-0.641254236125737
18715	-0.158986543413936
18716	0.346941003703206
18717	0.869657263987583
18718	1.4024945357639
18719	1.93902211815
18720	2.47345192983019
18721	3.00055788117925
18722	3.51614901626202
18723	4.01679593431495
18724	4.49966034327147
18725	4.96257609107123
18726	5.4034828390173
18727	5.82045974648695
18728	6.21287209729181
18729	6.58081196485344
18730	6.92482052210865
18731	7.24556496987641
18732	7.54425234645838
18733	7.82316673832003
18734	8.08387016533276
18735	8.32869476892611
18736	8.56360274357439
18737	8.79344618502336
18738	9.01754490837019
18739	9.23328148680984
18740	9.43529789432372
18741	9.60648476831498
18742	9.73454610198932
18743	9.8201525273936
18744	9.86897178377315
18745	9.88944530403968
18746	9.88780512942325
18747	9.86809607887994
18748	9.82990048240339
18749	9.77232362633542
18750	9.69188503397829
18751	9.58453813846914
18752	9.45275997536543
18753	9.29870995738882
18754	9.12136156084921
18755	8.92118390635916
18756	8.69969723130517
18757	8.45716057049966
18758	8.19292502221244
18759	7.905574999901
18760	7.59498567723776
18761	7.26299728509579
18762	6.91034064837473
18763	6.53703997038909
18764	6.14360021894435
18765	5.73197361780794
18766	5.30663452723845
18767	4.87061540026352
18768	4.42625971771902
18769	3.975947530247
18770	3.52310493284686
18771	3.07425890826611
18772	2.63616201042078
18773	2.21501234606984
18774	1.81857329459433
18775	1.45645576905306
18776	1.13457631402217
18777	0.848564207770052
18778	0.5928829992066
18779	0.361166850646225
18780	0.143841071352732
18781	-0.0659270728362748
18782	-0.269721080720963
18783	-0.460301925377581
18784	-0.630763871108012
18785	-0.784658655028857
18786	-0.929641638222723
18787	-1.07570391006185
18788	-1.22979414542215
18789	-1.38453768401189
18790	-1.52681229402728
18791	-1.65152202622656
18792	-1.76340300321801
18793	-1.87167890777272
18794	-1.97939565054137
18795	-2.07969793805232
18796	-2.16766732496093
18797	-2.24824349929375
18798	-2.32867491250045
18799	-2.41413376881554
18800	-2.50432940975361
18801	-2.59367773549954
18802	-2.67777100118673
18803	-2.75609836300902
18804	-2.83482329073974
18805	-2.91962947378205
18806	-3.0052240569327
18807	-3.08156716864931
18808	-3.14493536520441
18809	-3.19813878459885
18810	-3.24637470695789
18811	-3.29401551043228
18812	-3.3364272270821
18813	-3.36948448258284
18814	-3.3954189780962
18815	-3.41994329038324
18816	-3.44897951054037
18817	-3.4776167697425
18818	-3.49887214100065
18819	-3.51046737382139
18820	-3.51652895398176
18821	-3.52138025686771
18822	-3.51937183458979
18823	-3.50777257877402
18824	-3.48870474908441
18825	-3.46819229052393
18826	-3.45064280318276
18827	-3.43245856889214
18828	-3.4094522951884
18829	-3.3801111189897
18830	-3.34330599547714
18831	-3.30226342171018
18832	-3.25960588519383
18833	-3.2118846984608
18834	-3.15879908052715
18835	-3.10211940613451
18836	-3.04987190459266
18837	-3.00995411366067
18838	-2.97542321173699
18839	-2.93697380406804
18840	-2.89284567598384
18841	-2.84829894920072
18842	-2.81376013214398
18843	-2.79342932855368
18844	-2.77494389144678
18845	-2.74807508463814
18846	-2.71392940175154
18847	-2.68079995465609
18848	-2.65673956588608
18849	-2.63535435032123
18850	-2.60597672880054
18851	-2.56683637794599
18852	-2.52800702047684
18853	-2.50367928989327
18854	-2.4967793851462
18855	-2.49177242144282
18856	-2.47221867206019
18857	-2.44005121811685
18858	-2.40835298186255
18859	-2.39043992441519
18860	-2.39010138948664
18861	-2.39207210184609
18862	-2.3791060147353
18863	-2.35254878959681
18864	-2.32764360028073
18865	-2.31832553642487
18866	-2.32110888258061
18867	-2.31866325793695
18868	-2.29881875566663
18869	-2.26700344776352
18870	-2.24046403377475
18871	-2.22874029002037
18872	-2.21957496238419
18873	-2.19541186249995
18874	-2.15623643054834
18875	-2.11829058556249
18876	-2.09772480793655
18877	-2.09139510935156
18878	-2.07948106326719
18879	-2.04824018134596
18880	-2.00434869250441
18881	-1.96564428903094
18882	-1.94532156744874
18883	-1.94153509860165
18884	-1.93696288516735
18885	-1.91654438198609
18886	-1.88138369482
18887	-1.84278045104462
18888	-1.81092164525663
18889	-1.78615742132829
18890	-1.758619390499
18891	-1.71834580837964
18892	-1.66548428025133
18893	-1.60439031394112
18894	-1.53478527855563
18895	-1.45784372330499
18896	-1.37699926223104
18897	-1.29660723059771
18898	-1.22269642385528
18899	-1.16060459342522
18900	-1.11652093290983
18901	-1.09581740826852
18902	-1.10205123850935
18903	-1.13936917243049
18904	-1.20929117785871
18905	-1.30763712356833
18906	-1.42733846901006
18907	-1.56073831926137
18908	-1.70030084689434
18909	-1.83802388451111
18910	-1.96627082153929
18911	-2.07537418639869
18912	-2.16169814866292
18913	-2.22821994032553
18914	-2.27679179460178
18915	-2.30916215330161
18916	-2.32335822256966
18917	-2.31239594654489
18918	-2.2671715307182
18919	-2.17774603939203
18920	-2.03780138703291
18921	-1.85391856385027
18922	-1.6400321359666
18923	-1.41287864144338
18924	-1.18250702638334
18925	-0.943626191943449
18926	-0.686012244085563
18927	-0.394356418455381
18928	-0.0557177032384493
18929	0.32388147955419
18930	0.724610087988545
18931	1.12163840536219
18932	1.50890894674241
18933	1.88801267164238
18934	2.24689744799047
18935	2.58398490645853
18936	2.89888383291871
18937	3.18984429612494
18938	3.46044060369338
18939	3.7129265191173
18940	3.9499976642337
18941	4.17415957166098
18942	4.38543126876727
18943	4.58250753116017
18944	4.76658351954945
18945	4.9393399092755
18946	5.10144153923612
18947	5.25436523683173
18948	5.39948771241202
18949	5.53758365161
18950	5.66819707548798
18951	5.79171383628175
18952	5.90847220293571
18953	6.01763045127354
18954	6.11952108142983
18955	6.21076469442418
18956	6.28557673909046
18957	6.33793726624166
18958	6.36750921961803
18959	6.37940037456629
18960	6.38096914668517
18961	6.38313252394766
18962	6.39516250198432
18963	6.42285160423202
18964	6.47131862464703
18965	6.54431224202937
18966	6.64205622653195
18967	6.76397862901682
18968	6.90866266087029
18969	7.07238554522147
18970	7.25174781158855
18971	7.44343161159617
18972	7.64401217152477
18973	7.85148313003461
18974	8.06340871720529
18975	8.27713180742223
18976	8.48971940362389
18977	8.69969271884058
18978	8.90605109162708
18979	9.10734530817846
18980	9.30301122999435
18981	9.49257851243397
18982	9.67578328731261
18983	9.85328245774944
18984	10.0261504072768
18985	10.1943596788109
18986	10.3582870671018
18987	10.5183221169892
18988	10.6737168327268
18989	10.824696738758
18990	10.9714114053139
18991	11.1132126865257
18992	11.2502852959366
18993	11.3836329776456
18994	11.5134775646327
18995	11.6398531525331
18996	11.7637880641423
18997	11.8856404349002
18998	12.0053278120178
18999	12.1228355495396
19000	12.2380068494508
19001	12.3508780582103
19002	12.4609209235736
19003	12.5682206414774
19004	12.6734563509879
19005	12.7769082694306
19006	12.8791353770648
19007	12.9806856282563
19008	13.0810134861166
19009	13.1802679386066
19010	13.2783177198659
19011	13.3734945266688
19012	13.4654427032776
19013	13.55474354047
19014	13.6423437167329
19015	13.7283398883466
19016	13.8120735400601
19017	13.8939203398295
19018	13.9730955626988
19019	14.0492485700688
19020	14.1246936809637
19021	14.2031170740886
19022	14.2894077458571
19023	14.3853456774704
19024	14.4805864834617
19025	14.5642652989026
19026	14.6385241961822
19027	14.7123653654977
19028	14.7907260350442
19029	14.8753115524637
19030	14.966999389854
19031	15.0654073200092
19032	15.1699745695992
19033	15.2792459624944
19034	15.391884467276
19035	15.5077037872498
19036	15.6252044280515
19037	15.7432187503031
19038	15.8615500730885
19039	15.9788962337915
19040	16.0946603879499
19041	16.2082096777377
19042	16.317764764312
19043	16.4224011233704
19044	16.5223428699392
19045	16.6180635830382
19046	16.7095539936197
19047	16.796317697483
19048	16.8782076784993
19049	16.9551101792221
19050	17.0265421377983
19051	17.0921956884971
19052	17.1531632137815
19053	17.2100136094151
19054	17.262355807378
19055	17.3098888830243
19056	17.3526840512645
19057	17.3907242883527
19058	17.423127925453
19059	17.4493547001326
19060	17.4709659032063
19061	17.488712637575
19062	17.5023304942029
19063	17.5123665561665
19064	17.51869076505
19065	17.5209501507755
19066	17.5187379561427
19067	17.5120693569074
19068	17.50107969681
19069	17.4856472860899
19070	17.4650056914387
19071	17.4385479555035
19072	17.4072863290956
19073	17.3713576103591
19074	17.3285337738214
19075	17.2770968849855
19076	17.2111027526542
19077	17.1253862187975
19078	17.0189163053563
19079	16.8876676043259
19080	16.7240597377549
19081	16.5238864186913
19082	16.2858371688
19083	16.0079384232405
19084	15.6898995679083
19085	15.332740116899
19086	14.9385515269798
19087	14.5109427788574
19088	14.0539858701009
19089	13.5735345236117
19090	13.0748676825978
19091	12.5627540113881
19092	12.0431138703095
19093	11.5214581039573
19094	11.0041203456531
19095	10.4971375732012
19096	10.0049345485315
19097	9.52917881571756
19098	9.07124031773008
19099	8.63304194679853
19100	8.21449080551563
19101	7.8147375977332
19102	7.43322549933671
19103	7.06795344806179
19104	6.71737751575681
19105	6.38057459637506
19106	6.05612824454701
19107	5.74377997819323
19108	5.44166960570488
19109	5.14778143961852
19110	4.86192053843244
19111	4.58327804659466
19112	4.31024316274043
19113	4.04130178281075
19114	3.77592053581599
19115	3.51396696285725
19116	3.25570372552263
19117	3.00103724674104
19118	2.74934622903168
19119	2.50015642000806
19120	2.25231493922096
19121	2.00538128938114
19122	1.75966050466617
19123	1.51516555337919
19124	1.27215191330518
19125	1.03107881446431
19126	0.791455074566986
19127	0.553105216380066
19128	0.318602429106812
19129	0.0919406339449282
19130	-0.120446313549782
19131	-0.315203551472451
19132	-0.486713020770502
19133	-0.630503146910843
19134	-0.749674991986933
19135	-0.849788783203972
19136	-0.936573928360366
19137	-1.01548845061263
19138	-1.0908219240933
19139	-1.16229143894955
19140	-1.23012766872818
19141	-1.29498999592925
19142	-1.35566810356843
19143	-1.4127325686995
19144	-1.46814320772468
19145	-1.52322427659391
19146	-1.57764963794229
19147	-1.62905461384357
19148	-1.67694092675409
19149	-1.72482036760951
19150	-1.77567816708723
19151	-1.82816673518763
19152	-1.87819114268829
19153	-1.92418826651755
19154	-1.96805246220545
19155	-2.01193623876601
19156	-2.05668568209194
19157	-2.10119749374546
19158	-2.14280614634763
19159	-2.18054333760624
19160	-2.21706474392988
19161	-2.25665521483491
19162	-2.29962865130312
19163	-2.34063519531911
19164	-2.37768183385783
19165	-2.41428607608811
19166	-2.45422526037802
19167	-2.49755239156937
19168	-2.54031879307014
19169	-2.57985351531913
19170	-2.61596665213021
19171	-2.65009050748459
19172	-2.68461549030911
19173	-2.72070128652951
19174	-2.7562117976397
19175	-2.79077830148885
19176	-2.82671698330814
19177	-2.86423932493611
19178	-2.90120406976175
19179	-2.93571950577467
19180	-2.96985523026815
19181	-3.00781372261384
19182	-3.05094894725387
19183	-3.09398601750355
19184	-3.13234144797594
19185	-3.16562497782089
19186	-3.19045217675976
19187	-3.20375782721611
19188	-3.20511390412116
19189	-3.1966457395438
19190	-3.18171751834545
19191	-3.16349432277109
19192	-3.14546180548771
19193	-3.13048825730072
19194	-3.11980381434166
19195	-3.11387795436119
19196	-3.11493376845933
19197	-3.12310789433261
19198	-3.13592911746705
19199	-3.15266980349259
19200	-3.16943612863732
19201	-3.18601483066203
19202	-3.2088623608928
19203	-3.24035298778347
19204	-3.27532777710593
19205	-3.30801460860678
19206	-3.33611609031575
19207	-3.36315349926907
19208	-3.39859105290565
19209	-3.44643519249219
19210	-3.49855096358161
19211	-3.54226555376614
19212	-3.56917392117657
19213	-3.57470958268146
19214	-3.5542190528708
19215	-3.50428354034133
19216	-3.420861389673
19217	-3.30123213762089
19218	-3.1445536047286
19219	-2.94913236827449
19220	-2.71604791190974
19221	-2.44582287380531
19222	-2.13787639194453
19223	-1.79388209246285
19224	-1.41692817480198
19225	-1.01104976408029
19226	-0.586002470627707
19227	-0.152772836894408
19228	0.271623473728326
19229	0.668522578325149
19230	1.01983881885356
19231	1.31800697233864
19232	1.5717531684729
19233	1.79521573157101
19234	2.00335900487389
19235	2.20993618548603
19236	2.42542295556339
19237	2.65565099081851
19238	2.90591623130276
19239	3.17758676514171
19240	3.46701438331228
19241	3.76520693438495
19242	4.06262925617704
19243	4.35395537153025
19244	4.62943738846502
19245	4.87997719338252
19246	5.10785475337077
19247	5.31634384392147
19248	5.49873476321915
19249	5.64809798040274
19250	5.77319239059048
19251	5.88850627796148
19252	5.9878095322455
19253	6.06247230069402
19254	6.12469514513499
19255	6.18187128384997
19256	6.22224957989624
19257	6.23605214059001
19258	6.2229271075282
19259	6.18732900896331
19260	6.13196700246084
19261	6.05483117496314
19262	5.95469381787534
19263	5.82768992840537
19264	5.67039139429129
19265	5.48053020003614
19266	5.25449944147051
19267	4.99017696932381
19268	4.68858201336752
19269	4.35132398565926
19270	3.97864696205889
19271	3.57182898300986
19272	3.13434848930436
19273	2.67037748214264
19274	2.18320487126635
19275	1.67591772181174
19276	1.1531628013732
19277	0.620352329315323
19278	0.0825516065631027
19279	-0.453792083672482
19280	-0.981465087655129
19281	-1.49384324673563
19282	-1.98296360232523
19283	-2.44041202863665
19284	-2.85473785942343
19285	-3.22402347869389
19286	-3.56012480418526
19287	-3.87324136297539
19288	-4.16914799397834
19289	-4.45380139847626
19290	-4.73415226294414
19291	-5.00966959416864
19292	-5.27253393041453
19293	-5.52039020167782
19294	-5.75771893860661
19295	-5.98743290715005
19296	-6.20946576386034
19297	-6.42002772886547
19298	-6.6094629431233
19299	-6.7733506527304
19300	-6.91790923648513
19301	-7.05198850098616
19302	-7.17875517807651
19303	-7.29300102075312
19304	-7.3908883794307
19305	-7.47916262916962
19306	-7.56575569084488
19307	-7.65339827808638
19308	-7.74284024723876
19309	-7.82965823403463
19310	-7.90735744579522
19311	-7.98003469085088
19312	-8.05416998734568
19313	-8.13061595109987
19314	-8.20989596962994
19315	-8.28733785049108
19316	-8.35864490453611
19317	-8.4283187352406
19318	-8.49977868832538
19319	-8.57244273620519
19320	-8.64534362128461
19321	-8.71358837121761
19322	-8.77431739014227
19323	-8.83242414798204
19324	-8.89247070680582
19325	-8.95399185611379
19326	-9.01599185944907
19327	-9.07231572688795
19328	-9.11863767872845
19329	-9.15707022906843
19330	-9.18784635532758
19331	-9.21108646462018
19332	-9.22734559555808
19333	-9.23320436911344
19334	-9.22963960587614
19335	-9.21937105657014
19336	-9.20219183434111
19337	-9.17926398364161
19338	-9.1494799163418
19339	-9.11123235641768
19340	-9.06622372037731
19341	-9.01004865431097
19342	-8.93660146335776
19343	-8.85318643064639
19344	-8.76440913546524
19345	-8.66948065283991
19346	-8.56705471370478
19347	-8.45247580712896
19348	-8.32223463024509
19349	-8.17218265721745
19350	-7.99950625821262
19351	-7.80645805921024
19352	-7.59751565476162
19353	-7.37347001997324
19354	-7.13061494016415
19355	-6.86571354892693
19356	-6.57592365833541
19357	-6.26589294578007
19358	-5.9549137583922
19359	-5.65352724322735
19360	-5.35339740609744
19361	-5.05033720742815
19362	-4.74467733050077
19363	-4.4327782324307
19364	-4.11230477777225
19365	-3.78338317490838
19366	-3.44456756439233
19367	-3.09405596452786
19368	-2.73344594022773
19369	-2.36652400975286
19370	-1.99725368778435
19371	-1.63886249985205
19372	-1.29757086143152
19373	-0.967603159647199
19374	-0.654310634552584
19375	-0.366572751648023
19376	-0.0987785099843821
19377	0.156374693134692
19378	0.388303639526636
19379	0.583057962118073
19380	0.740780321083649
19381	0.877357416946683
19382	1.00393879377653
19383	1.12133630659655
19384	1.22627639377598
19385	1.31493925748981
19386	1.39040215231327
19387	1.45498978577114
19388	1.51054437398505
19389	1.55934440244587
19390	1.60143430052051
19391	1.6377036700727
19392	1.67149217489809
19393	1.70292799712786
19394	1.73224788679521
19395	1.76095770944474
19396	1.78771358666644
19397	1.81173357086278
19398	1.83612069702428
19399	1.86509914477678
19400	1.89518884971791
19401	1.91917797623544
19402	1.9365238477389
19403	1.95345273778297
19404	1.97581480046979
19405	1.99992724665185
19406	2.01635221804825
19407	2.02349687351094
19408	2.03094880226095
19409	2.04745553606123
19410	2.07047342164388
19411	2.08795406495866
19412	2.08967924063615
19413	2.07966363622723
19414	2.07163797092414
19415	2.07354140675022
19416	2.08136736057824
19417	2.08439388446526
19418	2.07715803956844
19419	2.06368012853046
19420	2.04884187996479
19421	2.03026103301412
19422	2.00538534906733
19423	1.97814937835607
19424	1.95307105434214
19425	1.93013417303629
19426	1.90591817290814
19427	1.8758649436128
19428	1.83708336967414
19429	1.78988156704208
19430	1.73380975730486
19431	1.67157308392115
19432	1.60887006735748
19433	1.54505995710156
19434	1.47618268841998
19435	1.40208673386356
19436	1.32447488835882
19437	1.24678724548131
19438	1.17357354516511
19439	1.10693187929354
19440	1.05047396040668
19441	1.00745065161964
19442	0.979332851697223
19443	0.966715699757451
19444	0.969290686865625
19445	0.98754142039883
19446	1.02213155002674
19447	1.07353131906041
19448	1.14092887577691
19449	1.22364162725192
19450	1.32101455813034
19451	1.43156395141352
19452	1.55281770593167
19453	1.6830352562333
19454	1.82140415634678
19455	1.96692581457229
19456	2.11753884719816
19457	2.27153475879494
19458	2.42840077436539
19459	2.58688646440746
19460	2.74579161215636
19461	2.90526541173947
19462	3.06495827996812
19463	3.2239669677632
19464	3.38206179539914
19465	3.53756334569059
19466	3.68637319944388
19467	3.82207287727689
19468	3.93752123508366
19469	4.03140855566913
19470	4.09951097320886
19471	4.13179643189598
19472	4.11848536084763
19473	4.05316853526059
19474	3.93356684054932
19475	3.75855833472502
19476	3.52795416268615
19477	3.24256322393858
19478	2.90475544753089
19479	2.51605995535976
19480	2.078599700408
19481	1.59713172697043
19482	1.07773201134944
19483	0.52739778099651
19484	-0.0462613765422899
19485	-0.635445126765082
19486	-1.23314339593161
19487	-1.83170570784008
19488	-2.42288974357506
19489	-2.99948753452889
19490	-3.55616699199484
19491	-4.08910503793338
19492	-4.59629867067398
19493	-5.07777530574063
19494	-5.53402959061294
19495	-5.96478587086323
19496	-6.37007911003876
19497	-6.75206940011799
19498	-7.11275644990396
19499	-7.45343617955664
19500	-7.77577856170736
19501	-8.08212618822663
19502	-8.37532346183757
19503	-8.65787510420624
19504	-8.93043811118335
19505	-9.19311256013795
19506	-9.44718402734106
19507	-9.69360037720745
19508	-9.93393455744875
19509	-10.1697824442835
19510	-10.4012445235082
19511	-10.6276320204915
19512	-10.8451656770581
19513	-11.0471626101105
19514	-11.2225960496042
19515	-11.3614010279929
19516	-11.4630293769376
19517	-11.53963403454
19518	-11.6044870070198
19519	-11.6639169382257
19520	-11.7226211454732
19521	-11.7835728975117
19522	-11.848706352236
19523	-11.9188877211601
19524	-11.9945809813393
19525	-12.0765626851894
19526	-12.1627767884363
19527	-12.2487280702146
19528	-12.3322915793276
19529	-12.4113173306407
19530	-12.4822461646724
19531	-12.5420110641028
19532	-12.5884494809374
19533	-12.6200105140988
19534	-12.6366157317008
19535	-12.6399035071546
19536	-12.6292515879214
19537	-12.6023919102533
19538	-12.5592177146323
19539	-12.5036585387928
19540	-12.440683819279
19541	-12.374172548194
19542	-12.3090441984338
19543	-12.2501710578676
19544	-12.2016468011941
19545	-12.1675010414692
19546	-12.1512594304629
19547	-12.1534577644901
19548	-12.1720951580086
19549	-12.2071693140123
19550	-12.2585490131141
19551	-12.3238043387355
19552	-12.4013865232034
19553	-12.4925309154042
19554	-12.5983253519654
19555	-12.7171073277783
19556	-12.8447445452212
19557	-12.9722423194791
19558	-13.0847189724038
19559	-13.1735979012798
19560	-13.2426380446447
19561	-13.3006064766446
19562	-13.3561192771912
19563	-13.4161499625271
19564	-13.4864437442688
19565	-13.5695902525632
19566	-13.666341539916
19567	-13.7770450782731
19568	-13.9006248591955
19569	-14.0365296846473
19570	-14.1832928737161
19571	-14.3393032618204
19572	-14.5026211811591
19573	-14.6700652095199
19574	-14.8371264322409
19575	-14.9974745663072
19576	-15.1478882047136
19577	-15.2848371301126
19578	-15.4036829087685
19579	-15.4991564786433
19580	-15.5668679100296
19581	-15.6000565056418
19582	-15.5906412265088
19583	-15.5390009459792
19584	-15.4453015812545
19585	-15.3052645746987
19586	-15.1170673503504
19587	-14.8816094190517
19588	-14.5990433893479
19589	-14.2665794893208
19590	-13.8826294433384
19591	-13.4485968148743
19592	-12.9653989406513
19593	-12.4425539614645
19594	-11.8905916142717
19595	-11.3164454545117
19596	-10.7382293335796
19597	-10.173598715958
19598	-9.63321905829127
19599	-9.11547521611374
19600	-8.61828295298766
19601	-8.15027482687937
19602	-7.70961997960291
19603	-7.30057121924331
19604	-6.9321656599336
19605	-6.60394695414508
19606	-6.30962110735241
19607	-6.03550980588068
19608	-5.76844947496858
19609	-5.49919138766278
19610	-5.22338154736568
19611	-4.93931749302727
19612	-4.64602066411599
19613	-4.34194638904375
19614	-4.02547662818834
19615	-3.69482016739476
19616	-3.35417307941377
19617	-3.02472871231193
19618	-2.72016617175077
19619	-2.4376732295554
19620	-2.18612722045483
19621	-1.97061707201476
19622	-1.78602555915041
19623	-1.62228120243881
19624	-1.47634715890413
19625	-1.34528581016409
19626	-1.22155507564236
19627	-1.1048604205879
19628	-0.996829983427645
19629	-0.899973013999965
19630	-0.815528338149988
19631	-0.745721310848125
19632	-0.691398414963148
19633	-0.650773582315455
19634	-0.622346704698342
19635	-0.606393758511356
19636	-0.603083176024213
19637	-0.61264281281411
19638	-0.635307862456129
19639	-0.671455964083868
19640	-0.72306143879893
19641	-0.788135663232988
19642	-0.858664707906839
19643	-0.929185806819902
19644	-1.00144147316787
19645	-1.07677411617249
19646	-1.15220208149335
19647	-1.22633378111014
19648	-1.30233281158498
19649	-1.38048106781969
19650	-1.4580994779528
19651	-1.53217007039951
19652	-1.60051163143185
19653	-1.66559183624281
19654	-1.72708344721458
19655	-1.78338985450549
19656	-1.83630687564469
19657	-1.88816248468118
19658	-1.93824582643128
19659	-1.98635846661416
19660	-2.03280730602796
19661	-2.07632492625331
19662	-2.11622085381864
19663	-2.14868665002971
19664	-2.16890843679451
19665	-2.1741587862873
19666	-2.1640893190472
19667	-2.14109362261529
19668	-2.11031420147138
19669	-2.07428488759076
19670	-2.03226921532782
19671	-1.98583405679133
19672	-1.93901535671308
19673	-1.89295533367674
19674	-1.84810640899899
19675	-1.80712430050174
19676	-1.77229186841731
19677	-1.74401219890601
19678	-1.72194589399246
19679	-1.70538775667071
19680	-1.69242557679694
19681	-1.68223752068269
19682	-1.67467712101386
19683	-1.67019480587463
19684	-1.66674453242777
19685	-1.66121098422915
19686	-1.6515646292076
19687	-1.63658298791103
19688	-1.61227474998445
19689	-1.5755613117797
19690	-1.52707781966158
19691	-1.46644603484632
19692	-1.39213898828536
19693	-1.30194658642864
19694	-1.19415217450312
19695	-1.06837098690842
19696	-0.925563988792119
19697	-0.767133413391089
19698	-0.594318908659479
19699	-0.408790065506888
19700	-0.213774383177201
19701	-0.0121164523299699
19702	0.194878979642009
19703	0.405420086731565
19704	0.617153162308704
19705	0.828734193091151
19706	1.04025930483146
19707	1.2512897996011
19708	1.46093795778452
19709	1.66934247642698
19710	1.87625710743228
19711	2.08001083457752
19712	2.27931894648257
19713	2.47474863337529
19714	2.66718406685202
19715	2.8561493709445
19716	3.03968732114213
19717	3.21636392864546
19718	3.38787584692245
19719	3.55615631949646
19720	3.71990794759337
19721	3.87462651977704
19722	4.01271554134912
19723	4.12918364544399
19724	4.22094732748439
19725	4.28797592659098
19726	4.33337496105769
19727	4.36143430149744
19728	4.37847402680817
19729	4.38962253791589
19730	4.39990172386067
19731	4.41249160693289
19732	4.42979763605687
19733	4.4534514238166
19734	4.48386663013444
19735	4.52164253698228
19736	4.56628151514638
19737	4.61734721099253
19738	4.67497431917903
19739	4.73903156641587
19740	4.8075695467386
19741	4.87794353909517
19742	4.94959543267434
19743	5.02197155345992
19744	5.09480043414385
19745	5.16802801795809
19746	5.24073502507572
19747	5.31183283418083
19748	5.38063190097562
19749	5.44774338426864
19750	5.51360251097491
19751	5.57958250162315
19752	5.64684093472698
19753	5.71455514917821
19754	5.78206606650299
19755	5.84868380738381
19756	5.91337864895748
19757	5.97507174121713
19758	6.03374272491125
19759	6.09079374275875
19760	6.1466799011324
19761	6.20125708320547
19762	6.25550212425174
19763	6.30992126447102
19764	6.36499970796899
19765	6.42051073822894
19766	6.47639131433875
19767	6.53359413540941
19768	6.59107974596188
19769	6.64832669778329
19770	6.70542413637906
19771	6.76119167983683
19772	6.81765521794912
19773	6.8800182902813
19774	6.95388574204325
19775	7.04017754684996
19776	7.13097356544616
19777	7.22170137422594
19778	7.31418285188745
19779	7.41310613068161
19780	7.52172407628815
19781	7.63982023540905
19782	7.76744755090604
19783	7.90493196064317
19784	8.05071882275919
19785	8.20378345820205
19786	8.36333338964659
19787	8.52832412148967
19788	8.69855842451902
19789	8.87298418850399
19790	9.04900767875735
19791	9.22467456342335
19792	9.39934086792924
19793	9.57188999992582
19794	9.74167109992645
19795	9.90774917358711
19796	10.0694645569147
19797	10.2275003303404
19798	10.3821223939281
19799	10.5331662435176
19800	10.6797435159122
19801	10.8210071588552
19802	10.9569272658891
19803	11.0880230255215
19804	11.2151631874645
19805	11.3386341118164
19806	11.4580965807038
19807	11.5732225771917
19808	11.6844391711286
19809	11.7928000070112
19810	11.8988019964946
19811	12.0024330267382
19812	12.1026429927483
19813	12.1987541170625
19814	12.2911750560736
19815	12.3806121281248
19816	12.4668414883847
19817	12.5494866539346
19818	12.6301079681516
19819	12.7099453576724
19820	12.78896575237
19821	12.8665702965093
19822	12.9427387675072
19823	13.0169971067165
19824	13.0888941637381
19825	13.1587398855012
19826	13.226396193538
19827	13.2913985685741
19828	13.3541205038265
19829	13.4137133054929
19830	13.4692486679906
19831	13.5221869361657
19832	13.5727452481982
19833	13.6196472442389
19834	13.6602733254738
19835	13.6905981852289
19836	13.7037264983741
19837	13.6939469652379
19838	13.6579965008246
19839	13.5922928625113
19840	13.4959938645832
19841	13.3709906593117
19842	13.2190935663377
19843	13.042350510027
19844	12.8428624074475
19845	12.6229880561376
19846	12.3848354937442
19847	12.129930891321
19848	11.8586571970646
19849	11.571140326197
19850	11.2686958006024
19851	10.9529784935901
19852	10.6262500024115
19853	10.2914355128217
19854	9.95073898684014
19855	9.606239656697
19856	9.25949474172657
19857	8.91250055722912
19858	8.56750975223836
19859	8.22628756980135
19860	7.89099811833012
19861	7.56371893068625
19862	7.24604448735482
19863	6.9379781352405
19864	6.64017748609259
19865	6.35374722608575
19866	6.07892425371839
19867	5.81558984086336
19868	5.56311984629145
19869	5.32060374187227
19870	5.08718633203889
19871	4.86293639449553
19872	4.64872902717835
19873	4.44439872879714
19874	4.24844270431932
19875	4.06041229422416
19876	3.8815369984777
19877	3.71539272573195
19878	3.56590460239408
19879	3.43159090098435
19880	3.31321440016286
19881	3.21691903175531
19882	3.14455567134865
19883	3.09465865453165
19884	3.06802491694685
19885	3.06575037155134
19886	3.08613465692105
19887	3.12651130544266
19888	3.18507645120633
19889	3.26027696893
19890	3.349567391532
19891	3.45028993879034
19892	3.56141054497503
19893	3.68272482216223
19894	3.8138590971426
19895	3.95395204815758
19896	4.10110006453609
19897	4.25314166371451
19898	4.40927411797628
19899	4.56937720215234
19900	4.73246057639043
19901	4.89773824695799
19902	5.06579376553867
19903	5.23702627714555
19904	5.41130526030513
19905	5.58965766385221
19906	5.77272288275277
19907	5.95924752746559
19908	6.14796678886401
19909	6.33835635178871
19910	6.53025081800323
19911	6.72302272099001
19912	6.91552910186366
19913	7.10692464072601
19914	7.29684198986474
19915	7.48556817603484
19916	7.67162731437666
19917	7.85129919812637
19918	8.02032490946156
19919	8.17316175109216
19920	8.30077584045566
19921	8.39695928791344
19922	8.45680963934825
19923	8.47959689550015
19924	8.47270095614088
19925	8.44331720537312
19926	8.39926917525106
19927	8.35060812524377
19928	8.30243725527326
19929	8.24719373449065
19930	8.17666884341286
19931	8.09350144512171
19932	8.00704185693812
19933	7.92399243167587
19934	7.83763755828089
19935	7.73876706983577
19936	7.62825399863907
19937	7.51317816974931
19938	7.40237507796365
19939	7.29793030409414
19940	7.19072199828104
19941	7.0708025141587
19942	6.93647017614348
19943	6.79052946770915
19944	6.63739137136918
19945	6.48080955156154
19946	6.317109746626
19947	6.14203781575951
19948	5.96028715595482
19949	5.77711445289905
19950	5.59250897998845
19951	5.4010593641294
19952	5.20297228340203
19953	4.99814230764686
19954	4.78252651258836
19955	4.55666552376413
19956	4.31999718188336
19957	4.0719635508473
19958	3.81254315657542
19959	3.54231842766756
19960	3.26260692412733
19961	2.97619137167108
19962	2.68564457293561
19963	2.39184740950995
19964	2.09686105731622
19965	1.802252347645
19966	1.50962628646267
19967	1.22183629616248
19968	0.941385850112551
19969	0.670401552095328
19970	0.411088186359079
19971	0.16633351492972
19972	-0.0573472022085772
19973	-0.260214399857754
19974	-0.44602139359204
19975	-0.615859127701079
19976	-0.768939969658651
19977	-0.907151075810354
19978	-1.02988948697012
19979	-1.13153153303275
19980	-1.21357146956707
19981	-1.27828774177339
19982	-1.32533162752557
19983	-1.35412089884161
19984	-1.36485268271525
19985	-1.35820250685461
19986	-1.33531799492292
19987	-1.29800557388731
19988	-1.24816420856614
19989	-1.18714457609591
19990	-1.11651473957824
19991	-1.03827710717908
19992	-0.952963187667161
19993	-0.861663977595861
19994	-0.766403994802405
19995	-0.667446104661478
19996	-0.564670057798151
19997	-0.458971213425317
19998	-0.35136571192348
19999	-0.242583872506328
20000	-0.132177077525934
20001	-0.0193503202843297
20002	0.0959310595988487
20003	0.211852534824855
20004	0.322722311359011
20005	0.421963328104277
20006	0.506125944435674
20007	0.573818723050968
20008	0.620213824279615
20009	0.636594372037752
20010	0.616468457526671
20011	0.555096710731738
20012	0.448154048598438
20013	0.293641096963788
20014	0.0922428195800275
20015	-0.152093392802394
20016	-0.434771063871932
20017	-0.749355120510113
20018	-1.08978154474204
20019	-1.45072870130962
20020	-1.82576891355174
20021	-2.2102906976132
20022	-2.60020332656271
20023	-2.9901390647515
20024	-3.37508954232722
20025	-3.75146190969645
20026	-4.11688208726673
20027	-4.46977029212033
20028	-4.8091258133776
20029	-5.1358104262415
20030	-5.45119361203992
20031	-5.7549605047796
20032	-6.04751449898396
20033	-6.32996404106666
20034	-6.60291653049509
20035	-6.8670840933848
20036	-7.12243015645343
20037	-7.369500965295
20038	-7.609559069438
20039	-7.84290909456206
20040	-8.07054802350211
20041	-8.29363081297168
20042	-8.51250602743069
20043	-8.72750680432353
20044	-8.93879272385312
20045	-9.14627548000371
20046	-9.34973496309176
20047	-9.54925574465032
20048	-9.74462012208297
20049	-9.93575518479301
20050	-10.1233589493333
20051	-10.308912996512
20052	-10.4931650007057
20053	-10.6752399983126
20054	-10.855807676434
20055	-11.0375960723186
20056	-11.2200470478671
20057	-11.4013544857843
20058	-11.5807632270772
20059	-11.7540480356416
20060	-11.913793168039
20061	-12.0495057383078
20062	-12.1528635353488
20063	-12.2184097013304
20064	-12.2457492730317
20065	-12.2383848016836
20066	-12.2013416335804
20067	-12.1406987861468
20068	-12.0590491123252
20069	-11.9579295643024
20070	-11.8399072630404
20071	-11.7072048723309
20072	-11.5608912782759
20073	-11.4024516176319
20074	-11.2337741250018
20075	-11.0555979662641
20076	-10.8670072653936
20077	-10.6680971484793
20078	-10.4596867416244
20079	-10.2432120763822
20080	-10.0200878002047
20081	-9.79104317874537
20082	-9.55656673724756
20083	-9.31537255872163
20084	-9.06576275431766
20085	-8.80806656879377
20086	-8.54369282275649
20087	-8.27367755355816
20088	-7.99892399892151
20089	-7.72076041525645
20090	-7.43963729683678
20091	-7.15589356459219
20092	-6.87091701020886
20093	-6.58607350341454
20094	-6.30251397495594
20095	-6.02071381914968
20096	-5.74323668945166
20097	-5.47444035617159
20098	-5.21784949313166
20099	-4.97654231482817
20100	-4.75240359442214
20101	-4.54719824045948
20102	-4.36671546260553
20103	-4.2113801524511
20104	-4.0708270311331
20105	-3.93416201485865
20106	-3.79132701510036
20107	-3.63233416416758
20108	-3.44751423630852
20109	-3.23216776276099
20110	-2.9862433753443
20111	-2.71489468355701
20112	-2.4286517142516
20113	-2.13343831804352
20114	-1.83075392574734
20115	-1.53005113052419
20116	-1.25288719224333
20117	-1.00827991693329
20118	-0.800598632244304
20119	-0.633521995415783
20120	-0.504056776944989
20121	-0.410050493277548
20122	-0.346854076687156
20123	-0.309567828877943
20124	-0.292031178565826
20125	-0.288770986503542
20126	-0.296006611021279
20127	-0.312003289028068
20128	-0.335729578653996
20129	-0.365485222362153
20130	-0.398862999219784
20131	-0.434789556526762
20132	-0.473569671223742
20133	-0.515784311421029
20134	-0.560064253624265
20135	-0.604978556380704
20136	-0.649540785404134
20137	-0.693032008395868
20138	-0.734947345249374
20139	-0.77276048955351
20140	-0.802019634936734
20141	-0.819614243997079
20142	-0.82486707249637
20143	-0.817859588321375
20144	-0.799824184936293
20145	-0.772065001671033
20146	-0.735223259194957
20147	-0.691339923236773
20148	-0.642524522831998
20149	-0.590095720804905
20150	-0.535109091638619
20151	-0.477835333888801
20152	-0.418980956743665
20153	-0.359359881217643
20154	-0.300033758489876
20155	-0.240427179596985
20156	-0.18098871881783
20157	-0.122282671013691
20158	-0.0640942329711865
20159	-0.00767540622469028
20160	0.0469120616141548
20161	0.100337086343284
20162	0.152931905322315
20163	0.206414267074315
20164	0.260953220262319
20165	0.315165059551951
20166	0.368650322902664
20167	0.421874959822859
20168	0.475262188876634
20169	0.527913398239302
20170	0.579685063796416
20171	0.631058895148047
20172	0.68226686024605
20173	0.733287758999006
20174	0.783659424598685
20175	0.834242325009113
20176	0.886419325067908
20177	0.939184823634009
20178	0.990784730630373
20179	1.03961933126169
20180	1.08412669350964
20181	1.1226142261245
20182	1.15015733804371
20183	1.16474500665557
20184	1.16826074724992
20185	1.16090605647996
20186	1.1433830619204
20187	1.11645183279538
20188	1.07848006819807
20189	1.02933496896295
20190	0.970217544342063
20191	0.902027946817506
20192	0.827265345482506
20193	0.748075681639929
20194	0.664838451990921
20195	0.57765275302406
20196	0.488118033321022
20197	0.397262320651733
20198	0.304691634731053
20199	0.210829756662447
20200	0.117017254535265
20201	0.0238698385490034
20202	-0.0690120858449339
20203	-0.16231081246203
20204	-0.256595325389753
20205	-0.350920924150157
20206	-0.444034601570964
20207	-0.535396775248078
20208	-0.625314279113371
20209	-0.715115798205922
20210	-0.805501722013059
20211	-0.896144604319425
20212	-0.986102711425363
20213	-1.07544740258399
20214	-1.1644091014947
20215	-1.25286598048522
20216	-1.34152995710828
20217	-1.43028150497878
20218	-1.51760048445534
20219	-1.60037034893868
20220	-1.6757158810846
20221	-1.73979699044422
20222	-1.78954562977996
20223	-1.82369960066165
20224	-1.83959746162841
20225	-1.83402409293807
20226	-1.80284925180259
20227	-1.74349239003392
20228	-1.65649127448397
20229	-1.54330935723956
20230	-1.40481811665502
20231	-1.24090742017396
20232	-1.05383805676648
20233	-0.845528761938566
20234	-0.617635144315699
20235	-0.373818182865638
20236	-0.116427019969644
20237	0.152480001934917
20238	0.430153947220716
20239	0.713148617944387
20240	0.99922305409794
20241	1.28670834171159
20242	1.57311997193689
20243	1.85741349554845
20244	2.13892936844008
20245	2.41246791460752
20246	2.6736107698534
20247	2.92042669330495
20248	3.15118192116944
20249	3.3635561556923
20250	3.55353205228432
20251	3.72143402291766
20252	3.86359002060931
20253	3.97461769502056
20254	4.06032970534621
20255	4.14265710917962
20256	4.24097063030043
20257	4.34483036173705
20258	4.43901436535143
20259	4.51873285537645
20260	4.58393241964384
20261	4.63475684654803
20262	4.67094472083978
20263	4.69828462083185
20264	4.71999531483559
20265	4.73850236437329
20266	4.75660084889932
20267	4.77559885191626
20268	4.7963156457554
20269	4.81935014727191
20270	4.84498415100183
20271	4.87384519676246
20272	4.90726771194705
20273	4.94714907202557
20274	4.99423082629461
20275	5.04854877884142
20276	5.11173586519669
20277	5.18069904973586
20278	5.25051436973525
20279	5.31958965926006
20280	5.38122569048555
20281	5.42593947815688
20282	5.45133100058153
20283	5.46402555188631
20284	5.47300485693668
20285	5.48152696014728
20286	5.48557508846029
20287	5.47664678644911
20288	5.4512195217653
20289	5.41742254606423
20290	5.38253564105812
20291	5.34735291371146
20292	5.31413590112838
20293	5.28289304071018
20294	5.25303904704797
20295	5.22588605886741
20296	5.20248822532641
20297	5.1829576100327
20298	5.16736718640285
20299	5.15570357091084
20300	5.1469324574101
20301	5.13992681417507
20302	5.13460238444147
20303	5.13056882580281
20304	5.12655490265088
20305	5.12193274445771
20306	5.1172073903041
20307	5.11319710581651
20308	5.1097030380505
20309	5.10454254800997
20310	5.09447239305742
20311	5.07600321578446
20312	5.0455929538787
20313	5.00254452928702
20314	4.9454566393115
20315	4.87189300322527
20316	4.77976200795252
20317	4.66656205385209
20318	4.53189444385747
20319	4.37607775126639
20320	4.19791316400977
20321	3.99704624106022
20322	3.77508207440843
20323	3.53414779682765
20324	3.27636981410673
20325	3.0033472816075
20326	2.71683917314603
20327	2.41876456355398
20328	2.11144980370223
20329	1.79864441795454
20330	1.4836268505351
20331	1.1682722334875
20332	0.855396359840127
20333	0.548288730456447
20334	0.248610532925763
20335	-0.0428678551787625
20336	-0.325397940119778
20337	-0.59840352355769
20338	-0.861488429993374
20339	-1.1143872892617
20340	-1.35678178861121
20341	-1.58828168641418
20342	-1.80893827304462
20343	-2.0193943754539
20344	-2.22090405453159
20345	-2.41486984976545
20346	-2.6026759247881
20347	-2.7855531031087
20348	-2.9640372818131
20349	-3.13726311980008
20350	-3.30464891404469
20351	-3.46588682521957
20352	-3.6205080951699
20353	-3.76731171568797
20354	-3.9030756542435
20355	-4.0225586454102
20356	-4.12235586819832
20357	-4.20073320557003
20358	-4.26065919845569
20359	-4.31416946169349
20360	-4.37237538673512
20361	-4.44350669851083
20362	-4.53383198240565
20363	-4.64777908305538
20364	-4.78779931449702
20365	-4.95189313547956
20366	-5.13722122256547
20367	-5.34099962654475
20368	-5.56117078994477
20369	-5.79416532188044
20370	-6.03664220158903
20371	-6.28559233548991
20372	-6.53747482157283
20373	-6.79130998201904
20374	-7.04596673707349
20375	-7.29985939113114
20376	-7.55135170472403
20377	-7.79876473826011
20378	-8.04137721146731
20379	-8.27951228929378
20380	-8.51283789968541
20381	-8.74056426555709
20382	-8.96183101747056
20383	-9.17680440833722
20384	-9.38682090323716
20385	-9.59273210818929
20386	-9.79438561593866
20387	-9.99165639769782
20388	-10.1838343183167
20389	-10.3701037275488
20390	-10.5513721943547
20391	-10.7288292407933
20392	-10.9024851232166
20393	-11.0725094294165
20394	-11.2390873392995
20395	-11.4019907006067
20396	-11.5608132663488
20397	-11.7156746210187
20398	-11.8666857866344
20399	-12.0140855701549
20400	-12.1596047478502
20401	-12.3031732211978
20402	-12.441003201548
20403	-12.5646997481238
20404	-12.6640552938183
20405	-12.7294524416766
20406	-12.756937690723
20407	-12.7475393059206
20408	-12.7024783298891
20409	-12.6227130852022
20410	-12.5093563940169
20411	-12.3647832555312
20412	-12.1913261334393
20413	-11.9918900439943
20414	-11.767708280434
20415	-11.519436470476
20416	-11.2484016311888
20417	-10.9554603727707
20418	-10.642181360504
20419	-10.3095010394013
20420	-9.95814773213505
20421	-9.58948909371365
20422	-9.20439149773786
20423	-8.80557185107618
20424	-8.39285654314416
20425	-7.96462298347249
20426	-7.52889367701805
20427	-7.09098535249845
20428	-6.65212587739368
20429	-6.22595774718193
20430	-5.82002755363119
20431	-5.43795326337892
20432	-5.08218617340123
20433	-4.74730816263511
20434	-4.43077223774785
20435	-4.13034308590269
20436	-3.84880268736384
20437	-3.58586327623498
20438	-3.33716833274255
20439	-3.10268186391264
20440	-2.87922088274201
20441	-2.66760351849425
20442	-2.46828985730151
20443	-2.27094944499142
20444	-2.0696985217651
20445	-1.86038834676554
20446	-1.64008703577301
20447	-1.41001850168972
20448	-1.17247671269342
20449	-0.93633477603013
20450	-0.7095894850914
20451	-0.495650657240909
20452	-0.294631509317363
20453	-0.107200691913741
20454	0.0642255438837592
20455	0.219474285287952
20456	0.355537334697635
20457	0.470048599447572
20458	0.574659558459111
20459	0.685009162816359
20460	0.798171732444339
20461	0.902372553610106
20462	0.994017722192825
20463	1.07078486784709
20464	1.12916119199117
20465	1.16798276060162
20466	1.18741279978618
20467	1.18891699941481
20468	1.17214063037704
20469	1.13848062366959
20470	1.0903205984775
20471	1.02776003868587
20472	0.951934554841087
20473	0.864525168860811
20474	0.767016368213403
20475	0.660393208161003
20476	0.544122951331884
20477	0.418032848848135
20478	0.282847620778533
20479	0.139236869392109
20480	-0.0131650199526894
20481	-0.175614061874492
20482	-0.346932104040883
20483	-0.525413954115947
20484	-0.707239343001392
20485	-0.889488096840806
20486	-1.06518136971672
20487	-1.21985271030655
20488	-1.34437581087893
20489	-1.43509099225207
20490	-1.48850410955018
20491	-1.50209215079343
20492	-1.47543332794553
20493	-1.40828689330049
20494	-1.30166757765401
20495	-1.15878521790077
20496	-0.983935378875428
20497	-0.781954150509044
20498	-0.556477444191027
20499	-0.31205167919507
20500	-0.053553318197698
20501	0.214706595568076
20502	0.488422496464021
20503	0.765086636376269
20504	1.04176938773427
20505	1.31527542446558
20506	1.58618685918158
20507	1.85628255004703
20508	2.12378990199355
20509	2.38772902181863
20510	2.64799718240195
20511	2.90305772591009
20512	3.15006894557579
20513	3.3696392409433
20514	3.55087304614084
20515	3.69676126965043
20516	3.81109043811949
20517	3.90501893519214
20518	3.98681618722375
20519	4.06211650956966
20520	4.13502649287474
20521	4.2085242250872
20522	4.2852217171386
20523	4.36635157500491
20524	4.45242652496815
20525	4.54362563025549
20526	4.63847784863654
20527	4.73545128644146
20528	4.83471170681544
20529	4.9365235650043
20530	5.03993103827033
20531	5.14454656193466
20532	5.25043774357961
20533	5.35724683463288
20534	5.46392453297874
20535	5.56884173102627
20536	5.67184455850269
20537	5.77318347794273
20538	5.87635035928613
20539	5.98518473649176
20540	6.10366651975278
20541	6.2304701643047
20542	6.35750316222853
20543	6.47205108924209
20544	6.55848351599497
20545	6.60776920075134
20546	6.6151354808664
20547	6.57745973391407
20548	6.48580021515249
20549	6.32907256929812
20550	6.11954192947069
20551	5.88649075418794
20552	5.64670353666179
20553	5.3937302448825
20554	5.11061600174295
20555	4.79452507684342
20556	4.46387072340046
20557	4.13230776847664
20558	3.79888842052239
20559	3.45771836109169
20560	3.10312605788922
20561	2.73304819525556
20562	2.34734168037851
20563	1.94718046074881
20564	1.53385029997996
20565	1.11037153483266
20566	0.680432161675228
20567	0.248022166737487
20568	-0.182623990600329
20569	-0.608174895825874
20570	-1.02642867204631
20571	-1.43540731899498
20572	-1.83063748092128
20573	-2.20667437166783
20574	-2.56139722494421
20575	-2.89366834507382
20576	-3.2014479270335
20577	-3.48147561080692
20578	-3.730458156023
20579	-3.94706188920871
20580	-4.13254355402427
20581	-4.28840594844518
20582	-4.41759579181988
20583	-4.52078543299844
20584	-4.59696907601078
20585	-4.65028758702937
20586	-4.68633408659844
20587	-4.70858405469414
20588	-4.71846046079957
20589	-4.71791240266817
20590	-4.7097296256353
20591	-4.69589752058211
20592	-4.6777987054323
20593	-4.65568472459385
20594	-4.62849280659665
20595	-4.59634902648452
20596	-4.56091557649489
20597	-4.52236037260606
20598	-4.4802735787603
20599	-4.4344435772795
20600	-4.38580233192103
20601	-4.33622040334422
20602	-4.28974519699165
20603	-4.24990800853467
20604	-4.21520355762734
20605	-4.18433139705503
20606	-4.15615975899209
20607	-4.12827964561062
20608	-4.09853671076454
20609	-4.06509116911915
20610	-4.02753572874446
20611	-3.98438531352579
20612	-3.93533551036848
20613	-3.88120102978597
20614	-3.82079251015332
20615	-3.75397461685862
20616	-3.6821525364535
20617	-3.60636456634421
20618	-3.52512586649141
20619	-3.43711359142295
20620	-3.34280343302038
20621	-3.24050334861223
20622	-3.12950119278976
20623	-3.01124262575981
20624	-2.88474931119724
20625	-2.74978484684621
20626	-2.61273061529235
20627	-2.47859906939189
20628	-2.34708498764377
20629	-2.22052915063077
20630	-2.09808016908877
20631	-1.97536201791783
20632	-1.84960032538593
20633	-1.71912177315137
20634	-1.58318364772143
20635	-1.44037994852588
20636	-1.29056005642882
20637	-1.13401530771242
20638	-0.970734269233119
20639	-0.801715607229347
20640	-0.627715729871352
20641	-0.450030511209497
20642	-0.269557137010304
20643	-0.0870550793533979
20644	0.0964491310862858
20645	0.279792194323429
20646	0.461798265762339
20647	0.641800619123547
20648	0.817904852405764
20649	0.988679095855487
20650	1.15431854147448
20651	1.31461255459894
20652	1.46871387276147
20653	1.61589173321754
20654	1.75645569631293
20655	1.89173224839108
20656	2.02392639526588
20657	2.15381585262518
20658	2.28545894478336
20659	2.42506189528181
20660	2.56905040572002
20661	2.71177134960376
20662	2.84361242941012
20663	2.94984969417086
20664	3.02064593806133
20665	3.04928953078905
20666	3.03259419193969
20667	2.97031045328061
20668	2.86128469880941
20669	2.70619913146658
20670	2.50615963948388
20671	2.26313475550532
20672	1.97974287055954
20673	1.65751108022614
20674	1.29976958625708
20675	0.909371224231369
20676	0.48935281599028
20677	0.0451413027747546
20678	-0.418469913810133
20679	-0.897961171706822
20680	-1.38959425164929
20681	-1.88866505177761
20682	-2.39079778772732
20683	-2.89116474871934
20684	-3.38515649137294
20685	-3.86919477406897
20686	-4.34014406572442
20687	-4.79637322817452
20688	-5.23526378742952
20689	-5.65400293635292
20690	-6.05137320174339
20691	-6.42757973464135
20692	-6.78318070314789
20693	-7.1197327826432
20694	-7.43866130064799
20695	-7.74078050667406
20696	-8.02732040077269
20697	-8.29833949999749
20698	-8.55477416128973
20699	-8.79793301238436
20700	-9.02922737907722
20701	-9.25028059782163
20702	-9.46106299784175
20703	-9.65869529332687
20704	-9.83778137653539
20705	-9.99011075701669
20706	-10.1096978718301
20707	-10.1971434237196
20708	-10.2498909974081
20709	-10.2688957912031
20710	-10.2607332753845
20711	-10.2349350511338
20712	-10.2040517273169
20713	-10.1645982553115
20714	-10.1040960244318
20715	-10.0174048370942
20716	-9.90266791269042
20717	-9.75737157016083
20718	-9.57950312204494
20719	-9.3686201807123
20720	-9.12481596624101
20721	-8.84793379064958
20722	-8.53819974167196
20723	-8.19685408880094
20724	-7.82567162043565
20725	-7.42680237924436
20726	-7.00288450282852
20727	-6.55620983120154
20728	-6.09172006459838
20729	-5.61517468165019
20730	-5.13028287209501
20731	-4.64141677370311
20732	-4.15251966683314
20733	-3.66818499159618
20734	-3.1925451282697
20735	-2.72849537291865
20736	-2.27954383571349
20737	-1.84936018102247
20738	-1.43946616945089
20739	-1.04643853081798
20740	-0.663560806364009
20741	-0.28512504413202
20742	0.0860169410684991
20743	0.442474955861555
20744	0.777005831158581
20745	1.08968479662161
20746	1.3867421766326
20747	1.67557938760904
20748	1.96404781540331
20749	2.25541748362099
20750	2.54721079663188
20751	2.83573153893022
20752	3.11886185333997
20753	3.39379062486461
20754	3.6591341131631
20755	3.91485304331715
20756	4.16329884765468
20757	4.40691873693194
20758	4.64411826305776
20759	4.87285616491678
20760	5.09131154751084
20761	5.29934715341169
20762	5.49997464306581
20763	5.69627536812373
20764	5.89154799046855
20765	6.08747309289341
20766	6.28010202579936
20767	6.4654965715029
20768	6.63974722018154
20769	6.80283074071946
20770	6.95573942424863
20771	7.0937548295827
20772	7.21676852867859
20773	7.32545826766876
20774	7.42470207962736
20775	7.51859302807226
20776	7.61016378951722
20777	7.70675004163394
20778	7.80954551128365
20779	7.91906553460393
20780	8.03455774983752
20781	8.15382259839777
20782	8.27445739544249
20783	8.39454451943289
20784	8.51137262425811
20785	8.62155025336991
20786	8.71965529007779
20787	8.80264662071438
20788	8.87166411770426
20789	8.92490901073349
20790	8.96375150807179
20791	8.99280131561781
20792	9.01552388554371
20793	9.03572559751367
20794	9.05965651700125
20795	9.09252519023649
20796	9.13767188911316
20797	9.19786855554088
20798	9.27459889703589
20799	9.36960198518879
20800	9.48274790324184
20801	9.61347109754864
20802	9.76096871094734
20803	9.92240828549741
20804	10.0955798064285
20805	10.2733682839127
20806	10.4462587294655
20807	10.601292787597
20808	10.7256461641582
20809	10.810457349057
20810	10.8501274581116
20811	10.8521047058791
20812	10.8273167373523
20813	10.785277612911
20814	10.7348761841203
20815	10.6827232862112
20816	10.6333664619974
20817	10.5895826624047
20818	10.5534710691239
20819	10.5246684114269
20820	10.5011082188897
20821	10.4828357174522
20822	10.4695918851355
20823	10.4600231190559
20824	10.4531738520651
20825	10.4483153360754
20826	10.4453271946253
20827	10.4432549327021
20828	10.4411126583671
20829	10.4380148972504
20830	10.433039197009
20831	10.4261523319399
20832	10.4181585693006
20833	10.4102623463103
20834	10.4022665226578
20835	10.3925887885249
20836	10.3799922049727
20837	10.3643278114101
20838	10.3460100402155
20839	10.3256419783727
20840	10.3024530708959
20841	10.2756075612742
20842	10.2455858829039
20843	10.2130605441479
20844	10.1785578730591
20845	10.1421605739999
20846	10.1033600398397
20847	10.0622725891532
20848	10.0190476396016
20849	9.97325510346123
20850	9.92506668028138
20851	9.87369022559755
20852	9.81917395416333
20853	9.76188449327056
20854	9.70358376759512
20855	9.64742611619127
20856	9.59601443084542
20857	9.54876118254153
20858	9.49850902492947
20859	9.43850813347366
20860	9.36981538269575
20861	9.29548326622989
20862	9.21623318183257
20863	9.13254833800093
20864	9.04391040920137
20865	8.94938075563379
20866	8.84918910499914
20867	8.7433341101425
20868	8.63204223557318
20869	8.51597977587745
20870	8.39497270873986
20871	8.26833520963664
20872	8.13587211562457
20873	7.99831824767607
20874	7.85748298244459
20875	7.7155072056117
20876	7.57304332896978
20877	7.42932090851694
20878	7.2840097370312
20879	7.13691490280567
20880	6.98830319652591
20881	6.8389963319676
20882	6.68960397133096
20883	6.5408411429179
20884	6.39285606850219
20885	6.24595022622169
20886	6.10157936131777
20887	5.96079409371623
20888	5.82372599363815
20889	5.69005515487227
20890	5.55921955230802
20891	5.43093066049839
20892	5.30606050712675
20893	5.18451223757731
20894	5.06564999666565
20895	4.95009737087892
20896	4.8383145983033
20897	4.72951207405828
20898	4.62324963858333
20899	4.52001172369499
20900	4.42041071654196
20901	4.3240908550085
20902	4.22997388309493
20903	4.13810770164326
20904	4.04931386291753
20905	3.96332274577595
20906	3.87902284980931
20907	3.79647549778905
20908	3.71551873757857
20909	3.63509714956434
20910	3.55433793679645
20911	3.47404955499041
20912	3.39461892691456
20913	3.31529970632179
20914	3.23596603239566
20915	3.15679617845291
20916	3.07914317315704
20917	3.00323865785363
20918	2.92775625674647
20919	2.84944782152153
20920	2.76332519406682
20921	2.66777766414645
20922	2.56465955953683
20923	2.46243762272586
20924	2.37495453088904
20925	2.31241629451881
20926	2.28241496284421
20927	2.29022573258709
20928	2.33582071420844
20929	2.41902041097516
20930	2.53950201179327
20931	2.69388553895667
20932	2.87993023165494
20933	3.09575407150643
20934	3.33812304336078
20935	3.60478309848623
20936	3.89244028464738
20937	4.19866234614536
20938	4.52113335413595
20939	4.85633157396744
20940	5.20124704719627
20941	5.55360312135237
20942	5.91117103727463
20943	6.2724464265198
20944	6.63534950384174
20945	6.99574064673848
20946	7.35091264676588
20947	7.69879403613222
20948	8.03677111324096
20949	8.36249930779087
20950	8.67426249970974
20951	8.97125987666298
20952	9.25320517242164
20953	9.52020946817229
20954	9.77204080409729
20955	10.0094188926762
20956	10.233010384259
20957	10.442696306204
20958	10.6397644565445
20959	10.8259306451987
20960	11.0013030072139
20961	11.1664328584067
20962	11.3228950583322
20963	11.4711398797583
20964	11.6112163588893
20965	11.7434442350624
20966	11.8673315365604
20967	11.98180017898
20968	12.0875686463692
20969	12.1860302594374
20970	12.2775306348735
20971	12.3629687256507
20972	12.4438483434295
20973	12.5200668286489
20974	12.5916782606766
20975	12.6597629520673
20976	12.7246881820198
20977	12.7862672372201
20978	12.8454664487569
20979	12.9043411801661
20980	12.9668981493264
20981	13.0356256698986
20982	13.1098407035266
20983	13.1817027651602
20984	13.2386529146804
20985	13.2718386238245
20986	13.2797793717056
20987	13.264314618929
20988	13.2275685725821
20989	13.173026239268
20990	13.1034580722131
20991	13.0197310608228
20992	12.9215283139802
20993	12.8097679583844
20994	12.6857323557319
20995	12.5494641284098
20996	12.4011314519175
20997	12.2415378550716
20998	12.0709820694314
20999	11.8891589723083
21000	11.697031230087
21001	11.4941609708439
21002	11.2802394982574
21003	11.0567848680532
21004	10.8238921559964
21005	10.582298168618
21006	10.3341843187694
21007	10.0799917657471
21008	9.81916608496535
21009	9.55288740030478
21010	9.28272276736786
21011	9.00975652817822
21012	8.73474791229054
21013	8.45894592409718
21014	8.18429727020338
21015	7.9120228619604
21016	7.64273316921098
21017	7.3766675064862
21018	7.1139301986313
21019	6.85543889668222
21020	6.60256569536972
21021	6.35645073916197
21022	6.11792307129978
21023	5.8883607946551
21024	5.66735910666822
21025	5.45323573778397
21026	5.24528022183478
21027	5.04371766551166
21028	4.8487080614391
21029	4.65994562850756
21030	4.47740774973901
21031	4.30059623584744
21032	4.12996463703292
21033	3.96523382608816
21034	3.80409110909907
21035	3.64592244964194
21036	3.49014937177855
21037	3.33636687363677
21038	3.18379294818565
21039	3.03820928811263
21040	2.90871792774757
21041	2.80064115075339
21042	2.71810953766548
21043	2.66164249828178
21044	2.63104377576018
21045	2.62638375447966
21046	2.64598514008447
21047	2.68814115688504
21048	2.75047028963854
21049	2.82937547911058
21050	2.92242432299627
21051	3.02767955945872
21052	3.14377303091627
21053	3.26858782484857
21054	3.40063023381189
21055	3.53836070315602
21056	3.67983749095353
21057	3.82486221792536
21058	3.97359024955618
21059	4.1245448024428
21060	4.27677026618026
21061	4.43090322947328
21062	4.58774834587999
21063	4.74851490559149
21064	4.91251084912637
21065	5.07898696949925
21066	5.24805633479987
21067	5.41894183719395
21068	5.59103179384874
21069	5.76441553132886
21070	5.93855284791219
21071	6.11249115651604
21072	6.28632794329731
21073	6.46026293340529
21074	6.63334306325193
21075	6.80449836364235
21076	6.97273181210329
21077	7.13787704533499
21078	7.29958711797432
21079	7.45734060431539
21080	7.61056331691824
21081	7.75730361184393
21082	7.89723353802736
21083	8.0327195152037
21084	8.16569035094549
21085	8.29777226705745
21086	8.4278009514634
21087	8.54862664082539
21088	8.64698549791134
21089	8.71313820425693
21090	8.73393927618982
21091	8.69656610907179
21092	8.6091957711188
21093	8.49613961799408
21094	8.37255034034593
21095	8.23401483807396
21096	8.06561731189969
21097	7.85436343186312
21098	7.60017392845477
21099	7.31621072798228
21100	7.01849488837793
21101	6.71156433268022
21102	6.39447743109345
21103	6.06622187215364
21104	5.73243314209121
21105	5.39990795641678
21106	5.0710952086242
21107	4.74784907257711
21108	4.43193684534348
21109	4.12556856979994
21110	3.83107400446441
21111	3.55116732593219
21112	3.29271679675998
21113	3.05648117344539
21114	2.83800701184132
21115	2.63384210776205
21116	2.44268970096202
21117	2.26493933083369
21118	2.10234179558505
21119	1.95298338606924
21120	1.81287915679965
21121	1.6818473995339
21122	1.56006062134279
21123	1.45059255836472
21124	1.35207773022993
21125	1.26280974016566
21126	1.18329734580442
21127	1.11424116824972
21128	1.05676894386142
21129	1.00799708068301
21130	0.965622342079827
21131	0.928628721970436
21132	0.894265317817958
21133	0.860978033187581
21134	0.828855791272097
21135	0.79799661868773
21136	0.769164620735546
21137	0.741576101076139
21138	0.713940152414849
21139	0.685603370390326
21140	0.65598750479377
21141	0.624307415217768
21142	0.59018128338759
21143	0.553411593904962
21144	0.514091097967972
21145	0.473954882747654
21146	0.434893035148347
21147	0.397543133765861
21148	0.361383360667717
21149	0.325201111757438
21150	0.286011943593038
21151	0.243228479549804
21152	0.196545919031119
21153	0.144642127273287
21154	0.087344655428853
21155	0.0229960271373843
21156	-0.0499920945183736
21157	-0.129430057588336
21158	-0.208902753723426
21159	-0.284479712573587
21160	-0.35690052863273
21161	-0.425972115152052
21162	-0.489849197956095
21163	-0.550808569805359
21164	-0.612476546743526
21165	-0.676607810595723
21166	-0.743388161044785
21167	-0.811657568841821
21168	-0.881333290688068
21169	-0.953019051495931
21170	-1.0305244302247
21171	-1.11510143290123
21172	-1.20292055160147
21173	-1.28810841226071
21174	-1.36958364984866
21175	-1.44735169561706
21176	-1.5174524943267
21177	-1.58004434979751
21178	-1.64000309878642
21179	-1.69740673076263
21180	-1.75326928267199
21181	-1.80922690441334
21182	-1.86137029606967
21183	-1.90933158816558
21184	-1.95656843040311
21185	-2.00182529867226
21186	-2.04441090676711
21187	-2.08489384894232
21188	-2.12099977130487
21189	-2.15504368269044
21190	-2.19243147858213
21191	-2.23489375604915
21192	-2.28134774481659
21193	-2.32706574363691
21194	-2.36831489237764
21195	-2.40681510503921
21196	-2.45050099471087
21197	-2.50601616186474
21198	-2.56559962588138
21199	-2.61727193886421
21200	-2.65782985925889
21201	-2.69515865548205
21202	-2.74218320844184
21203	-2.80385318540515
21204	-2.87219107136979
21205	-2.93262561622861
21206	-2.97777508133119
21207	-3.01236635634412
21208	-3.04916597744951
21209	-3.09665368385631
21210	-3.15226975411929
21211	-3.20434419855491
21212	-3.24365465443914
21213	-3.27285660085155
21214	-3.30373889331055
21215	-3.34485261830571
21216	-3.39365269992217
21217	-3.43860328414092
21218	-3.46872185930652
21219	-3.48755525094606
21220	-3.50955040750321
21221	-3.54228133884987
21222	-3.58070579413896
21223	-3.61433847580633
21224	-3.63719257177911
21225	-3.65342781202464
21226	-3.67362734805281
21227	-3.70293653025647
21228	-3.73752301063076
21229	-3.76774377742729
21230	-3.78810416477523
21231	-3.80488188099648
21232	-3.82645577783076
21233	-3.85502340511323
21234	-3.88338418975118
21235	-3.90381355110037
21236	-3.91662010263568
21237	-3.93006345246991
21238	-3.94940541512062
21239	-3.97390946589067
21240	-3.99738588966814
21241	-4.01422378134153
21242	-4.02545352316498
21243	-4.0379602646211
21244	-4.05639194817983
21245	-4.07921269987395
21246	-4.10025052300363
21247	-4.11452240438145
21248	-4.12484120512539
21249	-4.13807655279811
21250	-4.15847224496777
21251	-4.18432453380966
21252	-4.21020880073618
21253	-4.232994320304
21254	-4.25468568747554
21255	-4.27740551564627
21256	-4.30212228876114
21257	-4.32743466157484
21258	-4.35354752707662
21259	-4.38007052719071
21260	-4.40749356075554
21261	-4.43561747050639
21262	-4.46147349459565
21263	-4.48496089289078
21264	-4.50605279371284
21265	-4.52683003953773
21266	-4.54935608354907
21267	-4.57450800491786
21268	-4.59734453471328
21269	-4.61336214043957
21270	-4.62462232289621
21271	-4.6385156655891
21272	-4.66217728072071
21273	-4.69320716305617
21274	-4.72124943888791
21275	-4.73970093979837
21276	-4.75217738186515
21277	-4.7668565160758
21278	-4.78810759196886
21279	-4.81056038718185
21280	-4.82446705118347
21281	-4.82655294636722
21282	-4.82587710265002
21283	-4.83178010134053
21284	-4.84535675228222
21285	-4.85780719098624
21286	-4.85982013753471
21287	-4.85230750736661
21288	-4.84602423972981
21289	-4.84942713264664
21290	-4.86115137004714
21291	-4.87179172474965
21292	-4.87444114285277
21293	-4.87355012379723
21294	-4.87767350744262
21295	-4.89047720520904
21296	-4.90522664955199
21297	-4.91259547811734
21298	-4.91024403100026
21299	-4.90602914259727
21300	-4.90887202405465
21301	-4.91741915843005
21302	-4.92153132135321
21303	-4.91499441344592
21304	-4.90307795655779
21305	-4.89587516112425
21306	-4.89785147611113
21307	-4.90438629644857
21308	-4.90728914851612
21309	-4.90201850165489
21310	-4.89539215803101
21311	-4.89615899046902
21312	-4.90310725649373
21313	-4.90702466967837
21314	-4.90236759660946
21315	-4.89254015762173
21316	-4.88513253873321
21317	-4.88402113306213
21318	-4.88632593876066
21319	-4.88533561788564
21320	-4.87703994947858
21321	-4.86480914902377
21322	-4.85619488327552
21323	-4.85479634210106
21324	-4.85424864738757
21325	-4.84812567768698
21326	-4.83528110524129
21327	-4.82268236431193
21328	-4.81606720551531
21329	-4.81282059312459
21330	-4.80746584879344
21331	-4.79680576366961
21332	-4.77997030759729
21333	-4.7626975404017
21334	-4.75148150736644
21335	-4.74629834494547
21336	-4.74002706354512
21337	-4.72789002421552
21338	-4.71130599129394
21339	-4.69613090974679
21340	-4.68784745085501
21341	-4.6860231776711
21342	-4.6836981452427
21343	-4.67459255970733
21344	-4.65839646140703
21345	-4.64175561460275
21346	-4.62915179167077
21347	-4.61871776857639
21348	-4.60556550812253
21349	-4.58608343540242
21350	-4.5607447658767
21351	-4.53524799556822
21352	-4.51437039461152
21353	-4.49854234010587
21354	-4.48315522640787
21355	-4.46275770373592
21356	-4.4386383692915
21357	-4.41536486315793
21358	-4.39532718232818
21359	-4.37891060541172
21360	-4.36389735408443
21361	-4.34711565993668
21362	-4.32933676704716
21363	-4.3144396508138
21364	-4.3046234101443
21365	-4.297447905395
21366	-4.2910939345413
21367	-4.28483710979425
21368	-4.2810648223446
21369	-4.27980165573392
21370	-4.28001564784363
21371	-4.28057291138752
21372	-4.28058782985421
21373	-4.27976832934051
21374	-4.27704417643514
21375	-4.27160494493028
21376	-4.26479726639848
21377	-4.25724951393224
21378	-4.24996410325585
21379	-4.24260330921628
21380	-4.23312544680345
21381	-4.22185280547276
21382	-4.20946920539295
21383	-4.19635066247718
21384	-4.18261103453007
21385	-4.16929527099889
21386	-4.1563488602515
21387	-4.14377679286288
21388	-4.13056230904513
21389	-4.11669726508015
21390	-4.10186620281165
21391	-4.08686584722626
21392	-4.07192056360142
21393	-4.05716182384291
21394	-4.0416001510204
21395	-4.0261915531177
21396	-4.01235671411784
21397	-3.99966101952869
21398	-3.98810061809731
21399	-3.97564043767851
21400	-3.96115716541659
21401	-3.94473923292118
21402	-3.9290707198132
21403	-3.91526203971356
21404	-3.90343389247328
21405	-3.88791945168472
21406	-3.86419269736974
21407	-3.83339919892052
21408	-3.80144288667138
21409	-3.7710017401816
21410	-3.74054691330518
21411	-3.70599279817236
21412	-3.66296599532613
21413	-3.61411492895921
21414	-3.56762109116674
21415	-3.52789225833421
21416	-3.49357252064601
21417	-3.45794576250183
21418	-3.41583855030046
21419	-3.36859742285104
21420	-3.32398296282541
21421	-3.28941457662436
21422	-3.26325276842382
21423	-3.23593922095951
21424	-3.20262032050116
21425	-3.16582698395961
21426	-3.13266951873579
21427	-3.11118201386201
21428	-3.09772677896921
21429	-3.08183697510186
21430	-3.05805694136874
21431	-3.03158735874649
21432	-3.01113068030548
21433	-2.99904153480869
21434	-2.98651008866582
21435	-2.96619795997155
21436	-2.94137985650504
21437	-2.92083683714071
21438	-2.90957237402089
21439	-2.90131110016068
21440	-2.886696209179
21441	-2.86270297272543
21442	-2.83323998343488
21443	-2.80893993944843
21444	-2.79678135302082
21445	-2.79412985550676
21446	-2.78930271600218
21447	-2.77460595092914
21448	-2.75153673747011
21449	-2.73089832150506
21450	-2.72276559564697
21451	-2.72486744686834
21452	-2.72523846118978
21453	-2.7155143680338
21454	-2.69967843247215
21455	-2.68790134107389
21456	-2.68665817413122
21457	-2.68908213682132
21458	-2.6861373959634
21459	-2.67579960477757
21460	-2.66565260503684
21461	-2.66255602659158
21462	-2.6639978590628
21463	-2.66237226890839
21464	-2.65286206848212
21465	-2.63806530226683
21466	-2.62398208452047
21467	-2.61462891456544
21468	-2.60657973950948
21469	-2.59383654580191
21470	-2.5742637585686
21471	-2.5530908545251
21472	-2.53520211848086
21473	-2.52181197788544
21474	-2.50921034367637
21475	-2.49258092070367
21476	-2.47099001778374
21477	-2.44763397291163
21478	-2.42523958706909
21479	-2.40416378008203
21480	-2.38194149622605
21481	-2.3564812381088
21482	-2.33050940070672
21483	-2.30676489232488
21484	-2.28617911684608
21485	-2.26785424265355
21486	-2.25110188182724
21487	-2.2352145328478
21488	-2.22033677263461
21489	-2.20477588496616
21490	-2.18872097806213
21491	-2.17327411039508
21492	-2.15973463275553
21493	-2.14663945492027
21494	-2.13408581057102
21495	-2.12105823189229
21496	-2.10861422348847
21497	-2.09949304529127
21498	-2.09493045036352
21499	-2.09278686205818
21500	-2.09156971428509
21501	-2.09222276187469
21502	-2.09456894563183
21503	-2.0971159517506
21504	-2.09870333068291
21505	-2.10049191418578
21506	-2.10276385434943
21507	-2.10633224406586
21508	-2.11094835467829
21509	-2.11716390921161
21510	-2.12487176278507
21511	-2.1328865806441
21512	-2.13941649174498
21513	-2.14275031500321
21514	-2.14255393423969
21515	-2.14077999615164
21516	-2.13738316500276
21517	-2.13377717752357
21518	-2.12959748373509
21519	-2.12314744441713
21520	-2.11573625303106
21521	-2.1084219843571
21522	-2.1021807385659
21523	-2.09653940545793
21524	-2.09193785686018
21525	-2.08675720341281
21526	-2.08182209301566
21527	-2.07754901946327
21528	-2.07485469737353
21529	-2.07356121019515
21530	-2.07339397627278
21531	-2.07432830377688
21532	-2.07524440884438
21533	-2.07652827687419
21534	-2.07773746616813
21535	-2.07845983770777
21536	-2.07796616706821
21537	-2.07654150679803
21538	-2.07415256864209
21539	-2.07387976862412
21540	-2.07472607330448
21541	-2.07638534101995
21542	-2.07783153783529
21543	-2.07805501499544
21544	-2.07614072692511
21545	-2.07287326643733
21546	-2.07003032585078
21547	-2.06832850894181
21548	-2.06735944707719
21549	-2.06709693784152
21550	-2.06697151280086
21551	-2.06676600261743
21552	-2.06619670304692
21553	-2.0649000617754
21554	-2.06332503039561
21555	-2.06214486090541
21556	-2.0601461667314
21557	-2.05707676338079
21558	-2.05301705765808
21559	-2.04857170444702
21560	-2.04517998427623
21561	-2.04357832368382
21562	-2.04425613807993
21563	-2.04599499459463
21564	-2.04773015787656
21565	-2.04833709606468
21566	-2.0480848598432
21567	-2.04672767176902
21568	-2.04518990768921
21569	-2.04387548816017
21570	-2.04233352620352
21571	-2.03957297903903
21572	-2.03596955724332
21573	-2.03056530985735
21574	-2.02330160698494
21575	-2.0139541099863
21576	-2.00246646859546
21577	-1.99017045665731
21578	-1.9786544473057
21579	-1.96895403776007
21580	-1.96008247402268
21581	-1.95165851889388
21582	-1.94131376113838
21583	-1.92996568799465
21584	-1.9183990373063
21585	-1.90884502901166
21586	-1.90323286198229
21587	-1.90176705637445
21588	-1.9015163199821
21589	-1.90067002948389
21590	-1.89820422135815
21591	-1.89580150903139
21592	-1.89455979921194
21593	-1.89512029342279
21594	-1.89692216146452
21595	-1.89839668647773
21596	-1.89859960547451
21597	-1.89869251750794
21598	-1.89931826294586
21599	-1.89991710957903
21600	-1.89968898677384
21601	-1.89843914841808
21602	-1.89665240517842
21603	-1.89552922259377
21604	-1.89624539743413
21605	-1.89798309664536
21606	-1.89929875594017
21607	-1.89906442091408
21608	-1.8972143686105
21609	-1.8956566158771
21610	-1.89626869373169
21611	-1.89595767363384
21612	-1.89280440052519
21613	-1.88599062375671
21614	-1.87869658838521
21615	-1.87286698986924
21616	-1.86853417656959
21617	-1.86385780233992
21618	-1.85800577914244
21619	-1.8504691579452
21620	-1.84298387775507
21621	-1.83710681963369
21622	-1.83328700181863
21623	-1.82996644804402
21624	-1.82556154524791
21625	-1.81974565604094
21626	-1.8148685001094
21627	-1.81247141740319
21628	-1.80983380815256
21629	-1.80466631082463
21630	-1.79591520853581
21631	-1.78622753265341
21632	-1.77828955467431
21633	-1.7724370029959
21634	-1.76722925635017
21635	-1.76163030225773
21636	-1.75506484767353
21637	-1.75035087660589
21638	-1.74783368061117
21639	-1.74646608281667
21640	-1.74550757751649
21641	-1.74425799097076
21642	-1.74192313770459
21643	-1.73966036024326
21644	-1.73784876738936
21645	-1.73606649611196
21646	-1.73398074227982
21647	-1.73028451358777
21648	-1.72744150938157
21649	-1.72707265263045
21650	-1.73009976253002
21651	-1.73357343312278
21652	-1.73465992932975
21653	-1.7325208395834
21654	-1.73005206680258
21655	-1.72973822690403
21656	-1.73277068181793
21657	-1.73664333675701
21658	-1.73901671977338
21659	-1.74036199762526
21660	-1.74386662338334
21661	-1.75184022307089
21662	-1.7605623226151
21663	-1.76669194590625
21664	-1.76881509302227
21665	-1.77083669546372
21666	-1.77701563943513
21667	-1.78707934564403
21668	-1.79545981437961
21669	-1.79912803167567
21670	-1.79834575255993
21671	-1.79769301130714
21672	-1.80121252268294
21673	-1.8079649008636
21674	-1.81378260884655
21675	-1.81595216379202
21676	-1.81706844783262
21677	-1.82089110726551
21678	-1.8290556895554
21679	-1.83792853427094
21680	-1.84407498673849
21681	-1.84602727491545
21682	-1.84575916347458
21683	-1.84762135765158
21684	-1.8526106175124
21685	-1.85722190287523
21686	-1.85891941204652
21687	-1.85682140665575
21688	-1.85445565133921
21689	-1.85535985672398
21690	-1.85996314814659
21691	-1.8638058500806
21692	-1.86389971826587
21693	-1.86061439115147
21694	-1.85774811541942
21695	-1.85958689362109
21696	-1.86664664824322
21697	-1.87440320272389
21698	-1.8779599568723
21699	-1.87695560433472
21700	-1.87685238105118
21701	-1.88311452202762
21702	-1.8955929681214
21703	-1.90822389307904
21704	-1.91463910977095
21705	-1.91542220851174
21706	-1.91693812550478
21707	-1.92404654047714
21708	-1.93552048888249
21709	-1.94599339770255
21710	-1.95071736729006
21711	-1.95160468970205
21712	-1.95489922542369
21713	-1.96403452923273
21714	-1.97361378672766
21715	-1.97624250794686
21716	-1.97066462768677
21717	-1.96502489944767
21718	-1.96576221302987
21719	-1.97076112849643
21720	-1.97229612449508
21721	-1.96533021001254
21722	-1.95236608340757
21723	-1.94130347402569
21724	-1.93758543751247
21725	-1.94027892880205
21726	-1.94128364245968
21727	-1.93468418450351
21728	-1.92116123267315
21729	-1.90762094856893
21730	-1.8996133059658
21731	-1.89714990919145
21732	-1.89352599333449
21733	-1.88215179063994
21734	-1.86397602241636
21735	-1.8471605688376
21736	-1.83822294377955
21737	-1.83687949796098
21738	-1.83600703587005
21739	-1.82781217813279
21740	-1.8126970622419
21741	-1.79841609140765
21742	-1.79050403574967
21743	-1.78812817062938
21744	-1.78359154384243
21745	-1.76983781297518
21746	-1.74783322385312
21747	-1.72564405214132
21748	-1.70997763466017
21749	-1.69984644224216
21750	-1.68906139244152
21751	-1.67248891665127
21752	-1.6505699754909
21753	-1.63044643311903
21754	-1.61719611791597
21755	-1.60777433649731
21756	-1.59796377749106
21757	-1.58408753813449
21758	-1.56866271616081
21759	-1.55557472192168
21760	-1.54692701906633
21761	-1.53962998745511
21762	-1.52809647688618
21763	-1.5116102089409
21764	-1.49598613206412
21765	-1.48399710379454
21766	-1.47489321576554
21767	-1.46521750932264
21768	-1.45150290201553
21769	-1.43344809055974
21770	-1.4159654376555
21771	-1.40316438311031
21772	-1.39472850794102
21773	-1.38618134067175
21774	-1.37237338125853
21775	-1.3536270761118
21776	-1.33557011123266
21777	-1.32295226361203
21778	-1.31503718574691
21779	-1.3088857252323
21780	-1.30199943013101
21781	-1.29519324478151
21782	-1.29047182638357
21783	-1.28946212334186
21784	-1.29029439299054
21785	-1.28933843026261
21786	-1.28616783554972
21787	-1.28127428928424
21788	-1.27694001270241
21789	-1.27393640087065
21790	-1.27107483088643
21791	-1.26609943137892
21792	-1.25761600682436
21793	-1.24860394844172
21794	-1.24182485343695
21795	-1.23837364061214
21796	-1.23498690708727
21797	-1.23047343691466
21798	-1.22432498702747
21799	-1.21859254293718
21800	-1.2153344441259
21801	-1.21479769274295
21802	-1.2138036965813
21803	-1.20926475558526
21804	-1.20199012135086
21805	-1.19488021446242
21806	-1.19033622058317
21807	-1.18883474662212
21808	-1.18731936729198
21809	-1.18278062877087
21810	-1.17497092490459
21811	-1.16690734618604
21812	-1.16085428478818
21813	-1.15535851619247
21814	-1.14889306536089
21815	-1.13997830183612
21816	-1.1320085922236
21817	-1.12768071079897
21818	-1.1276940906836
21819	-1.12832570284707
21820	-1.12808026281668
21821	-1.12622079481207
21822	-1.12397792774982
21823	-1.12244994217011
21824	-1.12121767769991
21825	-1.11781136919138
21826	-1.11104020258875
21827	-1.10250244792236
21828	-1.09445014308472
21829	-1.08787722820893
21830	-1.08287484974014
21831	-1.07775049738767
21832	-1.07018922745979
21833	-1.06125168646865
21834	-1.05439726699156
21835	-1.05061922012005
21836	-1.04703574568721
21837	-1.04043229877816
21838	-1.03063652046228
21839	-1.02030059306467
21840	-1.01274933603142
21841	-1.00915248181865
21842	-1.00728696113288
21843	-1.003663328149
21844	-0.996399379746274
21845	-0.987654404200874
21846	-0.98012725794546
21847	-0.975758708064699
21848	-0.970220204592664
21849	-0.959858914105893
21850	-0.946069669700065
21851	-0.934240125732432
21852	-0.926473396223983
21853	-0.920609349722286
21854	-0.913568042980455
21855	-0.903463767724274
21856	-0.892041494547041
21857	-0.882952053695691
21858	-0.878043828178599
21859	-0.874284852867493
21860	-0.868472574158956
21861	-0.859117611948771
21862	-0.850403642199714
21863	-0.84654393459725
21864	-0.847460472432555
21865	-0.84909210209977
21866	-0.846499017246732
21867	-0.837998530525706
21868	-0.828539699049897
21869	-0.822853939154198
21870	-0.820564192954778
21871	-0.815779439639827
21872	-0.805083710300907
21873	-0.793202841091326
21874	-0.786165202739104
21875	-0.785606289085667
21876	-0.78725762736191
21877	-0.786857009972645
21878	-0.782377824576218
21879	-0.776286977957917
21880	-0.772207740272504
21881	-0.771769893224788
21882	-0.770711560506943
21883	-0.76475874481083
21884	-0.755030611056048
21885	-0.747541543136071
21886	-0.745663809337217
21887	-0.747616025296449
21888	-0.747245861704271
21889	-0.739511673979587
21890	-0.72687629300737
21891	-0.715974327868291
21892	-0.709954828335996
21893	-0.707900398134741
21894	-0.704543330289435
21895	-0.695855515343214
21896	-0.684549494282582
21897	-0.677366120234671
21898	-0.677676531837701
21899	-0.681301664535479
21900	-0.680993909956531
21901	-0.672892325813919
21902	-0.661890864486011
21903	-0.655073126989317
21904	-0.65511755743982
21905	-0.655876037227183
21906	-0.649920991528099
21907	-0.634920582317795
21908	-0.617536938204455
21909	-0.605960186384716
21910	-0.601326505714371
21911	-0.597733397024157
21912	-0.590376985951867
21913	-0.581758085270449
21914	-0.577672082914338
21915	-0.582054751810528
21916	-0.589683590428487
21917	-0.593202016061133
21918	-0.589512177340031
21919	-0.584584590551128
21920	-0.58586238818702
21921	-0.593895495204872
21922	-0.602554920702801
21923	-0.6066999139618
21924	-0.605899327300091
21925	-0.604429604210814
21926	-0.607096671423122
21927	-0.614472105072947
21928	-0.621810377450475
21929	-0.624849497778037
21930	-0.626058949841405
21931	-0.629577953011728
21932	-0.636863693573595
21933	-0.643726762240025
21934	-0.646614589442827
21935	-0.644678249733196
21936	-0.639461209189102
21937	-0.634315920375797
21938	-0.630940090254884
21939	-0.627687999267117
21940	-0.622871740790833
21941	-0.61719009115024
21942	-0.613052878895456
21943	-0.612972560218799
21944	-0.617357305327263
21945	-0.622282500883861
21946	-0.624535094852203
21947	-0.623738383368206
21948	-0.621136464035559
21949	-0.6202964028291
21950	-0.622671342983666
21951	-0.627188052258756
21952	-0.631683913716749
21953	-0.635280369701443
21954	-0.63685726268415
21955	-0.638015768655262
21956	-0.640855380628471
21957	-0.643529464364612
21958	-0.645463368651063
21959	-0.646662897293811
21960	-0.64735852775325
21961	-0.648185867624261
21962	-0.648552259066539
21963	-0.648376237835541
21964	-0.648488491408633
21965	-0.649722623399051
21966	-0.652919117558466
21967	-0.658130402734004
21968	-0.663241405719859
21969	-0.667718932944652
21970	-0.671974485363725
21971	-0.67606932487973
21972	-0.679056013358754
21973	-0.680875170303309
21974	-0.681968292023133
21975	-0.682568552654022
21976	-0.683125177509457
21977	-0.684368829254475
21978	-0.687908427025967
21979	-0.693572820859389
21980	-0.700638286424433
21981	-0.709209188001597
21982	-0.720561219021398
21983	-0.733617181267739
21984	-0.7449645225256
21985	-0.751666658840857
21986	-0.750391801455481
21987	-0.737893770886784
21988	-0.711253144219267
21989	-0.666915133128672
21990	-0.600939689381426
21991	-0.511380520171613
21992	-0.397524164089716
21993	-0.260009959380182
21994	-0.100904682819064
21995	0.0787763328439655
21996	0.278380235000466
21997	0.494647251105426
21998	0.724123099604144
21999	0.965098174995068
22000	1.21090743593745
22001	1.45244662642672
22002	1.68104071745601
22003	1.88944776063276
22004	2.0713421541433
22005	2.22430404548264
22006	2.35368036711178
22007	2.47846494572449
22008	2.61603398286919
22009	2.75748984004936
22010	2.87980677595008
22011	2.97366809761041
22012	3.05458080773946
22013	3.13662952697196
22014	3.21620394515279
22015	3.28033302502109
22016	3.31992898742542
22017	3.34240917575676
22018	3.36350998965702
22019	3.39560152758406
22020	3.44876760714594
22021	3.53185976559092
22022	3.65304383924863
22023	3.81071976478809
22024	3.98901319956262
22025	4.17072535958111
22026	4.34651586833705
22027	4.50825419409739
22028	4.64866771088207
22029	4.76591079527245
22030	4.86589217506439
22031	4.96374398020212
22032	5.07686946777531
22033	5.20820424040883
22034	5.34199105788702
22035	5.45982441249818
22036	5.55419268248678
22037	5.62918421345942
22038	5.69552104945197
22039	5.76646183417982
22040	5.85290253124585
22041	5.95929628892437
22042	6.08058993380002
22043	6.20785029590719
22044	6.33669770640728
22045	6.46998837981552
22046	6.60880929644689
22047	6.74601954630228
22048	6.87707993521039
22049	6.9975334943743
22050	7.09264682980686
22051	7.15776227973515
22052	7.19542500526431
22053	7.1996258361054
22054	7.16941156786125
22055	7.10641568736184
22056	7.0105351563851
22057	6.88242150129034
22058	6.72151432619109
22059	6.52773124775915
22060	6.30146934514066
22061	6.04212673070686
22062	5.74912825176968
22063	5.42347902361749
22064	5.06710794391011
22065	4.68088066067905
22066	4.26558248908199
22067	3.82524903174095
22068	3.36497457708118
22069	2.88839414230871
22070	2.39854900073951
22071	1.8998881113411
22072	1.39869223611803
22073	0.900271419448386
22074	0.408846349608065
22075	-0.0704279945233714
22076	-0.532044041841757
22077	-0.969658174712763
22078	-1.37197003840178
22079	-1.72829428091704
22080	-2.04261762922348
22081	-2.31697855388486
22082	-2.55804969226286
22083	-2.78006769231398
22084	-2.98786218926271
22085	-3.18503677864323
22086	-3.37151539963131
22087	-3.54062632011467
22088	-3.68659002113226
22089	-3.81060012196579
22090	-3.91987818248795
22091	-4.02015356270081
22092	-4.10956618327289
22093	-4.18401306073239
22094	-4.24312141437995
22095	-4.29135859782871
22096	-4.33586308280551
22097	-4.37960377053044
22098	-4.4165017502507
22099	-4.44027471464589
22100	-4.45470322708464
22101	-4.46782815617008
22102	-4.48587486338445
22103	-4.50725994512092
22104	-4.52315659700157
22105	-4.52990618737743
22106	-4.53279283187733
22107	-4.53980744638946
22108	-4.55407817085093
22109	-4.56807344253716
22110	-4.57484768411094
22111	-4.57504256019283
22112	-4.57531610403688
22113	-4.58314890853124
22114	-4.59534987464677
22115	-4.60202231228215
22116	-4.59955325197691
22117	-4.5904005337788
22118	-4.58096372808877
22119	-4.57843660118088
22120	-4.58037070196481
22121	-4.57753453041972
22122	-4.5658054581135
22123	-4.5478396010264
22124	-4.5314442366129
22125	-4.52334606119249
22126	-4.51783282942913
22127	-4.50577889206192
22128	-4.48703113267091
22129	-4.4704310449287
22130	-4.46559929721167
22131	-4.47080004343206
22132	-4.47278690431536
22133	-4.4625700763174
22134	-4.44160014219998
22135	-4.41909906550474
22136	-4.40529466884695
22137	-4.3986996925618
22138	-4.38813263794274
22139	-4.36702074000769
22140	-4.33850549283504
22141	-4.3125400464846
22142	-4.29662511545497
22143	-4.28704615922378
22144	-4.27288521538506
22145	-4.24847272498908
22146	-4.21857158449021
22147	-4.19357782117459
22148	-4.17865116081698
22149	-4.16330483928999
22150	-4.13705218068439
22151	-4.10189976701278
22152	-4.0674370831615
22153	-4.04473594660902
22154	-4.03254854934325
22155	-4.01708662434105
22156	-3.9905063271528
22157	-3.95659364550468
22158	-3.92712690246173
22159	-3.9096469524062
22160	-3.8956015883893
22161	-3.87278064972556
22162	-3.83937862688755
22163	-3.80401543743207
22164	-3.78155652371188
22165	-3.777947477867
22166	-3.77854391601463
22167	-3.76658668563237
22168	-3.74133979866177
22169	-3.71553217561961
22170	-3.70338705853296
22171	-3.70572422934649
22172	-3.70636327128309
22173	-3.68987669707044
22174	-3.65859306411214
22175	-3.62859079050345
22176	-3.61387202199423
22177	-3.61204940255645
22178	-3.60675327136796
22179	-3.58584902287871
22180	-3.55529470932246
22181	-3.53370669604479
22182	-3.53180598461789
22183	-3.53629883637855
22184	-3.5276704034748
22185	-3.50341295607155
22186	-3.47786983652879
22187	-3.46681609919085
22188	-3.47135058986918
22189	-3.47374297670937
22190	-3.45597580809129
22191	-3.41952054486221
22192	-3.38222137816236
22193	-3.36081410087367
22194	-3.3508129419433
22195	-3.33299919709476
22196	-3.29684898767699
22197	-3.24900087543354
22198	-3.2044085841611
22199	-3.16992024238354
22200	-3.13492976085365
22201	-3.08949655053811
22202	-3.03353070412125
22203	-2.97366413096576
22204	-2.91536828887568
22205	-2.86148090259058
22206	-2.808884372108
22207	-2.75208507261238
22208	-2.68921429863313
22209	-2.62804928862065
22210	-2.58127195604356
22211	-2.5420672361661
22212	-2.49593224947453
22213	-2.43777264227703
22214	-2.37482811515825
22215	-2.3235704137247
22216	-2.2923504483759
22217	-2.26841122236279
22218	-2.23126694938046
22219	-2.17350303183696
22220	-2.10591477139702
22221	-2.04637791187829
22222	-2.00176972492609
22223	-1.9615997174937
22224	-1.91505763998091
22225	-1.86138155573602
22226	-1.81054973406194
22227	-1.77198555658072
22228	-1.73976626322614
22229	-1.70331549860695
22230	-1.65968701654188
22231	-1.61380524585148
22232	-1.57397005817742
22233	-1.5440870046937
22234	-1.51626447381529
22235	-1.47701715925288
22236	-1.42205470097751
22237	-1.36149912288943
22238	-1.30931225132761
22239	-1.26906702107492
22240	-1.23203355525386
22241	-1.19534629870312
22242	-1.1617188151579
22243	-1.13392275607
22244	-1.11332505922603
22245	-1.09449416022588
22246	-1.07385022786931
22247	-1.05114214153876
22248	-1.03080745704563
22249	-1.01335978785632
22250	-0.998500551416139
22251	-0.987909940475871
22252	-0.983818857517282
22253	-0.986618949126243
22254	-0.990894625017992
22255	-0.994847998629835
22256	-0.997797284619019
22257	-1.0007951496141
22258	-1.00415611400244
22259	-1.0078172101838
22260	-1.0106329835116
22261	-1.0127270244609
22262	-1.01728935994367
22263	-1.02706032147695
22264	-1.04006552134315
22265	-1.05211730175977
22266	-1.06171455346168
22267	-1.06989228200185
22268	-1.08189165123683
22269	-1.09966571230006
22270	-1.12115137283376
22271	-1.14152674510529
22272	-1.16012748535788
22273	-1.18336483743302
22274	-1.21772526827699
22275	-1.26438366962823
22276	-1.31802125317256
22277	-1.37105966924984
22278	-1.41984759368854
22279	-1.46687032369938
22280	-1.51432892471505
22281	-1.56165423794361
22282	-1.60738486292577
22283	-1.65319375591569
22284	-1.70072705105837
22285	-1.74933579508907
22286	-1.80035084748515
22287	-1.85640666883202
22288	-1.91717059723006
22289	-1.98246625315032
22290	-2.05385909623818
22291	-2.13189717161674
22292	-2.21730752514231
22293	-2.30971223109182
22294	-2.40765031136052
22295	-2.50759589226901
22296	-2.60793875703883
22297	-2.70736427212254
22298	-2.80229842445528
22299	-2.89426132315489
22300	-2.9861180402109
22301	-3.08148066896142
22302	-3.18518728197953
22303	-3.30103646484496
22304	-3.4326307756994
22305	-3.58140144702
22306	-3.74698478871302
22307	-3.92835765080868
22308	-4.12380142562495
22309	-4.33078025884099
22310	-4.547406302542
22311	-4.7714508804608
22312	-4.99996588841884
22313	-5.23153899139699
22314	-5.46358121876129
22315	-5.69132263906508
22316	-5.91251893337613
22317	-6.12322898518986
22318	-6.31774391476145
22319	-6.49046234423886
22320	-6.63548579197104
22321	-6.7449289840392
22322	-6.81809389386218
22323	-6.85962188345824
22324	-6.87037242228595
22325	-6.85522006928879
22326	-6.81975249845321
22327	-6.76749276163956
22328	-6.70002933904323
22329	-6.6180784380295
22330	-6.52222327436843
22331	-6.41046127708869
22332	-6.28497443083761
22333	-6.15546107614187
22334	-6.03376843765129
22335	-5.92386925210779
22336	-5.8186501346196
22337	-5.70565033930258
22338	-5.57830582838643
22339	-5.43151383630371
22340	-5.26376426236285
22341	-5.07630878939155
22342	-4.87246921019422
22343	-4.65241058781234
22344	-4.41901530332475
22345	-4.18024448963153
22346	-3.93920092883183
22347	-3.69891419287884
22348	-3.45937630330118
22349	-3.21909658890529
22350	-2.97704386626678
22351	-2.73641392001141
22352	-2.49912359151081
22353	-2.26603669771451
22354	-2.04242255517285
22355	-1.83326828908788
22356	-1.63920277740374
22357	-1.45747029225228
22358	-1.28560121196635
22359	-1.12154212185123
22360	-0.964347803553811
22361	-0.817221416298502
22362	-0.683649174267881
22363	-0.565656434801036
22364	-0.458642498040816
22365	-0.35330652139368
22366	-0.247469627769101
22367	-0.13622402662049
22368	-0.0110682415859996
22369	0.132761029273762
22370	0.299151188481759
22371	0.48987878545185
22372	0.704744549719324
22373	0.942559150362224
22374	1.20158872606831
22375	1.47777001670772
22376	1.765377257837
22377	2.05577190457057
22378	2.33743314086914
22379	2.59821922883337
22380	2.83024214393757
22381	3.02619911187284
22382	3.18368288901691
22383	3.31453637576765
22384	3.44242287602662
22385	3.57796819803057
22386	3.70070549167424
22387	3.79097533632802
22388	3.84352731160498
22389	3.85606441465761
22390	3.83398704307734
22391	3.78831149650522
22392	3.72728405355694
22393	3.65721518817765
22394	3.57687497871768
22395	3.48569057473065
22396	3.38281579712593
22397	3.2646694221419
22398	3.13255995078222
22399	2.98748491322661
22400	2.83050831131671
22401	2.6619063369685
22402	2.48059650577577
22403	2.28778456377364
22404	2.08484205148525
22405	1.87235955283545
22406	1.65045209576988
22407	1.41857239788771
22408	1.17773160105768
22409	0.928712079102552
22410	0.671998211991073
22411	0.408715032588124
22412	0.140135801344515
22413	-0.131544100995903
22414	-0.402989224045092
22415	-0.671054360541241
22416	-0.931180422526797
22417	-1.17706011380191
22418	-1.40363845476613
22419	-1.60807139375101
22420	-1.78463186190941
22421	-1.93101428598564
22422	-2.04690074164512
22423	-2.13126084928363
22424	-2.18708520041627
22425	-2.21760093359281
22426	-2.22589712393344
22427	-2.21392659835427
22428	-2.18331397119414
22429	-2.1358939352597
22430	-2.07280812030571
22431	-1.99511499214401
22432	-1.90477888864695
22433	-1.80325598691108
22434	-1.69096837533059
22435	-1.5690362071144
22436	-1.43871930278428
22437	-1.30206554162635
22438	-1.16223826829419
22439	-1.02452990044727
22440	-0.894745677719912
22441	-0.776602883698258
22442	-0.670347485325178
22443	-0.578064919457964
22444	-0.50783665164089
22445	-0.461780090135271
22446	-0.440202037217847
22447	-0.440536213354471
22448	-0.454737171714651
22449	-0.478522564783811
22450	-0.506532308254794
22451	-0.538604767742134
22452	-0.577210412382711
22453	-0.622089085498781
22454	-0.671375753471413
22455	-0.726872874900621
22456	-0.795980430339074
22457	-0.885020257149862
22458	-1.00031047685397
22459	-1.14559531312302
22460	-1.3227870382439
22461	-1.53248239800037
22462	-1.77261581247704
22463	-2.04032901596262
22464	-2.33144698232914
22465	-2.64190350027597
22466	-2.96720586819596
22467	-3.30186604385304
22468	-3.64263669715179
22469	-3.98635002892289
22470	-4.32930978626891
22471	-4.6675935149611
22472	-4.99782083769123
22473	-5.31897599652272
22474	-5.63064573885142
22475	-5.93097085650038
22476	-6.21917874202633
22477	-6.49533250503854
22478	-6.76028498934052
22479	-7.01539729139721
22480	-7.26068369487455
22481	-7.49663952025459
22482	-7.72310379493483
22483	-7.93812748205095
22484	-8.13963032577785
22485	-8.32346740277097
22486	-8.48603873393944
22487	-8.62061693457334
22488	-8.72157321402329
22489	-8.79508803498407
22490	-8.85309506945072
22491	-8.90677607459387
22492	-8.96313202130461
22493	-9.025505797071
22494	-9.09533558082763
22495	-9.17384055127408
22496	-9.2619716655716
22497	-9.35989532337316
22498	-9.46615891135494
22499	-9.57815254778346
22500	-9.69433135820953
22501	-9.8140000621851
22502	-9.9361765404472
22503	-10.0602280879488
22504	-10.1850048035664
22505	-10.3091454307655
22506	-10.4322118913752
22507	-10.5536066439022
22508	-10.6724685195249
22509	-10.7880579288836
22510	-10.9005169074296
22511	-11.0094621678962
22512	-11.1137862102762
22513	-11.2128608552187
22514	-11.3070470044282
22515	-11.3966615714162
22516	-11.4823505523841
22517	-11.5649688372059
22518	-11.6437953973947
22519	-11.7184298972215
22520	-11.7893429516792
22521	-11.8575405440582
22522	-11.9235167688418
22523	-11.9863512670877
22524	-12.0459596830351
22525	-12.1033636713632
22526	-12.1587596336728
22527	-12.2111110634316
22528	-12.2593488221822
22529	-12.3041362720571
22530	-12.3469366459968
22531	-12.3897049492997
22532	-12.4345450592624
22533	-12.4799852350819
22534	-12.5181881808604
22535	-12.5394701894169
22536	-12.5384727174649
22537	-12.5153300616658
22538	-12.4720862595892
22539	-12.410368371122
22540	-12.3305050105291
22541	-12.232347277169
22542	-12.11776357583
22543	-11.9886085602531
22544	-11.8459476382324
22545	-11.6902909518807
22546	-11.521736130414
22547	-11.3406780164134
22548	-11.1481044525196
22549	-10.9446499340441
22550	-10.7302309633788
22551	-10.5066280195207
22552	-10.2752542203716
22553	-10.035554797468
22554	-9.78732810406935
22555	-9.53091837426033
22556	-9.26763561361686
22557	-8.99886975539826
22558	-8.72620558828547
22559	-8.45270678223396
22560	-8.1811659498738
22561	-7.9123013410013
22562	-7.64630723946319
22563	-7.3847799239852
22564	-7.12909065620822
22565	-6.87985279177364
22566	-6.63768746181503
22567	-6.40302422165835
22568	-6.17648288618571
22569	-5.95890828270132
22570	-5.74954921047023
22571	-5.54704612247612
22572	-5.34768657354557
22573	-5.14411079042686
22574	-4.93371187652649
22575	-4.71794811698049
22576	-4.50391259095646
22577	-4.30356366258177
22578	-4.12241345459871
22579	-3.97146097804995
22580	-3.86724653615306
22581	-3.80478470063925
22582	-3.75656964671831
22583	-3.70378479536806
22584	-3.6526658904785
22585	-3.6228366462848
22586	-3.62356548216326
22587	-3.63928844248578
22588	-3.64721516940199
22589	-3.64126903553477
22590	-3.63438725867331
22591	-3.64041748723172
22592	-3.65569547648071
22593	-3.6642154674453
22594	-3.65736904824905
22595	-3.6443367119235
22596	-3.64118273316122
22597	-3.65205387228104
22598	-3.66323943705592
22599	-3.65847518166021
22600	-3.63565983953422
22601	-3.60672269777151
22602	-3.58500151093237
22603	-3.57108112975384
22604	-3.55104376593925
22605	-3.51465382621134
22606	-3.4626421007495
22607	-3.40317482518022
22608	-3.34590761707426
22609	-3.2928119774819
22610	-3.23371410985711
22611	-3.16296426781128
22612	-3.07948284410375
22613	-2.9763307029278
22614	-2.84906436076125
22615	-2.69885933821294
22616	-2.52825877765489
22617	-2.33877595295781
22618	-2.13583582357728
22619	-1.92282959334763
22620	-1.70364976402387
22621	-1.48434489808011
22622	-1.26811925234573
22623	-1.0595481542636
22624	-0.866814646592026
22625	-0.688712372799062
22626	-0.51282912436477
22627	-0.332831841846693
22628	-0.1555597641351
22629	0.00783872217394813
22630	0.152314992301416
22631	0.276886403823966
22632	0.378538128501377
22633	0.455532584490048
22634	0.50762208590669
22635	0.534381218576643
22636	0.536690898160314
22637	0.516227216820761
22638	0.474544660098566
22639	0.414142131198186
22640	0.33786376089709
22641	0.24585200374125
22642	0.137847120324913
22643	0.0153232705896819
22644	-0.118496351070503
22645	-0.255916554922326
22646	-0.3892972771782
22647	-0.516883021019128
22648	-0.640647948085439
22649	-0.765557384908936
22650	-0.897832359262857
22651	-1.04243403132124
22652	-1.2030487517238
22653	-1.38145189546398
22654	-1.57841031844489
22655	-1.793593108787
22656	-2.02665030443826
22657	-2.27668079973765
22658	-2.54238697032077
22659	-2.8230245079359
22660	-3.11600106166684
22661	-3.41892283346109
22662	-3.72925721798393
22663	-4.04347211588137
22664	-4.35923235255609
22665	-4.67339108911737
22666	-4.98303488811163
22667	-5.28704863081781
22668	-5.58351584405866
22669	-5.87106328450275
22670	-6.14926769254855
22671	-6.41601827381018
22672	-6.66938373986069
22673	-6.90888339356134
22674	-7.13464197674338
22675	-7.34801828809477
22676	-7.55001196319156
22677	-7.74087838284182
22678	-7.92045823131039
22679	-8.08833348532163
22680	-8.2451379402956
22681	-8.392249531538
22682	-8.53109914803387
22683	-8.66217306545289
22684	-8.78653245127828
22685	-8.90455941921235
22686	-9.01475805391893
22687	-9.11326112416677
22688	-9.19259837151588
22689	-9.24498110471352
22690	-9.26502766271174
22691	-9.25307361081877
22692	-9.21533313730587
22693	-9.15812608310806
22694	-9.08464198161933
22695	-8.99816056374678
22696	-8.90184341703903
22697	-8.79806869440916
22698	-8.6879552011974
22699	-8.57241589319443
22700	-8.45291416147574
22701	-8.3304269564007
22702	-8.205804097093
22703	-8.0788355868016
22704	-7.94990753009458
22705	-7.82008422900881
22706	-7.68937515221893
22707	-7.55725423400427
22708	-7.423180207734
22709	-7.2862477095477
22710	-7.14581851041621
22711	-7.00239688659442
22712	-6.8560925528391
22713	-6.70617861085878
22714	-6.55187519637534
22715	-6.39287917101761
22716	-6.23002493462757
22717	-6.06393192179806
22718	-5.89483570507158
22719	-5.72347818850747
22720	-5.54999213983063
22721	-5.37464870208144
22722	-5.19777718121468
22723	-5.01938793536815
22724	-4.84080993501129
22725	-4.66312466896243
22726	-4.48611364126306
22727	-4.30988170058471
22728	-4.13473706828723
22729	-3.96103379988428
22730	-3.78854760350535
22731	-3.61727959771828
22732	-3.44783429745704
22733	-3.28004721856786
22734	-3.1145846366804
22735	-2.95170866605646
22736	-2.79241408538485
22737	-2.63730122184323
22738	-2.48546331861436
22739	-2.33722303275844
22740	-2.19263706315855
22741	-2.05097479243391
22742	-1.9119411638452
22743	-1.77541193506179
22744	-1.64097870216855
22745	-1.50824472567242
22746	-1.37644218738552
22747	-1.24567719538333
22748	-1.11670745334292
22749	-0.988676603220287
22750	-0.863108149812848
22751	-0.74781170994213
22752	-0.651954565463823
22753	-0.579364266086986
22754	-0.527439472690334
22755	-0.48771649299248
22756	-0.448872035319926
22757	-0.401112468351521
22758	-0.337497446249564
22759	-0.253802569783915
22760	-0.146700416085076
22761	-0.0135586741774023
22762	0.145562066412836
22763	0.328339250827728
22764	0.532269907411612
22765	0.753159787969628
22766	0.98645314287499
22767	1.22893201919772
22768	1.47706789745475
22769	1.72762671129992
22770	1.97733822996271
22771	2.22261285973681
22772	2.46148314941159
22773	2.69438161086007
22774	2.92223409400457
22775	3.14433062249578
22776	3.36016996060051
22777	3.56925140375685
22778	3.77206493521428
22779	3.96937128580619
22780	4.16081496731291
22781	4.34687167349387
22782	4.52813639956933
22783	4.70514448444321
22784	4.87827637568314
22785	5.04696270563539
22786	5.21137286747125
22787	5.37256645222487
22788	5.53186931892531
22789	5.68906053008444
22790	5.8435479418909
22791	5.99564015248112
22792	6.14483052976209
22793	6.29016230691571
22794	6.43182940979425
22795	6.57058221636535
22796	6.70667620449113
22797	6.84032242371849
22798	6.97172593540182
22799	7.10124526930033
22800	7.22954331082774
22801	7.35666921793885
22802	7.48210790052934
22803	7.60606919732174
22804	7.72947232457741
22805	7.85265143278509
22806	7.97470826601201
22807	8.09539688070323
22808	8.21674109263591
22809	8.3422897407293
22810	8.4751893989222
22811	8.61397249841059
22812	8.75204538470213
22813	8.87880651241167
22814	8.99175269703647
22815	9.0987851791267
22816	9.20476550054727
22817	9.30985842872653
22818	9.41390842064022
22819	9.51727383895342
22820	9.6198948118092
22821	9.72180944684163
22822	9.82227147871112
22823	9.92061598626221
22824	10.0170177112779
22825	10.1111862705954
22826	10.2027162741828
22827	10.2921689269552
22828	10.3801561619022
22829	10.4660827257817
22830	10.5494238037222
22831	10.6296957009082
22832	10.7063431613951
22833	10.7794218346514
22834	10.848473740187
22835	10.9129414815536
22836	10.9739362462395
22837	11.0321245803384
22838	11.0880246776883
22839	11.1414677562861
22840	11.1914749130083
22841	11.237496895219
22842	11.2792211589716
22843	11.3169085781747
22844	11.3515446624442
22845	11.3845434265226
22846	11.4157260100105
22847	11.4449017201467
22848	11.4714439197442
22849	11.4951662451982
22850	11.5166394054293
22851	11.5355661917999
22852	11.5521623248446
22853	11.5665072057081
22854	11.5779190303184
22855	11.5861184006316
22856	11.5917600720636
22857	11.5950754210342
22858	11.5947976274057
22859	11.5889406105022
22860	11.573453631165
22861	11.5415378537286
22862	11.4899724776213
22863	11.419791836133
22864	11.3321700239503
22865	11.2284558703217
22866	11.1122709674113
22867	10.9869088969113
22868	10.8537037738828
22869	10.7148505759742
22870	10.5727457548177
22871	10.4280734861551
22872	10.2817586239265
22873	10.1352854537584
22874	9.98893676395921
22875	9.8421129374537
22876	9.69519409669514
22877	9.54764055945584
22878	9.39816345762172
22879	9.24780303692576
22880	9.09703552256491
22881	8.94592754951006
22882	8.79496149600806
22883	8.64320485026208
22884	8.49111926008357
22885	8.34002640374822
22886	8.18966790307189
22887	8.03908121555292
22888	7.88808717047896
22889	7.73773130126582
22890	7.58960950594415
22891	7.44322908230884
22892	7.29794742599912
22893	7.15508518115265
22894	7.01463113359353
22895	6.87584285110839
22896	6.73863981452911
22897	6.60290648157592
22898	6.46884918345061
22899	6.33721393070353
22900	6.20876035500298
22901	6.0840067257959
22902	5.96417763120746
22903	5.84915339840216
22904	5.73750442165268
22905	5.6296730615183
22906	5.52618366540153
22907	5.42613689727933
22908	5.32835662109889
22909	5.23200417599857
22910	5.13727054909875
22911	5.04410749485267
22912	4.95123743900009
22913	4.85940011909141
22914	4.76882414632881
22915	4.67879369502607
22916	4.59111568175643
22917	4.50674957108705
22918	4.42454364925196
22919	4.34440532461587
22920	4.26666887550418
22921	4.1912700582868
22922	4.11722052306123
22923	4.04435152794537
22924	3.97452202967076
22925	3.9099546127755
22926	3.85383981942121
22927	3.81076457555051
22928	3.78087418887812
22929	3.75899128309195
22930	3.73921528402033
22931	3.71478263351645
22932	3.67858551646157
22933	3.6261235027695
22934	3.55392887709625
22935	3.45979921316122
22936	3.34452216375532
22937	3.20915130503518
22938	3.05569009320403
22939	2.88803624031654
22940	2.707884328586
22941	2.51578910776337
22942	2.31399603624205
22943	2.10544173704912
22944	1.89298107595768
22945	1.67816644864939
22946	1.46180711034455
22947	1.24551209161679
22948	1.03096608646579
22949	0.818718219956535
22950	0.609850486507168
22951	0.404565862424146
22952	0.202672436122245
22953	0.00559791344424966
22954	-0.186768565449089
22955	-0.374850101902731
22956	-0.558303863132102
22957	-0.736728260697365
22958	-0.910394952496314
22959	-1.07998382554532
22960	-1.24494507925839
22961	-1.40491799347278
22962	-1.56032482082615
22963	-1.71217668875311
22964	-1.86097160321889
22965	-2.00744631083172
22966	-2.15211311219268
22967	-2.29404410309204
22968	-2.43328053881069
22969	-2.5707741012467
22970	-2.70674402754546
22971	-2.84082415414556
22972	-2.97270943891489
22973	-3.10207023779024
22974	-3.22897952407766
22975	-3.35324062433119
22976	-3.47548688818756
22977	-3.59678041347425
22978	-3.71747656365167
22979	-3.83759585158544
22980	-3.95682414199541
22981	-4.07530985263625
22982	-4.192290496272
22983	-4.30813630222674
22984	-4.42386191372205
22985	-4.53889925955264
22986	-4.65212532640303
22987	-4.76266926556118
22988	-4.87102536040927
22989	-4.97712079809367
22990	-5.0806660692448
22991	-5.18210565073512
22992	-5.28173747595764
22993	-5.3790369004906
22994	-5.47467199052164
22995	-5.57056487163939
22996	-5.66753375117992
22997	-5.76367533051614
22998	-5.8517822927954
22999	-5.92672430232455
23000	-5.98870165013507
23001	-6.04165371005984
23002	-6.09066924203067
23003	-6.13865772239268
23004	-6.18867966016746
23005	-6.24340841378776
23006	-6.30380762851433
23007	-6.36837385946348
23008	-6.43624745224013
23009	-6.50696553981023
23010	-6.57806225420039
23011	-6.6476765400346
23012	-6.71502409411987
23013	-6.78069696510879
23014	-6.84472733232125
23015	-6.90637681102131
23016	-6.9658732424781
23017	-7.02298106467661
23018	-7.07816327034386
23019	-7.13144417126733
23020	-7.18223558168244
23021	-7.23071926140448
23022	-7.27655667426458
23023	-7.3196913915231
23024	-7.36076731587765
23025	-7.40011182500438
23026	-7.43790637444132
23027	-7.47444315206403
23028	-7.50917653056873
23029	-7.54142018069659
23030	-7.57144533785071
23031	-7.59942909529904
23032	-7.62544958657544
23033	-7.64966050998185
23034	-7.67223587769935
23035	-7.69254913872716
23036	-7.70936677272324
23037	-7.72325278160949
23038	-7.73603872113947
23039	-7.74851495713441
23040	-7.75987585317206
23041	-7.7693424418812
23042	-7.77672669661053
23043	-7.78167480888569
23044	-7.78484015224464
23045	-7.787032272151
23046	-7.78765233900644
23047	-7.78527426701163
23048	-7.77930534349011
23049	-7.76717295909554
23050	-7.74270305683331
23051	-7.7033656494331
23052	-7.64659897472422
23053	-7.56666954440183
23054	-7.45974305070775
23055	-7.32332386873017
23056	-7.15518064753458
23057	-6.95417702667407
23058	-6.72060847937187
23059	-6.4559520327279
23060	-6.16085547854192
23061	-5.83741834531547
23062	-5.48746337404455
23063	-5.11265419766858
23064	-4.71769802826989
23065	-4.30652824152321
23066	-3.88312015202198
23067	-3.45083960343881
23068	-3.01284338758084
23069	-2.5739234864332
23070	-2.13768461019481
23071	-1.70727345074271
23072	-1.28492839273872
23073	-0.872741839552795
23074	-0.473077532819608
23075	-0.087066393613299
23076	0.28463544316738
23077	0.64061859817391
23078	0.980046281358743
23079	1.30431103587548
23080	1.61473998369252
23081	1.91149627349716
23082	2.19535486213912
23083	2.46710380160779
23084	2.72794179705276
23085	2.97923676737089
23086	3.22200686399661
23087	3.45678434760295
23088	3.68380074947555
23089	3.90327966915269
23090	4.11585700450198
23091	4.3223159186225
23092	4.52409117445151
23093	4.72284922644242
23094	4.91866906384774
23095	5.11096963955571
23096	5.29422804782963
23097	5.46129781764108
23098	5.60351791372072
23099	5.71445266235503
23100	5.79081342553546
23101	5.82482915232355
23102	5.8094101790061
23103	5.74172198305223
23104	5.62082463946632
23105	5.44834209799794
23106	5.22656597836662
23107	4.95793381519867
23108	4.64509102029453
23109	4.28995946407225
23110	3.8941157449164
23111	3.45946254162729
23112	2.98904916779674
23113	2.48685985844688
23114	1.9561687719394
23115	1.40117089582781
23116	0.827145468785765
23117	0.240752846285393
23118	-0.35085228389394
23119	-0.940749428006946
23120	-1.52280419845264
23121	-2.09175217988169
23122	-2.64338042309685
23123	-3.17241227894207
23124	-3.67179505029255
23125	-4.13642428299422
23126	-4.56544193977376
23127	-4.9620381498813
23128	-5.32905262215615
23129	-5.66817696161805
23130	-5.98021434513572
23131	-6.26393865178127
23132	-6.51765883056354
23133	-6.74287856038364
23134	-6.94228678472764
23135	-7.11938109912699
23136	-7.27606310653767
23137	-7.41010604902229
23138	-7.51843733767185
23139	-7.59979780809658
23140	-7.65265534087757
23141	-7.67664228989806
23142	-7.67708212292099
23143	-7.65910793185457
23144	-7.62559731936839
23145	-7.57884790781214
23146	-7.52087238405416
23147	-7.45400338939629
23148	-7.37980423812145
23149	-7.29952815917724
23150	-7.21439318289691
23151	-7.12474534463972
23152	-7.03175477580861
23153	-6.936886408382
23154	-6.84133627192979
23155	-6.74788160023446
23156	-6.65787052449052
23157	-6.56907867215693
23158	-6.48234001931178
23159	-6.40011947134168
23160	-6.32038552706622
23161	-6.2375364675559
23162	-6.1492051699513
23163	-6.06150807903694
23164	-5.97738771153266
23165	-5.89274382136328
23166	-5.79842547435109
23167	-5.68257152131153
23168	-5.54381847773708
23169	-5.39558155035238
23170	-5.2455362802245
23171	-5.09153323169157
23172	-4.93013994178751
23173	-4.75575162392743
23174	-4.56576724012228
23175	-4.35858875667322
23176	-4.13397715995086
23177	-3.89235917313689
23178	-3.63390235709776
23179	-3.35905895606858
23180	-3.06984059280622
23181	-2.76931841663867
23182	-2.45950853780315
23183	-2.14308665162177
23184	-1.82314243457673
23185	-1.50214480421921
23186	-1.18351633902964
23187	-0.870202893394174
23188	-0.562267441355586
23189	-0.258293472759401
23190	0.044188868815971
23191	0.346026685391157
23192	0.641489267741675
23193	0.924950835088528
23194	1.19047030246747
23195	1.43721613537023
23196	1.65879630009166
23197	1.84673689044859
23198	2.01026134179513
23199	2.16459948023765
23200	2.31276551378614
23201	2.44794096646071
23202	2.56920953597694
23203	2.6813425671017
23204	2.78974242798144
23205	2.89607887744173
23206	3.00155642262977
23207	3.10900155538099
23208	3.21838783597057
23209	3.32950653372958
23210	3.4444012259861
23211	3.56316791789235
23212	3.6839054762453
23213	3.8058258912083
23214	3.92878114449633
23215	4.05251892600583
23216	4.17591175659334
23217	4.29670547370911
23218	4.41154072402346
23219	4.51845000216834
23220	4.61577663572127
23221	4.70136419117476
23222	4.77584206072398
23223	4.83724144610386
23224	4.8836066443054
23225	4.9124503332383
23226	4.92014554217698
23227	4.90570261861517
23228	4.86648348027887
23229	4.8004168001495
23230	4.70755850327654
23231	4.58803346002921
23232	4.44212830851713
23233	4.27060287773259
23234	4.0743950814112
23235	3.85467554117461
23236	3.61219014699945
23237	3.34813644868587
23238	3.06406792585601
23239	2.76160790019564
23240	2.4434597403364
23241	2.10999441688592
23242	1.76108896212113
23243	1.40033449210788
23244	1.03123008634242
23245	0.655607023865076
23246	0.27678221277129
23247	-0.101759941178732
23248	-0.477038172115733
23249	-0.84600279750969
23250	-1.20487126650701
23251	-1.54785728814555
23252	-1.86825701511294
23253	-2.16016860844708
23254	-2.41574570636819
23255	-2.63340690566426
23256	-2.82106880620733
23257	-2.98863878287447
23258	-3.14681619068365
23259	-3.30541400631643
23260	-3.47037343642794
23261	-3.63879236823626
23262	-3.80371487374245
23263	-3.96210890868663
23264	-4.11417739934294
23265	-4.26079344662511
23266	-4.40195683150754
23267	-4.5358867300329
23268	-4.65764380185742
23269	-4.76510049914579
23270	-4.86391444068207
23271	-4.96127674993626
23272	-5.05540189427993
23273	-5.13853310871689
23274	-5.20697053381057
23275	-5.26457963848709
23276	-5.32096199854969
23277	-5.38244540320787
23278	-5.44446680215443
23279	-5.49719079264703
23280	-5.53616032661643
23281	-5.56541324978982
23282	-5.59371884191686
23283	-5.63001255824197
23284	-5.67622683388977
23285	-5.72520663062459
23286	-5.76792750185111
23287	-5.80291880371093
23288	-5.83930274837229
23289	-5.88123737884731
23290	-5.92146391571624
23291	-5.9510752527573
23292	-5.96882406536396
23293	-5.98415990062114
23294	-6.00580008686132
23295	-6.02867977470541
23296	-6.03977892002056
23297	-6.03466156888858
23298	-6.02006106839075
23299	-6.00685291031163
23300	-6.0031594999674
23301	-6.00690066813397
23302	-6.00838350207125
23303	-6.00177570341507
23304	-5.99144030614491
23305	-5.98687489773445
23306	-5.98790295785386
23307	-5.98363051340804
23308	-5.96506850228977
23309	-5.93307942176842
23310	-5.89518172473611
23311	-5.85712694798382
23312	-5.81578337253409
23313	-5.75916445063489
23314	-5.68253846434156
23315	-5.59688611109488
23316	-5.51678923579784
23317	-5.45210488889208
23318	-5.41011918267917
23319	-5.39607352606167
23320	-5.41485545232864
23321	-5.47061247990146
23322	-5.56279937050652
23323	-5.68555893489662
23324	-5.83273078607116
23325	-6.00023129987123
23326	-6.18421359075462
23327	-6.38291876829083
23328	-6.5964191817319
23329	-6.82394117711204
23330	-7.06253997709345
23331	-7.30574117730672
23332	-7.53992407981104
23333	-7.74602085438603
23334	-7.9116948700119
23335	-8.04473640647283
23336	-8.15617664172201
23337	-8.24809498033634
23338	-8.32174801255378
23339	-8.37883963590941
23340	-8.41908204124619
23341	-8.44373173683223
23342	-8.45619532123366
23343	-8.45509310667271
23344	-8.43664601184604
23345	-8.40168031973955
23346	-8.35328683181489
23347	-8.29492964570871
23348	-8.23061780526776
23349	-8.15993880526541
23350	-8.08213297066886
23351	-7.99682226705208
23352	-7.90240263441812
23353	-7.7982272498786
23354	-7.68320522875226
23355	-7.55888116308729
23356	-7.42633495285282
23357	-7.28564083525378
23358	-7.14106466206677
23359	-6.99549418650829
23360	-6.84528141539322
23361	-6.6868812062838
23362	-6.51618184590251
23363	-6.32815638048412
23364	-6.12032928644785
23365	-5.89224774004259
23366	-5.64497652681687
23367	-5.37890945772489
23368	-5.09431037327448
23369	-4.79393900311448
23370	-4.48056303961781
23371	-4.15651263845705
23372	-3.82488308928309
23373	-3.48850950479921
23374	-3.15134067452264
23375	-2.81716690797766
23376	-2.48810583280852
23377	-2.16612603103904
23378	-1.85275339347354
23379	-1.54937828471526
23380	-1.25398640346809
23381	-0.960531016949379
23382	-0.664392431278287
23383	-0.369851149933517
23384	-0.0903743940535968
23385	0.174660374212268
23386	0.434101669981351
23387	0.690825922713264
23388	0.94686677074716
23389	1.19402173941646
23390	1.42523293834908
23391	1.64739006781234
23392	1.86884474588028
23393	2.09100061267443
23394	2.31339648914704
23395	2.52904895582994
23396	2.7304156375858
23397	2.92342598876635
23398	3.1136754211148
23399	3.30075569534903
23400	3.48703337064606
23401	3.67390426793316
23402	3.85899642381523
23403	4.04178608584774
23404	4.22126521756434
23405	4.39652070063078
23406	4.56589614926907
23407	4.72983419947092
23408	4.88981639564633
23409	5.04579436941759
23410	5.19790124023557
23411	5.34273220280515
23412	5.47966000131224
23413	5.60965734837624
23414	5.73303786234323
23415	5.85045769990919
23416	5.95888245625492
23417	6.0559408118208
23418	6.14560782940492
23419	6.23203846208225
23420	6.31744503086809
23421	6.40068266812593
23422	6.47983250206168
23423	6.55636301205254
23424	6.63066543229769
23425	6.70066662798518
23426	6.76961314114449
23427	6.84380219830551
23428	6.92546749919857
23429	7.01451642295798
23430	7.10925375238928
23431	7.20627290172562
23432	7.30168333143052
23433	7.39373531791609
23434	7.47908996732688
23435	7.55384771222957
23436	7.61801578066235
23437	7.67132475635959
23438	7.71332887173072
23439	7.74511655396378
23440	7.76811567225202
23441	7.78386898227068
23442	7.79070408942018
23443	7.78501718904714
23444	7.76656189620101
23445	7.74338718034663
23446	7.72429831174036
23447	7.70764963265836
23448	7.69045004291764
23449	7.67446999421845
23450	7.66028472908428
23451	7.6481783523657
23452	7.6390266857005
23453	7.63279913763965
23454	7.6286578980612
23455	7.62575608982246
23456	7.62305408993491
23457	7.61922255452494
23458	7.61223992893571
23459	7.59984667300818
23460	7.57848309448734
23461	7.54524477507765
23462	7.49941961717161
23463	7.4399129645168
23464	7.36715462657629
23465	7.28357355288513
23466	7.19149392569317
23467	7.09231812964975
23468	6.98802662077157
23469	6.88099918844535
23470	6.77278832343237
23471	6.66347954445247
23472	6.55362260675557
23473	6.44440352305897
23474	6.33653879263995
23475	6.23009134059951
23476	6.12431273614742
23477	6.01804719515576
23478	5.91104519333601
23479	5.8041857374983
23480	5.69736884089761
23481	5.59019462192038
23482	5.48318790911234
23483	5.37596489529095
23484	5.26723639614038
23485	5.15704091183048
23486	5.0466783556289
23487	4.93676661762259
23488	4.82730026727591
23489	4.71837802767201
23490	4.61043840721116
23491	4.50338124387952
23492	4.39681250419068
23493	4.29095593244179
23494	4.18646233599024
23495	4.0839312227557
23496	3.98368637835696
23497	3.88699268657347
23498	3.7985391450382
23499	3.72274773308904
23500	3.6602541387327
23501	3.60991094272438
23502	3.56626496383839
23503	3.52191477137766
23504	3.47175913217307
23505	3.41127750316119
23506	3.33581604350669
23507	3.24274556026129
23508	3.13122829298133
23509	3.00093716178512
23510	2.8529860629075
23511	2.6897483522243
23512	2.51216609752237
23513	2.32250725718411
23514	2.1235665682975
23515	1.9176556036869
23516	1.70701226613464
23517	1.49256372014787
23518	1.27576839547325
23519	1.05864236513584
23520	0.843465956484939
23521	0.631407004964052
23522	0.42191579375312
23523	0.217075034368657
23524	0.0223825116528246
23525	-0.157048199445992
23526	-0.320885966729782
23527	-0.470546462022847
23528	-0.605474237115061
23529	-0.725166988864749
23530	-0.829885382371192
23531	-0.921130188677163
23532	-0.999784755764974
23533	-1.06360716695402
23534	-1.10699853322836
23535	-1.12785637542919
23536	-1.13241528944229
23537	-1.1323063280487
23538	-1.13525316984997
23539	-1.1431994166087
23540	-1.15605945514887
23541	-1.17169732618159
23542	-1.18791217941634
23543	-1.20285607881555
23544	-1.21481359175765
23545	-1.22283211121323
23546	-1.22370644185785
23547	-1.20940226231808
23548	-1.17427899674083
23549	-1.12198016750344
23550	-1.0613582915742
23551	-0.996409599819063
23552	-0.926164034478027
23553	-0.848428568081196
23554	-0.760164031319279
23555	-0.659983324739568
23556	-0.548054651068584
23557	-0.424925802373253
23558	-0.295605613164708
23559	-0.164391068919863
23560	-0.032378408070743
23561	0.0997001767432195
23562	0.235337294429663
23563	0.374480048194264
23564	0.507961165483292
23565	0.630139873250089
23566	0.73674313794667
23567	0.817928662727401
23568	0.865490127429156
23569	0.874006043341414
23570	0.839905415351798
23571	0.762103262691842
23572	0.641716721297503
23573	0.481072212032667
23574	0.282814367606202
23575	0.0506757311865435
23576	-0.210841390471265
23577	-0.497551383374486
23578	-0.805427532219522
23579	-1.12930096625853
23580	-1.46376316876676
23581	-1.80465280770373
23582	-2.14835988436147
23583	-2.49108617253765
23584	-2.82955253731589
23585	-3.16192677658355
23586	-3.48679086196266
23587	-3.80246173154988
23588	-4.1071143775381
23589	-4.39956265079889
23590	-4.6797104142
23591	-4.9487374771201
23592	-5.20638193293991
23593	-5.44882017807875
23594	-5.66996022144786
23595	-5.85778927502328
23596	-6.00570538259624
23597	-6.12398192372946
23598	-6.22919070422183
23599	-6.33489868270112
23600	-6.45088953293842
23601	-6.58346660989351
23602	-6.73572846875303
23603	-6.90941123538447
23604	-7.1044997041716
23605	-7.31911567904392
23606	-7.55050631696308
23607	-7.79586787776525
23608	-8.0523484454081
23609	-8.31666318809583
23610	-8.58591284391659
23611	-8.85722048618003
23612	-9.12751986668603
23613	-9.39487133047256
23614	-9.65889560735452
23615	-9.91891135144066
23616	-10.174282128626
23617	-10.4236802665023
23618	-10.665040115809
23619	-10.8983654985926
23620	-11.1246104883051
23621	-11.344288974517
23622	-11.5574374673772
23623	-11.7640071960184
23624	-11.964087198669
23625	-12.1588727938372
23626	-12.3486492703432
23627	-12.5335363700818
23628	-12.7135676971002
23629	-12.886012776554
23630	-13.0467840924377
23631	-13.1887444738471
23632	-13.3003494997451
23633	-13.3718229093184
23634	-13.4040520607736
23635	-13.4073874833091
23636	-13.3898456848843
23637	-13.3552161385626
23638	-13.3069823065579
23639	-13.2492447324333
23640	-13.1866895949896
23641	-13.1213709285547
23642	-13.053273658095
23643	-12.9821887323601
23644	-12.9071707740751
23645	-12.8268428128576
23646	-12.7421781347937
23647	-12.6536555268449
23648	-12.5608409291334
23649	-12.4631724860275
23650	-12.3596161804307
23651	-12.2505996960152
23652	-12.1369154401349
23653	-12.0177479051296
23654	-11.8923414445662
23655	-11.7613637400618
23656	-11.6248362383015
23657	-11.4833923725881
23658	-11.3368713873425
23659	-11.1827341779384
23660	-11.0180025117865
23661	-10.8385890545999
23662	-10.6390244277874
23663	-10.4148740492194
23664	-10.1705310106355
23665	-9.9089824012376
23666	-9.62612199048983
23667	-9.32197430955044
23668	-9.00077362325282
23669	-8.66781360175668
23670	-8.32754244126418
23671	-7.9826998135506
23672	-7.63543543651739
23673	-7.28780965170577
23674	-6.94163055992577
23675	-6.59984490442397
23676	-6.26550209238011
23677	-5.93961654293748
23678	-5.62206977685167
23679	-5.313334143431
23680	-5.01343707668677
23681	-4.72272835591858
23682	-4.44162062522292
23683	-4.17103156402465
23684	-3.91132900972671
23685	-3.66132009304822
23686	-3.42031730984946
23687	-3.18816556821295
23688	-2.9640735551348
23689	-2.74690236284246
23690	-2.53657257580232
23691	-2.33284971405699
23692	-2.13736409820845
23693	-1.95308337117724
23694	-1.78262069011316
23695	-1.62878951969891
23696	-1.49179246934118
23697	-1.37451308332573
23698	-1.27880066789826
23699	-1.19201389571018
23700	-1.09488831596716
23701	-0.975176077044369
23702	-0.833254625632002
23703	-0.675976331272414
23704	-0.507840823603096
23705	-0.332461601041596
23706	-0.151214374421784
23707	0.0383163928039876
23708	0.234580955466929
23709	0.427671457380239
23710	0.611520910437208
23711	0.794552612067429
23712	0.982948687999268
23713	1.16043101433348
23714	1.31334019322098
23715	1.44538837229807
23716	1.56700752336471
23717	1.68964984869921
23718	1.82015374277559
23719	1.96332534705055
23720	2.12198688368419
23721	2.29626137184502
23722	2.4849879604382
23723	2.68681302996304
23724	2.89960115201329
23725	3.12018591159929
23726	3.34562649763222
23727	3.57452145143963
23728	3.80517995629293
23729	4.03520976036108
23730	4.26314156965719
23731	4.48919455014301
23732	4.71309215728346
23733	4.93395797653943
23734	5.15046267094689
23735	5.3618223158
23736	5.5689307263127
23737	5.77135555991664
23738	5.96814363386863
23739	6.15929445386506
23740	6.34613655435876
23741	6.53331893818865
23742	6.72444265724501
23743	6.92212645090212
23744	7.12572794959303
23745	7.32691352303207
23746	7.511893461449
23747	7.67608901633405
23748	7.82677836079289
23749	7.97054201291025
23750	8.10876166252526
23751	8.24006122357759
23752	8.36353882143523
23753	8.48013513783866
23754	8.59032048231377
23755	8.69412864631463
23756	8.79154871723368
23757	8.88144513100931
23758	8.96290625206242
23759	9.03465998386445
23760	9.09767897444959
23761	9.15411768924716
23762	9.20463871427675
23763	9.24801415500775
23764	9.28304226435915
23765	9.30984441705831
23766	9.32884291495984
23767	9.34009453822299
23768	9.34489504120848
23769	9.34592071920562
23770	9.34288512799904
23771	9.33591051987736
23772	9.3256827579698
23773	9.31006670081555
23774	9.28947980727938
23775	9.26586198248752
23776	9.23845831585932
23777	9.20722946166675
23778	9.17278084863685
23779	9.13609984476444
23780	9.09715341665614
23781	9.05443931420093
23782	9.00803668352292
23783	8.95991409896929
23784	8.90890833857198
23785	8.85163682933279
23786	8.78890470653532
23787	8.72162019669659
23788	8.65053399978883
23789	8.57626031412275
23790	8.49432718362833
23791	8.39886922446838
23792	8.29453274935688
23793	8.19260052424197
23794	8.09927036068794
23795	8.01929970508184
23796	7.95769263588507
23797	7.917758687697
23798	7.90306154162645
23799	7.91677637616097
23800	7.9595564660599
23801	8.03164917212344
23802	8.13322932594519
23803	8.26199521761748
23804	8.41582535809197
23805	8.5945884900675
23806	8.79375822334084
23807	9.00892872571851
23808	9.2365347403765
23809	9.46743927692804
23810	9.68821170932733
23811	9.89523793473171
23812	10.097324663758
23813	10.3021995259508
23814	10.5091210232582
23815	10.7150751704037
23816	10.9198540792667
23817	11.1225945530129
23818	11.3197897946437
23819	11.506054411245
23820	11.6803158567287
23821	11.8395394474736
23822	11.9769720697135
23823	12.0894611570264
23824	12.1805702209121
23825	12.2496844166206
23826	12.2867147088106
23827	12.2896030718507
23828	12.2698910397936
23829	12.2392031610521
23830	12.1970631779356
23831	12.1305607303234
23832	12.0337122025402
23833	11.9118009476478
23834	11.7720658664882
23835	11.6254781956323
23836	11.4781288233152
23837	11.3300065980111
23838	11.1780115695608
23839	11.0184775450843
23840	10.8511493649827
23841	10.6740016589112
23842	10.4846722311783
23843	10.2826664066137
23844	10.0709712369984
23845	9.84995585956199
23846	9.62137842212757
23847	9.39322018697829
23848	9.17190779590183
23849	8.95870229612648
23850	8.7493867497022
23851	8.54086905106148
23852	8.32953677269844
23853	8.1141333306762
23854	7.90145859263734
23855	7.6977621214627
23856	7.4998440431494
23857	7.29793060407717
23858	7.08852978123636
23859	6.87548747587097
23860	6.65525285574208
23861	6.42665538841131
23862	6.19938949985236
23863	5.97782903837269
23864	5.75993923699116
23865	5.54538885487949
23866	5.33161960227909
23867	5.11605034701761
23868	4.90078961910429
23869	4.68588586689954
23870	4.4722641552689
23871	4.26419985341683
23872	4.06059499031131
23873	3.85684242595573
23874	3.64930703478314
23875	3.43193181027769
23876	3.19900696078177
23877	2.94810052742332
23878	2.67848178063739
23879	2.39066868981856
23880	2.0857648680713
23881	1.76717240769086
23882	1.43940079628684
23883	1.10572245158255
23884	0.769321220527675
23885	0.432086974210355
23886	0.0949043374280413
23887	-0.23964285199783
23888	-0.568491118384644
23889	-0.889532277744491
23890	-1.20205287368559
23891	-1.50615192477279
23892	-1.80055695847532
23893	-2.08091012788868
23894	-2.34060444752315
23895	-2.56848083955172
23896	-2.75996230747313
23897	-2.92650924277161
23898	-3.082345432059
23899	-3.23786714202049
23900	-3.40120690131722
23901	-3.57815695694295
23902	-3.77190511393601
23903	-3.98344932861842
23904	-4.21193006789919
23905	-4.45515138104682
23906	-4.71131263468101
23907	-4.97910010396047
23908	-5.25600774291418
23909	-5.53795464486629
23910	-5.82255579132918
23911	-6.1081895496951
23912	-6.39267896800623
23913	-6.67527281383255
23914	-6.95275648380284
23915	-7.22090387861095
23916	-7.47375121184972
23917	-7.70108270609478
23918	-7.89761436044504
23919	-8.0630500743348
23920	-8.19566245442667
23921	-8.29685240485708
23922	-8.37114049911372
23923	-8.42336294498084
23924	-8.45878795385518
23925	-8.48051081655109
23926	-8.4889453213228
23927	-8.48213099637901
23928	-8.46008978176614
23929	-8.42478961312647
23930	-8.37504579902075
23931	-8.30865462064641
23932	-8.2254732842409
23933	-8.12821750649778
23934	-8.01871928322445
23935	-7.89730094747502
23936	-7.76430372557117
23937	-7.62012418504817
23938	-7.46483877363707
23939	-7.29881228715408
23940	-7.12380513383764
23941	-6.94006409220885
23942	-6.7472257080999
23943	-6.54563136044802
23944	-6.33407710791407
23945	-6.11181573214514
23946	-5.87993359997657
23947	-5.63870725364898
23948	-5.38839437653475
23949	-5.125835257321
23950	-4.84560311164511
23951	-4.54629900555696
23952	-4.23347096008559
23953	-3.90991043792597
23954	-3.58247349407911
23955	-3.25802045208301
23956	-2.93995601810509
23957	-2.63204028140059
23958	-2.33458177139068
23959	-2.04986553077905
23960	-1.77981954884726
23961	-1.52421254483656
23962	-1.28289457399956
23963	-1.05536476833926
23964	-0.841233517276806
23965	-0.639852853497291
23966	-0.450446977814879
23967	-0.271934543876418
23968	-0.10373543218696
23969	0.0544533294212923
23970	0.204256017209219
23971	0.346682390159693
23972	0.482597316786355
23973	0.611040946835249
23974	0.730431049913262
23975	0.840996113997717
23976	0.940837881891316
23977	1.02974505681796
23978	1.10995607714899
23979	1.18044990854474
23980	1.24177425343727
23981	1.29853475510365
23982	1.35383089807584
23983	1.40560153851212
23984	1.45104397736851
23985	1.48997591820254
23986	1.5250656686438
23987	1.56019780381939
23988	1.59578844614877
23989	1.63060223347683
23990	1.66774101804216
23991	1.71001354597712
23992	1.75910103130185
23993	1.81714547671667
23994	1.88722759730985
23995	1.97035486077601
23996	2.0660477369432
23997	2.17582382458963
23998	2.30034268863015
23999	2.44011982195416
24000	2.59380620926289
24001	2.75805057673674
24002	2.93062214797532
24003	3.10849297213147
24004	3.29048819626913
24005	3.47386079125168
24006	3.65456606775319
24007	3.82930520237516
24008	3.99770465682171
24009	4.16724206342339
24010	4.35079855578759
24011	4.56214487307414
24012	4.81405306967085
24013	5.10272434214104
24014	5.41579289334418
24015	5.75271046669709
24016	6.11805298263355
24017	6.51544662787925
24018	6.94784216152128
24019	7.4162292268837
24020	7.91535398563578
24021	8.43799369413443
24022	8.9786974547241
24023	9.53189898277081
24024	10.0914396943006
24025	10.6507538119099
24026	11.2047120866741
24027	11.7497844740431
24028	12.2824667760984
24029	12.7999185307311
24030	13.2996660435583
24031	13.7797768089482
24032	14.2391538610863
24033	14.6768958029625
24034	15.0930980770599
24035	15.4889474014809
24036	15.8654022164801
24037	16.2231154768121
24038	16.5633420350261
24039	16.8868014425765
24040	17.1939091811515
24041	17.4869250044502
24042	17.7683430046985
24043	18.0396493374821
24044	18.3021226593472
24045	18.5563809952778
24046	18.8021469618303
24047	19.0391323177254
24048	19.2663840107142
24049	19.4840415869796
24050	19.6925400003057
24051	19.8919820020079
24052	20.0819442067208
24053	20.2631737038069
24054	20.4364269205169
24055	20.6011255204977
24056	20.7583055405634
24057	20.9076827548177
24058	21.0489363044524
24059	21.1817704605157
24060	21.304564961745
24061	21.4164707764799
24062	21.5174800889493
24063	21.607531966505
24064	21.6850567813089
24065	21.7505727297767
24066	21.8059009575457
24067	21.8516754102098
24068	21.8881029029307
24069	21.9161386598578
24070	21.936081714253
24071	21.9491309709234
24072	21.957264460853
24073	21.9606324933746
24074	21.9592560068712
24075	21.9516994987786
24076	21.9374530135941
24077	21.9184670017819
24078	21.8958685159529
24079	21.8671135361515
24080	21.829902696022
24081	21.7848012752915
24082	21.7326374116172
24083	21.672902118347
24084	21.6048580947075
24085	21.5274059013819
24086	21.4386758810313
24087	21.3390411887039
24088	21.2275514143096
24089	21.0995115785298
24090	20.9524974366993
24091	20.7863641107388
24092	20.5987616967133
24093	20.3870455600354
24094	20.1486697600859
24095	19.879931778303
24096	19.5776481777198
24097	19.2378125698515
24098	18.8554114801334
24099	18.4282130418099
24100	17.9566918573063
24101	17.440072980261
24102	16.8792289626386
24103	16.2752102415431
24104	15.6278128514182
24105	14.9431462760935
24106	14.2315379807751
24107	13.5005676135735
24108	12.7578794024275
24109	12.0137090287648
24110	11.2744905114532
24111	10.5484395644803
24112	9.84457286984413
24113	9.16394716567933
24114	8.4998688207256
24115	7.8481864216802
24116	7.20869234130354
24117	6.5807768554729
24118	5.97299772236385
24119	5.40530866536861
24120	4.88988429812532
24121	4.39705439725493
24122	3.88055640148367
24123	3.3295102151476
24124	2.73936832794237
24125	2.10309500944384
24126	1.41235763976276
24127	0.663789465208099
24128	-0.151919358711364
24129	-1.05644703037428
24130	-2.06418727922338
24131	-3.1582925408158
24132	-4.32233330016061
24133	-5.53165679162472
24134	-6.65167944018387
24135	-7.50168156035813
24136	-8.08182409405482
24137	-8.47088182437965
24138	-8.72855709418566
24139	-8.91200387917084
24140	-9.07443716644857
24141	-9.24930689753213
24142	-9.45564033242183
24143	-9.69704634330172
24144	-9.9561253113909
24145	-10.219467815396
24146	-10.473941818689
24147	-10.73412954932
24148	-11.0181646512623
24149	-11.31911119227
24150	-11.642092387161
24151	-12.0176616840456
24152	-12.47594472777
24153	-13.0209649775002
24154	-13.6458758435164
24155	-14.3519475555493
24156	-15.1405304180625
24157	-15.9988999434546
24158	-16.8966029873035
24159	-17.7890213108493
24160	-18.6384846298696
24161	-19.4237233297158
24162	-20.1267187641652
24163	-20.7609787689104
24164	-21.3503466086379
24165	-21.8998514840382
24166	-22.4155010926579
24167	-22.9177069344226
24168	-23.4183566504856
24169	-23.9199670025296
24170	-24.4204404359613
24171	-24.9167519801102
24172	-25.4083619521404
24173	-25.8998145984783
24174	-26.3954395300159
24175	-26.8922368952741
24176	-27.3882417487854
24177	-27.8832895176325
24178	-28.375804474767
24179	-28.8638375128988
24180	-29.3470724098187
24181	-29.8262097494197
24182	-30.302623195798
24183	-30.7770097433078
24184	-31.2494940324005
24185	-31.7208852286436
24186	-32.1912287175275
24187	-32.6610201565023
24188	-33.1305985323202
24189	-33.6004150344642
24190	-34.0706788195815
24191	-34.5414263791108
24192	-35.0135538973489
24193	-35.4873603401812
24194	-35.962137029856
24195	-36.4379851778625
24196	-36.9156613414828
24197	-37.3948695846942
24198	-37.8750072895715
24199	-38.3561097706244
24200	-38.8381030320495
24201	-39.3219861070277
24202	-39.8075625800936
24203	-40.2936945806941
24204	-40.7800692966733
24205	-41.2659442078555
24206	-41.750482201846
24207	-42.2330588871699
24208	-42.7154664086427
24209	-43.2031631770646
24210	-43.7036225141989
24211	-44.2193979787747
24212	-44.7447281356774
24213	-45.2773427954701
24214	-45.8142981849455
24215	-46.3510974786554
24216	-46.8885214028634
24217	-47.4313342155684
24218	-47.9845002304942
24219	-48.5430574095027
24220	-49.0960754442743
24221	-49.6393772213766
24222	-50.172635774441
24223	-50.6948509493057
24224	-51.2076336635158
24225	-51.7143272167395
24226	-52.2204819754
24227	-52.7281143401623
24228	-53.2333694013484
24229	-53.7350061000816
24230	-54.2332783998749
24231	-54.7265250026141
24232	-55.2150340704428
24233	-55.6998069972162
24234	-56.1826077196096
24235	-56.6647891346802
24236	-57.1470392058279
24237	-57.6311595023787
24238	-58.1200194856495
24239	-58.6148101784115
24240	-59.1134087290454
24241	-59.6153484370037
24242	-60.121042010634
24243	-60.6281085861291
24244	-61.1364292335767
24245	-61.64762507461
24246	-62.1596009335592
24247	-62.6716168552654
24248	-63.1844956592414
24249	-63.6978153730658
24250	-64.2118564150908
24251	-64.7235564081357
24252	-65.23247565542
24253	-65.7369992741272
24254	-66.2331975089239
24255	-66.7217955140682
24256	-67.2045209580543
24257	-67.6821097856007
24258	-68.1548508677948
24259	-68.6219953697572
24260	-69.0819859071112
24261	-69.5344768409731
24262	-69.9793574177872
24263	-70.4163437166177
24264	-70.8463025031192
24265	-71.2703798656988
24266	-71.6888643710575
24267	-72.1016238976886
24268	-72.5085288425255
24269	-72.9096057661717
24270	-73.3056835829489
24271	-73.6969580604435
24272	-74.083091475307
24273	-74.4639872351674
24274	-74.8399546648661
24275	-75.2118666505314
24276	-75.579735497984
24277	-75.9429203691938
24278	-76.3006939452152
24279	-76.6523561093772
24280	-76.9976376891487
24281	-77.3383200032958
24282	-77.6752671560525
24283	-78.0071570396531
24284	-78.3346186189306
24285	-78.6573754632448
24286	-78.9754194111229
24287	-79.2890650472148
24288	-79.5973293236445
24289	-79.90079768087
24290	-80.201188331096
24291	-80.4989058926128
24292	-80.7941558333768
24293	-81.086378970053
24294	-81.3750550390194
24295	-81.660908038597
24296	-81.9436450661097
24297	-82.2226679520918
24298	-82.4972344950686
24299	-82.7676127986237
24300	-83.0346757402712
24301	-83.2985814511863
24302	-83.5583370619586
24303	-83.8124175178402
24304	-84.0609542369245
24305	-84.3050350263905
24306	-84.5448422281696
24307	-84.7797685793416
24308	-85.0092102284523
24309	-85.2327663087343
24310	-85.4496648898614
24311	-85.6596609739498
24312	-85.8631630552042
24313	-86.0606781552495
24314	-86.2524564239226
24315	-86.4381291221075
24316	-86.6170070270243
24317	-86.7884446709151
24318	-86.9527228794456
24319	-87.1100955169947
24320	-87.2606117981983
24321	-87.4042259641299
24322	-87.540956988445
24323	-87.6720647544445
24324	-87.7993364961976
24325	-87.9240885129417
24326	-88.0457922925553
24327	-88.1629945328518
24328	-88.2748110541382
24329	-88.3800044880383
24330	-88.477593675757
24331	-88.5673426100339
24332	-88.6484930913506
24333	-88.719384022166
24334	-88.7784987626707
24335	-88.8241098750458
24336	-88.8541437459202
24337	-88.8674981320993
24338	-88.8639283584615
24339	-88.8438069885558
24340	-88.8074844122057
24341	-88.7553954962577
24342	-88.6879760377071
24343	-88.6056537281508
24344	-88.5101996661193
24345	-88.4029262961334
24346	-88.2843749449588
24347	-88.155973703403
24348	-88.0189921048258
24349	-87.8740615741077
24350	-87.7214603309218
24351	-87.5614437656871
24352	-87.3940844668611
24353	-87.2197035652917
24354	-87.0380850970047
24355	-86.8482952996502
24356	-86.6498636027554
24357	-86.4417387271209
24358	-86.2226789668898
24359	-85.9916525339073
24360	-85.7475005017746
24361	-85.4886701222546
24362	-85.2140517145459
24363	-84.9234648909259
24364	-84.6165085781638
24365	-84.2929833033554
24366	-83.9528572566921
24367	-83.5962866663065
24368	-83.2239483313285
24369	-82.8359764178921
24370	-82.4324346589418
24371	-82.0147717408876
24372	-81.5843478702507
24373	-81.1424833355143
24374	-80.6906770252236
24375	-80.2309323189654
24376	-79.7661358123063
24377	-79.2984141170738
24378	-78.8301388896727
24379	-78.3640109889771
24380	-77.9019500965859
24381	-77.4454050804499
24382	-76.9958345574433
24383	-76.5552042748495
24384	-76.1249871908717
24385	-75.7048538542331
24386	-75.2964562039526
24387	-74.9016967334872
24388	-74.51959896172
24389	-74.1488190713967
24390	-73.7872459081827
24391	-73.4318132832197
24392	-73.0795552625754
24393	-72.7286150419306
24394	-72.3765431152167
24395	-72.0209002633093
24396	-71.6598518204299
24397	-71.292981631765
24398	-70.922546749619
24399	-70.5510667963037
24400	-70.1774761419473
24401	-69.8006126637979
24402	-69.4231373301343
24403	-69.0459010717026
24404	-68.6671582920481
24405	-68.2856510962815
24406	-67.9023875290259
24407	-67.5177616465596
24408	-67.1301686998168
24409	-66.7391817360149
24410	-66.3432926617512
24411	-65.9410980728173
24412	-65.5332820715111
24413	-65.1187206618798
24414	-64.6959815246651
24415	-64.2657581155101
24416	-63.8300383571208
24417	-63.3904052090872
24418	-62.9485255129962
24419	-62.5077518135576
24420	-62.0711031687172
24421	-61.6368596851277
24422	-61.2057013240318
24423	-60.7811883564328
24424	-60.3643764018766
24425	-59.9544589812591
24426	-59.5506103705869
24427	-59.1518281827142
24428	-58.7569329456634
24429	-58.3640274711977
24430	-57.9699610481117
24431	-57.5733723258876
24432	-57.1735074106415
24433	-56.7701081084516
24434	-56.3621355517429
24435	-55.9483223849653
24436	-55.5276034979573
24437	-55.098650257017
24438	-54.6640295062987
24439	-54.2249743122991
24440	-53.780524627931
24441	-53.3293483388833
24442	-52.8727323386046
24443	-52.4101624949035
24444	-51.9403506935918
24445	-51.4646189397977
24446	-50.9810785288344
24447	-50.4904488229106
24448	-49.9954065121677
24449	-49.4979700773124
24450	-48.9992063276285
24451	-48.4977495303087
24452	-47.9931011529903
24453	-47.4861119920344
24454	-46.9784575462846
24455	-46.4731422146154
24456	-45.9736677228145
24457	-45.4819301453482
24458	-44.9954790351337
24459	-44.5165175223308
24460	-44.0505403317607
24461	-43.598716268319
24462	-43.1576436067623
24463	-42.7238798690304
24464	-42.2964878881459
24465	-41.870587947506
24466	-41.4404769114965
24467	-41.0011001119406
24468	-40.5501754356947
24469	-40.0918554065119
24470	-39.6316069226877
24471	-39.1703603095459
24472	-38.7073214509008
24473	-38.2413790002814
24474	-37.7717600633014
24475	-37.2968715965037
24476	-36.816243311796
24477	-36.3274169756649
24478	-35.8300660473809
24479	-35.3350327910551
24480	-34.8418207312803
24481	-34.3425787065172
24482	-33.8371061122279
24483	-33.3255868789471
24484	-32.8063239121503
24485	-32.2769932151333
24486	-31.7365133890738
24487	-31.1851788577549
24488	-30.6244025905846
24489	-30.0556151321885
24490	-29.4806217023271
24491	-28.9010669885026
24492	-28.3189692944451
24493	-27.7354959968524
24494	-27.151670881446
24495	-26.5690738001183
24496	-25.9880645774596
24497	-25.4083004472831
24498	-24.8308465423191
24499	-24.2564522120298
24500	-23.6855193391792
24501	-23.1184918911339
24502	-22.555759416835
24503	-22.0011443814388
24504	-21.4567235101284
24505	-20.9224515195424
24506	-20.4020318900197
24507	-19.8991689478299
24508	-19.4154950920727
24509	-18.9616094951927
24510	-18.5448847055573
24511	-18.1557042118136
24512	-17.7911752168269
24513	-17.4553355281949
24514	-17.1416845124497
24515	-16.8397313351007
24516	-16.5402006674975
24517	-16.2342208721728
24518	-15.9075583255375
24519	-15.5511890292492
24520	-15.1684021328375
24521	-14.772864243053
24522	-14.3784337900146
24523	-13.9918319861882
24524	-13.6229533105389
24525	-13.2747996790466
24526	-12.9365128350097
24527	-12.6020292571217
24528	-12.2865274290121
24529	-11.9898961366923
24530	-11.7027308516581
24531	-11.428295547455
24532	-11.1646717011446
24533	-10.9115885856403
24534	-10.6685425672106
24535	-10.4383006824663
24536	-10.225394778816
24537	-10.0236497776772
24538	-9.81844113916902
24539	-9.61136003877441
24540	-9.41720148689832
24541	-9.24291835324631
24542	-9.09243548018709
24543	-8.96459962819631
24544	-8.85207861784107
24545	-8.74663716885332
24546	-8.64173672391032
24547	-8.53436691354078
24548	-8.42210852300729
24549	-8.30397046146737
24550	-8.18082805894227
24551	-8.05408980665054
24552	-7.92559768299104
24553	-7.79692240194971
24554	-7.66876633798568
24555	-7.5430449959391
24556	-7.42169493508837
24557	-7.30484024072446
24558	-7.1919189546792
24559	-7.08053710621208
24560	-6.96912701096397
24561	-6.85771008255458
24562	-6.75006010776308
24563	-6.65531224148752
24564	-6.58055954781532
24565	-6.52626941900976
24566	-6.4870233806973
24567	-6.45960701117149
24568	-6.44354107716129
24569	-6.43754267705245
24570	-6.44128440923621
24571	-6.45525803187863
24572	-6.47916436726486
24573	-6.51411517020453
24574	-6.56197793158879
24575	-6.62300843938166
24576	-6.69815345846212
24577	-6.78971599892537
24578	-6.89807743761734
24579	-7.02246790752996
24580	-7.16345338954861
24581	-7.32269717360487
24582	-7.50211483642365
24583	-7.7030989492536
24584	-7.92651259662314
24585	-8.17245663854447
24586	-8.44137497683285
24587	-8.73480273917313
24588	-9.05506983708846
24589	-9.40414133237621
24590	-9.78131957019818
24591	-10.1842679753098
24592	-10.6114164894207
24593	-11.0620333848169
24594	-11.5343229729446
24595	-12.0249524923471
24596	-12.5293800471693
24597	-13.0429533810625
24598	-13.5618567568396
24599	-14.0826605131045
24600	-14.6028809155499
24601	-15.1193665564136
24602	-15.6291234436405
24603	-16.1307534159409
24604	-16.6241361239722
24605	-17.1087136730258
24606	-17.5843498658001
24607	-18.052713077528
24608	-18.5145850037054
24609	-18.9687806794927
24610	-19.4120057923289
24611	-19.8446809631495
24612	-20.2601177584788
24613	-20.6585129797885
24614	-21.0413016697052
24615	-21.4023626081708
24616	-21.7452262117679
24617	-22.0754117647398
24618	-22.3975611025196
24619	-22.7157549702834
24620	-23.0314527896627
24621	-23.3421622756421
24622	-23.6463242327738
24623	-23.9452813519385
24624	-24.2407111076971
24625	-24.5345122919213
24626	-24.8279873553253
24627	-25.1175475195608
24628	-25.3971123351092
24629	-25.6644735832173
24630	-25.9217957413199
24631	-26.173323777714
24632	-26.4247478107652
24633	-26.6831020615471
24634	-26.9487870902946
24635	-27.2162442180531
24636	-27.4818899385462
24637	-27.7456112383721
24638	-28.0087270850006
24639	-28.2730207653836
24640	-28.5394400479825
24641	-28.8067502955915
24642	-29.0727396344401
24643	-29.3376077350545
24644	-29.6042128175195
24645	-29.8742016357241
24646	-30.1445111088255
24647	-30.4101954430025
24648	-30.6688145357842
24649	-30.9208453253007
24650	-31.1693352746404
24651	-31.4194175758985
24652	-31.6735077296707
24653	-31.9290093306484
24654	-32.1826668192466
24655	-32.4354317860563
24656	-32.6910302630153
24657	-32.9516484156317
24658	-33.217374387124
24659	-33.4874252564194
24660	-33.7620462984182
24661	-34.0416572721582
24662	-34.3252975497929
24663	-34.6122812851276
24664	-34.9011684133554
24665	-35.1901197201427
24666	-35.4832098986716
24667	-35.7831909229435
24668	-36.0912648718055
24669	-36.4081012326585
24670	-36.7313214009158
24671	-37.061586756321
24672	-37.3960314659248
24673	-37.7288311697541
24674	-38.0590405406557
24675	-38.3874518998493
24676	-38.7142221344509
24677	-39.0397535207939
24678	-39.3620400641565
24679	-39.6786680285662
24680	-39.9905368876726
24681	-40.2981431480717
24682	-40.6009399357161
24683	-40.8971595054133
24684	-41.1864454028621
24685	-41.4724770101521
24686	-41.753368638734
24687	-42.0268632306728
24688	-42.2955390302864
24689	-42.5613991335969
24690	-42.8219466795493
24691	-43.074753585492
24692	-43.3219507772586
24693	-43.5633806888406
24694	-43.7954091810176
24695	-44.01495133639
24696	-44.2199514546366
24697	-44.4093420433242
24698	-44.5836388738349
24699	-44.7435117993151
24700	-44.890208974974
24701	-45.0245135261341
24702	-45.147330184129
24703	-45.2606534686069
24704	-45.367929526861
24705	-45.4741426419996
24706	-45.5845426575464
24707	-45.7051964438425
24708	-45.8419025800493
24709	-45.9981591146345
24710	-46.1715940199206
24711	-46.3594207271497
24712	-46.5601181943719
24713	-46.7708371776327
24714	-46.9888652012984
24715	-47.2119950657242
24716	-47.4394294819155
24717	-47.6703008373977
24718	-47.9029340265129
24719	-48.1357870970153
24720	-48.3681669087822
24721	-48.5992236922007
24722	-48.8277508698919
24723	-49.0530842039814
24724	-49.2750543266707
24725	-49.4929858168844
24726	-49.7053244303444
24727	-49.9119733080391
24728	-50.1135116231087
24729	-50.308854508433
24730	-50.4965573059461
24731	-50.6760485977476
24732	-50.8480228860204
24733	-51.0126202597147
24734	-51.169773949744
24735	-51.3196999141623
24736	-51.4606898648916
24737	-51.5900981998149
24738	-51.7077305961075
24739	-51.811602730087
24740	-51.8964180419741
24741	-51.9583561403997
24742	-51.9947363695579
24743	-52.004360456989
24744	-51.9860462447928
24745	-51.9386210485314
24746	-51.8624701615493
24747	-51.7574524421013
24748	-51.6234789196291
24749	-51.4602705709335
24750	-51.2678914229338
24751	-51.0472544179268
24752	-50.798067326791
24753	-50.5205481237077
24754	-50.2184296184207
24755	-49.8960012361926
24756	-49.5537889382141
24757	-49.1903895799629
24758	-48.8040330632543
24759	-48.3930864405769
24760	-47.9585422661679
24761	-47.5038224841157
24762	-47.0336872842402
24763	-46.5506600142644
24764	-46.056430778456
24765	-45.552090182438
24766	-45.0436215203493
24767	-44.5455345526239
24768	-44.0630653627225
24769	-43.5888701655884
24770	-43.1206270594551
24771	-42.6607682195216
24772	-42.2101293697416
24773	-41.7657671744919
24774	-41.324033094051
24775	-40.8863641162882
24776	-40.4550359670474
24777	-40.0293624007163
24778	-39.6097625625566
24779	-39.198842020165
24780	-38.7978696488918
24781	-38.4066207309149
24782	-38.0255857812231
24783	-37.6569630814495
24784	-37.3026893831219
24785	-36.9605827586538
24786	-36.6329991603532
24787	-36.3234514524981
24788	-36.0311662479141
24789	-35.7540741592806
24790	-35.4852681384212
24791	-35.2178937106564
24792	-34.9472450102657
24793	-34.668680939615
24794	-34.3784646008238
24795	-34.0739347148465
24796	-33.753711476664
24797	-33.4185309528661
24798	-33.0693451356792
24799	-32.7070662734582
24800	-32.3308478939988
24801	-31.9375715116678
24802	-31.5293767904397
24803	-31.1133326961171
24804	-30.697224102469
24805	-30.2792777310353
24806	-29.8561932493108
24807	-29.4413960947961
24808	-29.0328732985833
24809	-28.6195645345355
24810	-28.2022377947051
24811	-27.7770716809629
24812	-27.3397683977219
24813	-26.8902275369504
24814	-26.4290179112433
24815	-25.9555767990685
24816	-25.4704001325509
24817	-24.9755050389168
24818	-24.475087227092
24819	-23.974418085255
24820	-23.4759038649374
24821	-22.9833895997269
24822	-22.5020701912062
24823	-22.0390030049798
24824	-21.59875722455
24825	-21.1824006427134
24826	-20.7938535749576
24827	-20.430610767823
24828	-20.0869433424397
24829	-19.756038094216
24830	-19.4294821034841
24831	-19.1018626651375
24832	-18.7687023068767
24833	-18.4265642033675
24834	-18.0723163405228
24835	-17.7034931725446
24836	-17.3203256572139
24837	-16.9240411845517
24838	-16.5134948323623
24839	-16.0852971593954
24840	-15.6451304761193
24841	-15.1983566021203
24842	-14.7387747836327
24843	-14.2585421407908
24844	-13.7605506882425
24845	-13.2545792528356
24846	-12.7486188815217
24847	-12.2399171108674
24848	-11.7215440724315
24849	-11.2048144670759
24850	-10.704132169463
24851	-10.2229234515079
24852	-9.75368750463387
24853	-9.28119892951795
24854	-8.7999098588086
24855	-8.30832940937646
24856	-7.81431377075931
24857	-7.3326647309108
24858	-6.8617831542129
24859	-6.38741045318893
24860	-5.90514160130888
24861	-5.41744136326583
24862	-4.93974040496897
24863	-4.48224440353982
24864	-4.02739703920744
24865	-3.56788154972757
24866	-3.10869532717323
24867	-2.65416638113736
24868	-2.20957661458226
24869	-1.77637270801774
24870	-1.35163408350181
24871	-0.939197444190101
24872	-0.543504194964391
24873	-0.158562728058668
24874	0.216009859028662
24875	0.579629901595941
24876	0.931957960387714
24877	1.27530580122756
24878	1.62422020998244
24879	1.98558247978023
24880	2.34257827717421
24881	2.68514466603239
24882	3.03039371034915
24883	3.39142996583575
24884	3.76857804706101
24885	4.15302399043488
24886	4.54696125151888
24887	4.95561039511795
24888	5.36767170048581
24889	5.77620162901562
24890	6.17329484151108
24891	6.55515457714915
24892	6.93575970321503
24893	7.32298053172735
24894	7.71457596769608
24895	8.11399130247509
24896	8.52114913905374
24897	8.93089060525612
24898	9.34483069141259
24899	9.76253816255974
24900	10.1812465759355
24901	10.5995651529595
24902	11.0116268054281
24903	11.411910656695
24904	11.8026001235662
24905	12.1889845509756
24906	12.5691153969946
24907	12.9422956139393
24908	13.3028903077956
24909	13.6457632561488
24910	13.9659676108564
24911	14.2562533070498
24912	14.5168411594102
24913	14.7622754139703
24914	15.0003141392391
24915	15.2215318794212
24916	15.4295016477362
24917	15.6346241552456
24918	15.8429905026348
24919	16.0611629038168
24920	16.2953155281022
24921	16.5458361963224
24922	16.8141423685164
24923	17.1030082995769
24924	17.4094203256878
24925	17.7229899171138
24926	18.029677974227
24927	18.3191290233601
24928	18.5940684635907
24929	18.8626588135931
24930	19.1309889638379
24931	19.406350421971
24932	19.6918119486179
24933	19.987564402086
24934	20.2932789022244
24935	20.6078161267119
24936	20.9297606157189
24937	21.2574911450477
24938	21.5889689233031
24939	21.9210478570053
24940	22.2508555027495
24941	22.5768747069925
24942	22.8971651306601
24943	23.2100997298074
24944	23.5150634379399
24945	23.8116826886587
24946	24.1005280503286
24947	24.3801425285969
24948	24.6478859504152
24949	24.9010880292504
24950	25.131550242157
24951	25.3278267658632
24952	25.4817160750391
24953	25.5849560125633
24954	25.6341938136511
24955	25.6411037794673
24956	25.621019822748
24957	25.5857401609123
24958	25.5451044087015
24959	25.5062070767355
24960	25.4741834011973
24961	25.4519134527647
24962	25.439478824086
24963	25.4361912119315
24964	25.4412764084985
24965	25.4533566220068
24966	25.4702953268192
24967	25.4896395240707
24968	25.5079255484958
24969	25.523994152437
24970	25.5367954517538
24971	25.5439983050975
24972	25.5442402495663
24973	25.5367743923591
24974	25.5221532268711
24975	25.4992825643569
24976	25.466524586408
24977	25.4234873549333
24978	25.370503551406
24979	25.3075035609775
24980	25.2341463008513
24981	25.1503432378054
24982	25.0558433285296
24983	24.9493643714075
24984	24.8302305991068
24985	24.6977465038925
24986	24.5501459922413
24987	24.3870198569125
24988	24.2087817528239
24989	24.0151607121771
24990	23.806241607528
24991	23.5817165332571
24992	23.3400559990311
24993	23.0824214802666
24994	22.8121576175177
24995	22.531092886028
24996	22.2362895438225
24997	21.9157937758617
24998	21.5662653028101
24999	21.1993501688429
25000	20.8231068109206
25001	20.4402444164904
25002	20.0527971127445
25003	19.6644669067054
25004	19.2729017595198
25005	18.8671099008593
25006	18.4458667065508
25007	18.0097981761221
25008	17.5624059740088
25009	17.1085366923535
25010	16.6477209932929
25011	16.1822218196451
25012	15.7148894232494
25013	15.2486245057688
25014	14.7847909535725
25015	14.3242400864113
25016	13.8695153674388
25017	13.4213175349458
25018	12.9790864977368
25019	12.5417966984076
25020	12.1095840885224
25021	11.6845668433745
25022	11.2651554001978
25023	10.8496253715921
25024	10.4355192361815
25025	10.0253803013583
25026	9.62671838382817
25027	9.23814962061039
25028	8.85982871248726
25029	8.4896488179833
25030	8.12294690241788
25031	7.75692064453542
25032	7.38205038873484
25033	6.99802656579938
25034	6.60755233417834
25035	6.21314668313697
25036	5.81923250518633
25037	5.42714674702406
25038	5.03993910084792
25039	4.65930329859372
25040	4.28329649122805
25041	3.91093401297678
25042	3.53731308304064
25043	3.15741631175921
25044	2.77162856989112
25045	2.37811833520996
25046	1.97590338148708
25047	1.56543504537618
25048	1.14926793644903
25049	0.731667260664098
25050	0.310545856856785
25051	-0.115997022347129
25052	-0.548395714034445
25053	-0.979983665611704
25054	-1.4011388234946
25055	-1.81203842454018
25056	-2.21732860982397
25057	-2.62026739472766
25058	-3.02004451882362
25059	-3.41763053742394
25060	-3.81377145736865
25061	-4.2098716990349
25062	-4.60499749616993
25063	-4.99745198893196
25064	-5.39595270966517
25065	-5.80170118032559
25066	-6.20988530680961
25067	-6.61759009711008
25068	-7.01911110209901
25069	-7.41851026623944
25070	-7.82266315820916
25071	-8.22771720176611
25072	-8.6340438553066
25073	-9.0444440829782
25074	-9.45926588148998
25075	-9.87628677407033
25076	-10.2886153110745
25077	-10.6980434595175
25078	-11.1089575847593
25079	-11.5214075617525
25080	-11.9350941801195
25081	-12.3514238763675
25082	-12.7763199049662
25083	-13.2105271407882
25084	-13.6498562837324
25085	-14.0927391080328
25086	-14.5336257034986
25087	-14.9694657560421
25088	-15.4009993540451
25089	-15.8300690967059
25090	-16.2571778275466
25091	-16.6806765454693
25092	-17.1003679609238
25093	-17.5153141490758
25094	-17.9230879399771
25095	-18.3215574809106
25096	-18.7074345268715
25097	-19.0821242166783
25098	-19.4516682387027
25099	-19.8184736601327
25100	-20.1826750800226
25101	-20.5473003184228
25102	-20.9151869349467
25103	-21.2891306637989
25104	-21.6742941037329
25105	-22.0732815379938
25106	-22.4857498317971
25107	-22.90890991625
25108	-23.3375838875352
25109	-23.7657459019074
25110	-24.1910687071222
25111	-24.6133969084582
25112	-25.0291362357831
25113	-25.4317418867268
25114	-25.8186667853689
25115	-26.1881331284167
25116	-26.5369391034564
25117	-26.8686038142684
25118	-27.1881034365489
25119	-27.4974704624828
25120	-27.7986433591548
25121	-28.0935430401967
25122	-28.3840565747446
25123	-28.6681158406323
25124	-28.9442330171455
25125	-29.2115798875228
25126	-29.4686543413612
25127	-29.7175698752392
25128	-29.9631660553035
25129	-30.2048853156155
25130	-30.4391153996765
25131	-30.6667368119691
25132	-30.8888483101184
25133	-31.1084687463586
25134	-31.3274238690469
25135	-31.5460561410854
25136	-31.7666643856977
25137	-31.9934605474643
25138	-32.230432052222
25139	-32.479237356919
25140	-32.7400702724713
25141	-33.0132149944358
25142	-33.2980573766667
25143	-33.5910855391948
25144	-33.8856918078454
25145	-34.1748890541193
25146	-34.4551199702575
25147	-34.7246066868381
25148	-34.9794215291444
25149	-35.2162722322506
25150	-35.4360465991422
25151	-35.6387806720284
25152	-35.8233958458688
25153	-35.9868600131221
25154	-36.1243430784256
25155	-36.2394452767124
25156	-36.3382395046279
25157	-36.4218230177166
25158	-36.488308711399
25159	-36.539660243908
25160	-36.5785757681239
25161	-36.6062219577654
25162	-36.6244056666741
25163	-36.6328519184469
25164	-36.6334117168906
25165	-36.6282743966492
25166	-36.61890498223
25167	-36.6062393704974
25168	-36.5900403366186
25169	-36.5695842020853
25170	-36.5453122970999
25171	-36.5177292916989
25172	-36.4851236966395
25173	-36.4466376204395
25174	-36.4018563054267
25175	-36.34994842329
25176	-36.2907088467924
25177	-36.2231204962887
25178	-36.1460058919127
25179	-36.0592075565098
25180	-35.9629641349722
25181	-35.857100758399
25182	-35.7418747310677
25183	-35.6185341847053
25184	-35.486243866113
25185	-35.342611400704
25186	-35.1868417827773
25187	-35.0190330521487
25188	-34.8393798287941
25189	-34.648327433018
25190	-34.4497545425441
25191	-34.2460860164878
25192	-34.0319109863507
25193	-33.8020555151338
25194	-33.5567366312878
25195	-33.2957799111243
25196	-33.0171272595179
25197	-32.7207619782086
25198	-32.4071742333074
25199	-32.0766194780782
25200	-31.7305907672031
25201	-31.3706380134743
25202	-30.9980410257654
25203	-30.6157856018463
25204	-30.2270904552507
25205	-29.8341734600696
25206	-29.4402179289624
25207	-29.0476893156161
25208	-28.6580847786608
25209	-28.2730031088222
25210	-27.8932205965004
25211	-27.5195577816647
25212	-27.1532345556036
25213	-26.7958070087976
25214	-26.447720223034
25215	-26.1083988030753
25216	-25.7772446937602
25217	-25.4508100896203
25218	-25.1251576990384
25219	-24.7998108204548
25220	-24.4758173444819
25221	-24.1534370045522
25222	-23.8317469218405
25223	-23.5071890658388
25224	-23.1790025303476
25225	-22.8561046486294
25226	-22.5423483174258
25227	-22.2343794595972
25228	-21.9323438847623
25229	-21.6334623710046
25230	-21.3411214451
25231	-21.0550236033149
25232	-20.7716052023827
25233	-20.5003539298166
25234	-20.2433434337802
25235	-19.9979220669129
25236	-19.7592477036452
25237	-19.5223642636172
25238	-19.2842160781703
25239	-19.0417853009184
25240	-18.7992565727222
25241	-18.5560597818072
25242	-18.3119632372213
25243	-18.0754406362692
25244	-17.8497255681757
25245	-17.6331676668671
25246	-17.4286902072544
25247	-17.2394849779076
25248	-17.068900175304
25249	-16.919799615615
25250	-16.7917382667954
25251	-16.683361796787
25252	-16.5923865658311
25253	-16.5149951912522
25254	-16.4487749201887
25255	-16.3919894194735
25256	-16.3419749347465
25257	-16.295823401908
25258	-16.2509597053139
25259	-16.2051893605858
25260	-16.1546661731627
25261	-16.0928438631723
25262	-16.0134338937657
25263	-15.9073581567228
25264	-15.7655253753754
25265	-15.5807625982682
25266	-15.3465465987055
25267	-15.0727339924426
25268	-14.7701216704208
25269	-14.4381756456402
25270	-14.0838781364105
25271	-13.715022351055
25272	-13.3342340753508
25273	-12.9482595795905
25274	-12.5637371023341
25275	-12.1745967013212
25276	-11.7850262803833
25277	-11.4043774508114
25278	-11.0344634483462
25279	-10.6785703786893
25280	-10.3341589161517
25281	-9.99772557148324
25282	-9.66835643865501
25283	-9.34603580058892
25284	-9.02348606198783
25285	-8.69500345101548
25286	-8.35384960275724
25287	-7.99531970517561
25288	-7.62022339632797
25289	-7.24242126835611
25290	-6.88599953029571
25291	-6.55624611563337
25292	-6.24086231640988
25293	-5.91787125783115
25294	-5.57644973131338
25295	-5.22287171190363
25296	-4.87392503005309
25297	-4.53869192329451
25298	-4.20626497186782
25299	-3.86037402541816
25300	-3.49514185842932
25301	-3.1210205925826
25302	-2.75263056467274
25303	-2.39315613741154
25304	-2.03259413356277
25305	-1.66206200556545
25306	-1.27626430314369
25307	-0.884519628129662
25308	-0.500507291145759
25309	-0.121202611003804
25310	0.251128763478539
25311	0.61700954264139
25312	0.982375379662706
25313	1.33597257873616
25314	1.66774235770823
25315	1.9886105115436
25316	2.31361422549044
25317	2.6443231440158
25318	2.98392987436996
25319	3.32310958707976
25320	3.64911991381664
25321	3.96619050904239
25322	4.27738488732478
25323	4.58239040056906
25324	4.87395831448316
25325	5.14507671594059
25326	5.40181954126039
25327	5.65604284798742
25328	5.91365976492583
25329	6.17115925852915
25330	6.4262424857557
25331	6.67857198798698
25332	6.92443341360301
25333	7.15927338340916
25334	7.37719833926923
25335	7.57692613978988
25336	7.76276808605788
25337	7.93777135042328
25338	8.10070148149699
25339	8.24959191372338
25340	8.39258661215056
25341	8.53802998122385
25342	8.68445510164845
25343	8.82898673035553
25344	8.96964055523026
25345	9.10562947573918
25346	9.23472063729199
25347	9.35436919053401
25348	9.46586343491412
25349	9.57392877153858
25350	9.67919648381951
25351	9.78046475477013
25352	9.88396125398796
25353	9.99447015229256
25354	10.1084957297153
25355	10.2237815339466
25356	10.3404396160288
25357	10.4593001784407
25358	10.58507769926
25359	10.7199948791423
25360	10.8492652385304
25361	10.9534152948824
25362	11.03066579628
25363	11.1009599362544
25364	11.1842743910726
25365	11.2832811683964
25366	11.3879336566742
25367	11.4797055164886
25368	11.5467535296303
25369	11.5889208790008
25370	11.6092303816323
25371	11.6134012235633
25372	11.6132100929043
25373	11.6236505427682
25374	11.6524921481297
25375	11.6897255268498
25376	11.721714455859
25377	11.7449024472374
25378	11.7583769606582
25379	11.7610477718806
25380	11.7532860810629
25381	11.7354794196904
25382	11.7078717184699
25383	11.6705832279248
25384	11.6243946873804
25385	11.5702811727892
25386	11.5089535126968
25387	11.4407677318344
25388	11.3651683451465
25389	11.2828919698893
25390	11.1947389251059
25391	11.1009913711033
25392	11.0018806101132
25393	10.8971741298007
25394	10.7866950845929
25395	10.6703879987877
25396	10.5474057216975
25397	10.4162194598645
25398	10.2759593486117
25399	10.1263184255204
25400	9.96721206841692
25401	9.79914909195737
25402	9.62284913371673
25403	9.43740212744747
25404	9.24184221718528
25405	9.03533452665591
25406	8.81735530123412
25407	8.58804016292684
25408	8.3473045059633
25409	8.0965315924486
25410	7.83763396614511
25411	7.57290466230091
25412	7.3056271386537
25413	7.04173495510164
25414	6.78655059524363
25415	6.54469924914535
25416	6.30968518513063
25417	6.07494524576137
25418	5.84245764928053
25419	5.61020391294864
25420	5.37369932125765
25421	5.13048484895737
25422	4.88914395750111
25423	4.65638216383269
25424	4.42981650704568
25425	4.20476966380427
25426	3.97262625695299
25427	3.72847994155498
25428	3.4778541935678
25429	3.22724134545862
25430	2.97714778900467
25431	2.72428553506805
25432	2.46504378782618
25433	2.19735746122751
25434	1.92178873164731
25435	1.63903267219442
25436	1.34891983044544
25437	1.05104614839745
25438	0.74735411425731
25439	0.441402809037171
25440	0.136098607947627
25441	-0.167537724624603
25442	-0.470256418925212
25443	-0.772544634396208
25444	-1.07342206679367
25445	-1.36745270876842
25446	-1.65073939279493
25447	-1.92443698168933
25448	-2.18915575692889
25449	-2.44539596395128
25450	-2.69165244427724
25451	-2.92709847226179
25452	-3.15651836520609
25453	-3.38504792803957
25454	-3.61394865056153
25455	-3.84279130205712
25456	-4.068173141041
25457	-4.29252902029606
25458	-4.52195021846338
25459	-4.7584582812098
25460	-5.00495429289161
25461	-5.26340820858681
25462	-5.53398312357665
25463	-5.81711255032461
25464	-6.11330149426448
25465	-6.42137010775935
25466	-6.73792526349341
25467	-7.05828091587469
25468	-7.37750475815677
25469	-7.69298171129912
25470	-8.00393133682343
25471	-8.30778133654598
25472	-8.60255644584653
25473	-8.88929692765232
25474	-9.16863410623117
25475	-9.44037399679439
25476	-9.70367651035046
25477	-9.95772202154306
25478	-10.1982603844471
25479	-10.4265247737452
25480	-10.6484281200328
25481	-10.8702397407817
25482	-11.0986720081246
25483	-11.3351993775557
25484	-11.5806083402201
25485	-11.8367314242116
25486	-12.1034442157985
25487	-12.3791100756853
25488	-12.6611875761746
25489	-12.948423542307
25490	-13.239271255177
25491	-13.5312136698893
25492	-13.8229864430708
25493	-14.1129625182314
25494	-14.4003854998911
25495	-14.6854686731746
25496	-14.9686286630411
25497	-15.2493143119595
25498	-15.5264011941642
25499	-15.8003264262195
25500	-16.0719076041502
25501	-16.3401838509029
25502	-16.6024302692642
25503	-16.8555748143091
25504	-17.0932661678414
25505	-17.3145119561574
25506	-17.5192385665182
25507	-17.7072484771783
25508	-17.8819986205609
25509	-18.0476978889691
25510	-18.208670857466
25511	-18.3674052128331
25512	-18.5254530210467
25513	-18.6830629437687
25514	-18.8403088027259
25515	-18.9971660662657
25516	-19.1544975878033
25517	-19.3127802745454
25518	-19.4715626583764
25519	-19.6302590213895
25520	-19.788308935662
25521	-19.9453536523023
25522	-20.1006169838751
25523	-20.2538615968988
25524	-20.4051057016412
25525	-20.5535408133871
25526	-20.6970623897597
25527	-20.8340909641092
25528	-20.9646845753129
25529	-21.0901234921271
25530	-21.211399558964
25531	-21.3292324706676
25532	-21.4433778878376
25533	-21.5537307375212
25534	-21.6597193609973
25535	-21.753720497725
25536	-21.8316582850776
25537	-21.8995976031407
25538	-21.9615895677947
25539	-22.0161363372429
25540	-22.0619540769573
25541	-22.1002034130242
25542	-22.1320579151417
25543	-22.157351767103
25544	-22.1746807179493
25545	-22.1842171366358
25546	-22.1871482529256
25547	-22.1828200001822
25548	-22.1712802455279
25549	-22.1529001377255
25550	-22.1289102537303
25551	-22.1013767812538
25552	-22.070754989689
25553	-22.0361202220212
25554	-21.9966328077544
25555	-21.9522285558687
25556	-21.9046800829741
25557	-21.8571729097087
25558	-21.8158954452694
25559	-21.7844202867449
25560	-21.761108697
25561	-21.7457932175885
25562	-21.7402092800746
25563	-21.7451251301026
25564	-21.7606828808632
25565	-21.7861873025138
25566	-21.8196530599895
25567	-21.8583319563301
25568	-21.9010916350725
25569	-21.947789220057
25570	-21.9964337236123
25571	-22.0451964954833
25572	-22.0928417078536
25573	-22.1391951792068
25574	-22.1837809038375
25575	-22.2252939110285
25576	-22.2639588347538
25577	-22.2999623351725
25578	-22.3328055512212
25579	-22.362600263108
25580	-22.3893247368713
25581	-22.4119805816212
25582	-22.4294747911433
25583	-22.4407787689395
25584	-22.444712381025
25585	-22.4416023134635
25586	-22.4320457174754
25587	-22.4158121600487
25588	-22.3923968407012
25589	-22.3620082405882
25590	-22.3255080166407
25591	-22.2822733360817
25592	-22.2319866405034
25593	-22.1745712005274
25594	-22.1092856085682
25595	-22.0356168768246
25596	-21.9527412222489
25597	-21.8611445316776
25598	-21.7619281106854
25599	-21.6549598085446
25600	-21.5393309263385
25601	-21.4141937677368
25602	-21.2789305565775
25603	-21.133274961611
25604	-20.9774079800446
25605	-20.8113240627239
25606	-20.6342970775619
25607	-20.4462837900006
25608	-20.2487045986336
25609	-20.0404666793265
25610	-19.8186247748752
25611	-19.5799550132264
25612	-19.3206199249535
25613	-19.0433437909899
25614	-18.7482153096338
25615	-18.4402365825847
25616	-18.1299894320989
25617	-17.8291137394528
25618	-17.5500336007548
25619	-17.2892764740112
25620	-17.0329052699839
25621	-16.7717248351467
25622	-16.5071772821921
25623	-16.2518312895652
25624	-16.021463782171
25625	-15.8177556848153
25626	-15.6211086892722
25627	-15.4160483279638
25628	-15.207292490263
25629	-15.0072217827036
25630	-14.8260411561594
25631	-14.6617389058013
25632	-14.4993420308587
25633	-14.3283649892792
25634	-14.1543908918317
25635	-13.992032468031
25636	-13.8490828265043
25637	-13.7179925009813
25638	-13.5790838363294
25639	-13.4192757103368
25640	-13.2413530311178
25641	-13.0579384543002
25642	-12.8773142162224
25643	-12.6907038477591
25644	-12.4809871486545
25645	-12.2424593096777
25646	-11.9766722751569
25647	-11.6790948454144
25648	-11.3450363000105
25649	-10.9746246301465
25650	-10.5700973102742
25651	-10.1340565036964
25652	-9.67076794991462
25653	-9.18399711163408
25654	-8.67750065085532
25655	-8.15628465899375
25656	-7.62520520509369
25657	-7.0888190736312
25658	-6.55019046139747
25659	-6.01186328739293
25660	-5.47593025116096
25661	-4.94277385731369
25662	-4.41415221848424
25663	-3.90000604479764
25664	-3.40618501337346
25665	-2.93438698915952
25666	-2.48601776600332
25667	-2.06712630888842
25668	-1.68384547013731
25669	-1.34157144673247
25670	-1.04396355628247
25671	-0.786667921832719
25672	-0.554751010501094
25673	-0.329225421774145
25674	-0.0894506026418231
25675	0.176398307797305
25676	0.443980344303127
25677	0.692149159359694
25678	0.933978793638594
25679	1.18244341871302
25680	1.43386123870767
25681	1.66905219927143
25682	1.87799300203324
25683	2.0638309898654
25684	2.23588894967362
25685	2.40578250123603
25686	2.57889268146585
25687	2.76085037598519
25688	2.95584502577807
25689	3.16578707889647
25690	3.39160838144362
25691	3.63243689651386
25692	3.88877578658307
25693	4.16047281941741
25694	4.44710400578102
25695	4.75001897228531
25696	5.0634891105836
25697	5.37435781240922
25698	5.67356617528154
25699	5.96217672617969
25700	6.24011934942752
25701	6.51160447899197
25702	6.77963671667183
25703	7.05006532747514
25704	7.32852586546944
25705	7.61782432800945
25706	7.92321781792666
25707	8.24463065337603
25708	8.58090569328656
25709	8.92990347230568
25710	9.29054812716886
25711	9.6617166682136
25712	10.0409512291284
25713	10.4249369744431
25714	10.8108665014497
25715	11.1970403321336
25716	11.5814432070708
25717	11.9624399869963
25718	12.3393195566387
25719	12.7118556275975
25720	13.0795454634033
25721	13.4410325023488
25722	13.7950987916604
25723	14.1348577126766
25724	14.4495041275165
25725	14.7273844840982
25726	14.9610762782101
25727	15.1548615239906
25728	15.3108641922235
25729	15.4314485414246
25730	15.5398742914811
25731	15.6593316033902
25732	15.7843119011991
25733	15.8958373222847
25734	15.9866969638137
25735	16.0621462840965
25736	16.1364626283675
25737	16.2197061106677
25738	16.2982141201023
25739	16.3617639027993
25740	16.411638307849
25741	16.4593423407005
25742	16.5168162266012
25743	16.5751028457623
25744	16.6242052673389
25745	16.6626146656465
25746	16.6965165866023
25747	16.7364763294606
25748	16.7864261888889
25749	16.8345397310977
25750	16.8719041801923
25751	16.9023392378027
25752	16.9336807160448
25753	16.9786126337331
25754	17.0416008334976
25755	17.1081978818378
25756	17.1641769716142
25757	17.2134426924427
25758	17.2683878864282
25759	17.3417630672129
25760	17.4369533505213
25761	17.5395899301316
25762	17.631964245943
25763	17.7155986418022
25764	17.8057350608562
25765	17.9096588706382
25766	18.0107321493709
25767	18.0930303998469
25768	18.1539878165025
25769	18.1923524963715
25770	18.2171214134201
25771	18.2357448086058
25772	18.2417758810636
25773	18.2321772930628
25774	18.2114522735072
25775	18.1882976141041
25776	18.1704381089015
25777	18.1527014730515
25778	18.1279669382661
25779	18.0959587410983
25780	18.060193986338
25781	18.026130749798
25782	17.9993912842742
25783	17.9866830014297
25784	17.9939414497322
25785	18.0196139099341
25786	18.0556700396977
25787	18.0954958777266
25788	18.1399798926639
25789	18.1932129978371
25790	18.2532582722371
25791	18.3130637202872
25792	18.3666576952854
25793	18.4104320106761
25794	18.4448424754428
25795	18.4716940640198
25796	18.4912785249565
25797	18.5024473043166
25798	18.4972546447029
25799	18.4690394660435
25800	18.4245700370998
25801	18.3778025884143
25802	18.3312204147135
25803	18.2720568275303
25804	18.1950141537995
25805	18.1010634227873
25806	17.9990861154902
25807	17.9040149412975
25808	17.8135610539348
25809	17.7131947092217
25810	17.5961193023128
25811	17.4603224068955
25812	17.3108902249331
25813	17.1601632139814
25814	17.0105089833701
25815	16.8545240063657
25816	16.6884989279217
25817	16.508860078021
25818	16.3164927228501
25819	16.1224672858979
25820	15.9316183813877
25821	15.7385981102542
25822	15.5361704777041
25823	15.3206930932814
25824	15.0912342580938
25825	14.8532184076941
25826	14.6154221009342
25827	14.3852409377979
25828	14.1626446380589
25829	13.9450490431326
25830	13.7307088844386
25831	13.5182293569868
25832	13.3120701307745
25833	13.1170867589032
25834	12.935312515274
25835	12.768377748842
25836	12.6199437409845
25837	12.4931462971991
25838	12.3881382577898
25839	12.3014185218342
25840	12.2268931808086
25841	12.1563213248674
25842	12.0820048586712
25843	11.994965125459
25844	11.8888969238456
25845	11.7682407572957
25846	11.6379574362905
25847	11.4967725158653
25848	11.3498015605863
25849	11.195798972244
25850	11.0280018629044
25851	10.8541615395398
25852	10.6812366427651
25853	10.5013964760013
25854	10.3088999395436
25855	10.1049932634438
25856	9.88553781425334
25857	9.64901043151246
25858	9.3971880754152
25859	9.13477863130325
25860	8.86734527670675
25861	8.60134315572782
25862	8.33553043754752
25863	8.06498051414407
25864	7.79102568180887
25865	7.51713157955323
25866	7.24844248387837
25867	6.98325690897865
25868	6.71331024979436
25869	6.44023272314042
25870	6.17037286553281
25871	5.90620663323886
25872	5.64724358762585
25873	5.39033263496626
25874	5.13106969751006
25875	4.86521091968799
25876	4.58984589792692
25877	4.30377660741356
25878	4.00818335576502
25879	3.70400358517474
25880	3.39247010439943
25881	3.07589351328374
25882	2.75541069472388
25883	2.43228890372406
25884	2.10769304539368
25885	1.78251234776852
25886	1.4572940648192
25887	1.13076565253233
25888	0.803202372825524
25889	0.476595885369343
25890	0.152507947400459
25891	-0.167929651212745
25892	-0.484397830508712
25893	-0.797490234373088
25894	-1.10775388232915
25895	-1.41547947979717
25896	-1.72160458752371
25897	-2.02626100692288
25898	-2.32667359472755
25899	-2.6174926377999
25900	-2.8930570770861
25901	-3.15195568261582
25902	-3.39397429427028
25903	-3.62262974198994
25904	-3.84474381954072
25905	-4.06722679425033
25906	-4.29635200911642
25907	-4.53544983367927
25908	-4.78546584484177
25909	-5.04707968985856
25910	-5.31991857080387
25911	-5.60225007162432
25912	-5.89157396870165
25913	-6.18603202339036
25914	-6.48110549766146
25915	-6.77242994579594
25916	-7.05991068037203
25917	-7.34283548721963
25918	-7.62127199553859
25919	-7.89599560963368
25920	-8.16589852573388
25921	-8.4292170623966
25922	-8.68503231853051
25923	-8.9350582579622
25924	-9.18072542655113
25925	-9.42164724110705
25926	-9.65628412380962
25927	-9.8829089692009
25928	-10.102582091683
25929	-10.3169619704132
25930	-10.5258726088897
25931	-10.7256480207668
25932	-10.914420219138
25933	-11.0969542319922
25934	-11.2785941630038
25935	-11.4605178189503
25936	-11.6356161971583
25937	-11.8000302281192
25938	-11.9562255461538
25939	-12.1059472653947
25940	-12.2554376440313
25941	-12.4111739575599
25942	-12.576141499773
25943	-12.7515959407007
25944	-12.9375212123615
25945	-13.1297875755771
25946	-13.3205298779548
25947	-13.5036884624817
25948	-13.6771843967775
25949	-13.8395152995903
25950	-13.9909695089721
25951	-14.1333506408003
25952	-14.2677463082016
25953	-14.3948474785004
25954	-14.518089399232
25955	-14.6416503229875
25956	-14.7655100484016
25957	-14.8908055407391
25958	-15.0153956426771
25959	-15.1310442360942
25960	-15.2328999823357
25961	-15.3234450834806
25962	-15.4053152891264
25963	-15.4719880298315
25964	-15.5157169630835
25965	-15.5386747488197
25966	-15.5540384870958
25967	-15.5787722935554
25968	-15.6172954993257
25969	-15.6591628911395
25970	-15.6915733122456
25971	-15.7104660541935
25972	-15.7204308370062
25973	-15.7201598489423
25974	-15.7103634914007
25975	-15.6952433450053
25976	-15.6764483099043
25977	-15.6524296450089
25978	-15.6186263496322
25979	-15.5699507896971
25980	-15.5075859134704
25981	-15.4384901000006
25982	-15.3647952132966
25983	-15.2837056569615
25984	-15.1927466593587
25985	-15.0929172739814
25986	-14.9822746392582
25987	-14.8581175859509
25988	-14.7190192080729
25989	-14.5642091276986
25990	-14.3940736095022
25991	-14.2087145275886
25992	-14.00855845239
25993	-13.7940615845155
25994	-13.5665118639647
25995	-13.3269481203574
25996	-13.0751718533314
25997	-12.8115555253745
25998	-12.5368934706351
25999	-12.2528157117736
26000	-11.9602083949195
26001	-11.6903288397423
26002	-11.4523990764453
26003	-11.2399416638197
26004	-11.0479887382492
26005	-10.8727893705246
26006	-10.7113505911885
26007	-10.5614623771983
26008	-10.4213413670581
26009	-10.2886337774772
26010	-10.1633989737832
26011	-10.0466770448599
26012	-9.94173476804914
26013	-9.85066254587862
26014	-9.7738520341105
26015	-9.7112338411972
26016	-9.6569623129742
26017	-9.60321920317309
26018	-9.54425175911054
26019	-9.47643227446505
26020	-9.39692841077273
26021	-9.30289894667528
26022	-9.19228801441691
26023	-9.06378333460568
26024	-8.91529134733803
26025	-8.746797613112
26026	-8.56257874494053
26027	-8.36747841487417
26028	-8.16416540685078
26029	-7.9575263573115
26030	-7.75470853894981
26031	-7.56065008632475
26032	-7.37571878031913
26033	-7.19359369649338
26034	-7.00692544324169
26035	-6.81434633033459
26036	-6.62098899667211
26037	-6.43733879126925
26038	-6.26888743918644
26039	-6.11061630009455
26040	-5.95141025377006
26041	-5.7823206350246
26042	-5.60370846378047
26043	-5.4256987495815
26044	-5.25689726704666
26045	-5.09260996402617
26046	-4.92472161567636
26047	-4.75441986881826
26048	-4.59152507682017
26049	-4.44116951871377
26050	-4.30046817077943
26051	-4.16581769046387
26052	-4.03122767560577
26053	-3.8909285824568
26054	-3.74223325371122
26055	-3.5844797159833
26056	-3.41946705111791
26057	-3.25107680641345
26058	-3.08403698065729
26059	-2.92480808144824
26060	-2.77476975237297
26061	-2.63245224552288
26062	-2.49850357463272
26063	-2.3696837583805
26064	-2.24474122664298
26065	-2.1230804450987
26066	-1.99874193640125
26067	-1.86852244619786
26068	-1.73337034153217
26069	-1.59672563453964
26070	-1.46056089736693
26071	-1.32315024903139
26072	-1.17965643494038
26073	-1.0259633878373
26074	-0.860956786121707
26075	-0.683356971737267
26076	-0.492895177543144
26077	-0.289977367906728
26078	-0.0756931560011907
26079	0.148648787615252
26080	0.381310385403186
26081	0.620013610553085
26082	0.863583171907087
26083	1.11158834052512
26084	1.36265104220451
26085	1.61518558329567
26086	1.86866572603022
26087	2.12153507456274
26088	2.37219667791606
26089	2.62045819653699
26090	2.86669542841134
26091	3.11068403652888
26092	3.35242655974403
26093	3.59200134919676
26094	3.82903167479377
26095	4.0629633576362
26096	4.29071425597349
26097	4.51021211989025
26098	4.71645753948221
26099	4.90248391262986
26100	5.06803655094142
26101	5.21131776569907
26102	5.3286880143199
26103	5.4217944089365
26104	5.49202287297031
26105	5.54861404099436
26106	5.6016812909605
26107	5.65139093095846
26108	5.69423426919101
26109	5.72913749568794
26110	5.76028850976954
26111	5.79477318466184
26112	5.83673257067843
26113	5.88143612056649
26114	5.92401963486995
26115	5.96305668895945
26116	5.99973511143503
26117	6.04010597616162
26118	6.08737669728275
26119	6.13636109514116
26120	6.18324989069599
26121	6.22773672908107
26122	6.27028035250504
26123	6.31430335030709
26124	6.36101749350603
26125	6.4065847198627
26126	6.44929118532308
26127	6.49185529505242
26128	6.53966640486776
26129	6.598086177297
26130	6.66537523824004
26131	6.73479508831967
26132	6.80178554321639
26133	6.86861175384835
26134	6.94432067899463
26135	7.03604440494257
26136	7.14048808098697
26137	7.24561269827908
26138	7.34175881815317
26139	7.4308316637934
26140	7.51724411073607
26141	7.60459410235539
26142	7.6963551366771
26143	7.7945488086916
26144	7.90118926723123
26145	8.01682034495299
26146	8.13756837634625
26147	8.25922906411318
26148	8.38111716747825
26149	8.50445270633781
26150	8.63194723446024
26151	8.76436599540818
26152	8.89904203297161
26153	9.03369414539141
26154	9.16612714797152
26155	9.29591892366989
26156	9.42222416008099
26157	9.53945474282996
26158	9.6446352942708
26159	9.73789534451564
26160	9.81961062895626
26161	9.89080641164802
26162	9.95256597587259
26163	10.0074383485344
26164	10.0584087160713
26165	10.1096967844146
26166	10.1661185877585
26167	10.2321889189242
26168	10.3112899815722
26169	10.4058242430498
26170	10.5185361105939
26171	10.6518212381005
26172	10.8075985105418
26173	10.9870316941016
26174	11.1898087030355
26175	11.4139610013686
26176	11.6564302518292
26177	11.9136370428286
26178	12.1802200214065
26179	12.4496806581635
26180	12.7138842147903
26181	12.9638233432516
26182	13.1927967817482
26183	13.3931105083461
26184	13.565381546481
26185	13.7138402118526
26186	13.8386146375155
26187	13.9449261436106
26188	14.0419317177672
26189	14.1349344351053
26190	14.2246478398197
26191	14.3106352142736
26192	14.3912725826953
26193	14.466973831734
26194	14.5375915711775
26195	14.5987153327996
26196	14.6480373885612
26197	14.6867786491863
26198	14.7159769296216
26199	14.7379490933253
26200	14.7567288293803
26201	14.7736562002398
26202	14.7881691062132
26203	14.8009859809056
26204	14.8123389615072
26205	14.8220007417875
26206	14.829260176529
26207	14.8316915564928
26208	14.8270772186522
26209	14.8144622135718
26210	14.7932502892501
26211	14.7621663416029
26212	14.7182614385285
26213	14.658956640507
26214	14.5813440853313
26215	14.4830295401872
26216	14.3633129668033
26217	14.2205712835682
26218	14.0541192496536
26219	13.8649182274216
26220	13.6527387529015
26221	13.4162038372746
26222	13.1558756494586
26223	12.8739497653984
26224	12.5716329837611
26225	12.2496881964
26226	11.9100217000157
26227	11.5557870961332
26228	11.1914320345663
26229	10.8221685727925
26230	10.4543022181531
26231	10.0911771633302
26232	9.73605661025138
26233	9.39017022995537
26234	9.05507562047137
26235	8.73026433728218
26236	8.41187628569363
26237	8.10015226726387
26238	7.79624255842422
26239	7.50134093170256
26240	7.21570411450401
26241	6.94079591831512
26242	6.67768538215333
26243	6.42404996686676
26244	6.17866448148853
26245	5.94199497523615
26246	5.7150041499267
26247	5.49894005603914
26248	5.29444865620978
26249	5.09869312671329
26250	4.90839641258178
26251	4.72165281178793
26252	4.53771394883937
26253	4.35969742849296
26254	4.18851923213871
26255	4.02156444168501
26256	3.85633842738693
26257	3.68978133716133
26258	3.52157389545029
26259	3.35289247019066
26260	3.18730960665625
26261	3.02799790494183
26262	2.8744327060432
26263	2.72514745364909
26264	2.57886649660274
26265	2.4354532814864
26266	2.29517548025828
26267	2.15754921034254
26268	2.02330282192671
26269	1.89481328095589
26270	1.77111460841322
26271	1.65083279521878
26272	1.53869093631169
26273	1.43956731177151
26274	1.35511677551343
26275	1.28765065801384
26276	1.23851948489832
26277	1.20832090260736
26278	1.19637662254871
26279	1.20129352342732
26280	1.22244706942022
26281	1.25876271252755
26282	1.30926178246266
26283	1.37303190174824
26284	1.44910582056288
26285	1.53609769787452
26286	1.63274893877241
26287	1.73820411549804
26288	1.85086383434794
26289	1.97025624233675
26290	2.09846986917775
26291	2.23519437115435
26292	2.37641549446766
26293	2.51591342878134
26294	2.64341554046406
26295	2.7496832785789
26296	2.83462193837737
26297	2.90081882933786
26298	2.94954490544336
26299	2.98233092692435
26300	2.99960424211692
26301	3.00119159249139
26302	2.98710165955099
26303	2.95871374023581
26304	2.91695153318462
26305	2.86275873277334
26306	2.79810953481071
26307	2.7236827168258
26308	2.64022481973598
26309	2.54802999714513
26310	2.44626807622544
26311	2.3350747709584
26312	2.21517853868834
26313	2.0871613070958
26314	1.9520053324029
26315	1.81071042716363
26316	1.66398132515837
26317	1.51188290359892
26318	1.3546108726373
26319	1.19356159663961
26320	1.0295848342365
26321	0.863029895981889
26322	0.693424016903642
26323	0.520721092659251
26324	0.34662899133251
26325	0.172133749772698
26326	-0.0015982270820043
26327	-0.171377812382597
26328	-0.335868640513646
26329	-0.49396430833675
26330	-0.641868892056842
26331	-0.777882342756138
26332	-0.901044030702983
26333	-1.00972875320796
26334	-1.10329361493276
26335	-1.18199982500373
26336	-1.24803635893221
26337	-1.30427870733015
26338	-1.35151157785482
26339	-1.39066722549135
26340	-1.42358715883349
26341	-1.45177033926835
26342	-1.47603007318139
26343	-1.49649004520051
26344	-1.51331744167456
26345	-1.52674219943228
26346	-1.53831724981986
26347	-1.54918943781189
26348	-1.55858319360077
26349	-1.56670157531345
26350	-1.57331455485705
26351	-1.57784535774448
26352	-1.58125124853709
26353	-1.58415000882127
26354	-1.58679208746529
26355	-1.58998472142784
26356	-1.59388063606172
26357	-1.5993753544473
26358	-1.60869573740522
26359	-1.62618194978922
26360	-1.65648658614273
26361	-1.70222670800469
26362	-1.76491440994536
26363	-1.84312543732719
26364	-1.93433600782384
26365	-2.03598466876495
26366	-2.1461709789896
26367	-2.26387474605364
26368	-2.38672231969468
26369	-2.51281836318811
26370	-2.64154572404936
26371	-2.771212924768
26372	-2.90025724445005
26373	-3.02844951207582
26374	-3.155159856237
26375	-3.27958205926989
26376	-3.40230758311569
26377	-3.52335172397659
26378	-3.64261670240162
26379	-3.76056101209634
26380	-3.87636941534547
26381	-3.98946165521511
26382	-4.10041371336972
26383	-4.20978154381366
26384	-4.31683097697986
26385	-4.42069643062846
26386	-4.521536580845
26387	-4.62003918412455
26388	-4.716672164911
26389	-4.81140704575595
26390	-4.90467010807031
26391	-4.99746905636082
26392	-5.08961465792887
26393	-5.17999828600429
26394	-5.26788702578345
26395	-5.35362725322832
26396	-5.43747844158745
26397	-5.51938350361571
26398	-5.59959553902998
26399	-5.67815740511032
26400	-5.75489944542825
26401	-5.82874929048965
26402	-5.89918397910544
26403	-5.96644611012096
26404	-6.03083364582621
26405	-6.09267599095913
26406	-6.15193992987234
26407	-6.20826190850358
26408	-6.26139293823237
26409	-6.31178472404604
26410	-6.35932065363992
26411	-6.40418756536695
26412	-6.44704418763309
26413	-6.48793006173403
26414	-6.52659753323717
26415	-6.5629990869847
26416	-6.59781537563213
26417	-6.63130128195771
26418	-6.66355055242857
26419	-6.69503671350075
26420	-6.72513344456851
26421	-6.75317811935721
26422	-6.77821965117762
26423	-6.79791157477136
26424	-6.80973268362334
26425	-6.81295317352128
26426	-6.80863805845184
26427	-6.79755669021146
26428	-6.77964380057273
26429	-6.75474751822752
26430	-6.72293800329542
26431	-6.68418130176042
26432	-6.639186998455
26433	-6.58935752876836
26434	-6.53478743074941
26435	-6.47527743100105
26436	-6.41213917585261
26437	-6.34601998462576
26438	-6.27739732591369
26439	-6.20707534029905
26440	-6.13384430832975
26441	-6.05700939255148
26442	-5.97675378194446
26443	-5.89381412301658
26444	-5.80875957282434
26445	-5.72103310696656
26446	-5.63041381993501
26447	-5.53751178024965
26448	-5.44295950199297
26449	-5.34658016701275
26450	-5.24806541978147
26451	-5.1470067058346
26452	-5.04283423475477
26453	-4.9349554165406
26454	-4.82354430909747
26455	-4.70927905105642
26456	-4.5923900401867
26457	-4.47317595182933
26458	-4.35138454836175
26459	-4.2265481921735
26460	-4.09858040420651
26461	-3.96785153130021
26462	-3.83480518830723
26463	-3.69998721811386
26464	-3.56332310485937
26465	-3.42440277535679
26466	-3.28389490608153
26467	-3.14239906002403
26468	-3.00016791223891
26469	-2.85802331048097
26470	-2.71588895808368
26471	-2.57295058532317
26472	-2.42932505728774
26473	-2.28532579579223
26474	-2.14159921736568
26475	-1.9985369841692
26476	-1.85573572616489
26477	-1.71240392885096
26478	-1.56897143876977
26479	-1.42623425588094
26480	-1.28427165816452
26481	-1.14274632603102
26482	-1.00133546570412
26483	-0.859574890536541
26484	-0.71707593748853
26485	-0.574832545669939
26486	-0.433127782239272
26487	-0.291694533461173
26488	-0.149988311382233
26489	-0.00784899720002258
26490	0.13340847394972
26491	0.27342624511093
26492	0.4110867972013
26493	0.542794628345632
26494	0.663753186586952
26495	0.768558997276672
26496	0.857364554352314
26497	0.9322628188125
26498	0.988323617256551
26499	1.02031427010175
26500	1.02690746645813
26501	1.00804033768658
26502	0.965538444365766
26503	0.901758684133406
26504	0.817766183644728
26505	0.715897897398455
26506	0.599600290319073
26507	0.470014304991137
26508	0.32946832553413
26509	0.180789250935807
26510	0.0248317139910652
26511	-0.137876900311118
26512	-0.306783618925672
26513	-0.481150888300879
26514	-0.659795229474332
26515	-0.842011247230773
26516	-1.02685984485012
26517	-1.21382864837127
26518	-1.40267995125925
26519	-1.59278950433639
26520	-1.78330202027257
26521	-1.97298620247779
26522	-2.16122647113834
26523	-2.34863965194561
26524	-2.53507990354183
26525	-2.71871556753227
26526	-2.89801206634735
26527	-3.07239164575173
26528	-3.24202078331915
26529	-3.40684479939618
26530	-3.5666899418068
26531	-3.72135063313153
26532	-3.87068017895723
26533	-4.01424802416873
26534	-4.15057287126512
26535	-4.27909627411584
26536	-4.40011876538991
26537	-4.51370903527742
26538	-4.6198254301329
26539	-4.71821042135179
26540	-4.80906348377897
26541	-4.89259174384497
26542	-4.96846996227215
26543	-5.03670443298145
26544	-5.09805568664389
26545	-5.15288497444358
26546	-5.20084952374389
26547	-5.24254684366052
26548	-5.27891301701489
26549	-5.31030763058452
26550	-5.33634085592912
26551	-5.3549083888648
26552	-5.36180271941598
26553	-5.35307354037556
26554	-5.32530127353024
26555	-5.27544707367214
26556	-5.20023502450361
26557	-5.09662676256303
26558	-4.96343006958279
26559	-4.79866889014297
26560	-4.60085763991697
26561	-4.36956248767678
26562	-4.10460952585496
26563	-3.80763918594036
26564	-3.48135557773858
26565	-3.12831251418135
26566	-2.750724806625
26567	-2.35172859115694
26568	-1.93535074739103
26569	-1.5054825638291
26570	-1.06641288295388
26571	-0.622735679715677
26572	-0.177972619638811
26573	0.264558918272164
26574	0.701136901201656
26575	1.12976855833397
26576	1.54889246546567
26577	1.95632774733463
26578	2.35027992701905
26579	2.72943665041142
26580	3.09432215677158
26581	3.44597556433235
26582	3.78498750334207
26583	4.11221744927042
26584	4.4279143092907
26585	4.73234451620707
26586	5.02598983246946
26587	5.30927201120022
26588	5.58232440111836
26589	5.8457195080939
26590	6.09991374923959
26591	6.3445315312761
26592	6.57793218294059
26593	6.79756498089917
26594	7.00005481570345
26595	7.17918220299362
26596	7.33041998733438
26597	7.45453976460642
26598	7.5542605066855
26599	7.63174491262205
26600	7.69248936893107
26601	7.74925892585763
26602	7.81396258095777
26603	7.88614668893203
26604	7.95282093520681
26605	8.00496492330279
26606	8.04736762154583
26607	8.09097969802408
26608	8.1435844626884
26609	8.1991381048481
26610	8.24710880553512
26611	8.28450712424808
26612	8.31960411441647
26613	8.36497160979871
26614	8.42131576496011
26615	8.4753848131629
26616	8.51713750828678
26617	8.54936799795371
26618	8.58228978348544
26619	8.62429684798848
26620	8.66913183902413
26621	8.70546802751919
26622	8.73137223352883
26623	8.75413488402945
26624	8.78438193809504
26625	8.82443165042009
26626	8.86198807998327
26627	8.88679327908576
26628	8.89993941360211
26629	8.91073516978637
26630	8.9268913206542
26631	8.94502830158839
26632	8.9552578376679
26633	8.95169372363627
26634	8.9362270152968
26635	8.91561404058327
26636	8.89524022501666
26637	8.87343922756472
26638	8.8446177833426
26639	8.80571915175366
26640	8.76072882823921
26641	8.71935660836655
26642	8.68690776657538
26643	8.6569022032281
26644	8.62020431514852
26645	8.5745910513983
26646	8.5232325096495
26647	8.47208007842435
26648	8.42382674321817
26649	8.37276950172494
26650	8.31314494303768
26651	8.24720213102515
26652	8.1843017621207
26653	8.13094974969487
26654	8.08137298637542
26655	8.02623663151064
26656	7.96274689155317
26657	7.8913835378078
26658	7.81260967279029
26659	7.72821972351405
26660	7.639294442413
26661	7.54158097252134
26662	7.43115682247146
26663	7.31016440373505
26664	7.18135645185976
26665	7.0454227002402
26666	6.90009097747368
26667	6.74700135644918
26668	6.58788620576379
26669	6.42264337762606
26670	6.25372429175653
26671	6.08134836803226
26672	5.90550144374861
26673	5.72641518164179
26674	5.5456225192836
26675	5.36496567430744
26676	5.18465432516358
26677	5.00533883120626
26678	4.82759814368688
26679	4.65171037966616
26680	4.47838885533557
26681	4.30821246855974
26682	4.14168186120066
26683	3.97859765772145
26684	3.81896582699751
26685	3.66310232890379
26686	3.51112336246365
26687	3.363025700086
26688	3.21949827737217
26689	3.08117954295798
26690	2.94716262219644
26691	2.81674549337839
26692	2.69011971404484
26693	2.56700664085342
26694	2.44574334746283
26695	2.32491977949464
26696	2.2044091488209
26697	2.0838171624794
26698	1.96394028988097
26699	1.84734795965746
26700	1.7374800268163
26701	1.63714484736667
26702	1.54399669003294
26703	1.4564155698185
26704	1.37836610314471
26705	1.31434888304677
26706	1.26647172492269
26707	1.23514696521325
26708	1.21968504602181
26709	1.21948677312601
26710	1.2340680946483
26711	1.26303526641999
26712	1.3047122707304
26713	1.35697969714236
26714	1.41855254741857
26715	1.48781514797702
26716	1.56383923244786
26717	1.64455954922903
26718	1.72845585671034
26719	1.81543979553657
26720	1.90449270656347
26721	1.99427465023342
26722	2.0835727134815
26723	2.17262456954499
26724	2.26214793699686
26725	2.35120419869203
26726	2.43805986660838
26727	2.52241845732557
26728	2.60433686385041
26729	2.68423316415063
26730	2.7631860655415
26731	2.84130844651174
26732	2.91782006777414
26733	2.99205862202934
26734	3.06399035221677
26735	3.13377885199641
26736	3.20157026726411
26737	3.26729959150441
26738	3.33022822925877
26739	3.39048324256432
26740	3.44814876970786
26741	3.50244481228974
26742	3.55273151503561
26743	3.59805464363637
26744	3.63846425284119
26745	3.67299795462898
26746	3.69905115271608
26747	3.71418823502489
26748	3.71614088007957
26749	3.70103984045654
26750	3.66580593147107
26751	3.60914270420587
26752	3.53011696860704
26753	3.42930296382796
26754	3.30770805159576
26755	3.16775142024675
26756	3.01214753523534
26757	2.84269848723885
26758	2.66243473279192
26759	2.4754372580949
26760	2.28537426439874
26761	2.09371300646045
26762	1.89940346940082
26763	1.70353453904283
26764	1.50791310987793
26765	1.31426745073344
26766	1.1245757711506
26767	0.936290788189335
26768	0.747213469941167
26769	0.558870635552889
26770	0.375871799924567
26771	0.206352486354951
26772	0.0555716978928728
26773	-0.0760512392459707
26774	-0.18777936493128
26775	-0.278850142412524
26776	-0.349834204549316
26777	-0.401695833050986
26778	-0.435373263922776
26779	-0.451360262140116
26780	-0.450494884113781
26781	-0.434921386637997
26782	-0.406359522000502
26783	-0.365304994122226
26784	-0.312185147616239
26785	-0.247625618906736
26786	-0.172710846835903
26787	-0.0884797424890603
26788	0.00368710616545643
26789	0.104071014062805
26790	0.213087745314174
26791	0.330485132557998
26792	0.45405820756189
26793	0.577756950046892
26794	0.6915470799014
26795	0.787044000590965
26796	0.864291123452021
26797	0.923675189185016
26798	0.961948470925541
26799	0.973743592085156
26800	0.960468354823648
26801	0.931344018912123
26802	0.892472489508152
26803	0.84352768051232
26804	0.779699796432063
26805	0.698515619723231
26806	0.605592674498052
26807	0.50742872123438
26808	0.406354312221136
26809	0.304311438758724
26810	0.199691764444313
26811	0.0886223465732017
26812	-0.0287051734851353
26813	-0.148715765964173
26814	-0.268127079485661
26815	-0.385501734779064
26816	-0.502060623395607
26817	-0.620565442647595
26818	-0.739820051121343
26819	-0.855391152072617
26820	-0.966413369358178
26821	-1.07558928252767
26822	-1.18487412591812
26823	-1.2939204703078
26824	-1.40123562697201
26825	-1.50482498212194
26826	-1.60390345247027
26827	-1.70100157910859
26828	-1.79817336837741
26829	-1.89270749126047
26830	-1.98287342906345
26831	-2.07000017541935
26832	-2.15867272848121
26833	-2.25494684209843
26834	-2.35663784656034
26835	-2.45677619699084
26836	-2.55219050250876
26837	-2.64354361480129
26838	-2.73374223651867
26839	-2.82848309978013
26840	-2.93210870095451
26841	-3.04256849524858
26842	-3.15304945194646
26843	-3.25936125593924
26844	-3.361359342302
26845	-3.46346256017728
26846	-3.5707949973909
26847	-3.68165721971455
26848	-3.79046211944439
26849	-3.8918955102595
26850	-3.98374323834552
26851	-4.06684716661025
26852	-4.14188708330587
26853	-4.20836810893956
26854	-4.26465421071407
26855	-4.31047609227602
26856	-4.34595362407112
26857	-4.3684852342975
26858	-4.37651493930497
26859	-4.37231976419277
26860	-4.35778983939429
26861	-4.33372572250702
26862	-4.30226392586067
26863	-4.26537687281841
26864	-4.22457627919859
26865	-4.18063721980266
26866	-4.1350980926187
26867	-4.0888123206812
26868	-4.03833077384205
26869	-3.9815499551557
26870	-3.91885834943645
26871	-3.84951509000474
26872	-3.77265246154827
26873	-3.68839946390474
26874	-3.59700070018391
26875	-3.49929756314507
26876	-3.39558952831496
26877	-3.28748517271624
26878	-3.17863456074067
26879	-3.07325834000683
26880	-2.9783346791196
26881	-2.90079623786733
26882	-2.84240773610129
26883	-2.80239502690155
26884	-2.78063075077149
26885	-2.77712736277544
26886	-2.79016795321284
26887	-2.81710066113466
26888	-2.85730319450494
26889	-2.91011026859798
26890	-2.9743965333552
26891	-3.04797916255577
26892	-3.12767303564921
26893	-3.21126776599235
26894	-3.29628661514746
26895	-3.38082668660278
26896	-3.46265318949295
26897	-3.54043779716628
26898	-3.61310477841622
26899	-3.67946900885766
26900	-3.74063421235325
26901	-3.79789419066775
26902	-3.85200060286743
26903	-3.90397574020927
26904	-3.95407191575995
26905	-4.00272363934167
26906	-4.05185029836714
26907	-4.10105416112479
26908	-4.1481872158175
26909	-4.19290429735495
26910	-4.23341770751137
26911	-4.26654682146493
26912	-4.28973685694188
26913	-4.30090794363155
26914	-4.29918426680023
26915	-4.28513965235846
26916	-4.25954702923229
26917	-4.2231372480739
26918	-4.17822382944654
26919	-4.12667413132084
26920	-4.06955265130067
26921	-4.00737669615609
26922	-3.94048945591242
26923	-3.8686846315732
26924	-3.79061488604158
26925	-3.7056080229396
26926	-3.61484120415045
26927	-3.51811225045644
26928	-3.41444139897212
26929	-3.30311579885976
26930	-3.18386338337994
26931	-3.05742719218524
26932	-2.92342073062561
26933	-2.78224516156525
26934	-2.6343222645865
26935	-2.48028143319039
26936	-2.32213855263039
26937	-2.16044309996274
26938	-1.99446194972966
26939	-1.82461291184204
26940	-1.65180572052495
26941	-1.47708686501561
26942	-1.30175288060605
26943	-1.12684256407427
26944	-0.953422965070346
26945	-0.780878628012942
26946	-0.607994350306131
26947	-0.435243855837315
26948	-0.263653760025843
26949	-0.095956582484573
26950	0.0630512275582616
26951	0.207435960927713
26952	0.3360283325755
26953	0.448823406432497
26954	0.547407183505199
26955	0.640459039650029
26956	0.734573541951045
26957	0.834358754072558
26958	0.945283384532593
26959	1.07092800413985
26960	1.21295820147199
26961	1.37036881288379
26962	1.54188498139296
26963	1.72675638156516
26964	1.92350607294902
26965	2.13247134222381
26966	2.35165489404052
26967	2.57629451766307
26968	2.80268441721814
26969	3.02730723331346
26970	3.24777127960122
26971	3.46460085148477
26972	3.67766172599842
26973	3.88369187248549
26974	4.08173332132181
26975	4.27553347316548
26976	4.46580667633995
26977	4.65157302846209
26978	4.83236101851288
26979	5.00735660461185
26980	5.17761568933861
26981	5.34311208834204
26982	5.4993079199579
26983	5.64279395616027
26984	5.77858036082673
26985	5.91197741238125
26986	6.04203002728554
26987	6.16746572233628
26988	6.28765818622494
26989	6.39882270007996
26990	6.49677036701425
26991	6.5824468066978
26992	6.66315789364789
26993	6.74600994272262
26994	6.83067028476146
26995	6.91089000323105
26996	6.98238298281856
26997	7.04685872838194
26998	7.1104795472783
26999	7.17937933992421
27000	7.25157490685958
27001	7.31705634832291
27002	7.36785290717109
27003	7.40468279635718
27004	7.43404442064749
27005	7.46069683296764
27006	7.48267146772664
27007	7.49512143625816
27008	7.49810396483014
27009	7.49719205835088
27010	7.49806376996656
27011	7.50061803200515
27012	7.50170808554786
27013	7.49971273495009
27014	7.49543890345709
27015	7.48912318611401
27016	7.47985294885973
27017	7.46807313157789
27018	7.45468018225819
27019	7.44148721833022
27020	7.429363608672
27021	7.41617386448849
27022	7.39880404668812
27023	7.37618297128672
27024	7.34788516602761
27025	7.31326622343727
27026	7.27350796210536
27027	7.22956648302449
27028	7.18069539029768
27029	7.12681065685336
27030	7.06999664081043
27031	7.01118479132685
27032	6.94823251178485
27033	6.880964035486
27034	6.8107104978871
27035	6.73914513042742
27036	6.66676629941841
27037	6.59484981501278
27038	6.52869114863266
27039	6.4714190139403
27040	6.42471695467538
27041	6.39028354631071
27042	6.36686545980095
27043	6.35263692965628
27044	6.34689309239756
27045	6.34906406311087
27046	6.35887156198881
27047	6.37499823508925
27048	6.39573040525427
27049	6.42090419361195
27050	6.44981041347119
27051	6.48025938410212
27052	6.50982514997274
27053	6.53476936993608
27054	6.55210760455881
27055	6.5597812320629
27056	6.55562442947825
27057	6.53810644433966
27058	6.50691856218372
27059	6.46316663316207
27060	6.40760864545479
27061	6.34124093891239
27062	6.26547821012287
27063	6.18193136379227
27064	6.09191674468347
27065	5.99604979457231
27066	5.89464155075234
27067	5.78788234056588
27068	5.67577955430708
27069	5.55764558856241
27070	5.43355741894331
27071	5.30471181038176
27072	5.17190914155767
27073	5.035058765209
27074	4.89432434563957
27075	4.7506574926845
27076	4.6046028249614
27077	4.45659193086317
27078	4.30651607991286
27079	4.15496709653037
27080	4.00301510899657
27081	3.85197262943938
27082	3.70309602396897
27083	3.5577107810079
27084	3.41829142617531
27085	3.28519428192042
27086	3.15969855454924
27087	3.03991811241215
27088	2.91805172617663
27089	2.78633926282764
27090	2.63794993850756
27091	2.46783754188434
27092	2.27311253255231
27093	2.05250708368841
27094	1.80533505308926
27095	1.5327064713682
27096	1.23696994026378
27097	0.919502639307075
27098	0.582872015942488
27099	0.231664464398899
27100	-0.130558109620084
27101	-0.500124207747016
27102	-0.873228313006285
27103	-1.24757057474648
27104	-1.61931978215422
27105	-1.98255108852429
27106	-2.33231616646588
27107	-2.66468620825335
27108	-2.9750661016409
27109	-3.25941160714336
27110	-3.51471399305853
27111	-3.74149094455947
27112	-3.94189568621477
27113	-4.1181692276653
27114	-4.27140666046
27115	-4.40155279185998
27116	-4.51124048594923
27117	-4.60342524698294
27118	-4.67999455194186
27119	-4.74285365547007
27120	-4.79428094317204
27121	-4.83627764650053
27122	-4.87005182906968
27123	-4.89667065353994
27124	-4.91658236554447
27125	-4.92980977428362
27126	-4.93728826183106
27127	-4.93951616415679
27128	-4.93674438416255
27129	-4.93001715604153
27130	-4.92021698060197
27131	-4.90762928953598
27132	-4.89256665018707
27133	-4.87541333607208
27134	-4.85637127535029
27135	-4.83526440140086
27136	-4.81257827701149
27137	-4.78856629266265
27138	-4.76258954906535
27139	-4.73497882727721
27140	-4.70613798555692
27141	-4.67650670250002
27142	-4.64787247228104
27143	-4.6231126725578
27144	-4.60523541029349
27145	-4.5955239478023
27146	-4.59423595524152
27147	-4.60178699183738
27148	-4.6184073780277
27149	-4.64351851770656
27150	-4.67765781521278
27151	-4.72150093623801
27152	-4.77377518279198
27153	-4.83366416097946
27154	-4.90045466623917
27155	-4.97267616935994
27156	-5.04903814676895
27157	-5.12870158249604
27158	-5.21116741730334
27159	-5.29609313209198
27160	-5.38296336515064
27161	-5.47100588573289
27162	-5.560093655789
27163	-5.65009307526951
27164	-5.73988081964559
27165	-5.82920819307754
27166	-5.91851805003442
27167	-6.00740172608633
27168	-6.09563252058714
27169	-6.18290340251504
27170	-6.26854310634277
27171	-6.35162793020081
27172	-6.4322271276438
27173	-6.51156968249639
27174	-6.59023193850811
27175	-6.66788966177356
27176	-6.74393475052494
27177	-6.81902816547902
27178	-6.89357891780774
27179	-6.96726320155104
27180	-7.03969505014409
27181	-7.11007397521033
27182	-7.17909190481867
27183	-7.24724868925299
27184	-7.3138077032333
27185	-7.37851176113067
27186	-7.44097858729921
27187	-7.50102530531867
27188	-7.55930597051182
27189	-7.61613740076755
27190	-7.67141779893785
27191	-7.72491923827871
27192	-7.77750826000764
27193	-7.82969687566601
27194	-7.88155644847361
27195	-7.93367090246302
27196	-7.98644467457553
27197	-8.04002851451379
27198	-8.09372032292548
27199	-8.14660328939679
27200	-8.19797245360345
27201	-8.24774488996559
27202	-8.29580208865535
27203	-8.34251678210465
27204	-8.38891930931804
27205	-8.4351294504984
27206	-8.48024381983612
27207	-8.52388171384549
27208	-8.56605264181683
27209	-8.60617560323118
27210	-8.64384122560892
27211	-8.67481110234904
27212	-8.6934247094372
27213	-8.6987155088632
27214	-8.69024483049997
27215	-8.66727622441126
27216	-8.63032529299685
27217	-8.58041045854407
27218	-8.51876065316589
27219	-8.44662322485437
27220	-8.36445746844416
27221	-8.27213645234858
27222	-8.17090937909848
27223	-8.06205994499084
27224	-7.94645233265304
27225	-7.82544362338351
27226	-7.69904035771307
27227	-7.56712149266085
27228	-7.4297565292443
27229	-7.2868911927325
27230	-7.13903412146596
27231	-6.98818088597826
27232	-6.83534892922253
27233	-6.67947981536122
27234	-6.52069418403199
27235	-6.35955171040423
27236	-6.1959450708499
27237	-6.02973505411985
27238	-5.86131184646073
27239	-5.69130786051614
27240	-5.52019631464474
27241	-5.3487549144249
27242	-5.17835230330018
27243	-5.0093468231742
27244	-4.84139543078081
27245	-4.6749341781081
27246	-4.50978720446729
27247	-4.34616729609216
27248	-4.18478881162378
27249	-4.025921347656
27250	-3.86992817205198
27251	-3.7164586546005
27252	-3.56525585450481
27253	-3.41718730790972
27254	-3.27294706414338
27255	-3.13208452467327
27256	-2.99424396393882
27257	-2.85865033327756
27258	-2.72460445717621
27259	-2.59236587866842
27260	-2.46276774120834
27261	-2.33632113940642
27262	-2.21267671704494
27263	-2.09128782291799
27264	-1.97144617620182
27265	-1.85326180476707
27266	-1.73715729370949
27267	-1.62331860210184
27268	-1.51190694294885
27269	-1.40221999371769
27270	-1.29384599123562
27271	-1.18692901588684
27272	-1.08129818859866
27273	-0.977487299235867
27274	-0.876236431099719
27275	-0.777296280185819
27276	-0.68018972910964
27277	-0.584702470370612
27278	-0.490629430177249
27279	-0.398196516395519
27280	-0.307714503572311
27281	-0.220407600188092
27282	-0.138841009012617
27283	-0.0674957934313295
27284	-0.00962633512589281
27285	0.0350632938431884
27286	0.0642505210518608
27287	0.0721654063963144
27288	0.053926845961343
27289	0.00717208629003782
27290	-0.0688551770189003
27291	-0.173473383406146
27292	-0.305754713995813
27293	-0.464861393124767
27294	-0.649238365669934
27295	-0.857072300653791
27296	-1.08602391297463
27297	-1.33308681153921
27298	-1.59663369536258
27299	-1.87542077635639
27300	-2.16792939790278
27301	-2.47252891951219
27302	-2.78662399974769
27303	-3.10802160661104
27304	-3.43485671603971
27305	-3.76477812642954
27306	-4.09583684615991
27307	-4.42638740983777
27308	-4.75468281805955
27309	-5.07859465860679
27310	-5.39508147879858
27311	-5.70219622230807
27312	-5.99911999150482
27313	-6.28547342780391
27314	-6.56136937483674
27315	-6.82678535840745
27316	-7.08110373529449
27317	-7.32393884087961
27318	-7.5557101661001
27319	-7.77599001235068
27320	-7.98462402063706
27321	-8.18187639918627
27322	-8.36743785345837
27323	-8.54205150972738
27324	-8.70666097435846
27325	-8.86171789314519
27326	-9.007384975256
27327	-9.14386588033168
27328	-9.27168064558074
27329	-9.39070863742012
27330	-9.50094548313783
27331	-9.60292409143125
27332	-9.69719318290002
27333	-9.78397587057498
27334	-9.86432519315212
27335	-9.93955580114543
27336	-10.0091279665584
27337	-10.073476582653
27338	-10.13342252399
27339	-10.1885131694215
27340	-10.2372394443438
27341	-10.2760758788028
27342	-10.3006346402039
27343	-10.3060292137411
27344	-10.2872275095345
27345	-10.2398756511337
27346	-10.161005491259
27347	-10.0496340275344
27348	-9.90615643469963
27349	-9.73157809889483
27350	-9.52703550825321
27351	-9.29349528210985
27352	-9.03149510606781
27353	-8.74141288870458
27354	-8.42419795785675
27355	-8.08136440536625
27356	-7.71553410094389
27357	-7.32874740809427
27358	-6.92291537198295
27359	-6.50089798676997
27360	-6.06548247404873
27361	-5.61987747860761
27362	-5.16696895386895
27363	-4.71010192533339
27364	-4.25276087497428
27365	-3.79742355954651
27366	-3.34684566236915
27367	-2.90375511356611
27368	-2.4709267012125
27369	-2.04976001226101
27370	-1.6404778677392
27371	-1.24392160610571
27372	-0.860297759333587
27373	-0.490150722802674
27374	-0.133986706621944
27375	0.20801329427756
27376	0.536069977866413
27377	0.850451877311685
27378	1.15160277884309
27379	1.44046293412479
27380	1.71877529044983
27381	1.98792091603097
27382	2.2480935624355
27383	2.49965001139273
27384	2.7433607869913
27385	2.97949517597929
27386	3.20782663890615
27387	3.42824024072431
27388	3.64170688034248
27389	3.84934209342708
27390	4.05096891866088
27391	4.24490245786892
27392	4.42961955607652
27393	4.60176294289739
27394	4.75477506604858
27395	4.8848227449374
27396	4.98945351975067
27397	5.06303779267596
27398	5.10179576847962
27399	5.10595367711611
27400	5.07878389413829
27401	5.02971890485371
27402	4.96558500808418
27403	4.88568433892348
27404	4.79229312204354
27405	4.68763941655767
27406	4.57104241579013
27407	4.44336225306483
27408	4.30561591330444
27409	4.15820113416254
27410	4.00289743814181
27411	3.84182107860113
27412	3.67562166884923
27413	3.50263837283725
27414	3.32293094149267
27415	3.13913192362099
27416	2.95102744433968
27417	2.75680269666164
27418	2.55430261227951
27419	2.34325587926123
27420	2.12539289732711
27421	1.90208147960457
27422	1.6739281573635
27423	1.43933797018586
27424	1.19658721331811
27425	0.945825613569984
27426	0.688331843500507
27427	0.426050794210283
27428	0.162659392571704
27429	-0.0988675260651899
27430	-0.358042855366177
27431	-0.612302386100995
27432	-0.857179930578692
27433	-1.08907704468448
27434	-1.30437930651991
27435	-1.50267584872363
27436	-1.68650771605555
27437	-1.8563774349133
27438	-2.01487002096046
27439	-2.16728411301517
27440	-2.31951651931357
27441	-2.47619133740137
27442	-2.63864423152522
27443	-2.8069337404575
27444	-2.97827267954777
27445	-3.14697145579214
27446	-3.30820142819555
27447	-3.45879135164655
27448	-3.59660113808155
27449	-3.72014100996501
27450	-3.82924842775907
27451	-3.92428148284356
27452	-4.0042129637759
27453	-4.07006686062451
27454	-4.12382115255237
27455	-4.16688675376213
27456	-4.20269578973823
27457	-4.23504913604769
27458	-4.26722133673602
27459	-4.30142145372674
27460	-4.33933786221488
27461	-4.38251842016719
27462	-4.43107196679373
27463	-4.48467272741143
27464	-4.54357580131534
27465	-4.6074138579575
27466	-4.67561910311698
27467	-4.74710116613043
27468	-4.82003382528375
27469	-4.88997569210716
27470	-4.95130604510066
27471	-4.99940880400023
27472	-5.02843303456435
27473	-5.0355683438006
27474	-5.02367457591156
27475	-4.9943318961842
27476	-4.94818522493099
27477	-4.88783907548642
27478	-4.81572486450173
27479	-4.73444164766151
27480	-4.64555290830087
27481	-4.54962472037392
27482	-4.44750527323198
27483	-4.3400970169281
27484	-4.2272709492808
27485	-4.10923443142365
27486	-3.98705807484149
27487	-3.86161579987011
27488	-3.73326855043748
27489	-3.60166090882563
27490	-3.46684772281862
27491	-3.32931559794359
27492	-3.18956758177794
27493	-3.048123276618
27494	-2.90539934240629
27495	-2.76112215376726
27496	-2.61473338345926
27497	-2.46566516511283
27498	-2.31377213254963
27499	-2.15895093614432
27500	-2.00178913470124
27501	-1.84334440872095
27502	-1.68386760485487
27503	-1.5235108138426
27504	-1.36247455860935
27505	-1.20147400022541
27506	-1.04197795615453
27507	-0.884483886005819
27508	-0.728394251392403
27509	-0.574121432038629
27510	-0.42314666927403
27511	-0.276336334643909
27512	-0.13358592429474
27513	0.00515380334356067
27514	0.139384991842203
27515	0.268541055211483
27516	0.39232781727314
27517	0.511515590370715
27518	0.627102575404671
27519	0.739042214274541
27520	0.846213039563245
27521	0.946649582804572
27522	1.03801560825502
27523	1.11662516990008
27524	1.18045285957384
27525	1.23109830471761
27526	1.27201705922727
27527	1.30780507389317
27528	1.34415682923541
27529	1.38534237954261
27530	1.43453875191389
27531	1.49454419104226
27532	1.56699298192274
27533	1.65252216411061
27534	1.75090328483125
27535	1.86176841842657
27536	1.98356399533954
27537	2.11465823935987
27538	2.25430723633154
27539	2.40060077252733
27540	2.5519960541622
27541	2.70738325077644
27542	2.86457774228986
27543	3.02206525964254
27544	3.17900407285376
27545	3.33435550406205
27546	3.48714644826474
27547	3.63634038618967
27548	3.78145659545934
27549	3.92306700771536
27550	4.0610194800609
27551	4.19508713571575
27552	4.32534013267755
27553	4.451330078009
27554	4.57361331091814
27555	4.69167575846168
27556	4.80496686126101
27557	4.91394041197206
27558	5.01843079146824
27559	5.1180390023477
27560	5.21369947732945
27561	5.30637257339801
27562	5.39609650178195
27563	5.48269079051727
27564	5.56589393671352
27565	5.64593003836281
27566	5.7229289758406
27567	5.79686982884826
27568	5.86841890213089
27569	5.9378484349475
27570	6.00447058748369
27571	6.06822738607326
27572	6.12932868180622
27573	6.18762656969232
27574	6.24378451973801
27575	6.29778871808536
27576	6.34962320174156
27577	6.39978204827953
27578	6.44829732581047
27579	6.49574821897045
27580	6.54220123690236
27581	6.58738049038046
27582	6.63187803197074
27583	6.67754029834522
27584	6.72565015521582
27585	6.77767626300559
27586	6.83164715758421
27587	6.88082895959385
27588	6.92016738737704
27589	6.94976357780887
27590	6.97252969255928
27591	6.99082983480911
27592	7.0054538616044
27593	7.01565921970729
27594	7.02091439259007
27595	7.02104520546842
27596	7.01603186349374
27597	7.00600163783057
27598	6.99136285399006
27599	6.97232687359924
27600	6.94868233673627
27601	6.91995303733376
27602	6.8865370378667
27603	6.84871100963516
27604	6.8067122884747
27605	6.76086915342135
27606	6.71043086965464
27607	6.65526038606554
27608	6.59574906350936
27609	6.53258045660138
27610	6.46641587401959
27611	6.39738241966974
27612	6.32552139481127
27613	6.25119378972085
27614	6.17471686919266
27615	6.09598306136679
27616	6.01488991561159
27617	5.9313994893503
27618	5.84560620293908
27619	5.75718205838121
27620	5.66602674343703
27621	5.57249237989792
27622	5.47677848236314
27623	5.37907389660754
27624	5.27930180631252
27625	5.17754680235312
27626	5.07384055519559
27627	4.96907261534683
27628	4.8639576370647
27629	4.75750536783419
27630	4.64930986680444
27631	4.53942190805713
27632	4.4282900132941
27633	4.31719438604619
27634	4.20695442123469
27635	4.09738663977736
27636	3.98764155216678
27637	3.87772567894224
27638	3.76800933952839
27639	3.65894880947793
27640	3.5512697456139
27641	3.44530933585129
27642	3.34108776410288
27643	3.2384617671482
27644	3.1384557854157
27645	3.04093336185907
27646	2.9448206117358
27647	2.84876742067851
27648	2.75052315175929
27649	2.64871784243467
27650	2.54341274843952
27651	2.43960821316923
27652	2.34737152227143
27653	2.27509605300527
27654	2.22817185509916
27655	2.21127071317426
27656	2.22716211222122
27657	2.27709250829752
27658	2.36079839476815
27659	2.47749856551374
27660	2.62660937482855
27661	2.80650628385527
27662	3.0153217360972
27663	3.25044946511405
27664	3.50850627283516
27665	3.78656093322172
27666	4.08187070829237
27667	4.39253914434181
27668	4.71517105737748
27669	5.04577593920323
27670	5.38165726458206
27671	5.72042865632074
27672	6.0587341377893
27673	6.3930618111013
27674	6.7219921557537
27675	7.04370834717582
27676	7.35542360225002
27677	7.6555499617036
27678	7.94350956916252
27679	8.21875560952218
27680	8.48072113942014
27681	8.72959282440275
27682	8.96562477581611
27683	9.18909551747822
27684	9.40029257260856
27685	9.6000098964025
27686	9.78932178437712
27687	9.9692131002614
27688	10.1405802221079
27689	10.3031539339866
27690	10.4565085127438
27691	10.6011758365493
27692	10.7386989282899
27693	10.8695325393345
27694	10.9933318012977
27695	11.110866564331
27696	11.2224354205523
27697	11.3285506349447
27698	11.430025844925
27699	11.5285254859773
27700	11.6255785440823
27701	11.7214941388828
27702	11.8172254024101
27703	11.9103829017216
27704	11.9922875419683
27705	12.0534787167151
27706	12.0887191467106
27707	12.0929389952541
27708	12.057126547755
27709	11.9795568789519
27710	11.8743132313115
27711	11.7583651529594
27712	11.6357245352019
27713	11.4985461984295
27714	11.3358012962987
27715	11.1455237051085
27716	10.9397893288972
27717	10.7289553203804
27718	10.5104251026025
27719	10.2773608141813
27720	10.0275053245226
27721	9.76104175194115
27722	9.47922329109298
27723	9.18788548879682
27724	8.89054544849817
27725	8.58412870217987
27726	8.26485726582666
27727	7.932480744924
27728	7.59421487952516
27729	7.25749717748926
27730	6.92772549009681
27731	6.6112462188854
27732	6.30985963774557
27733	6.02286953781561
27734	5.75089149282636
27735	5.49227995433092
27736	5.24582209502233
27737	5.01291236660161
27738	4.79437552558547
27739	4.5886685913766
27740	4.39354965449038
27741	4.20938487571222
27742	4.0367647741819
27743	3.87591774497288
27744	3.72705039999459
27745	3.5872330311588
27746	3.45372463640535
27747	3.32881036486471
27748	3.21388410121234
27749	3.10738281479385
27750	3.00358982629213
27751	2.89623371048935
27752	2.78650195674916
27753	2.67987281255364
27754	2.57936205817485
27755	2.48040951799247
27756	2.37613520566774
27757	2.26266943828612
27758	2.13804958851504
27759	2.00497983646631
27760	1.87006266741261
27761	1.74107535332227
27762	1.62076851281974
27763	1.50693336096734
27764	1.39704053034842
27765	1.28926063300808
27766	1.18517252788408
27767	1.08954536552321
27768	1.00314722118658
27769	0.922629067377453
27770	0.84457558767767
27771	0.767249296238983
27772	0.692794593179716
27773	0.624138498756904
27774	0.561939535999643
27775	0.505997631057134
27776	0.454337361086153
27777	0.404063398157964
27778	0.355457952900176
27779	0.309931593737344
27780	0.267446050998258
27781	0.227690143812098
27782	0.189960447113687
27783	0.154264011562543
27784	0.121231563315345
27785	0.0907419801740725
27786	0.0624083047145982
27787	0.0347700522488255
27788	0.00712163866400046
27789	-0.0197992593382913
27790	-0.0451418176613144
27791	-0.0663284105406366
27792	-0.0818676470027048
27793	-0.0938409100279873
27794	-0.10638672497828
27795	-0.12295329949966
27796	-0.143234868772928
27797	-0.162611276640383
27798	-0.176675403839134
27799	-0.183686681619449
27800	-0.183336837512945
27801	-0.176632752948692
27802	-0.16198389958577
27803	-0.137388961476296
27804	-0.104669065529104
27805	-0.064833086735473
27806	-0.0176738990894152
27807	0.0336345532797133
27808	0.0863395509751641
27809	0.138896897078014
27810	0.190705568129412
27811	0.240580029240044
27812	0.287776111841728
27813	0.33267328151454
27814	0.374899018174667
27815	0.419054236299243
27816	0.470605311531097
27817	0.533012866507132
27818	0.609558682583755
27819	0.702188587541982
27820	0.811990391132215
27821	0.939190667697434
27822	1.0826463945736
27823	1.24174805681023
27824	1.41692453906759
27825	1.60775005676291
27826	1.81327158491563
27827	2.03219432751802
27828	2.26248928992049
27829	2.5017075706056
27830	2.74759054797372
27831	2.9987591743959
27832	3.2542512931711
27833	3.51267940024541
27834	3.77237404732358
27835	4.03196814690549
27836	4.29244950541575
27837	4.55492608652163
27838	4.81785864614444
27839	5.07725682439853
27840	5.32549742335255
27841	5.55930613366157
27842	5.78167397567069
27843	5.99774616869039
27844	6.21252455072133
27845	6.42944146139087
27846	6.65160301334233
27847	6.8808120450932
27848	7.11803498206549
27849	7.36317079111784
27850	7.61526416455418
27851	7.87366678647404
27852	8.1371202255304
27853	8.40311915565351
27854	8.66920551212084
27855	8.93418030032224
27856	9.19724887718657
27857	9.45665692226418
27858	9.71023916737584
27859	9.95613664490092
27860	10.1929343827385
27861	10.4178493511686
27862	10.6281489190948
27863	10.8228406210207
27864	11.0019128707703
27865	11.1658056327608
27866	11.3172004572781
27867	11.4575648937186
27868	11.5860202749631
27869	11.7055915909902
27870	11.8176718329413
27871	11.9199503883081
27872	12.012694987169
27873	12.0966905026163
27874	12.1713895319347
27875	12.2370429760968
27876	12.2932341884859
27877	12.3411895185277
27878	12.3803532257514
27879	12.4104630625307
27880	12.4332783242209
27881	12.4474946644201
27882	12.4521251388478
27883	12.4481722963596
27884	12.434851812498
27885	12.4118272739593
27886	12.3807159404868
27887	12.3425331865137
27888	12.2973973932075
27889	12.2444705996546
27890	12.183896234135
27891	12.1150621416003
27892	12.0378492917767
27893	11.95399059924
27894	11.8634174850135
27895	11.7654741666595
27896	11.6596822945735
27897	11.5441305456166
27898	11.4184832375048
27899	11.2840609516405
27900	11.1416100777152
27901	10.9914095587282
27902	10.8352944710321
27903	10.6731715444068
27904	10.5038971595342
27905	10.3285411321491
27906	10.1493952187843
27907	9.96807279418099
27908	9.78453056092584
27909	9.59861857053852
27910	9.40970175359883
27911	9.21820163718896
27912	9.02499816171776
27913	8.83054276299064
27914	8.63586984747439
27915	8.4425947128046
27916	8.25212916049292
27917	8.06524357840915
27918	7.88011509803374
27919	7.69590810762732
27920	7.51207651969281
27921	7.33084918586397
27922	7.15895647061987
27923	6.99726682775329
27924	6.84544686907201
27925	6.70444706324027
27926	6.57178975854715
27927	6.44470107093511
27928	6.32163555467793
27929	6.20250076805412
27930	6.08564200417724
27931	5.96926915835085
27932	5.8540394449103
27933	5.73511952400836
27934	5.60526444098549
27935	5.466218769214
27936	5.32644701224025
27937	5.19012386921865
27938	5.05871493578893
27939	4.93485172971019
27940	4.81903678160549
27941	4.709034099292
27942	4.60512398100484
27943	4.50822171022922
27944	4.41319679350116
27945	4.31885929194366
27946	4.23040961042885
27947	4.151183544261
27948	4.08380293337378
27949	4.03065788687634
27950	3.9926595582959
27951	3.97017729848283
27952	3.96372672043188
27953	3.97361026589696
27954	3.99893539325008
27955	4.03899237717867
27956	4.09333271253124
27957	4.16150465903662
27958	4.24267033231614
27959	4.33510089925395
27960	4.43771515422814
27961	4.54912243452913
27962	4.66702672943116
27963	4.79019817551196
27964	4.91821680920927
27965	5.04989846733915
27966	5.18498458463271
27967	5.32423185538249
27968	5.4646460183085
27969	5.60122231613087
27970	5.72709814297882
27971	5.83387230352804
27972	5.91480561471644
27973	5.96705135604229
27974	5.99511225877407
27975	6.0061901441199
27976	6.00676514692718
27977	6.00294747490912
27978	5.99950028226441
27979	6.0005114826415
27980	6.00834496341017
27981	6.0237437617957
27982	6.0473695237889
27983	6.07948992388368
27984	6.11931131573723
27985	6.16559261386107
27986	6.21805652885205
27987	6.2755363257259
27988	6.33588936014465
27989	6.39745659327984
27990	6.45904646568733
27991	6.52173335639151
27992	6.58564225475954
27993	6.64968018473322
27994	6.71347838141855
27995	6.77680824343972
27996	6.83954123215022
27997	6.90054756406597
27998	6.95898741589927
27999	7.01461754060313
28000	7.06796274820849
