dataset,stage,seed,n,event_success,injection_window_hit,literal_terminal_success,terminal_fail,nuisance,lead_fail_per_1000,post_fail_fraction,fault_coverage,sample_agreement,source,sha256
DS1,full,0,410,1,1,1,0,0,0.0,0.0,0.4117647058823529,0.926829268292683,raw_traces/DS1/full/seed_0.json.gz,32299d3618835de09b42ed92f6e18f8fb534f18a03bf8fb660e8da1d0e85001d
DS1,full,10,410,1,1,1,0,0,0.0,0.0,0.45098039215686275,0.9317073170731708,raw_traces/DS1/full/seed_10.json.gz,e3561bfbe948f4824bc1ebb89bfbbc4a8076dfe48c0eae43770b701a13f1c81a
DS1,full,11,410,1,1,1,0,0,0.0,0.0,0.43137254901960786,0.9292682926829269,raw_traces/DS1/full/seed_11.json.gz,997e41b2bfcf94d26f3793f89f5d127e8e0676c511fd350f4a5a99eb74e306ba
DS1,full,12,410,1,1,1,0,0,0.0,0.0,0.5882352941176471,0.948780487804878,raw_traces/DS1/full/seed_12.json.gz,e7164455707f04570e16048e7b4a7a0d28995f2d22fcb46ec41071aa2a6cf8fb
DS1,full,13,410,1,1,1,0,0,0.0,0.0,0.6274509803921569,0.9536585365853658,raw_traces/DS1/full/seed_13.json.gz,b9e1eeabf2f1c6633b72b1e321c99ad2f4afc44068c73d1b7d9e2454f9d56dfd
DS1,full,14,410,1,1,1,0,0,0.0,0.0,0.6274509803921569,0.9536585365853658,raw_traces/DS1/full/seed_14.json.gz,148e79ba7de0eeb104982e533948fafd2ab214b822f02107c4329b7b78710e15
DS1,full,15,410,1,1,1,0,0,0.0,0.0,0.43137254901960786,0.9292682926829269,raw_traces/DS1/full/seed_15.json.gz,afa17f79bdd6ee920d389364fc9b5b8d8651d60a4a9cdeacdb02f9bcb730274c
DS1,full,16,410,1,1,1,0,0,0.0,0.0,0.4117647058823529,0.926829268292683,raw_traces/DS1/full/seed_16.json.gz,5a2017d20d79b673526d1ce269fa2194b357c0c09b2729738f1baad169e5999b
DS1,full,17,410,1,1,1,0,0,0.0,0.0,0.37254901960784315,0.9219512195121952,raw_traces/DS1/full/seed_17.json.gz,b37e81d64fc68747108383940578857043f6017ed038e910ebd0bd3171fdc19e
DS1,full,18,410,1,1,1,0,0,0.0,0.0,0.43137254901960786,0.9292682926829269,raw_traces/DS1/full/seed_18.json.gz,b8d2884a9e34d926a255e8f99bec760ea7e02c2d900f76985bc5271c8cc6d6d3
DS1,full,19,410,1,1,1,0,0,0.0,0.0,0.5294117647058824,0.9414634146341463,raw_traces/DS1/full/seed_19.json.gz,0d6d7ccc1fe7b91eb48c06656bdd9c5d6990d6ac9a22a9a2dae904dd9ddb334e
DS1,full,1,410,1,1,1,0,0,0.0,0.0,0.43137254901960786,0.9292682926829269,raw_traces/DS1/full/seed_1.json.gz,2f0d11a40871974000c14c5fac224a208a25aba02f0d4591884453945fc006e0
DS1,full,2,410,1,1,1,0,0,0.0,0.0,0.43137254901960786,0.9292682926829269,raw_traces/DS1/full/seed_2.json.gz,fba609d74fe90929f59268a1df6d75d7e69bcbe9e10110f9e05bf0c8c370caa1
DS1,full,3,410,1,1,1,0,0,0.0,0.0,0.6862745098039216,0.9609756097560975,raw_traces/DS1/full/seed_3.json.gz,db42bc815bc2b8ad7f2ec653919d8f192680b976b005c6b36531417c8e4b7590
DS1,full,4,410,1,1,1,0,0,0.0,0.0,0.6666666666666666,0.9585365853658536,raw_traces/DS1/full/seed_4.json.gz,dc16767b1f9caf586fe1a20c53f078be0254233645740dac89a134e1eda13c42
DS1,full,5,410,1,1,1,0,0,0.0,0.0,0.47058823529411764,0.9341463414634147,raw_traces/DS1/full/seed_5.json.gz,e602c21f808bd979d4c20dcb90bbdd3855fa4724865a4d6b77cff8fca23b8e42
DS1,full,6,410,1,1,1,0,0,0.0,0.0,0.45098039215686275,0.9317073170731708,raw_traces/DS1/full/seed_6.json.gz,950f9f475257dbd5a83a131550543452716318eecb4b532b7a4f7b8b49902b44
DS1,full,7,410,1,1,1,0,0,0.0,0.0,0.6078431372549019,0.9512195121951219,raw_traces/DS1/full/seed_7.json.gz,b2a8c402cd965f1d8a8e0439c1749ffeeb9fce0a1d92d692848e38daf9c93082
DS1,full,8,410,1,1,1,0,0,0.0,0.0,0.6666666666666666,0.9585365853658536,raw_traces/DS1/full/seed_8.json.gz,fef1da3b94ac2e88089767ae0a05e64eb846869dc1be7d1c2563b37b28bcdab2
DS1,full,9,410,1,1,1,0,0,0.0,0.0,0.6274509803921569,0.9536585365853658,raw_traces/DS1/full/seed_9.json.gz,c2688b2d5ca7a28e31cf2f372df7e12d6ce1980faa167707cebcd9be12995f53
DS1,full,20,410,1,1,1,0,0,0.0,0.0,0.3333333333333333,0.9170731707317074,raw_traces/DS1/full/seed_20.json.gz,e51c96082eaaa357e1f9b22972ad53cde559ae64f2c97f6849d2147fbf0d9322
DS1,full,23,410,1,1,1,0,0,0.0,0.0,0.43137254901960786,0.9292682926829269,raw_traces/DS1/full/seed_23.json.gz,913d62fae03ff2059fa4ef0fddec13f240d6ee7a8f0c49aac52ed7cab44a1926
DS1,full,24,410,1,1,1,0,0,0.0,0.0,0.5294117647058824,0.9414634146341463,raw_traces/DS1/full/seed_24.json.gz,4079c58dd8e07fe72a4edfb402008b4858be1301fa2bda19dfc04187a0ce3f05
DS1,full,25,410,1,1,1,0,0,0.0,0.0,0.47058823529411764,0.9341463414634147,raw_traces/DS1/full/seed_25.json.gz,26c1cf4d75241d7d3e212480df0ba9e7105c684f181b9722eaa85ec01c5ecad2
DS1,full,26,410,1,1,1,0,0,0.0,0.0,0.5294117647058824,0.9414634146341463,raw_traces/DS1/full/seed_26.json.gz,c26dd11bb69a08ec04acdca7df8bcfb93e18d7873d5c43ff198bf0f6d3f09fa0
DS1,full,27,410,1,1,1,0,0,0.0,0.0,0.6666666666666666,0.9585365853658536,raw_traces/DS1/full/seed_27.json.gz,d53a536b4fbc72dfa646536a7493f6a6f1186c3543b6abdcbc879c150564f591
DS1,full,29,410,1,1,1,0,0,0.0,0.0,0.6470588235294118,0.9560975609756097,raw_traces/DS1/full/seed_29.json.gz,79ebada53320ce093baf0777238e3d0134fd4f1802951efdee2832ef10320f83
DS1,full,30,410,1,1,1,0,0,0.0,0.0,0.5882352941176471,0.948780487804878,raw_traces/DS1/full/seed_30.json.gz,4648092479ff7247e7159ab443f48623af43fd541468b452c08888ea55724fd6
DS1,full,31,410,1,1,1,0,0,0.0,0.0,0.37254901960784315,0.9219512195121952,raw_traces/DS1/full/seed_31.json.gz,0489165e67de6dafcfddf2fb8ba2de82177f40089f241797de031cdd7ae51eb0
DS1,full,32,410,1,1,1,0,0,0.0,0.0,0.6274509803921569,0.9536585365853658,raw_traces/DS1/full/seed_32.json.gz,239c3abcf192969123ade33aa47a3c21c413d2fbf39df803d1d29c6fe5ca3b84
DS1,full,33,410,1,1,1,0,0,0.0,0.0,0.6470588235294118,0.9560975609756097,raw_traces/DS1/full/seed_33.json.gz,55f7e9f4ef863c985be0e6ed5962f61e825336768bdcae5e5689542eafbfbb46
DS1,full,34,410,1,1,1,0,0,0.0,0.0,0.5686274509803921,0.9463414634146341,raw_traces/DS1/full/seed_34.json.gz,c7038afd3d49ead043611b3dcff6717c75153e17db6697d757b1c20543ed264f
DS1,full,35,410,1,1,1,0,0,0.0,0.0,0.3137254901960784,0.9146341463414634,raw_traces/DS1/full/seed_35.json.gz,2bc7d3118efc564d861dd992f252af9632d16ce12fa9d38f712afb2f0f308df1
DS1,full,36,410,1,1,1,0,0,0.0,0.0,0.39215686274509803,0.9243902439024391,raw_traces/DS1/full/seed_36.json.gz,88c82a7ba318d3fc593a43115808537cf9dde2cfa1dc96ff95112a23ad0741cf
DS1,full,37,410,1,1,1,0,0,0.0,0.0,0.39215686274509803,0.9243902439024391,raw_traces/DS1/full/seed_37.json.gz,b0ae527ec3cc48a5e14f6f3db2b636140f9f5ddd7e7056f43aee292ed9909d64
DS1,full,39,410,1,1,1,0,0,0.0,0.0,0.35294117647058826,0.9195121951219513,raw_traces/DS1/full/seed_39.json.gz,12657fbc722ab6c37c1073d9434833dadfe45459c3842716f70bc6089c7dab64
DS1,full,40,410,1,1,1,0,0,0.0,0.0,0.6862745098039216,0.9609756097560975,raw_traces/DS1/full/seed_40.json.gz,0ddb3a8d7de104306a9bcbd40b976a6b0bc08468b0de92aa077be029126707cf
DS1,full,41,410,1,1,1,0,0,0.0,0.0,0.35294117647058826,0.9195121951219513,raw_traces/DS1/full/seed_41.json.gz,13e82146756688533880f61fb2821a2c6f9ad785c5ade8151abdde721d38f5d0
DS1,full,44,410,1,1,1,0,0,0.0,0.0,0.6078431372549019,0.9512195121951219,raw_traces/DS1/full/seed_44.json.gz,fb4b49b35bcb2a7f33cb6278408d7ce26a228243a6b63d6415397b9c4586b421
DS1,full,45,410,1,1,1,0,0,0.0,0.0,0.47058823529411764,0.9341463414634147,raw_traces/DS1/full/seed_45.json.gz,d7522263ca63700874d10e5e91112178a2681bbd32c11f9d08b7abcda01b218c
DS1,full,46,410,1,1,1,0,0,0.0,0.0,0.45098039215686275,0.9317073170731708,raw_traces/DS1/full/seed_46.json.gz,0e0ff9b5e46e3cdff056cba1aee00cc380c52a2ffd6265ea716e071a9c5cf1bf
DS1,full,47,410,1,1,1,0,0,0.0,0.0,0.4117647058823529,0.926829268292683,raw_traces/DS1/full/seed_47.json.gz,69a9946f58b674ee02738d7d6dd1110ef433ec7b9634f6185ff2395f9d3d0ea9
DS1,full,49,410,1,1,1,0,0,0.0,0.0,0.6666666666666666,0.9585365853658536,raw_traces/DS1/full/seed_49.json.gz,3b6a1f58f5517e9ca77426aecf8c0fa7790f8b87b6c39560432808d9c2b17137
DS1,full,51,410,1,1,1,0,0,0.0,0.0,0.6470588235294118,0.9560975609756097,raw_traces/DS1/full/seed_51.json.gz,5e115b2eb59f7f8b48809f31abe6fa28712f0b553e4892c0a0f98bf0d70eac53
DS1,full,52,410,1,1,1,0,0,0.0,0.0,0.5098039215686274,0.9390243902439024,raw_traces/DS1/full/seed_52.json.gz,15445518fa5dee7a02e1307c31b082b46f9dda2f4bbe4cfc5e04752640794ff5
DS1,full,53,410,1,1,1,0,0,0.0,0.0,0.45098039215686275,0.9317073170731708,raw_traces/DS1/full/seed_53.json.gz,663ec9f49d7f4e2dc4cbc82cc5d7ecb81335b26867ecd0c475c7e7ff517648d3
DS1,full,54,410,1,1,1,0,0,0.0,0.0,0.5882352941176471,0.948780487804878,raw_traces/DS1/full/seed_54.json.gz,b41ac7a63ac92fec10cb389e6848688ff78aa7627411579e0291e24eb08b456d
DS1,full,55,410,1,1,1,0,0,0.0,0.0,0.45098039215686275,0.9317073170731708,raw_traces/DS1/full/seed_55.json.gz,853195c6bf368fda9dbf04a561dc7ac494f31dc89d47581c8dec9896d4b3650f
DS1,full,57,410,1,1,1,0,0,0.0,0.0,0.43137254901960786,0.9292682926829269,raw_traces/DS1/full/seed_57.json.gz,f32fd3c4f220df04f09f2bce13f758a044341ea42e0fc85aae7406bd107ae63c
DS1,full,58,410,1,1,1,0,0,0.0,0.0,0.6666666666666666,0.9585365853658536,raw_traces/DS1/full/seed_58.json.gz,b67e07a471574c7dd3b33e7897cc5507536f33b3dcf7100f993e9c85a70735ea
DS1,full,59,410,1,1,1,0,0,0.0,0.0,0.6862745098039216,0.9609756097560975,raw_traces/DS1/full/seed_59.json.gz,cfaa906efb4c824a5d01ffc15bc1cf4da29fc52f073c6bc065c9fde5fda94cff
DS1,full,60,410,1,1,1,0,0,0.0,0.0,0.6470588235294118,0.9560975609756097,raw_traces/DS1/full/seed_60.json.gz,e0a5ff8ca565e771d91edfd38b997af8380eda80f249ffd7d0aedb46df75fb55
DS1,full,65,410,1,1,1,0,0,0.0,0.0,0.43137254901960786,0.9292682926829269,raw_traces/DS1/full/seed_65.json.gz,235cf645f3d6bfd2001a83c9053dcccb62fa40410b95d263a0a1f64a903ea2fb
DS1,full,67,410,1,1,1,0,0,0.0,0.0,0.39215686274509803,0.9243902439024391,raw_traces/DS1/full/seed_67.json.gz,0cf2e60873c886177cd2d115a46ff2709c797926a637a7ede2a9939e6f0c37b8
DS1,full,68,410,1,1,1,0,0,0.0,0.0,0.47058823529411764,0.9341463414634147,raw_traces/DS1/full/seed_68.json.gz,8d24b934a350a838f01ed6ca080e3f1a5980f9abafa10cbf1ff93f554e725ab5
DS1,full,69,410,1,1,1,0,0,0.0,0.0,0.47058823529411764,0.9341463414634147,raw_traces/DS1/full/seed_69.json.gz,f7d692b07b8ee5eb8aac659cbe3fd8c9b6c56a967d14fcbefbe36dec83d3f4a4
DS1,full,72,410,1,1,1,0,0,0.0,0.0,0.6470588235294118,0.9560975609756097,raw_traces/DS1/full/seed_72.json.gz,061081a87bf3ac201ad0a5d63ccc4db91288071acdaa60cf0b1cc0c917e1297b
DS1,full,74,410,1,1,1,0,0,0.0,0.0,0.5098039215686274,0.9390243902439024,raw_traces/DS1/full/seed_74.json.gz,fa28b220e66f3c6403ad8fb661642e56a574aa73abada03ce2c614a2e01eac55
DS1,full,77,410,1,1,1,0,0,0.0,0.0,0.4117647058823529,0.926829268292683,raw_traces/DS1/full/seed_77.json.gz,72581db27380ffc6b570248c0d8d422ebc7ff83f02126dbdb8d291c3420a0583
DS1,full,78,410,1,1,1,0,0,0.0,0.0,0.3333333333333333,0.9170731707317074,raw_traces/DS1/full/seed_78.json.gz,b6397ce062b599216d859dbb8f3106ecacbda6ad2063132306ac221c77fe7af3
DS1,full,80,410,1,1,1,0,0,0.0,0.0,0.6078431372549019,0.9512195121951219,raw_traces/DS1/full/seed_80.json.gz,e766a8cd38feb202f13fe07581c8691a5d1d5c76a9b268f076b42d701ef1c129
DS1,full,81,410,1,1,1,0,0,0.0,0.0,0.47058823529411764,0.9341463414634147,raw_traces/DS1/full/seed_81.json.gz,d9a3481884015b54ddc6c0ba68e980964f8d1e7e6c3fbf4f855992935281f375
DS1,full,82,410,1,1,1,0,0,0.0,0.0,0.6470588235294118,0.9560975609756097,raw_traces/DS1/full/seed_82.json.gz,96d7b47399916127f7a44cc70bd0b68b455e37063b44c3afea9bb5250df9ef9d
DS1,full,83,410,1,1,1,0,0,0.0,0.0,0.5294117647058824,0.9414634146341463,raw_traces/DS1/full/seed_83.json.gz,9fb83729e9af48b6b713ea2e4985d13e6ba0e47e4815b43197ee3db0ee6513a4
DS1,full,84,410,1,1,1,0,0,0.0,0.0,0.39215686274509803,0.9243902439024391,raw_traces/DS1/full/seed_84.json.gz,d211cfadefdef7ed3fe219e2eb3485771fa73503b41e51939eb3fae7254647e4
DS1,full,86,410,1,1,1,0,0,0.0,0.0,0.3137254901960784,0.9146341463414634,raw_traces/DS1/full/seed_86.json.gz,e6d8c63c6094c5ade30157b6a7c43ca6e5a36940b1ab2f44aeef1d982bb60173
DS1,full,87,410,1,1,1,0,0,0.0,0.0,0.5294117647058824,0.9414634146341463,raw_traces/DS1/full/seed_87.json.gz,304bd0a7daa96e5bda12a76c94bd65332384c81d387b72c7b920d1c5dd4fe71c
DS1,full,88,410,1,1,1,0,0,0.0,0.0,0.43137254901960786,0.9292682926829269,raw_traces/DS1/full/seed_88.json.gz,949154233903abd709a6d016abf12115317234b432c5d3c0b22bff5ffda1c028
DS1,full,89,410,1,1,1,0,0,0.0,0.0,0.2549019607843137,0.9073170731707317,raw_traces/DS1/full/seed_89.json.gz,8f5985b1f3fcd0c136045b8a4bfbbd76c630cfefab082a80f9cb3150295bd8f1
DS1,full,91,410,1,1,1,0,0,0.0,0.0,0.5686274509803921,0.9463414634146341,raw_traces/DS1/full/seed_91.json.gz,2352a347e4c3fef390acf3e64a37d1c2e56ecae23f9b822c68d840a021431870
DS1,full,92,410,1,1,1,0,0,0.0,0.0,0.43137254901960786,0.9292682926829269,raw_traces/DS1/full/seed_92.json.gz,e0ec5cc7a1ecc9f25bf319856b03eb024938665a2a7bfe0b9e7bb1541200e355
DS1,full,93,410,1,1,1,0,0,0.0,0.0,0.43137254901960786,0.9292682926829269,raw_traces/DS1/full/seed_93.json.gz,e4024d64be129954bf8c2034791304e35a02176de617eba4cb8fbb0a02826802
DS1,full,94,410,1,1,1,0,0,0.0,0.0,0.5098039215686274,0.9390243902439024,raw_traces/DS1/full/seed_94.json.gz,740626343fd15d55a2e6333e5dbc3c71999f633cfb385397a1753d082b38acb7
DS1,full,97,410,1,1,1,0,0,0.0,0.0,0.6470588235294118,0.9560975609756097,raw_traces/DS1/full/seed_97.json.gz,cd7fe1fa8f05cb02e65fa6bd3127dc7db24e4cf2acc21a60ad6531e4797ee3c3
DS1,full,99,410,1,1,1,0,0,0.0,0.0,0.47058823529411764,0.9341463414634147,raw_traces/DS1/full/seed_99.json.gz,b28542db75e13acd71717217c53ec154aa4c018e164524f0ce4670714f2e2727
DS2,full,0,410,1,1,1,0,0,0.0,0.0,0.19607843137254902,0.9,raw_traces/DS2/full/seed_0.json.gz,f5e137a96cb46a39614b65c3b67d1a654aaa1e1c5bc5339b2892cd8db0d74fd2
DS2,full,10,410,1,1,1,0,0,0.0,0.0,0.19607843137254902,0.9,raw_traces/DS2/full/seed_10.json.gz,e479dde139c558d6dc5a6e3a966cf93bef72ce2c93ff0b0f42b5e78e1f7de92c
DS2,full,11,410,1,1,1,0,0,0.0,0.0,0.19607843137254902,0.9,raw_traces/DS2/full/seed_11.json.gz,097cb4a5dec9f9d2ef45d6944bc25261e91aec47c4a53a0e363fdcb2a897f2ae
DS2,full,12,410,1,1,1,0,0,0.0,0.0,0.19607843137254902,0.9,raw_traces/DS2/full/seed_12.json.gz,38b2ef232aa9428ecd0e575d3f9af9febe00c22095fd88249ffedfabd631bf42
DS2,full,13,410,1,1,1,0,0,0.0,0.0,0.17647058823529413,0.8975609756097561,raw_traces/DS2/full/seed_13.json.gz,fd07f3c6bb20a4d25011717422e1c807d4516e13b2b608659cac9f257f5ea9ac
DS2,full,14,410,1,1,1,0,0,0.0,0.0,0.19607843137254902,0.9,raw_traces/DS2/full/seed_14.json.gz,59ba1ad32131b5f4124afeb416212885c14c1f44d6a84985819c82834eb21dbc
DS2,full,15,410,1,1,1,0,0,0.0,0.0,0.19607843137254902,0.9,raw_traces/DS2/full/seed_15.json.gz,202f15916fcaf9443e83757b67ebe514bcacd46d20329b51aecd43fc9420bb35
DS2,full,16,410,1,1,1,0,0,0.0,0.0,0.19607843137254902,0.9,raw_traces/DS2/full/seed_16.json.gz,7b11cc522ef9ed559c50697124482bafa23620a4b2a733bf5f190c755f628b47
DS2,full,17,410,1,1,1,0,0,0.0,0.0,0.21568627450980393,0.9024390243902439,raw_traces/DS2/full/seed_17.json.gz,23ffa94c61fcd90b4f83ba0be6c1c9884e88ac46ab8834db551991f9b22d352f
DS2,full,18,410,1,1,1,0,0,0.0,0.0,0.23529411764705882,0.9048780487804878,raw_traces/DS2/full/seed_18.json.gz,bc94da23ca94f65ea80a46bffef6f316cc65ef5e421f91d6d594c94bfd945105
DS2,full,19,410,0,1,0,0,1,4.784688995215311,0.0,0.21568627450980393,0.9,raw_traces/DS2/full/seed_19.json.gz,1b84754d33814f6f914c0f71ad3213ac72cd8368b2e1835c426ead146576d319
DS2,full,1,410,1,1,1,0,0,0.0,0.0,0.19607843137254902,0.9,raw_traces/DS2/full/seed_1.json.gz,5c6086d9fc0086cc06f66864f76d331d79f85e851bb20d6903a58539c6c00f99
DS2,full,2,410,1,1,1,0,0,0.0,0.0,0.19607843137254902,0.9,raw_traces/DS2/full/seed_2.json.gz,4885755f1aca55b5427b7938c884785ad872bde4cd779a18126cf37f2a094038
DS2,full,3,410,1,1,1,0,0,0.0,0.0,0.21568627450980393,0.9024390243902439,raw_traces/DS2/full/seed_3.json.gz,e01acced72f1bd33a5383f13132aa6035b1c3bf15f0646212223ae632583b785
DS2,full,4,410,0,1,0,0,1,4.784688995215311,0.0,0.19607843137254902,0.8975609756097561,raw_traces/DS2/full/seed_4.json.gz,ee860918b403bdbadf9c04800a98772039913633a1896d5bc5631453a4366d71
DS2,full,5,410,1,1,1,0,0,0.0,0.0,0.19607843137254902,0.9,raw_traces/DS2/full/seed_5.json.gz,3d0bf524918fd3c3f0c532ab549f6459864fee85624fa346f7ffb06642f1d253
DS2,full,6,410,1,1,1,0,0,0.0,0.0,0.19607843137254902,0.9,raw_traces/DS2/full/seed_6.json.gz,3fd3eb7fa65e3c5e708735ed8a8c42e10c983be0439518a45be80e5b11ab4eb0
DS2,full,7,410,1,1,1,0,0,0.0,0.0,0.19607843137254902,0.9,raw_traces/DS2/full/seed_7.json.gz,34f59518756865948798dd59f94f700729951e46340669282cfd5de7fd9ad75e
DS2,full,8,410,1,1,1,0,0,0.0,0.0,0.21568627450980393,0.9024390243902439,raw_traces/DS2/full/seed_8.json.gz,bd183c3e0f1da02c52471dbdf6c032ed410373be08acdd69bb55c23e09713683
DS2,full,9,410,1,1,1,0,0,0.0,0.0,0.19607843137254902,0.9,raw_traces/DS2/full/seed_9.json.gz,aea8248dd3614325c65910323e5d0cceb0afb36279333911ecac5d6d4b8612a5
DS2,full,20,410,1,1,1,0,0,0.0,0.0,0.21568627450980393,0.9024390243902439,raw_traces/DS2/full/seed_20.json.gz,2f81ee1b0db9bba4e4c98b78c3186b9d48b9fa942b3c50e7b0be68f215475b79
DS2,full,23,410,1,1,1,0,0,0.0,0.0,0.19607843137254902,0.9,raw_traces/DS2/full/seed_23.json.gz,20fcf61fa446b9473362593c9562f8c5922b9111037fe4fc5e591d8de89e5f8a
DS2,full,24,410,1,1,1,0,0,0.0,0.0,0.19607843137254902,0.9,raw_traces/DS2/full/seed_24.json.gz,2d84d96b7698f5210cedb57df52fb23762ff9f15b843bbfc48dd8d9adacc0d3b
DS2,full,25,410,0,1,0,0,1,4.784688995215311,0.0,0.19607843137254902,0.8975609756097561,raw_traces/DS2/full/seed_25.json.gz,6347276e31f7bacbc0e214a3e965fa8e2b6b1e750e97dc6f20319b0635c3e027
DS2,full,26,410,1,1,1,0,0,0.0,0.0,0.19607843137254902,0.9,raw_traces/DS2/full/seed_26.json.gz,30187707a6bf1e53d9531b7dee56fc124b93b6b6b68c5de1c0e61f38d45085c9
DS2,full,27,410,1,1,1,0,0,0.0,0.0,0.2549019607843137,0.9073170731707317,raw_traces/DS2/full/seed_27.json.gz,93e515041078e74a68741bced86baeb0dd4bda8eb2a8dc63ecde3f4b350d34d4
DS2,full,29,410,1,1,1,0,0,0.0,0.0,0.19607843137254902,0.9,raw_traces/DS2/full/seed_29.json.gz,9c529c210350aadf03e1017e53351e87fd8ea4261abaf33a85b59a729f927264
DS2,full,30,410,1,1,1,0,0,0.0,0.0,0.17647058823529413,0.8975609756097561,raw_traces/DS2/full/seed_30.json.gz,674b134204b32333c92074634a0f0a8f662bd7defa3fe74ba1ddf0925a487964
DS2,full,31,410,1,1,1,0,0,0.0,0.0,0.19607843137254902,0.9,raw_traces/DS2/full/seed_31.json.gz,effc8a8767beaa3062e6ebd351fee10f802f66f9d56f455d49645699402c5490
DS2,full,32,410,1,1,1,0,0,0.0,0.0,0.19607843137254902,0.9,raw_traces/DS2/full/seed_32.json.gz,2243431640f0fd66b767d020d1a3cf1c668ed06771795d160319151494f2c876
DS2,full,33,410,0,1,0,0,1,4.784688995215311,0.0,0.19607843137254902,0.8975609756097561,raw_traces/DS2/full/seed_33.json.gz,26717623bf308b95dd2b2d4c5240d2f364fffabdc4caf7f2e80c8611477905ee
DS2,full,34,410,1,1,1,0,0,0.0,0.0,0.23529411764705882,0.9048780487804878,raw_traces/DS2/full/seed_34.json.gz,38405f3a625c6ef2ba682094b2125831d8f600da5e102515e846e276ed454b4a
DS2,full,36,410,1,1,1,0,0,0.0,0.0,0.19607843137254902,0.9,raw_traces/DS2/full/seed_36.json.gz,ffb0e1d12011afbfafb6960b6ede5fcc2354cad98e7d60c0ef40ec67477b7729
DS2,full,37,410,1,1,1,0,0,0.0,0.0,0.19607843137254902,0.9,raw_traces/DS2/full/seed_37.json.gz,37bdd5f94688457f69fd96eafa1a760b95bf268b525d0ea94f6367e02cf29e6c
DS2,full,39,410,1,1,1,0,0,0.0,0.0,0.19607843137254902,0.9,raw_traces/DS2/full/seed_39.json.gz,e46ba887e498100467d7dba86ad27ee87e9529f1ac4dcb58567472ab6308db64
DS2,full,40,410,1,1,1,0,0,0.0,0.0,0.19607843137254902,0.9,raw_traces/DS2/full/seed_40.json.gz,d61c441678eb80a143d9827c4d661b5a3bf09a0714874c0e5731b8f56dfe9225
DS2,full,41,410,1,1,1,0,0,0.0,0.0,0.19607843137254902,0.9,raw_traces/DS2/full/seed_41.json.gz,4d9bbd29dfa03480ec0af2de839c12f07a59d863cefccbbdb8f4ba3cac200600
DS2,full,44,410,1,1,1,0,0,0.0,0.0,0.19607843137254902,0.9,raw_traces/DS2/full/seed_44.json.gz,d7da2ae84d40d7dc5d0b5ac2a2091df050bb535ddbf8a5c1eb0be5e8ef14ac83
DS2,full,45,410,1,1,1,0,0,0.0,0.0,0.21568627450980393,0.9024390243902439,raw_traces/DS2/full/seed_45.json.gz,c48b96ad0832c383c56109fb16cc47c50d55aab213c8b9ad99547ca9e72e3454
DS2,full,46,410,1,1,1,0,0,0.0,0.0,0.21568627450980393,0.9024390243902439,raw_traces/DS2/full/seed_46.json.gz,e0a9152a7544a57efaa932bc715e370304661f01d30b2dd7d68d5e2854979181
DS2,full,47,410,1,1,1,0,0,0.0,0.0,0.19607843137254902,0.9,raw_traces/DS2/full/seed_47.json.gz,c7eee9cf0fa9a01fe3f95f7bf32c67c6755a3dab1d0df71c99e65bd4b3596aa8
DS2,full,49,410,1,1,1,0,0,0.0,0.0,0.19607843137254902,0.9,raw_traces/DS2/full/seed_49.json.gz,8600a2911a975983200176eebd42ec068a1d677a3d60ad1e9b54d26aded79a2c
DS2,full,51,410,1,1,1,0,0,0.0,0.0,0.19607843137254902,0.9,raw_traces/DS2/full/seed_51.json.gz,35570e40204e1659900bc612f61818cc153cc0d575a4ecca54a0ad1f54330ac7
DS2,full,52,410,1,1,1,0,0,0.0,0.0,0.17647058823529413,0.8975609756097561,raw_traces/DS2/full/seed_52.json.gz,e75d648019c5b1ffd1b7158d7ab6863a9897f820e1611568a435caa804bd9550
DS2,full,53,410,1,1,1,0,0,0.0,0.0,0.19607843137254902,0.9,raw_traces/DS2/full/seed_53.json.gz,ff132661e9e6290ceba82cca3ccaa6e4e4422169d12fdb45fce9cc910134ef5c
DS2,full,54,410,1,1,1,0,0,0.0,0.0,0.19607843137254902,0.9,raw_traces/DS2/full/seed_54.json.gz,8425066f7fc869da6480cc9b0b4e6299a51f7d966fba79f8ac7981797836381e
DS2,full,55,410,1,1,1,0,0,0.0,0.0,0.19607843137254902,0.9,raw_traces/DS2/full/seed_55.json.gz,a79c4a35b68af5b7e031939a28616f97da67014bf969f93c391f1cff10438ba6
DS2,full,57,410,1,1,1,0,0,0.0,0.0,0.21568627450980393,0.9024390243902439,raw_traces/DS2/full/seed_57.json.gz,683efb467b59cc7dd5eba0e32dcf206b5a07c8d809606d8f294ddcd36bccf861
DS2,full,58,410,1,1,1,0,0,0.0,0.0,0.19607843137254902,0.9,raw_traces/DS2/full/seed_58.json.gz,56cc74f7c80342d3dde21cf3d48cbd5a2ae292c39f69a74146a084b82db53645
DS2,full,59,410,1,1,1,0,0,0.0,0.0,0.21568627450980393,0.9024390243902439,raw_traces/DS2/full/seed_59.json.gz,66c048eddf9f73b6f97bd161858571603e0b1b8c19901a0f5efefe6cf23f1e0c
DS2,full,60,410,1,1,1,0,0,0.0,0.0,0.21568627450980393,0.9024390243902439,raw_traces/DS2/full/seed_60.json.gz,7f1c354dd2d499f1abd1e3605116b1c368ccbd4267925ee6882a72852c3ae55d
DS2,full,65,410,1,1,1,0,0,0.0,0.0,0.21568627450980393,0.9024390243902439,raw_traces/DS2/full/seed_65.json.gz,1e1fed71cbb9defc1cc36ac9f0f7bcf863d01ad57e5b42232ee6bfdc064ef791
DS2,full,67,410,1,1,1,0,0,0.0,0.0,0.19607843137254902,0.9,raw_traces/DS2/full/seed_67.json.gz,2c1c7eee632b8f8a8247ddd7199b35997b5bdd90ea5f4201c6cbb70805c55ce4
DS2,full,68,410,0,1,0,0,1,4.784688995215311,0.0,0.23529411764705882,0.9024390243902439,raw_traces/DS2/full/seed_68.json.gz,e65b026d6539b122bf14c143f78fd6b8d503ec501b8104df147ffbe3bbd309cb
DS2,full,69,410,1,1,1,0,0,0.0,0.0,0.19607843137254902,0.9,raw_traces/DS2/full/seed_69.json.gz,e28e680d4057ebe3206e3327adc33cfde1b766c3139d5352773bba75b9c28367
DS2,full,72,410,1,1,1,0,0,0.0,0.0,0.19607843137254902,0.9,raw_traces/DS2/full/seed_72.json.gz,856f561527d50b5de401a535df347790fde5fd4a4eea1ee759ff8327438793e9
DS2,full,77,410,1,1,1,0,0,0.0,0.0,0.19607843137254902,0.9,raw_traces/DS2/full/seed_77.json.gz,e256495d958d33d17e5985aea792ecf72f3272cc088a94a1628853b130312600
DS2,full,78,410,1,1,1,0,0,0.0,0.0,0.19607843137254902,0.9,raw_traces/DS2/full/seed_78.json.gz,41644f137840f1c8c8e2f0f6a99c3ccb8b16046e92d5dba54ae7afcb1e50ddd5
DS2,full,80,410,1,1,1,0,0,0.0,0.0,0.19607843137254902,0.9,raw_traces/DS2/full/seed_80.json.gz,87e40080bc899b485bafc7c03b3a0a537c4ed8dd24c6e2eb5d6465557fd81cc4
DS2,full,81,410,1,1,1,0,0,0.0,0.0,0.19607843137254902,0.9,raw_traces/DS2/full/seed_81.json.gz,accee76dfbcf61f20b76dec5ecab5102e63615d1fdc3df287c6d30efacbd8eff
DS2,full,82,410,1,1,1,0,0,0.0,0.0,0.19607843137254902,0.9,raw_traces/DS2/full/seed_82.json.gz,122db8eaa51befe27af9aeed0fb91b1a8950a07cce2cdb8a22d2079094455a66
DS2,full,83,410,1,1,1,0,0,0.0,0.0,0.19607843137254902,0.9,raw_traces/DS2/full/seed_83.json.gz,31e05a362ddf051f24d9fd7654b30c1b83dec7a2dd5f6eb01e34f7c8186c28d6
DS2,full,84,410,1,1,1,0,0,0.0,0.0,0.19607843137254902,0.9,raw_traces/DS2/full/seed_84.json.gz,62e69780ab0ce8841e11c238c78e7d8580241d75b5c0496cc7e33873f71ccaac
DS2,full,87,410,1,1,1,0,0,0.0,0.0,0.21568627450980393,0.9024390243902439,raw_traces/DS2/full/seed_87.json.gz,1075ae3e0809de7c6581ba52e6f8ef0dcd283a9ea11b0264423c2835e7b9f9c6
DS2,full,88,410,1,1,1,0,0,0.0,0.0,0.19607843137254902,0.9,raw_traces/DS2/full/seed_88.json.gz,967abc4c931b4f229a4d8a0c8a5459abb649b2ca7452f6ec14874bc0c71665f0
DS2,full,89,410,1,1,1,0,0,0.0,0.0,0.21568627450980393,0.9024390243902439,raw_traces/DS2/full/seed_89.json.gz,135cdcb3820b8223c03eb1e8ae541fa9d3d6bbc48e0efd9ce508ac03b9cab26e
DS2,full,91,410,0,1,0,0,1,4.784688995215311,0.0,0.19607843137254902,0.8975609756097561,raw_traces/DS2/full/seed_91.json.gz,2d5ebd1236d0bf23b58e32d449c8e9f7fae89fb86faf47be0863e19e19b3d657
DS2,full,93,410,1,1,1,0,0,0.0,0.0,0.19607843137254902,0.9,raw_traces/DS2/full/seed_93.json.gz,32ea78c33e9a2951f85a7b5f3b1c861661ef508631e8ed723d10e20fb09a0bab
DS2,full,94,410,1,1,1,0,0,0.0,0.0,0.21568627450980393,0.9024390243902439,raw_traces/DS2/full/seed_94.json.gz,883afd386ffb4772cd6860593a0530ea064715263943e789125646c94adea345
DS2,full,97,410,1,1,1,0,0,0.0,0.0,0.21568627450980393,0.9024390243902439,raw_traces/DS2/full/seed_97.json.gz,4b675e9b9460d191b4f876a6d366980d2b1b8ec83d33c40284bc707ba704a0dc
DS2,full,99,410,1,1,1,0,0,0.0,0.0,0.19607843137254902,0.9,raw_traces/DS2/full/seed_99.json.gz,a4274af379c5f27d1b8ebbc085aaa24cc77850560bd5c6c52a8f40a8e0fe1bd1
DS2,full,35,410,1,1,1,0,0,0.0,0.0,0.19607843137254902,0.9,raw_traces/DS2/full/seed_35.json.gz,cda8a1a4dc97bfaedfde0e5ebc0a21d551e43e2ea3d941b8b6093b8c4ec8b895
DS2,full,74,410,0,1,0,0,1,4.784688995215311,0.0,0.17647058823529413,0.8951219512195122,raw_traces/DS2/full/seed_74.json.gz,e070b959a9d0e952a3f2ea247f32a459eb3c5194704f8109129d790b7e294e7d
DS2,full,86,410,0,1,0,0,1,4.784688995215311,0.0,0.21568627450980393,0.9,raw_traces/DS2/full/seed_86.json.gz,675dd9ec2fe2d6201a5733324a0916c1c1ed4abc782d8eaa198d6c1664e4a53e
DS2,full,92,410,1,1,1,0,0,0.0,0.0,0.19607843137254902,0.9,raw_traces/DS2/full/seed_92.json.gz,f250d241ca00c3cae99c4c7a9f7371ff202fc74b0fc4a4e90b1af64bb2cf1d8c
DS3,full,0,410,1,1,1,0,0,0.0,0.8466666666666667,0.7064676616915423,0.8560975609756097,raw_traces/DS3/full/seed_0.json.gz,c5e1d463a94952d83600884a1aedc11d5322cf987f8dfc75ebd72581b40a03f6
DS3,full,10,410,1,1,1,0,0,0.0,0.22666666666666666,0.1791044776119403,0.5975609756097561,raw_traces/DS3/full/seed_10.json.gz,d5fcf7ae58072351e3c4757dda7344d3209028d5c6949c8f23cff80519b0ad53
DS3,full,11,410,1,1,0,1,0,0.0,0.88,0.736318407960199,0.8707317073170732,raw_traces/DS3/full/seed_11.json.gz,501a7811823a6585f3d163bef8954f810123e5cc06cc26da69ec2566b8a9b3ec
DS3,full,12,410,1,1,1,0,0,0.0,0.20666666666666667,0.1791044776119403,0.5975609756097561,raw_traces/DS3/full/seed_12.json.gz,1bfe22c64edef49c6d9c352137ebf52e6db1dfee9c08eaa761aa370aad6fb375
DS3,full,13,410,1,1,1,0,0,0.0,0.17333333333333334,0.14925373134328357,0.5829268292682926,raw_traces/DS3/full/seed_13.json.gz,7a16043f10b8ba1a89bc620612f62871e9f7ad79f7a31c1556cf2e2c9a813bb3
DS3,full,14,410,1,1,1,0,0,0.0,0.42,0.32338308457711445,0.6682926829268293,raw_traces/DS3/full/seed_14.json.gz,5f7c23c06a3409e07c29127bd71897446c9e2c9be32a5364ef0e4a293e11f7d7
DS3,full,15,410,1,1,1,0,0,0.0,0.16666666666666666,0.14925373134328357,0.5829268292682926,raw_traces/DS3/full/seed_15.json.gz,b273e8fe37551ba44e7f82d1837e51d928b3a7f5ed934ccfe3b8642532d88f9b
DS3,full,16,410,1,1,1,0,0,0.0,0.18666666666666668,0.15920398009950248,0.5878048780487805,raw_traces/DS3/full/seed_16.json.gz,1e1bb79528148ef722a3719121e34f9bca5c80fe4313aca5211034ec5bfa5048
DS3,full,17,410,1,1,1,0,0,0.0,0.30666666666666664,0.24875621890547264,0.6317073170731707,raw_traces/DS3/full/seed_17.json.gz,5d95c4cea6113cbe6447f27f98a1fa2cdafbbd527a297f434fb6f22efb5e0754
DS3,full,18,410,1,1,1,0,0,0.0,0.30666666666666664,0.2537313432835821,0.6341463414634146,raw_traces/DS3/full/seed_18.json.gz,63c0f509cfe578aa15382877c5a9663498d60cc8c1e6af746812cf7dbaaea8d6
DS3,full,19,410,1,1,1,0,0,0.0,0.6533333333333333,0.5422885572139303,0.775609756097561,raw_traces/DS3/full/seed_19.json.gz,d70d4014d7c849f83b1711d05de4432e4826d50bce6572cca42c089c96fbd23a
DS3,full,1,410,1,1,1,0,0,0.0,0.02666666666666667,0.029850746268656716,0.524390243902439,raw_traces/DS3/full/seed_1.json.gz,85447cb591ff28864d94459d3adfabde5a27f3bf46241e9a8befac4d535b057c
DS3,full,2,410,1,1,1,0,0,0.0,0.13333333333333333,0.1044776119402985,0.5609756097560976,raw_traces/DS3/full/seed_2.json.gz,2bd497fd0a149d8883b45d8d9d48e8f7a76a4eb1caebddf571e07c9bf5f53c28
DS3,full,3,410,1,1,1,0,0,0.0,0.07333333333333333,0.05970149253731343,0.5390243902439025,raw_traces/DS3/full/seed_3.json.gz,f60a81bb5caf46c3e54589b52a1e06e95970f50109c03f2d412e6c581526da90
DS3,full,4,410,1,1,1,0,0,0.0,0.49333333333333335,0.39800995024875624,0.7048780487804878,raw_traces/DS3/full/seed_4.json.gz,3264296299d407821cf97a79ca97251b8fd0419af0129d6802094459622774a7
DS3,full,5,410,1,1,1,0,0,0.0,0.6533333333333333,0.5323383084577115,0.7707317073170732,raw_traces/DS3/full/seed_5.json.gz,3deca30a660a403fa72fd13399cc135ef999f2d2a618db74e250e334b69cab08
DS3,full,6,410,1,1,1,0,0,0.0,0.3,0.23880597014925373,0.6268292682926829,raw_traces/DS3/full/seed_6.json.gz,3de616f17b2b56cda04f9b0dd549032fda5c28ec0ec95359c0a1f2595ff053d9
DS3,full,7,410,1,1,0,1,0,0.0,0.58,0.472636815920398,0.7414634146341463,raw_traces/DS3/full/seed_7.json.gz,fb402fb4f3ca3a40537321dcf77f94df3fa91bbd4bc36e71d23331f58dd405b3
DS3,full,8,410,1,1,1,0,0,0.0,0.38,0.3283582089552239,0.6707317073170732,raw_traces/DS3/full/seed_8.json.gz,05d59a87d346a807ea3f9c15a906035199c257250b7d01a6f8c3bedc835bbd07
DS3,full,9,410,1,1,0,1,0,0.0,0.8133333333333334,0.6865671641791045,0.8463414634146341,raw_traces/DS3/full/seed_9.json.gz,72043a1615dcee87045e2b065a62231bb0cb3b411ba1c6d77c7e5143a90b8da3
DS3,full,20,410,1,1,1,0,0,0.0,0.22,0.1791044776119403,0.5975609756097561,raw_traces/DS3/full/seed_20.json.gz,727dac9a1112f45318d963cec310f773fe2166df64ae3ad425e535399b937251
DS3,full,23,410,1,1,0,1,0,0.0,0.7866666666666666,0.6268656716417911,0.8170731707317073,raw_traces/DS3/full/seed_23.json.gz,e401de9a2c7e3394799765de586d7b1e66afa4eb4ae7a3bf4ebe6d6a79e7478e
DS3,full,24,410,1,1,1,0,0,0.0,0.22,0.1791044776119403,0.5975609756097561,raw_traces/DS3/full/seed_24.json.gz,f2ffb228e6b444f7d27d3edf44c42ec9695c3a25c61b020b1238213f597b3a93
DS3,full,25,410,1,1,0,1,0,0.0,0.6533333333333333,0.5422885572139303,0.775609756097561,raw_traces/DS3/full/seed_25.json.gz,c08b1ee88936f8c37e22fd7a32e120d7c2368f2ef6a792ee3e82aa1b25f2e984
DS3,full,26,410,0,1,0,1,2,9.569377990430622,0.8533333333333334,0.7313432835820896,0.8634146341463415,raw_traces/DS3/full/seed_26.json.gz,c5f1dfcb3a504b5b8c6288e151be45e50ca3b419502b72b6bc516743b02c98b6
DS3,full,27,410,1,1,1,0,0,0.0,0.46,0.3681592039800995,0.6902439024390243,raw_traces/DS3/full/seed_27.json.gz,cbac969217351d74996931fe04ab26f55090aa431982851521cf0a2b7da490b1
DS3,full,29,410,1,1,1,0,0,0.0,0.12666666666666668,0.10945273631840796,0.5634146341463414,raw_traces/DS3/full/seed_29.json.gz,fcfb334adda8546a5332dddbea1043cb7e3422dc495f766b3a7d0108b0595311
DS3,full,30,410,1,1,1,0,0,0.0,0.84,0.6915422885572139,0.848780487804878,raw_traces/DS3/full/seed_30.json.gz,096326feabfea142412f8f798c98db6fe04abc11eb9420f9882b3525fddd366e
DS3,full,31,410,1,1,1,0,0,0.0,0.3466666666666667,0.2736318407960199,0.6439024390243903,raw_traces/DS3/full/seed_31.json.gz,20ac280664e08bbfdaa092872a9ea0656e3c01df85f14ccd425d2b5fa768ba14
DS3,full,32,410,1,1,1,0,0,0.0,0.18,0.15422885572139303,0.5853658536585366,raw_traces/DS3/full/seed_32.json.gz,93a9b21e59f5e47ffdd7782adb127a8cfbee30ae976a3206b428b6179ca91b20
DS3,full,33,410,1,1,1,0,0,0.0,0.28,0.21393034825870647,0.6146341463414634,raw_traces/DS3/full/seed_33.json.gz,7e1b666f94fa7adf13369267efd449e6dd822bcde7be4d2b30bab83eccde291d
DS3,full,34,410,1,1,1,0,0,0.0,0.2866666666666667,0.24378109452736318,0.6292682926829268,raw_traces/DS3/full/seed_34.json.gz,e7152399c608f2c6131f96b11d71595d5d865b3a2cbe274575ba2b5754b44a18
DS3,full,35,410,1,1,1,0,0,0.0,0.30666666666666664,0.25870646766169153,0.6365853658536585,raw_traces/DS3/full/seed_35.json.gz,28c3ea9df463655359656b1e61e6583286fb85d2da4d711f56743a5ede935023
DS3,full,36,410,1,1,1,0,0,0.0,0.6933333333333334,0.5671641791044776,0.7878048780487805,raw_traces/DS3/full/seed_36.json.gz,7174bdf2d40ae64bfbf1cb9841f4aa0ca3e8564eaacb286b051327f89f3cf9c7
DS3,full,37,410,1,1,1,0,0,0.0,0.26,0.21393034825870647,0.6146341463414634,raw_traces/DS3/full/seed_37.json.gz,d23360ec189ea62c187678cc53dbf4d04cd31bb50e279dbd91c27e7477ad32ee
DS3,full,39,410,1,1,1,0,0,0.0,0.8266666666666667,0.6368159203980099,0.8219512195121951,raw_traces/DS3/full/seed_39.json.gz,947d63daa46ee4d8a180b6c625b5b4ec25056d18153a84c5151a4f00a8e00761
DS3,full,40,410,1,1,1,0,0,0.0,0.26666666666666666,0.22388059701492538,0.6195121951219512,raw_traces/DS3/full/seed_40.json.gz,2c531f8ce711b9cfecb9e6883771410edcd6b08faa5fe1baec268185978e6a6d
DS3,full,41,410,1,1,1,0,0,0.0,0.12,0.0945273631840796,0.5560975609756098,raw_traces/DS3/full/seed_41.json.gz,f8de53381839e953089e959a5069190eb4a255657f173ef41bf426e72bdac766
DS3,full,44,410,1,1,1,0,0,0.0,0.2733333333333333,0.22885572139303484,0.6219512195121951,raw_traces/DS3/full/seed_44.json.gz,ffda9fea52120fe2c30418c1c299e8df94f88f4b7757f314ba40a115c35bb43d
DS3,full,45,410,1,1,1,0,0,0.0,0.22666666666666666,0.17412935323383086,0.5951219512195122,raw_traces/DS3/full/seed_45.json.gz,0ae759a13334b34458b47d6b67372e62a1b814a66bb662729b2e6ebaf497b5cb
DS3,full,46,410,1,1,1,0,0,0.0,0.07333333333333333,0.06965174129353234,0.5439024390243903,raw_traces/DS3/full/seed_46.json.gz,e785422e28776098f544ab906e7a63e4125591d69aaa6e2c19ff930f04deb1a0
DS3,full,47,410,1,1,1,0,0,0.0,0.48,0.417910447761194,0.7146341463414634,raw_traces/DS3/full/seed_47.json.gz,8c03b5965e5dbaf4d65a4335b15068078af57d1005775b2241f080104d229ab1
DS3,full,49,410,0,1,0,0,1,4.784688995215311,0.9333333333333333,0.8009950248756219,0.9,raw_traces/DS3/full/seed_49.json.gz,1e6f198fdb0c2eb58e7c149c2c425865354d98c4adb76153f70f56de2cc91954
DS3,full,51,410,1,1,1,0,0,0.0,0.68,0.5472636815920398,0.7780487804878049,raw_traces/DS3/full/seed_51.json.gz,b56b1405029fe6177c387d134b8464c9a75054b9e3e9480d530f9b37cfb443d4
DS3,full,52,410,1,1,1,0,0,0.0,0.32666666666666666,0.263681592039801,0.6390243902439025,raw_traces/DS3/full/seed_52.json.gz,f5cc7b9f816f3174b5f7ba0d307b81998e80f07712f5bb2332a3d348df687416
DS3,full,53,410,1,1,1,0,0,0.0,0.6266666666666667,0.5074626865671642,0.7585365853658537,raw_traces/DS3/full/seed_53.json.gz,124ac272c29232ae06dbf8fc7e2e762cb82a117c66573fd3e18031e6bb61a9a8
DS3,full,54,410,0,1,0,0,1,4.784688995215311,0.03333333333333333,0.03980099502487562,0.526829268292683,raw_traces/DS3/full/seed_54.json.gz,371c7401937644ec64a6560bebf3eec183127620def79ab58a415d242f80e162
DS3,full,55,410,1,1,1,0,0,0.0,0.22666666666666666,0.1791044776119403,0.5975609756097561,raw_traces/DS3/full/seed_55.json.gz,47a88a2aef987515bc40fb392e055363b97d7b422c573e230b6529abbfba841d
DS3,full,57,410,1,1,1,0,0,0.0,0.34,0.263681592039801,0.6390243902439025,raw_traces/DS3/full/seed_57.json.gz,a011d1cf6737895d9d65c498859dfbdb905726428161313dedd0f42f487dd432
DS3,full,58,410,1,1,1,0,0,0.0,0.44666666666666666,0.3482587064676617,0.6804878048780488,raw_traces/DS3/full/seed_58.json.gz,8106de140f049a3052ccb4d9fe5726dd9abf492bafe31be93166ce949c71deee
DS3,full,59,410,1,1,1,0,0,0.0,0.4866666666666667,0.3781094527363184,0.6951219512195121,raw_traces/DS3/full/seed_59.json.gz,d8800f22d8bfbe328ae32c9d324e10b2f1a5f348abfaf2e79af50a2b6961d026
DS3,full,60,410,1,1,1,0,0,0.0,0.41333333333333333,0.3482587064676617,0.6804878048780488,raw_traces/DS3/full/seed_60.json.gz,9141e2794d173184009e93cb9804799d1d713984eec8bf2fa2ded3056de54a70
DS3,full,65,410,1,1,1,0,0,0.0,0.23333333333333334,0.21890547263681592,0.6170731707317073,raw_traces/DS3/full/seed_65.json.gz,0c83194ea47cd9966451b4d32fe4d658bb55f04d4184acdbd7c83ebe0c725c77
DS3,full,67,410,1,1,1,0,0,0.0,0.3466666666666667,0.2885572139303483,0.651219512195122,raw_traces/DS3/full/seed_67.json.gz,0d5a29e66f9ed6e0008cbf3ac58e9c5249cd36ba1792c31cf626d9b2470d2d34
DS3,full,68,410,1,1,1,0,0,0.0,0.32,0.263681592039801,0.6390243902439025,raw_traces/DS3/full/seed_68.json.gz,8bcc391b06dc49caf3584e7c3243b9afcecbb5e46076a34a16f59115fdee3ef4
DS3,full,69,410,1,1,1,0,0,0.0,0.29333333333333333,0.22885572139303484,0.6219512195121951,raw_traces/DS3/full/seed_69.json.gz,2feb006a3d8672dfd19495f6b428a3a2be33f48c01bd15039f98a8b97bc6af56
DS3,full,72,410,1,1,0,1,0,0.0,0.72,0.5572139303482587,0.7829268292682927,raw_traces/DS3/full/seed_72.json.gz,c2d81a8ffb98fb0dd8e152a1f69c5f19d96348cc76ba7b7b4b98c460d7c507eb
DS3,full,74,410,1,1,1,0,0,0.0,0.2733333333333333,0.21890547263681592,0.6170731707317073,raw_traces/DS3/full/seed_74.json.gz,081dc247a5af1a0b4e7cbfda736c46df1b481e1fb82d231f6f314da1c057845b
DS3,full,77,410,1,1,1,0,0,0.0,0.18666666666666668,0.15920398009950248,0.5878048780487805,raw_traces/DS3/full/seed_77.json.gz,dd5db8948d44ac937a1c1d3edbbbc9c4a7224975bbad1a37a17da7ad871f9838
DS3,full,78,410,1,1,0,1,0,0.0,0.56,0.44776119402985076,0.7292682926829268,raw_traces/DS3/full/seed_78.json.gz,d9a22c6246b0c21713e21851e03614177210282fd7efdae471275f7a37aaa24e
DS3,full,80,410,0,1,0,1,1,4.784688995215311,0.9266666666666666,0.7810945273631841,0.8902439024390244,raw_traces/DS3/full/seed_80.json.gz,d5546ce1160c8ba0777855afc8d515f1d68dcb2874cae8eb9852a9e7aa632a1f
DS3,full,81,410,1,1,1,0,0,0.0,0.20666666666666667,0.1791044776119403,0.5975609756097561,raw_traces/DS3/full/seed_81.json.gz,824749e39b43b6628faf8bc429c46b026e0e7da13b9d3a4727fb2028e0026e7f
DS3,full,82,410,1,1,1,0,0,0.0,0.32666666666666666,0.2537313432835821,0.6341463414634146,raw_traces/DS3/full/seed_82.json.gz,311d4053d122861b81e45632cecc212a61d8a02e663430603db5268d55618bd2
DS3,full,83,410,1,1,1,0,0,0.0,0.23333333333333334,0.20398009950248755,0.6097560975609756,raw_traces/DS3/full/seed_83.json.gz,6ba7a341e2998ee9a06c0b47b592196a50dd32925824312fbaf4126a4ba5ffd0
DS3,full,84,410,1,1,1,0,0,0.0,0.4066666666666667,0.3333333333333333,0.6731707317073171,raw_traces/DS3/full/seed_84.json.gz,6ae0c8d93c5de95ab1a939f23e11d57eedf9c9eae12c720b3f72a0367fd609ae
DS3,full,86,410,0,1,0,1,1,4.784688995215311,0.88,0.7164179104477612,0.8585365853658536,raw_traces/DS3/full/seed_86.json.gz,fd3dee6209b31844aa4289683e6909cfdf7829a39322a7e933e72c099cfa9ae8
DS3,full,87,410,1,1,0,1,0,0.0,0.44666666666666666,0.36318407960199006,0.6878048780487804,raw_traces/DS3/full/seed_87.json.gz,5d4ffcfff4bb0fcffc816d13d9ce21074673cb61286e34b28d4edf8f2254dde0
DS3,full,88,410,1,1,1,0,0,0.0,0.6266666666666667,0.4975124378109453,0.7536585365853659,raw_traces/DS3/full/seed_88.json.gz,e695fb3ef4b587846c4b889c3f22f710592c19bd8d54e93758d49cd0ae965345
DS3,full,89,410,1,1,1,0,0,0.0,0.20666666666666667,0.1890547263681592,0.6024390243902439,raw_traces/DS3/full/seed_89.json.gz,d2239b4176f65e67c1f9a65bf5333c91faad0d9365d5765767ab1fb90885fc61
DS3,full,91,410,1,1,1,0,0,0.0,0.41333333333333333,0.3283582089552239,0.6707317073170732,raw_traces/DS3/full/seed_91.json.gz,eac5a82be7a8f445ac912e925a030c5a606c729dc6ddb9eddab808dafed86ffd
DS3,full,92,410,1,1,1,0,0,0.0,0.04666666666666667,0.03980099502487562,0.5292682926829269,raw_traces/DS3/full/seed_92.json.gz,36c19751714fa97a9ae0aae31277e3357754fb7dc3140b5491c7af436fd00f53
DS3,full,93,410,1,1,1,0,0,0.0,0.15333333333333332,0.12935323383084577,0.573170731707317,raw_traces/DS3/full/seed_93.json.gz,b474998ec61b8fae064929e699ab7b36e24ab5d36f9b8347921bd46ff03fcdd3
DS3,full,94,410,1,1,1,0,0,0.0,0.29333333333333333,0.22388059701492538,0.6195121951219512,raw_traces/DS3/full/seed_94.json.gz,a20bb968c60abd90cb0b24fadaae0fd062c0660ad5baaec9f4cee79f8d813fbf
DS3,full,97,410,1,1,1,0,0,0.0,0.44,0.3482587064676617,0.6804878048780488,raw_traces/DS3/full/seed_97.json.gz,b0c686948e9879e29030b2d3feafdd63d0ff970453cc558a8448ce042f33205e
DS3,full,99,410,1,1,1,0,0,0.0,0.09333333333333334,0.07462686567164178,0.5463414634146342,raw_traces/DS3/full/seed_99.json.gz,156170284ff0c6ceb5737dfd20899bc26ce06dfd66d30e793d8fcd36b4e5b6a5
DS1,sentry,0,410,1,1,1,0,0,0.0,0.0,0.6862745098039216,0.9609756097560975,raw_traces/DS1/sentry/seed_0.json.gz,97fb5df596ccc9f32bc7880d85fc431c8113063937191dd58671fdf009b68935
DS1,sentry,10,410,0,1,0,0,3,9.569377990430622,0.006666666666666667,0.5686274509803921,0.9390243902439024,raw_traces/DS1/sentry/seed_10.json.gz,ac1f542a43a632e4ad31ce541157ccd0a122e9de78b8f839d5cc3096168087e5
DS1,sentry,11,410,0,1,0,0,1,4.784688995215311,0.0,0.5686274509803921,0.9439024390243902,raw_traces/DS1/sentry/seed_11.json.gz,8e0d479085cd640bb6d1ed793f4777f939ad638a4d71018e40c90954c4c49600
DS1,sentry,12,410,0,1,0,0,4,9.569377990430622,0.013333333333333334,0.6666666666666666,0.948780487804878,raw_traces/DS1/sentry/seed_12.json.gz,a3c36abeb706bd3f42e40acc2d4c53b2426041ae9e0924825219060beba37367
DS1,sentry,13,410,1,1,1,0,0,0.0,0.0,0.6666666666666666,0.9585365853658536,raw_traces/DS1/sentry/seed_13.json.gz,cd07b5d9361756d8fe5ecb6ac7ff775aa8912e255fa2573fd0dcf2d2bf8296ae
DS1,sentry,14,410,1,1,1,0,0,0.0,0.0,0.7450980392156863,0.9682926829268292,raw_traces/DS1/sentry/seed_14.json.gz,375d9ab4e421844a367dc410126d1a85d397b40ee7a32dfac6279e3e399bcd49
DS1,sentry,15,410,0,1,0,0,3,4.784688995215311,0.013333333333333334,0.7058823529411765,0.9560975609756097,raw_traces/DS1/sentry/seed_15.json.gz,6266b1fd19872dbc06322ef844968151bac84a60d485c5469c58e8de40a04070
DS1,sentry,16,410,0,1,0,0,5,19.138755980861244,0.006666666666666667,0.5686274509803921,0.9341463414634147,raw_traces/DS1/sentry/seed_16.json.gz,f42c23eaa05144eaa32f43d04fbd4071491ccb9b02863b36c202ebf5d062ad10
DS1,sentry,17,410,1,1,1,0,0,0.0,0.0,0.5882352941176471,0.948780487804878,raw_traces/DS1/sentry/seed_17.json.gz,e7f3ebd8ec76c55961f38bbd055907365115b2a7d52f18ab135d4e16416fdb1a
DS1,sentry,18,410,0,1,0,0,1,4.784688995215311,0.0,0.7647058823529411,0.9682926829268292,raw_traces/DS1/sentry/seed_18.json.gz,b6033f497866770cde7ec79493e377f4fdf773ef3f7d05075a5587ace79d4659
DS1,sentry,19,410,0,1,0,0,2,9.569377990430622,0.0,0.7058823529411765,0.9585365853658536,raw_traces/DS1/sentry/seed_19.json.gz,1465d4469b3371b02395e03f279b73e4e99e1e6b990ff3d1e925a53b2179609f
DS1,sentry,1,410,1,1,1,0,0,0.0,0.0,0.6862745098039216,0.9609756097560975,raw_traces/DS1/sentry/seed_1.json.gz,cf4890ddcce0496e17d060ee1b1723273252da59896bbaef3c21c271d459267f
DS1,sentry,20,410,1,1,1,0,0,0.0,0.0,0.7058823529411765,0.9634146341463414,raw_traces/DS1/sentry/seed_20.json.gz,f99e9740a3e3f2071d3fc5330c751baf8751753929128993acad0746c1df59bd
DS1,sentry,23,410,1,1,1,0,0,0.0,0.0,0.6470588235294118,0.9560975609756097,raw_traces/DS1/sentry/seed_23.json.gz,f8357fc4bb4d2e2642636b36545685d0ce5e03f5311edd1d61899464adf48133
DS1,sentry,24,410,0,1,0,0,1,4.784688995215311,0.0,0.7843137254901961,0.9707317073170731,raw_traces/DS1/sentry/seed_24.json.gz,158971f64003c467c535a3501208f2939741ace0e0cb0b34ee4b708c7d836151
DS1,sentry,25,410,0,1,0,0,1,4.784688995215311,0.0,0.7450980392156863,0.9658536585365853,raw_traces/DS1/sentry/seed_25.json.gz,963f62a848c1f9e1331a5b39b89c5437dbee16ad22b7b58c95cecc6d7921647f
DS1,sentry,26,410,1,1,1,0,0,0.0,0.0,0.5294117647058824,0.9414634146341463,raw_traces/DS1/sentry/seed_26.json.gz,6c040c182be252556efbf2e98bc420a093dee07737a59e964da072047fd3b439
DS1,sentry,27,410,0,1,0,0,3,4.784688995215311,0.013333333333333334,0.803921568627451,0.9682926829268292,raw_traces/DS1/sentry/seed_27.json.gz,976ddd6d9148fe7ff988c3bd0cfa89fcbc1385b13b222af97f6b53ad2ddce059
DS1,sentry,29,410,0,1,0,0,2,9.569377990430622,0.0,0.7647058823529411,0.9658536585365853,raw_traces/DS1/sentry/seed_29.json.gz,3d36ac898ef2f22298fb98e0b6069464f1c3b9eec03bd49c682e087bf1f1481c
DS1,sentry,2,410,0,1,0,0,1,0.0,0.006666666666666667,0.5294117647058824,0.9390243902439024,raw_traces/DS1/sentry/seed_2.json.gz,bc0cf891696e7e8b3a78be55e97c0e7ec8390987266b6ec7fef2ac7396bd90aa
DS1,sentry,30,410,1,1,1,0,0,0.0,0.0,0.6274509803921569,0.9536585365853658,raw_traces/DS1/sentry/seed_30.json.gz,c19f28fe5f5323a59af31ba072c4ffd5227b497921b60997252d2d598b8815d9
DS1,sentry,31,410,1,1,1,0,0,0.0,0.0,0.7450980392156863,0.9682926829268292,raw_traces/DS1/sentry/seed_31.json.gz,ade4372dd236ddf29e6c43a97c27f3d50ce53444b54e0e0ab468a80d057b3529
DS1,sentry,32,410,1,1,1,0,0,0.0,0.0,0.7254901960784313,0.9658536585365853,raw_traces/DS1/sentry/seed_32.json.gz,ef5ccf2ae97ebdd2daba26a0ea59c3916c3c2fa3c3be41ee2e9667de45850449
DS1,sentry,33,410,0,1,0,0,3,9.569377990430622,0.006666666666666667,0.7843137254901961,0.9658536585365853,raw_traces/DS1/sentry/seed_33.json.gz,1b7b7a6202588f32f7aa6dd16169ea22c5baefa4081ec7dce61fe5c9be39b2df
DS1,sentry,34,410,1,1,1,0,0,0.0,0.0,0.7647058823529411,0.9707317073170731,raw_traces/DS1/sentry/seed_34.json.gz,0fe673ce645d6423fe2fe7a2256fb4c513a9a7f3ccb099d4efb0d7db18215c7a
DS1,sentry,35,410,1,1,1,0,0,0.0,0.0,0.5882352941176471,0.948780487804878,raw_traces/DS1/sentry/seed_35.json.gz,64be5e906359f6037b96258e83c806eef8726be68f0618b277b4a5e9cfca19ad
DS1,sentry,36,410,0,1,0,0,2,9.569377990430622,0.0,0.7254901960784313,0.9609756097560975,raw_traces/DS1/sentry/seed_36.json.gz,8894c8a6aab358b75fbe18f859848cb0ed7b692de9fa2e1f780bf24a4491671e
DS1,sentry,37,410,1,1,1,0,0,0.0,0.0,0.6862745098039216,0.9609756097560975,raw_traces/DS1/sentry/seed_37.json.gz,46cb8f09cfa97d8210bc4387318967a28440f4656c89813c811ba4cb7d273a8d
DS1,sentry,39,410,0,1,0,0,5,9.569377990430622,0.02,0.6274509803921569,0.9414634146341463,raw_traces/DS1/sentry/seed_39.json.gz,e0c053adeeb4b6f52f07f680cc51b546551cb1c5ac0df8c8b4ea1777f82bba28
DS1,sentry,3,410,0,1,0,0,2,0.0,0.013333333333333334,0.7843137254901961,0.9682926829268292,raw_traces/DS1/sentry/seed_3.json.gz,8a2080c3d1668bf0eb6a2d4b95a086fdc8e6f0e1b10828c8330cbcdaf0f251df
DS1,sentry,40,410,1,1,1,0,0,0.0,0.0,0.7058823529411765,0.9634146341463414,raw_traces/DS1/sentry/seed_40.json.gz,4b350d998aaa7ae51353913e5b5a9969b4871886904a9501e1353a9faf1c405f
DS1,sentry,41,410,1,1,1,0,0,0.0,0.0,0.6470588235294118,0.9560975609756097,raw_traces/DS1/sentry/seed_41.json.gz,4e967af056f89d2a96340cc53f2cdd7f024dc4e78d02a0dd540baf3bbff7adfd
DS1,sentry,44,410,1,1,1,0,0,0.0,0.0,0.7058823529411765,0.9634146341463414,raw_traces/DS1/sentry/seed_44.json.gz,fc789e771adcc5384ad0b2d5d1ba7d08b9cf123ec4fcf8333f0606f7fdb81268
DS1,sentry,45,410,0,1,0,0,3,9.569377990430622,0.006666666666666667,0.6666666666666666,0.9512195121951219,raw_traces/DS1/sentry/seed_45.json.gz,dbd7dad8c4390d7ed442cd71d6df4edb2af198c6659e197d93b7603379dbc508
DS1,sentry,46,410,1,1,1,0,0,0.0,0.0,0.7450980392156863,0.9682926829268292,raw_traces/DS1/sentry/seed_46.json.gz,a07a1a5152210bb5389510a7d9953d7669877ccaeb8325231276a10f49ce8a64
DS1,sentry,47,410,0,1,0,0,7,23.923444976076556,0.013333333333333334,0.6470588235294118,0.9390243902439024,raw_traces/DS1/sentry/seed_47.json.gz,bd8ec68a66382b79daa93b200497551db467ee619686c3138fd3248412e93f3f
DS1,sentry,49,410,1,1,1,0,0,0.0,0.0,0.7647058823529411,0.9707317073170731,raw_traces/DS1/sentry/seed_49.json.gz,7a49ddef8a0e39c184d39987adb451cbd7e3c4604488669c5129935c66e78194
DS1,sentry,4,410,0,1,0,0,1,0.0,0.006666666666666667,0.7450980392156863,0.9658536585365853,raw_traces/DS1/sentry/seed_4.json.gz,d1245e65e51ae595c11a9aaaa4c54905b6068bc5237b6909d2930fc793af367b
DS1,sentry,51,410,1,1,1,0,0,0.0,0.0,0.6666666666666666,0.9585365853658536,raw_traces/DS1/sentry/seed_51.json.gz,59aa3c59635b60a1ff9ff4e548433c8bb730b37197d45d6ba0e58928e9faf2f0
DS1,sentry,52,410,0,1,0,0,5,9.569377990430622,0.02,0.6862745098039216,0.948780487804878,raw_traces/DS1/sentry/seed_52.json.gz,fb8e9ae7271354afc213a37f9ba66b0d17bfc75f1fe5c5858a4e7563465aa49e
DS1,sentry,53,410,0,1,0,0,1,4.784688995215311,0.0,0.7254901960784313,0.9634146341463414,raw_traces/DS1/sentry/seed_53.json.gz,5e82d9df135a10b4e136bace3361ed8d61dd6cfad9de3f705b0da55e50d0b5f6
DS1,sentry,54,410,0,1,0,0,2,4.784688995215311,0.006666666666666667,0.803921568627451,0.9707317073170731,raw_traces/DS1/sentry/seed_54.json.gz,711a601b87e415d8230ac36b2f1ab95b33215647688fe6d2469999e9ade0f404
DS1,sentry,55,410,0,1,0,0,3,9.569377990430622,0.006666666666666667,0.5882352941176471,0.9414634146341463,raw_traces/DS1/sentry/seed_55.json.gz,1701684411101f27e9c6ace020a214143f0420cffe5f9a98489741a04aa7b00d
DS1,sentry,57,410,0,1,0,0,3,4.784688995215311,0.013333333333333334,0.7058823529411765,0.9560975609756097,raw_traces/DS1/sentry/seed_57.json.gz,26fe0d2819bb0689783ee123e097c44347147223c0761eb9fbd33dca9f861b1f
DS1,sentry,58,410,0,1,0,0,3,4.784688995215311,0.013333333333333334,0.7647058823529411,0.9634146341463414,raw_traces/DS1/sentry/seed_58.json.gz,0e34564a1265b0143d3cdb80b2cd50c017e9caeb48ff9277ade1dea8d4039e0a
DS1,sentry,59,410,1,1,1,0,0,0.0,0.0,0.6862745098039216,0.9609756097560975,raw_traces/DS1/sentry/seed_59.json.gz,fdcde0e80a41ae489426bc30582fc476ab0ab1504a09ea9259889caeace36cc4
DS1,sentry,5,410,0,1,0,0,3,0.0,0.02,0.7450980392156863,0.9609756097560975,raw_traces/DS1/sentry/seed_5.json.gz,a2f1fa68695382903f17f4cd3e26b3caa9f96f5b282e255c35a4207ae8f58b01
DS1,sentry,60,410,1,1,1,0,0,0.0,0.0,0.7647058823529411,0.9707317073170731,raw_traces/DS1/sentry/seed_60.json.gz,40e77e60951a2ed37bc2aa44c50042ca9938c30411aa7d3264578bee31337cad
DS1,sentry,65,410,1,1,1,0,0,0.0,0.0,0.6862745098039216,0.9609756097560975,raw_traces/DS1/sentry/seed_65.json.gz,f36b7746e619f75f199eb9828923b3d4ac93bb72decc2b7230a5b4692983bfa6
DS1,sentry,67,410,1,1,1,0,0,0.0,0.0,0.7254901960784313,0.9658536585365853,raw_traces/DS1/sentry/seed_67.json.gz,c52a39b5cce02feb2ae0dad9b66791101c6a96ba383b1711c9bca7faf454d12a
DS1,sentry,68,410,0,1,0,0,3,4.784688995215311,0.013333333333333334,0.7058823529411765,0.9560975609756097,raw_traces/DS1/sentry/seed_68.json.gz,401ee62944f0a06d484768affba105f78f2c6d0f41ec45554aa49b7c916ae566
DS1,sentry,69,410,1,1,1,0,0,0.0,0.0,0.6078431372549019,0.9512195121951219,raw_traces/DS1/sentry/seed_69.json.gz,0e19d55be459ac99adb2c5b53b347199c9be605b3dc4ce53804982d1f14f595c
DS1,sentry,6,410,1,1,1,0,0,0.0,0.0,0.6666666666666666,0.9585365853658536,raw_traces/DS1/sentry/seed_6.json.gz,a59a92d9f6db5f0c87df768b79ff8fb0ee7fc35f5ffa2505d356b2b9d88011aa
DS1,sentry,72,410,0,1,0,0,1,4.784688995215311,0.0,0.7058823529411765,0.9609756097560975,raw_traces/DS1/sentry/seed_72.json.gz,c976f2b99081cf3e2055505999615aeb70037d246e58b33394862d0a31fea8fd
DS1,sentry,74,410,0,1,0,0,4,9.569377990430622,0.013333333333333334,0.7058823529411765,0.9536585365853658,raw_traces/DS1/sentry/seed_74.json.gz,2aa581f511c8d50c7a7113f72656ca9ed04cba52c329bd5f1beb41a6270dc67d
DS1,sentry,77,410,1,1,1,0,0,0.0,0.0,0.6862745098039216,0.9609756097560975,raw_traces/DS1/sentry/seed_77.json.gz,26c56e9c92c1915e233a3b1288ada4410e97032480aa4ec7f05e87f21cda4049
DS1,sentry,78,410,1,1,1,0,0,0.0,0.0,0.5294117647058824,0.9414634146341463,raw_traces/DS1/sentry/seed_78.json.gz,33fbe49a7348d3db81f355c3e56b00757165ad0e199b24b54d6d3e98c70ebdd2
DS1,sentry,7,410,1,1,1,0,0,0.0,0.0,0.7450980392156863,0.9682926829268292,raw_traces/DS1/sentry/seed_7.json.gz,9bc0b81ec492824b6074bb6d6a2ee57812e1162467b6c831def181d990641fb4
DS1,sentry,80,410,0,1,0,0,2,0.0,0.013333333333333334,0.7058823529411765,0.9585365853658536,raw_traces/DS1/sentry/seed_80.json.gz,d801bf9194e168723ee62091e5c114839c72a9b3fb0b7a2620b95d831f479466
DS1,sentry,81,410,1,1,1,0,0,0.0,0.0,0.5882352941176471,0.948780487804878,raw_traces/DS1/sentry/seed_81.json.gz,6a0108729be0a105debb7f03a07416e0590d474e3cd6dcf47d7aeb52bd151dfb
DS1,sentry,82,410,1,1,1,0,0,0.0,0.0,0.6666666666666666,0.9585365853658536,raw_traces/DS1/sentry/seed_82.json.gz,0fb991ff676f071df93374190e7d8b81587e2ecc543b00c2f29e70492341274d
DS1,sentry,83,410,0,1,0,0,4,9.569377990430622,0.013333333333333334,0.7647058823529411,0.9609756097560975,raw_traces/DS1/sentry/seed_83.json.gz,77ec5748f2e1c8fc0abf238b7b332b60ebfe3fed261c86fff38ae7f598c4a5e3
DS1,sentry,84,410,0,1,0,0,1,4.784688995215311,0.0,0.7254901960784313,0.9634146341463414,raw_traces/DS1/sentry/seed_84.json.gz,e3f1f975aac4429b515be3c3f36005bc271fde494900db1c6a6ed96fabcb6b1a
DS1,sentry,86,410,0,1,0,0,1,4.784688995215311,0.0,0.5686274509803921,0.9439024390243902,raw_traces/DS1/sentry/seed_86.json.gz,dcd3ba91d597cf0d2c63f5e19f8400574d7026a0cc64e5d01bb7da9c23339abc
DS1,sentry,87,410,0,1,0,0,3,4.784688995215311,0.013333333333333334,0.7647058823529411,0.9634146341463414,raw_traces/DS1/sentry/seed_87.json.gz,8a89e616670951a556fffbe891eff1660a07245731b87e26ea72ca8c2a3310dc
DS1,sentry,88,410,0,1,0,0,1,0.0,0.006666666666666667,0.7450980392156863,0.9658536585365853,raw_traces/DS1/sentry/seed_88.json.gz,820acc2a0e24f6d0dea8589e71946e64ecbe5c6d09a16d19041fb06a457a9219
DS1,sentry,89,410,0,1,0,0,1,4.784688995215311,0.0,0.6274509803921569,0.9512195121951219,raw_traces/DS1/sentry/seed_89.json.gz,907aa79bb9e626c8cb4faac88a8409dec70b918e07a0594821d56ac264e59c32
DS1,sentry,8,410,0,1,0,0,6,9.569377990430622,0.02666666666666667,0.7843137254901961,0.9585365853658536,raw_traces/DS1/sentry/seed_8.json.gz,1785a8c19b50bce0bb799d78c4c6ed314ce51d8dad87d14321eeaee8d6d8ada7
DS1,sentry,91,410,1,1,1,0,0,0.0,0.0,0.7058823529411765,0.9634146341463414,raw_traces/DS1/sentry/seed_91.json.gz,ebd2f67fed72b62a73cae3eb191eb4e358dbce1c73d79a6d83dbf3fbb6c184f4
DS1,sentry,92,410,0,1,0,0,1,4.784688995215311,0.0,0.7254901960784313,0.9634146341463414,raw_traces/DS1/sentry/seed_92.json.gz,d07867d38f51060df21237ebef2410d815080a6b8c1f9ff7cd9756824d5acef3
DS1,sentry,93,410,0,1,0,0,3,4.784688995215311,0.013333333333333334,0.6078431372549019,0.9439024390243902,raw_traces/DS1/sentry/seed_93.json.gz,a925942cc64abb50a8be114e54a6e425222748388d563b74c48efb6f2530cdbd
DS1,sentry,94,410,1,1,1,0,0,0.0,0.0,0.6862745098039216,0.9609756097560975,raw_traces/DS1/sentry/seed_94.json.gz,df905123bfaba8bd68fe343ce289fd76324ea7cd35f625ac270a2c3c93613ccd
DS1,sentry,97,410,1,1,1,0,0,0.0,0.0,0.7843137254901961,0.973170731707317,raw_traces/DS1/sentry/seed_97.json.gz,4889b40461b5aaf26e627ca2c5ca5574d88e0cef6e09f4085c377df2860f4c4e
DS1,sentry,99,410,0,1,0,0,2,0.0,0.013333333333333334,0.7058823529411765,0.9585365853658536,raw_traces/DS1/sentry/seed_99.json.gz,b62ad093958a3267c49c8b687810ff7314cf402901771af396bb08e1982209fc
DS1,sentry,9,410,0,1,0,0,6,9.569377990430622,0.02666666666666667,0.7843137254901961,0.9585365853658536,raw_traces/DS1/sentry/seed_9.json.gz,64a001afd070f30a91ccc060d300a874234a12ec2015f6b3dad2141117f57807
DS2,sentry,0,410,0,1,0,0,10,38.27751196172249,0.013333333333333334,0.2549019607843137,0.8829268292682927,raw_traces/DS2/sentry/seed_0.json.gz,25545efbca59b26845db98c22c713908e2ba8f5fecfdde1f7863d126a85325c2
DS2,sentry,10,410,0,1,0,0,5,14.354066985645932,0.013333333333333334,0.23529411764705882,0.8926829268292683,raw_traces/DS2/sentry/seed_10.json.gz,c1eb029c01d43d1e56a37b40aedb932de8e78980beb6b3a5646d50c2a8a5faf6
DS2,sentry,11,410,0,1,0,0,2,9.569377990430622,0.0,0.2549019607843137,0.9024390243902439,raw_traces/DS2/sentry/seed_11.json.gz,fa2bac9c107cdce75deb3479bdfd9e2fac063fe9de32d330a11c5d322496751a
DS2,sentry,12,410,0,1,0,0,2,9.569377990430622,0.0,0.2549019607843137,0.9024390243902439,raw_traces/DS2/sentry/seed_12.json.gz,d5b6459b73822ca614fb818866ac694eea73228f3b7705ca276f88611b626388
DS2,sentry,13,410,0,1,0,0,3,14.354066985645932,0.0,0.23529411764705882,0.8975609756097561,raw_traces/DS2/sentry/seed_13.json.gz,528082c8a559e502a30bd0aa9917646b482f5bcbe727b48eb1ebb47b5b64f829
DS2,sentry,14,410,0,1,0,0,4,14.354066985645932,0.006666666666666667,0.2549019607843137,0.8975609756097561,raw_traces/DS2/sentry/seed_14.json.gz,5b9ee5e3bc10154e51e66c3fe1d8cddebd33b75de2e1824a274936b198e710c4
DS2,sentry,15,410,0,1,0,0,3,14.354066985645932,0.0,0.23529411764705882,0.8975609756097561,raw_traces/DS2/sentry/seed_15.json.gz,d6adde997d889c4f7a9ba9396c5397ba408b25dce40115a2c4fe808298ec498b
DS2,sentry,16,410,0,1,0,0,4,9.569377990430622,0.013333333333333334,0.23529411764705882,0.8951219512195122,raw_traces/DS2/sentry/seed_16.json.gz,ec043424450ad109ba20a159d7094987e80841c837196f8cac149deabc61ce83
DS2,sentry,17,410,0,1,0,0,4,14.354066985645932,0.006666666666666667,0.29411764705882354,0.9024390243902439,raw_traces/DS2/sentry/seed_17.json.gz,906dd33f5a0436c6f62a998c45c5638395244544d643ce47ff33d310ea669a44
DS2,sentry,18,410,0,1,0,0,3,14.354066985645932,0.0,0.27450980392156865,0.9024390243902439,raw_traces/DS2/sentry/seed_18.json.gz,edb104024a46f9412341cd748b7e2db0b6390056a00a411820a8147553912a42
DS2,sentry,19,410,0,1,0,0,2,9.569377990430622,0.0,0.23529411764705882,0.9,raw_traces/DS2/sentry/seed_19.json.gz,85b0178e3a6484a981d5dbbb5d9f7f264fd67a1f76c746a23267216339365420
DS2,sentry,1,410,0,1,0,0,3,14.354066985645932,0.0,0.23529411764705882,0.8975609756097561,raw_traces/DS2/sentry/seed_1.json.gz,d1d52884681d1a24192bb435fd893a52356b5dbd33588ea6c5e6eb9a35bfe2e9
DS2,sentry,20,410,0,1,0,0,10,38.27751196172249,0.013333333333333334,0.3137254901960784,0.8902439024390244,raw_traces/DS2/sentry/seed_20.json.gz,8a4efac55c35a87b1457328d50c82f007e423ff8cf7a7db5c2b0525b96b6fa5c
DS2,sentry,23,410,0,1,0,0,3,14.354066985645932,0.0,0.2549019607843137,0.9,raw_traces/DS2/sentry/seed_23.json.gz,b31a92199792f89aa724c5c08c6f50fa941bd8756938d03fe13a10f131f920ae
DS2,sentry,24,410,0,1,0,0,3,14.354066985645932,0.0,0.23529411764705882,0.8975609756097561,raw_traces/DS2/sentry/seed_24.json.gz,c5b9cbbf904a101f6b7aa70e4887a1b4b7d9550f20364c423f97f28d0dd26fe5
DS2,sentry,25,410,0,1,0,0,3,9.569377990430622,0.006666666666666667,0.23529411764705882,0.8975609756097561,raw_traces/DS2/sentry/seed_25.json.gz,3022f29a1228029f7ab1c861e97b9e4dd220ff14e992e2196f90e249c7114da7
DS2,sentry,26,410,0,1,0,0,4,14.354066985645932,0.006666666666666667,0.27450980392156865,0.9,raw_traces/DS2/sentry/seed_26.json.gz,2e5bf06946d4cdc4ef73c23aba6a2948625d4ab9f1750d6350d9a43469f9c63e
DS2,sentry,27,410,0,1,0,0,2,4.784688995215311,0.006666666666666667,0.2549019607843137,0.9024390243902439,raw_traces/DS2/sentry/seed_27.json.gz,490ddfbf4720efc0eee9cb7181d6703902dad976d3496a519ea7dfb636583659
DS2,sentry,29,410,0,1,0,0,3,14.354066985645932,0.0,0.2549019607843137,0.9,raw_traces/DS2/sentry/seed_29.json.gz,2dbfcfd45633683f692a0a4edb0dcca151d6d17adba3393f2053cca1d98e1882
DS2,sentry,2,410,0,1,0,0,3,14.354066985645932,0.0,0.23529411764705882,0.8975609756097561,raw_traces/DS2/sentry/seed_2.json.gz,ea2d255c530fb38032b2b838a2dad2403d2a9b602f3d2f0c8794bd95800264de
DS2,sentry,30,410,0,1,0,0,7,23.923444976076556,0.013333333333333334,0.27450980392156865,0.8926829268292683,raw_traces/DS2/sentry/seed_30.json.gz,727ac5512aff18583a065fba0232abcccd51e1693ee3830e47978f2f00339cc5
DS2,sentry,31,410,0,1,0,0,7,23.923444976076556,0.013333333333333334,0.27450980392156865,0.8926829268292683,raw_traces/DS2/sentry/seed_31.json.gz,40f3065158246611c7df5ab788cbdffc66f6ad6d1819cd6e924803bd8acb9dbb
DS2,sentry,32,410,0,1,0,0,4,9.569377990430622,0.013333333333333334,0.2549019607843137,0.8975609756097561,raw_traces/DS2/sentry/seed_32.json.gz,c06597cfd283b57f1b422cab93b32aa06b6ba66c8128ec5d637e40c9b4def39b
DS2,sentry,33,410,0,1,0,0,6,19.138755980861244,0.013333333333333334,0.2549019607843137,0.8926829268292683,raw_traces/DS2/sentry/seed_33.json.gz,6b2647b00b43688f59eac104eedea4a1ba332952e2e0e30fab5df6d15c06fc00
DS2,sentry,34,410,0,1,0,0,5,23.923444976076556,0.0,0.27450980392156865,0.8975609756097561,raw_traces/DS2/sentry/seed_34.json.gz,d3ba70223e425fa76afe522e166049f488d9b04dd5dbfee9b79d7f832278c72e
DS2,sentry,35,410,0,1,0,0,4,14.354066985645932,0.006666666666666667,0.2549019607843137,0.8975609756097561,raw_traces/DS2/sentry/seed_35.json.gz,8e97276f7c771152102b6c963166916ced3c2b105d1b284806dc2e24293a9960
DS2,sentry,36,410,0,1,0,0,3,9.569377990430622,0.006666666666666667,0.23529411764705882,0.8975609756097561,raw_traces/DS2/sentry/seed_36.json.gz,590e36e6096b8808e739048720da1c984d37b3e39e7d8396a234a9b2721779a9
DS2,sentry,37,410,0,1,0,0,10,38.27751196172249,0.013333333333333334,0.29411764705882354,0.8878048780487805,raw_traces/DS2/sentry/seed_37.json.gz,bc37bc524a801b4863e28091da608b977d879e61d38a12c2b0f479e07d67c390
DS2,sentry,39,410,0,1,0,0,3,14.354066985645932,0.0,0.23529411764705882,0.8975609756097561,raw_traces/DS2/sentry/seed_39.json.gz,bdd50e64250a6d0434a89952ebde70062c19e3683b020cff5f6c59d2cd35f20d
DS2,sentry,3,410,0,1,0,0,2,4.784688995215311,0.006666666666666667,0.2549019607843137,0.9024390243902439,raw_traces/DS2/sentry/seed_3.json.gz,4b9cbaedef9cda24b788075d778d681f4beec9a16dbdeb98f67cb3e5908a0db3
DS2,sentry,40,410,0,1,0,0,3,14.354066985645932,0.0,0.23529411764705882,0.8975609756097561,raw_traces/DS2/sentry/seed_40.json.gz,1b1b151c04cc4a4970004b036fbb4ddbcd838e9b07b6528bf867acbc9e2fe9d5
DS2,sentry,41,410,0,1,0,0,3,14.354066985645932,0.0,0.2549019607843137,0.9,raw_traces/DS2/sentry/seed_41.json.gz,e2e89714e66160740ec3f6f32008d56d51b042bac9235083df3b1ffdb13fa8f6
DS2,sentry,44,410,0,1,0,0,5,19.138755980861244,0.006666666666666667,0.2549019607843137,0.8951219512195122,raw_traces/DS2/sentry/seed_44.json.gz,35b0489b1756b704e0666d687f26b71f20b32670e96fbaa79d6fdae1b3bfbe21
DS2,sentry,45,410,0,1,0,0,4,14.354066985645932,0.006666666666666667,0.2549019607843137,0.8975609756097561,raw_traces/DS2/sentry/seed_45.json.gz,bfa704176e8b80d85a2921e1ef3f55c45b45d846df4081198782fc5a1ef0b565
DS2,sentry,46,410,0,1,0,0,2,9.569377990430622,0.0,0.23529411764705882,0.9,raw_traces/DS2/sentry/seed_46.json.gz,5a8d7027fd4c595ab3ca51a17ec8704d4280983d0149053cd95cf69c7f28ad76
DS2,sentry,47,410,0,1,0,0,4,14.354066985645932,0.006666666666666667,0.2549019607843137,0.8975609756097561,raw_traces/DS2/sentry/seed_47.json.gz,bb42aa5bd555a5ede50b8bc07baed95cf6e1cb3a673ed9fc95c4553f50ebafc3
DS2,sentry,49,410,0,1,0,0,3,14.354066985645932,0.0,0.27450980392156865,0.9024390243902439,raw_traces/DS2/sentry/seed_49.json.gz,1c5ef9d16a5e7457a72143e17ad2ee8b685bc75afc21f8d7823ce04c3ccb9878
DS2,sentry,4,410,0,1,0,0,3,14.354066985645932,0.0,0.2549019607843137,0.9,raw_traces/DS2/sentry/seed_4.json.gz,34b75bb8053086d597e931e7f69e1cf5c74b93f0b282be68c524e95eb6cbd51e
DS2,sentry,51,410,0,1,0,0,4,19.138755980861244,0.0,0.2549019607843137,0.8975609756097561,raw_traces/DS2/sentry/seed_51.json.gz,a9dd8d71a428041b29655a880bf59ea08573a5efb0077deeb47c63a8b8b2f668
DS2,sentry,52,410,0,1,0,0,5,14.354066985645932,0.013333333333333334,0.23529411764705882,0.8926829268292683,raw_traces/DS2/sentry/seed_52.json.gz,61f99bd87a09db6c9184c9e5b2b34b4593725ebe61fc63400b9dd062c2020eba
DS2,sentry,53,410,0,1,0,0,6,23.923444976076556,0.006666666666666667,0.27450980392156865,0.8951219512195122,raw_traces/DS2/sentry/seed_53.json.gz,5582e10fc09b2e42d8a45904bb9177e8c502a1d4cb70fb9194c8c59d3a1c9a6e
DS2,sentry,54,410,0,1,0,0,4,19.138755980861244,0.0,0.23529411764705882,0.8951219512195122,raw_traces/DS2/sentry/seed_54.json.gz,b4ec4433bc3646451ea0a78191c73a14e331f7161907974b5302992942701fdb
DS2,sentry,55,410,0,1,0,0,2,9.569377990430622,0.0,0.23529411764705882,0.9,raw_traces/DS2/sentry/seed_55.json.gz,71075ff76554c8c937d15e3d5e9004ed57e5f7d8715e6d3a4a305b6cbba7ce1e
DS2,sentry,57,410,0,1,0,0,3,14.354066985645932,0.0,0.2549019607843137,0.9,raw_traces/DS2/sentry/seed_57.json.gz,30b92c78d427d03102b569bd43716b1d6541524fbdc4a15b462f5046ddc48a7a
DS2,sentry,58,410,0,1,0,0,3,14.354066985645932,0.0,0.2549019607843137,0.9,raw_traces/DS2/sentry/seed_58.json.gz,099aaffa59e5eccde3b444c993951bd1fda73d71695125658b4344e79ca27571
DS2,sentry,59,410,0,1,0,0,3,14.354066985645932,0.0,0.2549019607843137,0.9,raw_traces/DS2/sentry/seed_59.json.gz,f82ee9145bb1b8535a73570ab79615e1c2f2afd1d3c1880c1c91221d92e7ed0a
DS2,sentry,5,410,0,1,0,0,3,14.354066985645932,0.0,0.2549019607843137,0.9,raw_traces/DS2/sentry/seed_5.json.gz,3a1baa8731e4fe2139558dd7ccf8eb38420a73b592f8ed095ead44fa72a57c7f
DS2,sentry,60,410,0,1,0,0,3,14.354066985645932,0.0,0.23529411764705882,0.8975609756097561,raw_traces/DS2/sentry/seed_60.json.gz,bc1d4dd415f13433a33b63f2c0f6f822fede732c20a2bd58d6348d9e69a925b1
DS2,sentry,65,410,0,1,0,0,3,14.354066985645932,0.0,0.27450980392156865,0.9024390243902439,raw_traces/DS2/sentry/seed_65.json.gz,96c0885f0931674fdcff883fb69e2438e81636dc8e37af05f5f9ef7ad22c5560
DS2,sentry,67,410,0,1,0,0,6,23.923444976076556,0.006666666666666667,0.23529411764705882,0.8902439024390244,raw_traces/DS2/sentry/seed_67.json.gz,d69525b41efdf8023dbb14f6e51601e6ed38047420c3b25645ae23e5df81783c
DS2,sentry,68,410,0,1,0,0,2,9.569377990430622,0.0,0.2549019607843137,0.9024390243902439,raw_traces/DS2/sentry/seed_68.json.gz,f7b47c64b84185baba679c2862148536dcf0e34b9e023f058973c001faddaf77
DS2,sentry,69,410,0,1,0,0,5,19.138755980861244,0.006666666666666667,0.29411764705882354,0.9,raw_traces/DS2/sentry/seed_69.json.gz,f1c2cc9c75148fd3bc685639a7de59e51830f716182d42caa7d37b701c643bf2
DS2,sentry,6,410,0,1,0,0,6,23.923444976076556,0.006666666666666667,0.29411764705882354,0.8975609756097561,raw_traces/DS2/sentry/seed_6.json.gz,7158815a14d3be43b2cfef17702e9419775aefcb4177e4e82580a577b43e4b50
DS2,sentry,72,410,0,1,0,0,3,14.354066985645932,0.0,0.2549019607843137,0.9,raw_traces/DS2/sentry/seed_72.json.gz,aca9bdba877f5e208853bc0a5839aa8cb606e139f00c28ec9933ead4d2fb9ca2
DS2,sentry,74,410,0,1,0,0,1,4.784688995215311,0.0,0.23529411764705882,0.9024390243902439,raw_traces/DS2/sentry/seed_74.json.gz,a55c70fcc34226efe23120f1e115b2688e5e4b14e4bbf1426494d6cfddb69796
DS2,sentry,77,410,0,1,0,0,1,4.784688995215311,0.0,0.2549019607843137,0.9048780487804878,raw_traces/DS2/sentry/seed_77.json.gz,efc3a95b87b7e710cc0d9e8f83b6e0121d6cf2048a6ebe1b792dfaa2eff61092
DS2,sentry,78,410,0,1,0,0,3,14.354066985645932,0.0,0.2549019607843137,0.9,raw_traces/DS2/sentry/seed_78.json.gz,d0367e2232ae9b73d8de3e246645a7e427077edf58992501d9c804f53a538763
DS2,sentry,7,410,0,1,0,0,2,9.569377990430622,0.0,0.23529411764705882,0.9,raw_traces/DS2/sentry/seed_7.json.gz,08ecce3ef69cc9d09ed63b6ea51fe35ca840a8e06a6d5137ddd1cb718721e665
DS2,sentry,80,410,0,1,0,0,3,14.354066985645932,0.0,0.23529411764705882,0.8975609756097561,raw_traces/DS2/sentry/seed_80.json.gz,e39e749191cb01b148db2a63894566e3994354e80f49a355470c65f5d8a2ff48
DS2,sentry,81,410,0,1,0,0,2,9.569377990430622,0.0,0.23529411764705882,0.9,raw_traces/DS2/sentry/seed_81.json.gz,4b71ef5df2e0d71a77c5d9f9b8d2c319471766ad67cd824bb9f7579cb18bdb01
DS2,sentry,82,410,0,1,0,0,3,14.354066985645932,0.0,0.27450980392156865,0.9024390243902439,raw_traces/DS2/sentry/seed_82.json.gz,76acb29cf19b55377679e53ae02b563dc6ba57042bf06426fefdb3c57e1cb108
DS2,sentry,83,410,0,1,0,0,2,9.569377990430622,0.0,0.21568627450980393,0.8975609756097561,raw_traces/DS2/sentry/seed_83.json.gz,fea2a849b10fa28d9e222c4e79ecf8c2c3b89eb4ade7a7b6167629966ae1d179
DS2,sentry,84,410,0,1,0,0,3,14.354066985645932,0.0,0.2549019607843137,0.9,raw_traces/DS2/sentry/seed_84.json.gz,9758a7acd39665161f79c37cc20ddd619022f26a5dd46f64b6d48246cadb3403
DS2,sentry,86,410,0,1,0,0,6,19.138755980861244,0.013333333333333334,0.29411764705882354,0.8975609756097561,raw_traces/DS2/sentry/seed_86.json.gz,b72f1500534ab4baf9369e1fbbad9648c17d6d8f498a2f851d2778e5c9aad424
DS2,sentry,87,410,0,1,0,0,5,19.138755980861244,0.006666666666666667,0.2549019607843137,0.8951219512195122,raw_traces/DS2/sentry/seed_87.json.gz,6bf909fbf8c5e8ee91343c9ad59757b35230a680c9ed70074ae9985342174a6e
DS2,sentry,88,410,0,1,0,0,4,14.354066985645932,0.006666666666666667,0.2549019607843137,0.8975609756097561,raw_traces/DS2/sentry/seed_88.json.gz,db80b6bde4f1e46e9f1f44113135da5a3cff688ef2d18d92a030c598dd321bcc
DS2,sentry,89,410,0,1,0,0,3,14.354066985645932,0.0,0.23529411764705882,0.8975609756097561,raw_traces/DS2/sentry/seed_89.json.gz,e24cb9c9765ec65c2f2cc8207a34304bbf1adb0df0ea61c00637cd4c9e3860fe
DS2,sentry,8,410,0,1,0,0,2,9.569377990430622,0.0,0.2549019607843137,0.9024390243902439,raw_traces/DS2/sentry/seed_8.json.gz,01ba15c5cc24583cfa6fc0bbce0ea7f240bf3e49ddf3771671ad93f7c2b9b694
DS2,sentry,91,410,0,1,0,0,4,19.138755980861244,0.0,0.2549019607843137,0.8975609756097561,raw_traces/DS2/sentry/seed_91.json.gz,e4c4ee5ba75f86a1353431ddc2bcf62ffbda77dd082bcdaeb118b852bff4d3b4
DS2,sentry,92,410,0,1,0,0,4,19.138755980861244,0.0,0.27450980392156865,0.9,raw_traces/DS2/sentry/seed_92.json.gz,7147fd3b30363f7827b0b4b1d6aaff7c6333a12a531ca976d99759bba59cfa30
DS2,sentry,93,410,0,1,0,0,3,14.354066985645932,0.0,0.27450980392156865,0.9024390243902439,raw_traces/DS2/sentry/seed_93.json.gz,6f103844065d44c00a0f1825913fd63130658da9bb1866aa799a5aba97417a46
DS2,sentry,94,410,0,1,0,0,3,14.354066985645932,0.0,0.27450980392156865,0.9024390243902439,raw_traces/DS2/sentry/seed_94.json.gz,71db95754f776bdc70a8dae83df7b453e7b787ce4d62c3786eee42d34886802f
DS2,sentry,97,410,0,1,0,0,4,14.354066985645932,0.006666666666666667,0.29411764705882354,0.9024390243902439,raw_traces/DS2/sentry/seed_97.json.gz,64374f1d8542c466f4a7caa91851e501593a2d5a9fadd797cd93ae303e3ed044
DS2,sentry,99,410,0,1,0,0,3,14.354066985645932,0.0,0.2549019607843137,0.9,raw_traces/DS2/sentry/seed_99.json.gz,fde85ea3ca31e4bcd164555bdd49a1bde2e4f33744e00e65006c76318e0652bc
DS2,sentry,9,410,0,1,0,0,3,4.784688995215311,0.013333333333333334,0.2549019607843137,0.9,raw_traces/DS2/sentry/seed_9.json.gz,04f8905a45a79716972be3e26e64df9be9495903156775faff7d9950d5332293
DS3,sentry,0,410,0,1,0,1,30,143.54066985645932,1.0,0.8855721393034826,0.8707317073170732,raw_traces/DS3/sentry/seed_0.json.gz,7d811333fa1a8eb291c5196a7f31935d11acf91a03f2e7bc9ac28947ef8d653a
DS3,sentry,10,410,0,1,0,0,3,14.354066985645932,0.8133333333333334,0.6965174129353234,0.8439024390243902,raw_traces/DS3/sentry/seed_10.json.gz,6f9211444f3fe80ad0c04204d45b4a0e2c4f0a2ece55cbd995ec40c48fccc4da
DS3,sentry,11,410,0,1,0,1,50,239.23444976076556,1.0,0.900497512437811,0.8292682926829268,raw_traces/DS3/sentry/seed_11.json.gz,bec88856585d70ef2d97bb97249441256117a62fa1f93269f147564403a73085
DS3,sentry,12,410,0,1,0,1,24,114.83253588516746,0.9933333333333333,0.8656716417910447,0.875609756097561,raw_traces/DS3/sentry/seed_12.json.gz,c54afcd0a1ecce2f531c61a657b288d8ec65a5b44599f0eccd91bfb3b4f4b580
DS3,sentry,13,410,0,1,0,1,28,133.9712918660287,1.0,0.8955223880597015,0.8804878048780488,raw_traces/DS3/sentry/seed_13.json.gz,77f67059b1a0dde79cfc4a2d83f8e6773595413816316b2345154d4db3507f19
DS3,sentry,14,410,0,1,0,1,22,105.26315789473684,1.0,0.8756218905472637,0.8853658536585366,raw_traces/DS3/sentry/seed_14.json.gz,39ad3b487c9c17ede8802c2a53fdca0f906292338730ddbcdb8666062530a6ba
DS3,sentry,15,410,0,1,0,1,25,119.61722488038278,1.0,0.8855721393034826,0.8829268292682927,raw_traces/DS3/sentry/seed_15.json.gz,27f57eaed9990fb3a5bd11c0c24426f9459aa662f255ffc9e4ed82a092473848
DS3,sentry,16,410,0,1,0,1,15,71.77033492822966,0.9933333333333333,0.8706467661691543,0.9,raw_traces/DS3/sentry/seed_16.json.gz,867c334ae76d38973ebfb77f6f7bce7171004636c39818281b3c0f550fbea6d9
DS3,sentry,17,410,0,1,0,1,25,119.61722488038278,1.0,0.8756218905472637,0.8780487804878049,raw_traces/DS3/sentry/seed_17.json.gz,ba528b16827deea3a757e8c7cc8dbcae2aa1264d45f6aa19a45a7e081a2c0623
DS3,sentry,18,410,0,1,0,1,20,95.69377990430623,0.9933333333333333,0.8706467661691543,0.8878048780487805,raw_traces/DS3/sentry/seed_18.json.gz,bbb6bbcb55a38cded4f383e58c35520797fe663bada1657826ed2cf4c412d4da
DS3,sentry,19,410,0,1,0,1,16,76.55502392344498,0.9933333333333333,0.8656716417910447,0.8951219512195122,raw_traces/DS3/sentry/seed_19.json.gz,b1903fa74a04ddbb52d8a99a008fcaaf1f219448c2aa61435f800dfafb5b4250
DS3,sentry,1,410,0,1,0,1,13,62.20095693779904,0.9733333333333334,0.8507462686567164,0.8951219512195122,raw_traces/DS3/sentry/seed_1.json.gz,be4f15ff6c8117923e91ee709788e1289e1c3d0a70de2f53120317c02e8951e7
DS3,sentry,2,410,0,1,0,1,16,76.55502392344498,0.9733333333333334,0.845771144278607,0.8853658536585366,raw_traces/DS3/sentry/seed_2.json.gz,20ff941b05001768e77d5e810b29127e56eea6a3f782244241f2042d46c93b99
DS3,sentry,3,410,0,1,0,1,21,100.47846889952153,0.9666666666666667,0.8507462686567164,0.875609756097561,raw_traces/DS3/sentry/seed_3.json.gz,1d3915e0dbbf6e67f83c6a01f46bd4ef63d79a4295abee19afc42593ccf9ece0
DS3,sentry,4,410,0,1,0,1,25,119.61722488038278,1.0,0.8855721393034826,0.8829268292682927,raw_traces/DS3/sentry/seed_4.json.gz,25b49c2cb1da367ea82f31e6408427118fefa5a99c473661e627080a9bc9b2c1
DS3,sentry,5,410,0,1,0,1,25,119.61722488038278,0.98,0.8656716417910447,0.8731707317073171,raw_traces/DS3/sentry/seed_5.json.gz,3214d32b95659acef15ab9f14616878e9233b405173b33dafc67de54e3a959c8
DS3,sentry,6,410,0,1,0,1,19,90.9090909090909,0.9933333333333333,0.8706467661691543,0.8902439024390244,raw_traces/DS3/sentry/seed_6.json.gz,0ab80ffe1facc82842e1477c68c62239056c22769c557bc0bdd676b0b54013cc
DS3,sentry,7,410,0,1,0,1,24,114.83253588516746,1.0,0.8805970149253731,0.8829268292682927,raw_traces/DS3/sentry/seed_7.json.gz,0f8d6c9eb3586f857a2dc675f009334a9aaac90f4bbc8ab09dd11c44b58d5c35
DS3,sentry,8,410,0,1,0,1,13,62.20095693779904,0.9666666666666667,0.835820895522388,0.8878048780487805,raw_traces/DS3/sentry/seed_8.json.gz,9916ddd441de365f91293a78537dd53d46ffed55a2e3883d04de017bf299210b
DS3,sentry,9,410,0,1,0,1,18,86.1244019138756,1.0,0.8656716417910447,0.8902439024390244,raw_traces/DS3/sentry/seed_9.json.gz,c1a825ba2dc59831d5713d1f31874a816897c3a440e18f19d41fb60f74b19129
DS3,sentry,20,410,0,1,0,1,17,81.33971291866028,0.9933333333333333,0.8805970149253731,0.9,raw_traces/DS3/sentry/seed_20.json.gz,3617a925cd6c7e5221edc25566585dbb70fc3465b49b29c46901e6c603d3b56b
DS3,sentry,23,410,0,1,0,1,23,110.04784688995215,1.0,0.8855721393034826,0.8878048780487805,raw_traces/DS3/sentry/seed_23.json.gz,5f7af4b0aec162cd3c0fb5cbda0b9dbd85c75e120af6791a7bfb7cfa4fb81b8c
DS3,sentry,24,410,0,1,0,1,26,124.40191387559808,1.0,0.8805970149253731,0.8780487804878049,raw_traces/DS3/sentry/seed_24.json.gz,9832b523c3f8caa496f3db89a4846d0f88853f6325992930b0b5ec781ee82d4a
DS3,sentry,25,410,0,1,0,1,16,76.55502392344498,1.0,0.8905472636815921,0.9073170731707317,raw_traces/DS3/sentry/seed_25.json.gz,659d5a5fa7d547212ddb4d3bffb35c5771fb647b4000c742ffce1a87f91ed575
DS3,sentry,26,410,0,1,0,1,33,157.89473684210526,1.0,0.8756218905472637,0.8585365853658536,raw_traces/DS3/sentry/seed_26.json.gz,cbe51f0332868f82018ab7946adfacc789041678b08f69fa5e566e4b3f756d9a
DS3,sentry,27,410,0,1,0,1,23,110.04784688995215,0.9933333333333333,0.8656716417910447,0.8780487804878049,raw_traces/DS3/sentry/seed_27.json.gz,1b4cfee02aeb677d26bd856965f6ef0dbc565386de1c4e31f2a0952b6bcd6398
DS3,sentry,29,410,0,1,0,1,10,47.84688995215311,0.96,0.845771144278607,0.9,raw_traces/DS3/sentry/seed_29.json.gz,96ae97715142f8e44a1b1523d8131cfc70b5317457b1792d131e06bd855fa9ed
DS3,sentry,30,410,0,1,0,1,18,86.1244019138756,1.0,0.8706467661691543,0.8926829268292683,raw_traces/DS3/sentry/seed_30.json.gz,fc743f278a4fd6640858bc2bab3f9967d048a95a216f1cad2ce95366318389bc
DS3,sentry,31,410,0,1,0,1,15,71.77033492822966,0.98,0.8507462686567164,0.8902439024390244,raw_traces/DS3/sentry/seed_31.json.gz,4df73fffca3e32f4a5d5acfa03a3978aa396115be57437955d13f8d095e940a9
DS3,sentry,32,410,0,1,0,1,13,62.20095693779904,0.9733333333333334,0.8557213930348259,0.8975609756097561,raw_traces/DS3/sentry/seed_32.json.gz,73981d0e7625e6963a90f96800363de6ccfbd27b303a5bf16291d639cc5eae9f
DS3,sentry,33,410,0,1,0,1,3,14.354066985645932,0.7666666666666667,0.6368159203980099,0.8146341463414634,raw_traces/DS3/sentry/seed_33.json.gz,f34db14a95f7ac8994cdbe986c93a34075a1e7e12b23a3526c214e993e7855ca
DS3,sentry,34,410,0,1,0,1,13,62.20095693779904,0.9866666666666667,0.8706467661691543,0.9048780487804878,raw_traces/DS3/sentry/seed_34.json.gz,3d3838cf234a53517c7c73dfc4e6cdbd36ce7fd2f3f008ea5f7810f22b6686d4
DS3,sentry,35,410,0,1,0,1,10,47.84688995215311,0.9866666666666667,0.8606965174129353,0.9073170731707317,raw_traces/DS3/sentry/seed_35.json.gz,b480144614fda794617d29017426b625bd101b4bec53e972d44319bc6ae29eab
DS3,sentry,36,410,0,1,0,1,31,148.32535885167465,1.0,0.8756218905472637,0.8634146341463415,raw_traces/DS3/sentry/seed_36.json.gz,532f5125b655f32c9ea40fe9456ecdd89b728cce188b8a26696fd55253bab45d
DS3,sentry,37,410,0,1,0,1,20,95.69377990430623,0.9933333333333333,0.8656716417910447,0.8853658536585366,raw_traces/DS3/sentry/seed_37.json.gz,19f0c0b8240573a00142528215e9c7ef3d064d8be78fcbce300a1aecd5a9e2ae
DS3,sentry,39,410,0,1,0,1,23,110.04784688995215,1.0,0.8805970149253731,0.8853658536585366,raw_traces/DS3/sentry/seed_39.json.gz,f51f6c1f0e99bfa47518c333eef901dd6e3083ed58a95b514e3c97ab2c32859e
DS3,sentry,40,410,0,1,0,1,18,86.1244019138756,1.0,0.8855721393034826,0.9,raw_traces/DS3/sentry/seed_40.json.gz,cf38198a6cf36d7848bc8b315c4da92626bc262581c8c63cfd4e0b99ff8ffb1e
DS3,sentry,41,410,0,1,0,1,20,95.69377990430623,0.9866666666666667,0.8656716417910447,0.8853658536585366,raw_traces/DS3/sentry/seed_41.json.gz,e3b9bfcbde4b55aab622008f5183cdd5ce4ec085ec82b4d6bda8fdc3f4247bdf
DS3,sentry,44,410,0,1,0,1,17,81.33971291866028,0.9933333333333333,0.8656716417910447,0.8926829268292683,raw_traces/DS3/sentry/seed_44.json.gz,3d5be97133b3ed006c4e481ede2e9b80a021da3db1f3c0cc2fbe6bf18970696d
DS3,sentry,45,410,0,1,0,1,8,38.27751196172249,0.9466666666666667,0.8208955223880597,0.8926829268292683,raw_traces/DS3/sentry/seed_45.json.gz,90c8c2c41b30e56eff05d77a19d32c4421558c41a5ca0a72f79c510d9b00c92b
DS3,sentry,46,410,0,1,0,1,9,43.0622009569378,0.9733333333333334,0.8507462686567164,0.9048780487804878,raw_traces/DS3/sentry/seed_46.json.gz,0778dda5439405626c7096c53b3665074bda9d888ccd65a907ca6ce4a685c7f8
DS3,sentry,47,410,0,1,0,1,30,143.54066985645932,1.0,0.8905472636815921,0.8731707317073171,raw_traces/DS3/sentry/seed_47.json.gz,9052a7fc92289e6ecf31612561934e90ef3e4ad7ec1f032121e53aceebdff7ba
DS3,sentry,49,410,0,1,0,1,25,119.61722488038278,1.0,0.8706467661691543,0.875609756097561,raw_traces/DS3/sentry/seed_49.json.gz,3b79e46a62d6f46ca05e90dd1771b55cb07ee0192c866cabfd1bc5c494fdbc1b
DS3,sentry,51,410,0,1,0,1,11,52.63157894736842,0.9866666666666667,0.8507462686567164,0.9,raw_traces/DS3/sentry/seed_51.json.gz,0de6a23bf056b4d0e6383a52f3824661ceee7a4fc6f37ae728fd9b75f87bce2d
DS3,sentry,52,410,0,1,0,1,14,66.98564593301435,0.9866666666666667,0.8606965174129353,0.8975609756097561,raw_traces/DS3/sentry/seed_52.json.gz,301c917a3fb1dd66bc82a50a4c728f01aaa618305b1174ff2aa33ce7fa7d08bf
DS3,sentry,53,410,0,1,0,1,19,90.9090909090909,0.9866666666666667,0.8606965174129353,0.8853658536585366,raw_traces/DS3/sentry/seed_53.json.gz,8bb0c24215b08bd951100470916b7b9ab29b3f5ab716626110577d2540c3a531
DS3,sentry,54,410,0,1,0,1,11,52.63157894736842,0.8733333333333333,0.7562189054726368,0.8536585365853658,raw_traces/DS3/sentry/seed_54.json.gz,77375722ca9d695f7b36b838ec1a9b769ef87df8867a0b59ac0f2d32c72f2868
DS3,sentry,55,410,0,1,0,1,11,52.63157894736842,0.9933333333333333,0.8606965174129353,0.9048780487804878,raw_traces/DS3/sentry/seed_55.json.gz,5a6ab29da7abd80d50fa88552f7581c1d66d1f6ccccada94955111072651c286
DS3,sentry,57,410,0,1,0,1,31,148.32535885167465,1.0,0.8955223880597015,0.8731707317073171,raw_traces/DS3/sentry/seed_57.json.gz,6570defbb4c13e61705963eb8c1cdac38173745b014d2eb632b9bc75ceea3fc2
DS3,sentry,58,410,0,1,0,1,17,81.33971291866028,0.9666666666666667,0.845771144278607,0.8829268292682927,raw_traces/DS3/sentry/seed_58.json.gz,bcbf2225faacd9c8bc61d070d119b6d0f2ee555d6b1327bb20e47540e95194e9
DS3,sentry,59,410,0,1,0,1,23,110.04784688995215,0.9866666666666667,0.8706467661691543,0.8804878048780488,raw_traces/DS3/sentry/seed_59.json.gz,7de3c13a9db3b3612c3a4e17b1f43614b922adbb3d4d87acc86febfd085fc31c
DS3,sentry,60,410,0,1,0,1,14,66.98564593301435,0.9333333333333333,0.8159203980099502,0.875609756097561,raw_traces/DS3/sentry/seed_60.json.gz,daee05987cf4975391a4bc487051fce8dedcdb5cab2bf819fa0bfcafba71cb70
DS3,sentry,65,410,0,1,0,1,30,143.54066985645932,1.0,0.8805970149253731,0.8682926829268293,raw_traces/DS3/sentry/seed_65.json.gz,230f071a21b61e349a531e92b1f35465537742e2d4a02654b5f2bd1eaaab7528
DS3,sentry,67,410,0,1,0,1,15,71.77033492822966,0.98,0.8557213930348259,0.8926829268292683,raw_traces/DS3/sentry/seed_67.json.gz,312696bd16100537fbdd94aef84e4c0f3204d202dca672ac1b32f5cd7a89037b
DS3,sentry,68,410,0,1,0,1,19,90.9090909090909,0.9866666666666667,0.8606965174129353,0.8853658536585366,raw_traces/DS3/sentry/seed_68.json.gz,b4b175a93ce001f59fdaa45ab810cba15e5182c399cade7d9245db07a53ea301
DS3,sentry,69,410,0,1,0,1,10,47.84688995215311,0.9866666666666667,0.8507462686567164,0.9024390243902439,raw_traces/DS3/sentry/seed_69.json.gz,71f653224d5e79aec3235914598d95551b99e66e76318fef53d34b5e352cd5ed
DS3,sentry,72,410,0,1,0,1,37,177.0334928229665,1.0,0.8805970149253731,0.8512195121951219,raw_traces/DS3/sentry/seed_72.json.gz,be84f661de27779aa00330790d5c480ce2fd90e6cb1f42b393781053a3aaa8ac
DS3,sentry,74,410,0,1,0,1,31,148.32535885167465,1.0,0.8905472636815921,0.8707317073170732,raw_traces/DS3/sentry/seed_74.json.gz,a69a5b9ba69b026ed54bc83816b700fafaa734e7aa38040e9a307ad6b095f900
DS3,sentry,77,410,0,1,0,1,15,71.77033492822966,1.0,0.8756218905472637,0.9024390243902439,raw_traces/DS3/sentry/seed_77.json.gz,6334ba62f59b8b682afd1bf3129b5fa4d116929b96e770f83b059ad022365cf1
DS3,sentry,78,410,0,1,0,1,27,129.1866028708134,1.0,0.8706467661691543,0.8707317073170732,raw_traces/DS3/sentry/seed_78.json.gz,1819a5d21594091760f349261053ce8933060711e04bf097f11ff9e82b9abbba
DS3,sentry,80,410,0,1,0,1,22,105.26315789473684,1.0,0.8756218905472637,0.8853658536585366,raw_traces/DS3/sentry/seed_80.json.gz,37d1746113c8d5fd37619871d2341165ab9089bcfbc1fc328f9725f0c2d8be5a
DS3,sentry,81,410,0,1,0,1,20,95.69377990430623,1.0,0.8805970149253731,0.8926829268292683,raw_traces/DS3/sentry/seed_81.json.gz,1d7895e3158b03b6848f453b0a6bb6911711bee36f4fe52912c93166616ac58a
DS3,sentry,82,410,0,1,0,1,27,129.1866028708134,1.0,0.8855721393034826,0.8780487804878049,raw_traces/DS3/sentry/seed_82.json.gz,94527feeda9a1cf4b0c8e4494773905d8d109ea81292f8125086b688630cea12
DS3,sentry,83,410,0,1,0,1,27,129.1866028708134,1.0,0.8855721393034826,0.8780487804878049,raw_traces/DS3/sentry/seed_83.json.gz,87b0265def66cc47a322a9aa1c2da7788326000ed604d89bce5fe0987ff396e0
DS3,sentry,84,410,0,1,0,1,24,114.83253588516746,1.0,0.8805970149253731,0.8829268292682927,raw_traces/DS3/sentry/seed_84.json.gz,4fcfc36e4cc0cfd1d27add11e77293c5f4263ff43e7da54e0564b16301bbc83e
DS3,sentry,86,410,0,1,0,1,12,57.41626794258373,0.98,0.8507462686567164,0.8975609756097561,raw_traces/DS3/sentry/seed_86.json.gz,d31da99de6ed859dafe4eb60131f7c538bd7b6e9d7da43bff36a98d5cb71e292
DS3,sentry,87,410,0,1,0,1,23,110.04784688995215,1.0,0.8855721393034826,0.8878048780487805,raw_traces/DS3/sentry/seed_87.json.gz,0a3c4d76b48024a505a40d3f24fe8368dfc7371f3115d8c5b520ce69bcfbe626
DS3,sentry,88,410,0,1,0,1,7,33.49282296650718,0.9933333333333333,0.8557213930348259,0.9121951219512195,raw_traces/DS3/sentry/seed_88.json.gz,6a413e1d8860ae2d016e861e82f287ba6c52bf54f57db826feceb7a83112b666
DS3,sentry,89,410,0,1,0,1,23,110.04784688995215,0.9933333333333333,0.8756218905472637,0.8829268292682927,raw_traces/DS3/sentry/seed_89.json.gz,f548a81af6f2a862fee854fc7093c69c1570c4d90ced9df52a924acd25676abc
DS3,sentry,91,410,0,1,0,1,27,129.1866028708134,1.0,0.8805970149253731,0.875609756097561,raw_traces/DS3/sentry/seed_91.json.gz,5b8e8ac9ed98cafa627e3edf9da1802cfe05456c37bfcb56bda456d9f77a88c1
DS3,sentry,92,410,0,1,0,1,8,38.27751196172249,0.9466666666666667,0.8308457711442786,0.8975609756097561,raw_traces/DS3/sentry/seed_92.json.gz,beaf83f9ba92b640d2f2ca6d5769ef13c721ab2c637a536ea76d4c90278c7e3a
DS3,sentry,93,410,0,1,0,1,13,62.20095693779904,0.9866666666666667,0.8606965174129353,0.9,raw_traces/DS3/sentry/seed_93.json.gz,caa2b8c0d2b968eaff4f914bbe8341de8731ab32d359fbd8729b52db8975dc50
DS3,sentry,94,410,0,1,0,1,25,119.61722488038278,1.0,0.8805970149253731,0.8804878048780488,raw_traces/DS3/sentry/seed_94.json.gz,9e268715bd24c93f46074cabc584d015d05f516c0ad7e4a0101bbead427f7f51
DS3,sentry,97,410,0,1,0,1,15,71.77033492822966,1.0,0.8756218905472637,0.9024390243902439,raw_traces/DS3/sentry/seed_97.json.gz,4fddbbff2f0ee057a3aaeadd20abec240707a07afbf8f7c61f34f66c5f771403
DS3,sentry,99,410,0,1,0,1,12,57.41626794258373,0.9533333333333334,0.835820895522388,0.8902439024390244,raw_traces/DS3/sentry/seed_99.json.gz,9f7c4877419672b0a5e9ea1554e7b0d7ebf815d0e85a006bfdf85d4ae2dc9721
DS1,baseline_adaptive_conformal,0,410,0,1,0,0,7,33.49282296650718,0.0,0.3137254901960784,0.8975609756097561,raw_traces/DS1/baseline_adaptive_conformal/seed_0.json.gz,168843e223b8f9c8999d99f542aeca31a80ac40c78c707618ec08e2e7657ffda
DS1,baseline_classical_fdi,0,410,1,1,1,0,0,0.0,0.0,0.6470588235294118,0.9560975609756097,raw_traces/DS1/baseline_classical_fdi/seed_0.json.gz,712413b874aca3b616577a671b6a7304afeb1bead3974155c36a9ef308a446bb
DS1,baseline_deterministic_requirements_checker,0,410,1,1,1,0,0,0.0,0.0,0.6666666666666666,0.9585365853658536,raw_traces/DS1/baseline_deterministic_requirements_checker/seed_0.json.gz,701994733ee26cb2fb24bd62bb08362c51aab3a362a4c4578ae5743702bd08f8
DS1,baseline_homogeneous_multi_agent,0,410,1,1,1,0,0,0.0,0.0,0.6862745098039216,0.9609756097560975,raw_traces/DS1/baseline_homogeneous_multi_agent/seed_0.json.gz,d588416e2bacb86dcf732fbf9f7fe591686521b17411260e7cea5db097e7db47
DS1,baseline_math_sentry_only,0,410,1,1,1,0,0,0.0,0.0,0.6862745098039216,0.9609756097560975,raw_traces/DS1/baseline_math_sentry_only/seed_0.json.gz,d588416e2bacb86dcf732fbf9f7fe591686521b17411260e7cea5db097e7db47
DS1,baseline_single_llm_agent,0,410,1,1,1,0,0,0.0,0.0,0.6862745098039216,0.9609756097560975,raw_traces/DS1/baseline_single_llm_agent/seed_0.json.gz,d588416e2bacb86dcf732fbf9f7fe591686521b17411260e7cea5db097e7db47
DS1,baseline_adaptive_conformal,10,410,0,1,0,0,6,28.708133971291865,0.0,0.29411764705882354,0.8975609756097561,raw_traces/DS1/baseline_adaptive_conformal/seed_10.json.gz,b85bdc9a9e4967d96418c1f4a6bbbd676576106ccebfc9c6d9b029171729f062
DS1,baseline_classical_fdi,10,410,1,1,1,0,0,0.0,0.0,0.6078431372549019,0.9512195121951219,raw_traces/DS1/baseline_classical_fdi/seed_10.json.gz,116429058b734f378cd250e4c9950c43ddb3b0751918783197c09af6d08920e0
DS1,baseline_deterministic_requirements_checker,10,410,1,1,1,0,0,0.0,0.0,0.49019607843137253,0.9365853658536586,raw_traces/DS1/baseline_deterministic_requirements_checker/seed_10.json.gz,0c65b6fcf2b2bb2fb004cdcfe394079d7409faa4059cc851bfaa775ec6592bce
DS1,baseline_homogeneous_multi_agent,10,410,0,1,0,0,3,9.569377990430622,0.006666666666666667,0.5686274509803921,0.9390243902439024,raw_traces/DS1/baseline_homogeneous_multi_agent/seed_10.json.gz,f02876ae6db48760a3d31bd95dcfc7536d46e739839054f4622ffb32b7c2c049
DS1,baseline_math_sentry_only,10,410,0,1,0,0,3,9.569377990430622,0.006666666666666667,0.5686274509803921,0.9390243902439024,raw_traces/DS1/baseline_math_sentry_only/seed_10.json.gz,f02876ae6db48760a3d31bd95dcfc7536d46e739839054f4622ffb32b7c2c049
DS1,baseline_single_llm_agent,10,410,0,1,0,0,3,9.569377990430622,0.006666666666666667,0.5686274509803921,0.9390243902439024,raw_traces/DS1/baseline_single_llm_agent/seed_10.json.gz,f02876ae6db48760a3d31bd95dcfc7536d46e739839054f4622ffb32b7c2c049
DS1,baseline_adaptive_conformal,11,410,0,1,0,0,6,28.708133971291865,0.0,0.3333333333333333,0.9024390243902439,raw_traces/DS1/baseline_adaptive_conformal/seed_11.json.gz,a380607d00807c0dcf5d6a1f8b21ebbae921a06fa2626d8748f4016064ead245
DS1,baseline_classical_fdi,11,410,1,1,1,0,0,0.0,0.0,0.6666666666666666,0.9585365853658536,raw_traces/DS1/baseline_classical_fdi/seed_11.json.gz,6c356160ba51df5d3addf46b35f150f7b0e860cbd2fb8b2ccc208983b3330ac5
DS1,baseline_deterministic_requirements_checker,11,410,1,1,1,0,0,0.0,0.0,0.5098039215686274,0.9390243902439024,raw_traces/DS1/baseline_deterministic_requirements_checker/seed_11.json.gz,d76114a29e4cfee9acb404404ba5d4a9732804c58971175129f68b366fe32bfe
DS1,baseline_homogeneous_multi_agent,11,410,0,1,0,0,1,4.784688995215311,0.0,0.5686274509803921,0.9439024390243902,raw_traces/DS1/baseline_homogeneous_multi_agent/seed_11.json.gz,576bb37d9f2dcbd2d19da3ac9a437992ae9459744db8fb41807c6e3a3a455417
DS1,baseline_math_sentry_only,11,410,0,1,0,0,1,4.784688995215311,0.0,0.5686274509803921,0.9439024390243902,raw_traces/DS1/baseline_math_sentry_only/seed_11.json.gz,576bb37d9f2dcbd2d19da3ac9a437992ae9459744db8fb41807c6e3a3a455417
DS1,baseline_single_llm_agent,11,410,0,1,0,0,1,4.784688995215311,0.0,0.5686274509803921,0.9439024390243902,raw_traces/DS1/baseline_single_llm_agent/seed_11.json.gz,576bb37d9f2dcbd2d19da3ac9a437992ae9459744db8fb41807c6e3a3a455417
DS1,baseline_adaptive_conformal,12,410,0,1,0,0,5,23.923444976076556,0.0,0.3333333333333333,0.9048780487804878,raw_traces/DS1/baseline_adaptive_conformal/seed_12.json.gz,7fd785f0db5e5c771c463400c0773a1259c8dfb99d730ba7182f806e762c2759
DS1,baseline_classical_fdi,12,410,1,1,1,0,0,0.0,0.0,0.6666666666666666,0.9585365853658536,raw_traces/DS1/baseline_classical_fdi/seed_12.json.gz,bf3a0f28a1f9767bbe96be581596f583d44c2d566e270c8db80127f681b40d1d
DS1,baseline_deterministic_requirements_checker,12,410,1,1,1,0,0,0.0,0.0,0.6078431372549019,0.9512195121951219,raw_traces/DS1/baseline_deterministic_requirements_checker/seed_12.json.gz,c30de47cf98a2a35bc1afa64cb0bceef9acbe8ff868ea41680306b8b2bc81167
DS1,baseline_homogeneous_multi_agent,12,410,0,1,0,0,4,9.569377990430622,0.013333333333333334,0.6666666666666666,0.948780487804878,raw_traces/DS1/baseline_homogeneous_multi_agent/seed_12.json.gz,1f2767862fbd66a2ffbc95665cd9b9602b65589b000f17cf4a9f28e821f11823
DS1,baseline_math_sentry_only,12,410,0,1,0,0,4,9.569377990430622,0.013333333333333334,0.6666666666666666,0.948780487804878,raw_traces/DS1/baseline_math_sentry_only/seed_12.json.gz,1f2767862fbd66a2ffbc95665cd9b9602b65589b000f17cf4a9f28e821f11823
DS1,baseline_single_llm_agent,12,410,0,1,0,0,4,9.569377990430622,0.013333333333333334,0.6666666666666666,0.948780487804878,raw_traces/DS1/baseline_single_llm_agent/seed_12.json.gz,1f2767862fbd66a2ffbc95665cd9b9602b65589b000f17cf4a9f28e821f11823
DS1,baseline_adaptive_conformal,13,410,0,1,0,0,2,9.569377990430622,0.0,0.3137254901960784,0.9097560975609756,raw_traces/DS1/baseline_adaptive_conformal/seed_13.json.gz,158efce38dee793012bc9730afa5276b5a84d796e8d8b452fcdaccdbe4515a5f
DS1,baseline_classical_fdi,13,410,1,1,1,0,0,0.0,0.0,0.6274509803921569,0.9536585365853658,raw_traces/DS1/baseline_classical_fdi/seed_13.json.gz,b5e54e775f8a53100ac65fc2bdcd986567619dd52cbf8cf7c1b8108919e5f6c6
DS1,baseline_deterministic_requirements_checker,13,410,1,1,1,0,0,0.0,0.0,0.6666666666666666,0.9585365853658536,raw_traces/DS1/baseline_deterministic_requirements_checker/seed_13.json.gz,102d1b34dcd7a20f2e42500452edccd7bd16d309ea7a30b13737d3b484252d2d
DS1,baseline_homogeneous_multi_agent,13,410,1,1,1,0,0,0.0,0.0,0.6666666666666666,0.9585365853658536,raw_traces/DS1/baseline_homogeneous_multi_agent/seed_13.json.gz,102d1b34dcd7a20f2e42500452edccd7bd16d309ea7a30b13737d3b484252d2d
DS1,baseline_math_sentry_only,13,410,1,1,1,0,0,0.0,0.0,0.6666666666666666,0.9585365853658536,raw_traces/DS1/baseline_math_sentry_only/seed_13.json.gz,102d1b34dcd7a20f2e42500452edccd7bd16d309ea7a30b13737d3b484252d2d
DS1,baseline_single_llm_agent,13,410,1,1,1,0,0,0.0,0.0,0.6666666666666666,0.9585365853658536,raw_traces/DS1/baseline_single_llm_agent/seed_13.json.gz,102d1b34dcd7a20f2e42500452edccd7bd16d309ea7a30b13737d3b484252d2d
DS1,baseline_adaptive_conformal,14,410,0,1,0,0,5,23.923444976076556,0.0,0.35294117647058826,0.9073170731707317,raw_traces/DS1/baseline_adaptive_conformal/seed_14.json.gz,638a243e3ff18078aad911e86012d7b40227bc80826447c98654c5b816aa6945
DS1,baseline_classical_fdi,14,410,1,1,1,0,0,0.0,0.0,0.7058823529411765,0.9634146341463414,raw_traces/DS1/baseline_classical_fdi/seed_14.json.gz,0566dd36471ed7da35355187e6b2a27cbe96b2b6febffc2b56060321daef3bd6
DS1,baseline_deterministic_requirements_checker,14,410,1,1,1,0,0,0.0,0.0,0.7058823529411765,0.9634146341463414,raw_traces/DS1/baseline_deterministic_requirements_checker/seed_14.json.gz,0df189e45b2c716d44bc31475915f1498fbe61ec254d4ae93dfccab0782b092b
DS1,baseline_homogeneous_multi_agent,14,410,1,1,1,0,0,0.0,0.0,0.7450980392156863,0.9682926829268292,raw_traces/DS1/baseline_homogeneous_multi_agent/seed_14.json.gz,001223a21c7cb4898183ee051f9a757f94bed8684f5339430230ca37f8eb4172
DS1,baseline_math_sentry_only,14,410,1,1,1,0,0,0.0,0.0,0.7450980392156863,0.9682926829268292,raw_traces/DS1/baseline_math_sentry_only/seed_14.json.gz,001223a21c7cb4898183ee051f9a757f94bed8684f5339430230ca37f8eb4172
DS1,baseline_single_llm_agent,14,410,1,1,1,0,0,0.0,0.0,0.7450980392156863,0.9682926829268292,raw_traces/DS1/baseline_single_llm_agent/seed_14.json.gz,001223a21c7cb4898183ee051f9a757f94bed8684f5339430230ca37f8eb4172
DS1,baseline_adaptive_conformal,15,410,0,1,0,0,6,28.708133971291865,0.0,0.37254901960784315,0.9073170731707317,raw_traces/DS1/baseline_adaptive_conformal/seed_15.json.gz,f9128822361178629a6421e6f4a66af80404a08b9a964e6f5a257f9ee8eba9f7
DS1,baseline_classical_fdi,15,410,1,1,1,0,0,0.0,0.0,0.7058823529411765,0.9634146341463414,raw_traces/DS1/baseline_classical_fdi/seed_15.json.gz,8db1dca7fb6f4d2da5158107deebe85cef8c96e7a9816eedf3080323c0e5f6a0
DS1,baseline_deterministic_requirements_checker,15,410,1,1,1,0,0,0.0,0.0,0.5882352941176471,0.948780487804878,raw_traces/DS1/baseline_deterministic_requirements_checker/seed_15.json.gz,83a6a64e95457ba7aead30e4555b572191f8082e68ba5462b7e4902d5021f259
DS1,baseline_homogeneous_multi_agent,15,410,0,1,0,0,3,4.784688995215311,0.013333333333333334,0.7058823529411765,0.9560975609756097,raw_traces/DS1/baseline_homogeneous_multi_agent/seed_15.json.gz,98c2a6e2cf2c8244ddfd857f0c5d80a20c07ee61ce2176e7c050199e8a751513
DS1,baseline_math_sentry_only,15,410,0,1,0,0,3,4.784688995215311,0.013333333333333334,0.7058823529411765,0.9560975609756097,raw_traces/DS1/baseline_math_sentry_only/seed_15.json.gz,98c2a6e2cf2c8244ddfd857f0c5d80a20c07ee61ce2176e7c050199e8a751513
DS1,baseline_single_llm_agent,15,410,0,1,0,0,3,4.784688995215311,0.013333333333333334,0.7058823529411765,0.9560975609756097,raw_traces/DS1/baseline_single_llm_agent/seed_15.json.gz,98c2a6e2cf2c8244ddfd857f0c5d80a20c07ee61ce2176e7c050199e8a751513
DS1,baseline_adaptive_conformal,16,410,0,1,0,0,7,33.49282296650718,0.0,0.3137254901960784,0.8975609756097561,raw_traces/DS1/baseline_adaptive_conformal/seed_16.json.gz,48e535065b899e2643460baba5b7f63045d52ee86254a05a8bcc158f04291d1d
DS1,baseline_classical_fdi,16,410,1,1,1,0,0,0.0,0.0,0.6274509803921569,0.9536585365853658,raw_traces/DS1/baseline_classical_fdi/seed_16.json.gz,d1d665950af7ca540586b571ba17e2d109ea862da50ef7cf7e4d9793f1a93edf
DS1,baseline_deterministic_requirements_checker,16,410,0,1,0,0,1,4.784688995215311,0.0,0.35294117647058826,0.9170731707317074,raw_traces/DS1/baseline_deterministic_requirements_checker/seed_16.json.gz,491667fb67245ec89f4f249af61004ee211b10694e046b35fd99bff55b42fcfd
DS1,baseline_homogeneous_multi_agent,16,410,0,1,0,0,5,19.138755980861244,0.006666666666666667,0.5686274509803921,0.9341463414634147,raw_traces/DS1/baseline_homogeneous_multi_agent/seed_16.json.gz,1c5546de73e7b634d70e87a4ef66d643331c3b2f75d623edef11765f1bcf9552
DS1,baseline_math_sentry_only,16,410,0,1,0,0,5,19.138755980861244,0.006666666666666667,0.5686274509803921,0.9341463414634147,raw_traces/DS1/baseline_math_sentry_only/seed_16.json.gz,1c5546de73e7b634d70e87a4ef66d643331c3b2f75d623edef11765f1bcf9552
DS1,baseline_single_llm_agent,16,410,0,1,0,0,5,19.138755980861244,0.006666666666666667,0.5686274509803921,0.9341463414634147,raw_traces/DS1/baseline_single_llm_agent/seed_16.json.gz,1c5546de73e7b634d70e87a4ef66d643331c3b2f75d623edef11765f1bcf9552
DS1,baseline_adaptive_conformal,17,410,0,1,0,0,7,33.49282296650718,0.0,0.35294117647058826,0.9024390243902439,raw_traces/DS1/baseline_adaptive_conformal/seed_17.json.gz,190f7ad74cec6f8a903f458d57aae40d454f766e74b0ea1eb4a30a7aa6c24eb7
DS1,baseline_classical_fdi,17,410,1,1,1,0,0,0.0,0.0,0.6078431372549019,0.9512195121951219,raw_traces/DS1/baseline_classical_fdi/seed_17.json.gz,e3dbc66f2220956ada6ecf2111d833385d4c1bba6113424432dede616e6801a3
DS1,baseline_deterministic_requirements_checker,17,410,1,1,1,0,0,0.0,0.0,0.47058823529411764,0.9341463414634147,raw_traces/DS1/baseline_deterministic_requirements_checker/seed_17.json.gz,6187d250a3dc23a25d588062715fed7978845223a7e0d6049e06c8fac6c39fdf
DS1,baseline_homogeneous_multi_agent,17,410,1,1,1,0,0,0.0,0.0,0.5882352941176471,0.948780487804878,raw_traces/DS1/baseline_homogeneous_multi_agent/seed_17.json.gz,24ff6aac38c1f12f60ee2acb4aeb285bc737bbbbee0eb93d87becc55cba4aa4d
DS1,baseline_math_sentry_only,17,410,1,1,1,0,0,0.0,0.0,0.5882352941176471,0.948780487804878,raw_traces/DS1/baseline_math_sentry_only/seed_17.json.gz,24ff6aac38c1f12f60ee2acb4aeb285bc737bbbbee0eb93d87becc55cba4aa4d
DS1,baseline_single_llm_agent,17,410,1,1,1,0,0,0.0,0.0,0.5882352941176471,0.948780487804878,raw_traces/DS1/baseline_single_llm_agent/seed_17.json.gz,24ff6aac38c1f12f60ee2acb4aeb285bc737bbbbee0eb93d87becc55cba4aa4d
DS1,baseline_adaptive_conformal,18,410,0,1,0,0,3,14.354066985645932,0.0,0.35294117647058826,0.9121951219512195,raw_traces/DS1/baseline_adaptive_conformal/seed_18.json.gz,c1a8e8f8c7a3235f65e3d165ac41400c3847aac766b82188aade88b211240a89
DS1,baseline_classical_fdi,18,410,1,1,1,0,0,0.0,0.0,0.7058823529411765,0.9634146341463414,raw_traces/DS1/baseline_classical_fdi/seed_18.json.gz,a11dcb9d07a2f2220ad7fa56cb9ac465908527efafe25e8e73f53dec956b752b
DS1,baseline_deterministic_requirements_checker,18,410,1,1,1,0,0,0.0,0.0,0.7058823529411765,0.9634146341463414,raw_traces/DS1/baseline_deterministic_requirements_checker/seed_18.json.gz,76ca8b7add99b370590c8a7c8cba9b962d1772968688e3bbcee932b1c728bc5d
DS1,baseline_homogeneous_multi_agent,18,410,0,1,0,0,1,4.784688995215311,0.0,0.7647058823529411,0.9682926829268292,raw_traces/DS1/baseline_homogeneous_multi_agent/seed_18.json.gz,01a66d34d807f4bffba2f12b27ac1d264c9de8df373c71c1e600634a26041a23
DS1,baseline_math_sentry_only,18,410,0,1,0,0,1,4.784688995215311,0.0,0.7647058823529411,0.9682926829268292,raw_traces/DS1/baseline_math_sentry_only/seed_18.json.gz,01a66d34d807f4bffba2f12b27ac1d264c9de8df373c71c1e600634a26041a23
DS1,baseline_single_llm_agent,18,410,0,1,0,0,1,4.784688995215311,0.0,0.7450980392156863,0.9658536585365853,raw_traces/DS1/baseline_single_llm_agent/seed_18.json.gz,88c52024a7fbed105a78fd84a68f29fd3030ab5ff31f5a68251eaa878153805f
DS1,baseline_adaptive_conformal,19,410,0,1,0,0,8,38.27751196172249,0.0,0.3137254901960784,0.8951219512195122,raw_traces/DS1/baseline_adaptive_conformal/seed_19.json.gz,6fd5a08a880c17717a1b7679fd33e3c40e682eb819c2d7a3d7895b34153545c2
DS1,baseline_classical_fdi,19,410,1,1,1,0,0,0.0,0.0,0.6862745098039216,0.9609756097560975,raw_traces/DS1/baseline_classical_fdi/seed_19.json.gz,9957c9909902294bbb1648553b007fa86c7e16bf217b53a6618846d6be913c77
DS1,baseline_deterministic_requirements_checker,19,410,1,1,1,0,0,0.0,0.0,0.6078431372549019,0.9512195121951219,raw_traces/DS1/baseline_deterministic_requirements_checker/seed_19.json.gz,d8824e2e6b6eb2eec7f747163ca0a6071dd2bf527c5fc449866c88aac3b28428
DS1,baseline_homogeneous_multi_agent,19,410,0,1,0,0,2,9.569377990430622,0.0,0.7058823529411765,0.9585365853658536,raw_traces/DS1/baseline_homogeneous_multi_agent/seed_19.json.gz,d855d201619964d186e08d2dc23c1ed3a9c03122d8c3380b54f181f3daef5183
DS1,baseline_math_sentry_only,19,410,0,1,0,0,2,9.569377990430622,0.0,0.7058823529411765,0.9585365853658536,raw_traces/DS1/baseline_math_sentry_only/seed_19.json.gz,d855d201619964d186e08d2dc23c1ed3a9c03122d8c3380b54f181f3daef5183
DS1,baseline_single_llm_agent,19,410,0,1,0,0,2,9.569377990430622,0.0,0.7058823529411765,0.9585365853658536,raw_traces/DS1/baseline_single_llm_agent/seed_19.json.gz,d855d201619964d186e08d2dc23c1ed3a9c03122d8c3380b54f181f3daef5183
DS1,baseline_adaptive_conformal,1,410,0,1,0,0,7,33.49282296650718,0.0,0.37254901960784315,0.9048780487804878,raw_traces/DS1/baseline_adaptive_conformal/seed_1.json.gz,5e4cce55d5eb389f31c2c833dbd06eaacd4931564145b907ceb8f110afc76f24
DS1,baseline_classical_fdi,1,410,1,1,1,0,0,0.0,0.0,0.6862745098039216,0.9609756097560975,raw_traces/DS1/baseline_classical_fdi/seed_1.json.gz,0e5422833147e5cbd737783eb7357f5aa5ad17cee38ae15db88010cd592ecd36
DS1,baseline_deterministic_requirements_checker,1,410,1,1,1,0,0,0.0,0.0,0.6078431372549019,0.9512195121951219,raw_traces/DS1/baseline_deterministic_requirements_checker/seed_1.json.gz,f7881982226ad548bfe90bf8b9f30caaaf10992073e822332f731e419b065074
DS1,baseline_homogeneous_multi_agent,1,410,1,1,1,0,0,0.0,0.0,0.6862745098039216,0.9609756097560975,raw_traces/DS1/baseline_homogeneous_multi_agent/seed_1.json.gz,b51679af4b153747831f81a6ee8d8f88e8883a977717ec86bd06aee601328774
DS1,baseline_math_sentry_only,1,410,1,1,1,0,0,0.0,0.0,0.6862745098039216,0.9609756097560975,raw_traces/DS1/baseline_math_sentry_only/seed_1.json.gz,b51679af4b153747831f81a6ee8d8f88e8883a977717ec86bd06aee601328774
DS1,baseline_single_llm_agent,1,410,1,1,1,0,0,0.0,0.0,0.6862745098039216,0.9609756097560975,raw_traces/DS1/baseline_single_llm_agent/seed_1.json.gz,b51679af4b153747831f81a6ee8d8f88e8883a977717ec86bd06aee601328774
DS1,baseline_adaptive_conformal,20,410,0,1,0,0,4,19.138755980861244,0.0,0.3333333333333333,0.9073170731707317,raw_traces/DS1/baseline_adaptive_conformal/seed_20.json.gz,580d81b1beb42c2dc7abc5587714d8aea775eae4bda22251fc05e235e62a1ea0
DS1,baseline_classical_fdi,20,410,1,1,1,0,0,0.0,0.0,0.6666666666666666,0.9585365853658536,raw_traces/DS1/baseline_classical_fdi/seed_20.json.gz,35ed7e15dc28c76f3629ca2bb34355872dfbc39f3c1ed2879704244e2ccbbe1a
DS1,baseline_deterministic_requirements_checker,20,410,1,1,1,0,0,0.0,0.0,0.6666666666666666,0.9585365853658536,raw_traces/DS1/baseline_deterministic_requirements_checker/seed_20.json.gz,e3cbb37ecc008c7c4ba563af129d9f8d1d8dc121cd75f2ec0642d27c59daebf3
DS1,baseline_homogeneous_multi_agent,20,410,1,1,1,0,0,0.0,0.0,0.7058823529411765,0.9634146341463414,raw_traces/DS1/baseline_homogeneous_multi_agent/seed_20.json.gz,f7ca1fa3b96174ebb94ae74b86ffde01d8594108ad101e5fd0d8ca7fc9a49750
DS1,baseline_math_sentry_only,20,410,1,1,1,0,0,0.0,0.0,0.7058823529411765,0.9634146341463414,raw_traces/DS1/baseline_math_sentry_only/seed_20.json.gz,f7ca1fa3b96174ebb94ae74b86ffde01d8594108ad101e5fd0d8ca7fc9a49750
DS1,baseline_single_llm_agent,20,410,1,1,1,0,0,0.0,0.0,0.7058823529411765,0.9634146341463414,raw_traces/DS1/baseline_single_llm_agent/seed_20.json.gz,f7ca1fa3b96174ebb94ae74b86ffde01d8594108ad101e5fd0d8ca7fc9a49750
DS1,baseline_adaptive_conformal,23,410,0,1,0,0,4,19.138755980861244,0.0,0.35294117647058826,0.9097560975609756,raw_traces/DS1/baseline_adaptive_conformal/seed_23.json.gz,76cf060088798b9aa73a85c1f03d012af1c3aa03a3999bc34540993c525bc7c1
DS1,baseline_classical_fdi,23,410,1,1,1,0,0,0.0,0.0,0.6274509803921569,0.9536585365853658,raw_traces/DS1/baseline_classical_fdi/seed_23.json.gz,a2d6da795517771f477727f5df3f5411d033f2d8835f61d51ee1e8b899e9f47d
DS1,baseline_deterministic_requirements_checker,23,410,1,1,1,0,0,0.0,0.0,0.6274509803921569,0.9536585365853658,raw_traces/DS1/baseline_deterministic_requirements_checker/seed_23.json.gz,a0a3a4f941bc93b2979f73af27f5ef2d997012a33df0168fb9036637bec598eb
DS1,baseline_homogeneous_multi_agent,23,410,1,1,1,0,0,0.0,0.0,0.6470588235294118,0.9560975609756097,raw_traces/DS1/baseline_homogeneous_multi_agent/seed_23.json.gz,88dab37afa6f1819b2ae6471eec80d43db1e33d3c8060a1ed8b4e7a0829c2fe3
DS1,baseline_math_sentry_only,23,410,1,1,1,0,0,0.0,0.0,0.6470588235294118,0.9560975609756097,raw_traces/DS1/baseline_math_sentry_only/seed_23.json.gz,88dab37afa6f1819b2ae6471eec80d43db1e33d3c8060a1ed8b4e7a0829c2fe3
DS1,baseline_single_llm_agent,23,410,1,1,1,0,0,0.0,0.0,0.6470588235294118,0.9560975609756097,raw_traces/DS1/baseline_single_llm_agent/seed_23.json.gz,88dab37afa6f1819b2ae6471eec80d43db1e33d3c8060a1ed8b4e7a0829c2fe3
DS1,baseline_adaptive_conformal,24,410,0,1,0,0,5,23.923444976076556,0.0,0.35294117647058826,0.9073170731707317,raw_traces/DS1/baseline_adaptive_conformal/seed_24.json.gz,3e14f66b66fdba1df92ea509d5c0f0ee8d7d434c21bd3256162caaa5904a1cba
DS1,baseline_classical_fdi,24,410,1,1,1,0,0,0.0,0.0,0.7450980392156863,0.9682926829268292,raw_traces/DS1/baseline_classical_fdi/seed_24.json.gz,1cabf7bdf64d8a0345614b1106be31b537f0b262f2baca6e8e6015bd21ceaad3
DS1,baseline_deterministic_requirements_checker,24,410,1,1,1,0,0,0.0,0.0,0.6470588235294118,0.9560975609756097,raw_traces/DS1/baseline_deterministic_requirements_checker/seed_24.json.gz,128879e9c3dab7f2c3db4a789893cbe66bea3dca8dd08f66484e4c10fe4eced2
DS1,baseline_homogeneous_multi_agent,24,410,0,1,0,0,1,4.784688995215311,0.0,0.7843137254901961,0.9707317073170731,raw_traces/DS1/baseline_homogeneous_multi_agent/seed_24.json.gz,8154dad26b5ca1c8486a5dbbfa21e26d605c42b19073c132e5ac7ad7ee598305
DS1,baseline_math_sentry_only,24,410,0,1,0,0,1,4.784688995215311,0.0,0.7843137254901961,0.9707317073170731,raw_traces/DS1/baseline_math_sentry_only/seed_24.json.gz,8154dad26b5ca1c8486a5dbbfa21e26d605c42b19073c132e5ac7ad7ee598305
DS1,baseline_single_llm_agent,24,410,0,1,0,0,1,4.784688995215311,0.0,0.7843137254901961,0.9707317073170731,raw_traces/DS1/baseline_single_llm_agent/seed_24.json.gz,8154dad26b5ca1c8486a5dbbfa21e26d605c42b19073c132e5ac7ad7ee598305
DS1,baseline_adaptive_conformal,25,410,0,1,0,0,4,19.138755980861244,0.0,0.37254901960784315,0.9121951219512195,raw_traces/DS1/baseline_adaptive_conformal/seed_25.json.gz,ece8a823f6101d6f9c387687d3475b679c667269c55db09ce39a34baa2e8874c
DS1,baseline_classical_fdi,25,410,1,1,1,0,0,0.0,0.0,0.7450980392156863,0.9682926829268292,raw_traces/DS1/baseline_classical_fdi/seed_25.json.gz,10640c6698eee446eaa6bb85211716fa548db9fdf15f408785b4d30e875c1789
DS1,baseline_deterministic_requirements_checker,25,410,1,1,1,0,0,0.0,0.0,0.5490196078431373,0.9439024390243902,raw_traces/DS1/baseline_deterministic_requirements_checker/seed_25.json.gz,bc0b4ee7a227c082e2eed2e477b784ef53649a9aff2e19142f536ce8b5e2bb6c
DS1,baseline_homogeneous_multi_agent,25,410,0,1,0,0,1,4.784688995215311,0.0,0.7254901960784313,0.9634146341463414,raw_traces/DS1/baseline_homogeneous_multi_agent/seed_25.json.gz,325e3edc5d0227516a198f3fc0efea64fc7e3ffbfba38f195fc05c2cd8f166bb
DS1,baseline_math_sentry_only,25,410,0,1,0,0,1,4.784688995215311,0.0,0.7450980392156863,0.9658536585365853,raw_traces/DS1/baseline_math_sentry_only/seed_25.json.gz,0f4691ea0feab36eb5e3eecbc5e823f789e45b6c1b1a8a5271fb65618fd0a6b7
DS1,baseline_single_llm_agent,25,410,0,1,0,0,1,4.784688995215311,0.0,0.7450980392156863,0.9658536585365853,raw_traces/DS1/baseline_single_llm_agent/seed_25.json.gz,0f4691ea0feab36eb5e3eecbc5e823f789e45b6c1b1a8a5271fb65618fd0a6b7
DS1,baseline_adaptive_conformal,26,410,0,1,0,0,2,9.569377990430622,0.0,0.35294117647058826,0.9146341463414634,raw_traces/DS1/baseline_adaptive_conformal/seed_26.json.gz,159efe91a142905ee5598cb701e0a433d78fb6e71275bd4754b34171429c959b
DS1,baseline_classical_fdi,26,410,1,1,1,0,0,0.0,0.0,0.5686274509803921,0.9463414634146341,raw_traces/DS1/baseline_classical_fdi/seed_26.json.gz,2701e0d104f22954063b162d3dca5da5f5c4f9a0aa6c786718e79bf1837af4c8
DS1,baseline_deterministic_requirements_checker,26,410,1,1,1,0,0,0.0,0.0,0.5294117647058824,0.9414634146341463,raw_traces/DS1/baseline_deterministic_requirements_checker/seed_26.json.gz,e6e35281636b6bf97da28de4c9bb10ff191755f9f467c05cc94f572eacd46e1a
DS1,baseline_homogeneous_multi_agent,26,410,1,1,1,0,0,0.0,0.0,0.5294117647058824,0.9414634146341463,raw_traces/DS1/baseline_homogeneous_multi_agent/seed_26.json.gz,e6e35281636b6bf97da28de4c9bb10ff191755f9f467c05cc94f572eacd46e1a
DS1,baseline_math_sentry_only,26,410,1,1,1,0,0,0.0,0.0,0.5294117647058824,0.9414634146341463,raw_traces/DS1/baseline_math_sentry_only/seed_26.json.gz,e6e35281636b6bf97da28de4c9bb10ff191755f9f467c05cc94f572eacd46e1a
DS1,baseline_single_llm_agent,26,410,1,1,1,0,0,0.0,0.0,0.5294117647058824,0.9414634146341463,raw_traces/DS1/baseline_single_llm_agent/seed_26.json.gz,e6e35281636b6bf97da28de4c9bb10ff191755f9f467c05cc94f572eacd46e1a
DS1,baseline_adaptive_conformal,2,410,0,1,0,0,3,14.354066985645932,0.0,0.35294117647058826,0.9121951219512195,raw_traces/DS1/baseline_adaptive_conformal/seed_2.json.gz,ce2b081186cf69ca0b99a242d444933f2cc9f8306d3fbded18996d514f0bc2b1
DS1,baseline_classical_fdi,2,410,1,1,1,0,0,0.0,0.0,0.5294117647058824,0.9414634146341463,raw_traces/DS1/baseline_classical_fdi/seed_2.json.gz,3474abf488be73e027c2a66517bc159634af99f0e0a280cf0efaeb90bea07e9e
DS1,baseline_deterministic_requirements_checker,2,410,1,1,1,0,0,0.0,0.0,0.45098039215686275,0.9317073170731708,raw_traces/DS1/baseline_deterministic_requirements_checker/seed_2.json.gz,6c2a9973ccb6cb8e51b2e338d1812e0ff08a0ffd459d63f55f347f8f4bb9c13d
DS1,baseline_homogeneous_multi_agent,2,410,0,1,0,0,1,0.0,0.006666666666666667,0.5294117647058824,0.9390243902439024,raw_traces/DS1/baseline_homogeneous_multi_agent/seed_2.json.gz,6cc02c3da03276bc0e2df1478bb4d00d5a449b276e25f3009b6a7808d1f5921d
DS1,baseline_math_sentry_only,2,410,0,1,0,0,1,0.0,0.006666666666666667,0.5294117647058824,0.9390243902439024,raw_traces/DS1/baseline_math_sentry_only/seed_2.json.gz,6cc02c3da03276bc0e2df1478bb4d00d5a449b276e25f3009b6a7808d1f5921d
DS1,baseline_single_llm_agent,2,410,0,1,0,0,1,0.0,0.006666666666666667,0.5294117647058824,0.9390243902439024,raw_traces/DS1/baseline_single_llm_agent/seed_2.json.gz,6cc02c3da03276bc0e2df1478bb4d00d5a449b276e25f3009b6a7808d1f5921d
DS1,baseline_adaptive_conformal,3,410,0,1,0,0,5,23.923444976076556,0.0,0.37254901960784315,0.9097560975609756,raw_traces/DS1/baseline_adaptive_conformal/seed_3.json.gz,9892d7a068f5ad1be04817225946cb309a65df4472454a2714f6c141cb2db9ef
DS1,baseline_classical_fdi,3,410,1,1,1,0,0,0.0,0.0,0.7647058823529411,0.9707317073170731,raw_traces/DS1/baseline_classical_fdi/seed_3.json.gz,d9d34a44ad1b6dd3abfa6ebf63105ac7ba5360214bd086c9ceac96c188c08460
DS1,baseline_deterministic_requirements_checker,3,410,1,1,1,0,0,0.0,0.0,0.7647058823529411,0.9707317073170731,raw_traces/DS1/baseline_deterministic_requirements_checker/seed_3.json.gz,4d8c17c0006669aa0a8b03d9e183d0d32f8159cd0ce4bf810c0b6223c7dc674b
DS1,baseline_homogeneous_multi_agent,3,410,0,1,0,0,2,0.0,0.013333333333333334,0.7843137254901961,0.9682926829268292,raw_traces/DS1/baseline_homogeneous_multi_agent/seed_3.json.gz,252da6530b54257fc03aeee2dc7ddbbd2d8c7cb03510bf8898086e68c803b4a3
DS1,baseline_math_sentry_only,3,410,0,1,0,0,2,0.0,0.013333333333333334,0.7843137254901961,0.9682926829268292,raw_traces/DS1/baseline_math_sentry_only/seed_3.json.gz,252da6530b54257fc03aeee2dc7ddbbd2d8c7cb03510bf8898086e68c803b4a3
DS1,baseline_single_llm_agent,3,410,0,1,0,0,2,0.0,0.013333333333333334,0.7843137254901961,0.9682926829268292,raw_traces/DS1/baseline_single_llm_agent/seed_3.json.gz,252da6530b54257fc03aeee2dc7ddbbd2d8c7cb03510bf8898086e68c803b4a3
DS1,baseline_adaptive_conformal,4,410,0,1,0,0,5,23.923444976076556,0.0,0.37254901960784315,0.9097560975609756,raw_traces/DS1/baseline_adaptive_conformal/seed_4.json.gz,d4f77850e1334fc6b5de39f0996cd06a3a6a1512c60bddf152bc6ad55e92ab58
DS1,baseline_classical_fdi,4,410,1,1,1,0,0,0.0,0.0,0.6666666666666666,0.9585365853658536,raw_traces/DS1/baseline_classical_fdi/seed_4.json.gz,0e1788aedb9662db91f09b5253618342fafa1a0d7cfbb49342d82985f5f8f708
DS1,baseline_deterministic_requirements_checker,4,410,1,1,1,0,0,0.0,0.0,0.7058823529411765,0.9634146341463414,raw_traces/DS1/baseline_deterministic_requirements_checker/seed_4.json.gz,585407451cd0529139e2bf2157e9195826490fb22efb1f4bb4dd2737018bd0cb
DS1,baseline_homogeneous_multi_agent,4,410,0,1,0,0,1,0.0,0.006666666666666667,0.7450980392156863,0.9658536585365853,raw_traces/DS1/baseline_homogeneous_multi_agent/seed_4.json.gz,4bc344e5101335f5e4c98319aa3646f83e628fce842067dd656e375de13baa48
DS1,baseline_math_sentry_only,4,410,0,1,0,0,1,0.0,0.006666666666666667,0.7450980392156863,0.9658536585365853,raw_traces/DS1/baseline_math_sentry_only/seed_4.json.gz,4bc344e5101335f5e4c98319aa3646f83e628fce842067dd656e375de13baa48
DS1,baseline_single_llm_agent,4,410,0,1,0,0,1,0.0,0.006666666666666667,0.7254901960784313,0.9634146341463414,raw_traces/DS1/baseline_single_llm_agent/seed_4.json.gz,b6525df2ac79e7f07ab0976bb3208453c80baee08f4192ebe6aac8d67fe4b5fa
DS1,baseline_adaptive_conformal,5,410,0,1,0,0,4,19.138755980861244,0.0,0.35294117647058826,0.9097560975609756,raw_traces/DS1/baseline_adaptive_conformal/seed_5.json.gz,497febbfb2611a94cfbf8697fd47f01bb58b1540abd3ac1e51ef47dee8f69721
DS1,baseline_classical_fdi,5,410,0,1,0,0,1,0.0,0.006666666666666667,0.7058823529411765,0.9609756097560975,raw_traces/DS1/baseline_classical_fdi/seed_5.json.gz,0d5ca14f1f38ce6f90ebe4b2b709550674056227761930a9e4a8d8a67dd1b074
DS1,baseline_deterministic_requirements_checker,5,410,0,1,0,0,1,0.0,0.006666666666666667,0.6862745098039216,0.9585365853658536,raw_traces/DS1/baseline_deterministic_requirements_checker/seed_5.json.gz,d46ef408ca4dd30d2342c2226647c1376bf9239fc2e55b24a9da1acc07b59f1c
DS1,baseline_homogeneous_multi_agent,5,410,0,1,0,0,3,0.0,0.02,0.7450980392156863,0.9609756097560975,raw_traces/DS1/baseline_homogeneous_multi_agent/seed_5.json.gz,53cd6b6e9954f52b679b1f22963fa7c9697bf23ff393c44694d2bd0d26890969
DS1,baseline_math_sentry_only,5,410,0,1,0,0,3,0.0,0.02,0.7450980392156863,0.9609756097560975,raw_traces/DS1/baseline_math_sentry_only/seed_5.json.gz,53cd6b6e9954f52b679b1f22963fa7c9697bf23ff393c44694d2bd0d26890969
DS1,baseline_single_llm_agent,5,410,0,1,0,0,3,0.0,0.02,0.7450980392156863,0.9609756097560975,raw_traces/DS1/baseline_single_llm_agent/seed_5.json.gz,53cd6b6e9954f52b679b1f22963fa7c9697bf23ff393c44694d2bd0d26890969
DS1,baseline_adaptive_conformal,6,410,0,1,0,0,5,23.923444976076556,0.0,0.3333333333333333,0.9048780487804878,raw_traces/DS1/baseline_adaptive_conformal/seed_6.json.gz,60e6ef4aea8380e0b3dc26243c4f867a722c7746a5ba8358c6f88ab4adedf192
DS1,baseline_classical_fdi,6,410,1,1,1,0,0,0.0,0.0,0.6666666666666666,0.9585365853658536,raw_traces/DS1/baseline_classical_fdi/seed_6.json.gz,76579d0643d264130d566f3c8dc2ba7f2c795d56600c8d3378befff7a25cae44
DS1,baseline_deterministic_requirements_checker,6,410,1,1,1,0,0,0.0,0.0,0.6274509803921569,0.9536585365853658,raw_traces/DS1/baseline_deterministic_requirements_checker/seed_6.json.gz,be3f65973d010b61410e345881dcdb3d5057ae67aa2349796ed559640ce6f360
DS1,baseline_homogeneous_multi_agent,6,410,1,1,1,0,0,0.0,0.0,0.6666666666666666,0.9585365853658536,raw_traces/DS1/baseline_homogeneous_multi_agent/seed_6.json.gz,c3130b842b23b1b800e8e7719e08c97b402094aa01f82576973fc9181e8c9aea
DS1,baseline_math_sentry_only,6,410,1,1,1,0,0,0.0,0.0,0.6666666666666666,0.9585365853658536,raw_traces/DS1/baseline_math_sentry_only/seed_6.json.gz,c3130b842b23b1b800e8e7719e08c97b402094aa01f82576973fc9181e8c9aea
DS1,baseline_single_llm_agent,6,410,1,1,1,0,0,0.0,0.0,0.6666666666666666,0.9585365853658536,raw_traces/DS1/baseline_single_llm_agent/seed_6.json.gz,c3130b842b23b1b800e8e7719e08c97b402094aa01f82576973fc9181e8c9aea
DS1,baseline_adaptive_conformal,7,410,0,1,0,0,4,19.138755980861244,0.0,0.37254901960784315,0.9121951219512195,raw_traces/DS1/baseline_adaptive_conformal/seed_7.json.gz,706fcb55d2b0513bcca07d250dbb88a7a3822f6468a58836750fcd586e54d115
DS1,baseline_classical_fdi,7,410,1,1,1,0,0,0.0,0.0,0.7058823529411765,0.9634146341463414,raw_traces/DS1/baseline_classical_fdi/seed_7.json.gz,53f96501e61ba1858ad543800dda8fd7b733b1987e26c76814c26332d43828ca
DS1,baseline_deterministic_requirements_checker,7,410,1,1,1,0,0,0.0,0.0,0.7058823529411765,0.9634146341463414,raw_traces/DS1/baseline_deterministic_requirements_checker/seed_7.json.gz,3c4b6796de97239042c62703a2a7fc70c652d084863fb7fc626a36a5bff6a5cb
DS1,baseline_homogeneous_multi_agent,7,410,1,1,1,0,0,0.0,0.0,0.7450980392156863,0.9682926829268292,raw_traces/DS1/baseline_homogeneous_multi_agent/seed_7.json.gz,fd704e2b7fc784403ef6ccd77be60b86835545a67b97d4520c455f0b6b6155d3
DS1,baseline_math_sentry_only,7,410,1,1,1,0,0,0.0,0.0,0.7450980392156863,0.9682926829268292,raw_traces/DS1/baseline_math_sentry_only/seed_7.json.gz,fd704e2b7fc784403ef6ccd77be60b86835545a67b97d4520c455f0b6b6155d3
DS1,baseline_single_llm_agent,7,410,1,1,1,0,0,0.0,0.0,0.7450980392156863,0.9682926829268292,raw_traces/DS1/baseline_single_llm_agent/seed_7.json.gz,fd704e2b7fc784403ef6ccd77be60b86835545a67b97d4520c455f0b6b6155d3
DS1,baseline_adaptive_conformal,8,410,0,1,0,0,4,19.138755980861244,0.0,0.3333333333333333,0.9073170731707317,raw_traces/DS1/baseline_adaptive_conformal/seed_8.json.gz,3c679c5122c4cbb1e2eef5034746cbe0867ae4aa438469f17055111447596904
DS1,baseline_classical_fdi,8,410,1,1,1,0,0,0.0,0.0,0.7843137254901961,0.973170731707317,raw_traces/DS1/baseline_classical_fdi/seed_8.json.gz,48b2af2265717a01cc4e2df8472d4ae9882975c9c7ee55badbca50f9e1aeed71
DS1,baseline_deterministic_requirements_checker,8,410,1,1,1,0,0,0.0,0.0,0.6862745098039216,0.9609756097560975,raw_traces/DS1/baseline_deterministic_requirements_checker/seed_8.json.gz,49ae07987f1a7e0f23dc9eb64c694f7e3e273271b1b84a7f3a2e6854d00723ed
DS1,baseline_homogeneous_multi_agent,8,410,0,1,0,0,6,9.569377990430622,0.02666666666666667,0.7843137254901961,0.9585365853658536,raw_traces/DS1/baseline_homogeneous_multi_agent/seed_8.json.gz,1aa709db3058fde2baf4de3cde39d1ebc78ca7ed6f0668d4b6efecc7a3ed34a6
DS1,baseline_math_sentry_only,8,410,0,1,0,0,6,9.569377990430622,0.02666666666666667,0.7843137254901961,0.9585365853658536,raw_traces/DS1/baseline_math_sentry_only/seed_8.json.gz,1aa709db3058fde2baf4de3cde39d1ebc78ca7ed6f0668d4b6efecc7a3ed34a6
DS1,baseline_single_llm_agent,8,410,0,1,0,0,6,9.569377990430622,0.02666666666666667,0.7843137254901961,0.9585365853658536,raw_traces/DS1/baseline_single_llm_agent/seed_8.json.gz,1aa709db3058fde2baf4de3cde39d1ebc78ca7ed6f0668d4b6efecc7a3ed34a6
DS1,baseline_adaptive_conformal,9,410,0,1,0,0,5,23.923444976076556,0.0,0.3333333333333333,0.9048780487804878,raw_traces/DS1/baseline_adaptive_conformal/seed_9.json.gz,71f5ce10b000394dc0be1f59f64e5fc75aa56a1b767fe4a1072fc0858d1160f3
DS1,baseline_classical_fdi,9,410,0,1,0,0,1,0.0,0.006666666666666667,0.7843137254901961,0.9707317073170731,raw_traces/DS1/baseline_classical_fdi/seed_9.json.gz,eb2a8d3dc8daeafc0002a9b0db1165b28c70d03d24dfc917bfb59c5c8417bcab
DS1,baseline_deterministic_requirements_checker,9,410,1,1,1,0,0,0.0,0.0,0.6470588235294118,0.9560975609756097,raw_traces/DS1/baseline_deterministic_requirements_checker/seed_9.json.gz,abf513b279bcd6fb954de3ee285342fa622e3d88a6bb0078830d03a8d132fdd0
DS1,baseline_homogeneous_multi_agent,9,410,0,1,0,0,6,9.569377990430622,0.02666666666666667,0.7843137254901961,0.9585365853658536,raw_traces/DS1/baseline_homogeneous_multi_agent/seed_9.json.gz,54e8bcdbaa2122127d82792417d0e00bbc21368bbf273614226d2a1e0c46be7c
DS1,baseline_math_sentry_only,9,410,0,1,0,0,6,9.569377990430622,0.02666666666666667,0.7843137254901961,0.9585365853658536,raw_traces/DS1/baseline_math_sentry_only/seed_9.json.gz,54e8bcdbaa2122127d82792417d0e00bbc21368bbf273614226d2a1e0c46be7c
DS1,baseline_single_llm_agent,9,410,0,1,0,0,6,9.569377990430622,0.02666666666666667,0.7843137254901961,0.9585365853658536,raw_traces/DS1/baseline_single_llm_agent/seed_9.json.gz,54e8bcdbaa2122127d82792417d0e00bbc21368bbf273614226d2a1e0c46be7c
